trial_id,route,fold,seed,case_id,active,perturbation,axis,relative_l2_vs_FEM,correct_relative_l2_vs_FEM,paired_error_change,prediction_shift_relative_l2,hard_BC_max_abs,correct_reconstruction_max_abs,applicable
R4_LHS_03,R4,0,20260813,BASE_C1_0T,False,P0_CORRECT,X,0.0,0.0,0.0,0.0,0.0,1.9371509552001953e-07,True
R4_LHS_03,R4,0,20260813,BASE_C1_0T,False,P0_CORRECT,Y,0.0,0.0,0.0,0.0,0.0,1.9371509552001953e-07,True
R4_LHS_03,R4,0,20260813,BASE_C1_0T,False,P0_CORRECT,Z,0.0,0.0,0.0,0.0,0.0,1.9371509552001953e-07,True
R4_LHS_03,R4,0,20260813,V40_A_E3_C6_1T,True,P0_CORRECT,X,0.04832841471107887,0.04832841471107887,0.0,0.0,0.0,1.9371509552001953e-07,True
R4_LHS_03,R4,0,20260813,V40_A_E3_C6_1T,True,P0_CORRECT,Y,0.04705275215534773,0.04705275215534773,0.0,0.0,0.0,1.9371509552001953e-07,True
R4_LHS_03,R4,0,20260813,V40_A_E3_C6_1T,True,P0_CORRECT,Z,0.023430570169233698,0.023430570169233698,0.0,0.0,0.0,1.9371509552001953e-07,True
R4_LHS_03,R4,0,20260813,V40_A_E8_C12_2T,True,P0_CORRECT,X,0.09532466487749927,0.09532466487749927,0.0,0.0,0.0,1.9371509552001953e-07,True
R4_LHS_03,R4,0,20260813,V40_A_E8_C12_2T,True,P0_CORRECT,Y,0.037100312585848144,0.037100312585848144,0.0,0.0,0.0,1.9371509552001953e-07,True
R4_LHS_03,R4,0,20260813,V40_A_E8_C12_2T,True,P0_CORRECT,Z,0.037763218395388445,0.037763218395388445,0.0,0.0,0.0,1.9371509552001953e-07,True
R4_LHS_03,R4,0,20260813,V40_B_E7_C11_2T,True,P0_CORRECT,X,0.11042229875103536,0.11042229875103536,0.0,0.0,0.0,1.9371509552001953e-07,True
R4_LHS_03,R4,0,20260813,V40_B_E7_C11_2T,True,P0_CORRECT,Y,0.0367750574958877,0.0367750574958877,0.0,0.0,0.0,1.9371509552001953e-07,True
R4_LHS_03,R4,0,20260813,V40_B_E7_C11_2T,True,P0_CORRECT,Z,0.03688683440342739,0.03688683440342739,0.0,0.0,0.0,1.9371509552001953e-07,True
R4_LHS_03,R4,0,20260813,V40_CPLUS_E1_C4_2T,True,P0_CORRECT,X,0.08099681457756688,0.08099681457756688,0.0,0.0,0.0,1.9371509552001953e-07,True
R4_LHS_03,R4,0,20260813,V40_CPLUS_E1_C4_2T,True,P0_CORRECT,Y,0.03156919519724994,0.03156919519724994,0.0,0.0,0.0,1.9371509552001953e-07,True
R4_LHS_03,R4,0,20260813,V40_CPLUS_E1_C4_2T,True,P0_CORRECT,Z,0.03684012242501323,0.03684012242501323,0.0,0.0,0.0,1.9371509552001953e-07,True
R4_LHS_03,R4,0,20260813,V40_C_E4_C7_1T,True,P0_CORRECT,X,0.056940988010429856,0.056940988010429856,0.0,0.0,0.0,1.9371509552001953e-07,True
R4_LHS_03,R4,0,20260813,V40_C_E4_C7_1T,True,P0_CORRECT,Y,0.05148496838019637,0.05148496838019637,0.0,0.0,0.0,1.9371509552001953e-07,True
R4_LHS_03,R4,0,20260813,V40_C_E4_C7_1T,True,P0_CORRECT,Z,0.02955834927413417,0.02955834927413417,0.0,0.0,0.0,1.9371509552001953e-07,True
R4_LHS_03,R4,0,20260813,V40_C_E5_C9_1T,True,P0_CORRECT,X,0.053461400262650366,0.053461400262650366,0.0,0.0,0.0,1.9371509552001953e-07,True
R4_LHS_03,R4,0,20260813,V40_C_E5_C9_1T,True,P0_CORRECT,Y,0.05103009234313543,0.05103009234313543,0.0,0.0,0.0,1.9371509552001953e-07,True
R4_LHS_03,R4,0,20260813,V40_C_E5_C9_1T,True,P0_CORRECT,Z,0.030656746908925534,0.030656746908925534,0.0,0.0,0.0,1.9371509552001953e-07,True
R4_LHS_03,R4,0,20260813,V52_A_E4_C7_1T,True,P0_CORRECT,X,0.07173590838385228,0.07173590838385228,0.0,0.0,0.0,1.9371509552001953e-07,True
R4_LHS_03,R4,0,20260813,V52_A_E4_C7_1T,True,P0_CORRECT,Y,0.04713649918616638,0.04713649918616638,0.0,0.0,0.0,1.9371509552001953e-07,True
R4_LHS_03,R4,0,20260813,V52_A_E4_C7_1T,True,P0_CORRECT,Z,0.02273951263118639,0.02273951263118639,0.0,0.0,0.0,1.9371509552001953e-07,True
R4_LHS_03,R4,0,20260813,V52_A_E5_C9_1T,True,P0_CORRECT,X,0.065621690525352,0.065621690525352,0.0,0.0,0.0,1.9371509552001953e-07,True
R4_LHS_03,R4,0,20260813,V52_A_E5_C9_1T,True,P0_CORRECT,Y,0.047953539790782845,0.047953539790782845,0.0,0.0,0.0,1.9371509552001953e-07,True
R4_LHS_03,R4,0,20260813,V52_A_E5_C9_1T,True,P0_CORRECT,Z,0.02344358144267684,0.02344358144267684,0.0,0.0,0.0,1.9371509552001953e-07,True
R4_LHS_03,R4,0,20260813,V52_B_E3_C6_1T,True,P0_CORRECT,X,0.05177434641697855,0.05177434641697855,0.0,0.0,0.0,1.9371509552001953e-07,True
R4_LHS_03,R4,0,20260813,V52_B_E3_C6_1T,True,P0_CORRECT,Y,0.044922964351881686,0.044922964351881686,0.0,0.0,0.0,1.9371509552001953e-07,True
R4_LHS_03,R4,0,20260813,V52_B_E3_C6_1T,True,P0_CORRECT,Z,0.02527187719529624,0.02527187719529624,0.0,0.0,0.0,1.9371509552001953e-07,True
R4_LHS_03,R4,0,20260813,V52_B_E6_C10_1T,True,P0_CORRECT,X,0.046004501396099996,0.046004501396099996,0.0,0.0,0.0,1.9371509552001953e-07,True
R4_LHS_03,R4,0,20260813,V52_B_E6_C10_1T,True,P0_CORRECT,Y,0.04384524535403606,0.04384524535403606,0.0,0.0,0.0,1.9371509552001953e-07,True
R4_LHS_03,R4,0,20260813,V52_B_E6_C10_1T,True,P0_CORRECT,Z,0.02557899835142035,0.02557899835142035,0.0,0.0,0.0,1.9371509552001953e-07,True
R4_LHS_03,R4,0,20260813,V52_CPLUS_E2_C5_2T,True,P0_CORRECT,X,0.09482719482057318,0.09482719482057318,0.0,0.0,0.0,1.9371509552001953e-07,True
R4_LHS_03,R4,0,20260813,V52_CPLUS_E2_C5_2T,True,P0_CORRECT,Y,0.0327728752636576,0.0327728752636576,0.0,0.0,0.0,1.9371509552001953e-07,True
R4_LHS_03,R4,0,20260813,V52_CPLUS_E2_C5_2T,True,P0_CORRECT,Z,0.03789738274357013,0.03789738274357013,0.0,0.0,0.0,1.9371509552001953e-07,True
R4_LHS_03,R4,0,20260813,V52_CPLUS_E8_C12_2T,True,P0_CORRECT,X,0.08541271380786143,0.08541271380786143,0.0,0.0,0.0,1.9371509552001953e-07,True
R4_LHS_03,R4,0,20260813,V52_CPLUS_E8_C12_2T,True,P0_CORRECT,Y,0.031888059178418866,0.031888059178418866,0.0,0.0,0.0,1.9371509552001953e-07,True
R4_LHS_03,R4,0,20260813,V52_CPLUS_E8_C12_2T,True,P0_CORRECT,Z,0.0370989355730361,0.0370989355730361,0.0,0.0,0.0,1.9371509552001953e-07,True
R4_LHS_03,R4,0,20260813,V52_C_E2_C5_2T,True,P0_CORRECT,X,0.10407789019287249,0.10407789019287249,0.0,0.0,0.0,1.9371509552001953e-07,True
R4_LHS_03,R4,0,20260813,V52_C_E2_C5_2T,True,P0_CORRECT,Y,0.035139785771032675,0.035139785771032675,0.0,0.0,0.0,1.9371509552001953e-07,True
R4_LHS_03,R4,0,20260813,V52_C_E2_C5_2T,True,P0_CORRECT,Z,0.037058164897032606,0.037058164897032606,0.0,0.0,0.0,1.9371509552001953e-07,True
R4_LHS_03,R4,0,20260813,BASE_C1_0T,False,P1_CONSISTENT_NODE_RELABEL,X,0.0,0.0,0.0,0.0,0.0,1.9371509552001953e-07,True
R4_LHS_03,R4,0,20260813,BASE_C1_0T,False,P1_CONSISTENT_NODE_RELABEL,Y,0.0,0.0,0.0,0.0,0.0,1.9371509552001953e-07,True
R4_LHS_03,R4,0,20260813,BASE_C1_0T,False,P1_CONSISTENT_NODE_RELABEL,Z,0.0,0.0,0.0,0.0,0.0,1.9371509552001953e-07,True
R4_LHS_03,R4,0,20260813,V40_A_E3_C6_1T,True,P1_CONSISTENT_NODE_RELABEL,X,0.0483284156828343,0.04832841471107887,9.71755433065713e-10,3.372770152054727e-07,0.0,1.9371509552001953e-07,True
R4_LHS_03,R4,0,20260813,V40_A_E3_C6_1T,True,P1_CONSISTENT_NODE_RELABEL,Y,0.04705276304971203,0.04705275215534773,1.0894364299574022e-08,4.820337835553801e-07,0.0,1.9371509552001953e-07,True
R4_LHS_03,R4,0,20260813,V40_A_E3_C6_1T,True,P1_CONSISTENT_NODE_RELABEL,Z,0.02343058158610417,0.023430570169233698,1.141687047331863e-08,4.107935183128575e-07,0.0,1.9371509552001953e-07,True
R4_LHS_03,R4,0,20260813,V40_A_E8_C12_2T,True,P1_CONSISTENT_NODE_RELABEL,X,0.09532465968814159,0.09532466487749927,-5.1893576796802066e-09,4.69049524554066e-07,0.0,1.9371509552001953e-07,True
R4_LHS_03,R4,0,20260813,V40_A_E8_C12_2T,True,P1_CONSISTENT_NODE_RELABEL,Y,0.037100312987915274,0.037100312585848144,4.0206712959012236e-10,5.648538490277133e-07,0.0,1.9371509552001953e-07,True
R4_LHS_03,R4,0,20260813,V40_A_E8_C12_2T,True,P1_CONSISTENT_NODE_RELABEL,Z,0.037763230768772915,0.037763218395388445,1.2373384469799298e-08,7.361369966929487e-07,0.0,1.9371509552001953e-07,True
R4_LHS_03,R4,0,20260813,V40_B_E7_C11_2T,True,P1_CONSISTENT_NODE_RELABEL,X,0.11042229345895463,0.11042229875103536,-5.292080731966742e-09,5.112041208121809e-07,0.0,1.9371509552001953e-07,True
R4_LHS_03,R4,0,20260813,V40_B_E7_C11_2T,True,P1_CONSISTENT_NODE_RELABEL,Y,0.03677507358321558,0.0367750574958877,1.6087327879554802e-08,5.840505536980345e-07,0.0,1.9371509552001953e-07,True
R4_LHS_03,R4,0,20260813,V40_B_E7_C11_2T,True,P1_CONSISTENT_NODE_RELABEL,Z,0.03688681426332664,0.03688683440342739,-2.0140100746857126e-08,7.953902354529419e-07,0.0,1.9371509552001953e-07,True
R4_LHS_03,R4,0,20260813,V40_CPLUS_E1_C4_2T,True,P1_CONSISTENT_NODE_RELABEL,X,0.08099682535587857,0.08099681457756688,1.0778311687609232e-08,3.547629319200496e-07,0.0,1.9371509552001953e-07,True
R4_LHS_03,R4,0,20260813,V40_CPLUS_E1_C4_2T,True,P1_CONSISTENT_NODE_RELABEL,Y,0.03156919566868912,0.03156919519724994,4.714391793614325e-10,2.647939254529774e-07,0.0,1.9371509552001953e-07,True
R4_LHS_03,R4,0,20260813,V40_CPLUS_E1_C4_2T,True,P1_CONSISTENT_NODE_RELABEL,Z,0.03684011860959794,0.03684012242501323,-3.815415289265545e-09,3.514514901326038e-07,0.0,1.9371509552001953e-07,True
R4_LHS_03,R4,0,20260813,V40_C_E4_C7_1T,True,P1_CONSISTENT_NODE_RELABEL,X,0.056940995560758524,0.056940988010429856,7.550328667838002e-09,2.8720450018226984e-07,0.0,1.9371509552001953e-07,True
R4_LHS_03,R4,0,20260813,V40_C_E4_C7_1T,True,P1_CONSISTENT_NODE_RELABEL,Y,0.05148497071367642,0.05148496838019637,2.333480048077874e-09,4.039789018861484e-07,0.0,1.9371509552001953e-07,True
R4_LHS_03,R4,0,20260813,V40_C_E4_C7_1T,True,P1_CONSISTENT_NODE_RELABEL,Z,0.029558351795310373,0.02955834927413417,2.5211762018362283e-09,3.860477590933442e-07,0.0,1.9371509552001953e-07,True
R4_LHS_03,R4,0,20260813,V40_C_E5_C9_1T,True,P1_CONSISTENT_NODE_RELABEL,X,0.05346138505339525,0.053461400262650366,-1.5209255119219556e-08,3.780942847697588e-07,0.0,1.9371509552001953e-07,True
R4_LHS_03,R4,0,20260813,V40_C_E5_C9_1T,True,P1_CONSISTENT_NODE_RELABEL,Y,0.05103008595921238,0.05103009234313543,-6.383923049912976e-09,5.840031462867046e-07,0.0,1.9371509552001953e-07,True
R4_LHS_03,R4,0,20260813,V40_C_E5_C9_1T,True,P1_CONSISTENT_NODE_RELABEL,Z,0.030656731070558368,0.030656746908925534,-1.5838367166398637e-08,5.810030643260689e-07,0.0,1.9371509552001953e-07,True
R4_LHS_03,R4,0,20260813,V52_A_E4_C7_1T,True,P1_CONSISTENT_NODE_RELABEL,X,0.07173590146866221,0.07173590838385228,-6.915190073342181e-09,3.262661607550399e-07,0.0,1.9371509552001953e-07,True
R4_LHS_03,R4,0,20260813,V52_A_E4_C7_1T,True,P1_CONSISTENT_NODE_RELABEL,Y,0.0471364935147311,0.04713649918616638,-5.671435279741566e-09,4.1163295350088447e-07,0.0,1.9371509552001953e-07,True
R4_LHS_03,R4,0,20260813,V52_A_E4_C7_1T,True,P1_CONSISTENT_NODE_RELABEL,Z,0.02273951272367696,0.02273951263118639,9.249056728832805e-11,3.557137233656249e-07,0.0,1.9371509552001953e-07,True
R4_LHS_03,R4,0,20260813,V52_A_E5_C9_1T,True,P1_CONSISTENT_NODE_RELABEL,X,0.065621680088825,0.065621690525352,-1.0436526989843209e-08,5.374899387788901e-07,0.0,1.9371509552001953e-07,True
R4_LHS_03,R4,0,20260813,V52_A_E5_C9_1T,True,P1_CONSISTENT_NODE_RELABEL,Y,0.047953497402718974,0.047953539790782845,-4.2388063871412474e-08,8.301297498292115e-07,0.0,1.9371509552001953e-07,True
R4_LHS_03,R4,0,20260813,V52_A_E5_C9_1T,True,P1_CONSISTENT_NODE_RELABEL,Z,0.023443552037657425,0.02344358144267684,-2.940501941592344e-08,6.790143629586964e-07,0.0,1.9371509552001953e-07,True
R4_LHS_03,R4,0,20260813,V52_B_E3_C6_1T,True,P1_CONSISTENT_NODE_RELABEL,X,0.05177435483938641,0.05177434641697855,8.422407861419234e-09,3.702724029608362e-07,0.0,1.9371509552001953e-07,True
R4_LHS_03,R4,0,20260813,V52_B_E3_C6_1T,True,P1_CONSISTENT_NODE_RELABEL,Y,0.04492297255750163,0.044922964351881686,8.205619940471198e-09,5.782252401331789e-07,0.0,1.9371509552001953e-07,True
R4_LHS_03,R4,0,20260813,V52_B_E3_C6_1T,True,P1_CONSISTENT_NODE_RELABEL,Z,0.025271875345598004,0.02527187719529624,-1.8496982348570334e-09,5.083100518277206e-07,0.0,1.9371509552001953e-07,True
R4_LHS_03,R4,0,20260813,V52_B_E6_C10_1T,True,P1_CONSISTENT_NODE_RELABEL,X,0.046004501613833536,0.046004501396099996,2.1773353953147279e-10,4.5861108333156153e-07,0.0,1.9371509552001953e-07,True
R4_LHS_03,R4,0,20260813,V52_B_E6_C10_1T,True,P1_CONSISTENT_NODE_RELABEL,Y,0.04384526422885805,0.04384524535403606,1.8874821990089163e-08,7.629964784428012e-07,0.0,1.9371509552001953e-07,True
R4_LHS_03,R4,0,20260813,V52_B_E6_C10_1T,True,P1_CONSISTENT_NODE_RELABEL,Z,0.02557901923860013,0.02557899835142035,2.0887179780909593e-08,6.565346097886504e-07,0.0,1.9371509552001953e-07,True
R4_LHS_03,R4,0,20260813,V52_CPLUS_E2_C5_2T,True,P1_CONSISTENT_NODE_RELABEL,X,0.09482719179892464,0.09482719482057318,-3.02164854248943e-09,4.0089420849653834e-07,0.0,1.9371509552001953e-07,True
R4_LHS_03,R4,0,20260813,V52_CPLUS_E2_C5_2T,True,P1_CONSISTENT_NODE_RELABEL,Y,0.03277287093179107,0.0327728752636576,-4.331866532147899e-09,3.711034537445812e-07,0.0,1.9371509552001953e-07,True
R4_LHS_03,R4,0,20260813,V52_CPLUS_E2_C5_2T,True,P1_CONSISTENT_NODE_RELABEL,Z,0.0378973698213208,0.03789738274357013,-1.292224932614161e-08,4.97667485888087e-07,0.0,1.9371509552001953e-07,True
R4_LHS_03,R4,0,20260813,V52_CPLUS_E8_C12_2T,True,P1_CONSISTENT_NODE_RELABEL,X,0.08541271977670256,0.08541271380786143,5.968841129688762e-09,3.744467562682985e-07,0.0,1.9371509552001953e-07,True
R4_LHS_03,R4,0,20260813,V52_CPLUS_E8_C12_2T,True,P1_CONSISTENT_NODE_RELABEL,Y,0.0318880622146517,0.031888059178418866,3.0362328345967526e-09,3.582892134090798e-07,0.0,1.9371509552001953e-07,True
R4_LHS_03,R4,0,20260813,V52_CPLUS_E8_C12_2T,True,P1_CONSISTENT_NODE_RELABEL,Z,0.037098931012939707,0.0370989355730361,-4.56009639077104e-09,4.5523580638473504e-07,0.0,1.9371509552001953e-07,True
R4_LHS_03,R4,0,20260813,V52_C_E2_C5_2T,True,P1_CONSISTENT_NODE_RELABEL,X,0.104077861405043,0.10407789019287249,-2.878782948134706e-08,3.9711454746793606e-07,0.0,1.9371509552001953e-07,True
R4_LHS_03,R4,0,20260813,V52_C_E2_C5_2T,True,P1_CONSISTENT_NODE_RELABEL,Y,0.035139789100293875,0.035139785771032675,3.3292612000579425e-09,3.6190513696965354e-07,0.0,1.9371509552001953e-07,True
R4_LHS_03,R4,0,20260813,V52_C_E2_C5_2T,True,P1_CONSISTENT_NODE_RELABEL,Z,0.03705815844808761,0.037058164897032606,-6.4489449960736245e-09,5.377604566092486e-07,0.0,1.9371509552001953e-07,True
R4_LHS_03,R4,0,20260813,BASE_C1_0T,False,P2_EDGE_ATTRIBUTE_MISMATCH,X,0.0,0.0,0.0,0.0,0.0,1.9371509552001953e-07,True
R4_LHS_03,R4,0,20260813,BASE_C1_0T,False,P2_EDGE_ATTRIBUTE_MISMATCH,Y,0.0,0.0,0.0,0.0,0.0,1.9371509552001953e-07,True
R4_LHS_03,R4,0,20260813,BASE_C1_0T,False,P2_EDGE_ATTRIBUTE_MISMATCH,Z,0.0,0.0,0.0,0.0,0.0,1.9371509552001953e-07,True
R4_LHS_03,R4,0,20260813,V40_A_E3_C6_1T,True,P2_EDGE_ATTRIBUTE_MISMATCH,X,0.05634996125434349,0.04832841471107887,0.008021546543264618,0.019942617043852806,0.0,1.9371509552001953e-07,True
R4_LHS_03,R4,0,20260813,V40_A_E3_C6_1T,True,P2_EDGE_ATTRIBUTE_MISMATCH,Y,0.04918890740120093,0.04705275215534773,0.0021361552458531996,0.013271084055304527,0.0,1.9371509552001953e-07,True
R4_LHS_03,R4,0,20260813,V40_A_E3_C6_1T,True,P2_EDGE_ATTRIBUTE_MISMATCH,Z,0.023739410979952285,0.023430570169233698,0.0003088408107185872,0.005606046412140131,0.0,1.9371509552001953e-07,True
R4_LHS_03,R4,0,20260813,V40_A_E8_C12_2T,True,P2_EDGE_ATTRIBUTE_MISMATCH,X,0.10484929922022322,0.09532466487749927,0.00952463434272395,0.034156233072280884,0.0,1.9371509552001953e-07,True
R4_LHS_03,R4,0,20260813,V40_A_E8_C12_2T,True,P2_EDGE_ATTRIBUTE_MISMATCH,Y,0.04008160325607248,0.037100312585848144,0.002981290670224339,0.012587745673954487,0.0,1.9371509552001953e-07,True
R4_LHS_03,R4,0,20260813,V40_A_E8_C12_2T,True,P2_EDGE_ATTRIBUTE_MISMATCH,Z,0.0404719234855171,0.037763218395388445,0.0027087050901286533,0.011817202903330326,0.0,1.9371509552001953e-07,True
R4_LHS_03,R4,0,20260813,V40_B_E7_C11_2T,True,P2_EDGE_ATTRIBUTE_MISMATCH,X,0.1174917568046742,0.11042229875103536,0.007069458053638844,0.03447778895497322,0.0,1.9371509552001953e-07,True
R4_LHS_03,R4,0,20260813,V40_B_E7_C11_2T,True,P2_EDGE_ATTRIBUTE_MISMATCH,Y,0.03926519631248418,0.0367750574958877,0.002490138816596481,0.013144373893737793,0.0,1.9371509552001953e-07,True
R4_LHS_03,R4,0,20260813,V40_B_E7_C11_2T,True,P2_EDGE_ATTRIBUTE_MISMATCH,Z,0.038667531248672365,0.03688683440342739,0.0017806968452449765,0.012721327133476734,0.0,1.9371509552001953e-07,True
R4_LHS_03,R4,0,20260813,V40_CPLUS_E1_C4_2T,True,P2_EDGE_ATTRIBUTE_MISMATCH,X,0.08731776455793322,0.08099681457756688,0.006320949980366336,0.03651313856244087,0.0,1.9371509552001953e-07,True
R4_LHS_03,R4,0,20260813,V40_CPLUS_E1_C4_2T,True,P2_EDGE_ATTRIBUTE_MISMATCH,Y,0.03526957191388482,0.03156919519724994,0.0037003767166348817,0.014501499943435192,0.0,1.9371509552001953e-07,True
R4_LHS_03,R4,0,20260813,V40_CPLUS_E1_C4_2T,True,P2_EDGE_ATTRIBUTE_MISMATCH,Z,0.04040733008310729,0.03684012242501323,0.003567207658094061,0.015083844773471355,0.0,1.9371509552001953e-07,True
R4_LHS_03,R4,0,20260813,V40_C_E4_C7_1T,True,P2_EDGE_ATTRIBUTE_MISMATCH,X,0.06246744232284597,0.056940988010429856,0.005526454312416114,0.0180678591132164,0.0,1.9371509552001953e-07,True
R4_LHS_03,R4,0,20260813,V40_C_E4_C7_1T,True,P2_EDGE_ATTRIBUTE_MISMATCH,Y,0.05385132125205714,0.05148496838019637,0.0023663528718607663,0.0151570625603199,0.0,1.9371509552001953e-07,True
R4_LHS_03,R4,0,20260813,V40_C_E4_C7_1T,True,P2_EDGE_ATTRIBUTE_MISMATCH,Z,0.029814643274789387,0.02955834927413417,0.0002562940006552161,0.00789374765008688,0.0,1.9371509552001953e-07,True
R4_LHS_03,R4,0,20260813,V40_C_E5_C9_1T,True,P2_EDGE_ATTRIBUTE_MISMATCH,X,0.057483396288803806,0.053461400262650366,0.00402199602615344,0.01660735346376896,0.0,1.9371509552001953e-07,True
R4_LHS_03,R4,0,20260813,V40_C_E5_C9_1T,True,P2_EDGE_ATTRIBUTE_MISMATCH,Y,0.052437153135706176,0.05103009234313543,0.0014070607925707468,0.013900535181164742,0.0,1.9371509552001953e-07,True
R4_LHS_03,R4,0,20260813,V40_C_E5_C9_1T,True,P2_EDGE_ATTRIBUTE_MISMATCH,Z,0.030506963834827434,0.030656746908925534,-0.00014978307409809974,0.007578671909868717,0.0,1.9371509552001953e-07,True
R4_LHS_03,R4,0,20260813,V52_A_E4_C7_1T,True,P2_EDGE_ATTRIBUTE_MISMATCH,X,0.07830650580660578,0.07173590838385228,0.006570597422753496,0.020527074113488197,0.0,1.9371509552001953e-07,True
R4_LHS_03,R4,0,20260813,V52_A_E4_C7_1T,True,P2_EDGE_ATTRIBUTE_MISMATCH,Y,0.048312181262921465,0.04713649918616638,0.0011756820767550857,0.012889361009001732,0.0,1.9371509552001953e-07,True
R4_LHS_03,R4,0,20260813,V52_A_E4_C7_1T,True,P2_EDGE_ATTRIBUTE_MISMATCH,Z,0.023094236271332023,0.02273951263118639,0.0003547236401456322,0.005279879085719585,0.0,1.9371509552001953e-07,True
R4_LHS_03,R4,0,20260813,V52_A_E5_C9_1T,True,P2_EDGE_ATTRIBUTE_MISMATCH,X,0.07064446092237318,0.065621690525352,0.0050227703970211895,0.017854133620858192,0.0,1.9371509552001953e-07,True
R4_LHS_03,R4,0,20260813,V52_A_E5_C9_1T,True,P2_EDGE_ATTRIBUTE_MISMATCH,Y,0.04862702262060292,0.047953539790782845,0.0006734828298200768,0.01107553020119667,0.0,1.9371509552001953e-07,True
R4_LHS_03,R4,0,20260813,V52_A_E5_C9_1T,True,P2_EDGE_ATTRIBUTE_MISMATCH,Z,0.02376131550627909,0.02344358144267684,0.00031773406360224854,0.00467060599476099,0.0,1.9371509552001953e-07,True
R4_LHS_03,R4,0,20260813,V52_B_E3_C6_1T,True,P2_EDGE_ATTRIBUTE_MISMATCH,X,0.05947752142176882,0.05177434641697855,0.007703175004790272,0.01865541748702526,0.0,1.9371509552001953e-07,True
R4_LHS_03,R4,0,20260813,V52_B_E3_C6_1T,True,P2_EDGE_ATTRIBUTE_MISMATCH,Y,0.0469089418988156,0.044922964351881686,0.0019859775469339147,0.013213173486292362,0.0,1.9371509552001953e-07,True
R4_LHS_03,R4,0,20260813,V52_B_E3_C6_1T,True,P2_EDGE_ATTRIBUTE_MISMATCH,Z,0.025809242087896984,0.02527187719529624,0.0005373648926007453,0.005919530056416988,0.0,1.9371509552001953e-07,True
R4_LHS_03,R4,0,20260813,V52_B_E6_C10_1T,True,P2_EDGE_ATTRIBUTE_MISMATCH,X,0.05188628760599808,0.046004501396099996,0.005881786209898085,0.016336001455783844,0.0,1.9371509552001953e-07,True
R4_LHS_03,R4,0,20260813,V52_B_E6_C10_1T,True,P2_EDGE_ATTRIBUTE_MISMATCH,Y,0.04510177470752684,0.04384524535403606,0.0012565293534907776,0.01140169519931078,0.0,1.9371509552001953e-07,True
R4_LHS_03,R4,0,20260813,V52_B_E6_C10_1T,True,P2_EDGE_ATTRIBUTE_MISMATCH,Z,0.0260418872518873,0.02557899835142035,0.0004628889004669491,0.005173070821911097,0.0,1.9371509552001953e-07,True
R4_LHS_03,R4,0,20260813,V52_CPLUS_E2_C5_2T,True,P2_EDGE_ATTRIBUTE_MISMATCH,X,0.09823482999327991,0.09482719482057318,0.00340763517270673,0.035312965512275696,0.0,1.9371509552001953e-07,True
R4_LHS_03,R4,0,20260813,V52_CPLUS_E2_C5_2T,True,P2_EDGE_ATTRIBUTE_MISMATCH,Y,0.035066645877389675,0.0327728752636576,0.0022937706137320726,0.014816653914749622,0.0,1.9371509552001953e-07,True
R4_LHS_03,R4,0,20260813,V52_CPLUS_E2_C5_2T,True,P2_EDGE_ATTRIBUTE_MISMATCH,Z,0.03961129355985957,0.03789738274357013,0.0017139108162894379,0.015040977858006954,0.0,1.9371509552001953e-07,True
R4_LHS_03,R4,0,20260813,V52_CPLUS_E8_C12_2T,True,P2_EDGE_ATTRIBUTE_MISMATCH,X,0.09027831260795162,0.08541271380786143,0.004865598800090187,0.03228113427758217,0.0,1.9371509552001953e-07,True
R4_LHS_03,R4,0,20260813,V52_CPLUS_E8_C12_2T,True,P2_EDGE_ATTRIBUTE_MISMATCH,Y,0.034589237257902285,0.031888059178418866,0.0027011780794834184,0.013455758802592754,0.0,1.9371509552001953e-07,True
R4_LHS_03,R4,0,20260813,V52_CPLUS_E8_C12_2T,True,P2_EDGE_ATTRIBUTE_MISMATCH,Z,0.03916072362439041,0.0370989355730361,0.0020617880513543116,0.013571392744779587,0.0,1.9371509552001953e-07,True
R4_LHS_03,R4,0,20260813,V52_C_E2_C5_2T,True,P2_EDGE_ATTRIBUTE_MISMATCH,X,0.10635989613362186,0.10407789019287249,0.002282005940749371,0.0360262468457222,0.0,1.9371509552001953e-07,True
R4_LHS_03,R4,0,20260813,V52_C_E2_C5_2T,True,P2_EDGE_ATTRIBUTE_MISMATCH,Y,0.03755391401300062,0.035139785771032675,0.002414128241967947,0.015056876465678215,0.0,1.9371509552001953e-07,True
R4_LHS_03,R4,0,20260813,V52_C_E2_C5_2T,True,P2_EDGE_ATTRIBUTE_MISMATCH,Z,0.03816914133277337,0.037058164897032606,0.0011109764357407625,0.014437796548008919,0.0,1.9371509552001953e-07,True
R4_LHS_03,R4,0,20260813,BASE_C1_0T,False,P3_CONNECTIVITY_DESTINATION_SHIFT,X,0.0,0.0,0.0,0.0,0.0,1.9371509552001953e-07,True
R4_LHS_03,R4,0,20260813,BASE_C1_0T,False,P3_CONNECTIVITY_DESTINATION_SHIFT,Y,0.0,0.0,0.0,0.0,0.0,1.9371509552001953e-07,True
R4_LHS_03,R4,0,20260813,BASE_C1_0T,False,P3_CONNECTIVITY_DESTINATION_SHIFT,Z,0.0,0.0,0.0,0.0,0.0,1.9371509552001953e-07,True
R4_LHS_03,R4,0,20260813,V40_A_E3_C6_1T,True,P3_CONNECTIVITY_DESTINATION_SHIFT,X,0.06096816995422157,0.04832841471107887,0.012639755243142703,0.04161638766527176,0.0,1.9371509552001953e-07,True
R4_LHS_03,R4,0,20260813,V40_A_E3_C6_1T,True,P3_CONNECTIVITY_DESTINATION_SHIFT,Y,0.054888327625005756,0.04705275215534773,0.007835575469658025,0.024278391152620316,0.0,1.9371509552001953e-07,True
R4_LHS_03,R4,0,20260813,V40_A_E3_C6_1T,True,P3_CONNECTIVITY_DESTINATION_SHIFT,Z,0.026266652163795336,0.023430570169233698,0.0028360819945616386,0.01209951937198639,0.0,1.9371509552001953e-07,True
R4_LHS_03,R4,0,20260813,V40_A_E8_C12_2T,True,P3_CONNECTIVITY_DESTINATION_SHIFT,X,0.10565013499462095,0.09532466487749927,0.010325470117121677,0.06774525344371796,0.0,1.9371509552001953e-07,True
R4_LHS_03,R4,0,20260813,V40_A_E8_C12_2T,True,P3_CONNECTIVITY_DESTINATION_SHIFT,Y,0.043122452918433474,0.037100312585848144,0.0060221403325853295,0.026430469006299973,0.0,1.9371509552001953e-07,True
R4_LHS_03,R4,0,20260813,V40_A_E8_C12_2T,True,P3_CONNECTIVITY_DESTINATION_SHIFT,Z,0.047473420590675976,0.037763218395388445,0.00971020219528753,0.033696144819259644,0.0,1.9371509552001953e-07,True
R4_LHS_03,R4,0,20260813,V40_B_E7_C11_2T,True,P3_CONNECTIVITY_DESTINATION_SHIFT,X,0.1256502473197975,0.11042229875103536,0.015227948568762126,0.06922315061092377,0.0,1.9371509552001953e-07,True
R4_LHS_03,R4,0,20260813,V40_B_E7_C11_2T,True,P3_CONNECTIVITY_DESTINATION_SHIFT,Y,0.04299416393285693,0.0367750574958877,0.006219106436969234,0.02585654892027378,0.0,1.9371509552001953e-07,True
R4_LHS_03,R4,0,20260813,V40_B_E7_C11_2T,True,P3_CONNECTIVITY_DESTINATION_SHIFT,Z,0.04621046944927167,0.03688683440342739,0.009323635045844283,0.03273099288344383,0.0,1.9371509552001953e-07,True
R4_LHS_03,R4,0,20260813,V40_CPLUS_E1_C4_2T,True,P3_CONNECTIVITY_DESTINATION_SHIFT,X,0.10776645248654254,0.08099681457756688,0.026769637908975658,0.0732811987400055,0.0,1.9371509552001953e-07,True
R4_LHS_03,R4,0,20260813,V40_CPLUS_E1_C4_2T,True,P3_CONNECTIVITY_DESTINATION_SHIFT,Y,0.0403492028382458,0.03156919519724994,0.00878000764099586,0.026103204116225243,0.0,1.9371509552001953e-07,True
R4_LHS_03,R4,0,20260813,V40_CPLUS_E1_C4_2T,True,P3_CONNECTIVITY_DESTINATION_SHIFT,Z,0.04782162634178162,0.03684012242501323,0.010981503916768394,0.030476843938231468,0.0,1.9371509552001953e-07,True
R4_LHS_03,R4,0,20260813,V40_C_E4_C7_1T,True,P3_CONNECTIVITY_DESTINATION_SHIFT,X,0.06677284533853767,0.056940988010429856,0.009831857328107811,0.028697198256850243,0.0,1.9371509552001953e-07,True
R4_LHS_03,R4,0,20260813,V40_C_E4_C7_1T,True,P3_CONNECTIVITY_DESTINATION_SHIFT,Y,0.058327546353185634,0.05148496838019637,0.006842577972989261,0.022608766332268715,0.0,1.9371509552001953e-07,True
R4_LHS_03,R4,0,20260813,V40_C_E4_C7_1T,True,P3_CONNECTIVITY_DESTINATION_SHIFT,Z,0.031852647307355,0.02955834927413417,0.002294298033220829,0.012498928233981133,0.0,1.9371509552001953e-07,True
R4_LHS_03,R4,0,20260813,V40_C_E5_C9_1T,True,P3_CONNECTIVITY_DESTINATION_SHIFT,X,0.06213379642717082,0.053461400262650366,0.008672396164520452,0.02580886334180832,0.0,1.9371509552001953e-07,True
R4_LHS_03,R4,0,20260813,V40_C_E5_C9_1T,True,P3_CONNECTIVITY_DESTINATION_SHIFT,Y,0.05705070133364325,0.05103009234313543,0.006020608990507818,0.020215187221765518,0.0,1.9371509552001953e-07,True
R4_LHS_03,R4,0,20260813,V40_C_E5_C9_1T,True,P3_CONNECTIVITY_DESTINATION_SHIFT,Z,0.033146705891320814,0.030656746908925534,0.00248995898239528,0.011948934756219387,0.0,1.9371509552001953e-07,True
R4_LHS_03,R4,0,20260813,V52_A_E4_C7_1T,True,P3_CONNECTIVITY_DESTINATION_SHIFT,X,0.07748843094700375,0.07173590838385228,0.005752522563151466,0.04398244619369507,0.0,1.9371509552001953e-07,True
R4_LHS_03,R4,0,20260813,V52_A_E4_C7_1T,True,P3_CONNECTIVITY_DESTINATION_SHIFT,Y,0.05420309555513211,0.04713649918616638,0.007066596368965727,0.02375560626387596,0.0,1.9371509552001953e-07,True
R4_LHS_03,R4,0,20260813,V52_A_E4_C7_1T,True,P3_CONNECTIVITY_DESTINATION_SHIFT,Z,0.02484488062327555,0.02273951263118639,0.0021053679920891577,0.011298627592623234,0.0,1.9371509552001953e-07,True
R4_LHS_03,R4,0,20260813,V52_A_E5_C9_1T,True,P3_CONNECTIVITY_DESTINATION_SHIFT,X,0.07285055455072878,0.065621690525352,0.0072288640253767855,0.03793170303106308,0.0,1.9371509552001953e-07,True
R4_LHS_03,R4,0,20260813,V52_A_E5_C9_1T,True,P3_CONNECTIVITY_DESTINATION_SHIFT,Y,0.05352931887422421,0.047953539790782845,0.005575779083441368,0.020396076142787933,0.0,1.9371509552001953e-07,True
R4_LHS_03,R4,0,20260813,V52_A_E5_C9_1T,True,P3_CONNECTIVITY_DESTINATION_SHIFT,Z,0.02557187829771188,0.02344358144267684,0.0021282968550350376,0.010482142679393291,0.0,1.9371509552001953e-07,True
R4_LHS_03,R4,0,20260813,V52_B_E3_C6_1T,True,P3_CONNECTIVITY_DESTINATION_SHIFT,X,0.05980558821686982,0.05177434641697855,0.008031241799891273,0.03575503081083298,0.0,1.9371509552001953e-07,True
R4_LHS_03,R4,0,20260813,V52_B_E3_C6_1T,True,P3_CONNECTIVITY_DESTINATION_SHIFT,Y,0.05277356505504098,0.044922964351881686,0.007850600703159294,0.023475660011172295,0.0,1.9371509552001953e-07,True
R4_LHS_03,R4,0,20260813,V52_B_E3_C6_1T,True,P3_CONNECTIVITY_DESTINATION_SHIFT,Z,0.02804234793097866,0.02527187719529624,0.002770470735682422,0.011404059827327728,0.0,1.9371509552001953e-07,True
R4_LHS_03,R4,0,20260813,V52_B_E6_C10_1T,True,P3_CONNECTIVITY_DESTINATION_SHIFT,X,0.05261346154495416,0.046004501396099996,0.006608960148854162,0.031028201803565025,0.0,1.9371509552001953e-07,True
R4_LHS_03,R4,0,20260813,V52_B_E6_C10_1T,True,P3_CONNECTIVITY_DESTINATION_SHIFT,Y,0.05037135890308967,0.04384524535403606,0.006526113549053608,0.020572030916810036,0.0,1.9371509552001953e-07,True
R4_LHS_03,R4,0,20260813,V52_B_E6_C10_1T,True,P3_CONNECTIVITY_DESTINATION_SHIFT,Z,0.02789451891959532,0.02557899835142035,0.0023155205681749703,0.010687504895031452,0.0,1.9371509552001953e-07,True
R4_LHS_03,R4,0,20260813,V52_CPLUS_E2_C5_2T,True,P3_CONNECTIVITY_DESTINATION_SHIFT,X,0.11951420509948282,0.09482719482057318,0.02468701027890964,0.07336881011724472,0.0,1.9371509552001953e-07,True
R4_LHS_03,R4,0,20260813,V52_CPLUS_E2_C5_2T,True,P3_CONNECTIVITY_DESTINATION_SHIFT,Y,0.04125520614419869,0.0327728752636576,0.008482330880541088,0.02665255032479763,0.0,1.9371509552001953e-07,True
R4_LHS_03,R4,0,20260813,V52_CPLUS_E2_C5_2T,True,P3_CONNECTIVITY_DESTINATION_SHIFT,Z,0.0488815182431849,0.03789738274357013,0.010984135499614772,0.031567685306072235,0.0,1.9371509552001953e-07,True
R4_LHS_03,R4,0,20260813,V52_CPLUS_E8_C12_2T,True,P3_CONNECTIVITY_DESTINATION_SHIFT,X,0.11241630601526553,0.08541271380786143,0.0270035922074041,0.07261896878480911,0.0,1.9371509552001953e-07,True
R4_LHS_03,R4,0,20260813,V52_CPLUS_E8_C12_2T,True,P3_CONNECTIVITY_DESTINATION_SHIFT,Y,0.0418091169893196,0.031888059178418866,0.009921057810900732,0.027682024985551834,0.0,1.9371509552001953e-07,True
R4_LHS_03,R4,0,20260813,V52_CPLUS_E8_C12_2T,True,P3_CONNECTIVITY_DESTINATION_SHIFT,Z,0.050116659769142737,0.0370989355730361,0.01301772419610664,0.03350597992539406,0.0,1.9371509552001953e-07,True
R4_LHS_03,R4,0,20260813,V52_C_E2_C5_2T,True,P3_CONNECTIVITY_DESTINATION_SHIFT,X,0.1257251686395337,0.10407789019287249,0.021647278446661214,0.0741032212972641,0.0,1.9371509552001953e-07,True
R4_LHS_03,R4,0,20260813,V52_C_E2_C5_2T,True,P3_CONNECTIVITY_DESTINATION_SHIFT,Y,0.04471732881893008,0.035139785771032675,0.009577543047897402,0.027499277144670486,0.0,1.9371509552001953e-07,True
R4_LHS_03,R4,0,20260813,V52_C_E2_C5_2T,True,P3_CONNECTIVITY_DESTINATION_SHIFT,Z,0.048071494753650225,0.037058164897032606,0.01101332985661762,0.032036274671554565,0.0,1.9371509552001953e-07,True
R4_LHS_03,R4,0,20260813,BASE_C1_0T,False,P4_MEAN_NEUTRALIZED_EDGE_MECHANICS,X,0.0,0.0,0.0,0.0,0.0,1.9371509552001953e-07,True
R4_LHS_03,R4,0,20260813,BASE_C1_0T,False,P4_MEAN_NEUTRALIZED_EDGE_MECHANICS,Y,0.0,0.0,0.0,0.0,0.0,1.9371509552001953e-07,True
R4_LHS_03,R4,0,20260813,BASE_C1_0T,False,P4_MEAN_NEUTRALIZED_EDGE_MECHANICS,Z,0.0,0.0,0.0,0.0,0.0,1.9371509552001953e-07,True
R4_LHS_03,R4,0,20260813,V40_A_E3_C6_1T,True,P4_MEAN_NEUTRALIZED_EDGE_MECHANICS,X,0.07952423139445054,0.04832841471107887,0.031195816683371673,0.04903050884604454,0.0,1.9371509552001953e-07,True
R4_LHS_03,R4,0,20260813,V40_A_E3_C6_1T,True,P4_MEAN_NEUTRALIZED_EDGE_MECHANICS,Y,0.05233697709917142,0.04705275215534773,0.00528422494382369,0.022047771140933037,0.0,1.9371509552001953e-07,True
R4_LHS_03,R4,0,20260813,V40_A_E3_C6_1T,True,P4_MEAN_NEUTRALIZED_EDGE_MECHANICS,Z,0.02794543300991383,0.023430570169233698,0.004514862840680131,0.0101115508005023,0.0,1.9371509552001953e-07,True
R4_LHS_03,R4,0,20260813,V40_A_E8_C12_2T,True,P4_MEAN_NEUTRALIZED_EDGE_MECHANICS,X,0.1158620433179001,0.09532466487749927,0.020537378440400836,0.05603424832224846,0.0,1.9371509552001953e-07,True
R4_LHS_03,R4,0,20260813,V40_A_E8_C12_2T,True,P4_MEAN_NEUTRALIZED_EDGE_MECHANICS,Y,0.044561811715160306,0.037100312585848144,0.007461499129312162,0.020672723650932312,0.0,1.9371509552001953e-07,True
R4_LHS_03,R4,0,20260813,V40_A_E8_C12_2T,True,P4_MEAN_NEUTRALIZED_EDGE_MECHANICS,Z,0.045249395123069296,0.037763218395388445,0.00748617672768085,0.019999463111162186,0.0,1.9371509552001953e-07,True
R4_LHS_03,R4,0,20260813,V40_B_E7_C11_2T,True,P4_MEAN_NEUTRALIZED_EDGE_MECHANICS,X,0.1247702352461979,0.11042229875103536,0.014347936495162542,0.05400219187140465,0.0,1.9371509552001953e-07,True
R4_LHS_03,R4,0,20260813,V40_B_E7_C11_2T,True,P4_MEAN_NEUTRALIZED_EDGE_MECHANICS,Y,0.042952136198843666,0.0367750574958877,0.006177078702955967,0.021108442917466164,0.0,1.9371509552001953e-07,True
R4_LHS_03,R4,0,20260813,V40_B_E7_C11_2T,True,P4_MEAN_NEUTRALIZED_EDGE_MECHANICS,Z,0.04193876249439561,0.03688683440342739,0.005051928090968223,0.020154984667897224,0.0,1.9371509552001953e-07,True
R4_LHS_03,R4,0,20260813,V40_CPLUS_E1_C4_2T,True,P4_MEAN_NEUTRALIZED_EDGE_MECHANICS,X,0.10142728339476252,0.08099681457756688,0.020430468817195638,0.06340454518795013,0.0,1.9371509552001953e-07,True
R4_LHS_03,R4,0,20260813,V40_CPLUS_E1_C4_2T,True,P4_MEAN_NEUTRALIZED_EDGE_MECHANICS,Y,0.04177354187324504,0.03156919519724994,0.010204346675995103,0.024686377495527267,0.0,1.9371509552001953e-07,True
R4_LHS_03,R4,0,20260813,V40_CPLUS_E1_C4_2T,True,P4_MEAN_NEUTRALIZED_EDGE_MECHANICS,Z,0.04600859808485239,0.03684012242501323,0.009168475659839158,0.025479808449745178,0.0,1.9371509552001953e-07,True
R4_LHS_03,R4,0,20260813,V40_C_E4_C7_1T,True,P4_MEAN_NEUTRALIZED_EDGE_MECHANICS,X,0.0716550721203734,0.056940988010429856,0.01471408410994355,0.03284667804837227,0.0,1.9371509552001953e-07,True
R4_LHS_03,R4,0,20260813,V40_C_E4_C7_1T,True,P4_MEAN_NEUTRALIZED_EDGE_MECHANICS,Y,0.05651952707844044,0.05148496838019637,0.005034558698244068,0.022647568956017494,0.0,1.9371509552001953e-07,True
R4_LHS_03,R4,0,20260813,V40_C_E4_C7_1T,True,P4_MEAN_NEUTRALIZED_EDGE_MECHANICS,Z,0.03288393571148972,0.02955834927413417,0.003325586437355546,0.010037261061370373,0.0,1.9371509552001953e-07,True
R4_LHS_03,R4,0,20260813,V40_C_E5_C9_1T,True,P4_MEAN_NEUTRALIZED_EDGE_MECHANICS,X,0.06356624261779262,0.053461400262650366,0.010104842355142252,0.030108442530035973,0.0,1.9371509552001953e-07,True
R4_LHS_03,R4,0,20260813,V40_C_E5_C9_1T,True,P4_MEAN_NEUTRALIZED_EDGE_MECHANICS,Y,0.052947043945263755,0.05103009234313543,0.0019169516021283264,0.01879037916660309,0.0,1.9371509552001953e-07,True
R4_LHS_03,R4,0,20260813,V40_C_E5_C9_1T,True,P4_MEAN_NEUTRALIZED_EDGE_MECHANICS,Z,0.03289321412927331,0.030656746908925534,0.002236467220347777,0.009494384750723839,0.0,1.9371509552001953e-07,True
R4_LHS_03,R4,0,20260813,V52_A_E4_C7_1T,True,P4_MEAN_NEUTRALIZED_EDGE_MECHANICS,X,0.10255191574687889,0.07173590838385228,0.0308160073630266,0.054462119936943054,0.0,1.9371509552001953e-07,True
R4_LHS_03,R4,0,20260813,V52_A_E4_C7_1T,True,P4_MEAN_NEUTRALIZED_EDGE_MECHANICS,Y,0.05195995065583659,0.04713649918616638,0.004823451469670212,0.02621925249695778,0.0,1.9371509552001953e-07,True
R4_LHS_03,R4,0,20260813,V52_A_E4_C7_1T,True,P4_MEAN_NEUTRALIZED_EDGE_MECHANICS,Z,0.02844328379109538,0.02273951263118639,0.005703771159908989,0.012644675560295582,0.0,1.9371509552001953e-07,True
R4_LHS_03,R4,0,20260813,V52_A_E5_C9_1T,True,P4_MEAN_NEUTRALIZED_EDGE_MECHANICS,X,0.09049116691621975,0.065621690525352,0.024869476390867756,0.049549415707588196,0.0,1.9371509552001953e-07,True
R4_LHS_03,R4,0,20260813,V52_A_E5_C9_1T,True,P4_MEAN_NEUTRALIZED_EDGE_MECHANICS,Y,0.04942957332559875,0.047953539790782845,0.0014760335348159015,0.020858051255345345,0.0,1.9371509552001953e-07,True
R4_LHS_03,R4,0,20260813,V52_A_E5_C9_1T,True,P4_MEAN_NEUTRALIZED_EDGE_MECHANICS,Z,0.027855246058718846,0.02344358144267684,0.004411664616042005,0.0115306181833148,0.0,1.9371509552001953e-07,True
R4_LHS_03,R4,0,20260813,V52_B_E3_C6_1T,True,P4_MEAN_NEUTRALIZED_EDGE_MECHANICS,X,0.08121148257633717,0.05177434641697855,0.029437136159358626,0.0456288605928421,0.0,1.9371509552001953e-07,True
R4_LHS_03,R4,0,20260813,V52_B_E3_C6_1T,True,P4_MEAN_NEUTRALIZED_EDGE_MECHANICS,Y,0.05135896048182426,0.044922964351881686,0.006435996129942577,0.026778576895594597,0.0,1.9371509552001953e-07,True
R4_LHS_03,R4,0,20260813,V52_B_E3_C6_1T,True,P4_MEAN_NEUTRALIZED_EDGE_MECHANICS,Z,0.030894558724769355,0.02527187719529624,0.0056226815294731156,0.012551654130220413,0.0,1.9371509552001953e-07,True
R4_LHS_03,R4,0,20260813,V52_B_E6_C10_1T,True,P4_MEAN_NEUTRALIZED_EDGE_MECHANICS,X,0.0695429883874296,0.046004501396099996,0.023538486991329606,0.03950756788253784,0.0,1.9371509552001953e-07,True
R4_LHS_03,R4,0,20260813,V52_B_E6_C10_1T,True,P4_MEAN_NEUTRALIZED_EDGE_MECHANICS,Y,0.04629938278464,0.04384524535403606,0.0024541374306039365,0.02020205929875374,0.0,1.9371509552001953e-07,True
R4_LHS_03,R4,0,20260813,V52_B_E6_C10_1T,True,P4_MEAN_NEUTRALIZED_EDGE_MECHANICS,Z,0.02988269909397822,0.02557899835142035,0.00430370074255787,0.01131853461265564,0.0,1.9371509552001953e-07,True
R4_LHS_03,R4,0,20260813,V52_CPLUS_E2_C5_2T,True,P4_MEAN_NEUTRALIZED_EDGE_MECHANICS,X,0.11063801933940935,0.09482719482057318,0.01581082451883617,0.06346555799245834,0.0,1.9371509552001953e-07,True
R4_LHS_03,R4,0,20260813,V52_CPLUS_E2_C5_2T,True,P4_MEAN_NEUTRALIZED_EDGE_MECHANICS,Y,0.04157873111105682,0.0327728752636576,0.008805855847399215,0.025954438373446465,0.0,1.9371509552001953e-07,True
R4_LHS_03,R4,0,20260813,V52_CPLUS_E2_C5_2T,True,P4_MEAN_NEUTRALIZED_EDGE_MECHANICS,Z,0.0444984942953522,0.03789738274357013,0.006601111551782071,0.026195932179689407,0.0,1.9371509552001953e-07,True
R4_LHS_03,R4,0,20260813,V52_CPLUS_E8_C12_2T,True,P4_MEAN_NEUTRALIZED_EDGE_MECHANICS,X,0.09964516783113496,0.08541271380786143,0.014232454023273527,0.05599195137619972,0.0,1.9371509552001953e-07,True
R4_LHS_03,R4,0,20260813,V52_CPLUS_E8_C12_2T,True,P4_MEAN_NEUTRALIZED_EDGE_MECHANICS,Y,0.04026241845657981,0.031888059178418866,0.008374359278160944,0.023144222795963287,0.0,1.9371509552001953e-07,True
R4_LHS_03,R4,0,20260813,V52_CPLUS_E8_C12_2T,True,P4_MEAN_NEUTRALIZED_EDGE_MECHANICS,Z,0.04307545044899548,0.0370989355730361,0.005976514875959384,0.022955993190407753,0.0,1.9371509552001953e-07,True
R4_LHS_03,R4,0,20260813,V52_C_E2_C5_2T,True,P4_MEAN_NEUTRALIZED_EDGE_MECHANICS,X,0.1165402626746474,0.10407789019287249,0.012462372481774911,0.06369806826114655,0.0,1.9371509552001953e-07,True
R4_LHS_03,R4,0,20260813,V52_C_E2_C5_2T,True,P4_MEAN_NEUTRALIZED_EDGE_MECHANICS,Y,0.042991651977516775,0.035139785771032675,0.0078518662064841,0.02664964087307453,0.0,1.9371509552001953e-07,True
R4_LHS_03,R4,0,20260813,V52_C_E2_C5_2T,True,P4_MEAN_NEUTRALIZED_EDGE_MECHANICS,Z,0.04299496635120291,0.037058164897032606,0.005936801454170304,0.026124512776732445,0.0,1.9371509552001953e-07,True
R4_LHS_03,R4,0,20260813,NOT_APPLICABLE,False,P5_IDENTITY_LOCAL_FRAMES,NA,nan,nan,nan,nan,nan,1.9371509552001953e-07,False
R4_LHS_03,R4,1,20260813,BASE_C8_0T,False,P0_CORRECT,X,0.0,0.0,0.0,0.0,0.0,1.4901161193847656e-07,True
R4_LHS_03,R4,1,20260813,BASE_C8_0T,False,P0_CORRECT,Y,0.0,0.0,0.0,0.0,0.0,1.4901161193847656e-07,True
R4_LHS_03,R4,1,20260813,BASE_C8_0T,False,P0_CORRECT,Z,0.0,0.0,0.0,0.0,0.0,1.4901161193847656e-07,True
R4_LHS_03,R4,1,20260813,V40_A_E7_C11_2T,True,P0_CORRECT,X,0.139141953808404,0.139141953808404,0.0,0.0,0.0,1.4901161193847656e-07,True
R4_LHS_03,R4,1,20260813,V40_A_E7_C11_2T,True,P0_CORRECT,Y,0.059245212519072186,0.059245212519072186,0.0,0.0,0.0,1.4901161193847656e-07,True
R4_LHS_03,R4,1,20260813,V40_A_E7_C11_2T,True,P0_CORRECT,Z,0.05098446337662982,0.05098446337662982,0.0,0.0,0.0,1.4901161193847656e-07,True
R4_LHS_03,R4,1,20260813,V40_B_E2_C5_2T,True,P0_CORRECT,X,0.12441607159173465,0.12441607159173465,0.0,0.0,0.0,1.4901161193847656e-07,True
R4_LHS_03,R4,1,20260813,V40_B_E2_C5_2T,True,P0_CORRECT,Y,0.055265575885839975,0.055265575885839975,0.0,0.0,0.0,1.4901161193847656e-07,True
R4_LHS_03,R4,1,20260813,V40_B_E2_C5_2T,True,P0_CORRECT,Z,0.044170585060892456,0.044170585060892456,0.0,0.0,0.0,1.4901161193847656e-07,True
R4_LHS_03,R4,1,20260813,V40_B_E6_C10_1T,True,P0_CORRECT,X,0.050585254629510384,0.050585254629510384,0.0,0.0,0.0,1.4901161193847656e-07,True
R4_LHS_03,R4,1,20260813,V40_B_E6_C10_1T,True,P0_CORRECT,Y,0.048101132181936034,0.048101132181936034,0.0,0.0,0.0,1.4901161193847656e-07,True
R4_LHS_03,R4,1,20260813,V40_B_E6_C10_1T,True,P0_CORRECT,Z,0.023321885143762166,0.023321885143762166,0.0,0.0,0.0,1.4901161193847656e-07,True
R4_LHS_03,R4,1,20260813,V40_CPLUS_E2_C5_2T,True,P0_CORRECT,X,0.09793455286588067,0.09793455286588067,0.0,0.0,0.0,1.4901161193847656e-07,True
R4_LHS_03,R4,1,20260813,V40_CPLUS_E2_C5_2T,True,P0_CORRECT,Y,0.05323471968450555,0.05323471968450555,0.0,0.0,0.0,1.4901161193847656e-07,True
R4_LHS_03,R4,1,20260813,V40_CPLUS_E2_C5_2T,True,P0_CORRECT,Z,0.04606069723161192,0.04606069723161192,0.0,0.0,0.0,1.4901161193847656e-07,True
R4_LHS_03,R4,1,20260813,V40_CPLUS_E4_C7_1T,True,P0_CORRECT,X,0.06624627617469757,0.06624627617469757,0.0,0.0,0.0,1.4901161193847656e-07,True
R4_LHS_03,R4,1,20260813,V40_CPLUS_E4_C7_1T,True,P0_CORRECT,Y,0.05410171609590023,0.05410171609590023,0.0,0.0,0.0,1.4901161193847656e-07,True
R4_LHS_03,R4,1,20260813,V40_CPLUS_E4_C7_1T,True,P0_CORRECT,Z,0.026925256074731743,0.026925256074731743,0.0,0.0,0.0,1.4901161193847656e-07,True
R4_LHS_03,R4,1,20260813,V40_C_E3_C6_1T,True,P0_CORRECT,X,0.05772588204879813,0.05772588204879813,0.0,0.0,0.0,1.4901161193847656e-07,True
R4_LHS_03,R4,1,20260813,V40_C_E3_C6_1T,True,P0_CORRECT,Y,0.05169435818110386,0.05169435818110386,0.0,0.0,0.0,1.4901161193847656e-07,True
R4_LHS_03,R4,1,20260813,V40_C_E3_C6_1T,True,P0_CORRECT,Z,0.024673424980349433,0.024673424980349433,0.0,0.0,0.0,1.4901161193847656e-07,True
R4_LHS_03,R4,1,20260813,V40_C_E8_C12_2T,True,P0_CORRECT,X,0.09175473565933474,0.09175473565933474,0.0,0.0,0.0,1.4901161193847656e-07,True
R4_LHS_03,R4,1,20260813,V40_C_E8_C12_2T,True,P0_CORRECT,Y,0.054772518216207204,0.054772518216207204,0.0,0.0,0.0,1.4901161193847656e-07,True
R4_LHS_03,R4,1,20260813,V40_C_E8_C12_2T,True,P0_CORRECT,Z,0.046443573431956126,0.046443573431956126,0.0,0.0,0.0,1.4901161193847656e-07,True
R4_LHS_03,R4,1,20260813,V52_A_E1_C4_2T,True,P0_CORRECT,X,0.10081845524028503,0.10081845524028503,0.0,0.0,0.0,1.4901161193847656e-07,True
R4_LHS_03,R4,1,20260813,V52_A_E1_C4_2T,True,P0_CORRECT,Y,0.058107809209638414,0.058107809209638414,0.0,0.0,0.0,1.4901161193847656e-07,True
R4_LHS_03,R4,1,20260813,V52_A_E1_C4_2T,True,P0_CORRECT,Z,0.0489348032002428,0.0489348032002428,0.0,0.0,0.0,1.4901161193847656e-07,True
R4_LHS_03,R4,1,20260813,V52_A_E3_C6_1T,True,P0_CORRECT,X,0.07509342388552918,0.07509342388552918,0.0,0.0,0.0,1.4901161193847656e-07,True
R4_LHS_03,R4,1,20260813,V52_A_E3_C6_1T,True,P0_CORRECT,Y,0.04536751378606483,0.04536751378606483,0.0,0.0,0.0,1.4901161193847656e-07,True
R4_LHS_03,R4,1,20260813,V52_A_E3_C6_1T,True,P0_CORRECT,Z,0.01970092284164112,0.01970092284164112,0.0,0.0,0.0,1.4901161193847656e-07,True
R4_LHS_03,R4,1,20260813,V52_B_E5_C9_1T,True,P0_CORRECT,X,0.07039884972715459,0.07039884972715459,0.0,0.0,0.0,1.4901161193847656e-07,True
R4_LHS_03,R4,1,20260813,V52_B_E5_C9_1T,True,P0_CORRECT,Y,0.0472722096587117,0.0472722096587117,0.0,0.0,0.0,1.4901161193847656e-07,True
R4_LHS_03,R4,1,20260813,V52_B_E5_C9_1T,True,P0_CORRECT,Z,0.022532686048878595,0.022532686048878595,0.0,0.0,0.0,1.4901161193847656e-07,True
R4_LHS_03,R4,1,20260813,V52_CPLUS_E1_C4_2T,True,P0_CORRECT,X,0.08927560393085429,0.08927560393085429,0.0,0.0,0.0,1.4901161193847656e-07,True
R4_LHS_03,R4,1,20260813,V52_CPLUS_E1_C4_2T,True,P0_CORRECT,Y,0.04695045249429031,0.04695045249429031,0.0,0.0,0.0,1.4901161193847656e-07,True
R4_LHS_03,R4,1,20260813,V52_CPLUS_E1_C4_2T,True,P0_CORRECT,Z,0.0434922764936357,0.0434922764936357,0.0,0.0,0.0,1.4901161193847656e-07,True
R4_LHS_03,R4,1,20260813,V52_C_E6_C10_1T,True,P0_CORRECT,X,0.04638799494732313,0.04638799494732313,0.0,0.0,0.0,1.4901161193847656e-07,True
R4_LHS_03,R4,1,20260813,V52_C_E6_C10_1T,True,P0_CORRECT,Y,0.045691641812198654,0.045691641812198654,0.0,0.0,0.0,1.4901161193847656e-07,True
R4_LHS_03,R4,1,20260813,V52_C_E6_C10_1T,True,P0_CORRECT,Z,0.02273475783727374,0.02273475783727374,0.0,0.0,0.0,1.4901161193847656e-07,True
R4_LHS_03,R4,1,20260813,V52_C_E7_C11_2T,True,P0_CORRECT,X,0.09967457681507053,0.09967457681507053,0.0,0.0,0.0,1.4901161193847656e-07,True
R4_LHS_03,R4,1,20260813,V52_C_E7_C11_2T,True,P0_CORRECT,Y,0.04941502843440329,0.04941502843440329,0.0,0.0,0.0,1.4901161193847656e-07,True
R4_LHS_03,R4,1,20260813,V52_C_E7_C11_2T,True,P0_CORRECT,Z,0.045262726422782215,0.045262726422782215,0.0,0.0,0.0,1.4901161193847656e-07,True
R4_LHS_03,R4,1,20260813,BASE_C8_0T,False,P1_CONSISTENT_NODE_RELABEL,X,0.0,0.0,0.0,0.0,0.0,1.4901161193847656e-07,True
R4_LHS_03,R4,1,20260813,BASE_C8_0T,False,P1_CONSISTENT_NODE_RELABEL,Y,0.0,0.0,0.0,0.0,0.0,1.4901161193847656e-07,True
R4_LHS_03,R4,1,20260813,BASE_C8_0T,False,P1_CONSISTENT_NODE_RELABEL,Z,0.0,0.0,0.0,0.0,0.0,1.4901161193847656e-07,True
R4_LHS_03,R4,1,20260813,V40_A_E7_C11_2T,True,P1_CONSISTENT_NODE_RELABEL,X,0.13914195028431856,0.139141953808404,-3.524085440131941e-09,3.5726526448343066e-07,0.0,1.4901161193847656e-07,True
R4_LHS_03,R4,1,20260813,V40_A_E7_C11_2T,True,P1_CONSISTENT_NODE_RELABEL,Y,0.059245209699731426,0.059245212519072186,-2.819340760851219e-09,2.7989764816993556e-07,0.0,1.4901161193847656e-07,True
R4_LHS_03,R4,1,20260813,V40_A_E7_C11_2T,True,P1_CONSISTENT_NODE_RELABEL,Z,0.05098446301752068,0.05098446337662982,-3.59109138259317e-10,3.442086722316162e-07,0.0,1.4901161193847656e-07,True
R4_LHS_03,R4,1,20260813,V40_B_E2_C5_2T,True,P1_CONSISTENT_NODE_RELABEL,X,0.1244160480729511,0.12441607159173465,-2.351878354567294e-08,5.814151222693908e-07,0.0,1.4901161193847656e-07,True
R4_LHS_03,R4,1,20260813,V40_B_E2_C5_2T,True,P1_CONSISTENT_NODE_RELABEL,Y,0.0552655742979305,0.055265575885839975,-1.5879094775184122e-09,5.457083034343668e-07,0.0,1.4901161193847656e-07,True
R4_LHS_03,R4,1,20260813,V40_B_E2_C5_2T,True,P1_CONSISTENT_NODE_RELABEL,Z,0.04417059026970069,0.044170585060892456,5.208808231960127e-09,6.887792665111192e-07,0.0,1.4901161193847656e-07,True
R4_LHS_03,R4,1,20260813,V40_B_E6_C10_1T,True,P1_CONSISTENT_NODE_RELABEL,X,0.05058525413481387,0.050585254629510384,-4.94696512920445e-10,3.2904304703151865e-07,0.0,1.4901161193847656e-07,True
R4_LHS_03,R4,1,20260813,V40_B_E6_C10_1T,True,P1_CONSISTENT_NODE_RELABEL,Y,0.048101143144323406,0.048101132181936034,1.0962387372859261e-08,4.723831068531581e-07,0.0,1.4901161193847656e-07,True
R4_LHS_03,R4,1,20260813,V40_B_E6_C10_1T,True,P1_CONSISTENT_NODE_RELABEL,Z,0.023321893794247713,0.023321885143762166,8.650485546629616e-09,4.3750685563281877e-07,0.0,1.4901161193847656e-07,True
R4_LHS_03,R4,1,20260813,V40_CPLUS_E2_C5_2T,True,P1_CONSISTENT_NODE_RELABEL,X,0.09793455363255432,0.09793455286588067,7.666736551170672e-10,3.998313786723884e-07,0.0,1.4901161193847656e-07,True
R4_LHS_03,R4,1,20260813,V40_CPLUS_E2_C5_2T,True,P1_CONSISTENT_NODE_RELABEL,Y,0.0532347206224562,0.05323471968450555,9.379506477058541e-10,3.462374422724679e-07,0.0,1.4901161193847656e-07,True
R4_LHS_03,R4,1,20260813,V40_CPLUS_E2_C5_2T,True,P1_CONSISTENT_NODE_RELABEL,Z,0.046060694240374095,0.04606069723161192,-2.9912378268770468e-09,4.4309126678854227e-07,0.0,1.4901161193847656e-07,True
R4_LHS_03,R4,1,20260813,V40_CPLUS_E4_C7_1T,True,P1_CONSISTENT_NODE_RELABEL,X,0.06624628354507554,0.06624627617469757,7.370377974602604e-09,3.956098169055622e-07,0.0,1.4901161193847656e-07,True
R4_LHS_03,R4,1,20260813,V40_CPLUS_E4_C7_1T,True,P1_CONSISTENT_NODE_RELABEL,Y,0.05410172894014653,0.05410171609590023,1.2844246298493456e-08,7.248246447488782e-07,0.0,1.4901161193847656e-07,True
R4_LHS_03,R4,1,20260813,V40_CPLUS_E4_C7_1T,True,P1_CONSISTENT_NODE_RELABEL,Z,0.0269252786507926,0.026925256074731743,2.257606085756536e-08,7.858207027311437e-07,0.0,1.4901161193847656e-07,True
R4_LHS_03,R4,1,20260813,V40_C_E3_C6_1T,True,P1_CONSISTENT_NODE_RELABEL,X,0.057725873123415684,0.05772588204879813,-8.925382447011465e-09,3.616038952714007e-07,0.0,1.4901161193847656e-07,True
R4_LHS_03,R4,1,20260813,V40_C_E3_C6_1T,True,P1_CONSISTENT_NODE_RELABEL,Y,0.051694375662980754,0.05169435818110386,1.7481876897484927e-08,6.131592726887902e-07,0.0,1.4901161193847656e-07,True
R4_LHS_03,R4,1,20260813,V40_C_E3_C6_1T,True,P1_CONSISTENT_NODE_RELABEL,Z,0.02467344965118777,0.024673424980349433,2.4670838337514933e-08,6.17025932569959e-07,0.0,1.4901161193847656e-07,True
R4_LHS_03,R4,1,20260813,V40_C_E8_C12_2T,True,P1_CONSISTENT_NODE_RELABEL,X,0.0917547406370487,0.09175473565933474,4.977713963238983e-09,4.281032488506753e-07,0.0,1.4901161193847656e-07,True
R4_LHS_03,R4,1,20260813,V40_C_E8_C12_2T,True,P1_CONSISTENT_NODE_RELABEL,Y,0.054772515156288136,0.054772518216207204,-3.0599190681268595e-09,3.912968224994984e-07,0.0,1.4901161193847656e-07,True
R4_LHS_03,R4,1,20260813,V40_C_E8_C12_2T,True,P1_CONSISTENT_NODE_RELABEL,Z,0.04644358640286022,0.046443573431956126,1.2970904093856372e-08,5.116392571835604e-07,0.0,1.4901161193847656e-07,True
R4_LHS_03,R4,1,20260813,V52_A_E1_C4_2T,True,P1_CONSISTENT_NODE_RELABEL,X,0.1008184582894377,0.10081845524028503,3.0491526664677693e-09,3.4605747600835457e-07,0.0,1.4901161193847656e-07,True
R4_LHS_03,R4,1,20260813,V52_A_E1_C4_2T,True,P1_CONSISTENT_NODE_RELABEL,Y,0.05810781992304478,0.058107809209638414,1.0713406363438427e-08,2.9239856758067617e-07,0.0,1.4901161193847656e-07,True
R4_LHS_03,R4,1,20260813,V52_A_E1_C4_2T,True,P1_CONSISTENT_NODE_RELABEL,Z,0.04893480829672609,0.0489348032002428,5.096483290945031e-09,3.4872564924626204e-07,0.0,1.4901161193847656e-07,True
R4_LHS_03,R4,1,20260813,V52_A_E3_C6_1T,True,P1_CONSISTENT_NODE_RELABEL,X,0.07509342457961209,0.07509342388552918,6.94082902263915e-10,3.4005060456365754e-07,0.0,1.4901161193847656e-07,True
R4_LHS_03,R4,1,20260813,V52_A_E3_C6_1T,True,P1_CONSISTENT_NODE_RELABEL,Y,0.04536751439830134,0.04536751378606483,6.122365114880068e-10,4.882091957369994e-07,0.0,1.4901161193847656e-07,True
R4_LHS_03,R4,1,20260813,V52_A_E3_C6_1T,True,P1_CONSISTENT_NODE_RELABEL,Z,0.01970092329160445,0.01970092284164112,4.499633304844153e-10,4.135193307774898e-07,0.0,1.4901161193847656e-07,True
R4_LHS_03,R4,1,20260813,V52_B_E5_C9_1T,True,P1_CONSISTENT_NODE_RELABEL,X,0.07039882707939268,0.07039884972715459,-2.2647761901972707e-08,3.5884556837118e-07,0.0,1.4901161193847656e-07,True
R4_LHS_03,R4,1,20260813,V52_B_E5_C9_1T,True,P1_CONSISTENT_NODE_RELABEL,Y,0.047272212409823426,0.0472722096587117,2.7511117273171237e-09,4.2041921233249013e-07,0.0,1.4901161193847656e-07,True
R4_LHS_03,R4,1,20260813,V52_B_E5_C9_1T,True,P1_CONSISTENT_NODE_RELABEL,Z,0.022532693404770123,0.022532686048878595,7.355891527838221e-09,3.6938422454113606e-07,0.0,1.4901161193847656e-07,True
R4_LHS_03,R4,1,20260813,V52_CPLUS_E1_C4_2T,True,P1_CONSISTENT_NODE_RELABEL,X,0.08927559163758375,0.08927560393085429,-1.2293270540419954e-08,5.346853981791355e-07,0.0,1.4901161193847656e-07,True
R4_LHS_03,R4,1,20260813,V52_CPLUS_E1_C4_2T,True,P1_CONSISTENT_NODE_RELABEL,Y,0.046950456994713834,0.04695045249429031,4.5004235268986115e-09,3.2955148299151915e-07,0.0,1.4901161193847656e-07,True
R4_LHS_03,R4,1,20260813,V52_CPLUS_E1_C4_2T,True,P1_CONSISTENT_NODE_RELABEL,Z,0.04349228425990474,0.0434922764936357,7.76626904452904e-09,4.192795586277498e-07,0.0,1.4901161193847656e-07,True
R4_LHS_03,R4,1,20260813,V52_C_E6_C10_1T,True,P1_CONSISTENT_NODE_RELABEL,X,0.0463880104314238,0.04638799494732313,1.548410066831707e-08,4.2872127892223943e-07,0.0,1.4901161193847656e-07,True
R4_LHS_03,R4,1,20260813,V52_C_E6_C10_1T,True,P1_CONSISTENT_NODE_RELABEL,Y,0.04569165122152864,0.045691641812198654,9.409329988774306e-09,7.18720627901348e-07,0.0,1.4901161193847656e-07,True
R4_LHS_03,R4,1,20260813,V52_C_E6_C10_1T,True,P1_CONSISTENT_NODE_RELABEL,Z,0.022734763002828604,0.02273475783727374,5.165554862324173e-09,6.671529604318494e-07,0.0,1.4901161193847656e-07,True
R4_LHS_03,R4,1,20260813,V52_C_E7_C11_2T,True,P1_CONSISTENT_NODE_RELABEL,X,0.09967457157292942,0.09967457681507053,-5.242141110084475e-09,4.6080646143309423e-07,0.0,1.4901161193847656e-07,True
R4_LHS_03,R4,1,20260813,V52_C_E7_C11_2T,True,P1_CONSISTENT_NODE_RELABEL,Y,0.04941502309325011,0.04941502843440329,-5.3411531794611555e-09,4.529741204351012e-07,0.0,1.4901161193847656e-07,True
R4_LHS_03,R4,1,20260813,V52_C_E7_C11_2T,True,P1_CONSISTENT_NODE_RELABEL,Z,0.04526272440234579,0.045262726422782215,-2.020436422334182e-09,5.968659024802037e-07,0.0,1.4901161193847656e-07,True
R4_LHS_03,R4,1,20260813,BASE_C8_0T,False,P2_EDGE_ATTRIBUTE_MISMATCH,X,0.0,0.0,0.0,0.0,0.0,1.4901161193847656e-07,True
R4_LHS_03,R4,1,20260813,BASE_C8_0T,False,P2_EDGE_ATTRIBUTE_MISMATCH,Y,0.0,0.0,0.0,0.0,0.0,1.4901161193847656e-07,True
R4_LHS_03,R4,1,20260813,BASE_C8_0T,False,P2_EDGE_ATTRIBUTE_MISMATCH,Z,0.0,0.0,0.0,0.0,0.0,1.4901161193847656e-07,True
R4_LHS_03,R4,1,20260813,V40_A_E7_C11_2T,True,P2_EDGE_ATTRIBUTE_MISMATCH,X,0.1412065735258241,0.139141953808404,0.002064619717420113,0.04359787702560425,0.0,1.4901161193847656e-07,True
R4_LHS_03,R4,1,20260813,V40_A_E7_C11_2T,True,P2_EDGE_ATTRIBUTE_MISMATCH,Y,0.05740997718102356,0.059245212519072186,-0.0018352353380486283,0.01783769764006138,0.0,1.4901161193847656e-07,True
R4_LHS_03,R4,1,20260813,V40_A_E7_C11_2T,True,P2_EDGE_ATTRIBUTE_MISMATCH,Z,0.04813799846014834,0.05098446337662982,-0.002846464916481481,0.01841331459581852,0.0,1.4901161193847656e-07,True
R4_LHS_03,R4,1,20260813,V40_B_E2_C5_2T,True,P2_EDGE_ATTRIBUTE_MISMATCH,X,0.12859328857989977,0.12441607159173465,0.004177216988165117,0.04339415952563286,0.0,1.4901161193847656e-07,True
R4_LHS_03,R4,1,20260813,V40_B_E2_C5_2T,True,P2_EDGE_ATTRIBUTE_MISMATCH,Y,0.055000054330550885,0.055265575885839975,-0.0002655215552890902,0.01764863356947899,0.0,1.4901161193847656e-07,True
R4_LHS_03,R4,1,20260813,V40_B_E2_C5_2T,True,P2_EDGE_ATTRIBUTE_MISMATCH,Z,0.04217006071763147,0.044170585060892456,-0.0020005243432609857,0.018673015758395195,0.0,1.4901161193847656e-07,True
R4_LHS_03,R4,1,20260813,V40_B_E6_C10_1T,True,P2_EDGE_ATTRIBUTE_MISMATCH,X,0.05904750814741073,0.050585254629510384,0.008462253517900344,0.02175191417336464,0.0,1.4901161193847656e-07,True
R4_LHS_03,R4,1,20260813,V40_B_E6_C10_1T,True,P2_EDGE_ATTRIBUTE_MISMATCH,Y,0.0511243344101378,0.048101132181936034,0.0030232022282017657,0.014941888861358166,0.0,1.4901161193847656e-07,True
R4_LHS_03,R4,1,20260813,V40_B_E6_C10_1T,True,P2_EDGE_ATTRIBUTE_MISMATCH,Z,0.024945479996092746,0.023321885143762166,0.0016235948523305802,0.00883321464061737,0.0,1.4901161193847656e-07,True
R4_LHS_03,R4,1,20260813,V40_CPLUS_E2_C5_2T,True,P2_EDGE_ATTRIBUTE_MISMATCH,X,0.10083958141488751,0.09793455286588067,0.002905028549006844,0.04145679622888565,0.0,1.4901161193847656e-07,True
R4_LHS_03,R4,1,20260813,V40_CPLUS_E2_C5_2T,True,P2_EDGE_ATTRIBUTE_MISMATCH,Y,0.05326610899677459,0.05323471968450555,3.138931226904368e-05,0.016963090747594833,0.0,1.4901161193847656e-07,True
R4_LHS_03,R4,1,20260813,V40_CPLUS_E2_C5_2T,True,P2_EDGE_ATTRIBUTE_MISMATCH,Z,0.04475087725150237,0.04606069723161192,-0.0013098199801095528,0.01844928227365017,0.0,1.4901161193847656e-07,True
R4_LHS_03,R4,1,20260813,V40_CPLUS_E4_C7_1T,True,P2_EDGE_ATTRIBUTE_MISMATCH,X,0.08031050274211776,0.06624627617469757,0.014064226567420193,0.026082804426550865,0.0,1.4901161193847656e-07,True
R4_LHS_03,R4,1,20260813,V40_CPLUS_E4_C7_1T,True,P2_EDGE_ATTRIBUTE_MISMATCH,Y,0.059701054522246194,0.05410171609590023,0.005599338426345961,0.018921051174402237,0.0,1.4901161193847656e-07,True
R4_LHS_03,R4,1,20260813,V40_CPLUS_E4_C7_1T,True,P2_EDGE_ATTRIBUTE_MISMATCH,Z,0.029392641548707257,0.026925256074731743,0.002467385473975514,0.012795177288353443,0.0,1.4901161193847656e-07,True
R4_LHS_03,R4,1,20260813,V40_C_E3_C6_1T,True,P2_EDGE_ATTRIBUTE_MISMATCH,X,0.0707817149942175,0.05772588204879813,0.013055832945419364,0.025608349591493607,0.0,1.4901161193847656e-07,True
R4_LHS_03,R4,1,20260813,V40_C_E3_C6_1T,True,P2_EDGE_ATTRIBUTE_MISMATCH,Y,0.056204506186117116,0.05169435818110386,0.004510148005013259,0.017158804461359978,0.0,1.4901161193847656e-07,True
R4_LHS_03,R4,1,20260813,V40_C_E3_C6_1T,True,P2_EDGE_ATTRIBUTE_MISMATCH,Z,0.027478091064975636,0.024673424980349433,0.0028046660846262027,0.010800592601299286,0.0,1.4901161193847656e-07,True
R4_LHS_03,R4,1,20260813,V40_C_E8_C12_2T,True,P2_EDGE_ATTRIBUTE_MISMATCH,X,0.09531833427945616,0.09175473565933474,0.0035635986201214137,0.040502794086933136,0.0,1.4901161193847656e-07,True
R4_LHS_03,R4,1,20260813,V40_C_E8_C12_2T,True,P2_EDGE_ATTRIBUTE_MISMATCH,Y,0.054182012635929123,0.054772518216207204,-0.0005905055802780806,0.01613255776464939,0.0,1.4901161193847656e-07,True
R4_LHS_03,R4,1,20260813,V40_C_E8_C12_2T,True,P2_EDGE_ATTRIBUTE_MISMATCH,Z,0.04418719626289175,0.046443573431956126,-0.0022563771690643775,0.017377855256199837,0.0,1.4901161193847656e-07,True
R4_LHS_03,R4,1,20260813,V52_A_E1_C4_2T,True,P2_EDGE_ATTRIBUTE_MISMATCH,X,0.10188151801274929,0.10081845524028503,0.0010630627724642627,0.04317321628332138,0.0,1.4901161193847656e-07,True
R4_LHS_03,R4,1,20260813,V52_A_E1_C4_2T,True,P2_EDGE_ATTRIBUTE_MISMATCH,Y,0.05635244198415841,0.058107809209638414,-0.0017553672254800035,0.02013171650469303,0.0,1.4901161193847656e-07,True
R4_LHS_03,R4,1,20260813,V52_A_E1_C4_2T,True,P2_EDGE_ATTRIBUTE_MISMATCH,Z,0.04643844247302703,0.0489348032002428,-0.00249636072721577,0.02049974538385868,0.0,1.4901161193847656e-07,True
R4_LHS_03,R4,1,20260813,V52_A_E3_C6_1T,True,P2_EDGE_ATTRIBUTE_MISMATCH,X,0.08817195735102645,0.07509342388552918,0.013078533465497269,0.026398271322250366,0.0,1.4901161193847656e-07,True
R4_LHS_03,R4,1,20260813,V52_A_E3_C6_1T,True,P2_EDGE_ATTRIBUTE_MISMATCH,Y,0.04841865310251136,0.04536751378606483,0.00305113931644653,0.015023507177829742,0.0,1.4901161193847656e-07,True
R4_LHS_03,R4,1,20260813,V52_A_E3_C6_1T,True,P2_EDGE_ATTRIBUTE_MISMATCH,Z,0.021305049682445704,0.01970092284164112,0.001604126840804583,0.00845101848244667,0.0,1.4901161193847656e-07,True
R4_LHS_03,R4,1,20260813,V52_B_E5_C9_1T,True,P2_EDGE_ATTRIBUTE_MISMATCH,X,0.07730064065576683,0.07039884972715459,0.0069017909286122475,0.021782664582133293,0.0,1.4901161193847656e-07,True
R4_LHS_03,R4,1,20260813,V52_B_E5_C9_1T,True,P2_EDGE_ATTRIBUTE_MISMATCH,Y,0.0502086544983211,0.0472722096587117,0.0029364448396093992,0.015202918089926243,0.0,1.4901161193847656e-07,True
R4_LHS_03,R4,1,20260813,V52_B_E5_C9_1T,True,P2_EDGE_ATTRIBUTE_MISMATCH,Z,0.02474603279544314,0.022532686048878595,0.0022133467465645443,0.008243408985435963,0.0,1.4901161193847656e-07,True
R4_LHS_03,R4,1,20260813,V52_CPLUS_E1_C4_2T,True,P2_EDGE_ATTRIBUTE_MISMATCH,X,0.09222014272562146,0.08927560393085429,0.0029445387947671653,0.04221600294113159,0.0,1.4901161193847656e-07,True
R4_LHS_03,R4,1,20260813,V52_CPLUS_E1_C4_2T,True,P2_EDGE_ATTRIBUTE_MISMATCH,Y,0.04738118259630883,0.04695045249429031,0.0004307301020185228,0.018159965053200722,0.0,1.4901161193847656e-07,True
R4_LHS_03,R4,1,20260813,V52_CPLUS_E1_C4_2T,True,P2_EDGE_ATTRIBUTE_MISMATCH,Z,0.042766785657070545,0.0434922764936357,-0.0007254908365651527,0.018750358372926712,0.0,1.4901161193847656e-07,True
R4_LHS_03,R4,1,20260813,V52_C_E6_C10_1T,True,P2_EDGE_ATTRIBUTE_MISMATCH,X,0.05207601765551336,0.04638799494732313,0.00568802270819023,0.020987050607800484,0.0,1.4901161193847656e-07,True
R4_LHS_03,R4,1,20260813,V52_C_E6_C10_1T,True,P2_EDGE_ATTRIBUTE_MISMATCH,Y,0.04850473042972935,0.045691641812198654,0.0028130886175306985,0.016194671392440796,0.0,1.4901161193847656e-07,True
R4_LHS_03,R4,1,20260813,V52_C_E6_C10_1T,True,P2_EDGE_ATTRIBUTE_MISMATCH,Z,0.025105618013149398,0.02273475783727374,0.0023708601758756567,0.009035888127982616,0.0,1.4901161193847656e-07,True
R4_LHS_03,R4,1,20260813,V52_C_E7_C11_2T,True,P2_EDGE_ATTRIBUTE_MISMATCH,X,0.1029511886600983,0.09967457681507053,0.0032766118450277687,0.042350951582193375,0.0,1.4901161193847656e-07,True
R4_LHS_03,R4,1,20260813,V52_C_E7_C11_2T,True,P2_EDGE_ATTRIBUTE_MISMATCH,Y,0.04906553147955786,0.04941502843440329,-0.00034949695484542964,0.01788741908967495,0.0,1.4901161193847656e-07,True
R4_LHS_03,R4,1,20260813,V52_C_E7_C11_2T,True,P2_EDGE_ATTRIBUTE_MISMATCH,Z,0.043395100819722955,0.045262726422782215,-0.00186762560305926,0.018243538215756416,0.0,1.4901161193847656e-07,True
R4_LHS_03,R4,1,20260813,BASE_C8_0T,False,P3_CONNECTIVITY_DESTINATION_SHIFT,X,0.0,0.0,0.0,0.0,0.0,1.4901161193847656e-07,True
R4_LHS_03,R4,1,20260813,BASE_C8_0T,False,P3_CONNECTIVITY_DESTINATION_SHIFT,Y,0.0,0.0,0.0,0.0,0.0,1.4901161193847656e-07,True
R4_LHS_03,R4,1,20260813,BASE_C8_0T,False,P3_CONNECTIVITY_DESTINATION_SHIFT,Z,0.0,0.0,0.0,0.0,0.0,1.4901161193847656e-07,True
R4_LHS_03,R4,1,20260813,V40_A_E7_C11_2T,True,P3_CONNECTIVITY_DESTINATION_SHIFT,X,0.14993573388272965,0.139141953808404,0.01079378007432566,0.06438616663217545,0.0,1.4901161193847656e-07,True
R4_LHS_03,R4,1,20260813,V40_A_E7_C11_2T,True,P3_CONNECTIVITY_DESTINATION_SHIFT,Y,0.05850941790109882,0.059245212519072186,-0.0007357946179733649,0.030298635363578796,0.0,1.4901161193847656e-07,True
R4_LHS_03,R4,1,20260813,V40_A_E7_C11_2T,True,P3_CONNECTIVITY_DESTINATION_SHIFT,Z,0.05159073786442515,0.05098446337662982,0.0006062744877953288,0.031831029802560806,0.0,1.4901161193847656e-07,True
R4_LHS_03,R4,1,20260813,V40_B_E2_C5_2T,True,P3_CONNECTIVITY_DESTINATION_SHIFT,X,0.1454438956108644,0.12441607159173465,0.021027824019129754,0.07095086574554443,0.0,1.4901161193847656e-07,True
R4_LHS_03,R4,1,20260813,V40_B_E2_C5_2T,True,P3_CONNECTIVITY_DESTINATION_SHIFT,Y,0.0558347552345752,0.055265575885839975,0.0005691793487352242,0.032660916447639465,0.0,1.4901161193847656e-07,True
R4_LHS_03,R4,1,20260813,V40_B_E2_C5_2T,True,P3_CONNECTIVITY_DESTINATION_SHIFT,Z,0.04749830226585714,0.044170585060892456,0.003327717204964685,0.03331403434276581,0.0,1.4901161193847656e-07,True
R4_LHS_03,R4,1,20260813,V40_B_E6_C10_1T,True,P3_CONNECTIVITY_DESTINATION_SHIFT,X,0.05805315545945498,0.050585254629510384,0.007467900829944599,0.023453112691640854,0.0,1.4901161193847656e-07,True
R4_LHS_03,R4,1,20260813,V40_B_E6_C10_1T,True,P3_CONNECTIVITY_DESTINATION_SHIFT,Y,0.05257742178864475,0.048101132181936034,0.004476289606708719,0.01725800335407257,0.0,1.4901161193847656e-07,True
R4_LHS_03,R4,1,20260813,V40_B_E6_C10_1T,True,P3_CONNECTIVITY_DESTINATION_SHIFT,Z,0.028122025521982657,0.023321885143762166,0.004800140378220491,0.011571608483791351,0.0,1.4901161193847656e-07,True
R4_LHS_03,R4,1,20260813,V40_CPLUS_E2_C5_2T,True,P3_CONNECTIVITY_DESTINATION_SHIFT,X,0.12023902636953646,0.09793455286588067,0.02230447350365579,0.06690140813589096,0.0,1.4901161193847656e-07,True
R4_LHS_03,R4,1,20260813,V40_CPLUS_E2_C5_2T,True,P3_CONNECTIVITY_DESTINATION_SHIFT,Y,0.05555895172223466,0.05323471968450555,0.002324232037729114,0.03040536865592003,0.0,1.4901161193847656e-07,True
R4_LHS_03,R4,1,20260813,V40_CPLUS_E2_C5_2T,True,P3_CONNECTIVITY_DESTINATION_SHIFT,Z,0.050297644048381315,0.04606069723161192,0.0042369468167693936,0.03169066458940506,0.0,1.4901161193847656e-07,True
R4_LHS_03,R4,1,20260813,V40_CPLUS_E4_C7_1T,True,P3_CONNECTIVITY_DESTINATION_SHIFT,X,0.08578139274955654,0.06624627617469757,0.01953511657485897,0.03326647728681564,0.0,1.4901161193847656e-07,True
R4_LHS_03,R4,1,20260813,V40_CPLUS_E4_C7_1T,True,P3_CONNECTIVITY_DESTINATION_SHIFT,Y,0.06117228757961033,0.05410171609590023,0.0070705714837100975,0.023385288193821907,0.0,1.4901161193847656e-07,True
R4_LHS_03,R4,1,20260813,V40_CPLUS_E4_C7_1T,True,P3_CONNECTIVITY_DESTINATION_SHIFT,Z,0.033591075155820424,0.026925256074731743,0.006665819081088681,0.017759259790182114,0.0,1.4901161193847656e-07,True
R4_LHS_03,R4,1,20260813,V40_C_E3_C6_1T,True,P3_CONNECTIVITY_DESTINATION_SHIFT,X,0.07322318366799897,0.05772588204879813,0.015497301619200841,0.030685080215334892,0.0,1.4901161193847656e-07,True
R4_LHS_03,R4,1,20260813,V40_C_E3_C6_1T,True,P3_CONNECTIVITY_DESTINATION_SHIFT,Y,0.056566610115292765,0.05169435818110386,0.004872251934188908,0.0213774424046278,0.0,1.4901161193847656e-07,True
R4_LHS_03,R4,1,20260813,V40_C_E3_C6_1T,True,P3_CONNECTIVITY_DESTINATION_SHIFT,Z,0.0319844507085954,0.024673424980349433,0.007311025728245969,0.015545343048870564,0.0,1.4901161193847656e-07,True
R4_LHS_03,R4,1,20260813,V40_C_E8_C12_2T,True,P3_CONNECTIVITY_DESTINATION_SHIFT,X,0.11064042020166885,0.09175473565933474,0.018885684542334108,0.061017416417598724,0.0,1.4901161193847656e-07,True
R4_LHS_03,R4,1,20260813,V40_C_E8_C12_2T,True,P3_CONNECTIVITY_DESTINATION_SHIFT,Y,0.056596423958539456,0.054772518216207204,0.0018239057423322519,0.028103457763791084,0.0,1.4901161193847656e-07,True
R4_LHS_03,R4,1,20260813,V40_C_E8_C12_2T,True,P3_CONNECTIVITY_DESTINATION_SHIFT,Z,0.05111919129373941,0.046443573431956126,0.004675617861783284,0.029118308797478676,0.0,1.4901161193847656e-07,True
R4_LHS_03,R4,1,20260813,V52_A_E1_C4_2T,True,P3_CONNECTIVITY_DESTINATION_SHIFT,X,0.11761098300691582,0.10081845524028503,0.016792527766630788,0.07518895715475082,0.0,1.4901161193847656e-07,True
R4_LHS_03,R4,1,20260813,V52_A_E1_C4_2T,True,P3_CONNECTIVITY_DESTINATION_SHIFT,Y,0.05502298584037374,0.058107809209638414,-0.003084823369264675,0.03788430988788605,0.0,1.4901161193847656e-07,True
R4_LHS_03,R4,1,20260813,V52_A_E1_C4_2T,True,P3_CONNECTIVITY_DESTINATION_SHIFT,Z,0.047585135193493666,0.0489348032002428,-0.0013496680067491343,0.03736814484000206,0.0,1.4901161193847656e-07,True
R4_LHS_03,R4,1,20260813,V52_A_E3_C6_1T,True,P3_CONNECTIVITY_DESTINATION_SHIFT,X,0.0849115228730908,0.07509342388552918,0.009818098987561613,0.031295955181121826,0.0,1.4901161193847656e-07,True
R4_LHS_03,R4,1,20260813,V52_A_E3_C6_1T,True,P3_CONNECTIVITY_DESTINATION_SHIFT,Y,0.048584794366597614,0.04536751378606483,0.0032172805805327845,0.01994517631828785,0.0,1.4901161193847656e-07,True
R4_LHS_03,R4,1,20260813,V52_A_E3_C6_1T,True,P3_CONNECTIVITY_DESTINATION_SHIFT,Z,0.024323575608113393,0.01970092284164112,0.0046226527664722725,0.012575757689774036,0.0,1.4901161193847656e-07,True
R4_LHS_03,R4,1,20260813,V52_B_E5_C9_1T,True,P3_CONNECTIVITY_DESTINATION_SHIFT,X,0.07605112478498406,0.07039884972715459,0.005652275057829476,0.025632750242948532,0.0,1.4901161193847656e-07,True
R4_LHS_03,R4,1,20260813,V52_B_E5_C9_1T,True,P3_CONNECTIVITY_DESTINATION_SHIFT,Y,0.052012410422394136,0.0472722096587117,0.004740200763682437,0.018550481647253036,0.0,1.4901161193847656e-07,True
R4_LHS_03,R4,1,20260813,V52_B_E5_C9_1T,True,P3_CONNECTIVITY_DESTINATION_SHIFT,Z,0.027979153008598216,0.022532686048878595,0.00544646695971962,0.012767460197210312,0.0,1.4901161193847656e-07,True
R4_LHS_03,R4,1,20260813,V52_CPLUS_E1_C4_2T,True,P3_CONNECTIVITY_DESTINATION_SHIFT,X,0.11002307111140437,0.08927560393085429,0.02074746718055008,0.0693659707903862,0.0,1.4901161193847656e-07,True
R4_LHS_03,R4,1,20260813,V52_CPLUS_E1_C4_2T,True,P3_CONNECTIVITY_DESTINATION_SHIFT,Y,0.05029469770344485,0.04695045249429031,0.0033442452091545435,0.031929101794958115,0.0,1.4901161193847656e-07,True
R4_LHS_03,R4,1,20260813,V52_CPLUS_E1_C4_2T,True,P3_CONNECTIVITY_DESTINATION_SHIFT,Z,0.04882655517618862,0.0434922764936357,0.005334278682552922,0.03418045490980148,0.0,1.4901161193847656e-07,True
R4_LHS_03,R4,1,20260813,V52_C_E6_C10_1T,True,P3_CONNECTIVITY_DESTINATION_SHIFT,X,0.05327388309153645,0.04638799494732313,0.006885888144213322,0.025880638509988785,0.0,1.4901161193847656e-07,True
R4_LHS_03,R4,1,20260813,V52_C_E6_C10_1T,True,P3_CONNECTIVITY_DESTINATION_SHIFT,Y,0.05101766820139982,0.045691641812198654,0.005326026389201169,0.02024688757956028,0.0,1.4901161193847656e-07,True
R4_LHS_03,R4,1,20260813,V52_C_E6_C10_1T,True,P3_CONNECTIVITY_DESTINATION_SHIFT,Z,0.02979723647446161,0.02273475783727374,0.007062478637187869,0.01476137712597847,0.0,1.4901161193847656e-07,True
R4_LHS_03,R4,1,20260813,V52_C_E7_C11_2T,True,P3_CONNECTIVITY_DESTINATION_SHIFT,X,0.11702910541129552,0.09967457681507053,0.017354528596224994,0.06425051391124725,0.0,1.4901161193847656e-07,True
R4_LHS_03,R4,1,20260813,V52_C_E7_C11_2T,True,P3_CONNECTIVITY_DESTINATION_SHIFT,Y,0.05304878688840059,0.04941502843440329,0.003633758453997299,0.02952643856406212,0.0,1.4901161193847656e-07,True
R4_LHS_03,R4,1,20260813,V52_C_E7_C11_2T,True,P3_CONNECTIVITY_DESTINATION_SHIFT,Z,0.05002450014355775,0.045262726422782215,0.004761773720775533,0.03138649836182594,0.0,1.4901161193847656e-07,True
R4_LHS_03,R4,1,20260813,BASE_C8_0T,False,P4_MEAN_NEUTRALIZED_EDGE_MECHANICS,X,0.0,0.0,0.0,0.0,0.0,1.4901161193847656e-07,True
R4_LHS_03,R4,1,20260813,BASE_C8_0T,False,P4_MEAN_NEUTRALIZED_EDGE_MECHANICS,Y,0.0,0.0,0.0,0.0,0.0,1.4901161193847656e-07,True
R4_LHS_03,R4,1,20260813,BASE_C8_0T,False,P4_MEAN_NEUTRALIZED_EDGE_MECHANICS,Z,0.0,0.0,0.0,0.0,0.0,1.4901161193847656e-07,True
R4_LHS_03,R4,1,20260813,V40_A_E7_C11_2T,True,P4_MEAN_NEUTRALIZED_EDGE_MECHANICS,X,0.15766813947208919,0.139141953808404,0.01852618566368519,0.08366261422634125,0.0,1.4901161193847656e-07,True
R4_LHS_03,R4,1,20260813,V40_A_E7_C11_2T,True,P4_MEAN_NEUTRALIZED_EDGE_MECHANICS,Y,0.06342058078640535,0.059245212519072186,0.004175368267333161,0.03302029147744179,0.0,1.4901161193847656e-07,True
R4_LHS_03,R4,1,20260813,V40_A_E7_C11_2T,True,P4_MEAN_NEUTRALIZED_EDGE_MECHANICS,Z,0.05494201037164001,0.05098446337662982,0.003957546995010192,0.03970138356089592,0.0,1.4901161193847656e-07,True
R4_LHS_03,R4,1,20260813,V40_B_E2_C5_2T,True,P4_MEAN_NEUTRALIZED_EDGE_MECHANICS,X,0.14806144762199977,0.12441607159173465,0.02364537603026512,0.08610723912715912,0.0,1.4901161193847656e-07,True
R4_LHS_03,R4,1,20260813,V40_B_E2_C5_2T,True,P4_MEAN_NEUTRALIZED_EDGE_MECHANICS,Y,0.06275290364628659,0.055265575885839975,0.007487327760446617,0.03547808900475502,0.0,1.4901161193847656e-07,True
R4_LHS_03,R4,1,20260813,V40_B_E2_C5_2T,True,P4_MEAN_NEUTRALIZED_EDGE_MECHANICS,Z,0.05173636541001474,0.044170585060892456,0.007565780349122281,0.03970435634255409,0.0,1.4901161193847656e-07,True
R4_LHS_03,R4,1,20260813,V40_B_E6_C10_1T,True,P4_MEAN_NEUTRALIZED_EDGE_MECHANICS,X,0.07136093489762287,0.050585254629510384,0.02077568026811248,0.03823261335492134,0.0,1.4901161193847656e-07,True
R4_LHS_03,R4,1,20260813,V40_B_E6_C10_1T,True,P4_MEAN_NEUTRALIZED_EDGE_MECHANICS,Y,0.05459224424711487,0.048101132181936034,0.006491112065178835,0.02204653061926365,0.0,1.4901161193847656e-07,True
R4_LHS_03,R4,1,20260813,V40_B_E6_C10_1T,True,P4_MEAN_NEUTRALIZED_EDGE_MECHANICS,Z,0.026696234509299276,0.023321885143762166,0.0033743493655371097,0.010233325883746147,0.0,1.4901161193847656e-07,True
R4_LHS_03,R4,1,20260813,V40_CPLUS_E2_C5_2T,True,P4_MEAN_NEUTRALIZED_EDGE_MECHANICS,X,0.11784112126829965,0.09793455286588067,0.019906568402418987,0.08046311885118484,0.0,1.4901161193847656e-07,True
R4_LHS_03,R4,1,20260813,V40_CPLUS_E2_C5_2T,True,P4_MEAN_NEUTRALIZED_EDGE_MECHANICS,Y,0.05946295739483859,0.05323471968450555,0.00622823771033304,0.033483702689409256,0.0,1.4901161193847656e-07,True
R4_LHS_03,R4,1,20260813,V40_CPLUS_E2_C5_2T,True,P4_MEAN_NEUTRALIZED_EDGE_MECHANICS,Z,0.05211771390655249,0.04606069723161192,0.006057016674940567,0.03885746747255325,0.0,1.4901161193847656e-07,True
R4_LHS_03,R4,1,20260813,V40_CPLUS_E4_C7_1T,True,P4_MEAN_NEUTRALIZED_EDGE_MECHANICS,X,0.0840473358396983,0.06624627617469757,0.01780105966500073,0.03105943650007248,0.0,1.4901161193847656e-07,True
R4_LHS_03,R4,1,20260813,V40_CPLUS_E4_C7_1T,True,P4_MEAN_NEUTRALIZED_EDGE_MECHANICS,Y,0.06361186067926632,0.05410171609590023,0.009510144583366083,0.024460209533572197,0.0,1.4901161193847656e-07,True
R4_LHS_03,R4,1,20260813,V40_CPLUS_E4_C7_1T,True,P4_MEAN_NEUTRALIZED_EDGE_MECHANICS,Z,0.028141193250313428,0.026925256074731743,0.0012159371755816849,0.011781559325754642,0.0,1.4901161193847656e-07,True
R4_LHS_03,R4,1,20260813,V40_C_E3_C6_1T,True,P4_MEAN_NEUTRALIZED_EDGE_MECHANICS,X,0.07976713115916662,0.05772588204879813,0.022041249110368484,0.03527854010462761,0.0,1.4901161193847656e-07,True
R4_LHS_03,R4,1,20260813,V40_C_E3_C6_1T,True,P4_MEAN_NEUTRALIZED_EDGE_MECHANICS,Y,0.062072580599923155,0.05169435818110386,0.010378222418819298,0.023671628907322884,0.0,1.4901161193847656e-07,True
R4_LHS_03,R4,1,20260813,V40_C_E3_C6_1T,True,P4_MEAN_NEUTRALIZED_EDGE_MECHANICS,Z,0.0273074372583546,0.024673424980349433,0.0026340122780051656,0.010062414221465588,0.0,1.4901161193847656e-07,True
R4_LHS_03,R4,1,20260813,V40_C_E8_C12_2T,True,P4_MEAN_NEUTRALIZED_EDGE_MECHANICS,X,0.11105411978947193,0.09175473565933474,0.01929938413013718,0.07872334122657776,0.0,1.4901161193847656e-07,True
R4_LHS_03,R4,1,20260813,V40_C_E8_C12_2T,True,P4_MEAN_NEUTRALIZED_EDGE_MECHANICS,Y,0.058645173376618016,0.054772518216207204,0.0038726551604108123,0.03210402652621269,0.0,1.4901161193847656e-07,True
R4_LHS_03,R4,1,20260813,V40_C_E8_C12_2T,True,P4_MEAN_NEUTRALIZED_EDGE_MECHANICS,Z,0.04794967643129612,0.046443573431956126,0.001506102999339995,0.038726601749658585,0.0,1.4901161193847656e-07,True
R4_LHS_03,R4,1,20260813,V52_A_E1_C4_2T,True,P4_MEAN_NEUTRALIZED_EDGE_MECHANICS,X,0.13017947390869075,0.10081845524028503,0.029361018668405722,0.08632391691207886,0.0,1.4901161193847656e-07,True
R4_LHS_03,R4,1,20260813,V52_A_E1_C4_2T,True,P4_MEAN_NEUTRALIZED_EDGE_MECHANICS,Y,0.06658487237206796,0.058107809209638414,0.008477063162429549,0.037217896431684494,0.0,1.4901161193847656e-07,True
R4_LHS_03,R4,1,20260813,V52_A_E1_C4_2T,True,P4_MEAN_NEUTRALIZED_EDGE_MECHANICS,Z,0.05793788230352036,0.0489348032002428,0.009003079103277557,0.03855030611157417,0.0,1.4901161193847656e-07,True
R4_LHS_03,R4,1,20260813,V52_A_E3_C6_1T,True,P4_MEAN_NEUTRALIZED_EDGE_MECHANICS,X,0.11372533122264004,0.07509342388552918,0.03863190733711086,0.05441910773515701,0.0,1.4901161193847656e-07,True
R4_LHS_03,R4,1,20260813,V52_A_E3_C6_1T,True,P4_MEAN_NEUTRALIZED_EDGE_MECHANICS,Y,0.056982804588842834,0.04536751378606483,0.011615290802778004,0.027146628126502037,0.0,1.4901161193847656e-07,True
R4_LHS_03,R4,1,20260813,V52_A_E3_C6_1T,True,P4_MEAN_NEUTRALIZED_EDGE_MECHANICS,Z,0.024178860912091454,0.01970092284164112,0.004477938070450334,0.012814342975616455,0.0,1.4901161193847656e-07,True
R4_LHS_03,R4,1,20260813,V52_B_E5_C9_1T,True,P4_MEAN_NEUTRALIZED_EDGE_MECHANICS,X,0.09004351271110395,0.07039884972715459,0.01964466298394936,0.03909546136856079,0.0,1.4901161193847656e-07,True
R4_LHS_03,R4,1,20260813,V52_B_E5_C9_1T,True,P4_MEAN_NEUTRALIZED_EDGE_MECHANICS,Y,0.05371119640220477,0.0472722096587117,0.006438986743493073,0.02434179000556469,0.0,1.4901161193847656e-07,True
R4_LHS_03,R4,1,20260813,V52_B_E5_C9_1T,True,P4_MEAN_NEUTRALIZED_EDGE_MECHANICS,Z,0.026516373816649803,0.022532686048878595,0.003983687767771207,0.011935699731111526,0.0,1.4901161193847656e-07,True
R4_LHS_03,R4,1,20260813,V52_CPLUS_E1_C4_2T,True,P4_MEAN_NEUTRALIZED_EDGE_MECHANICS,X,0.11114382378863304,0.08927560393085429,0.021868219857778745,0.08148261159658432,0.0,1.4901161193847656e-07,True
R4_LHS_03,R4,1,20260813,V52_CPLUS_E1_C4_2T,True,P4_MEAN_NEUTRALIZED_EDGE_MECHANICS,Y,0.05406390797476721,0.04695045249429031,0.007113455480476906,0.034253835678100586,0.0,1.4901161193847656e-07,True
R4_LHS_03,R4,1,20260813,V52_CPLUS_E1_C4_2T,True,P4_MEAN_NEUTRALIZED_EDGE_MECHANICS,Z,0.04962995806413835,0.0434922764936357,0.006137681570502651,0.035479262471199036,0.0,1.4901161193847656e-07,True
R4_LHS_03,R4,1,20260813,V52_C_E6_C10_1T,True,P4_MEAN_NEUTRALIZED_EDGE_MECHANICS,X,0.0606862923134854,0.04638799494732313,0.014298297366162269,0.03376204892992973,0.0,1.4901161193847656e-07,True
R4_LHS_03,R4,1,20260813,V52_C_E6_C10_1T,True,P4_MEAN_NEUTRALIZED_EDGE_MECHANICS,Y,0.05265710735842763,0.045691641812198654,0.006965465546228976,0.0256648026406765,0.0,1.4901161193847656e-07,True
R4_LHS_03,R4,1,20260813,V52_C_E6_C10_1T,True,P4_MEAN_NEUTRALIZED_EDGE_MECHANICS,Z,0.02687096831039379,0.02273475783727374,0.004136210473120048,0.012106767855584621,0.0,1.4901161193847656e-07,True
R4_LHS_03,R4,1,20260813,V52_C_E7_C11_2T,True,P4_MEAN_NEUTRALIZED_EDGE_MECHANICS,X,0.11669305038024556,0.09967457681507053,0.017018473565175038,0.07983554154634476,0.0,1.4901161193847656e-07,True
R4_LHS_03,R4,1,20260813,V52_C_E7_C11_2T,True,P4_MEAN_NEUTRALIZED_EDGE_MECHANICS,Y,0.05355288567285088,0.04941502843440329,0.00413785723844759,0.0329267717897892,0.0,1.4901161193847656e-07,True
R4_LHS_03,R4,1,20260813,V52_C_E7_C11_2T,True,P4_MEAN_NEUTRALIZED_EDGE_MECHANICS,Z,0.04640149941610051,0.045262726422782215,0.001138772993318292,0.03421998769044876,0.0,1.4901161193847656e-07,True
R4_LHS_03,R4,1,20260813,NOT_APPLICABLE,False,P5_IDENTITY_LOCAL_FRAMES,NA,nan,nan,nan,nan,nan,1.4901161193847656e-07,False
R4_LHS_03,R4,2,20260813,BASE_C2_0T,False,P0_CORRECT,X,0.0,0.0,0.0,0.0,0.0,1.9371509552001953e-07,True
R4_LHS_03,R4,2,20260813,BASE_C2_0T,False,P0_CORRECT,Y,0.0,0.0,0.0,0.0,0.0,1.9371509552001953e-07,True
R4_LHS_03,R4,2,20260813,BASE_C2_0T,False,P0_CORRECT,Z,0.0,0.0,0.0,0.0,0.0,1.9371509552001953e-07,True
R4_LHS_03,R4,2,20260813,V40_A_E4_C7_1T,True,P0_CORRECT,X,0.07904560503693718,0.07904560503693718,0.0,0.0,0.0,1.9371509552001953e-07,True
R4_LHS_03,R4,2,20260813,V40_A_E4_C7_1T,True,P0_CORRECT,Y,0.045486042619785325,0.045486042619785325,0.0,0.0,0.0,1.9371509552001953e-07,True
R4_LHS_03,R4,2,20260813,V40_A_E4_C7_1T,True,P0_CORRECT,Z,0.02246207410374081,0.02246207410374081,0.0,0.0,0.0,1.9371509552001953e-07,True
R4_LHS_03,R4,2,20260813,V40_A_E5_C9_1T,True,P0_CORRECT,X,0.07458025739251813,0.07458025739251813,0.0,0.0,0.0,1.9371509552001953e-07,True
R4_LHS_03,R4,2,20260813,V40_A_E5_C9_1T,True,P0_CORRECT,Y,0.0458141358458124,0.0458141358458124,0.0,0.0,0.0,1.9371509552001953e-07,True
R4_LHS_03,R4,2,20260813,V40_A_E5_C9_1T,True,P0_CORRECT,Z,0.022696223203143316,0.022696223203143316,0.0,0.0,0.0,1.9371509552001953e-07,True
R4_LHS_03,R4,2,20260813,V40_B_E1_C4_2T,True,P0_CORRECT,X,0.09352217242526036,0.09352217242526036,0.0,0.0,0.0,1.9371509552001953e-07,True
R4_LHS_03,R4,2,20260813,V40_B_E1_C4_2T,True,P0_CORRECT,Y,0.04516342192444981,0.04516342192444981,0.0,0.0,0.0,1.9371509552001953e-07,True
R4_LHS_03,R4,2,20260813,V40_B_E1_C4_2T,True,P0_CORRECT,Z,0.04669973207936067,0.04669973207936067,0.0,0.0,0.0,1.9371509552001953e-07,True
R4_LHS_03,R4,2,20260813,V40_B_E5_C9_1T,True,P0_CORRECT,X,0.05762496018984267,0.05762496018984267,0.0,0.0,0.0,1.9371509552001953e-07,True
R4_LHS_03,R4,2,20260813,V40_B_E5_C9_1T,True,P0_CORRECT,Y,0.04283593126206013,0.04283593126206013,0.0,0.0,0.0,1.9371509552001953e-07,True
R4_LHS_03,R4,2,20260813,V40_B_E5_C9_1T,True,P0_CORRECT,Z,0.02034794597863312,0.02034794597863312,0.0,0.0,0.0,1.9371509552001953e-07,True
R4_LHS_03,R4,2,20260813,V40_CPLUS_E8_C12_2T,True,P0_CORRECT,X,0.08948185445487201,0.08948185445487201,0.0,0.0,0.0,1.9371509552001953e-07,True
R4_LHS_03,R4,2,20260813,V40_CPLUS_E8_C12_2T,True,P0_CORRECT,Y,0.034714530346556347,0.034714530346556347,0.0,0.0,0.0,1.9371509552001953e-07,True
R4_LHS_03,R4,2,20260813,V40_CPLUS_E8_C12_2T,True,P0_CORRECT,Z,0.036800029173567006,0.036800029173567006,0.0,0.0,0.0,1.9371509552001953e-07,True
R4_LHS_03,R4,2,20260813,V40_C_E1_C4_2T,True,P0_CORRECT,X,0.097829336098291,0.097829336098291,0.0,0.0,0.0,1.9371509552001953e-07,True
R4_LHS_03,R4,2,20260813,V40_C_E1_C4_2T,True,P0_CORRECT,Y,0.03943971429977301,0.03943971429977301,0.0,0.0,0.0,1.9371509552001953e-07,True
R4_LHS_03,R4,2,20260813,V40_C_E1_C4_2T,True,P0_CORRECT,Z,0.04035567805226915,0.04035567805226915,0.0,0.0,0.0,1.9371509552001953e-07,True
R4_LHS_03,R4,2,20260813,V52_A_E6_C10_1T,True,P0_CORRECT,X,0.05339323984159852,0.05339323984159852,0.0,0.0,0.0,1.9371509552001953e-07,True
R4_LHS_03,R4,2,20260813,V52_A_E6_C10_1T,True,P0_CORRECT,Y,0.040369658188134844,0.040369658188134844,0.0,0.0,0.0,1.9371509552001953e-07,True
R4_LHS_03,R4,2,20260813,V52_A_E6_C10_1T,True,P0_CORRECT,Z,0.019925442056121984,0.019925442056121984,0.0,0.0,0.0,1.9371509552001953e-07,True
R4_LHS_03,R4,2,20260813,V52_B_E2_C5_2T,True,P0_CORRECT,X,0.10993557667736949,0.10993557667736949,0.0,0.0,0.0,1.9371509552001953e-07,True
R4_LHS_03,R4,2,20260813,V52_B_E2_C5_2T,True,P0_CORRECT,Y,0.049413658293942245,0.049413658293942245,0.0,0.0,0.0,1.9371509552001953e-07,True
R4_LHS_03,R4,2,20260813,V52_B_E2_C5_2T,True,P0_CORRECT,Z,0.04860613972022677,0.04860613972022677,0.0,0.0,0.0,1.9371509552001953e-07,True
R4_LHS_03,R4,2,20260813,V52_B_E7_C11_2T,True,P0_CORRECT,X,0.11133252874967939,0.11133252874967939,0.0,0.0,0.0,1.9371509552001953e-07,True
R4_LHS_03,R4,2,20260813,V52_B_E7_C11_2T,True,P0_CORRECT,Y,0.043183264733209346,0.043183264733209346,0.0,0.0,0.0,1.9371509552001953e-07,True
R4_LHS_03,R4,2,20260813,V52_B_E7_C11_2T,True,P0_CORRECT,Z,0.04264122035899588,0.04264122035899588,0.0,0.0,0.0,1.9371509552001953e-07,True
R4_LHS_03,R4,2,20260813,V52_CPLUS_E3_C6_1T,True,P0_CORRECT,X,0.03546378639416867,0.03546378639416867,0.0,0.0,0.0,1.9371509552001953e-07,True
R4_LHS_03,R4,2,20260813,V52_CPLUS_E3_C6_1T,True,P0_CORRECT,Y,0.038177314370989084,0.038177314370989084,0.0,0.0,0.0,1.9371509552001953e-07,True
R4_LHS_03,R4,2,20260813,V52_CPLUS_E3_C6_1T,True,P0_CORRECT,Z,0.023133201775344604,0.023133201775344604,0.0,0.0,0.0,1.9371509552001953e-07,True
R4_LHS_03,R4,2,20260813,V52_CPLUS_E7_C11_2T,True,P0_CORRECT,X,0.09658242506251809,0.09658242506251809,0.0,0.0,0.0,1.9371509552001953e-07,True
R4_LHS_03,R4,2,20260813,V52_CPLUS_E7_C11_2T,True,P0_CORRECT,Y,0.036930459217561794,0.036930459217561794,0.0,0.0,0.0,1.9371509552001953e-07,True
R4_LHS_03,R4,2,20260813,V52_CPLUS_E7_C11_2T,True,P0_CORRECT,Z,0.038690714004672576,0.038690714004672576,0.0,0.0,0.0,1.9371509552001953e-07,True
R4_LHS_03,R4,2,20260813,V52_C_E3_C6_1T,True,P0_CORRECT,X,0.04576597246660555,0.04576597246660555,0.0,0.0,0.0,1.9371509552001953e-07,True
R4_LHS_03,R4,2,20260813,V52_C_E3_C6_1T,True,P0_CORRECT,Y,0.039387066081976306,0.039387066081976306,0.0,0.0,0.0,1.9371509552001953e-07,True
R4_LHS_03,R4,2,20260813,V52_C_E3_C6_1T,True,P0_CORRECT,Z,0.017491269355530997,0.017491269355530997,0.0,0.0,0.0,1.9371509552001953e-07,True
R4_LHS_03,R4,2,20260813,V52_C_E8_C12_2T,True,P0_CORRECT,X,0.09273748169013005,0.09273748169013005,0.0,0.0,0.0,1.9371509552001953e-07,True
R4_LHS_03,R4,2,20260813,V52_C_E8_C12_2T,True,P0_CORRECT,Y,0.03985517147486175,0.03985517147486175,0.0,0.0,0.0,1.9371509552001953e-07,True
R4_LHS_03,R4,2,20260813,V52_C_E8_C12_2T,True,P0_CORRECT,Z,0.03928116770787218,0.03928116770787218,0.0,0.0,0.0,1.9371509552001953e-07,True
R4_LHS_03,R4,2,20260813,BASE_C2_0T,False,P1_CONSISTENT_NODE_RELABEL,X,0.0,0.0,0.0,0.0,0.0,1.9371509552001953e-07,True
R4_LHS_03,R4,2,20260813,BASE_C2_0T,False,P1_CONSISTENT_NODE_RELABEL,Y,0.0,0.0,0.0,0.0,0.0,1.9371509552001953e-07,True
R4_LHS_03,R4,2,20260813,BASE_C2_0T,False,P1_CONSISTENT_NODE_RELABEL,Z,0.0,0.0,0.0,0.0,0.0,1.9371509552001953e-07,True
R4_LHS_03,R4,2,20260813,V40_A_E4_C7_1T,True,P1_CONSISTENT_NODE_RELABEL,X,0.07904560778970342,0.07904560503693718,2.7527662371795714e-09,4.0052844951787847e-07,0.0,1.9371509552001953e-07,True
R4_LHS_03,R4,2,20260813,V40_A_E4_C7_1T,True,P1_CONSISTENT_NODE_RELABEL,Y,0.04548605031147046,0.045486042619785325,7.691685136035353e-09,6.313971994131862e-07,0.0,1.9371509552001953e-07,True
R4_LHS_03,R4,2,20260813,V40_A_E4_C7_1T,True,P1_CONSISTENT_NODE_RELABEL,Z,0.02246209388478134,0.02246207410374081,1.9781040531269278e-08,5.465631147671957e-07,0.0,1.9371509552001953e-07,True
R4_LHS_03,R4,2,20260813,V40_A_E5_C9_1T,True,P1_CONSISTENT_NODE_RELABEL,X,0.07458025440911227,0.07458025739251813,-2.9834058556943432e-09,3.285914829120884e-07,0.0,1.9371509552001953e-07,True
R4_LHS_03,R4,2,20260813,V40_A_E5_C9_1T,True,P1_CONSISTENT_NODE_RELABEL,Y,0.04581414680364281,0.0458141358458124,1.095783041388243e-08,4.721211723790475e-07,0.0,1.9371509552001953e-07,True
R4_LHS_03,R4,2,20260813,V40_A_E5_C9_1T,True,P1_CONSISTENT_NODE_RELABEL,Z,0.02269622890952177,0.022696223203143316,5.706378453096406e-09,3.8815295511085424e-07,0.0,1.9371509552001953e-07,True
R4_LHS_03,R4,2,20260813,V40_B_E1_C4_2T,True,P1_CONSISTENT_NODE_RELABEL,X,0.09352216916413647,0.09352217242526036,-3.261123884823469e-09,3.5785117802333843e-07,0.0,1.9371509552001953e-07,True
R4_LHS_03,R4,2,20260813,V40_B_E1_C4_2T,True,P1_CONSISTENT_NODE_RELABEL,Y,0.04516341750144958,0.04516342192444981,-4.42300022995834e-09,3.434343511798943e-07,0.0,1.9371509552001953e-07,True
R4_LHS_03,R4,2,20260813,V40_B_E1_C4_2T,True,P1_CONSISTENT_NODE_RELABEL,Z,0.04669972880990486,0.04669973207936067,-3.269455810250843e-09,4.405675326779601e-07,0.0,1.9371509552001953e-07,True
R4_LHS_03,R4,2,20260813,V40_B_E5_C9_1T,True,P1_CONSISTENT_NODE_RELABEL,X,0.05762496502342224,0.05762496018984267,4.833579564378354e-09,2.9524755973397987e-07,0.0,1.9371509552001953e-07,True
R4_LHS_03,R4,2,20260813,V40_B_E5_C9_1T,True,P1_CONSISTENT_NODE_RELABEL,Y,0.04283593607824056,0.04283593126206013,4.816180426692185e-09,4.083388489561912e-07,0.0,1.9371509552001953e-07,True
R4_LHS_03,R4,2,20260813,V40_B_E5_C9_1T,True,P1_CONSISTENT_NODE_RELABEL,Z,0.02034795078444527,0.02034794597863312,4.805812147540278e-09,3.7274332953529665e-07,0.0,1.9371509552001953e-07,True
R4_LHS_03,R4,2,20260813,V40_CPLUS_E8_C12_2T,True,P1_CONSISTENT_NODE_RELABEL,X,0.08948185305365097,0.08948185445487201,-1.4012210419744875e-09,3.5637523865261755e-07,0.0,1.9371509552001953e-07,True
R4_LHS_03,R4,2,20260813,V40_CPLUS_E8_C12_2T,True,P1_CONSISTENT_NODE_RELABEL,Y,0.03471452411292186,0.034714530346556347,-6.2336344835989266e-09,3.243700348320999e-07,0.0,1.9371509552001953e-07,True
R4_LHS_03,R4,2,20260813,V40_CPLUS_E8_C12_2T,True,P1_CONSISTENT_NODE_RELABEL,Z,0.036800025618086984,0.036800029173567006,-3.5554800215109594e-09,3.9667219198236126e-07,0.0,1.9371509552001953e-07,True
R4_LHS_03,R4,2,20260813,V40_C_E1_C4_2T,True,P1_CONSISTENT_NODE_RELABEL,X,0.09782933870330375,0.097829336098291,2.605012747181057e-09,3.351410953200684e-07,0.0,1.9371509552001953e-07,True
R4_LHS_03,R4,2,20260813,V40_C_E1_C4_2T,True,P1_CONSISTENT_NODE_RELABEL,Y,0.039439719014771564,0.03943971429977301,4.714998551313965e-09,2.7733028673537774e-07,0.0,1.9371509552001953e-07,True
R4_LHS_03,R4,2,20260813,V40_C_E1_C4_2T,True,P1_CONSISTENT_NODE_RELABEL,Z,0.04035569675514977,0.04035567805226915,1.870288061922576e-08,3.7663352259187377e-07,0.0,1.9371509552001953e-07,True
R4_LHS_03,R4,2,20260813,V52_A_E6_C10_1T,True,P1_CONSISTENT_NODE_RELABEL,X,0.053393243748069426,0.05339323984159852,3.9064709037028855e-09,3.281137992416916e-07,0.0,1.9371509552001953e-07,True
R4_LHS_03,R4,2,20260813,V52_A_E6_C10_1T,True,P1_CONSISTENT_NODE_RELABEL,Y,0.040369661837956435,0.040369658188134844,3.649821590789859e-09,4.44287536538468e-07,0.0,1.9371509552001953e-07,True
R4_LHS_03,R4,2,20260813,V52_A_E6_C10_1T,True,P1_CONSISTENT_NODE_RELABEL,Z,0.01992543193975054,0.019925442056121984,-1.0116371441937222e-08,3.5806536402560596e-07,0.0,1.9371509552001953e-07,True
R4_LHS_03,R4,2,20260813,V52_B_E2_C5_2T,True,P1_CONSISTENT_NODE_RELABEL,X,0.10993557393624796,0.10993557667736949,-2.7411215242079123e-09,4.869854706157639e-07,0.0,1.9371509552001953e-07,True
R4_LHS_03,R4,2,20260813,V52_B_E2_C5_2T,True,P1_CONSISTENT_NODE_RELABEL,Y,0.049413648008565826,0.049413658293942245,-1.0285376418617265e-08,6.277252282416157e-07,0.0,1.9371509552001953e-07,True
R4_LHS_03,R4,2,20260813,V52_B_E2_C5_2T,True,P1_CONSISTENT_NODE_RELABEL,Z,0.048606119967214596,0.04860613972022677,-1.9753012170387052e-08,8.57887641814159e-07,0.0,1.9371509552001953e-07,True
R4_LHS_03,R4,2,20260813,V52_B_E7_C11_2T,True,P1_CONSISTENT_NODE_RELABEL,X,0.11133250266869434,0.11133252874967939,-2.6080985052190364e-08,3.567145938632166e-07,0.0,1.9371509552001953e-07,True
R4_LHS_03,R4,2,20260813,V52_B_E7_C11_2T,True,P1_CONSISTENT_NODE_RELABEL,Y,0.043183266417816814,0.043183264733209346,1.684607467411503e-09,3.4356881428720953e-07,0.0,1.9371509552001953e-07,True
R4_LHS_03,R4,2,20260813,V52_B_E7_C11_2T,True,P1_CONSISTENT_NODE_RELABEL,Z,0.04264120311625333,0.04264122035899588,-1.7242742553214008e-08,4.734372964776412e-07,0.0,1.9371509552001953e-07,True
R4_LHS_03,R4,2,20260813,V52_CPLUS_E3_C6_1T,True,P1_CONSISTENT_NODE_RELABEL,X,0.035463784042029975,0.03546378639416867,-2.352138692152117e-09,2.5869832143143867e-07,0.0,1.9371509552001953e-07,True
R4_LHS_03,R4,2,20260813,V52_CPLUS_E3_C6_1T,True,P1_CONSISTENT_NODE_RELABEL,Y,0.03817731654340905,0.038177314370989084,2.172419966139927e-09,4.956842758474522e-07,0.0,1.9371509552001953e-07,True
R4_LHS_03,R4,2,20260813,V52_CPLUS_E3_C6_1T,True,P1_CONSISTENT_NODE_RELABEL,Z,0.023133211630634424,0.023133201775344604,9.855289820337454e-09,5.182839686312946e-07,0.0,1.9371509552001953e-07,True
R4_LHS_03,R4,2,20260813,V52_CPLUS_E7_C11_2T,True,P1_CONSISTENT_NODE_RELABEL,X,0.09658241492332505,0.09658242506251809,-1.0139193040714645e-08,4.49452329576161e-07,0.0,1.9371509552001953e-07,True
R4_LHS_03,R4,2,20260813,V52_CPLUS_E7_C11_2T,True,P1_CONSISTENT_NODE_RELABEL,Y,0.036930474174018006,0.036930459217561794,1.4956456212411595e-08,4.974980924998817e-07,0.0,1.9371509552001953e-07,True
R4_LHS_03,R4,2,20260813,V52_CPLUS_E7_C11_2T,True,P1_CONSISTENT_NODE_RELABEL,Z,0.03869069123677107,0.038690714004672576,-2.276790150856911e-08,6.687009204142669e-07,0.0,1.9371509552001953e-07,True
R4_LHS_03,R4,2,20260813,V52_C_E3_C6_1T,True,P1_CONSISTENT_NODE_RELABEL,X,0.04576597111472494,0.04576597246660555,-1.351880607458611e-09,2.5063133080038824e-07,0.0,1.9371509552001953e-07,True
R4_LHS_03,R4,2,20260813,V52_C_E3_C6_1T,True,P1_CONSISTENT_NODE_RELABEL,Y,0.03938706742191691,0.039387066081976306,1.3399406029179772e-09,3.296520958429028e-07,0.0,1.9371509552001953e-07,True
R4_LHS_03,R4,2,20260813,V52_C_E3_C6_1T,True,P1_CONSISTENT_NODE_RELABEL,Z,0.01749127197536924,0.017491269355530997,2.619838242179373e-09,2.9686680136364885e-07,0.0,1.9371509552001953e-07,True
R4_LHS_03,R4,2,20260813,V52_C_E8_C12_2T,True,P1_CONSISTENT_NODE_RELABEL,X,0.09273748313243738,0.09273748169013005,1.442307329124759e-09,4.4110919361628476e-07,0.0,1.9371509552001953e-07,True
R4_LHS_03,R4,2,20260813,V52_C_E8_C12_2T,True,P1_CONSISTENT_NODE_RELABEL,Y,0.039855166230955946,0.03985517147486175,-5.243905802643223e-09,5.035493586547091e-07,0.0,1.9371509552001953e-07,True
R4_LHS_03,R4,2,20260813,V52_C_E8_C12_2T,True,P1_CONSISTENT_NODE_RELABEL,Z,0.03928117455082395,0.03928116770787218,6.84295176772709e-09,6.535004786201171e-07,0.0,1.9371509552001953e-07,True
R4_LHS_03,R4,2,20260813,BASE_C2_0T,False,P2_EDGE_ATTRIBUTE_MISMATCH,X,0.0,0.0,0.0,0.0,0.0,1.9371509552001953e-07,True
R4_LHS_03,R4,2,20260813,BASE_C2_0T,False,P2_EDGE_ATTRIBUTE_MISMATCH,Y,0.0,0.0,0.0,0.0,0.0,1.9371509552001953e-07,True
R4_LHS_03,R4,2,20260813,BASE_C2_0T,False,P2_EDGE_ATTRIBUTE_MISMATCH,Z,0.0,0.0,0.0,0.0,0.0,1.9371509552001953e-07,True
R4_LHS_03,R4,2,20260813,V40_A_E4_C7_1T,True,P2_EDGE_ATTRIBUTE_MISMATCH,X,0.07075988238368908,0.07904560503693718,-0.008285722653248104,0.0254434235394001,0.0,1.9371509552001953e-07,True
R4_LHS_03,R4,2,20260813,V40_A_E4_C7_1T,True,P2_EDGE_ATTRIBUTE_MISMATCH,Y,0.04523993395277106,0.045486042619785325,-0.0002461086670142651,0.01634029857814312,0.0,1.9371509552001953e-07,True
R4_LHS_03,R4,2,20260813,V40_A_E4_C7_1T,True,P2_EDGE_ATTRIBUTE_MISMATCH,Z,0.023301391663214627,0.02246207410374081,0.0008393175594738171,0.0071407463401556015,0.0,1.9371509552001953e-07,True
R4_LHS_03,R4,2,20260813,V40_A_E5_C9_1T,True,P2_EDGE_ATTRIBUTE_MISMATCH,X,0.08215548868030656,0.07458025739251813,0.007575231287788434,0.030422043055295944,0.0,1.9371509552001953e-07,True
R4_LHS_03,R4,2,20260813,V40_A_E5_C9_1T,True,P2_EDGE_ATTRIBUTE_MISMATCH,Y,0.05047517284080882,0.0458141358458124,0.004661036994996419,0.01721060276031494,0.0,1.9371509552001953e-07,True
R4_LHS_03,R4,2,20260813,V40_A_E5_C9_1T,True,P2_EDGE_ATTRIBUTE_MISMATCH,Z,0.023944594720670814,0.022696223203143316,0.0012483715175274981,0.007329409010708332,0.0,1.9371509552001953e-07,True
R4_LHS_03,R4,2,20260813,V40_B_E1_C4_2T,True,P2_EDGE_ATTRIBUTE_MISMATCH,X,0.10008406467963808,0.09352217242526036,0.006561892254377727,0.04146454110741615,0.0,1.9371509552001953e-07,True
R4_LHS_03,R4,2,20260813,V40_B_E1_C4_2T,True,P2_EDGE_ATTRIBUTE_MISMATCH,Y,0.049457056751496774,0.04516342192444981,0.004293634827046963,0.01714998111128807,0.0,1.9371509552001953e-07,True
R4_LHS_03,R4,2,20260813,V40_B_E1_C4_2T,True,P2_EDGE_ATTRIBUTE_MISMATCH,Z,0.04845622827840916,0.04669973207936067,0.0017564961990484892,0.016211379319429398,0.0,1.9371509552001953e-07,True
R4_LHS_03,R4,2,20260813,V40_B_E5_C9_1T,True,P2_EDGE_ATTRIBUTE_MISMATCH,X,0.06163488388753937,0.05762496018984267,0.004009923697696698,0.025828521698713303,0.0,1.9371509552001953e-07,True
R4_LHS_03,R4,2,20260813,V40_B_E5_C9_1T,True,P2_EDGE_ATTRIBUTE_MISMATCH,Y,0.046954125337404416,0.04283593126206013,0.004118194075344285,0.01734045147895813,0.0,1.9371509552001953e-07,True
R4_LHS_03,R4,2,20260813,V40_B_E5_C9_1T,True,P2_EDGE_ATTRIBUTE_MISMATCH,Z,0.021749539283615695,0.02034794597863312,0.0014015933049825735,0.008462601341307163,0.0,1.9371509552001953e-07,True
R4_LHS_03,R4,2,20260813,V40_CPLUS_E8_C12_2T,True,P2_EDGE_ATTRIBUTE_MISMATCH,X,0.09500170661996224,0.08948185445487201,0.005519852165090225,0.04081421345472336,0.0,1.9371509552001953e-07,True
R4_LHS_03,R4,2,20260813,V40_CPLUS_E8_C12_2T,True,P2_EDGE_ATTRIBUTE_MISMATCH,Y,0.03712916694146699,0.034714530346556347,0.0024146365949106463,0.01662982441484928,0.0,1.9371509552001953e-07,True
R4_LHS_03,R4,2,20260813,V40_CPLUS_E8_C12_2T,True,P2_EDGE_ATTRIBUTE_MISMATCH,Z,0.0391852871815147,0.036800029173567006,0.0023852580079476923,0.01664486527442932,0.0,1.9371509552001953e-07,True
R4_LHS_03,R4,2,20260813,V40_C_E1_C4_2T,True,P2_EDGE_ATTRIBUTE_MISMATCH,X,0.10422925521424654,0.097829336098291,0.006399919115955541,0.04170197993516922,0.0,1.9371509552001953e-07,True
R4_LHS_03,R4,2,20260813,V40_C_E1_C4_2T,True,P2_EDGE_ATTRIBUTE_MISMATCH,Y,0.04294162397270754,0.03943971429977301,0.003501909672934525,0.017348013818264008,0.0,1.9371509552001953e-07,True
R4_LHS_03,R4,2,20260813,V40_C_E1_C4_2T,True,P2_EDGE_ATTRIBUTE_MISMATCH,Z,0.042408352853702556,0.04035567805226915,0.002052674801433403,0.01672207936644554,0.0,1.9371509552001953e-07,True
R4_LHS_03,R4,2,20260813,V52_A_E6_C10_1T,True,P2_EDGE_ATTRIBUTE_MISMATCH,X,0.055176465845023,0.05339323984159852,0.0017832260034244748,0.0244650486856699,0.0,1.9371509552001953e-07,True
R4_LHS_03,R4,2,20260813,V52_A_E6_C10_1T,True,P2_EDGE_ATTRIBUTE_MISMATCH,Y,0.04263240879033435,0.040369658188134844,0.0022627506021995064,0.014347221702337265,0.0,1.9371509552001953e-07,True
R4_LHS_03,R4,2,20260813,V52_A_E6_C10_1T,True,P2_EDGE_ATTRIBUTE_MISMATCH,Z,0.021433193842478514,0.019925442056121984,0.0015077517863565301,0.0059302267618477345,0.0,1.9371509552001953e-07,True
R4_LHS_03,R4,2,20260813,V52_B_E2_C5_2T,True,P2_EDGE_ATTRIBUTE_MISMATCH,X,0.11365445535070068,0.10993557667736949,0.0037188786733311913,0.04113968834280968,0.0,1.9371509552001953e-07,True
R4_LHS_03,R4,2,20260813,V52_B_E2_C5_2T,True,P2_EDGE_ATTRIBUTE_MISMATCH,Y,0.053274387730220994,0.049413658293942245,0.0038607294362787495,0.018482066690921783,0.0,1.9371509552001953e-07,True
R4_LHS_03,R4,2,20260813,V52_B_E2_C5_2T,True,P2_EDGE_ATTRIBUTE_MISMATCH,Z,0.049268685231953734,0.04860613972022677,0.0006625455117269669,0.017093252390623093,0.0,1.9371509552001953e-07,True
R4_LHS_03,R4,2,20260813,V52_B_E7_C11_2T,True,P2_EDGE_ATTRIBUTE_MISMATCH,X,0.11112019709134734,0.11133252874967939,-0.0002123316583320517,0.03846725448966026,0.0,1.9371509552001953e-07,True
R4_LHS_03,R4,2,20260813,V52_B_E7_C11_2T,True,P2_EDGE_ATTRIBUTE_MISMATCH,Y,0.04490821176052986,0.043183264733209346,0.0017249470273205114,0.017231976613402367,0.0,1.9371509552001953e-07,True
R4_LHS_03,R4,2,20260813,V52_B_E7_C11_2T,True,P2_EDGE_ATTRIBUTE_MISMATCH,Z,0.04331637296879868,0.04264122035899588,0.0006751526098027968,0.01651894859969616,0.0,1.9371509552001953e-07,True
R4_LHS_03,R4,2,20260813,V52_CPLUS_E3_C6_1T,True,P2_EDGE_ATTRIBUTE_MISMATCH,X,0.036281704174079166,0.03546378639416867,0.0008179177799104986,0.021055683493614197,0.0,1.9371509552001953e-07,True
R4_LHS_03,R4,2,20260813,V52_CPLUS_E3_C6_1T,True,P2_EDGE_ATTRIBUTE_MISMATCH,Y,0.040401266022961756,0.038177314370989084,0.002223951651972672,0.01850862242281437,0.0,1.9371509552001953e-07,True
R4_LHS_03,R4,2,20260813,V52_CPLUS_E3_C6_1T,True,P2_EDGE_ATTRIBUTE_MISMATCH,Z,0.02289091780138493,0.023133201775344604,-0.00024228397395967272,0.010913936421275139,0.0,1.9371509552001953e-07,True
R4_LHS_03,R4,2,20260813,V52_CPLUS_E7_C11_2T,True,P2_EDGE_ATTRIBUTE_MISMATCH,X,0.09921139389462263,0.09658242506251809,0.0026289688321045473,0.03967903554439545,0.0,1.9371509552001953e-07,True
R4_LHS_03,R4,2,20260813,V52_CPLUS_E7_C11_2T,True,P2_EDGE_ATTRIBUTE_MISMATCH,Y,0.03896071036467845,0.036930459217561794,0.002030251147116656,0.016866346821188927,0.0,1.9371509552001953e-07,True
R4_LHS_03,R4,2,20260813,V52_CPLUS_E7_C11_2T,True,P2_EDGE_ATTRIBUTE_MISMATCH,Z,0.03948425436600816,0.038690714004672576,0.0007935403613355818,0.017144067212939262,0.0,1.9371509552001953e-07,True
R4_LHS_03,R4,2,20260813,V52_C_E3_C6_1T,True,P2_EDGE_ATTRIBUTE_MISMATCH,X,0.04259426195534261,0.04576597246660555,-0.003171710511262936,0.022073233500123024,0.0,1.9371509552001953e-07,True
R4_LHS_03,R4,2,20260813,V52_C_E3_C6_1T,True,P2_EDGE_ATTRIBUTE_MISMATCH,Y,0.04163697350553797,0.039387066081976306,0.0022499074235616673,0.017713375389575958,0.0,1.9371509552001953e-07,True
R4_LHS_03,R4,2,20260813,V52_C_E3_C6_1T,True,P2_EDGE_ATTRIBUTE_MISMATCH,Z,0.01998180684299985,0.017491269355530997,0.002490537487468851,0.009312467649579048,0.0,1.9371509552001953e-07,True
R4_LHS_03,R4,2,20260813,V52_C_E8_C12_2T,True,P2_EDGE_ATTRIBUTE_MISMATCH,X,0.09337620770108931,0.09273748169013005,0.0006387260109592674,0.03936302661895752,0.0,1.9371509552001953e-07,True
R4_LHS_03,R4,2,20260813,V52_C_E8_C12_2T,True,P2_EDGE_ATTRIBUTE_MISMATCH,Y,0.04084782342713319,0.03985517147486175,0.0009926519522714394,0.01719198189675808,0.0,1.9371509552001953e-07,True
R4_LHS_03,R4,2,20260813,V52_C_E8_C12_2T,True,P2_EDGE_ATTRIBUTE_MISMATCH,Z,0.03932701240972219,0.03928116770787218,4.584470185000494e-05,0.016877712681889534,0.0,1.9371509552001953e-07,True
R4_LHS_03,R4,2,20260813,BASE_C2_0T,False,P3_CONNECTIVITY_DESTINATION_SHIFT,X,0.0,0.0,0.0,0.0,0.0,1.9371509552001953e-07,True
R4_LHS_03,R4,2,20260813,BASE_C2_0T,False,P3_CONNECTIVITY_DESTINATION_SHIFT,Y,0.0,0.0,0.0,0.0,0.0,1.9371509552001953e-07,True
R4_LHS_03,R4,2,20260813,BASE_C2_0T,False,P3_CONNECTIVITY_DESTINATION_SHIFT,Z,0.0,0.0,0.0,0.0,0.0,1.9371509552001953e-07,True
R4_LHS_03,R4,2,20260813,V40_A_E4_C7_1T,True,P3_CONNECTIVITY_DESTINATION_SHIFT,X,0.07506558752013025,0.07904560503693718,-0.003980017516806933,0.030625127255916595,0.0,1.9371509552001953e-07,True
R4_LHS_03,R4,2,20260813,V40_A_E4_C7_1T,True,P3_CONNECTIVITY_DESTINATION_SHIFT,Y,0.045496705992639115,0.045486042619785325,1.0663372853790543e-05,0.021288644522428513,0.0,1.9371509552001953e-07,True
R4_LHS_03,R4,2,20260813,V40_A_E4_C7_1T,True,P3_CONNECTIVITY_DESTINATION_SHIFT,Z,0.021965324175532805,0.02246207410374081,-0.0004967499282080047,0.01102921087294817,0.0,1.9371509552001953e-07,True
R4_LHS_03,R4,2,20260813,V40_A_E5_C9_1T,True,P3_CONNECTIVITY_DESTINATION_SHIFT,X,0.0830600134967264,0.07458025739251813,0.008479756104208272,0.034824106842279434,0.0,1.9371509552001953e-07,True
R4_LHS_03,R4,2,20260813,V40_A_E5_C9_1T,True,P3_CONNECTIVITY_DESTINATION_SHIFT,Y,0.052249135237021266,0.0458141358458124,0.006434999391208868,0.021410837769508362,0.0,1.9371509552001953e-07,True
R4_LHS_03,R4,2,20260813,V40_A_E5_C9_1T,True,P3_CONNECTIVITY_DESTINATION_SHIFT,Z,0.022792915287436898,0.022696223203143316,9.669208429358145e-05,0.00939257349818945,0.0,1.9371509552001953e-07,True
R4_LHS_03,R4,2,20260813,V40_B_E1_C4_2T,True,P3_CONNECTIVITY_DESTINATION_SHIFT,X,0.11139080110169672,0.09352217242526036,0.017868628676436363,0.06163276731967926,0.0,1.9371509552001953e-07,True
R4_LHS_03,R4,2,20260813,V40_B_E1_C4_2T,True,P3_CONNECTIVITY_DESTINATION_SHIFT,Y,0.052750565152538315,0.04516342192444981,0.007587143228088504,0.02305365912616253,0.0,1.9371509552001953e-07,True
R4_LHS_03,R4,2,20260813,V40_B_E1_C4_2T,True,P3_CONNECTIVITY_DESTINATION_SHIFT,Z,0.052983547090295464,0.04669973207936067,0.006283815010934793,0.025175590068101883,0.0,1.9371509552001953e-07,True
R4_LHS_03,R4,2,20260813,V40_B_E5_C9_1T,True,P3_CONNECTIVITY_DESTINATION_SHIFT,X,0.0660905253248491,0.05762496018984267,0.008465565135006431,0.03152516111731529,0.0,1.9371509552001953e-07,True
R4_LHS_03,R4,2,20260813,V40_B_E5_C9_1T,True,P3_CONNECTIVITY_DESTINATION_SHIFT,Y,0.04979639268397929,0.04283593126206013,0.0069604614219191605,0.021914001554250717,0.0,1.9371509552001953e-07,True
R4_LHS_03,R4,2,20260813,V40_B_E5_C9_1T,True,P3_CONNECTIVITY_DESTINATION_SHIFT,Z,0.022438843738627375,0.02034794597863312,0.002090897759994253,0.010135832242667675,0.0,1.9371509552001953e-07,True
R4_LHS_03,R4,2,20260813,V40_CPLUS_E8_C12_2T,True,P3_CONNECTIVITY_DESTINATION_SHIFT,X,0.1126598783898798,0.08948185445487201,0.023178023935007785,0.05959635227918625,0.0,1.9371509552001953e-07,True
R4_LHS_03,R4,2,20260813,V40_CPLUS_E8_C12_2T,True,P3_CONNECTIVITY_DESTINATION_SHIFT,Y,0.04008796943768499,0.034714530346556347,0.00537343909112864,0.021787352859973907,0.0,1.9371509552001953e-07,True
R4_LHS_03,R4,2,20260813,V40_CPLUS_E8_C12_2T,True,P3_CONNECTIVITY_DESTINATION_SHIFT,Z,0.045594813122182457,0.036800029173567006,0.00879478394861545,0.02393444813787937,0.0,1.9371509552001953e-07,True
R4_LHS_03,R4,2,20260813,V40_C_E1_C4_2T,True,P3_CONNECTIVITY_DESTINATION_SHIFT,X,0.11375381245550908,0.097829336098291,0.01592447635721808,0.060786958783864975,0.0,1.9371509552001953e-07,True
R4_LHS_03,R4,2,20260813,V40_C_E1_C4_2T,True,P3_CONNECTIVITY_DESTINATION_SHIFT,Y,0.046715129915215814,0.03943971429977301,0.007275415615442801,0.023292874917387962,0.0,1.9371509552001953e-07,True
R4_LHS_03,R4,2,20260813,V40_C_E1_C4_2T,True,P3_CONNECTIVITY_DESTINATION_SHIFT,Z,0.04814850694762519,0.04035567805226915,0.007792828895356034,0.02543257363140583,0.0,1.9371509552001953e-07,True
R4_LHS_03,R4,2,20260813,V52_A_E6_C10_1T,True,P3_CONNECTIVITY_DESTINATION_SHIFT,X,0.05567785839905646,0.05339323984159852,0.002284618557457936,0.030318109318614006,0.0,1.9371509552001953e-07,True
R4_LHS_03,R4,2,20260813,V52_A_E6_C10_1T,True,P3_CONNECTIVITY_DESTINATION_SHIFT,Y,0.04315528716546177,0.040369658188134844,0.002785628977326926,0.01837550848722458,0.0,1.9371509552001953e-07,True
R4_LHS_03,R4,2,20260813,V52_A_E6_C10_1T,True,P3_CONNECTIVITY_DESTINATION_SHIFT,Z,0.019894007352488984,0.019925442056121984,-3.143470363299941e-05,0.008712787181138992,0.0,1.9371509552001953e-07,True
R4_LHS_03,R4,2,20260813,V52_B_E2_C5_2T,True,P3_CONNECTIVITY_DESTINATION_SHIFT,X,0.12964473369100146,0.10993557667736949,0.019709157013631975,0.06171669811010361,0.0,1.9371509552001953e-07,True
R4_LHS_03,R4,2,20260813,V52_B_E2_C5_2T,True,P3_CONNECTIVITY_DESTINATION_SHIFT,Y,0.05721070719284734,0.049413658293942245,0.007797048898905097,0.024053316563367844,0.0,1.9371509552001953e-07,True
R4_LHS_03,R4,2,20260813,V52_B_E2_C5_2T,True,P3_CONNECTIVITY_DESTINATION_SHIFT,Z,0.054834255090782866,0.04860613972022677,0.006228115370556099,0.02698512189090252,0.0,1.9371509552001953e-07,True
R4_LHS_03,R4,2,20260813,V52_B_E7_C11_2T,True,P3_CONNECTIVITY_DESTINATION_SHIFT,X,0.1334272244759612,0.11133252874967939,0.02209469572628181,0.05865435674786568,0.0,1.9371509552001953e-07,True
R4_LHS_03,R4,2,20260813,V52_B_E7_C11_2T,True,P3_CONNECTIVITY_DESTINATION_SHIFT,Y,0.05128529001426034,0.043183264733209346,0.008102025281050994,0.023675277829170227,0.0,1.9371509552001953e-07,True
R4_LHS_03,R4,2,20260813,V52_B_E7_C11_2T,True,P3_CONNECTIVITY_DESTINATION_SHIFT,Z,0.05286943080584017,0.04264122035899588,0.010228210446844285,0.026680395007133484,0.0,1.9371509552001953e-07,True
R4_LHS_03,R4,2,20260813,V52_CPLUS_E3_C6_1T,True,P3_CONNECTIVITY_DESTINATION_SHIFT,X,0.0400460862042143,0.03546378639416867,0.004582299810045633,0.029555991291999817,0.0,1.9371509552001953e-07,True
R4_LHS_03,R4,2,20260813,V52_CPLUS_E3_C6_1T,True,P3_CONNECTIVITY_DESTINATION_SHIFT,Y,0.04272638814790072,0.038177314370989084,0.004549073776911633,0.024499818682670593,0.0,1.9371509552001953e-07,True
R4_LHS_03,R4,2,20260813,V52_CPLUS_E3_C6_1T,True,P3_CONNECTIVITY_DESTINATION_SHIFT,Z,0.02350615034765494,0.023133201775344604,0.00037294857231033596,0.014001725241541862,0.0,1.9371509552001953e-07,True
R4_LHS_03,R4,2,20260813,V52_CPLUS_E7_C11_2T,True,P3_CONNECTIVITY_DESTINATION_SHIFT,X,0.11510036112963912,0.09658242506251809,0.01851793606712103,0.05943813547492027,0.0,1.9371509552001953e-07,True
R4_LHS_03,R4,2,20260813,V52_CPLUS_E7_C11_2T,True,P3_CONNECTIVITY_DESTINATION_SHIFT,Y,0.04290647457027629,0.036930459217561794,0.005976015352714498,0.022778796032071114,0.0,1.9371509552001953e-07,True
R4_LHS_03,R4,2,20260813,V52_CPLUS_E7_C11_2T,True,P3_CONNECTIVITY_DESTINATION_SHIFT,Z,0.04661328827179927,0.038690714004672576,0.007922574267126697,0.026020171120762825,0.0,1.9371509552001953e-07,True
R4_LHS_03,R4,2,20260813,V52_C_E3_C6_1T,True,P3_CONNECTIVITY_DESTINATION_SHIFT,X,0.04452682398583654,0.04576597246660555,-0.0012391484807690104,0.028602207079529762,0.0,1.9371509552001953e-07,True
R4_LHS_03,R4,2,20260813,V52_C_E3_C6_1T,True,P3_CONNECTIVITY_DESTINATION_SHIFT,Y,0.042946432522311055,0.039387066081976306,0.003559366440334749,0.02206088788807392,0.0,1.9371509552001953e-07,True
R4_LHS_03,R4,2,20260813,V52_C_E3_C6_1T,True,P3_CONNECTIVITY_DESTINATION_SHIFT,Z,0.020814484493987206,0.017491269355530997,0.003323215138456209,0.01172216422855854,0.0,1.9371509552001953e-07,True
R4_LHS_03,R4,2,20260813,V52_C_E8_C12_2T,True,P3_CONNECTIVITY_DESTINATION_SHIFT,X,0.11505266355311494,0.09273748169013005,0.022315181862984895,0.058683257550001144,0.0,1.9371509552001953e-07,True
R4_LHS_03,R4,2,20260813,V52_C_E8_C12_2T,True,P3_CONNECTIVITY_DESTINATION_SHIFT,Y,0.04642331122651255,0.03985517147486175,0.006568139751650798,0.023125367239117622,0.0,1.9371509552001953e-07,True
R4_LHS_03,R4,2,20260813,V52_C_E8_C12_2T,True,P3_CONNECTIVITY_DESTINATION_SHIFT,Z,0.04880680705299128,0.03928116770787218,0.009525639345119095,0.02606654353439808,0.0,1.9371509552001953e-07,True
R4_LHS_03,R4,2,20260813,BASE_C2_0T,False,P4_MEAN_NEUTRALIZED_EDGE_MECHANICS,X,0.0,0.0,0.0,0.0,0.0,1.9371509552001953e-07,True
R4_LHS_03,R4,2,20260813,BASE_C2_0T,False,P4_MEAN_NEUTRALIZED_EDGE_MECHANICS,Y,0.0,0.0,0.0,0.0,0.0,1.9371509552001953e-07,True
R4_LHS_03,R4,2,20260813,BASE_C2_0T,False,P4_MEAN_NEUTRALIZED_EDGE_MECHANICS,Z,0.0,0.0,0.0,0.0,0.0,1.9371509552001953e-07,True
R4_LHS_03,R4,2,20260813,V40_A_E4_C7_1T,True,P4_MEAN_NEUTRALIZED_EDGE_MECHANICS,X,0.0694836712613804,0.07904560503693718,-0.00956193377555678,0.04647915065288544,0.0,1.9371509552001953e-07,True
R4_LHS_03,R4,2,20260813,V40_A_E4_C7_1T,True,P4_MEAN_NEUTRALIZED_EDGE_MECHANICS,Y,0.049923289770048174,0.045486042619785325,0.004437247150262849,0.02646997943520546,0.0,1.9371509552001953e-07,True
R4_LHS_03,R4,2,20260813,V40_A_E4_C7_1T,True,P4_MEAN_NEUTRALIZED_EDGE_MECHANICS,Z,0.03369460675493888,0.02246207410374081,0.011232532651198068,0.015135218389332294,0.0,1.9371509552001953e-07,True
R4_LHS_03,R4,2,20260813,V40_A_E5_C9_1T,True,P4_MEAN_NEUTRALIZED_EDGE_MECHANICS,X,0.09419193200246241,0.07458025739251813,0.019611674609944285,0.047501496970653534,0.0,1.9371509552001953e-07,True
R4_LHS_03,R4,2,20260813,V40_A_E5_C9_1T,True,P4_MEAN_NEUTRALIZED_EDGE_MECHANICS,Y,0.055170417055641116,0.0458141358458124,0.009356281209828718,0.023021623492240906,0.0,1.9371509552001953e-07,True
R4_LHS_03,R4,2,20260813,V40_A_E5_C9_1T,True,P4_MEAN_NEUTRALIZED_EDGE_MECHANICS,Z,0.03244423666739152,0.022696223203143316,0.009748013464248202,0.014621256850659847,0.0,1.9371509552001953e-07,True
R4_LHS_03,R4,2,20260813,V40_B_E1_C4_2T,True,P4_MEAN_NEUTRALIZED_EDGE_MECHANICS,X,0.11984236189770568,0.09352217242526036,0.026320189472445327,0.08116532862186432,0.0,1.9371509552001953e-07,True
R4_LHS_03,R4,2,20260813,V40_B_E1_C4_2T,True,P4_MEAN_NEUTRALIZED_EDGE_MECHANICS,Y,0.05349524420541027,0.04516342192444981,0.008331822280960459,0.031466465443372726,0.0,1.9371509552001953e-07,True
R4_LHS_03,R4,2,20260813,V40_B_E1_C4_2T,True,P4_MEAN_NEUTRALIZED_EDGE_MECHANICS,Z,0.050969106451370864,0.04669973207936067,0.004269374372010193,0.02565617859363556,0.0,1.9371509552001953e-07,True
R4_LHS_03,R4,2,20260813,V40_B_E5_C9_1T,True,P4_MEAN_NEUTRALIZED_EDGE_MECHANICS,X,0.06612492513917913,0.05762496018984267,0.008499964949336455,0.03529847040772438,0.0,1.9371509552001953e-07,True
R4_LHS_03,R4,2,20260813,V40_B_E5_C9_1T,True,P4_MEAN_NEUTRALIZED_EDGE_MECHANICS,Y,0.050313400388810776,0.04283593126206013,0.007477469126750645,0.02217199094593525,0.0,1.9371509552001953e-07,True
R4_LHS_03,R4,2,20260813,V40_B_E5_C9_1T,True,P4_MEAN_NEUTRALIZED_EDGE_MECHANICS,Z,0.02678757529498662,0.02034794597863312,0.006439629316353498,0.014520256780087948,0.0,1.9371509552001953e-07,True
R4_LHS_03,R4,2,20260813,V40_CPLUS_E8_C12_2T,True,P4_MEAN_NEUTRALIZED_EDGE_MECHANICS,X,0.11248654568115038,0.08948185445487201,0.023004691226278365,0.07429689168930054,0.0,1.9371509552001953e-07,True
R4_LHS_03,R4,2,20260813,V40_CPLUS_E8_C12_2T,True,P4_MEAN_NEUTRALIZED_EDGE_MECHANICS,Y,0.043585045186605,0.034714530346556347,0.008870514840048652,0.027919435873627663,0.0,1.9371509552001953e-07,True
R4_LHS_03,R4,2,20260813,V40_CPLUS_E8_C12_2T,True,P4_MEAN_NEUTRALIZED_EDGE_MECHANICS,Z,0.04188207896728566,0.036800029173567006,0.0050820497937186515,0.024936774745583534,0.0,1.9371509552001953e-07,True
R4_LHS_03,R4,2,20260813,V40_C_E1_C4_2T,True,P4_MEAN_NEUTRALIZED_EDGE_MECHANICS,X,0.12311799183380377,0.097829336098291,0.02528865573551277,0.0805683583021164,0.0,1.9371509552001953e-07,True
R4_LHS_03,R4,2,20260813,V40_C_E1_C4_2T,True,P4_MEAN_NEUTRALIZED_EDGE_MECHANICS,Y,0.04853456951810608,0.03943971429977301,0.009094855218333066,0.03088240884244442,0.0,1.9371509552001953e-07,True
R4_LHS_03,R4,2,20260813,V40_C_E1_C4_2T,True,P4_MEAN_NEUTRALIZED_EDGE_MECHANICS,Z,0.04478482132036667,0.04035567805226915,0.00442914326809752,0.026484806090593338,0.0,1.9371509552001953e-07,True
R4_LHS_03,R4,2,20260813,V52_A_E6_C10_1T,True,P4_MEAN_NEUTRALIZED_EDGE_MECHANICS,X,0.07418221802578086,0.05339323984159852,0.020788978184182336,0.049084171652793884,0.0,1.9371509552001953e-07,True
R4_LHS_03,R4,2,20260813,V52_A_E6_C10_1T,True,P4_MEAN_NEUTRALIZED_EDGE_MECHANICS,Y,0.04937626723098644,0.040369658188134844,0.009006609042851596,0.02426602877676487,0.0,1.9371509552001953e-07,True
R4_LHS_03,R4,2,20260813,V52_A_E6_C10_1T,True,P4_MEAN_NEUTRALIZED_EDGE_MECHANICS,Z,0.031649199091879354,0.019925442056121984,0.01172375703575737,0.015516262501478195,0.0,1.9371509552001953e-07,True
R4_LHS_03,R4,2,20260813,V52_B_E2_C5_2T,True,P4_MEAN_NEUTRALIZED_EDGE_MECHANICS,X,0.12852516396903568,0.10993557667736949,0.018589587291666196,0.07958221435546875,0.0,1.9371509552001953e-07,True
R4_LHS_03,R4,2,20260813,V52_B_E2_C5_2T,True,P4_MEAN_NEUTRALIZED_EDGE_MECHANICS,Y,0.05672727160266976,0.049413658293942245,0.007313613308727512,0.033694636076688766,0.0,1.9371509552001953e-07,True
R4_LHS_03,R4,2,20260813,V52_B_E2_C5_2T,True,P4_MEAN_NEUTRALIZED_EDGE_MECHANICS,Z,0.05218846036270522,0.04860613972022677,0.0035823206424784523,0.028491608798503876,0.0,1.9371509552001953e-07,True
R4_LHS_03,R4,2,20260813,V52_B_E7_C11_2T,True,P4_MEAN_NEUTRALIZED_EDGE_MECHANICS,X,0.12146665839390279,0.11133252874967939,0.010134129644223402,0.07211047410964966,0.0,1.9371509552001953e-07,True
R4_LHS_03,R4,2,20260813,V52_B_E7_C11_2T,True,P4_MEAN_NEUTRALIZED_EDGE_MECHANICS,Y,0.048464344258866976,0.043183264733209346,0.0052810795256576296,0.02959824725985527,0.0,1.9371509552001953e-07,True
R4_LHS_03,R4,2,20260813,V52_B_E7_C11_2T,True,P4_MEAN_NEUTRALIZED_EDGE_MECHANICS,Z,0.04377842471506733,0.04264122035899588,0.001137204356071446,0.02606469765305519,0.0,1.9371509552001953e-07,True
R4_LHS_03,R4,2,20260813,V52_CPLUS_E3_C6_1T,True,P4_MEAN_NEUTRALIZED_EDGE_MECHANICS,X,0.041388919504723794,0.03546378639416867,0.005925133110555127,0.028981711715459824,0.0,1.9371509552001953e-07,True
R4_LHS_03,R4,2,20260813,V52_CPLUS_E3_C6_1T,True,P4_MEAN_NEUTRALIZED_EDGE_MECHANICS,Y,0.04581699700271586,0.038177314370989084,0.007639682631726777,0.02777806483209133,0.0,1.9371509552001953e-07,True
R4_LHS_03,R4,2,20260813,V52_CPLUS_E3_C6_1T,True,P4_MEAN_NEUTRALIZED_EDGE_MECHANICS,Z,0.02925683350726193,0.023133201775344604,0.006123631731917326,0.016612229868769646,0.0,1.9371509552001953e-07,True
R4_LHS_03,R4,2,20260813,V52_CPLUS_E7_C11_2T,True,P4_MEAN_NEUTRALIZED_EDGE_MECHANICS,X,0.11653394402389283,0.09658242506251809,0.019951518961374745,0.07470991462469101,0.0,1.9371509552001953e-07,True
R4_LHS_03,R4,2,20260813,V52_CPLUS_E7_C11_2T,True,P4_MEAN_NEUTRALIZED_EDGE_MECHANICS,Y,0.04461666592049528,0.036930459217561794,0.007686206702933483,0.029038187116384506,0.0,1.9371509552001953e-07,True
R4_LHS_03,R4,2,20260813,V52_CPLUS_E7_C11_2T,True,P4_MEAN_NEUTRALIZED_EDGE_MECHANICS,Z,0.04244930344866349,0.038690714004672576,0.003758589443990913,0.026570452377200127,0.0,1.9371509552001953e-07,True
R4_LHS_03,R4,2,20260813,V52_C_E3_C6_1T,True,P4_MEAN_NEUTRALIZED_EDGE_MECHANICS,X,0.04830594373018748,0.04576597246660555,0.002539971263581929,0.03456967696547508,0.0,1.9371509552001953e-07,True
R4_LHS_03,R4,2,20260813,V52_C_E3_C6_1T,True,P4_MEAN_NEUTRALIZED_EDGE_MECHANICS,Y,0.047549676150082286,0.039387066081976306,0.00816261006810598,0.028739238157868385,0.0,1.9371509552001953e-07,True
R4_LHS_03,R4,2,20260813,V52_C_E3_C6_1T,True,P4_MEAN_NEUTRALIZED_EDGE_MECHANICS,Z,0.026900306889867914,0.017491269355530997,0.009409037534336917,0.016776839271187782,0.0,1.9371509552001953e-07,True
R4_LHS_03,R4,2,20260813,V52_C_E8_C12_2T,True,P4_MEAN_NEUTRALIZED_EDGE_MECHANICS,X,0.10709237174399842,0.09273748169013005,0.014354890053868377,0.07339800149202347,0.0,1.9371509552001953e-07,True
R4_LHS_03,R4,2,20260813,V52_C_E8_C12_2T,True,P4_MEAN_NEUTRALIZED_EDGE_MECHANICS,Y,0.046105930463101456,0.03985517147486175,0.0062507589882397074,0.029455190524458885,0.0,1.9371509552001953e-07,True
R4_LHS_03,R4,2,20260813,V52_C_E8_C12_2T,True,P4_MEAN_NEUTRALIZED_EDGE_MECHANICS,Z,0.04016828807001521,0.03928116770787218,0.000887120362143029,0.026411382481455803,0.0,1.9371509552001953e-07,True
R4_LHS_03,R4,2,20260813,NOT_APPLICABLE,False,P5_IDENTITY_LOCAL_FRAMES,NA,nan,nan,nan,nan,nan,1.9371509552001953e-07,False
R4_LHS_03,R4,3,20260813,BASE_C3_0T,False,P0_CORRECT,X,0.0,0.0,0.0,0.0,0.0,1.1920928955078125e-07,True
R4_LHS_03,R4,3,20260813,BASE_C3_0T,False,P0_CORRECT,Y,0.0,0.0,0.0,0.0,0.0,1.1920928955078125e-07,True
R4_LHS_03,R4,3,20260813,BASE_C3_0T,False,P0_CORRECT,Z,0.0,0.0,0.0,0.0,0.0,1.1920928955078125e-07,True
R4_LHS_03,R4,3,20260813,V40_A_E2_C5_2T,True,P0_CORRECT,X,0.12059337306172085,0.12059337306172085,0.0,0.0,0.0,1.1920928955078125e-07,True
R4_LHS_03,R4,3,20260813,V40_A_E2_C5_2T,True,P0_CORRECT,Y,0.06267577917449886,0.06267577917449886,0.0,0.0,0.0,1.1920928955078125e-07,True
R4_LHS_03,R4,3,20260813,V40_A_E2_C5_2T,True,P0_CORRECT,Z,0.06297005766990985,0.06297005766990985,0.0,0.0,0.0,1.1920928955078125e-07,True
R4_LHS_03,R4,3,20260813,V40_B_E8_C12_2T,True,P0_CORRECT,X,0.1012814151528862,0.1012814151528862,0.0,0.0,0.0,1.1920928955078125e-07,True
R4_LHS_03,R4,3,20260813,V40_B_E8_C12_2T,True,P0_CORRECT,Y,0.04507489823736129,0.04507489823736129,0.0,0.0,0.0,1.1920928955078125e-07,True
R4_LHS_03,R4,3,20260813,V40_B_E8_C12_2T,True,P0_CORRECT,Z,0.05095315473817944,0.05095315473817944,0.0,0.0,0.0,1.1920928955078125e-07,True
R4_LHS_03,R4,3,20260813,V40_CPLUS_E3_C6_1T,True,P0_CORRECT,X,0.06492685160831083,0.06492685160831083,0.0,0.0,0.0,1.1920928955078125e-07,True
R4_LHS_03,R4,3,20260813,V40_CPLUS_E3_C6_1T,True,P0_CORRECT,Y,0.07477496073543144,0.07477496073543144,0.0,0.0,0.0,1.1920928955078125e-07,True
R4_LHS_03,R4,3,20260813,V40_CPLUS_E3_C6_1T,True,P0_CORRECT,Z,0.03887493500707852,0.03887493500707852,0.0,0.0,0.0,1.1920928955078125e-07,True
R4_LHS_03,R4,3,20260813,V40_CPLUS_E6_C10_1T,True,P0_CORRECT,X,0.06077670094670242,0.06077670094670242,0.0,0.0,0.0,1.1920928955078125e-07,True
R4_LHS_03,R4,3,20260813,V40_CPLUS_E6_C10_1T,True,P0_CORRECT,Y,0.07024182413536371,0.07024182413536371,0.0,0.0,0.0,1.1920928955078125e-07,True
R4_LHS_03,R4,3,20260813,V40_CPLUS_E6_C10_1T,True,P0_CORRECT,Z,0.0377789180292821,0.0377789180292821,0.0,0.0,0.0,1.1920928955078125e-07,True
R4_LHS_03,R4,3,20260813,V40_C_E2_C5_2T,True,P0_CORRECT,X,0.11687913807894133,0.11687913807894133,0.0,0.0,0.0,1.1920928955078125e-07,True
R4_LHS_03,R4,3,20260813,V40_C_E2_C5_2T,True,P0_CORRECT,Y,0.05011314812331709,0.05011314812331709,0.0,0.0,0.0,1.1920928955078125e-07,True
R4_LHS_03,R4,3,20260813,V40_C_E2_C5_2T,True,P0_CORRECT,Z,0.05608425050730692,0.05608425050730692,0.0,0.0,0.0,1.1920928955078125e-07,True
R4_LHS_03,R4,3,20260813,V40_C_E6_C10_1T,True,P0_CORRECT,X,0.055511231587126994,0.055511231587126994,0.0,0.0,0.0,1.1920928955078125e-07,True
R4_LHS_03,R4,3,20260813,V40_C_E6_C10_1T,True,P0_CORRECT,Y,0.06116186829001897,0.06116186829001897,0.0,0.0,0.0,1.1920928955078125e-07,True
R4_LHS_03,R4,3,20260813,V40_C_E6_C10_1T,True,P0_CORRECT,Z,0.03368813903734368,0.03368813903734368,0.0,0.0,0.0,1.1920928955078125e-07,True
R4_LHS_03,R4,3,20260813,V52_A_E7_C11_2T,True,P0_CORRECT,X,0.12086777183079901,0.12086777183079901,0.0,0.0,0.0,1.1920928955078125e-07,True
R4_LHS_03,R4,3,20260813,V52_A_E7_C11_2T,True,P0_CORRECT,Y,0.0600519026308406,0.0600519026308406,0.0,0.0,0.0,1.1920928955078125e-07,True
R4_LHS_03,R4,3,20260813,V52_A_E7_C11_2T,True,P0_CORRECT,Z,0.058159162725945165,0.058159162725945165,0.0,0.0,0.0,1.1920928955078125e-07,True
R4_LHS_03,R4,3,20260813,V52_A_E8_C12_2T,True,P0_CORRECT,X,0.10011575534515464,0.10011575534515464,0.0,0.0,0.0,1.1920928955078125e-07,True
R4_LHS_03,R4,3,20260813,V52_A_E8_C12_2T,True,P0_CORRECT,Y,0.05690160453599979,0.05690160453599979,0.0,0.0,0.0,1.1920928955078125e-07,True
R4_LHS_03,R4,3,20260813,V52_A_E8_C12_2T,True,P0_CORRECT,Z,0.056573169565780734,0.056573169565780734,0.0,0.0,0.0,1.1920928955078125e-07,True
R4_LHS_03,R4,3,20260813,V52_B_E1_C4_2T,True,P0_CORRECT,X,0.09869943125314475,0.09869943125314475,0.0,0.0,0.0,1.1920928955078125e-07,True
R4_LHS_03,R4,3,20260813,V52_B_E1_C4_2T,True,P0_CORRECT,Y,0.05540730519476211,0.05540730519476211,0.0,0.0,0.0,1.1920928955078125e-07,True
R4_LHS_03,R4,3,20260813,V52_B_E1_C4_2T,True,P0_CORRECT,Z,0.05579308961264276,0.05579308961264276,0.0,0.0,0.0,1.1920928955078125e-07,True
R4_LHS_03,R4,3,20260813,V52_B_E4_C7_1T,True,P0_CORRECT,X,0.08161468726954908,0.08161468726954908,0.0,0.0,0.0,1.1920928955078125e-07,True
R4_LHS_03,R4,3,20260813,V52_B_E4_C7_1T,True,P0_CORRECT,Y,0.061857959346252274,0.061857959346252274,0.0,0.0,0.0,1.1920928955078125e-07,True
R4_LHS_03,R4,3,20260813,V52_B_E4_C7_1T,True,P0_CORRECT,Z,0.028883487925749053,0.028883487925749053,0.0,0.0,0.0,1.1920928955078125e-07,True
R4_LHS_03,R4,3,20260813,V52_CPLUS_E5_C9_1T,True,P0_CORRECT,X,0.058513401054723635,0.058513401054723635,0.0,0.0,0.0,1.1920928955078125e-07,True
R4_LHS_03,R4,3,20260813,V52_CPLUS_E5_C9_1T,True,P0_CORRECT,Y,0.06571684828197337,0.06571684828197337,0.0,0.0,0.0,1.1920928955078125e-07,True
R4_LHS_03,R4,3,20260813,V52_CPLUS_E5_C9_1T,True,P0_CORRECT,Z,0.03491481780720553,0.03491481780720553,0.0,0.0,0.0,1.1920928955078125e-07,True
R4_LHS_03,R4,3,20260813,V52_C_E4_C7_1T,True,P0_CORRECT,X,0.07758304789425485,0.07758304789425485,0.0,0.0,0.0,1.1920928955078125e-07,True
R4_LHS_03,R4,3,20260813,V52_C_E4_C7_1T,True,P0_CORRECT,Y,0.06437996815181608,0.06437996815181608,0.0,0.0,0.0,1.1920928955078125e-07,True
R4_LHS_03,R4,3,20260813,V52_C_E4_C7_1T,True,P0_CORRECT,Z,0.031871008289378173,0.031871008289378173,0.0,0.0,0.0,1.1920928955078125e-07,True
R4_LHS_03,R4,3,20260813,BASE_C3_0T,False,P1_CONSISTENT_NODE_RELABEL,X,0.0,0.0,0.0,0.0,0.0,1.1920928955078125e-07,True
R4_LHS_03,R4,3,20260813,BASE_C3_0T,False,P1_CONSISTENT_NODE_RELABEL,Y,0.0,0.0,0.0,0.0,0.0,1.1920928955078125e-07,True
R4_LHS_03,R4,3,20260813,BASE_C3_0T,False,P1_CONSISTENT_NODE_RELABEL,Z,0.0,0.0,0.0,0.0,0.0,1.1920928955078125e-07,True
R4_LHS_03,R4,3,20260813,V40_A_E2_C5_2T,True,P1_CONSISTENT_NODE_RELABEL,X,0.12059337020208945,0.12059337306172085,-2.8596314066708928e-09,2.903733218317939e-07,0.0,1.1920928955078125e-07,True
R4_LHS_03,R4,3,20260813,V40_A_E2_C5_2T,True,P1_CONSISTENT_NODE_RELABEL,Y,0.06267578178916745,0.06267577917449886,2.6146685927486146e-09,2.5102593781411997e-07,0.0,1.1920928955078125e-07,True
R4_LHS_03,R4,3,20260813,V40_A_E2_C5_2T,True,P1_CONSISTENT_NODE_RELABEL,Z,0.06297006867243865,0.06297005766990985,1.1002528804704426e-08,3.3105033026004094e-07,0.0,1.1920928955078125e-07,True
R4_LHS_03,R4,3,20260813,V40_B_E8_C12_2T,True,P1_CONSISTENT_NODE_RELABEL,X,0.10128141537038704,0.1012814151528862,2.1750083678551135e-10,3.4636360624062945e-07,0.0,1.1920928955078125e-07,True
R4_LHS_03,R4,3,20260813,V40_B_E8_C12_2T,True,P1_CONSISTENT_NODE_RELABEL,Y,0.04507489175394732,0.04507489823736129,-6.483413972357965e-09,3.277853863892233e-07,0.0,1.1920928955078125e-07,True
R4_LHS_03,R4,3,20260813,V40_B_E8_C12_2T,True,P1_CONSISTENT_NODE_RELABEL,Z,0.05095315567803264,0.05095315473817944,9.398531952697908e-10,4.3330098264959815e-07,0.0,1.1920928955078125e-07,True
R4_LHS_03,R4,3,20260813,V40_CPLUS_E3_C6_1T,True,P1_CONSISTENT_NODE_RELABEL,X,0.06492684211349749,0.06492685160831083,-9.494813338339902e-09,2.934004896815168e-07,0.0,1.1920928955078125e-07,True
R4_LHS_03,R4,3,20260813,V40_CPLUS_E3_C6_1T,True,P1_CONSISTENT_NODE_RELABEL,Y,0.07477496173964335,0.07477496073543144,1.0042119080733158e-09,4.7486105358984787e-07,0.0,1.1920928955078125e-07,True
R4_LHS_03,R4,3,20260813,V40_CPLUS_E3_C6_1T,True,P1_CONSISTENT_NODE_RELABEL,Z,0.03887492962640226,0.03887493500707852,-5.380676258714967e-09,4.873120929005381e-07,0.0,1.1920928955078125e-07,True
R4_LHS_03,R4,3,20260813,V40_CPLUS_E6_C10_1T,True,P1_CONSISTENT_NODE_RELABEL,X,0.06077670467838234,0.06077670094670242,3.731679916463282e-09,2.5215948085133277e-07,0.0,1.1920928955078125e-07,True
R4_LHS_03,R4,3,20260813,V40_CPLUS_E6_C10_1T,True,P1_CONSISTENT_NODE_RELABEL,Y,0.07024182917705148,0.07024182413536371,5.041687761719871e-09,3.9276622487705026e-07,0.0,1.1920928955078125e-07,True
R4_LHS_03,R4,3,20260813,V40_CPLUS_E6_C10_1T,True,P1_CONSISTENT_NODE_RELABEL,Z,0.03777892972587456,0.0377789180292821,1.1696592458476651e-08,4.004338052254752e-07,0.0,1.1920928955078125e-07,True
R4_LHS_03,R4,3,20260813,V40_C_E2_C5_2T,True,P1_CONSISTENT_NODE_RELABEL,X,0.116879144126024,0.11687913807894133,6.047082667937076e-09,3.199461389158387e-07,0.0,1.1920928955078125e-07,True
R4_LHS_03,R4,3,20260813,V40_C_E2_C5_2T,True,P1_CONSISTENT_NODE_RELABEL,Y,0.0501131487224954,0.05011314812331709,5.991783111336524e-10,2.788272581710771e-07,0.0,1.1920928955078125e-07,True
R4_LHS_03,R4,3,20260813,V40_C_E2_C5_2T,True,P1_CONSISTENT_NODE_RELABEL,Z,0.05608425603611449,0.05608425050730692,5.528807571486549e-09,3.453522765539674e-07,0.0,1.1920928955078125e-07,True
R4_LHS_03,R4,3,20260813,V40_C_E6_C10_1T,True,P1_CONSISTENT_NODE_RELABEL,X,0.05551122881421562,0.055511231587126994,-2.772911372739273e-09,2.752068724021228e-07,0.0,1.1920928955078125e-07,True
R4_LHS_03,R4,3,20260813,V40_C_E6_C10_1T,True,P1_CONSISTENT_NODE_RELABEL,Y,0.061161871357812835,0.06116186829001897,3.067793866162738e-09,4.311202133067127e-07,0.0,1.1920928955078125e-07,True
R4_LHS_03,R4,3,20260813,V40_C_E6_C10_1T,True,P1_CONSISTENT_NODE_RELABEL,Z,0.03368814682052046,0.03368813903734368,7.783176776687828e-09,4.065371967953979e-07,0.0,1.1920928955078125e-07,True
R4_LHS_03,R4,3,20260813,V52_A_E7_C11_2T,True,P1_CONSISTENT_NODE_RELABEL,X,0.12086776762323874,0.12086777183079901,-4.207560272417865e-09,3.138320892048796e-07,0.0,1.1920928955078125e-07,True
R4_LHS_03,R4,3,20260813,V52_A_E7_C11_2T,True,P1_CONSISTENT_NODE_RELABEL,Y,0.06005190805751653,0.0600519026308406,5.426675928066338e-09,3.0433523079409497e-07,0.0,1.1920928955078125e-07,True
R4_LHS_03,R4,3,20260813,V52_A_E7_C11_2T,True,P1_CONSISTENT_NODE_RELABEL,Z,0.05815916160774631,0.058159162725945165,-1.1181988529562759e-09,3.886981119194388e-07,0.0,1.1920928955078125e-07,True
R4_LHS_03,R4,3,20260813,V52_A_E8_C12_2T,True,P1_CONSISTENT_NODE_RELABEL,X,0.10011575201144228,0.10011575534515464,-3.333712361719421e-09,3.561698918019829e-07,0.0,1.1920928955078125e-07,True
R4_LHS_03,R4,3,20260813,V52_A_E8_C12_2T,True,P1_CONSISTENT_NODE_RELABEL,Y,0.05690160691432509,0.05690160453599979,2.3783253005893457e-09,4.620623315076955e-07,0.0,1.1920928955078125e-07,True
R4_LHS_03,R4,3,20260813,V52_A_E8_C12_2T,True,P1_CONSISTENT_NODE_RELABEL,Z,0.05657318405214511,0.056573169565780734,1.4486364378896166e-08,6.034722446202068e-07,0.0,1.1920928955078125e-07,True
R4_LHS_03,R4,3,20260813,V52_B_E1_C4_2T,True,P1_CONSISTENT_NODE_RELABEL,X,0.09869942573869568,0.09869943125314475,-5.514449064047966e-09,3.1543316936222254e-07,0.0,1.1920928955078125e-07,True
R4_LHS_03,R4,3,20260813,V52_B_E1_C4_2T,True,P1_CONSISTENT_NODE_RELABEL,Y,0.05540730759622326,0.05540730519476211,2.4014611479938885e-09,2.964194720789237e-07,0.0,1.1920928955078125e-07,True
R4_LHS_03,R4,3,20260813,V52_B_E1_C4_2T,True,P1_CONSISTENT_NODE_RELABEL,Z,0.05579309840689228,0.05579308961264276,8.794249523047526e-09,3.9864443124315585e-07,0.0,1.1920928955078125e-07,True
R4_LHS_03,R4,3,20260813,V52_B_E4_C7_1T,True,P1_CONSISTENT_NODE_RELABEL,X,0.08161468125127776,0.08161468726954908,-6.01827132573618e-09,2.8340548396954546e-07,0.0,1.1920928955078125e-07,True
R4_LHS_03,R4,3,20260813,V52_B_E4_C7_1T,True,P1_CONSISTENT_NODE_RELABEL,Y,0.061857963420339564,0.061857959346252274,4.07408728975156e-09,4.2774993858074595e-07,0.0,1.1920928955078125e-07,True
R4_LHS_03,R4,3,20260813,V52_B_E4_C7_1T,True,P1_CONSISTENT_NODE_RELABEL,Z,0.028883472209737783,0.028883487925749053,-1.5716011270150432e-08,3.7359407656367694e-07,0.0,1.1920928955078125e-07,True
R4_LHS_03,R4,3,20260813,V52_CPLUS_E5_C9_1T,True,P1_CONSISTENT_NODE_RELABEL,X,0.05851340038949444,0.058513401054723635,-6.652291981157354e-10,2.400404639502085e-07,0.0,1.1920928955078125e-07,True
R4_LHS_03,R4,3,20260813,V52_CPLUS_E5_C9_1T,True,P1_CONSISTENT_NODE_RELABEL,Y,0.06571685708332539,0.06571684828197337,8.8013520221919e-09,3.988012338140834e-07,0.0,1.1920928955078125e-07,True
R4_LHS_03,R4,3,20260813,V52_CPLUS_E5_C9_1T,True,P1_CONSISTENT_NODE_RELABEL,Z,0.03491482931552629,0.03491481780720553,1.150832075469399e-08,3.8351851117113256e-07,0.0,1.1920928955078125e-07,True
R4_LHS_03,R4,3,20260813,V52_C_E4_C7_1T,True,P1_CONSISTENT_NODE_RELABEL,X,0.07758305985745756,0.07758304789425485,1.1963202706244402e-08,2.789431334804249e-07,0.0,1.1920928955078125e-07,True
R4_LHS_03,R4,3,20260813,V52_C_E4_C7_1T,True,P1_CONSISTENT_NODE_RELABEL,Y,0.06437996307317506,0.06437996815181608,-5.07864102161637e-09,4.985664645573706e-07,0.0,1.1920928955078125e-07,True
R4_LHS_03,R4,3,20260813,V52_C_E4_C7_1T,True,P1_CONSISTENT_NODE_RELABEL,Z,0.03187099475457249,0.031871008289378173,-1.3534805685944118e-08,4.761384957419068e-07,0.0,1.1920928955078125e-07,True
R4_LHS_03,R4,3,20260813,BASE_C3_0T,False,P2_EDGE_ATTRIBUTE_MISMATCH,X,0.0,0.0,0.0,0.0,0.0,1.1920928955078125e-07,True
R4_LHS_03,R4,3,20260813,BASE_C3_0T,False,P2_EDGE_ATTRIBUTE_MISMATCH,Y,0.0,0.0,0.0,0.0,0.0,1.1920928955078125e-07,True
R4_LHS_03,R4,3,20260813,BASE_C3_0T,False,P2_EDGE_ATTRIBUTE_MISMATCH,Z,0.0,0.0,0.0,0.0,0.0,1.1920928955078125e-07,True
R4_LHS_03,R4,3,20260813,V40_A_E2_C5_2T,True,P2_EDGE_ATTRIBUTE_MISMATCH,X,0.1289957915386896,0.12059337306172085,0.008402418476968737,0.04434090852737427,0.0,1.1920928955078125e-07,True
R4_LHS_03,R4,3,20260813,V40_A_E2_C5_2T,True,P2_EDGE_ATTRIBUTE_MISMATCH,Y,0.06499276332675907,0.06267577917449886,0.0023169841522602125,0.01972343400120735,0.0,1.1920928955078125e-07,True
R4_LHS_03,R4,3,20260813,V40_A_E2_C5_2T,True,P2_EDGE_ATTRIBUTE_MISMATCH,Z,0.06668216277568452,0.06297005766990985,0.003712105105774674,0.020724589005112648,0.0,1.1920928955078125e-07,True
R4_LHS_03,R4,3,20260813,V40_B_E8_C12_2T,True,P2_EDGE_ATTRIBUTE_MISMATCH,X,0.10765599712202752,0.1012814151528862,0.006374581969141313,0.04218830540776253,0.0,1.1920928955078125e-07,True
R4_LHS_03,R4,3,20260813,V40_B_E8_C12_2T,True,P2_EDGE_ATTRIBUTE_MISMATCH,Y,0.04879341021697822,0.04507489823736129,0.00371851197961693,0.017978668212890625,0.0,1.1920928955078125e-07,True
R4_LHS_03,R4,3,20260813,V40_B_E8_C12_2T,True,P2_EDGE_ATTRIBUTE_MISMATCH,Z,0.052947691886286785,0.05095315473817944,0.0019945371481073434,0.018782995641231537,0.0,1.1920928955078125e-07,True
R4_LHS_03,R4,3,20260813,V40_CPLUS_E3_C6_1T,True,P2_EDGE_ATTRIBUTE_MISMATCH,X,0.0736286533318006,0.06492685160831083,0.008701801723489777,0.024973733350634575,0.0,1.1920928955078125e-07,True
R4_LHS_03,R4,3,20260813,V40_CPLUS_E3_C6_1T,True,P2_EDGE_ATTRIBUTE_MISMATCH,Y,0.08151205518447362,0.07477496073543144,0.0067370944490421775,0.024668486788868904,0.0,1.1920928955078125e-07,True
R4_LHS_03,R4,3,20260813,V40_CPLUS_E3_C6_1T,True,P2_EDGE_ATTRIBUTE_MISMATCH,Z,0.04140728464949952,0.03887493500707852,0.0025323496424210015,0.01343049667775631,0.0,1.1920928955078125e-07,True
R4_LHS_03,R4,3,20260813,V40_CPLUS_E6_C10_1T,True,P2_EDGE_ATTRIBUTE_MISMATCH,X,0.06994620149266377,0.06077670094670242,0.00916950054596135,0.02456887811422348,0.0,1.1920928955078125e-07,True
R4_LHS_03,R4,3,20260813,V40_CPLUS_E6_C10_1T,True,P2_EDGE_ATTRIBUTE_MISMATCH,Y,0.07720057698378563,0.07024182413536371,0.006958752848421915,0.023692527785897255,0.0,1.1920928955078125e-07,True
R4_LHS_03,R4,3,20260813,V40_CPLUS_E6_C10_1T,True,P2_EDGE_ATTRIBUTE_MISMATCH,Z,0.040319725006548665,0.0377789180292821,0.002540806977266566,0.013293666765093803,0.0,1.1920928955078125e-07,True
R4_LHS_03,R4,3,20260813,V40_C_E2_C5_2T,True,P2_EDGE_ATTRIBUTE_MISMATCH,X,0.1252658324213409,0.11687913807894133,0.008386694342399567,0.04581866413354874,0.0,1.1920928955078125e-07,True
R4_LHS_03,R4,3,20260813,V40_C_E2_C5_2T,True,P2_EDGE_ATTRIBUTE_MISMATCH,Y,0.05295366469763003,0.05011314812331709,0.0028405165743129387,0.01942596398293972,0.0,1.1920928955078125e-07,True
R4_LHS_03,R4,3,20260813,V40_C_E2_C5_2T,True,P2_EDGE_ATTRIBUTE_MISMATCH,Z,0.058680377877196904,0.05608425050730692,0.0025961273698899834,0.020944399759173393,0.0,1.1920928955078125e-07,True
R4_LHS_03,R4,3,20260813,V40_C_E6_C10_1T,True,P2_EDGE_ATTRIBUTE_MISMATCH,X,0.05606223305669855,0.055511231587126994,0.0005510014695715576,0.02397710457444191,0.0,1.1920928955078125e-07,True
R4_LHS_03,R4,3,20260813,V40_C_E6_C10_1T,True,P2_EDGE_ATTRIBUTE_MISMATCH,Y,0.06737187673428977,0.06116186829001897,0.006210008444270797,0.022375095635652542,0.0,1.1920928955078125e-07,True
R4_LHS_03,R4,3,20260813,V40_C_E6_C10_1T,True,P2_EDGE_ATTRIBUTE_MISMATCH,Z,0.03614012805707449,0.03368813903734368,0.002451989019730809,0.01135384663939476,0.0,1.1920928955078125e-07,True
R4_LHS_03,R4,3,20260813,V52_A_E7_C11_2T,True,P2_EDGE_ATTRIBUTE_MISMATCH,X,0.1250878580018213,0.12086777183079901,0.0042200861710222776,0.043233584612607956,0.0,1.1920928955078125e-07,True
R4_LHS_03,R4,3,20260813,V52_A_E7_C11_2T,True,P2_EDGE_ATTRIBUTE_MISMATCH,Y,0.06317745674930193,0.0600519026308406,0.0031255541184613336,0.02051832526922226,0.0,1.1920928955078125e-07,True
R4_LHS_03,R4,3,20260813,V52_A_E7_C11_2T,True,P2_EDGE_ATTRIBUTE_MISMATCH,Z,0.06082916957742831,0.058159162725945165,0.0026700068514831435,0.020977789536118507,0.0,1.1920928955078125e-07,True
R4_LHS_03,R4,3,20260813,V52_A_E8_C12_2T,True,P2_EDGE_ATTRIBUTE_MISMATCH,X,0.10414047516248012,0.10011575534515464,0.004024719817325481,0.04017230123281479,0.0,1.1920928955078125e-07,True
R4_LHS_03,R4,3,20260813,V52_A_E8_C12_2T,True,P2_EDGE_ATTRIBUTE_MISMATCH,Y,0.06003965523231335,0.05690160453599979,0.0031380506963135657,0.019546272233128548,0.0,1.1920928955078125e-07,True
R4_LHS_03,R4,3,20260813,V52_A_E8_C12_2T,True,P2_EDGE_ATTRIBUTE_MISMATCH,Z,0.05942243962026947,0.056573169565780734,0.002849270054488734,0.020168237388134003,0.0,1.1920928955078125e-07,True
R4_LHS_03,R4,3,20260813,V52_B_E1_C4_2T,True,P2_EDGE_ATTRIBUTE_MISMATCH,X,0.10633157477886719,0.09869943125314475,0.007632143525722446,0.042020075023174286,0.0,1.1920928955078125e-07,True
R4_LHS_03,R4,3,20260813,V52_B_E1_C4_2T,True,P2_EDGE_ATTRIBUTE_MISMATCH,Y,0.0578249986676669,0.05540730519476211,0.0024176934729047903,0.01956852339208126,0.0,1.1920928955078125e-07,True
R4_LHS_03,R4,3,20260813,V52_B_E1_C4_2T,True,P2_EDGE_ATTRIBUTE_MISMATCH,Z,0.05874046891093683,0.05579308961264276,0.00294737929829407,0.02044910565018654,0.0,1.1920928955078125e-07,True
R4_LHS_03,R4,3,20260813,V52_B_E4_C7_1T,True,P2_EDGE_ATTRIBUTE_MISMATCH,X,0.07744353069142543,0.08161468726954908,-0.004171156578123655,0.025150533765554428,0.0,1.1920928955078125e-07,True
R4_LHS_03,R4,3,20260813,V52_B_E4_C7_1T,True,P2_EDGE_ATTRIBUTE_MISMATCH,Y,0.06567283763505471,0.061857959346252274,0.003814878288802441,0.021668273955583572,0.0,1.1920928955078125e-07,True
R4_LHS_03,R4,3,20260813,V52_B_E4_C7_1T,True,P2_EDGE_ATTRIBUTE_MISMATCH,Z,0.03127581455058784,0.028883487925749053,0.002392326624838785,0.010612149722874165,0.0,1.1920928955078125e-07,True
R4_LHS_03,R4,3,20260813,V52_CPLUS_E5_C9_1T,True,P2_EDGE_ATTRIBUTE_MISMATCH,X,0.06407936039358042,0.058513401054723635,0.005565959338856785,0.02324373461306095,0.0,1.1920928955078125e-07,True
R4_LHS_03,R4,3,20260813,V52_CPLUS_E5_C9_1T,True,P2_EDGE_ATTRIBUTE_MISMATCH,Y,0.07161524106620161,0.06571684828197337,0.00589839278422824,0.022769786417484283,0.0,1.1920928955078125e-07,True
R4_LHS_03,R4,3,20260813,V52_CPLUS_E5_C9_1T,True,P2_EDGE_ATTRIBUTE_MISMATCH,Z,0.03733186164788942,0.03491481780720553,0.0024170438406838843,0.013756388798356056,0.0,1.1920928955078125e-07,True
R4_LHS_03,R4,3,20260813,V52_C_E4_C7_1T,True,P2_EDGE_ATTRIBUTE_MISMATCH,X,0.07691737266498608,0.07758304789425485,-0.0006656752292687751,0.024006806313991547,0.0,1.1920928955078125e-07,True
R4_LHS_03,R4,3,20260813,V52_C_E4_C7_1T,True,P2_EDGE_ATTRIBUTE_MISMATCH,Y,0.06879635800402406,0.06437996815181608,0.0044163898522079775,0.022898145020008087,0.0,1.1920928955078125e-07,True
R4_LHS_03,R4,3,20260813,V52_C_E4_C7_1T,True,P2_EDGE_ATTRIBUTE_MISMATCH,Z,0.034288337548446776,0.031871008289378173,0.0024173292590686027,0.011936057358980179,0.0,1.1920928955078125e-07,True
R4_LHS_03,R4,3,20260813,BASE_C3_0T,False,P3_CONNECTIVITY_DESTINATION_SHIFT,X,0.0,0.0,0.0,0.0,0.0,1.1920928955078125e-07,True
R4_LHS_03,R4,3,20260813,BASE_C3_0T,False,P3_CONNECTIVITY_DESTINATION_SHIFT,Y,0.0,0.0,0.0,0.0,0.0,1.1920928955078125e-07,True
R4_LHS_03,R4,3,20260813,BASE_C3_0T,False,P3_CONNECTIVITY_DESTINATION_SHIFT,Z,0.0,0.0,0.0,0.0,0.0,1.1920928955078125e-07,True
R4_LHS_03,R4,3,20260813,V40_A_E2_C5_2T,True,P3_CONNECTIVITY_DESTINATION_SHIFT,X,0.1325777259586439,0.12059337306172085,0.01198435289692304,0.06900689005851746,0.0,1.1920928955078125e-07,True
R4_LHS_03,R4,3,20260813,V40_A_E2_C5_2T,True,P3_CONNECTIVITY_DESTINATION_SHIFT,Y,0.0656978224902957,0.06267577917449886,0.003022043315796835,0.0337807834148407,0.0,1.1920928955078125e-07,True
R4_LHS_03,R4,3,20260813,V40_A_E2_C5_2T,True,P3_CONNECTIVITY_DESTINATION_SHIFT,Z,0.06839022589487026,0.06297005766990985,0.005420168224960414,0.03911631926894188,0.0,1.1920928955078125e-07,True
R4_LHS_03,R4,3,20260813,V40_B_E8_C12_2T,True,P3_CONNECTIVITY_DESTINATION_SHIFT,X,0.1141267269174219,0.1012814151528862,0.012845311764535697,0.058203186839818954,0.0,1.1920928955078125e-07,True
R4_LHS_03,R4,3,20260813,V40_B_E8_C12_2T,True,P3_CONNECTIVITY_DESTINATION_SHIFT,Y,0.05324312008682841,0.04507489823736129,0.008168221849467118,0.02580241486430168,0.0,1.1920928955078125e-07,True
R4_LHS_03,R4,3,20260813,V40_B_E8_C12_2T,True,P3_CONNECTIVITY_DESTINATION_SHIFT,Z,0.05709545717064364,0.05095315473817944,0.006142302432464199,0.03203873708844185,0.0,1.1920928955078125e-07,True
R4_LHS_03,R4,3,20260813,V40_CPLUS_E3_C6_1T,True,P3_CONNECTIVITY_DESTINATION_SHIFT,X,0.08173765960494571,0.06492685160831083,0.016810807996634883,0.03487164527177811,0.0,1.1920928955078125e-07,True
R4_LHS_03,R4,3,20260813,V40_CPLUS_E3_C6_1T,True,P3_CONNECTIVITY_DESTINATION_SHIFT,Y,0.08417138033950439,0.07477496073543144,0.009396419604072948,0.03240165114402771,0.0,1.1920928955078125e-07,True
R4_LHS_03,R4,3,20260813,V40_CPLUS_E3_C6_1T,True,P3_CONNECTIVITY_DESTINATION_SHIFT,Z,0.0460880694575083,0.03887493500707852,0.00721313445042978,0.020259663462638855,0.0,1.1920928955078125e-07,True
R4_LHS_03,R4,3,20260813,V40_CPLUS_E6_C10_1T,True,P3_CONNECTIVITY_DESTINATION_SHIFT,X,0.0761831961058002,0.06077670094670242,0.015406495159097776,0.03210954740643501,0.0,1.1920928955078125e-07,True
R4_LHS_03,R4,3,20260813,V40_CPLUS_E6_C10_1T,True,P3_CONNECTIVITY_DESTINATION_SHIFT,Y,0.07831482453500802,0.07024182413536371,0.0080730003996443,0.02907685935497284,0.0,1.1920928955078125e-07,True
R4_LHS_03,R4,3,20260813,V40_CPLUS_E6_C10_1T,True,P3_CONNECTIVITY_DESTINATION_SHIFT,Z,0.04316108832602252,0.0377789180292821,0.0053821702967404225,0.017360202968120575,0.0,1.1920928955078125e-07,True
R4_LHS_03,R4,3,20260813,V40_C_E2_C5_2T,True,P3_CONNECTIVITY_DESTINATION_SHIFT,X,0.12962918141796848,0.11687913807894133,0.012750043339027142,0.06252734363079071,0.0,1.1920928955078125e-07,True
R4_LHS_03,R4,3,20260813,V40_C_E2_C5_2T,True,P3_CONNECTIVITY_DESTINATION_SHIFT,Y,0.05666082190582742,0.05011314812331709,0.006547673782510331,0.029764728620648384,0.0,1.1920928955078125e-07,True
R4_LHS_03,R4,3,20260813,V40_C_E2_C5_2T,True,P3_CONNECTIVITY_DESTINATION_SHIFT,Z,0.06302896265275865,0.05608425050730692,0.006944712145451726,0.036155641078948975,0.0,1.1920928955078125e-07,True
R4_LHS_03,R4,3,20260813,V40_C_E6_C10_1T,True,P3_CONNECTIVITY_DESTINATION_SHIFT,X,0.06222572350987812,0.055511231587126994,0.0067144919227511285,0.030365705490112305,0.0,1.1920928955078125e-07,True
R4_LHS_03,R4,3,20260813,V40_C_E6_C10_1T,True,P3_CONNECTIVITY_DESTINATION_SHIFT,Y,0.06547638646362162,0.06116186829001897,0.004314518173602656,0.027378255501389503,0.0,1.1920928955078125e-07,True
R4_LHS_03,R4,3,20260813,V40_C_E6_C10_1T,True,P3_CONNECTIVITY_DESTINATION_SHIFT,Z,0.037440028614896266,0.03368813903734368,0.0037518895775525835,0.014855405315756798,0.0,1.1920928955078125e-07,True
R4_LHS_03,R4,3,20260813,V52_A_E7_C11_2T,True,P3_CONNECTIVITY_DESTINATION_SHIFT,X,0.13551398451286792,0.12086777183079901,0.014646212682068907,0.060888245701789856,0.0,1.1920928955078125e-07,True
R4_LHS_03,R4,3,20260813,V52_A_E7_C11_2T,True,P3_CONNECTIVITY_DESTINATION_SHIFT,Y,0.0678392748376957,0.0600519026308406,0.007787372206855096,0.02853419817984104,0.0,1.1920928955078125e-07,True
R4_LHS_03,R4,3,20260813,V52_A_E7_C11_2T,True,P3_CONNECTIVITY_DESTINATION_SHIFT,Z,0.06463290190988577,0.058159162725945165,0.006473739183940605,0.034070659428834915,0.0,1.1920928955078125e-07,True
R4_LHS_03,R4,3,20260813,V52_A_E8_C12_2T,True,P3_CONNECTIVITY_DESTINATION_SHIFT,X,0.11386764981150449,0.10011575534515464,0.013751894466349848,0.05678459256887436,0.0,1.1920928955078125e-07,True
R4_LHS_03,R4,3,20260813,V52_A_E8_C12_2T,True,P3_CONNECTIVITY_DESTINATION_SHIFT,Y,0.06359686860749215,0.05690160453599979,0.006695264071492367,0.026749875396490097,0.0,1.1920928955078125e-07,True
R4_LHS_03,R4,3,20260813,V52_A_E8_C12_2T,True,P3_CONNECTIVITY_DESTINATION_SHIFT,Z,0.06209370515994182,0.056573169565780734,0.005520535594161088,0.033044733107089996,0.0,1.1920928955078125e-07,True
R4_LHS_03,R4,3,20260813,V52_B_E1_C4_2T,True,P3_CONNECTIVITY_DESTINATION_SHIFT,X,0.11259178608795911,0.09869943125314475,0.013892354834814366,0.0611364021897316,0.0,1.1920928955078125e-07,True
R4_LHS_03,R4,3,20260813,V52_B_E1_C4_2T,True,P3_CONNECTIVITY_DESTINATION_SHIFT,Y,0.06156928800562452,0.05540730519476211,0.006161982810862408,0.029239442199468613,0.0,1.1920928955078125e-07,True
R4_LHS_03,R4,3,20260813,V52_B_E1_C4_2T,True,P3_CONNECTIVITY_DESTINATION_SHIFT,Z,0.06395693851793022,0.05579308961264276,0.008163848905287457,0.0362158827483654,0.0,1.1920928955078125e-07,True
R4_LHS_03,R4,3,20260813,V52_B_E4_C7_1T,True,P3_CONNECTIVITY_DESTINATION_SHIFT,X,0.08421902557165203,0.08161468726954908,0.0026043383021029515,0.03649396449327469,0.0,1.1920928955078125e-07,True
R4_LHS_03,R4,3,20260813,V52_B_E4_C7_1T,True,P3_CONNECTIVITY_DESTINATION_SHIFT,Y,0.06371747231212507,0.061857959346252274,0.001859512965872799,0.03125763684511185,0.0,1.1920928955078125e-07,True
R4_LHS_03,R4,3,20260813,V52_B_E4_C7_1T,True,P3_CONNECTIVITY_DESTINATION_SHIFT,Z,0.03359033305150022,0.028883487925749053,0.004706845125751168,0.015306665562093258,0.0,1.1920928955078125e-07,True
R4_LHS_03,R4,3,20260813,V52_CPLUS_E5_C9_1T,True,P3_CONNECTIVITY_DESTINATION_SHIFT,X,0.0681685828096647,0.058513401054723635,0.009655181754941067,0.030632782727479935,0.0,1.1920928955078125e-07,True
R4_LHS_03,R4,3,20260813,V52_CPLUS_E5_C9_1T,True,P3_CONNECTIVITY_DESTINATION_SHIFT,Y,0.07101580538750858,0.06571684828197337,0.0052989571055352125,0.028457993641495705,0.0,1.1920928955078125e-07,True
R4_LHS_03,R4,3,20260813,V52_CPLUS_E5_C9_1T,True,P3_CONNECTIVITY_DESTINATION_SHIFT,Z,0.03838420914702857,0.03491481780720553,0.00346939133982304,0.01569179818034172,0.0,1.1920928955078125e-07,True
R4_LHS_03,R4,3,20260813,V52_C_E4_C7_1T,True,P3_CONNECTIVITY_DESTINATION_SHIFT,X,0.08109004372840209,0.07758304789425485,0.0035069958341472363,0.03301853686571121,0.0,1.1920928955078125e-07,True
R4_LHS_03,R4,3,20260813,V52_C_E4_C7_1T,True,P3_CONNECTIVITY_DESTINATION_SHIFT,Y,0.06684326685338356,0.06437996815181608,0.0024632987015674734,0.029550381004810333,0.0,1.1920928955078125e-07,True
R4_LHS_03,R4,3,20260813,V52_C_E4_C7_1T,True,P3_CONNECTIVITY_DESTINATION_SHIFT,Z,0.036209807018457336,0.031871008289378173,0.004338798729079163,0.015285134315490723,0.0,1.1920928955078125e-07,True
R4_LHS_03,R4,3,20260813,BASE_C3_0T,False,P4_MEAN_NEUTRALIZED_EDGE_MECHANICS,X,0.0,0.0,0.0,0.0,0.0,1.1920928955078125e-07,True
R4_LHS_03,R4,3,20260813,BASE_C3_0T,False,P4_MEAN_NEUTRALIZED_EDGE_MECHANICS,Y,0.0,0.0,0.0,0.0,0.0,1.1920928955078125e-07,True
R4_LHS_03,R4,3,20260813,BASE_C3_0T,False,P4_MEAN_NEUTRALIZED_EDGE_MECHANICS,Z,0.0,0.0,0.0,0.0,0.0,1.1920928955078125e-07,True
R4_LHS_03,R4,3,20260813,V40_A_E2_C5_2T,True,P4_MEAN_NEUTRALIZED_EDGE_MECHANICS,X,0.1485759223237628,0.12059337306172085,0.02798254926204194,0.08442571759223938,0.0,1.1920928955078125e-07,True
R4_LHS_03,R4,3,20260813,V40_A_E2_C5_2T,True,P4_MEAN_NEUTRALIZED_EDGE_MECHANICS,Y,0.07597476608480763,0.06267577917449886,0.013298986910308772,0.03827079385519028,0.0,1.1920928955078125e-07,True
R4_LHS_03,R4,3,20260813,V40_A_E2_C5_2T,True,P4_MEAN_NEUTRALIZED_EDGE_MECHANICS,Z,0.08278707910881801,0.06297005766990985,0.019817021438908164,0.051140811294317245,0.0,1.1920928955078125e-07,True
R4_LHS_03,R4,3,20260813,V40_B_E8_C12_2T,True,P4_MEAN_NEUTRALIZED_EDGE_MECHANICS,X,0.12438134119012012,0.1012814151528862,0.023099926037233917,0.07508641481399536,0.0,1.1920928955078125e-07,True
R4_LHS_03,R4,3,20260813,V40_B_E8_C12_2T,True,P4_MEAN_NEUTRALIZED_EDGE_MECHANICS,Y,0.056986535338300524,0.04507489823736129,0.011911637100939232,0.03354238346219063,0.0,1.1920928955078125e-07,True
R4_LHS_03,R4,3,20260813,V40_B_E8_C12_2T,True,P4_MEAN_NEUTRALIZED_EDGE_MECHANICS,Z,0.06459887805346644,0.05095315473817944,0.013645723315286996,0.038325853645801544,0.0,1.1920928955078125e-07,True
R4_LHS_03,R4,3,20260813,V40_CPLUS_E3_C6_1T,True,P4_MEAN_NEUTRALIZED_EDGE_MECHANICS,X,0.07451711555048751,0.06492685160831083,0.009590263942176686,0.031999584287405014,0.0,1.1920928955078125e-07,True
R4_LHS_03,R4,3,20260813,V40_CPLUS_E3_C6_1T,True,P4_MEAN_NEUTRALIZED_EDGE_MECHANICS,Y,0.08658798417425553,0.07477496073543144,0.011813023438824094,0.03434882313013077,0.0,1.1920928955078125e-07,True
R4_LHS_03,R4,3,20260813,V40_CPLUS_E3_C6_1T,True,P4_MEAN_NEUTRALIZED_EDGE_MECHANICS,Z,0.043287433248250295,0.03887493500707852,0.004412498241171778,0.02081277407705784,0.0,1.1920928955078125e-07,True
R4_LHS_03,R4,3,20260813,V40_CPLUS_E6_C10_1T,True,P4_MEAN_NEUTRALIZED_EDGE_MECHANICS,X,0.07157340904005095,0.06077670094670242,0.010796708093348532,0.030913088470697403,0.0,1.1920928955078125e-07,True
R4_LHS_03,R4,3,20260813,V40_CPLUS_E6_C10_1T,True,P4_MEAN_NEUTRALIZED_EDGE_MECHANICS,Y,0.08268352101723218,0.07024182413536371,0.01244169688186847,0.03246331214904785,0.0,1.1920928955078125e-07,True
R4_LHS_03,R4,3,20260813,V40_CPLUS_E6_C10_1T,True,P4_MEAN_NEUTRALIZED_EDGE_MECHANICS,Z,0.043000759836753714,0.0377789180292821,0.005221841807471615,0.020405011251568794,0.0,1.1920928955078125e-07,True
R4_LHS_03,R4,3,20260813,V40_C_E2_C5_2T,True,P4_MEAN_NEUTRALIZED_EDGE_MECHANICS,X,0.14408821229445734,0.11687913807894133,0.027209074215516008,0.08409307152032852,0.0,1.1920928955078125e-07,True
R4_LHS_03,R4,3,20260813,V40_C_E2_C5_2T,True,P4_MEAN_NEUTRALIZED_EDGE_MECHANICS,Y,0.06356738089555539,0.05011314812331709,0.013454232772238298,0.03874322399497032,0.0,1.1920928955078125e-07,True
R4_LHS_03,R4,3,20260813,V40_C_E2_C5_2T,True,P4_MEAN_NEUTRALIZED_EDGE_MECHANICS,Z,0.07487264846786398,0.05608425050730692,0.018788397960557063,0.049388859421014786,0.0,1.1920928955078125e-07,True
R4_LHS_03,R4,3,20260813,V40_C_E6_C10_1T,True,P4_MEAN_NEUTRALIZED_EDGE_MECHANICS,X,0.05894902733183124,0.055511231587126994,0.003437795744704243,0.034751445055007935,0.0,1.1920928955078125e-07,True
R4_LHS_03,R4,3,20260813,V40_C_E6_C10_1T,True,P4_MEAN_NEUTRALIZED_EDGE_MECHANICS,Y,0.07528506356727399,0.06116186829001897,0.014123195277255023,0.031916748732328415,0.0,1.1920928955078125e-07,True
R4_LHS_03,R4,3,20260813,V40_C_E6_C10_1T,True,P4_MEAN_NEUTRALIZED_EDGE_MECHANICS,Z,0.04013399373469565,0.03368813903734368,0.006445854697351969,0.019628074020147324,0.0,1.1920928955078125e-07,True
R4_LHS_03,R4,3,20260813,V52_A_E7_C11_2T,True,P4_MEAN_NEUTRALIZED_EDGE_MECHANICS,X,0.13621381029655508,0.12086777183079901,0.015346038465756065,0.0688413605093956,0.0,1.1920928955078125e-07,True
R4_LHS_03,R4,3,20260813,V52_A_E7_C11_2T,True,P4_MEAN_NEUTRALIZED_EDGE_MECHANICS,Y,0.06889970233645566,0.0600519026308406,0.008847799705615063,0.03300987929105759,0.0,1.1920928955078125e-07,True
R4_LHS_03,R4,3,20260813,V52_A_E7_C11_2T,True,P4_MEAN_NEUTRALIZED_EDGE_MECHANICS,Z,0.06935905621391865,0.058159162725945165,0.011199893487973483,0.034207768738269806,0.0,1.1920928955078125e-07,True
R4_LHS_03,R4,3,20260813,V52_A_E8_C12_2T,True,P4_MEAN_NEUTRALIZED_EDGE_MECHANICS,X,0.11818084880720651,0.10011575534515464,0.018065093462051873,0.06617914885282516,0.0,1.1920928955078125e-07,True
R4_LHS_03,R4,3,20260813,V52_A_E8_C12_2T,True,P4_MEAN_NEUTRALIZED_EDGE_MECHANICS,Y,0.06628872998210672,0.05690160453599979,0.009387125446106932,0.03224445879459381,0.0,1.1920928955078125e-07,True
R4_LHS_03,R4,3,20260813,V52_A_E8_C12_2T,True,P4_MEAN_NEUTRALIZED_EDGE_MECHANICS,Z,0.068088301144627,0.056573169565780734,0.01151513157884626,0.03322342783212662,0.0,1.1920928955078125e-07,True
R4_LHS_03,R4,3,20260813,V52_B_E1_C4_2T,True,P4_MEAN_NEUTRALIZED_EDGE_MECHANICS,X,0.12225952054606537,0.09869943125314475,0.023560089292920625,0.07525338232517242,0.0,1.1920928955078125e-07,True
R4_LHS_03,R4,3,20260813,V52_B_E1_C4_2T,True,P4_MEAN_NEUTRALIZED_EDGE_MECHANICS,Y,0.0661501064358265,0.05540730519476211,0.010742801241064387,0.038176506757736206,0.0,1.1920928955078125e-07,True
R4_LHS_03,R4,3,20260813,V52_B_E1_C4_2T,True,P4_MEAN_NEUTRALIZED_EDGE_MECHANICS,Z,0.07197374513658346,0.05579308961264276,0.0161806555239407,0.04543626680970192,0.0,1.1920928955078125e-07,True
R4_LHS_03,R4,3,20260813,V52_B_E4_C7_1T,True,P4_MEAN_NEUTRALIZED_EDGE_MECHANICS,X,0.07936874303719205,0.08161468726954908,-0.002245944232357036,0.04649411886930466,0.0,1.1920928955078125e-07,True
R4_LHS_03,R4,3,20260813,V52_B_E4_C7_1T,True,P4_MEAN_NEUTRALIZED_EDGE_MECHANICS,Y,0.0785100877190819,0.061857959346252274,0.016652128372829623,0.040565092116594315,0.0,1.1920928955078125e-07,True
R4_LHS_03,R4,3,20260813,V52_B_E4_C7_1T,True,P4_MEAN_NEUTRALIZED_EDGE_MECHANICS,Z,0.03682655787302045,0.028883487925749053,0.007943069947271397,0.021489255130290985,0.0,1.1920928955078125e-07,True
R4_LHS_03,R4,3,20260813,V52_CPLUS_E5_C9_1T,True,P4_MEAN_NEUTRALIZED_EDGE_MECHANICS,X,0.06786963119137833,0.058513401054723635,0.009356230136654695,0.03418293595314026,0.0,1.1920928955078125e-07,True
R4_LHS_03,R4,3,20260813,V52_CPLUS_E5_C9_1T,True,P4_MEAN_NEUTRALIZED_EDGE_MECHANICS,Y,0.08021274261141477,0.06571684828197337,0.0144958943294414,0.037292469292879105,0.0,1.1920928955078125e-07,True
R4_LHS_03,R4,3,20260813,V52_CPLUS_E5_C9_1T,True,P4_MEAN_NEUTRALIZED_EDGE_MECHANICS,Z,0.04211347602065582,0.03491481780720553,0.007198658213450289,0.022775648161768913,0.0,1.1920928955078125e-07,True
R4_LHS_03,R4,3,20260813,V52_C_E4_C7_1T,True,P4_MEAN_NEUTRALIZED_EDGE_MECHANICS,X,0.08000265358806244,0.07758304789425485,0.002419605693807586,0.040440842509269714,0.0,1.1920928955078125e-07,True
R4_LHS_03,R4,3,20260813,V52_C_E4_C7_1T,True,P4_MEAN_NEUTRALIZED_EDGE_MECHANICS,Y,0.0798201018164131,0.06437996815181608,0.015440133664597011,0.040329013019800186,0.0,1.1920928955078125e-07,True
R4_LHS_03,R4,3,20260813,V52_C_E4_C7_1T,True,P4_MEAN_NEUTRALIZED_EDGE_MECHANICS,Z,0.03939518294336901,0.031871008289378173,0.007524174653990835,0.022286877036094666,0.0,1.1920928955078125e-07,True
R4_LHS_03,R4,3,20260813,NOT_APPLICABLE,False,P5_IDENTITY_LOCAL_FRAMES,NA,nan,nan,nan,nan,nan,1.1920928955078125e-07,False
R4_LHS_03,R4,4,20260813,V40_A_E1_C4_2T,True,P0_CORRECT,X,0.0797602184968406,0.0797602184968406,0.0,0.0,0.0,1.6391277313232422e-07,True
R4_LHS_03,R4,4,20260813,V40_A_E1_C4_2T,True,P0_CORRECT,Y,0.04232273580013987,0.04232273580013987,0.0,0.0,0.0,1.6391277313232422e-07,True
R4_LHS_03,R4,4,20260813,V40_A_E1_C4_2T,True,P0_CORRECT,Z,0.04928472011825105,0.04928472011825105,0.0,0.0,0.0,1.6391277313232422e-07,True
R4_LHS_03,R4,4,20260813,V40_A_E6_C10_1T,True,P0_CORRECT,X,0.04949150468957106,0.04949150468957106,0.0,0.0,0.0,1.6391277313232422e-07,True
R4_LHS_03,R4,4,20260813,V40_A_E6_C10_1T,True,P0_CORRECT,Y,0.04710049242195201,0.04710049242195201,0.0,0.0,0.0,1.6391277313232422e-07,True
R4_LHS_03,R4,4,20260813,V40_A_E6_C10_1T,True,P0_CORRECT,Z,0.020583880945864698,0.020583880945864698,0.0,0.0,0.0,1.6391277313232422e-07,True
R4_LHS_03,R4,4,20260813,V40_B_E3_C6_1T,True,P0_CORRECT,X,0.04514713512186361,0.04514713512186361,0.0,0.0,0.0,1.6391277313232422e-07,True
R4_LHS_03,R4,4,20260813,V40_B_E3_C6_1T,True,P0_CORRECT,Y,0.04647949972888229,0.04647949972888229,0.0,0.0,0.0,1.6391277313232422e-07,True
R4_LHS_03,R4,4,20260813,V40_B_E3_C6_1T,True,P0_CORRECT,Z,0.021181858438148078,0.021181858438148078,0.0,0.0,0.0,1.6391277313232422e-07,True
R4_LHS_03,R4,4,20260813,V40_B_E4_C7_1T,True,P0_CORRECT,X,0.05371547335202338,0.05371547335202338,0.0,0.0,0.0,1.6391277313232422e-07,True
R4_LHS_03,R4,4,20260813,V40_B_E4_C7_1T,True,P0_CORRECT,Y,0.0469936973797374,0.0469936973797374,0.0,0.0,0.0,1.6391277313232422e-07,True
R4_LHS_03,R4,4,20260813,V40_B_E4_C7_1T,True,P0_CORRECT,Z,0.02139369360286741,0.02139369360286741,0.0,0.0,0.0,1.6391277313232422e-07,True
R4_LHS_03,R4,4,20260813,V40_CPLUS_E5_C9_1T,True,P0_CORRECT,X,0.04829343079713448,0.04829343079713448,0.0,0.0,0.0,1.6391277313232422e-07,True
R4_LHS_03,R4,4,20260813,V40_CPLUS_E5_C9_1T,True,P0_CORRECT,Y,0.04905853438617485,0.04905853438617485,0.0,0.0,0.0,1.6391277313232422e-07,True
R4_LHS_03,R4,4,20260813,V40_CPLUS_E5_C9_1T,True,P0_CORRECT,Z,0.034260680403589004,0.034260680403589004,0.0,0.0,0.0,1.6391277313232422e-07,True
R4_LHS_03,R4,4,20260813,V40_CPLUS_E7_C11_2T,True,P0_CORRECT,X,0.08269948050797196,0.08269948050797196,0.0,0.0,0.0,1.6391277313232422e-07,True
R4_LHS_03,R4,4,20260813,V40_CPLUS_E7_C11_2T,True,P0_CORRECT,Y,0.03408649589111485,0.03408649589111485,0.0,0.0,0.0,1.6391277313232422e-07,True
R4_LHS_03,R4,4,20260813,V40_CPLUS_E7_C11_2T,True,P0_CORRECT,Z,0.04128053046459587,0.04128053046459587,0.0,0.0,0.0,1.6391277313232422e-07,True
R4_LHS_03,R4,4,20260813,V40_C_E7_C11_2T,True,P0_CORRECT,X,0.09532524914976741,0.09532524914976741,0.0,0.0,0.0,1.6391277313232422e-07,True
R4_LHS_03,R4,4,20260813,V40_C_E7_C11_2T,True,P0_CORRECT,Y,0.03847085875712507,0.03847085875712507,0.0,0.0,0.0,1.6391277313232422e-07,True
R4_LHS_03,R4,4,20260813,V40_C_E7_C11_2T,True,P0_CORRECT,Z,0.040371378750050195,0.040371378750050195,0.0,0.0,0.0,1.6391277313232422e-07,True
R4_LHS_03,R4,4,20260813,V52_A_E2_C5_2T,True,P0_CORRECT,X,0.0987525264715038,0.0987525264715038,0.0,0.0,0.0,1.6391277313232422e-07,True
R4_LHS_03,R4,4,20260813,V52_A_E2_C5_2T,True,P0_CORRECT,Y,0.04612317459042247,0.04612317459042247,0.0,0.0,0.0,1.6391277313232422e-07,True
R4_LHS_03,R4,4,20260813,V52_A_E2_C5_2T,True,P0_CORRECT,Z,0.05473797399463936,0.05473797399463936,0.0,0.0,0.0,1.6391277313232422e-07,True
R4_LHS_03,R4,4,20260813,V52_B_E8_C12_2T,True,P0_CORRECT,X,0.07997739235135537,0.07997739235135537,0.0,0.0,0.0,1.6391277313232422e-07,True
R4_LHS_03,R4,4,20260813,V52_B_E8_C12_2T,True,P0_CORRECT,Y,0.0441297963498569,0.0441297963498569,0.0,0.0,0.0,1.6391277313232422e-07,True
R4_LHS_03,R4,4,20260813,V52_B_E8_C12_2T,True,P0_CORRECT,Z,0.04713210761243196,0.04713210761243196,0.0,0.0,0.0,1.6391277313232422e-07,True
R4_LHS_03,R4,4,20260813,V52_CPLUS_E4_C7_1T,True,P0_CORRECT,X,0.044727077301827955,0.044727077301827955,0.0,0.0,0.0,1.6391277313232422e-07,True
R4_LHS_03,R4,4,20260813,V52_CPLUS_E4_C7_1T,True,P0_CORRECT,Y,0.05122084806592218,0.05122084806592218,0.0,0.0,0.0,1.6391277313232422e-07,True
R4_LHS_03,R4,4,20260813,V52_CPLUS_E4_C7_1T,True,P0_CORRECT,Z,0.03429742990921964,0.03429742990921964,0.0,0.0,0.0,1.6391277313232422e-07,True
R4_LHS_03,R4,4,20260813,V52_CPLUS_E6_C10_1T,True,P0_CORRECT,X,0.040473505961260314,0.040473505961260314,0.0,0.0,0.0,1.6391277313232422e-07,True
R4_LHS_03,R4,4,20260813,V52_CPLUS_E6_C10_1T,True,P0_CORRECT,Y,0.05011624530840534,0.05011624530840534,0.0,0.0,0.0,1.6391277313232422e-07,True
R4_LHS_03,R4,4,20260813,V52_CPLUS_E6_C10_1T,True,P0_CORRECT,Z,0.035754843830383416,0.035754843830383416,0.0,0.0,0.0,1.6391277313232422e-07,True
R4_LHS_03,R4,4,20260813,V52_C_E1_C4_2T,True,P0_CORRECT,X,0.07247085901855392,0.07247085901855392,0.0,0.0,0.0,1.6391277313232422e-07,True
R4_LHS_03,R4,4,20260813,V52_C_E1_C4_2T,True,P0_CORRECT,Y,0.0382267413403056,0.0382267413403056,0.0,0.0,0.0,1.6391277313232422e-07,True
R4_LHS_03,R4,4,20260813,V52_C_E1_C4_2T,True,P0_CORRECT,Z,0.04163365442849215,0.04163365442849215,0.0,0.0,0.0,1.6391277313232422e-07,True
R4_LHS_03,R4,4,20260813,V52_C_E5_C9_1T,True,P0_CORRECT,X,0.05586279604233943,0.05586279604233943,0.0,0.0,0.0,1.6391277313232422e-07,True
R4_LHS_03,R4,4,20260813,V52_C_E5_C9_1T,True,P0_CORRECT,Y,0.05023036657197291,0.05023036657197291,0.0,0.0,0.0,1.6391277313232422e-07,True
R4_LHS_03,R4,4,20260813,V52_C_E5_C9_1T,True,P0_CORRECT,Z,0.023362925203046964,0.023362925203046964,0.0,0.0,0.0,1.6391277313232422e-07,True
R4_LHS_03,R4,4,20260813,V40_A_E1_C4_2T,True,P1_CONSISTENT_NODE_RELABEL,X,0.07976022132173953,0.0797602184968406,2.824898925890551e-09,3.2763813351266435e-07,0.0,1.6391277313232422e-07,True
R4_LHS_03,R4,4,20260813,V40_A_E1_C4_2T,True,P1_CONSISTENT_NODE_RELABEL,Y,0.04232273675809185,0.04232273580013987,9.57951981628291e-10,3.1797313226888946e-07,0.0,1.6391277313232422e-07,True
R4_LHS_03,R4,4,20260813,V40_A_E1_C4_2T,True,P1_CONSISTENT_NODE_RELABEL,Z,0.049284719470162434,0.04928472011825105,-6.480886174942135e-10,4.0879731955101306e-07,0.0,1.6391277313232422e-07,True
R4_LHS_03,R4,4,20260813,V40_A_E6_C10_1T,True,P1_CONSISTENT_NODE_RELABEL,X,0.049491502441516386,0.04949150468957106,-2.248054672970845e-09,3.1248256959770515e-07,0.0,1.6391277313232422e-07,True
R4_LHS_03,R4,4,20260813,V40_A_E6_C10_1T,True,P1_CONSISTENT_NODE_RELABEL,Y,0.047100499309909935,0.04710049242195201,6.8879579262493e-09,4.965932021150365e-07,0.0,1.6391277313232422e-07,True
R4_LHS_03,R4,4,20260813,V40_A_E6_C10_1T,True,P1_CONSISTENT_NODE_RELABEL,Z,0.020583892671292275,0.020583880945864698,1.1725427576797509e-08,4.310450663069787e-07,0.0,1.6391277313232422e-07,True
R4_LHS_03,R4,4,20260813,V40_B_E3_C6_1T,True,P1_CONSISTENT_NODE_RELABEL,X,0.04514712980070611,0.04514713512186361,-5.32115750073725e-09,3.1406023026647745e-07,0.0,1.6391277313232422e-07,True
R4_LHS_03,R4,4,20260813,V40_B_E3_C6_1T,True,P1_CONSISTENT_NODE_RELABEL,Y,0.04647949994302986,0.04647949972888229,2.1414757467308476e-10,4.882806479145074e-07,0.0,1.6391277313232422e-07,True
R4_LHS_03,R4,4,20260813,V40_B_E3_C6_1T,True,P1_CONSISTENT_NODE_RELABEL,Z,0.02118186548907879,0.021181858438148078,7.050930710822412e-09,4.4223261852494034e-07,0.0,1.6391277313232422e-07,True
R4_LHS_03,R4,4,20260813,V40_B_E4_C7_1T,True,P1_CONSISTENT_NODE_RELABEL,X,0.05371546085780044,0.05371547335202338,-1.2494222940973021e-08,3.899206149071688e-07,0.0,1.6391277313232422e-07,True
R4_LHS_03,R4,4,20260813,V40_B_E4_C7_1T,True,P1_CONSISTENT_NODE_RELABEL,Y,0.04699369373902282,0.0469936973797374,-3.6407145839745247e-09,5.489109753398225e-07,0.0,1.6391277313232422e-07,True
R4_LHS_03,R4,4,20260813,V40_B_E4_C7_1T,True,P1_CONSISTENT_NODE_RELABEL,Z,0.021393688468531222,0.02139369360286741,-5.134336188844513e-09,4.778142397299234e-07,0.0,1.6391277313232422e-07,True
R4_LHS_03,R4,4,20260813,V40_CPLUS_E5_C9_1T,True,P1_CONSISTENT_NODE_RELABEL,X,0.04829342761402149,0.04829343079713448,-3.1831129884696274e-09,2.2891383366641094e-07,0.0,1.6391277313232422e-07,True
R4_LHS_03,R4,4,20260813,V40_CPLUS_E5_C9_1T,True,P1_CONSISTENT_NODE_RELABEL,Y,0.049058533550936735,0.04905853438617485,-8.352381147824772e-10,3.334624807393993e-07,0.0,1.6391277313232422e-07,True
R4_LHS_03,R4,4,20260813,V40_CPLUS_E5_C9_1T,True,P1_CONSISTENT_NODE_RELABEL,Z,0.03426066999184397,0.034260680403589004,-1.0411745035576736e-08,3.2189910825763945e-07,0.0,1.6391277313232422e-07,True
R4_LHS_03,R4,4,20260813,V40_CPLUS_E7_C11_2T,True,P1_CONSISTENT_NODE_RELABEL,X,0.08269947783356295,0.08269948050797196,-2.6744090136920917e-09,3.262209418153361e-07,0.0,1.6391277313232422e-07,True
R4_LHS_03,R4,4,20260813,V40_CPLUS_E7_C11_2T,True,P1_CONSISTENT_NODE_RELABEL,Y,0.03408649801959469,0.03408649589111485,2.1284798368270685e-09,2.806239081110107e-07,0.0,1.6391277313232422e-07,True
R4_LHS_03,R4,4,20260813,V40_CPLUS_E7_C11_2T,True,P1_CONSISTENT_NODE_RELABEL,Z,0.04128053123121636,0.04128053046459587,7.666204893119755e-10,3.6142063208899344e-07,0.0,1.6391277313232422e-07,True
R4_LHS_03,R4,4,20260813,V40_C_E7_C11_2T,True,P1_CONSISTENT_NODE_RELABEL,X,0.09532525616346457,0.09532524914976741,7.013697164715005e-09,3.947362756662187e-07,0.0,1.6391277313232422e-07,True
R4_LHS_03,R4,4,20260813,V40_C_E7_C11_2T,True,P1_CONSISTENT_NODE_RELABEL,Y,0.03847086032623075,0.03847085875712507,1.5691056856614871e-09,4.0226817077382293e-07,0.0,1.6391277313232422e-07,True
R4_LHS_03,R4,4,20260813,V40_C_E7_C11_2T,True,P1_CONSISTENT_NODE_RELABEL,Z,0.040371382792697724,0.040371378750050195,4.042647529234333e-09,5.245753413873899e-07,0.0,1.6391277313232422e-07,True
R4_LHS_03,R4,4,20260813,V52_A_E2_C5_2T,True,P1_CONSISTENT_NODE_RELABEL,X,0.09875253732819837,0.0987525264715038,1.0856694571126368e-08,3.2698770269234956e-07,0.0,1.6391277313232422e-07,True
R4_LHS_03,R4,4,20260813,V52_A_E2_C5_2T,True,P1_CONSISTENT_NODE_RELABEL,Y,0.046123170154124336,0.04612317459042247,-4.436298134402605e-09,3.6091751098865643e-07,0.0,1.6391277313232422e-07,True
R4_LHS_03,R4,4,20260813,V52_A_E2_C5_2T,True,P1_CONSISTENT_NODE_RELABEL,Z,0.054737965646551215,0.05473797399463936,-8.348088144372046e-09,4.7286721382988617e-07,0.0,1.6391277313232422e-07,True
R4_LHS_03,R4,4,20260813,V52_B_E8_C12_2T,True,P1_CONSISTENT_NODE_RELABEL,X,0.07997739617257102,0.07997739235135537,3.821215649457699e-09,3.1281012979889056e-07,0.0,1.6391277313232422e-07,True
R4_LHS_03,R4,4,20260813,V52_B_E8_C12_2T,True,P1_CONSISTENT_NODE_RELABEL,Y,0.04412980340954823,0.0441297963498569,7.05969133152351e-09,2.9706515647376364e-07,0.0,1.6391277313232422e-07,True
R4_LHS_03,R4,4,20260813,V52_B_E8_C12_2T,True,P1_CONSISTENT_NODE_RELABEL,Z,0.04713210368776998,0.04713210761243196,-3.924661977350308e-09,3.860779429487593e-07,0.0,1.6391277313232422e-07,True
R4_LHS_03,R4,4,20260813,V52_CPLUS_E4_C7_1T,True,P1_CONSISTENT_NODE_RELABEL,X,0.04472708130814019,0.044727077301827955,4.006312233351128e-09,2.4063569981080946e-07,0.0,1.6391277313232422e-07,True
R4_LHS_03,R4,4,20260813,V52_CPLUS_E4_C7_1T,True,P1_CONSISTENT_NODE_RELABEL,Y,0.051220853422305035,0.05122084806592218,5.3563828580904804e-09,3.9094774706427415e-07,0.0,1.6391277313232422e-07,True
R4_LHS_03,R4,4,20260813,V52_CPLUS_E4_C7_1T,True,P1_CONSISTENT_NODE_RELABEL,Z,0.03429743386574545,0.03429742990921964,3.956525808368472e-09,3.9865881262812763e-07,0.0,1.6391277313232422e-07,True
R4_LHS_03,R4,4,20260813,V52_CPLUS_E6_C10_1T,True,P1_CONSISTENT_NODE_RELABEL,X,0.040473505689080286,0.040473505961260314,-2.721800285154785e-10,2.498106255188759e-07,0.0,1.6391277313232422e-07,True
R4_LHS_03,R4,4,20260813,V52_CPLUS_E6_C10_1T,True,P1_CONSISTENT_NODE_RELABEL,Y,0.05011625050261939,0.05011624530840534,5.1942140519289914e-09,4.0487421415491553e-07,0.0,1.6391277313232422e-07,True
R4_LHS_03,R4,4,20260813,V52_CPLUS_E6_C10_1T,True,P1_CONSISTENT_NODE_RELABEL,Z,0.035754849240928845,0.035754843830383416,5.41054542835262e-09,4.0634756715007825e-07,0.0,1.6391277313232422e-07,True
R4_LHS_03,R4,4,20260813,V52_C_E1_C4_2T,True,P1_CONSISTENT_NODE_RELABEL,X,0.07247085869768147,0.07247085901855392,-3.20872453607457e-10,3.2839511732163373e-07,0.0,1.6391277313232422e-07,True
R4_LHS_03,R4,4,20260813,V52_C_E1_C4_2T,True,P1_CONSISTENT_NODE_RELABEL,Y,0.038226740735506304,0.0382267413403056,-6.047992939794966e-10,2.9027449954810436e-07,0.0,1.6391277313232422e-07,True
R4_LHS_03,R4,4,20260813,V52_C_E1_C4_2T,True,P1_CONSISTENT_NODE_RELABEL,Z,0.04163366217746982,0.04163365442849215,7.748977667865198e-09,3.977929736720398e-07,0.0,1.6391277313232422e-07,True
R4_LHS_03,R4,4,20260813,V52_C_E5_C9_1T,True,P1_CONSISTENT_NODE_RELABEL,X,0.055862796164899954,0.05586279604233943,1.2256052422943142e-10,2.671186791758373e-07,0.0,1.6391277313232422e-07,True
R4_LHS_03,R4,4,20260813,V52_C_E5_C9_1T,True,P1_CONSISTENT_NODE_RELABEL,Y,0.0502303601749189,0.05023036657197291,-6.397054011508807e-09,4.363944867691316e-07,0.0,1.6391277313232422e-07,True
R4_LHS_03,R4,4,20260813,V52_C_E5_C9_1T,True,P1_CONSISTENT_NODE_RELABEL,Z,0.023362913896105682,0.023362925203046964,-1.1306941282568372e-08,4.1262063632530044e-07,0.0,1.6391277313232422e-07,True
R4_LHS_03,R4,4,20260813,V40_A_E1_C4_2T,True,P2_EDGE_ATTRIBUTE_MISMATCH,X,0.08741842754807186,0.0797602184968406,0.0076582090512312545,0.038465578109025955,0.0,1.6391277313232422e-07,True
R4_LHS_03,R4,4,20260813,V40_A_E1_C4_2T,True,P2_EDGE_ATTRIBUTE_MISMATCH,Y,0.043910604844514714,0.04232273580013987,0.0015878690443748428,0.017532875761389732,0.0,1.6391277313232422e-07,True
R4_LHS_03,R4,4,20260813,V40_A_E1_C4_2T,True,P2_EDGE_ATTRIBUTE_MISMATCH,Z,0.0482974430226004,0.04928472011825105,-0.0009872770956506488,0.0187073927372694,0.0,1.6391277313232422e-07,True
R4_LHS_03,R4,4,20260813,V40_A_E6_C10_1T,True,P2_EDGE_ATTRIBUTE_MISMATCH,X,0.05824764309548895,0.04949150468957106,0.008756138405917893,0.02653532661497593,0.0,1.6391277313232422e-07,True
R4_LHS_03,R4,4,20260813,V40_A_E6_C10_1T,True,P2_EDGE_ATTRIBUTE_MISMATCH,Y,0.05060003727951325,0.04710049242195201,0.0034995448575612445,0.018072014674544334,0.0,1.6391277313232422e-07,True
R4_LHS_03,R4,4,20260813,V40_A_E6_C10_1T,True,P2_EDGE_ATTRIBUTE_MISMATCH,Z,0.02201358286740515,0.020583880945864698,0.0014297019215404536,0.009516814723610878,0.0,1.6391277313232422e-07,True
R4_LHS_03,R4,4,20260813,V40_B_E3_C6_1T,True,P2_EDGE_ATTRIBUTE_MISMATCH,X,0.05580152617341559,0.04514713512186361,0.010654391051551984,0.02755747362971306,0.0,1.6391277313232422e-07,True
R4_LHS_03,R4,4,20260813,V40_B_E3_C6_1T,True,P2_EDGE_ATTRIBUTE_MISMATCH,Y,0.04962091617893064,0.04647949972888229,0.003141416450048354,0.020418914034962654,0.0,1.6391277313232422e-07,True
R4_LHS_03,R4,4,20260813,V40_B_E3_C6_1T,True,P2_EDGE_ATTRIBUTE_MISMATCH,Z,0.02265356533678249,0.021181858438148078,0.0014717068986344131,0.011220807209610939,0.0,1.6391277313232422e-07,True
R4_LHS_03,R4,4,20260813,V40_B_E4_C7_1T,True,P2_EDGE_ATTRIBUTE_MISMATCH,X,0.060957060676715365,0.05371547335202338,0.007241587324691982,0.026749636977910995,0.0,1.6391277313232422e-07,True
R4_LHS_03,R4,4,20260813,V40_B_E4_C7_1T,True,P2_EDGE_ATTRIBUTE_MISMATCH,Y,0.049827620827580604,0.0469936973797374,0.002833923447843202,0.020336246117949486,0.0,1.6391277313232422e-07,True
R4_LHS_03,R4,4,20260813,V40_B_E4_C7_1T,True,P2_EDGE_ATTRIBUTE_MISMATCH,Z,0.02293107727178103,0.02139369360286741,0.0015373836689136187,0.011373158544301987,0.0,1.6391277313232422e-07,True
R4_LHS_03,R4,4,20260813,V40_CPLUS_E5_C9_1T,True,P2_EDGE_ATTRIBUTE_MISMATCH,X,0.053384403615238545,0.04829343079713448,0.005090972818104063,0.02211018279194832,0.0,1.6391277313232422e-07,True
R4_LHS_03,R4,4,20260813,V40_CPLUS_E5_C9_1T,True,P2_EDGE_ATTRIBUTE_MISMATCH,Y,0.05038417264674996,0.04905853438617485,0.0013256382605751071,0.02000604197382927,0.0,1.6391277313232422e-07,True
R4_LHS_03,R4,4,20260813,V40_CPLUS_E5_C9_1T,True,P2_EDGE_ATTRIBUTE_MISMATCH,Z,0.03229079026253035,0.034260680403589004,-0.001969890141058653,0.012754690833389759,0.0,1.6391277313232422e-07,True
R4_LHS_03,R4,4,20260813,V40_CPLUS_E7_C11_2T,True,P2_EDGE_ATTRIBUTE_MISMATCH,X,0.08803287386748372,0.08269948050797196,0.005333393359511759,0.03648023679852486,0.0,1.6391277313232422e-07,True
R4_LHS_03,R4,4,20260813,V40_CPLUS_E7_C11_2T,True,P2_EDGE_ATTRIBUTE_MISMATCH,Y,0.03659518443379844,0.03408649589111485,0.0025086885426835875,0.015650948509573936,0.0,1.6391277313232422e-07,True
R4_LHS_03,R4,4,20260813,V40_CPLUS_E7_C11_2T,True,P2_EDGE_ATTRIBUTE_MISMATCH,Z,0.04442602250497996,0.04128053046459587,0.0031454920403840916,0.01775750145316124,0.0,1.6391277313232422e-07,True
R4_LHS_03,R4,4,20260813,V40_C_E7_C11_2T,True,P2_EDGE_ATTRIBUTE_MISMATCH,X,0.10113572155352021,0.09532524914976741,0.005810472403752806,0.03901364654302597,0.0,1.6391277313232422e-07,True
R4_LHS_03,R4,4,20260813,V40_C_E7_C11_2T,True,P2_EDGE_ATTRIBUTE_MISMATCH,Y,0.040584602711630814,0.03847085875712507,0.0021137439545057465,0.016202624887228012,0.0,1.6391277313232422e-07,True
R4_LHS_03,R4,4,20260813,V40_C_E7_C11_2T,True,P2_EDGE_ATTRIBUTE_MISMATCH,Z,0.042595308735600704,0.040371378750050195,0.0022239299855505087,0.01847047545015812,0.0,1.6391277313232422e-07,True
R4_LHS_03,R4,4,20260813,V52_A_E2_C5_2T,True,P2_EDGE_ATTRIBUTE_MISMATCH,X,0.10296370281504236,0.0987525264715038,0.004211176343538556,0.04179155081510544,0.0,1.6391277313232422e-07,True
R4_LHS_03,R4,4,20260813,V52_A_E2_C5_2T,True,P2_EDGE_ATTRIBUTE_MISMATCH,Y,0.045953133202752516,0.04612317459042247,-0.00017004138766995441,0.01881365478038788,0.0,1.6391277313232422e-07,True
R4_LHS_03,R4,4,20260813,V52_A_E2_C5_2T,True,P2_EDGE_ATTRIBUTE_MISMATCH,Z,0.05268424228439772,0.05473797399463936,-0.0020537317102416394,0.02075623907148838,0.0,1.6391277313232422e-07,True
R4_LHS_03,R4,4,20260813,V52_B_E8_C12_2T,True,P2_EDGE_ATTRIBUTE_MISMATCH,X,0.08308734984595717,0.07997739235135537,0.0031099574946018005,0.03778461366891861,0.0,1.6391277313232422e-07,True
R4_LHS_03,R4,4,20260813,V52_B_E8_C12_2T,True,P2_EDGE_ATTRIBUTE_MISMATCH,Y,0.04496797959095907,0.0441297963498569,0.0008381832411021722,0.015904385596513748,0.0,1.6391277313232422e-07,True
R4_LHS_03,R4,4,20260813,V52_B_E8_C12_2T,True,P2_EDGE_ATTRIBUTE_MISMATCH,Z,0.04757647532077125,0.04713210761243196,0.00044436770833929107,0.0178933497518301,0.0,1.6391277313232422e-07,True
R4_LHS_03,R4,4,20260813,V52_CPLUS_E4_C7_1T,True,P2_EDGE_ATTRIBUTE_MISMATCH,X,0.0475181238492957,0.044727077301827955,0.002791046547467743,0.02229028195142746,0.0,1.6391277313232422e-07,True
R4_LHS_03,R4,4,20260813,V52_CPLUS_E4_C7_1T,True,P2_EDGE_ATTRIBUTE_MISMATCH,Y,0.050295609208752146,0.05122084806592218,-0.0009252388571700312,0.02009844221174717,0.0,1.6391277313232422e-07,True
R4_LHS_03,R4,4,20260813,V52_CPLUS_E4_C7_1T,True,P2_EDGE_ATTRIBUTE_MISMATCH,Z,0.03179204861646979,0.03429742990921964,-0.002505381292749853,0.01288718543946743,0.0,1.6391277313232422e-07,True
R4_LHS_03,R4,4,20260813,V52_CPLUS_E6_C10_1T,True,P2_EDGE_ATTRIBUTE_MISMATCH,X,0.04350964568431451,0.040473505961260314,0.003036139723054193,0.020588424056768417,0.0,1.6391277313232422e-07,True
R4_LHS_03,R4,4,20260813,V52_CPLUS_E6_C10_1T,True,P2_EDGE_ATTRIBUTE_MISMATCH,Y,0.049577106872877405,0.05011624530840534,-0.0005391384355279347,0.018764406442642212,0.0,1.6391277313232422e-07,True
R4_LHS_03,R4,4,20260813,V52_CPLUS_E6_C10_1T,True,P2_EDGE_ATTRIBUTE_MISMATCH,Z,0.03326710284039046,0.035754843830383416,-0.002487740989992958,0.012121365405619144,0.0,1.6391277313232422e-07,True
R4_LHS_03,R4,4,20260813,V52_C_E1_C4_2T,True,P2_EDGE_ATTRIBUTE_MISMATCH,X,0.07974043648565782,0.07247085901855392,0.0072695774671038965,0.03820718079805374,0.0,1.6391277313232422e-07,True
R4_LHS_03,R4,4,20260813,V52_C_E1_C4_2T,True,P2_EDGE_ATTRIBUTE_MISMATCH,Y,0.03951095930197651,0.0382267413403056,0.0012842179616709137,0.017037352547049522,0.0,1.6391277313232422e-07,True
R4_LHS_03,R4,4,20260813,V52_C_E1_C4_2T,True,P2_EDGE_ATTRIBUTE_MISMATCH,Z,0.04259555785092307,0.04163365442849215,0.0009619034224309167,0.019194768741726875,0.0,1.6391277313232422e-07,True
R4_LHS_03,R4,4,20260813,V52_C_E5_C9_1T,True,P2_EDGE_ATTRIBUTE_MISMATCH,X,0.05384401995162322,0.05586279604233943,-0.0020187760907162122,0.02069469727575779,0.0,1.6391277313232422e-07,True
R4_LHS_03,R4,4,20260813,V52_C_E5_C9_1T,True,P2_EDGE_ATTRIBUTE_MISMATCH,Y,0.04948846083097759,0.05023036657197291,-0.0007419057409953217,0.017488596960902214,0.0,1.6391277313232422e-07,True
R4_LHS_03,R4,4,20260813,V52_C_E5_C9_1T,True,P2_EDGE_ATTRIBUTE_MISMATCH,Z,0.023672581250712865,0.023362925203046964,0.0003096560476659009,0.00998673029243946,0.0,1.6391277313232422e-07,True
R4_LHS_03,R4,4,20260813,V40_A_E1_C4_2T,True,P3_CONNECTIVITY_DESTINATION_SHIFT,X,0.10061752565175859,0.0797602184968406,0.020857307154917987,0.06200609356164932,0.0,1.6391277313232422e-07,True
R4_LHS_03,R4,4,20260813,V40_A_E1_C4_2T,True,P3_CONNECTIVITY_DESTINATION_SHIFT,Y,0.05311184842382744,0.04232273580013987,0.01078911262368757,0.03376041725277901,0.0,1.6391277313232422e-07,True
R4_LHS_03,R4,4,20260813,V40_A_E1_C4_2T,True,P3_CONNECTIVITY_DESTINATION_SHIFT,Z,0.058027699070140666,0.04928472011825105,0.008742978951889614,0.039649203419685364,0.0,1.6391277313232422e-07,True
R4_LHS_03,R4,4,20260813,V40_A_E6_C10_1T,True,P3_CONNECTIVITY_DESTINATION_SHIFT,X,0.06064901525569771,0.04949150468957106,0.011157510566126648,0.03376905992627144,0.0,1.6391277313232422e-07,True
R4_LHS_03,R4,4,20260813,V40_A_E6_C10_1T,True,P3_CONNECTIVITY_DESTINATION_SHIFT,Y,0.055975596738317555,0.04710049242195201,0.008875104316365547,0.02626756764948368,0.0,1.6391277313232422e-07,True
R4_LHS_03,R4,4,20260813,V40_A_E6_C10_1T,True,P3_CONNECTIVITY_DESTINATION_SHIFT,Z,0.02557545623116334,0.020583880945864698,0.0049915752852986404,0.016200803220272064,0.0,1.6391277313232422e-07,True
R4_LHS_03,R4,4,20260813,V40_B_E3_C6_1T,True,P3_CONNECTIVITY_DESTINATION_SHIFT,X,0.059308220715608345,0.04514713512186361,0.014161085593744738,0.03439512103796005,0.0,1.6391277313232422e-07,True
R4_LHS_03,R4,4,20260813,V40_B_E3_C6_1T,True,P3_CONNECTIVITY_DESTINATION_SHIFT,Y,0.05589517227663707,0.04647949972888229,0.009415672547754779,0.029866790398955345,0.0,1.6391277313232422e-07,True
R4_LHS_03,R4,4,20260813,V40_B_E3_C6_1T,True,P3_CONNECTIVITY_DESTINATION_SHIFT,Z,0.023874755180933325,0.021181858438148078,0.0026928967427852467,0.014645311050117016,0.0,1.6391277313232422e-07,True
R4_LHS_03,R4,4,20260813,V40_B_E4_C7_1T,True,P3_CONNECTIVITY_DESTINATION_SHIFT,X,0.06419691016107548,0.05371547335202338,0.0104814368090521,0.03297685086727142,0.0,1.6391277313232422e-07,True
R4_LHS_03,R4,4,20260813,V40_B_E4_C7_1T,True,P3_CONNECTIVITY_DESTINATION_SHIFT,Y,0.054864852739792455,0.0469936973797374,0.007871155360055053,0.029030442237854004,0.0,1.6391277313232422e-07,True
R4_LHS_03,R4,4,20260813,V40_B_E4_C7_1T,True,P3_CONNECTIVITY_DESTINATION_SHIFT,Z,0.02448087045526022,0.02139369360286741,0.0030871768523928096,0.015136169269680977,0.0,1.6391277313232422e-07,True
R4_LHS_03,R4,4,20260813,V40_CPLUS_E5_C9_1T,True,P3_CONNECTIVITY_DESTINATION_SHIFT,X,0.05859458075551934,0.04829343079713448,0.01030114995838486,0.029237866401672363,0.0,1.6391277313232422e-07,True
R4_LHS_03,R4,4,20260813,V40_CPLUS_E5_C9_1T,True,P3_CONNECTIVITY_DESTINATION_SHIFT,Y,0.05416384653470446,0.04905853438617485,0.005105312148529613,0.029116977006196976,0.0,1.6391277313232422e-07,True
R4_LHS_03,R4,4,20260813,V40_CPLUS_E5_C9_1T,True,P3_CONNECTIVITY_DESTINATION_SHIFT,Z,0.03348038529662578,0.034260680403589004,-0.0007802951069632233,0.017486268654465675,0.0,1.6391277313232422e-07,True
R4_LHS_03,R4,4,20260813,V40_CPLUS_E7_C11_2T,True,P3_CONNECTIVITY_DESTINATION_SHIFT,X,0.09781067694010441,0.08269948050797196,0.015111196432132448,0.05709255114197731,0.0,1.6391277313232422e-07,True
R4_LHS_03,R4,4,20260813,V40_CPLUS_E7_C11_2T,True,P3_CONNECTIVITY_DESTINATION_SHIFT,Y,0.04097282276911566,0.03408649589111485,0.006886326878000809,0.02734195441007614,0.0,1.6391277313232422e-07,True
R4_LHS_03,R4,4,20260813,V40_CPLUS_E7_C11_2T,True,P3_CONNECTIVITY_DESTINATION_SHIFT,Z,0.051289116189978494,0.04128053046459587,0.010008585725382622,0.03189747408032417,0.0,1.6391277313232422e-07,True
R4_LHS_03,R4,4,20260813,V40_C_E7_C11_2T,True,P3_CONNECTIVITY_DESTINATION_SHIFT,X,0.10943926053972505,0.09532524914976741,0.014114011389957645,0.05993008613586426,0.0,1.6391277313232422e-07,True
R4_LHS_03,R4,4,20260813,V40_C_E7_C11_2T,True,P3_CONNECTIVITY_DESTINATION_SHIFT,Y,0.04569057915403776,0.03847085875712507,0.007219720396912689,0.02732141502201557,0.0,1.6391277313232422e-07,True
R4_LHS_03,R4,4,20260813,V40_C_E7_C11_2T,True,P3_CONNECTIVITY_DESTINATION_SHIFT,Z,0.050429562114776415,0.040371378750050195,0.01005818336472622,0.032249566167593,0.0,1.6391277313232422e-07,True
R4_LHS_03,R4,4,20260813,V52_A_E2_C5_2T,True,P3_CONNECTIVITY_DESTINATION_SHIFT,X,0.1202498570594055,0.0987525264715038,0.021497330587901695,0.069280706346035,0.0,1.6391277313232422e-07,True
R4_LHS_03,R4,4,20260813,V52_A_E2_C5_2T,True,P3_CONNECTIVITY_DESTINATION_SHIFT,Y,0.05807851780010186,0.04612317459042247,0.011955343209679392,0.037189263850450516,0.0,1.6391277313232422e-07,True
R4_LHS_03,R4,4,20260813,V52_A_E2_C5_2T,True,P3_CONNECTIVITY_DESTINATION_SHIFT,Z,0.06416921852891724,0.05473797399463936,0.009431244534277884,0.04179532453417778,0.0,1.6391277313232422e-07,True
R4_LHS_03,R4,4,20260813,V52_B_E8_C12_2T,True,P3_CONNECTIVITY_DESTINATION_SHIFT,X,0.10166682069415033,0.07997739235135537,0.021689428342794956,0.0613422691822052,0.0,1.6391277313232422e-07,True
R4_LHS_03,R4,4,20260813,V52_B_E8_C12_2T,True,P3_CONNECTIVITY_DESTINATION_SHIFT,Y,0.05034743487248798,0.0441297963498569,0.006217638522631082,0.02760557271540165,0.0,1.6391277313232422e-07,True
R4_LHS_03,R4,4,20260813,V52_B_E8_C12_2T,True,P3_CONNECTIVITY_DESTINATION_SHIFT,Z,0.05710858764701983,0.04713210761243196,0.00997648003458787,0.03212837874889374,0.0,1.6391277313232422e-07,True
R4_LHS_03,R4,4,20260813,V52_CPLUS_E4_C7_1T,True,P3_CONNECTIVITY_DESTINATION_SHIFT,X,0.053237256463221055,0.044727077301827955,0.0085101791613931,0.03197186440229416,0.0,1.6391277313232422e-07,True
R4_LHS_03,R4,4,20260813,V52_CPLUS_E4_C7_1T,True,P3_CONNECTIVITY_DESTINATION_SHIFT,Y,0.054856498696500576,0.05122084806592218,0.003635650630578399,0.030480854213237762,0.0,1.6391277313232422e-07,True
R4_LHS_03,R4,4,20260813,V52_CPLUS_E4_C7_1T,True,P3_CONNECTIVITY_DESTINATION_SHIFT,Z,0.03252886398579414,0.03429742990921964,-0.0017685659234255025,0.017682502046227455,0.0,1.6391277313232422e-07,True
R4_LHS_03,R4,4,20260813,V52_CPLUS_E6_C10_1T,True,P3_CONNECTIVITY_DESTINATION_SHIFT,X,0.05074001996389711,0.040473505961260314,0.010266514002636798,0.029366185888648033,0.0,1.6391277313232422e-07,True
R4_LHS_03,R4,4,20260813,V52_CPLUS_E6_C10_1T,True,P3_CONNECTIVITY_DESTINATION_SHIFT,Y,0.05501058800702107,0.05011624530840534,0.004894342698615731,0.0286211259663105,0.0,1.6391277313232422e-07,True
R4_LHS_03,R4,4,20260813,V52_CPLUS_E6_C10_1T,True,P3_CONNECTIVITY_DESTINATION_SHIFT,Z,0.03367935653292534,0.035754843830383416,-0.002075487297458073,0.01613125577569008,0.0,1.6391277313232422e-07,True
R4_LHS_03,R4,4,20260813,V52_C_E1_C4_2T,True,P3_CONNECTIVITY_DESTINATION_SHIFT,X,0.09084413306865757,0.07247085901855392,0.018373274050103652,0.06270474195480347,0.0,1.6391277313232422e-07,True
R4_LHS_03,R4,4,20260813,V52_C_E1_C4_2T,True,P3_CONNECTIVITY_DESTINATION_SHIFT,Y,0.04882813262430671,0.0382267413403056,0.010601391284001109,0.03248899057507515,0.0,1.6391277313232422e-07,True
R4_LHS_03,R4,4,20260813,V52_C_E1_C4_2T,True,P3_CONNECTIVITY_DESTINATION_SHIFT,Z,0.0535497694542851,0.04163365442849215,0.011916115025792949,0.037446506321430206,0.0,1.6391277313232422e-07,True
R4_LHS_03,R4,4,20260813,V52_C_E5_C9_1T,True,P3_CONNECTIVITY_DESTINATION_SHIFT,X,0.058898888153930795,0.05586279604233943,0.0030360921115913653,0.027556028217077255,0.0,1.6391277313232422e-07,True
R4_LHS_03,R4,4,20260813,V52_C_E5_C9_1T,True,P3_CONNECTIVITY_DESTINATION_SHIFT,Y,0.05621345348307857,0.05023036657197291,0.005983086911105655,0.02712319605052471,0.0,1.6391277313232422e-07,True
R4_LHS_03,R4,4,20260813,V52_C_E5_C9_1T,True,P3_CONNECTIVITY_DESTINATION_SHIFT,Z,0.025336347809747604,0.023362925203046964,0.00197342260670064,0.014685278758406639,0.0,1.6391277313232422e-07,True
R4_LHS_03,R4,4,20260813,V40_A_E1_C4_2T,True,P4_MEAN_NEUTRALIZED_EDGE_MECHANICS,X,0.10052477977426771,0.0797602184968406,0.02076456127742711,0.06640080362558365,0.0,1.6391277313232422e-07,True
R4_LHS_03,R4,4,20260813,V40_A_E1_C4_2T,True,P4_MEAN_NEUTRALIZED_EDGE_MECHANICS,Y,0.05477371043146644,0.04232273580013987,0.012450974631326571,0.03515945374965668,0.0,1.6391277313232422e-07,True
R4_LHS_03,R4,4,20260813,V40_A_E1_C4_2T,True,P4_MEAN_NEUTRALIZED_EDGE_MECHANICS,Z,0.0640208361740024,0.04928472011825105,0.014736116055751342,0.042933594435453415,0.0,1.6391277313232422e-07,True
R4_LHS_03,R4,4,20260813,V40_A_E6_C10_1T,True,P4_MEAN_NEUTRALIZED_EDGE_MECHANICS,X,0.09274521954839827,0.04949150468957106,0.043253714858827216,0.07396324723958969,0.0,1.6391277313232422e-07,True
R4_LHS_03,R4,4,20260813,V40_A_E6_C10_1T,True,P4_MEAN_NEUTRALIZED_EDGE_MECHANICS,Y,0.056649419144929,0.04710049242195201,0.00954892672297699,0.03470919281244278,0.0,1.6391277313232422e-07,True
R4_LHS_03,R4,4,20260813,V40_A_E6_C10_1T,True,P4_MEAN_NEUTRALIZED_EDGE_MECHANICS,Z,0.024408584285763087,0.020583880945864698,0.0038247033398983894,0.013860312290489674,0.0,1.6391277313232422e-07,True
R4_LHS_03,R4,4,20260813,V40_B_E3_C6_1T,True,P4_MEAN_NEUTRALIZED_EDGE_MECHANICS,X,0.07475114893701718,0.04514713512186361,0.029604013815153568,0.052836254239082336,0.0,1.6391277313232422e-07,True
R4_LHS_03,R4,4,20260813,V40_B_E3_C6_1T,True,P4_MEAN_NEUTRALIZED_EDGE_MECHANICS,Y,0.05602856785082493,0.04647949972888229,0.009549068121942644,0.03511765971779823,0.0,1.6391277313232422e-07,True
R4_LHS_03,R4,4,20260813,V40_B_E3_C6_1T,True,P4_MEAN_NEUTRALIZED_EDGE_MECHANICS,Z,0.02646486836512544,0.021181858438148078,0.005283009926977361,0.015455923974514008,0.0,1.6391277313232422e-07,True
R4_LHS_03,R4,4,20260813,V40_B_E4_C7_1T,True,P4_MEAN_NEUTRALIZED_EDGE_MECHANICS,X,0.07722178829378726,0.05371547335202338,0.023506314941763876,0.05234581604599953,0.0,1.6391277313232422e-07,True
R4_LHS_03,R4,4,20260813,V40_B_E4_C7_1T,True,P4_MEAN_NEUTRALIZED_EDGE_MECHANICS,Y,0.0568282189555764,0.0469936973797374,0.009834521575839,0.034802135080099106,0.0,1.6391277313232422e-07,True
R4_LHS_03,R4,4,20260813,V40_B_E4_C7_1T,True,P4_MEAN_NEUTRALIZED_EDGE_MECHANICS,Z,0.026862435390533394,0.02139369360286741,0.005468741787665984,0.015342610888183117,0.0,1.6391277313232422e-07,True
R4_LHS_03,R4,4,20260813,V40_CPLUS_E5_C9_1T,True,P4_MEAN_NEUTRALIZED_EDGE_MECHANICS,X,0.05810933726313564,0.04829343079713448,0.00981590646600116,0.03407835587859154,0.0,1.6391277313232422e-07,True
R4_LHS_03,R4,4,20260813,V40_CPLUS_E5_C9_1T,True,P4_MEAN_NEUTRALIZED_EDGE_MECHANICS,Y,0.055123852317871945,0.04905853438617485,0.006065317931697095,0.03148568794131279,0.0,1.6391277313232422e-07,True
R4_LHS_03,R4,4,20260813,V40_CPLUS_E5_C9_1T,True,P4_MEAN_NEUTRALIZED_EDGE_MECHANICS,Z,0.03253564706660601,0.034260680403589004,-0.001725033336982991,0.014657177962362766,0.0,1.6391277313232422e-07,True
R4_LHS_03,R4,4,20260813,V40_CPLUS_E7_C11_2T,True,P4_MEAN_NEUTRALIZED_EDGE_MECHANICS,X,0.10740446921924945,0.08269948050797196,0.024704988711277492,0.06787926703691483,0.0,1.6391277313232422e-07,True
R4_LHS_03,R4,4,20260813,V40_CPLUS_E7_C11_2T,True,P4_MEAN_NEUTRALIZED_EDGE_MECHANICS,Y,0.05005144060303938,0.03408649589111485,0.015964944711924528,0.03507304936647415,0.0,1.6391277313232422e-07,True
R4_LHS_03,R4,4,20260813,V40_CPLUS_E7_C11_2T,True,P4_MEAN_NEUTRALIZED_EDGE_MECHANICS,Z,0.058447832638872606,0.04128053046459587,0.017167302174276734,0.0402848906815052,0.0,1.6391277313232422e-07,True
R4_LHS_03,R4,4,20260813,V40_C_E7_C11_2T,True,P4_MEAN_NEUTRALIZED_EDGE_MECHANICS,X,0.11874463831722265,0.09532524914976741,0.023419389167455243,0.07146135717630386,0.0,1.6391277313232422e-07,True
R4_LHS_03,R4,4,20260813,V40_C_E7_C11_2T,True,P4_MEAN_NEUTRALIZED_EDGE_MECHANICS,Y,0.053356568329806585,0.03847085875712507,0.014885709572681517,0.03609122708439827,0.0,1.6391277313232422e-07,True
R4_LHS_03,R4,4,20260813,V40_C_E7_C11_2T,True,P4_MEAN_NEUTRALIZED_EDGE_MECHANICS,Z,0.057490363270491625,0.040371378750050195,0.01711898452044143,0.041778914630413055,0.0,1.6391277313232422e-07,True
R4_LHS_03,R4,4,20260813,V52_A_E2_C5_2T,True,P4_MEAN_NEUTRALIZED_EDGE_MECHANICS,X,0.11549634784185991,0.0987525264715038,0.016743821370356113,0.06860879808664322,0.0,1.6391277313232422e-07,True
R4_LHS_03,R4,4,20260813,V52_A_E2_C5_2T,True,P4_MEAN_NEUTRALIZED_EDGE_MECHANICS,Y,0.056642626488304426,0.04612317459042247,0.010519451897881955,0.03711006045341492,0.0,1.6391277313232422e-07,True
R4_LHS_03,R4,4,20260813,V52_A_E2_C5_2T,True,P4_MEAN_NEUTRALIZED_EDGE_MECHANICS,Z,0.06763080539018104,0.05473797399463936,0.012892831395541683,0.04613235220313072,0.0,1.6391277313232422e-07,True
R4_LHS_03,R4,4,20260813,V52_B_E8_C12_2T,True,P4_MEAN_NEUTRALIZED_EDGE_MECHANICS,X,0.09928562392571211,0.07997739235135537,0.019308231574356738,0.06710140407085419,0.0,1.6391277313232422e-07,True
R4_LHS_03,R4,4,20260813,V52_B_E8_C12_2T,True,P4_MEAN_NEUTRALIZED_EDGE_MECHANICS,Y,0.05543094074757922,0.0441297963498569,0.01130114439772232,0.03489400073885918,0.0,1.6391277313232422e-07,True
R4_LHS_03,R4,4,20260813,V52_B_E8_C12_2T,True,P4_MEAN_NEUTRALIZED_EDGE_MECHANICS,Z,0.057886491409840445,0.04713210761243196,0.010754383797408486,0.0390031635761261,0.0,1.6391277313232422e-07,True
R4_LHS_03,R4,4,20260813,V52_CPLUS_E4_C7_1T,True,P4_MEAN_NEUTRALIZED_EDGE_MECHANICS,X,0.054165181296270924,0.044727077301827955,0.009438103994442969,0.03481897711753845,0.0,1.6391277313232422e-07,True
R4_LHS_03,R4,4,20260813,V52_CPLUS_E4_C7_1T,True,P4_MEAN_NEUTRALIZED_EDGE_MECHANICS,Y,0.057401070749286194,0.05122084806592218,0.006180222683364017,0.035958051681518555,0.0,1.6391277313232422e-07,True
R4_LHS_03,R4,4,20260813,V52_CPLUS_E4_C7_1T,True,P4_MEAN_NEUTRALIZED_EDGE_MECHANICS,Z,0.03568056350615841,0.03429742990921964,0.001383133596938771,0.021265177056193352,0.0,1.6391277313232422e-07,True
R4_LHS_03,R4,4,20260813,V52_CPLUS_E6_C10_1T,True,P4_MEAN_NEUTRALIZED_EDGE_MECHANICS,X,0.04967671891473311,0.040473505961260314,0.009203212953472796,0.03435175493359566,0.0,1.6391277313232422e-07,True
R4_LHS_03,R4,4,20260813,V52_CPLUS_E6_C10_1T,True,P4_MEAN_NEUTRALIZED_EDGE_MECHANICS,Y,0.05389747985139011,0.05011624530840534,0.0037812345429847696,0.03409411758184433,0.0,1.6391277313232422e-07,True
R4_LHS_03,R4,4,20260813,V52_CPLUS_E6_C10_1T,True,P4_MEAN_NEUTRALIZED_EDGE_MECHANICS,Z,0.035562711957652794,0.035754843830383416,-0.00019213187273062204,0.019082723185420036,0.0,1.6391277313232422e-07,True
R4_LHS_03,R4,4,20260813,V52_C_E1_C4_2T,True,P4_MEAN_NEUTRALIZED_EDGE_MECHANICS,X,0.09785474016646575,0.07247085901855392,0.025383881147911833,0.06564922630786896,0.0,1.6391277313232422e-07,True
R4_LHS_03,R4,4,20260813,V52_C_E1_C4_2T,True,P4_MEAN_NEUTRALIZED_EDGE_MECHANICS,Y,0.051683057086228494,0.0382267413403056,0.013456315745922896,0.0350622795522213,0.0,1.6391277313232422e-07,True
R4_LHS_03,R4,4,20260813,V52_C_E1_C4_2T,True,P4_MEAN_NEUTRALIZED_EDGE_MECHANICS,Z,0.05664971402402681,0.04163365442849215,0.015016059595534662,0.04094941169023514,0.0,1.6391277313232422e-07,True
R4_LHS_03,R4,4,20260813,V52_C_E5_C9_1T,True,P4_MEAN_NEUTRALIZED_EDGE_MECHANICS,X,0.059321479596710275,0.05586279604233943,0.003458683554370845,0.04212232679128647,0.0,1.6391277313232422e-07,True
R4_LHS_03,R4,4,20260813,V52_C_E5_C9_1T,True,P4_MEAN_NEUTRALIZED_EDGE_MECHANICS,Y,0.05310063748148212,0.05023036657197291,0.002870270909509205,0.034569911658763885,0.0,1.6391277313232422e-07,True
R4_LHS_03,R4,4,20260813,V52_C_E5_C9_1T,True,P4_MEAN_NEUTRALIZED_EDGE_MECHANICS,Z,0.02847554827720676,0.023362925203046964,0.0051126230741597965,0.017279034480452538,0.0,1.6391277313232422e-07,True
R4_LHS_03,R4,4,20260813,NOT_APPLICABLE,False,P5_IDENTITY_LOCAL_FRAMES,NA,nan,nan,nan,nan,nan,1.6391277313232422e-07,False
