trial_id,seed,observation_node_zero_based,X_m,Y_m,Z_m,axis,node_relative_l2
R4_LHS_03,20260813,0,-8.336,-17.092913958612904,-105.81646918606299,X,0.0
R4_LHS_03,20260813,0,-8.336,-17.092913958612904,-105.81646918606299,Y,0.0
R4_LHS_03,20260813,0,-8.336,-17.092913958612904,-105.81646918606299,Z,0.0
R4_LHS_03,20260813,1,-8.336,-17.0929139586129,-29.183530813936898,X,1.0
R4_LHS_03,20260813,1,-8.336,-17.0929139586129,-29.183530813936898,Y,0.0
R4_LHS_03,20260813,1,-8.336,-17.0929139586129,-29.183530813936898,Z,0.029279625039211745
R4_LHS_03,20260813,2,-8.336,-16.127119864078097,-105.24757298778898,X,0.03769049494702115
R4_LHS_03,20260813,2,-8.336,-16.127119864078097,-105.24757298778898,Y,0.03311979752233763
R4_LHS_03,20260813,2,-8.336,-16.127119864078097,-105.24757298778898,Z,0.07515782836851269
R4_LHS_03,20260813,3,-8.336000000000002,-16.1271198640781,-28.6146346156628,X,0.06423694010189053
R4_LHS_03,20260813,3,-8.336000000000002,-16.1271198640781,-28.6146346156628,Y,0.048764716961699574
R4_LHS_03,20260813,3,-8.336000000000002,-16.1271198640781,-28.6146346156628,Z,0.02858171312510389
R4_LHS_03,20260813,4,-8.336,-14.53323430000629,-107.32423573259814,X,0.04796888168549917
R4_LHS_03,20260813,4,-8.336,-14.53323430000629,-107.32423573259814,Y,0.03345921092468683
R4_LHS_03,20260813,4,-8.336,-14.53323430000629,-107.32423573259814,Z,0.03841072785967126
R4_LHS_03,20260813,5,-8.336,-14.3200758620046,-30.816857276085102,X,0.01575609971731035
R4_LHS_03,20260813,5,-8.336,-14.3200758620046,-30.816857276085102,Y,0.04262497079243698
R4_LHS_03,20260813,5,-8.336,-14.3200758620046,-30.816857276085102,Z,0.028590547125508892
R4_LHS_03,20260813,6,-8.336,-12.726190297932762,-108.3886659964721,X,0.03498350697407336
R4_LHS_03,20260813,6,-8.336,-12.726190297932762,-108.3886659964721,Y,0.03231788378819129
R4_LHS_03,20260813,6,-8.336,-12.726190297932762,-108.3886659964721,Z,0.041549902080967094
R4_LHS_03,20260813,7,-8.336000000000002,-12.726190297932702,-31.755727624346303,X,0.013910692163270358
R4_LHS_03,20260813,7,-8.336000000000002,-12.726190297932702,-31.755727624346303,Y,0.042491344122370024
R4_LHS_03,20260813,7,-8.336000000000002,-12.726190297932702,-31.755727624346303,Z,0.02986395831849109
R4_LHS_03,20260813,8,-8.336,-12.513031859931084,-103.11871246004104,X,0.0139411974475616
R4_LHS_03,20260813,8,-8.336,-12.513031859931084,-103.11871246004104,Y,0.031591814228902254
R4_LHS_03,20260813,8,-8.336,-12.513031859931084,-103.11871246004104,Z,0.049533681972200753
R4_LHS_03,20260813,9,-8.33600000000001,-12.513031859931106,-26.485774087914713,X,0.02959720130338136
R4_LHS_03,20260813,9,-8.33600000000001,-12.513031859931106,-26.485774087914713,Y,0.04280272160981217
R4_LHS_03,20260813,9,-8.33600000000001,-12.513031859931106,-26.485774087914713,Z,0.032562116506393894
R4_LHS_03,20260813,10,-8.336,-10.919146295859104,-102.17984211177999,X,0.013547357506410104
R4_LHS_03,20260813,10,-8.336,-10.919146295859104,-102.17984211177999,Y,0.030005092591568697
R4_LHS_03,20260813,10,-8.336,-10.919146295859104,-102.17984211177999,Z,0.05092717804535659
R4_LHS_03,20260813,11,-8.336,-10.9191462958591,-25.5469037396535,X,0.037262304642636274
R4_LHS_03,20260813,11,-8.336,-10.9191462958591,-25.5469037396535,Y,0.04140900009871982
R4_LHS_03,20260813,11,-8.336,-10.9191462958591,-25.5469037396535,Z,0.02640920367995499
R4_LHS_03,20260813,12,-8.336,-10.705987857857503,-109.57865617595897,X,0.037776791621405896
R4_LHS_03,20260813,12,-8.336,-10.705987857857503,-109.57865617595897,Y,0.031425357374660366
R4_LHS_03,20260813,12,-8.336,-10.705987857857503,-109.57865617595897,Z,0.03978317598373185
R4_LHS_03,20260813,13,-8.336,-10.7059878578575,-32.9457178038332,X,0.013217019463930805
R4_LHS_03,20260813,13,-8.336,-10.7059878578575,-32.9457178038332,Y,0.04199464001939531
R4_LHS_03,20260813,13,-8.336,-10.7059878578575,-32.9457178038332,Z,0.028304674120803043
R4_LHS_03,20260813,14,-8.336,-9.310524288256177,-110.40064703722899,X,0.033395987433014016
R4_LHS_03,20260813,14,-8.336,-9.310524288256177,-110.40064703722899,Y,0.02986463257375656
R4_LHS_03,20260813,14,-8.336,-9.310524288256177,-110.40064703722899,Z,0.033526791513239784
R4_LHS_03,20260813,15,-8.336,-9.310524288256168,-101.23229133489698,X,0.014089432730091526
R4_LHS_03,20260813,15,-8.336,-9.310524288256168,-101.23229133489698,Y,0.02813154349265729
R4_LHS_03,20260813,15,-8.336,-9.310524288256168,-101.23229133489698,Z,0.02868953513287874
R4_LHS_03,20260813,16,-8.336,-9.31052428825619,-24.5993529627705,X,0.030797901452390655
R4_LHS_03,20260813,16,-8.336,-9.31052428825619,-24.5993529627705,Y,0.04101414113885816
R4_LHS_03,20260813,16,-8.336,-9.31052428825619,-24.5993529627705,Z,0.028496947091604805
R4_LHS_03,20260813,17,-8.336,-8.989695145484234,-35.0709448472531,X,0.011547955095798259
R4_LHS_03,20260813,17,-8.336,-8.989695145484234,-35.0709448472531,Y,0.03496150935664487
R4_LHS_03,20260813,17,-8.336,-8.989695145484234,-35.0709448472531,Z,0.025730122487362974
R4_LHS_03,20260813,18,-8.336,-8.568745437008007,-111.13546752651,X,0.03212126665121756
R4_LHS_03,20260813,18,-8.336,-8.568745437008007,-111.13546752651,Y,0.02924750653368272
R4_LHS_03,20260813,18,-8.336,-8.568745437008007,-111.13546752651,Z,0.034167991937020456
R4_LHS_03,20260813,19,-8.336,-8.568745437008038,-23.86453247349038,X,0.028790794920273595
R4_LHS_03,20260813,19,-8.336,-8.568745437008038,-23.86453247349038,Y,0.040979376244852504
R4_LHS_03,20260813,19,-8.336,-8.568745437008038,-23.86453247349038,Z,0.02483124967893172
R4_LHS_03,20260813,20,-8.335999999999995,-8.482926297179732,-97.87051554069468,X,0.012689419885888755
R4_LHS_03,20260813,20,-8.335999999999995,-8.482926297179732,-97.87051554069468,Y,0.023164644791746583
R4_LHS_03,20260813,20,-8.335999999999995,-8.482926297179732,-97.87051554069468,Z,0.026047780856837274
R4_LHS_03,20260813,21,-8.335999999999999,-8.092092775020351,-92.49761058463798,X,0.013092629617406013
R4_LHS_03,20260813,21,-8.335999999999999,-8.092092775020351,-92.49761058463798,Y,0.02157539304221106
R4_LHS_03,20260813,21,-8.335999999999999,-8.092092775020351,-92.49761058463798,Z,0.027442462927506635
R4_LHS_03,20260813,22,-8.335999999999999,-8.092092775020351,-86.137610584638,X,0.012902674505207615
R4_LHS_03,20260813,22,-8.335999999999999,-8.092092775020351,-86.137610584638,Y,0.021711660851586993
R4_LHS_03,20260813,22,-8.335999999999999,-8.092092775020351,-86.137610584638,Z,0.025537235317491414
R4_LHS_03,20260813,23,-8.336000000000004,-8.092092775020351,-78.71761058463801,X,0.012565807796165581
R4_LHS_03,20260813,23,-8.336000000000004,-8.092092775020351,-78.71761058463801,Y,0.022160642614659855
R4_LHS_03,20260813,23,-8.336000000000004,-8.092092775020351,-78.71761058463801,Z,0.025889085558051517
R4_LHS_03,20260813,24,-8.336,-8.09209277502036,-70.352610584638,X,0.013835362478867335
R4_LHS_03,20260813,24,-8.336,-8.09209277502036,-70.352610584638,Y,0.02244173726728684
R4_LHS_03,20260813,24,-8.336,-8.09209277502036,-70.352610584638,Z,0.02400732809315734
R4_LHS_03,20260813,25,-8.336,-8.09209277502036,-63.992610584638,X,0.013633874646436393
R4_LHS_03,20260813,25,-8.336,-8.09209277502036,-63.992610584638,Y,0.02314330319342524
R4_LHS_03,20260813,25,-8.336,-8.09209277502036,-63.992610584638,Z,0.02380469030618556
R4_LHS_03,20260813,26,-8.336,-8.09209277502036,-58.577610584638,X,0.013566830295106693
R4_LHS_03,20260813,26,-8.336,-8.09209277502036,-58.577610584638,Y,0.02374577827250648
R4_LHS_03,20260813,26,-8.336,-8.09209277502036,-58.577610584638,Z,0.024565887962871708
R4_LHS_03,20260813,27,-8.336,-8.09209277502036,-50.21261058463801,X,0.011830107031167516
R4_LHS_03,20260813,27,-8.336,-8.09209277502036,-50.21261058463801,Y,0.02468154534581385
R4_LHS_03,20260813,27,-8.336,-8.09209277502036,-50.21261058463801,Z,0.025748481371708085
R4_LHS_03,20260813,28,-8.336,-8.09209277502036,-41.732610584638,X,0.010545761129394376
R4_LHS_03,20260813,28,-8.336,-8.09209277502036,-41.732610584638,Y,0.02597992547552071
R4_LHS_03,20260813,28,-8.336,-8.09209277502036,-41.732610584638,Z,0.026636724430706152
R4_LHS_03,20260813,29,-8.336,-7.34997818573109,-112.34280195832201,X,0.030832900244932543
R4_LHS_03,20260813,29,-8.336,-7.34997818573109,-112.34280195832201,Y,0.028099400119971505
R4_LHS_03,20260813,29,-8.336,-7.34997818573109,-112.34280195832201,Z,0.028521797997659346
R4_LHS_03,20260813,30,-8.336,-7.243434126254979,-22.55165343389877,X,0.02928106805771151
R4_LHS_03,20260813,30,-8.336,-7.243434126254979,-22.55165343389877,Y,0.041738892290081465
R4_LHS_03,20260813,30,-8.336,-7.243434126254979,-22.55165343389877,Z,0.027859529691344212
R4_LHS_03,20260813,31,-8.336,-6.024666874978031,-113.655680997913,X,0.032261284999599245
R4_LHS_03,20260813,31,-8.336,-6.024666874978031,-113.655680997913,Y,0.02744434555441303
R4_LHS_03,20260813,31,-8.336,-6.024666874978031,-113.655680997913,Z,0.027875519169920464
R4_LHS_03,20260813,32,-8.336,-6.024666874978042,-21.34431900208669,X,0.033488001812425956
R4_LHS_03,20260813,32,-8.336,-6.024666874978042,-21.34431900208669,Y,0.04234445915220595
R4_LHS_03,20260813,32,-8.336,-6.024666874978042,-21.34431900208669,Z,0.029304050812503087
R4_LHS_03,20260813,33,-8.336,-5.272321071848141,-114.400969314281,X,0.0335844019688089
R4_LHS_03,20260813,33,-8.336,-5.272321071848141,-114.400969314281,Y,0.02748115659916697
R4_LHS_03,20260813,33,-8.336,-5.272321071848141,-114.400969314281,Z,0.02625758147226787
R4_LHS_03,20260813,34,-8.336,-5.27232107184816,-20.5990306857192,X,0.037068438564973036
R4_LHS_03,20260813,34,-8.336,-5.27232107184816,-20.5990306857192,Y,0.042941122298203384
R4_LHS_03,20260813,34,-8.336,-5.27232107184816,-20.5990306857192,Z,0.02833832828598112
R4_LHS_03,20260813,35,-8.336,-4.069989131117052,-116.12447173277292,X,0.03664469673599695
R4_LHS_03,20260813,35,-8.336,-4.069989131117052,-116.12447173277292,Y,0.027521821038635774
R4_LHS_03,20260813,35,-8.336,-4.069989131117052,-116.12447173277292,Z,0.025356222150734756
R4_LHS_03,20260813,36,-8.336,-4.04604638751018,-67.50000000000001,X,0.00948587587755603
R4_LHS_03,20260813,36,-8.336,-4.04604638751018,-67.50000000000001,Y,0.022527305957555036
R4_LHS_03,20260813,36,-8.336,-4.04604638751018,-67.50000000000001,Z,0.028969745440832428
R4_LHS_03,20260813,37,-8.336,-3.9937907436917572,-18.76630044039858,X,0.04415729080905397
R4_LHS_03,20260813,37,-8.336,-3.9937907436917572,-18.76630044039858,Y,0.044024741110734886
R4_LHS_03,20260813,37,-8.336,-3.9937907436917572,-18.76630044039858,Z,0.025191083397983604
R4_LHS_03,20260813,38,-8.336,-3.25661797523893,-117.29041194179298,X,0.04191779428127888
R4_LHS_03,20260813,38,-8.336,-3.25661797523893,-117.29041194179298,Y,0.027881076839363864
R4_LHS_03,20260813,38,-8.336,-3.25661797523893,-117.29041194179298,Z,0.022241971420596033
R4_LHS_03,20260813,39,-8.336,-2.8884544137981085,-16.6237681019201,X,0.048051869229166835
R4_LHS_03,20260813,39,-8.336,-2.8884544137981085,-16.6237681019201,Y,0.0473201575021567
R4_LHS_03,20260813,39,-8.336,-2.8884544137981085,-16.6237681019201,Z,0.025886105959236055
R4_LHS_03,20260813,40,-8.336,-2.4747264620992246,-119.59643431211104,X,0.04031416033560048
R4_LHS_03,20260813,40,-8.336,-2.4747264620992246,-119.59643431211104,Y,0.030990583136097535
R4_LHS_03,20260813,40,-8.336,-2.4747264620992246,-119.59643431211104,Z,0.029508507309447606
R4_LHS_03,20260813,41,-8.336,-2.226,-135.0,X,0.0
R4_LHS_03,20260813,41,-8.336,-2.226,-135.0,Y,1.0
R4_LHS_03,20260813,41,-8.336,-2.226,-135.0,Z,0.03228812307240375
R4_LHS_03,20260813,42,-8.336,-2.226,-125.44,X,0.051671107630087844
R4_LHS_03,20260813,42,-8.336,-2.226,-125.44,Y,0.037315150007179054
R4_LHS_03,20260813,42,-8.336,-2.226,-125.44,Z,0.028279041489175316
R4_LHS_03,20260813,43,-8.336,-2.226,-14.34,X,0.05183732636136842
R4_LHS_03,20260813,43,-8.336,-2.226,-14.34,Y,0.053756771103330186
R4_LHS_03,20260813,43,-8.336,-2.226,-14.34,Z,0.025163365622030285
R4_LHS_03,20260813,44,-8.336,-2.226,-7.17,X,0.06189738480665841
R4_LHS_03,20260813,44,-8.336,-2.226,-7.17,Y,0.06265932536324731
R4_LHS_03,20260813,44,-8.336,-2.226,-7.17,Z,0.025582679373493903
R4_LHS_03,20260813,45,-8.336,-2.226,0.0,X,1.0
R4_LHS_03,20260813,45,-8.336,-2.226,0.0,Y,0.0
R4_LHS_03,20260813,45,-8.336,-2.226,0.0,Z,0.027199763475108447
R4_LHS_03,20260813,46,-8.336,-1.1129999999999824,-131.41500000000002,X,0.06472965817174865
R4_LHS_03,20260813,46,-8.336,-1.1129999999999824,-131.41500000000002,Y,0.042550089638890135
R4_LHS_03,20260813,46,-8.336,-1.1129999999999824,-131.41500000000002,Z,0.026684550651707956
R4_LHS_03,20260813,47,-8.336,-1.1130000000000004,-121.69000000000001,X,0.03475409999247855
R4_LHS_03,20260813,47,-8.336,-1.1130000000000004,-121.69000000000001,Y,0.03350652613156679
R4_LHS_03,20260813,47,-8.336,-1.1130000000000004,-121.69000000000001,Z,0.027786693959934078
R4_LHS_03,20260813,48,-8.336,-1.112999999999997,-13.310000000000002,X,0.04147648891211725
R4_LHS_03,20260813,48,-8.336,-1.112999999999997,-13.310000000000002,Y,0.05488080393542152
R4_LHS_03,20260813,48,-8.336,-1.112999999999997,-13.310000000000002,Z,0.024041747077806572
R4_LHS_03,20260813,49,-8.336,-1.1129999999999947,-3.584999999999996,X,0.07039525902117778
R4_LHS_03,20260813,49,-8.336,-1.1129999999999947,-3.584999999999996,Y,0.06632541970877989
R4_LHS_03,20260813,49,-8.336,-1.1129999999999947,-3.584999999999996,Z,0.02379861813224394
R4_LHS_03,20260813,50,-8.336,2.6484591469634303e-14,-135.0,X,0.11609898514656786
R4_LHS_03,20260813,50,-8.336,2.6484591469634303e-14,-135.0,Y,0.09435214468705395
R4_LHS_03,20260813,50,-8.336,2.6484591469634303e-14,-135.0,Z,0.02335809071398212
R4_LHS_03,20260813,51,-8.336,2.6484591469634303e-14,-127.83,X,0.0854204318736309
R4_LHS_03,20260813,51,-8.336,2.6484591469634303e-14,-127.83,Y,0.039153407399145745
R4_LHS_03,20260813,51,-8.336,2.6484591469634303e-14,-127.83,Z,0.024108773554536493
R4_LHS_03,20260813,52,-8.336,2.2848999697380665e-14,-120.16734200000002,X,0.059180113480746255
R4_LHS_03,20260813,52,-8.336,2.2848999697380665e-14,-120.16734200000002,Y,0.0321872634562218
R4_LHS_03,20260813,52,-8.336,2.2848999697380665e-14,-120.16734200000002,Z,0.025685505176800162
R4_LHS_03,20260813,53,-8.336,2.0298431699777173e-14,-110.40064703722899,X,0.04087774213866183
R4_LHS_03,20260813,53,-8.336,2.0298431699777173e-14,-110.40064703722899,Y,0.029336185255845724
R4_LHS_03,20260813,53,-8.336,2.0298431699777173e-14,-110.40064703722899,Z,0.025627421794714784
R4_LHS_03,20260813,54,-8.335999999999997,3.540482982230371e-14,-104.152342,X,0.03474064660127225
R4_LHS_03,20260813,54,-8.335999999999997,3.540482982230371e-14,-104.152342,Y,0.030047457414597512
R4_LHS_03,20260813,54,-8.335999999999997,3.540482982230371e-14,-104.152342,Z,0.025378457577674585
R4_LHS_03,20260813,55,-8.335999999999997,3.4309924218806515e-14,-97.792342,X,0.02290608968836288
R4_LHS_03,20260813,55,-8.335999999999997,3.4309924218806515e-14,-97.792342,Y,0.022219814025025257
R4_LHS_03,20260813,55,-8.335999999999997,3.4309924218806515e-14,-97.792342,Z,0.02492571249805327
R4_LHS_03,20260813,56,-8.335999999999997,3.321501861530936e-14,-91.432342,X,0.022751258428892928
R4_LHS_03,20260813,56,-8.335999999999997,3.321501861530936e-14,-91.432342,Y,0.021252001383084678
R4_LHS_03,20260813,56,-8.335999999999997,3.321501861530936e-14,-91.432342,Z,0.022442428955405633
R4_LHS_03,20260813,57,-8.335999999999997,3.21201130118121e-14,-85.072342,X,0.020832706001912036
R4_LHS_03,20260813,57,-8.335999999999997,3.21201130118121e-14,-85.072342,Y,0.021642554405684383
R4_LHS_03,20260813,57,-8.335999999999997,3.21201130118121e-14,-85.072342,Z,0.022196246218969422
R4_LHS_03,20260813,58,-8.335999999999997,3.047775460656634e-14,-75.532342,X,0.020736197386224436
R4_LHS_03,20260813,58,-8.335999999999997,3.047775460656634e-14,-75.532342,Y,0.021963077802294277
R4_LHS_03,20260813,58,-8.335999999999997,3.047775460656634e-14,-75.532342,Z,0.023802799017311985
R4_LHS_03,20260813,59,-8.335999999999997,2.9565333270318696e-14,-70.232342,X,0.020707091522130138
R4_LHS_03,20260813,59,-8.335999999999997,2.9565333270318696e-14,-70.232342,Y,0.022308470025408953
R4_LHS_03,20260813,59,-8.335999999999997,2.9565333270318696e-14,-70.232342,Z,0.024198029495216426
R4_LHS_03,20260813,60,-8.336,1.8166889219704507e-14,-64.932342,X,0.02103195075813506
R4_LHS_03,20260813,60,-8.336,1.8166889219704507e-14,-64.932342,Y,0.0228788138040371
R4_LHS_03,20260813,60,-8.336,1.8166889219704507e-14,-64.932342,Z,0.026772933369823462
R4_LHS_03,20260813,61,-8.336,1.471873865091523e-14,-55.392342,X,0.021228073646201977
R4_LHS_03,20260813,61,-8.336,1.471873865091523e-14,-55.392342,Y,0.024336161205719065
R4_LHS_03,20260813,61,-8.336,1.471873865091523e-14,-55.392342,Z,0.030277791484541957
R4_LHS_03,20260813,62,-8.336,1.2461537361388079e-14,-49.147342,X,0.023456454951188904
R4_LHS_03,20260813,62,-8.336,1.2461537361388079e-14,-49.147342,Y,0.02510688543015468
R4_LHS_03,20260813,62,-8.336,1.2461537361388079e-14,-49.147342,Z,0.027581979153520404
R4_LHS_03,20260813,63,-8.336,1.050433240017279e-14,-43.732342,X,0.02122203936217237
R4_LHS_03,20260813,63,-8.336,1.050433240017279e-14,-43.732342,Y,0.02582299094319041
R4_LHS_03,20260813,63,-8.336,1.050433240017279e-14,-43.732342,Z,0.03107473222889452
R4_LHS_03,20260813,64,-8.336,7.864003269669052e-15,-36.427342,X,0.021333390614820112
R4_LHS_03,20260813,64,-8.336,7.864003269669052e-15,-36.427342,Y,0.030145552833914104
R4_LHS_03,20260813,64,-8.336,7.864003269669052e-15,-36.427342,Z,0.02629013062607551
R4_LHS_03,20260813,65,-8.336,5.565236223809534e-15,-30.067342,X,0.034290550932022504
R4_LHS_03,20260813,65,-8.336,5.565236223809534e-15,-30.067342,Y,0.07420813865806346
R4_LHS_03,20260813,65,-8.336,5.565236223809534e-15,-30.067342,Z,0.02618706327776821
R4_LHS_03,20260813,66,-8.336,3.608031262594242e-15,-24.652342000000004,X,0.03685391527660653
R4_LHS_03,20260813,66,-8.336,3.608031262594242e-15,-24.652342000000004,Y,0.042592824321024826
R4_LHS_03,20260813,66,-8.336,3.608031262594242e-15,-24.652342000000004,Z,0.027403244892781103
R4_LHS_03,20260813,67,-8.336,1.6923920577113162e-15,-19.352342000000018,X,0.04303917601840002
R4_LHS_03,20260813,67,-8.336,1.6923920577113162e-15,-19.352342000000018,Y,0.044132662790762445
R4_LHS_03,20260813,67,-8.336,1.6923920577113162e-15,-19.352342000000018,Z,0.02784191527024866
R4_LHS_03,20260813,68,-8.336,0.0,-14.34,X,0.07111704695454467
R4_LHS_03,20260813,68,-8.336,0.0,-14.34,Y,0.054199580796103534
R4_LHS_03,20260813,68,-8.336,0.0,-14.34,Z,0.024545136115929178
R4_LHS_03,20260813,69,-8.336,0.0,-9.56,X,0.07579823652504848
R4_LHS_03,20260813,69,-8.336,0.0,-9.56,Y,0.06053691538388932
R4_LHS_03,20260813,69,-8.336,0.0,-9.56,Z,0.02527011984431275
R4_LHS_03,20260813,70,-8.336,0.0,0.0,X,0.10980482996162842
R4_LHS_03,20260813,70,-8.336,0.0,0.0,Y,0.14133356126826085
R4_LHS_03,20260813,70,-8.336,0.0,0.0,Z,0.029058644820080238
R4_LHS_03,20260813,71,-7.812000000000001,-17.0929139586129,-105.816469186063,X,0.0
R4_LHS_03,20260813,71,-7.812000000000001,-17.0929139586129,-105.816469186063,Y,0.0
R4_LHS_03,20260813,71,-7.812000000000001,-17.0929139586129,-105.816469186063,Z,0.0
R4_LHS_03,20260813,72,-7.811999999999996,-17.092913958612904,-29.183530813936898,X,1.0
R4_LHS_03,20260813,72,-7.811999999999996,-17.092913958612904,-29.183530813936898,Y,1.0
R4_LHS_03,20260813,72,-7.811999999999996,-17.092913958612904,-29.183530813936898,Z,0.02897270013392421
R4_LHS_03,20260813,73,-7.812,-15.492978896205287,-106.75890296117062,X,0.07015873418469289
R4_LHS_03,20260813,73,-7.812,-15.492978896205287,-106.75890296117062,Y,0.03415407105814307
R4_LHS_03,20260813,73,-7.812,-15.492978896205287,-106.75890296117062,Z,0.04718152527621098
R4_LHS_03,20260813,74,-7.812,-15.2798204582039,-30.251524504657297,X,0.020359552653761426
R4_LHS_03,20260813,74,-7.812,-15.2798204582039,-30.251524504657297,Y,0.044627170734631974
R4_LHS_03,20260813,74,-7.812,-15.2798204582039,-30.251524504657297,Z,0.02931452026626976
R4_LHS_03,20260813,75,-7.812,-14.411382704136615,-27.603988192111693,X,0.04828157871108269
R4_LHS_03,20260813,75,-7.812,-14.411382704136615,-27.603988192111693,Y,0.053937294095308334
R4_LHS_03,20260813,75,-7.812,-14.411382704136615,-27.603988192111693,Z,0.027576782054957977
R4_LHS_03,20260813,76,-7.812000000000001,-14.36310665623189,-104.2084897988072,X,0.02145151171917394
R4_LHS_03,20260813,76,-7.812000000000001,-14.36310665623189,-104.2084897988072,Y,0.03225992526391655
R4_LHS_03,20260813,76,-7.812000000000001,-14.36310665623189,-104.2084897988072,Z,0.05970880630346409
R4_LHS_03,20260813,77,-7.812,-13.882985174979199,-31.0743233670013,X,0.013839237272147953
R4_LHS_03,20260813,77,-7.812,-13.882985174979199,-31.0743233670013,Y,0.047173896435532936
R4_LHS_03,20260813,77,-7.812,-13.882985174979199,-31.0743233670013,Z,0.028483725164545545
R4_LHS_03,20260813,78,-7.812,-13.47277645613009,-107.94889314065745,X,0.03732987347301486
R4_LHS_03,20260813,78,-7.812,-13.47277645613009,-107.94889314065745,Y,0.03672751155907417
R4_LHS_03,20260813,78,-7.812,-13.47277645613009,-107.94889314065745,Z,0.06746223251699224
R4_LHS_03,20260813,79,-7.812,-13.4727764561304,-27.05110685934244,X,0.030618639734137157
R4_LHS_03,20260813,79,-7.812,-13.4727764561304,-27.05110685934244,Y,0.05447758380235597
R4_LHS_03,20260813,79,-7.812,-13.4727764561304,-27.05110685934244,Z,0.02724780054945325
R4_LHS_03,20260813,80,-7.811999999999996,-11.878890892058498,-102.745174883207,X,0.013137875514521955
R4_LHS_03,20260813,80,-7.811999999999996,-11.878890892058498,-102.745174883207,Y,0.032133624169966325
R4_LHS_03,20260813,80,-7.811999999999996,-11.878890892058498,-102.745174883207,Z,0.06191388896317546
R4_LHS_03,20260813,81,-7.812,-11.878890892058498,-26.112236511081203,X,0.03244827376651479
R4_LHS_03,20260813,81,-7.812,-11.878890892058498,-26.112236511081203,Y,0.05556310021825295
R4_LHS_03,20260813,81,-7.812,-11.878890892058498,-26.112236511081203,Z,0.03092772349208733
R4_LHS_03,20260813,82,-7.812,-11.665732454056492,-109.01332340453145,X,0.034432461989895566
R4_LHS_03,20260813,82,-7.812,-11.665732454056492,-109.01332340453145,Y,0.037129799221869805
R4_LHS_03,20260813,82,-7.812,-11.665732454056492,-109.01332340453145,Z,0.06679849522826643
R4_LHS_03,20260813,83,-7.812,-11.6657324540568,-32.3803850324055,X,0.013447495587141114
R4_LHS_03,20260813,83,-7.812,-11.6657324540568,-32.3803850324055,Y,0.048911318461433824
R4_LHS_03,20260813,83,-7.812,-11.6657324540568,-32.3803850324055,Z,0.028819062624386108
R4_LHS_03,20260813,84,-7.812,-10.071846889984645,-109.95219375279255,X,0.047950833625573036
R4_LHS_03,20260813,84,-7.812,-10.071846889984645,-109.95219375279255,Y,0.03672860726122708
R4_LHS_03,20260813,84,-7.812,-10.071846889984645,-109.95219375279255,Z,0.06159976641342025
R4_LHS_03,20260813,85,-7.812000000000004,-10.071846889984903,-101.680744619333,X,0.016745091926780663
R4_LHS_03,20260813,85,-7.812000000000004,-10.071846889984903,-101.680744619333,Y,0.030769061904798847
R4_LHS_03,20260813,85,-7.812000000000004,-10.071846889984903,-101.680744619333,Z,0.03519886028388671
R4_LHS_03,20260813,86,-7.812,-10.071846889984878,-33.31925538066669,X,0.015242525117901919
R4_LHS_03,20260813,86,-7.812,-10.071846889984878,-33.31925538066669,Y,0.04640061176340492
R4_LHS_03,20260813,86,-7.812,-10.071846889984878,-33.31925538066669,Z,0.028717248122815703
R4_LHS_03,20260813,87,-7.812,-10.071846889984936,-25.047806247207227,X,0.051369020649162954
R4_LHS_03,20260813,87,-7.812,-10.071846889984936,-25.047806247207227,Y,0.05491904848483179
R4_LHS_03,20260813,87,-7.812,-10.071846889984936,-25.047806247207227,Z,0.030416490190816374
R4_LHS_03,20260813,88,-7.812,-9.310524288256177,-110.40064703722899,X,0.03615470970643715
R4_LHS_03,20260813,88,-7.812,-9.310524288256177,-110.40064703722899,Y,0.03633290111192321
R4_LHS_03,20260813,88,-7.812,-9.310524288256177,-110.40064703722899,Z,0.07430926733928662
R4_LHS_03,20260813,89,-7.812000000000001,-9.310524288256191,-101.23229133489698,X,0.014318577947933876
R4_LHS_03,20260813,89,-7.812000000000001,-9.310524288256191,-101.23229133489698,Y,0.03042031884656245
R4_LHS_03,20260813,89,-7.812000000000001,-9.310524288256191,-101.23229133489698,Z,0.032037770068134845
R4_LHS_03,20260813,90,-7.812,-9.31052428825619,-24.5993529627705,X,0.034516898480473186
R4_LHS_03,20260813,90,-7.812,-9.31052428825619,-24.5993529627705,Y,0.055206740123042684
R4_LHS_03,20260813,90,-7.812,-9.31052428825619,-24.5993529627705,Z,0.03041786025230422
R4_LHS_03,20260813,91,-7.812,-9.088897537958932,-34.667976008101405,X,0.011598161666830408
R4_LHS_03,20260813,91,-7.812,-9.088897537958932,-34.667976008101405,Y,0.04087351089900154
R4_LHS_03,20260813,91,-7.812,-9.088897537958932,-34.667976008101405,Z,0.026044877234239767
R4_LHS_03,20260813,92,-7.812,-8.55463887005303,-98.16181831598507,X,0.012508398353819655
R4_LHS_03,20260813,92,-7.812,-8.55463887005303,-98.16181831598507,Y,0.02738393481116701
R4_LHS_03,20260813,92,-7.812,-8.55463887005303,-98.16181831598507,Z,0.0288426823948054
R4_LHS_03,20260813,93,-7.812000000000001,-8.546456958612909,-105.816469186063,X,0.03897443775921495
R4_LHS_03,20260813,93,-7.812000000000001,-8.546456958612909,-105.816469186063,Y,0.14573705440040846
R4_LHS_03,20260813,93,-7.812000000000001,-8.546456958612909,-105.816469186063,Z,0.03696717652499581
R4_LHS_03,20260813,94,-7.812,-8.546456958612909,-29.183530813936898,X,0.0235663203787895
R4_LHS_03,20260813,94,-7.812,-8.546456958612909,-29.183530813936898,Y,0.18209634368475017
R4_LHS_03,20260813,94,-7.812,-8.546456958612909,-29.183530813936898,Z,0.03306468749236595
R4_LHS_03,20260813,95,-7.812,-8.49179793631839,-23.788306789770097,X,0.031972131391735534
R4_LHS_03,20260813,95,-7.812,-8.49179793631839,-23.788306789770097,Y,0.053843020130416655
R4_LHS_03,20260813,95,-7.812,-8.49179793631839,-23.788306789770097,Z,0.03186352987905575
R4_LHS_03,20260813,96,-7.812,-8.092092775020351,-91.282915415362,X,0.01441745531683552
R4_LHS_03,20260813,96,-7.812,-8.092092775020351,-91.282915415362,Y,0.023455115997290596
R4_LHS_03,20260813,96,-7.812,-8.092092775020351,-91.282915415362,Z,0.02840136862119735
R4_LHS_03,20260813,97,-7.812,-8.09209277502037,-85.748024584638,X,0.012893104786324954
R4_LHS_03,20260813,97,-7.812,-8.09209277502037,-85.748024584638,Y,0.023911088224289077
R4_LHS_03,20260813,97,-7.812,-8.09209277502037,-85.748024584638,Z,0.026920497970252748
R4_LHS_03,20260813,98,-7.812000000000008,-8.09209277502038,-80.33302458463801,X,0.013637330475437213
R4_LHS_03,20260813,98,-7.812000000000008,-8.09209277502038,-80.33302458463801,Y,0.022780741705765647
R4_LHS_03,20260813,98,-7.812000000000008,-8.09209277502038,-80.33302458463801,Z,0.02681442496779556
R4_LHS_03,20260813,99,-7.812,-8.09209277502037,-74.088024584638,X,0.012529157728506376
R4_LHS_03,20260813,99,-7.812,-8.09209277502037,-74.088024584638,Y,0.02302304897749687
R4_LHS_03,20260813,99,-7.812,-8.09209277502037,-74.088024584638,Z,0.02504910900168883
R4_LHS_03,20260813,100,-7.812000000000008,-8.09209277502038,-68.67302458463801,X,0.01303030053867447
R4_LHS_03,20260813,100,-7.812000000000008,-8.09209277502038,-68.67302458463801,Y,0.022923656680746658
R4_LHS_03,20260813,100,-7.812000000000008,-8.09209277502038,-68.67302458463801,Z,0.024130323999924354
R4_LHS_03,20260813,101,-7.812,-8.09209277502037,-60.30802458463801,X,0.012901827507579514
R4_LHS_03,20260813,101,-7.812,-8.09209277502037,-60.30802458463801,Y,0.024976675368009574
R4_LHS_03,20260813,101,-7.812,-8.09209277502037,-60.30802458463801,Z,0.025693941557175647
R4_LHS_03,20260813,102,-7.812,-8.09209277502036,-53.948024584638006,X,0.012767052779050757
R4_LHS_03,20260813,102,-7.812,-8.09209277502036,-53.948024584638006,Y,0.02622602056411178
R4_LHS_03,20260813,102,-7.812,-8.09209277502036,-53.948024584638006,Z,0.026118589168098665
R4_LHS_03,20260813,103,-7.812,-8.092092775020364,-48.533024584638014,X,0.012815790344321612
R4_LHS_03,20260813,103,-7.812,-8.092092775020364,-48.533024584638014,Y,0.027600291036742615
R4_LHS_03,20260813,103,-7.812,-8.092092775020364,-48.533024584638014,Z,0.026115693190508563
R4_LHS_03,20260813,104,-7.812,-8.092092775020369,-40.168024584638005,X,0.011547187406813644
R4_LHS_03,20260813,104,-7.812,-8.092092775020369,-40.168024584638005,Y,0.02848226343142015
R4_LHS_03,20260813,104,-7.812,-8.092092775020369,-40.168024584638005,Z,0.023966565436186603
R4_LHS_03,20260813,105,-7.812000000000001,-7.922494700911829,-111.775656015703,X,0.03108291322984242
R4_LHS_03,20260813,105,-7.812000000000001,-7.922494700911829,-111.775656015703,Y,0.03458297135464613
R4_LHS_03,20260813,105,-7.812000000000001,-7.922494700911829,-111.775656015703,Z,0.04052142079049542
R4_LHS_03,20260813,106,-7.812,-7.809337948944433,-23.1122487153286,X,0.029663948155173425
R4_LHS_03,20260813,106,-7.812,-7.809337948944433,-23.1122487153286,Y,0.05313860979614741
R4_LHS_03,20260813,106,-7.812,-7.809337948944433,-23.1122487153286,Z,0.03518586529640953
R4_LHS_03,20260813,107,-7.812000000000001,-6.597407886379829,-113.08831266499182,X,0.030343962677003868
R4_LHS_03,20260813,107,-7.812000000000001,-6.597407886379829,-113.08831266499182,Y,0.03508691309151367
R4_LHS_03,20260813,107,-7.812000000000001,-6.597407886379829,-113.08831266499182,Z,0.03928005436129282
R4_LHS_03,20260813,108,-7.811999999999996,-6.484251134412594,-21.7995920660395,X,0.03147581875963221
R4_LHS_03,20260813,108,-7.811999999999996,-6.484251134412594,-21.7995920660395,Y,0.05330172724130183
R4_LHS_03,20260813,108,-7.811999999999996,-6.484251134412594,-21.7995920660395,Z,0.03089505885202371
R4_LHS_03,20260813,109,-7.812000000000001,-5.272321071848141,-114.400969314281,X,0.03645501888172963
R4_LHS_03,20260813,109,-7.812000000000001,-5.272321071848141,-114.400969314281,Y,0.035497330723304736
R4_LHS_03,20260813,109,-7.812000000000001,-5.272321071848141,-114.400969314281,Z,0.03421759427220762
R4_LHS_03,20260813,110,-7.8119999999999985,-5.272321071848163,-20.599030685719203,X,0.04125410815364085
R4_LHS_03,20260813,110,-7.8119999999999985,-5.272321071848163,-20.599030685719203,Y,0.05346297798466471
R4_LHS_03,20260813,110,-7.8119999999999985,-5.272321071848163,-20.599030685719203,Z,0.03149752792454035
R4_LHS_03,20260813,111,-7.812,-4.2968123576235495,-115.799328262646,X,0.03470589263298744
R4_LHS_03,20260813,111,-7.812,-4.2968123576235495,-115.799328262646,Y,0.03597824004848907
R4_LHS_03,20260813,111,-7.812,-4.2968123576235495,-115.799328262646,Z,0.03486522462721451
R4_LHS_03,20260813,112,-7.812,-4.0965275453110905,-18.913570191837902,X,0.04264997733763294
R4_LHS_03,20260813,112,-7.812,-4.0965275453110905,-18.913570191837902,Y,0.053705310340063185
R4_LHS_03,20260813,112,-7.812,-4.0965275453110905,-18.913570191837902,Z,0.027653479844576615
R4_LHS_03,20260813,113,-7.812,-4.046046387510175,-67.5,X,0.013553411067420876
R4_LHS_03,20260813,113,-7.812,-4.046046387510175,-67.5,Y,0.023147197969731907
R4_LHS_03,20260813,113,-7.812,-4.046046387510175,-67.5,Z,0.02646398447760333
R4_LHS_03,20260813,114,-7.812,-3.25661797523893,-117.29041194179298,X,0.038969444970541056
R4_LHS_03,20260813,114,-7.812,-3.25661797523893,-117.29041194179298,Y,0.03558011646368963
R4_LHS_03,20260813,114,-7.812,-3.25661797523893,-117.29041194179298,Z,0.026723852064841607
R4_LHS_03,20260813,115,-7.812,-3.16031484583146,-17.425562503493605,X,0.04796890481333785
R4_LHS_03,20260813,115,-7.812,-3.16031484583146,-17.425562503493605,Y,0.05328449243056958
R4_LHS_03,20260813,115,-7.812,-3.16031484583146,-17.425562503493605,Z,0.02593112822029421
R4_LHS_03,20260813,116,-7.812,-2.226,-135.0,X,0.0
R4_LHS_03,20260813,116,-7.812,-2.226,-135.0,Y,1.0
R4_LHS_03,20260813,116,-7.812,-2.226,-135.0,Z,0.0328757903702758
R4_LHS_03,20260813,117,-7.812,-2.226,-127.83,X,0.0568318232902387
R4_LHS_03,20260813,117,-7.812,-2.226,-127.83,Y,0.047532505140221414
R4_LHS_03,20260813,117,-7.812,-2.226,-127.83,Z,0.03179975651507077
R4_LHS_03,20260813,118,-7.812000000000001,-2.226,-120.33,X,0.044772639279488116
R4_LHS_03,20260813,118,-7.812000000000001,-2.226,-120.33,Y,0.03635715354516565
R4_LHS_03,20260813,118,-7.812000000000001,-2.226,-120.33,Z,0.02909755777698298
R4_LHS_03,20260813,119,-7.8119999999999985,-2.226,-14.670000000000003,X,0.05093293354173548
R4_LHS_03,20260813,119,-7.8119999999999985,-2.226,-14.670000000000003,Y,0.059256511890135734
R4_LHS_03,20260813,119,-7.8119999999999985,-2.226,-14.670000000000003,Z,0.029069210523392796
R4_LHS_03,20260813,120,-7.812000000000008,-2.226,-7.16999999999999,X,0.06191629761546514
R4_LHS_03,20260813,120,-7.812000000000008,-2.226,-7.16999999999999,Y,0.07352677379527996
R4_LHS_03,20260813,120,-7.812000000000008,-2.226,-7.16999999999999,Z,0.02988237203659527
R4_LHS_03,20260813,121,-7.812000000000008,-2.226,8.881784197001252e-15,X,1.0
R4_LHS_03,20260813,121,-7.812000000000008,-2.226,8.881784197001252e-15,Y,1.0
R4_LHS_03,20260813,121,-7.812000000000008,-2.226,8.881784197001252e-15,Z,0.028283386439409013
R4_LHS_03,20260813,122,-7.812,-1.113674,-135.0,X,0.05877440683322901
R4_LHS_03,20260813,122,-7.812,-1.113674,-135.0,Y,0.3766908380475838
R4_LHS_03,20260813,122,-7.812,-1.113674,-135.0,Z,0.028328800249270775
R4_LHS_03,20260813,123,-7.812,-1.113674,-127.83,X,0.04792745342991309
R4_LHS_03,20260813,123,-7.812,-1.113674,-127.83,Y,0.049227425603796476
R4_LHS_03,20260813,123,-7.812,-1.113674,-127.83,Z,0.03241950335272575
R4_LHS_03,20260813,124,-7.812000000000001,-1.1136740000000003,-120.33,X,0.038017662498748474
R4_LHS_03,20260813,124,-7.812000000000001,-1.1136740000000003,-120.33,Y,0.03756813828542523
R4_LHS_03,20260813,124,-7.812000000000001,-1.1136740000000003,-120.33,Z,0.028779767153029025
R4_LHS_03,20260813,125,-7.812,-1.113674,-11.95,X,0.04314615312642313
R4_LHS_03,20260813,125,-7.812,-1.113674,-11.95,Y,0.06777567569373678
R4_LHS_03,20260813,125,-7.812,-1.113674,-11.95,Z,0.030424698913354083
R4_LHS_03,20260813,126,-7.812,-1.113674,0.0,X,0.060369926812597806
R4_LHS_03,20260813,126,-7.812,-1.113674,0.0,Y,0.4794208212826415
R4_LHS_03,20260813,126,-7.812,-1.113674,0.0,Z,0.0275232050511713
R4_LHS_03,20260813,127,-7.812,-1.113000000000002,-121.69000000000001,X,0.03073988552583889
R4_LHS_03,20260813,127,-7.812,-1.113000000000002,-121.69000000000001,Y,0.03828818469012039
R4_LHS_03,20260813,127,-7.812,-1.113000000000002,-121.69000000000001,Z,0.026378654706354854
R4_LHS_03,20260813,128,-7.812,-1.112999999999989,-5.974999999999999,X,0.045541977460470895
R4_LHS_03,20260813,128,-7.812,-1.112999999999989,-5.974999999999999,Y,0.0817612969804159
R4_LHS_03,20260813,128,-7.812,-1.112999999999989,-5.974999999999999,Z,0.02872227365975127
R4_LHS_03,20260813,129,-7.812,-0.37767400000001,-135.0,X,0.05842880068804215
R4_LHS_03,20260813,129,-7.812,-0.37767400000001,-135.0,Y,0.3486399587342011
R4_LHS_03,20260813,129,-7.812,-0.37767400000001,-135.0,Z,0.028949709159513032
R4_LHS_03,20260813,130,-7.812,-0.37767400000001006,-132.61,X,0.051369102898105215
R4_LHS_03,20260813,130,-7.812,-0.37767400000001006,-132.61,Y,0.10262962184462826
R4_LHS_03,20260813,130,-7.812,-0.37767400000001006,-132.61,Z,0.02600902496165675
R4_LHS_03,20260813,131,-7.812,-0.37767400000001,-123.05000000000001,X,0.02561847650325286
R4_LHS_03,20260813,131,-7.812,-0.37767400000001,-123.05000000000001,Y,0.041312147411532364
R4_LHS_03,20260813,131,-7.812,-0.37767400000001,-123.05000000000001,Z,0.024408242754715537
R4_LHS_03,20260813,132,-7.812,-0.37767400000001,-91.282915415362,X,0.01978825059689632
R4_LHS_03,20260813,132,-7.812,-0.37767400000001,-91.282915415362,Y,0.023939103578434637
R4_LHS_03,20260813,132,-7.812,-0.37767400000001,-91.282915415362,Z,0.02300576172499482
R4_LHS_03,20260813,133,-7.812,-0.37767400000001,-81.282915415362,X,0.01843222773995796
R4_LHS_03,20260813,133,-7.812,-0.37767400000001,-81.282915415362,Y,0.02308607902544041
R4_LHS_03,20260813,133,-7.812,-0.37767400000001,-81.282915415362,Z,0.023966068455653685
R4_LHS_03,20260813,134,-7.812,-0.37767400000001,-48.717084584638,X,0.01982245623946909
R4_LHS_03,20260813,134,-7.812,-0.37767400000001,-48.717084584638,Y,0.029154970895341123
R4_LHS_03,20260813,134,-7.812,-0.37767400000001,-48.717084584638,Z,0.022349479082585038
R4_LHS_03,20260813,135,-7.812,-0.37767400000001,-11.95,X,0.0315441633632227
R4_LHS_03,20260813,135,-7.812,-0.37767400000001,-11.95,Y,0.06785829024950375
R4_LHS_03,20260813,135,-7.812,-0.37767400000001,-11.95,Z,0.021930666987112844
R4_LHS_03,20260813,136,-7.812,2.6484591469634303e-14,-127.83,X,0.08541091889581864
R4_LHS_03,20260813,136,-7.812,2.6484591469634303e-14,-127.83,Y,0.048199385513407814
R4_LHS_03,20260813,136,-7.812,2.6484591469634303e-14,-127.83,Z,0.022825542664229932
R4_LHS_03,20260813,137,-7.812000000000001,0.0,-120.33,X,0.061645192765830595
R4_LHS_03,20260813,137,-7.812000000000001,0.0,-120.33,Y,0.037488903853458384
R4_LHS_03,20260813,137,-7.812000000000001,0.0,-120.33,Z,0.022739149657414602
R4_LHS_03,20260813,138,-7.812000000000001,2.1343112273271128e-15,-114.425,X,0.03950590016357063
R4_LHS_03,20260813,138,-7.812000000000001,2.1343112273271128e-15,-114.425,Y,0.042854185031043546
R4_LHS_03,20260813,138,-7.812000000000001,2.1343112273271128e-15,-114.425,Z,0.023417260554805232
R4_LHS_03,20260813,139,-7.812000000000001,4.049950432210035e-15,-109.12500000000001,X,0.03704089221367104
R4_LHS_03,20260813,139,-7.812000000000001,4.049950432210035e-15,-109.12500000000001,Y,0.0594408942171067
R4_LHS_03,20260813,139,-7.812000000000001,4.049950432210035e-15,-109.12500000000001,Z,0.02364764914621587
R4_LHS_03,20260813,140,-7.812000000000001,1.5731756482091055e-14,-103.82500000000002,X,0.03331722640386694
R4_LHS_03,20260813,140,-7.812000000000001,1.5731756482091055e-14,-103.82500000000002,Y,0.049517205219067814
R4_LHS_03,20260813,140,-7.812000000000001,1.5731756482091055e-14,-103.82500000000002,Z,0.02269188405654605
R4_LHS_03,20260813,141,-7.812,5.329070518200752e-15,-96.282915415362,X,0.024676744456083314
R4_LHS_03,20260813,141,-7.812,5.329070518200752e-15,-96.282915415362,Y,0.02654272940127541
R4_LHS_03,20260813,141,-7.812,5.329070518200752e-15,-96.282915415362,Z,0.023185737994286165
R4_LHS_03,20260813,142,-7.812,1.966338120633735e-14,-86.282915415362,X,0.021674261375552808
R4_LHS_03,20260813,142,-7.812,1.966338120633735e-14,-86.282915415362,Y,0.024726605405535014
R4_LHS_03,20260813,142,-7.812,1.966338120633735e-14,-86.282915415362,Z,0.02228775867944983
R4_LHS_03,20260813,143,-7.812,1.573175648209105e-14,-77.325,X,0.020408354212927488
R4_LHS_03,20260813,143,-7.812,1.573175648209105e-14,-77.325,Y,0.02358098908002759
R4_LHS_03,20260813,143,-7.812,1.573175648209105e-14,-77.325,Z,0.02383587649259752
R4_LHS_03,20260813,144,-7.812,1.573175648209105e-14,-69.905,X,0.020743454125395026
R4_LHS_03,20260813,144,-7.812,1.573175648209105e-14,-69.905,Y,0.02295340338075745
R4_LHS_03,20260813,144,-7.812,1.573175648209105e-14,-69.905,Z,0.026005243325225427
R4_LHS_03,20260813,145,-7.812000000000001,1.7282318600278732e-14,-62.48500000000001,X,0.02050798727740942
R4_LHS_03,20260813,145,-7.812000000000001,1.7282318600278732e-14,-62.48500000000001,Y,0.02428945522592621
R4_LHS_03,20260813,145,-7.812000000000001,1.7282318600278732e-14,-62.48500000000001,Z,0.027304020909612415
R4_LHS_03,20260813,146,-7.812000000000001,1.460042371344263e-14,-55.065,X,0.021373359620924123
R4_LHS_03,20260813,146,-7.812000000000001,1.460042371344263e-14,-55.065,Y,0.026095791187914056
R4_LHS_03,20260813,146,-7.812000000000001,1.460042371344263e-14,-55.065,Z,0.026840064350145354
R4_LHS_03,20260813,147,-7.812,1.4547473508864644e-14,-43.717084584638,X,0.021544836080003293
R4_LHS_03,20260813,147,-7.812,1.4547473508864644e-14,-43.717084584638,Y,0.027114616905838683
R4_LHS_03,20260813,147,-7.812,1.4547473508864644e-14,-43.717084584638,Z,0.024044327431892932
R4_LHS_03,20260813,148,-7.812000000000001,8.42881250148489e-15,-37.99,X,0.0231248297764265
R4_LHS_03,20260813,148,-7.812000000000001,8.42881250148489e-15,-37.99,Y,0.03235555467128958
R4_LHS_03,20260813,148,-7.812000000000001,8.42881250148489e-15,-37.99,Z,0.02786122227646784
R4_LHS_03,20260813,149,-7.812000000000001,6.130045455625373e-15,-31.63,X,0.02556810431483422
R4_LHS_03,20260813,149,-7.812000000000001,6.130045455625373e-15,-31.63,Y,0.07278779443171235
R4_LHS_03,20260813,149,-7.812000000000001,6.130045455625373e-15,-31.63,Z,0.02406066656454017
R4_LHS_03,20260813,150,-7.812000000000001,3.4481505687892734e-15,-24.21,X,0.03846304054755117
R4_LHS_03,20260813,150,-7.812000000000001,3.4481505687892734e-15,-24.21,Y,0.0708795549462152
R4_LHS_03,20260813,150,-7.812000000000001,3.4481505687892734e-15,-24.21,Z,0.022918640567112368
R4_LHS_03,20260813,151,-7.812000000000001,4.246935973089513e-16,-15.845,X,0.05702882351083042
R4_LHS_03,20260813,151,-7.812000000000001,4.246935973089513e-16,-15.845,Y,0.05603878688407443
R4_LHS_03,20260813,151,-7.812000000000001,4.246935973089513e-16,-15.845,Z,0.023868684673117608
R4_LHS_03,20260813,152,-7.812,0.0,-7.17,X,0.09357004621658042
R4_LHS_03,20260813,152,-7.812,0.0,-7.17,Y,0.0741276967268283
R4_LHS_03,20260813,152,-7.812,0.0,-7.17,Z,0.025658785423235256
R4_LHS_03,20260813,153,-7.812,0.0,0.0,X,0.10980153785686984
R4_LHS_03,20260813,153,-7.812,0.0,0.0,Y,0.47855865119698243
R4_LHS_03,20260813,153,-7.812,0.0,0.0,Z,0.0264095677248001
R4_LHS_03,20260813,154,-7.466782174380829,-0.37767400000001006,-29.183530813936898,X,0.030784815690437638
R4_LHS_03,20260813,154,-7.466782174380829,-0.37767400000001006,-29.183530813936898,Y,0.2654049673550285
R4_LHS_03,20260813,154,-7.466782174380829,-0.37767400000001006,-29.183530813936898,Z,0.02727124200222505
R4_LHS_03,20260813,155,-7.447398484665459,-0.37767400000001006,-96.282915415362,X,0.02132552033104302
R4_LHS_03,20260813,155,-7.447398484665459,-0.37767400000001006,-96.282915415362,Y,0.02948504318434811
R4_LHS_03,20260813,155,-7.447398484665459,-0.37767400000001006,-96.282915415362,Z,0.02195751057961855
R4_LHS_03,20260813,156,-7.447398484665459,-0.37767400000001006,-91.282915415362,X,0.019800433408772012
R4_LHS_03,20260813,156,-7.447398484665459,-0.37767400000001006,-91.282915415362,Y,0.02478198308921838
R4_LHS_03,20260813,156,-7.447398484665459,-0.37767400000001006,-91.282915415362,Z,0.02332739490621751
R4_LHS_03,20260813,157,-7.447398484665459,-0.37767400000001006,-86.282915415362,X,0.018963873901160787
R4_LHS_03,20260813,157,-7.447398484665459,-0.37767400000001006,-86.282915415362,Y,0.026072802395082865
R4_LHS_03,20260813,157,-7.447398484665459,-0.37767400000001006,-86.282915415362,Z,0.023207680663921596
R4_LHS_03,20260813,158,-7.447398484665459,-0.37767400000001006,-81.282915415362,X,0.0184405117382065
R4_LHS_03,20260813,158,-7.447398484665459,-0.37767400000001006,-81.282915415362,Y,0.023039453698396332
R4_LHS_03,20260813,158,-7.447398484665459,-0.37767400000001006,-81.282915415362,Z,0.022241443436585708
R4_LHS_03,20260813,159,-7.447398484665459,-0.37767400000001006,-76.282915415362,X,0.018084604776672654
R4_LHS_03,20260813,159,-7.447398484665459,-0.37767400000001006,-76.282915415362,Y,0.02511025768033156
R4_LHS_03,20260813,159,-7.447398484665459,-0.37767400000001006,-76.282915415362,Z,0.022824823789536545
R4_LHS_03,20260813,160,-7.447398484665459,-0.37767400000001006,-71.282915415362,X,0.019106082275158115
R4_LHS_03,20260813,160,-7.447398484665459,-0.37767400000001006,-71.282915415362,Y,0.02304560171990392
R4_LHS_03,20260813,160,-7.447398484665459,-0.37767400000001006,-71.282915415362,Z,0.02571804769554822
R4_LHS_03,20260813,161,-7.4473984846654515,-0.37767400000001006,-63.717084584638,X,0.018820179470354165
R4_LHS_03,20260813,161,-7.4473984846654515,-0.37767400000001006,-63.717084584638,Y,0.023601556754562412
R4_LHS_03,20260813,161,-7.4473984846654515,-0.37767400000001006,-63.717084584638,Z,0.024633351894031014
R4_LHS_03,20260813,162,-7.4473984846654515,-0.37767400000001006,-58.717084584638,X,0.019876525076341595
R4_LHS_03,20260813,162,-7.4473984846654515,-0.37767400000001006,-58.717084584638,Y,0.02704131355137133
R4_LHS_03,20260813,162,-7.4473984846654515,-0.37767400000001006,-58.717084584638,Z,0.024099492612409915
R4_LHS_03,20260813,163,-7.4473984846654515,-0.37767400000001006,-53.717084584638,X,0.01951644508172628
R4_LHS_03,20260813,163,-7.4473984846654515,-0.37767400000001006,-53.717084584638,Y,0.02644389013267031
R4_LHS_03,20260813,163,-7.4473984846654515,-0.37767400000001006,-53.717084584638,Z,0.02459041709695479
R4_LHS_03,20260813,164,-7.4473984846654515,-0.37767400000001006,-48.717084584638,X,0.019838096878090634
R4_LHS_03,20260813,164,-7.4473984846654515,-0.37767400000001006,-48.717084584638,Y,0.03110513145929513
R4_LHS_03,20260813,164,-7.4473984846654515,-0.37767400000001006,-48.717084584638,Z,0.023345374077032077
R4_LHS_03,20260813,165,-7.4473984846654515,-0.37767400000001006,-43.717084584638,X,0.01979119831821302
R4_LHS_03,20260813,165,-7.4473984846654515,-0.37767400000001006,-43.717084584638,Y,0.02784531644752719
R4_LHS_03,20260813,165,-7.4473984846654515,-0.37767400000001006,-43.717084584638,Z,0.025673728434110206
R4_LHS_03,20260813,166,-7.4473984846654515,-0.37767400000001006,-38.717084584638,X,0.021411262444949328
R4_LHS_03,20260813,166,-7.4473984846654515,-0.37767400000001006,-38.717084584638,Y,0.03260584642396128
R4_LHS_03,20260813,166,-7.4473984846654515,-0.37767400000001006,-38.717084584638,Z,0.023762460689576787
R4_LHS_03,20260813,167,-6.69,-1.113674,-135.0,X,0.058436883170647436
R4_LHS_03,20260813,167,-6.69,-1.113674,-135.0,Y,0.4801884351740964
R4_LHS_03,20260813,167,-6.69,-1.113674,-135.0,Z,0.03456001824457981
R4_LHS_03,20260813,168,-6.69,-1.113674,-127.83,X,0.04774221793594555
R4_LHS_03,20260813,168,-6.69,-1.113674,-127.83,Y,0.12124461246637244
R4_LHS_03,20260813,168,-6.69,-1.113674,-127.83,Z,0.041609586588795246
R4_LHS_03,20260813,169,-6.69,-1.1136740000000003,-120.33,X,0.03792847510384197
R4_LHS_03,20260813,169,-6.69,-1.1136740000000003,-120.33,Y,0.059019304130628995
R4_LHS_03,20260813,169,-6.69,-1.1136740000000003,-120.33,Z,0.0344579385851439
R4_LHS_03,20260813,170,-6.69,-1.113674,-11.95,X,0.04310994129156365
R4_LHS_03,20260813,170,-6.69,-1.113674,-11.95,Y,0.09800764239810582
R4_LHS_03,20260813,170,-6.69,-1.113674,-11.95,Z,0.04037345386495166
R4_LHS_03,20260813,171,-6.69,-1.113674,-7.17,X,0.05868065238416731
R4_LHS_03,20260813,171,-6.69,-1.113674,-7.17,Y,0.12430598855007138
R4_LHS_03,20260813,171,-6.69,-1.113674,-7.17,Z,0.039367351669680396
R4_LHS_03,20260813,172,-6.69,-1.113674,0.0,X,0.05981401784174576
R4_LHS_03,20260813,172,-6.69,-1.113674,0.0,Y,0.4636167947211137
R4_LHS_03,20260813,172,-6.69,-1.113674,0.0,Z,0.03318092668528069
R4_LHS_03,20260813,173,-6.69,-0.3776740000000001,-135.0,X,0.057686479634678475
R4_LHS_03,20260813,173,-6.69,-0.3776740000000001,-135.0,Y,0.4928950927457171
R4_LHS_03,20260813,173,-6.69,-0.3776740000000001,-135.0,Z,0.023897385103101715
R4_LHS_03,20260813,174,-6.69,-0.37767400000001,-129.53347158218125,X,0.037330487353031
R4_LHS_03,20260813,174,-6.69,-0.37767400000001,-129.53347158218125,Y,0.13472306959463637
R4_LHS_03,20260813,174,-6.69,-0.37767400000001,-129.53347158218125,Z,0.025492514492826506
R4_LHS_03,20260813,175,-6.69,-0.377674,-123.05000000000001,X,0.02474113943605925
R4_LHS_03,20260813,175,-6.69,-0.377674,-123.05000000000001,Y,0.07405181693732017
R4_LHS_03,20260813,175,-6.69,-0.377674,-123.05000000000001,Z,0.02704807438954298
R4_LHS_03,20260813,176,-6.69,-0.37767400000001006,-114.81596606646588,X,0.03290891803684859
R4_LHS_03,20260813,176,-6.69,-0.37767400000001006,-114.81596606646588,Y,0.08070524951397821
R4_LHS_03,20260813,176,-6.69,-0.37767400000001006,-114.81596606646588,Z,0.02361208099833377
R4_LHS_03,20260813,177,-6.69,-0.37767400000001006,-108.108558,X,0.03189077204362366
R4_LHS_03,20260813,177,-6.69,-0.37767400000001006,-108.108558,Y,0.2781716759633307
R4_LHS_03,20260813,177,-6.69,-0.37767400000001006,-108.108558,Z,0.024529145267293873
R4_LHS_03,20260813,178,-6.69,-0.37767400000001006,-100.52143626811278,X,0.0248628538025855
R4_LHS_03,20260813,178,-6.69,-0.37767400000001006,-100.52143626811278,Y,0.05936896960248318
R4_LHS_03,20260813,178,-6.69,-0.37767400000001006,-100.52143626811278,Z,0.025467270921991275
R4_LHS_03,20260813,179,-6.69,-0.37767400000001006,-93.76971700000001,X,0.019849338854164875
R4_LHS_03,20260813,179,-6.69,-0.37767400000001006,-93.76971700000001,Y,0.03616783401227091
R4_LHS_03,20260813,179,-6.69,-0.37767400000001006,-93.76971700000001,Z,0.02238698832601907
R4_LHS_03,20260813,180,-6.69,-0.37767400000001006,-85.56478945530056,X,0.01983667966427537
R4_LHS_03,20260813,180,-6.69,-0.37767400000001006,-85.56478945530056,Y,0.030265774555532452
R4_LHS_03,20260813,180,-6.69,-0.37767400000001006,-85.56478945530056,Z,0.025227637024555716
R4_LHS_03,20260813,181,-6.69,-0.37767400000001006,-78.754407,X,0.017845407109465243
R4_LHS_03,20260813,181,-6.69,-0.37767400000001006,-78.754407,Y,0.029710127376006437
R4_LHS_03,20260813,181,-6.69,-0.37767400000001006,-78.754407,Z,0.024213288910507228
R4_LHS_03,20260813,182,-6.69,-0.37767400000001006,-72.00104137542344,X,0.019597321254668017
R4_LHS_03,20260813,182,-6.69,-0.37767400000001006,-72.00104137542344,Y,0.023663516205175397
R4_LHS_03,20260813,182,-6.69,-0.37767400000001006,-72.00104137542344,Z,0.027464050689790197
R4_LHS_03,20260813,183,-6.69,-0.37767400000001006,-61.24559299999999,X,0.01902916502616704
R4_LHS_03,20260813,183,-6.69,-0.37767400000001006,-61.24559299999999,Y,0.029398364429427098
R4_LHS_03,20260813,183,-6.69,-0.37767400000001006,-61.24559299999999,Z,0.024234443760008256
R4_LHS_03,20260813,184,-6.69,-0.37767400000001006,-56.245593,X,0.01940952211696412
R4_LHS_03,20260813,184,-6.69,-0.37767400000001006,-56.245593,Y,0.030203191142474765
R4_LHS_03,20260813,184,-6.69,-0.37767400000001006,-56.245593,Z,0.024403755288499102
R4_LHS_03,20260813,185,-6.69,-0.37767400000001006,-51.245593,X,0.019396193854965774
R4_LHS_03,20260813,185,-6.69,-0.37767400000001006,-51.245593,Y,0.0386992995081538
R4_LHS_03,20260813,185,-6.69,-0.37767400000001006,-51.245593,Z,0.023950188212031123
R4_LHS_03,20260813,186,-6.69,-0.37767400000001006,-46.245593,X,0.01942275582397538
R4_LHS_03,20260813,186,-6.69,-0.37767400000001006,-46.245593,Y,0.036139564895590705
R4_LHS_03,20260813,186,-6.69,-0.37767400000001006,-46.245593,Z,0.025301724372525574
R4_LHS_03,20260813,187,-6.69,-0.37767400000001006,-39.435210544699444,X,0.0224990583408579
R4_LHS_03,20260813,187,-6.69,-0.37767400000001006,-39.435210544699444,Y,0.03828587414626545
R4_LHS_03,20260813,187,-6.69,-0.37767400000001006,-39.435210544699444,Z,0.027463704095397612
R4_LHS_03,20260813,188,-6.69,-0.37767400000001006,-29.183530813936898,X,0.03053951651081266
R4_LHS_03,20260813,188,-6.69,-0.37767400000001006,-29.183530813936898,Y,0.281049893567272
R4_LHS_03,20260813,188,-6.69,-0.37767400000001006,-29.183530813936898,Z,0.02569486965615397
R4_LHS_03,20260813,189,-6.69,-0.37767400000001006,-22.599192000000002,X,0.03255757234773586
R4_LHS_03,20260813,189,-6.69,-0.37767400000001006,-22.599192000000002,Y,0.11704819277989861
R4_LHS_03,20260813,189,-6.69,-0.37767400000001006,-22.599192000000002,Z,0.027565235140719156
R4_LHS_03,20260813,190,-6.69,-0.37767400000001006,-17.273026639708842,X,0.03420892490817219
R4_LHS_03,20260813,190,-6.69,-0.37767400000001006,-17.273026639708842,Y,0.08102770963095722
R4_LHS_03,20260813,190,-6.69,-0.37767400000001006,-17.273026639708842,Z,0.024803165776510688
R4_LHS_03,20260813,191,-6.69,-0.37767400000001,-11.95,X,0.03115728987981179
R4_LHS_03,20260813,191,-6.69,-0.37767400000001,-11.95,Y,0.09999995743700324
R4_LHS_03,20260813,191,-6.69,-0.37767400000001,-11.95,Z,0.02567932341343626
R4_LHS_03,20260813,192,-6.69,-0.37767400000001,-5.466528417818731,X,0.04520624628331954
R4_LHS_03,20260813,192,-6.69,-0.37767400000001,-5.466528417818731,Y,0.19451590836735938
R4_LHS_03,20260813,192,-6.69,-0.37767400000001,-5.466528417818731,Z,0.023598909976361986
R4_LHS_03,20260813,193,-6.69,-0.37767400000001,0.0,X,0.06053123243617759
R4_LHS_03,20260813,193,-6.69,-0.37767400000001,0.0,Y,0.4718930261750631
R4_LHS_03,20260813,193,-6.69,-0.37767400000001,0.0,Z,0.02208321034247454
R4_LHS_03,20260813,194,-4.94,-1.113674,-135.0,X,0.05808332641699701
R4_LHS_03,20260813,194,-4.94,-1.113674,-135.0,Y,0.44106756647641265
R4_LHS_03,20260813,194,-4.94,-1.113674,-135.0,Z,0.03983290574380327
R4_LHS_03,20260813,195,-4.94,-1.113674,-123.05000000000001,X,0.037975426905318875
R4_LHS_03,20260813,195,-4.94,-1.113674,-123.05000000000001,Y,0.10581465681933544
R4_LHS_03,20260813,195,-4.94,-1.113674,-123.05000000000001,Z,0.040434503803159154
R4_LHS_03,20260813,196,-4.94,-1.113674,-11.95,X,0.04303712450935699
R4_LHS_03,20260813,196,-4.94,-1.113674,-11.95,Y,0.1239374359870684
R4_LHS_03,20260813,196,-4.94,-1.113674,-11.95,Z,0.04478524986315536
R4_LHS_03,20260813,197,-4.94,-1.113674,0.0,X,0.05914048837661267
R4_LHS_03,20260813,197,-4.94,-1.113674,0.0,Y,0.4366083009310734
R4_LHS_03,20260813,197,-4.94,-1.113674,0.0,Z,0.04123164354373392
R4_LHS_03,20260813,198,-4.94,-0.3776740000000001,-135.0,X,0.05689339005305993
R4_LHS_03,20260813,198,-4.94,-0.3776740000000001,-135.0,Y,0.4459392748955382
R4_LHS_03,20260813,198,-4.94,-0.3776740000000001,-135.0,Z,0.022423934726670956
R4_LHS_03,20260813,199,-4.94,-0.37767400000001,-128.46268305171532,X,0.03497194426532935
R4_LHS_03,20260813,199,-4.94,-0.37767400000001,-128.46268305171532,Y,0.1704890785033342
R4_LHS_03,20260813,199,-4.94,-0.37767400000001,-128.46268305171532,Z,0.022677798381840964
R4_LHS_03,20260813,200,-4.94,-0.37767400000001006,-120.33,X,0.024267601697263427
R4_LHS_03,20260813,200,-4.94,-0.37767400000001006,-120.33,Y,0.08304981027630809
R4_LHS_03,20260813,200,-4.94,-0.37767400000001006,-120.33,Z,0.024490404233735927
R4_LHS_03,20260813,201,-4.94,-0.37767400000001006,-112.93029271677838,X,0.03422386585805383
R4_LHS_03,20260813,201,-4.94,-0.37767400000001006,-112.93029271677838,Y,0.10715108800374261
R4_LHS_03,20260813,201,-4.94,-0.37767400000001006,-112.93029271677838,Z,0.02288880432368106
R4_LHS_03,20260813,202,-4.94,-0.37767400000001006,-104.13765460562611,X,0.03197539167423573
R4_LHS_03,20260813,202,-4.94,-0.37767400000001006,-104.13765460562611,Y,0.1887431578563511
R4_LHS_03,20260813,202,-4.94,-0.37767400000001006,-104.13765460562611,Z,0.02072089517114371
R4_LHS_03,20260813,203,-4.94,-0.37767400000001006,-96.282915415362,X,0.021189509571886804
R4_LHS_03,20260813,203,-4.94,-0.37767400000001006,-96.282915415362,Y,0.04606125052522214
R4_LHS_03,20260813,203,-4.94,-0.37767400000001006,-96.282915415362,Z,0.02082973492623412
R4_LHS_03,20260813,204,-4.94,-0.37767400000001006,-88.75440700000001,X,0.019024810637023628
R4_LHS_03,20260813,204,-4.94,-0.37767400000001006,-88.75440700000001,Y,0.038147018814959834
R4_LHS_03,20260813,204,-4.94,-0.37767400000001006,-88.75440700000001,Z,0.024118370042577858
R4_LHS_03,20260813,205,-4.94,-0.37767400000001006,-81.282915415362,X,0.01846379699889277
R4_LHS_03,20260813,205,-4.94,-0.37767400000001006,-81.282915415362,Y,0.026921029346694297
R4_LHS_03,20260813,205,-4.94,-0.37767400000001006,-81.282915415362,Z,0.021265753701591242
R4_LHS_03,20260813,206,-4.94,-0.37767400000001006,-74.44471777071274,X,0.018402437843435066
R4_LHS_03,20260813,206,-4.94,-0.37767400000001006,-74.44471777071274,Y,0.030608863056718137
R4_LHS_03,20260813,206,-4.94,-0.37767400000001006,-74.44471777071274,Z,0.0215065431985256
R4_LHS_03,20260813,207,-4.94,-0.37767400000001006,-67.4614915,X,0.018534385811611372
R4_LHS_03,20260813,207,-4.94,-0.37767400000001006,-67.4614915,Y,0.04160327922736346
R4_LHS_03,20260813,207,-4.94,-0.37767400000001006,-67.4614915,Z,0.021519058348123166
R4_LHS_03,20260813,208,-4.94,-0.37767400000001006,-60.55528222928728,X,0.020178968422868405
R4_LHS_03,20260813,208,-4.94,-0.37767400000001006,-60.55528222928728,Y,0.033111679003649724
R4_LHS_03,20260813,208,-4.94,-0.37767400000001006,-60.55528222928728,Z,0.021705299129504713
R4_LHS_03,20260813,209,-4.94,-0.37767400000001006,-53.717084584638,X,0.019497582754636648
R4_LHS_03,20260813,209,-4.94,-0.37767400000001006,-53.717084584638,Y,0.028271423604797345
R4_LHS_03,20260813,209,-4.94,-0.37767400000001006,-53.717084584638,Z,0.02179261222765081
R4_LHS_03,20260813,210,-4.94,-0.37767400000001006,-46.245593,X,0.01942802126027417
R4_LHS_03,20260813,210,-4.94,-0.37767400000001006,-46.245593,Y,0.03806961038743396
R4_LHS_03,20260813,210,-4.94,-0.37767400000001006,-46.245593,Z,0.021988168256127174
R4_LHS_03,20260813,211,-4.94,-0.37767400000001006,-38.717084584637995,X,0.021239357088738236
R4_LHS_03,20260813,211,-4.94,-0.37767400000001006,-38.717084584637995,Y,0.05026727727796392
R4_LHS_03,20260813,211,-4.94,-0.37767400000001006,-38.717084584637995,Z,0.02596491338948775
R4_LHS_03,20260813,212,-4.94,-0.37767400000001006,-33.76119825980674,X,0.02229355839050383
R4_LHS_03,20260813,212,-4.94,-0.37767400000001006,-33.76119825980674,Y,0.10061963024754703
R4_LHS_03,20260813,212,-4.94,-0.37767400000001006,-33.76119825980674,Z,0.02372687976106784
R4_LHS_03,20260813,213,-4.94,-0.37767400000001006,-27.49820582820343,X,0.028355772734922766
R4_LHS_03,20260813,213,-4.94,-0.37767400000001006,-27.49820582820343,Y,0.3279912873040597
R4_LHS_03,20260813,213,-4.94,-0.37767400000001006,-27.49820582820343,Z,0.02343991758090341
R4_LHS_03,20260813,214,-4.94,-0.37767400000001006,-22.06970728322193,X,0.03650433664855808
R4_LHS_03,20260813,214,-4.94,-0.37767400000001006,-22.06970728322193,Y,0.14035489404319323
R4_LHS_03,20260813,214,-4.94,-0.37767400000001006,-22.06970728322193,Z,0.025980097264898024
R4_LHS_03,20260813,215,-4.94,-0.37767400000001006,-16.59211533634704,X,0.033800544800150274
R4_LHS_03,20260813,215,-4.94,-0.37767400000001006,-16.59211533634704,Y,0.10051667594190916
R4_LHS_03,20260813,215,-4.94,-0.37767400000001006,-16.59211533634704,Z,0.02276424381639125
R4_LHS_03,20260813,216,-4.94,-0.37767400000001,-7.17,X,0.03738473831830903
R4_LHS_03,20260813,216,-4.94,-0.37767400000001,-7.17,Y,0.15369970179515646
R4_LHS_03,20260813,216,-4.94,-0.37767400000001,-7.17,Z,0.025321269874365244
R4_LHS_03,20260813,217,-4.94,-0.3776740000000001,0.0,X,0.059922791385664885
R4_LHS_03,20260813,217,-4.94,-0.3776740000000001,0.0,Y,0.4386328706094961
R4_LHS_03,20260813,217,-4.94,-0.3776740000000001,0.0,Z,0.02469039502826193
R4_LHS_03,20260813,218,-4.158246575342493,-0.37767400000001006,-123.05000000000001,X,0.023592455018636164
R4_LHS_03,20260813,218,-4.158246575342493,-0.37767400000001006,-123.05000000000001,Y,0.1094717664196863
R4_LHS_03,20260813,218,-4.158246575342493,-0.37767400000001006,-123.05000000000001,Z,0.02892388451289571
R4_LHS_03,20260813,219,-4.158246575342464,-0.37767400000001,-11.95,X,0.030557061874590688
R4_LHS_03,20260813,219,-4.158246575342464,-0.37767400000001,-11.95,Y,0.12498697085819331
R4_LHS_03,20260813,219,-4.158246575342464,-0.37767400000001,-11.95,Z,0.023100307461217422
R4_LHS_03,20260813,220,-3.994254470250221,-4.369780326643712,-105.816469186063,X,0.030314243003638906
R4_LHS_03,20260813,220,-3.994254470250221,-4.369780326643712,-105.816469186063,Y,0.12065536556937431
R4_LHS_03,20260813,220,-3.994254470250221,-4.369780326643712,-105.816469186063,Z,0.046924290643801894
R4_LHS_03,20260813,221,-3.9129752756906697,-0.37767400000001006,-98.7620226354387,X,0.020898087577813054
R4_LHS_03,20260813,221,-3.9129752756906697,-0.37767400000001006,-98.7620226354387,Y,0.0634808969504966
R4_LHS_03,20260813,221,-3.9129752756906697,-0.37767400000001006,-98.7620226354387,Z,0.023105648064147773
R4_LHS_03,20260813,222,-3.912975275690793,-0.37767400000001,-36.23797736456137,X,0.02123092727230322
R4_LHS_03,20260813,222,-3.912975275690793,-0.37767400000001,-36.23797736456137,Y,0.07982159155584191
R4_LHS_03,20260813,222,-3.912975275690793,-0.37767400000001,-36.23797736456137,Z,0.028940460683074983
R4_LHS_03,20260813,223,-3.9059999999999975,-17.0929139586129,-105.816469186063,X,0.0158287670777324
R4_LHS_03,20260813,223,-3.9059999999999975,-17.0929139586129,-105.816469186063,Y,0.08100707655773987
R4_LHS_03,20260813,223,-3.9059999999999975,-17.0929139586129,-105.816469186063,Z,0.7227344922614832
R4_LHS_03,20260813,224,-3.906,-17.0929139586129,-29.183530813936898,X,0.01535054508155051
R4_LHS_03,20260813,224,-3.906,-17.0929139586129,-29.183530813936898,Y,0.08127630504560539
R4_LHS_03,20260813,224,-3.906,-17.0929139586129,-29.183530813936898,Z,0.030547059002299978
R4_LHS_03,20260813,225,-3.906,-12.819685458612907,-105.816469186063,X,0.03442583241658616
R4_LHS_03,20260813,225,-3.906,-12.819685458612907,-105.816469186063,Y,0.10083742630888173
R4_LHS_03,20260813,225,-3.906,-12.819685458612907,-105.816469186063,Z,0.10139538450468838
R4_LHS_03,20260813,226,-3.906,-12.819685458612907,-29.183530813936898,X,0.03242673693351061
R4_LHS_03,20260813,226,-3.906,-12.819685458612907,-29.183530813936898,Y,0.18955750184920242
R4_LHS_03,20260813,226,-3.906,-12.819685458612907,-29.183530813936898,Z,0.039543076068941356
R4_LHS_03,20260813,227,-3.9059999999999975,-9.768204465699526,-110.13105280959199,X,0.028278073767610542
R4_LHS_03,20260813,227,-3.9059999999999975,-9.768204465699526,-110.13105280959199,Y,0.05252191950946849
R4_LHS_03,20260813,227,-3.9059999999999975,-9.768204465699526,-110.13105280959199,Z,0.06390926196945938
R4_LHS_03,20260813,228,-3.9059999999999975,-9.768204465699528,-24.868947190408,X,0.031063831271103605
R4_LHS_03,20260813,228,-3.9059999999999975,-9.768204465699528,-24.868947190408,Y,0.08089623472010378
R4_LHS_03,20260813,228,-3.9059999999999975,-9.768204465699528,-24.868947190408,Z,0.03248055458099038
R4_LHS_03,20260813,229,-3.906000000000004,-9.3105242882562,-101.23229133489698,X,0.014534420647925175
R4_LHS_03,20260813,229,-3.906000000000004,-9.3105242882562,-101.23229133489698,Y,0.02577489448112309
R4_LHS_03,20260813,229,-3.906000000000004,-9.3105242882562,-101.23229133489698,Z,0.03394592991143579
R4_LHS_03,20260813,230,-3.905999999999999,-9.310524288256198,-33.7677086651033,X,0.01278297505242015
R4_LHS_03,20260813,230,-3.905999999999999,-9.310524288256198,-33.7677086651033,Y,0.0369587228515025
R4_LHS_03,20260813,230,-3.905999999999999,-9.310524288256198,-33.7677086651033,Z,0.024190235124032695
R4_LHS_03,20260813,231,-3.906,-8.09209277502036,-96.28291558463799,X,0.01165131304219193
R4_LHS_03,20260813,231,-3.906,-8.09209277502036,-96.28291558463799,Y,0.023461469466747223
R4_LHS_03,20260813,231,-3.906,-8.09209277502036,-96.28291558463799,Z,0.03301092678066318
R4_LHS_03,20260813,232,-3.9059999999999993,-8.09209277502036,-91.282915584638,X,0.011839281846101706
R4_LHS_03,20260813,232,-3.9059999999999993,-8.09209277502036,-91.282915584638,Y,0.022138177439765646
R4_LHS_03,20260813,232,-3.9059999999999993,-8.09209277502036,-91.282915584638,Z,0.025313317169511813
R4_LHS_03,20260813,233,-3.906,-8.09209277502036,-86.282915584638,X,0.012184605754501338
R4_LHS_03,20260813,233,-3.906,-8.09209277502036,-86.282915584638,Y,0.023319355531872758
R4_LHS_03,20260813,233,-3.906,-8.09209277502036,-86.282915584638,Z,0.026820806873982403
R4_LHS_03,20260813,234,-3.9059999999999993,-8.09209277502036,-81.282915584638,X,0.012657536072992078
R4_LHS_03,20260813,234,-3.9059999999999993,-8.09209277502036,-81.282915584638,Y,0.02214166507029989
R4_LHS_03,20260813,234,-3.9059999999999993,-8.09209277502036,-81.282915584638,Z,0.02523222362607785
R4_LHS_03,20260813,235,-3.906,-8.09209277502036,-76.282915584638,X,0.01250526336455953
R4_LHS_03,20260813,235,-3.906,-8.09209277502036,-76.282915584638,Y,0.023110132279783892
R4_LHS_03,20260813,235,-3.906,-8.09209277502036,-76.282915584638,Z,0.02371316867099255
R4_LHS_03,20260813,236,-3.906,-8.09209277502036,-71.282915584638,X,0.01330345292018341
R4_LHS_03,20260813,236,-3.906,-8.09209277502036,-71.282915584638,Y,0.022454720125467707
R4_LHS_03,20260813,236,-3.906,-8.09209277502036,-71.282915584638,Z,0.022493756380653946
R4_LHS_03,20260813,237,-3.9060000000000024,-8.09209277502036,-63.717084584638,X,0.01287111635349991
R4_LHS_03,20260813,237,-3.9060000000000024,-8.09209277502036,-63.717084584638,Y,0.022164374763415453
R4_LHS_03,20260813,237,-3.9060000000000024,-8.09209277502036,-63.717084584638,Z,0.024429513936400665
R4_LHS_03,20260813,238,-3.905999999999998,-8.09209277502037,-58.717084584638,X,0.012769765373011645
R4_LHS_03,20260813,238,-3.905999999999998,-8.09209277502037,-58.717084584638,Y,0.023338941102951795
R4_LHS_03,20260813,238,-3.905999999999998,-8.09209277502037,-58.717084584638,Z,0.023185270342613033
R4_LHS_03,20260813,239,-3.9060000000000024,-8.09209277502036,-53.717084584638,X,0.01196312650123375
R4_LHS_03,20260813,239,-3.9060000000000024,-8.09209277502036,-53.717084584638,Y,0.022885598830351836
R4_LHS_03,20260813,239,-3.9060000000000024,-8.09209277502036,-53.717084584638,Z,0.022999058141301584
R4_LHS_03,20260813,240,-3.9059999999999993,-8.09209277502037,-48.717084584637995,X,0.011126671233431149
R4_LHS_03,20260813,240,-3.9059999999999993,-8.09209277502037,-48.717084584637995,Y,0.023968976432927735
R4_LHS_03,20260813,240,-3.9059999999999993,-8.09209277502037,-48.717084584637995,Z,0.022779121278576286
R4_LHS_03,20260813,241,-3.9059999999999797,-8.09209277502037,-43.717084584638016,X,0.010524246095059048
R4_LHS_03,20260813,241,-3.9059999999999797,-8.09209277502037,-43.717084584638016,Y,0.022534357986096862
R4_LHS_03,20260813,241,-3.9059999999999797,-8.09209277502037,-43.717084584638016,Z,0.022331985715089958
R4_LHS_03,20260813,242,-3.906,-8.09209277502037,-38.717084584638,X,0.010538964827747297
R4_LHS_03,20260813,242,-3.906,-8.09209277502037,-38.717084584638,Y,0.026640690715858728
R4_LHS_03,20260813,242,-3.906,-8.09209277502037,-38.717084584638,Z,0.0237973617944203
R4_LHS_03,20260813,243,-3.906000000000008,-6.047804680468493,-113.63276023989701,X,0.02790365547511802
R4_LHS_03,20260813,243,-3.906000000000008,-6.047804680468493,-113.63276023989701,Y,0.03621465197474254
R4_LHS_03,20260813,243,-3.906000000000008,-6.047804680468493,-113.63276023989701,Z,0.029475366876752826
R4_LHS_03,20260813,244,-3.905999999999998,-6.047804680468505,-21.367239760103406,X,0.03163848557682633
R4_LHS_03,20260813,244,-3.905999999999998,-6.047804680468505,-21.367239760103406,Y,0.05639471238862744
R4_LHS_03,20260813,244,-3.905999999999998,-6.047804680468505,-21.367239760103406,Z,0.026663313212766545
R4_LHS_03,20260813,245,-3.9059999999999953,-4.655262144128083,-101.23229133489698,X,0.017141010886738375
R4_LHS_03,20260813,245,-3.9059999999999953,-4.655262144128083,-101.23229133489698,Y,0.025857008548785976
R4_LHS_03,20260813,245,-3.9059999999999953,-4.655262144128083,-101.23229133489698,Z,0.03482337105381898
R4_LHS_03,20260813,246,-3.9059999999999953,-4.655262144128094,-33.76770866510331,X,0.015880506164911486
R4_LHS_03,20260813,246,-3.9059999999999953,-4.655262144128094,-33.76770866510331,Y,0.03761502034020921
R4_LHS_03,20260813,246,-3.9059999999999953,-4.655262144128094,-33.76770866510331,Z,0.029261576238844837
R4_LHS_03,20260813,247,-3.906,-4.273228479306448,-29.183530813936898,X,0.019725055755672988
R4_LHS_03,20260813,247,-3.906,-4.273228479306448,-29.183530813936898,Y,0.2132118599688692
R4_LHS_03,20260813,247,-3.906,-4.273228479306448,-29.183530813936898,Z,0.036569190786119816
R4_LHS_03,20260813,248,-3.906,-4.046046387510177,-96.282915415362,X,0.010813691644516232
R4_LHS_03,20260813,248,-3.906,-4.046046387510177,-96.282915415362,Y,0.024396476595627433
R4_LHS_03,20260813,248,-3.906,-4.046046387510177,-96.282915415362,Z,0.02639040162954452
R4_LHS_03,20260813,249,-3.906,-4.046046387510177,-91.282915415362,X,0.009945609367070778
R4_LHS_03,20260813,249,-3.906,-4.046046387510177,-91.282915415362,Y,0.023330845150174185
R4_LHS_03,20260813,249,-3.906,-4.046046387510177,-91.282915415362,Z,0.02376491950848425
R4_LHS_03,20260813,250,-3.906,-4.046046387510177,-86.282915415362,X,0.008890629975269841
R4_LHS_03,20260813,250,-3.906,-4.046046387510177,-86.282915415362,Y,0.024554874646507095
R4_LHS_03,20260813,250,-3.906,-4.046046387510177,-86.282915415362,Z,0.023828379549663773
R4_LHS_03,20260813,251,-3.906,-4.046046387510177,-81.282915415362,X,0.008783875335837897
R4_LHS_03,20260813,251,-3.906,-4.046046387510177,-81.282915415362,Y,0.022956228882597896
R4_LHS_03,20260813,251,-3.906,-4.046046387510177,-81.282915415362,Z,0.024261369033977947
R4_LHS_03,20260813,252,-3.906,-4.046046387510177,-76.282915415362,X,0.008734172808977118
R4_LHS_03,20260813,252,-3.906,-4.046046387510177,-76.282915415362,Y,0.024442848489880042
R4_LHS_03,20260813,252,-3.906,-4.046046387510177,-76.282915415362,Z,0.023631160844141543
R4_LHS_03,20260813,253,-3.906,-4.046046387510177,-71.282915415362,X,0.008680621374103765
R4_LHS_03,20260813,253,-3.906,-4.046046387510177,-71.282915415362,Y,0.023702521430109414
R4_LHS_03,20260813,253,-3.906,-4.046046387510177,-71.282915415362,Z,0.02343891221884492
R4_LHS_03,20260813,254,-3.9059999999999975,-4.04604638751018,-63.717084584638,X,0.009117597065414505
R4_LHS_03,20260813,254,-3.9059999999999975,-4.04604638751018,-63.717084584638,Y,0.023489928361055654
R4_LHS_03,20260813,254,-3.9059999999999975,-4.04604638751018,-63.717084584638,Z,0.02253031170806421
R4_LHS_03,20260813,255,-3.9059999999999975,-4.04604638751018,-58.71708458463801,X,0.008795038737039157
R4_LHS_03,20260813,255,-3.9059999999999975,-4.04604638751018,-58.71708458463801,Y,0.024678759571481548
R4_LHS_03,20260813,255,-3.9059999999999975,-4.04604638751018,-58.71708458463801,Z,0.02274529920574594
R4_LHS_03,20260813,256,-3.9059999999999975,-4.04604638751018,-53.717084584638,X,0.009639195251675028
R4_LHS_03,20260813,256,-3.9059999999999975,-4.04604638751018,-53.717084584638,Y,0.02357713225819288
R4_LHS_03,20260813,256,-3.9059999999999975,-4.04604638751018,-53.717084584638,Z,0.023388984512439433
R4_LHS_03,20260813,257,-3.9059999999999975,-4.04604638751018,-48.717084584638016,X,0.009518018650478684
R4_LHS_03,20260813,257,-3.9059999999999975,-4.04604638751018,-48.717084584638016,Y,0.025632057835660242
R4_LHS_03,20260813,257,-3.9059999999999975,-4.04604638751018,-48.717084584638016,Z,0.024503120050556406
R4_LHS_03,20260813,258,-3.9059999999999975,-4.04604638751018,-43.717084584638,X,0.011562066638196351
R4_LHS_03,20260813,258,-3.9059999999999975,-4.04604638751018,-43.717084584638,Y,0.02436953918808062
R4_LHS_03,20260813,258,-3.9059999999999975,-4.04604638751018,-43.717084584638,Z,0.023619279082482833
R4_LHS_03,20260813,259,-3.9059999999999975,-4.04604638751018,-38.71708458463801,X,0.012220157902177677
R4_LHS_03,20260813,259,-3.9059999999999975,-4.04604638751018,-38.71708458463801,Y,0.029104215055158457
R4_LHS_03,20260813,259,-3.9059999999999975,-4.04604638751018,-38.71708458463801,Z,0.02513289923822312
R4_LHS_03,20260813,260,-3.906,-2.226,-130.21999999999997,X,0.04856421142865053
R4_LHS_03,20260813,260,-3.906,-2.226,-130.21999999999997,Y,0.18651585796544015
R4_LHS_03,20260813,260,-3.906,-2.226,-130.21999999999997,Z,0.05872816181305993
R4_LHS_03,20260813,261,-3.9060000000000006,-2.226,-125.44,X,0.04159203683793257
R4_LHS_03,20260813,261,-3.9060000000000006,-2.226,-125.44,Y,0.13894644016435298
R4_LHS_03,20260813,261,-3.9060000000000006,-2.226,-125.44,Z,0.06064016858756964
R4_LHS_03,20260813,262,-3.906000000000001,-2.226000000000005,-120.33,X,0.046392992384542794
R4_LHS_03,20260813,262,-3.906000000000001,-2.226000000000005,-120.33,Y,0.08138992808363492
R4_LHS_03,20260813,262,-3.906000000000001,-2.226000000000005,-120.33,Z,0.05393558859888501
R4_LHS_03,20260813,263,-3.905999999999998,-2.2260000000000058,-14.670000000000002,X,0.05673140602906823
R4_LHS_03,20260813,263,-3.905999999999998,-2.2260000000000058,-14.670000000000002,Y,0.11838948605325861
R4_LHS_03,20260813,263,-3.905999999999998,-2.2260000000000058,-14.670000000000002,Z,0.06491510143090688
R4_LHS_03,20260813,264,-3.906,-2.226,-7.17,X,0.04887634601250133
R4_LHS_03,20260813,264,-3.906,-2.226,-7.17,Y,0.15474164793196257
R4_LHS_03,20260813,264,-3.906,-2.226,-7.17,Z,0.034017961274270585
R4_LHS_03,20260813,265,-3.906,-2.226,0.0,X,0.06620577959568952
R4_LHS_03,20260813,265,-3.906,-2.226,0.0,Y,0.4210053476740823
R4_LHS_03,20260813,265,-3.906,-2.226,0.0,Z,0.09417985772206117
R4_LHS_03,20260813,266,-3.906,-1.113674,-135.0,X,0.05792949273213567
R4_LHS_03,20260813,266,-3.906,-1.113674,-135.0,Y,0.41218087848623053
R4_LHS_03,20260813,266,-3.906,-1.113674,-135.0,Z,0.036340705841233466
R4_LHS_03,20260813,267,-3.9060000000000006,-1.113674,-125.44,X,0.04021203294601527
R4_LHS_03,20260813,267,-3.9060000000000006,-1.113674,-125.44,Y,0.13940136807040238
R4_LHS_03,20260813,267,-3.9060000000000006,-1.113674,-125.44,Z,0.05197744075035136
R4_LHS_03,20260813,268,-3.9060000000000006,-1.1136740000000003,-120.33,X,0.037862964329433195
R4_LHS_03,20260813,268,-3.9060000000000006,-1.1136740000000003,-120.33,Y,0.08129453741309002
R4_LHS_03,20260813,268,-3.9060000000000006,-1.1136740000000003,-120.33,Z,0.02877603769145579
R4_LHS_03,20260813,269,-3.906,-1.113674,-14.67,X,0.043085281420208565
R4_LHS_03,20260813,269,-3.906,-1.113674,-14.67,Y,0.11820501342853033
R4_LHS_03,20260813,269,-3.906,-1.113674,-14.67,Z,0.03679894394592613
R4_LHS_03,20260813,270,-3.906,-1.113674,-9.56,X,0.040277650601329956
R4_LHS_03,20260813,270,-3.906,-1.113674,-9.56,Y,0.16263589510147639
R4_LHS_03,20260813,270,-3.906,-1.113674,-9.56,Z,0.05066462231713949
R4_LHS_03,20260813,271,-3.906,-1.113674,0.0,X,0.05883672884407709
R4_LHS_03,20260813,271,-3.906,-1.113674,0.0,Y,0.4187153874638471
R4_LHS_03,20260813,271,-3.906,-1.113674,0.0,Z,0.044483168979867496
R4_LHS_03,20260813,272,-3.906000000000009,-0.37767400000001,-132.61,X,0.04881286684160302
R4_LHS_03,20260813,272,-3.906000000000009,-0.37767400000001,-132.61,Y,0.26339070541688026
R4_LHS_03,20260813,272,-3.906000000000009,-0.37767400000001,-132.61,Z,0.02247088416366128
R4_LHS_03,20260813,273,-3.906000000000015,-0.37767400000001006,-118.8102059708965,X,0.02646834697007827
R4_LHS_03,20260813,273,-3.906000000000015,-0.37767400000001006,-118.8102059708965,Y,0.07902384815543051
R4_LHS_03,20260813,273,-3.906000000000015,-0.37767400000001006,-118.8102059708965,Z,0.021922116069310885
R4_LHS_03,20260813,274,-3.90599999999999,-0.37767400000001006,-108.10855811164652,X,0.03180123732355883
R4_LHS_03,20260813,274,-3.90599999999999,-0.37767400000001006,-108.10855811164652,Y,0.28998689012092066
R4_LHS_03,20260813,274,-3.90599999999999,-0.37767400000001006,-108.10855811164652,Z,0.024406469169909836
R4_LHS_03,20260813,275,-3.9060000000000112,-0.37767400000001,-93.782915415362,X,0.01985547536492797
R4_LHS_03,20260813,275,-3.9060000000000112,-0.37767400000001,-93.782915415362,Y,0.036798609024022655
R4_LHS_03,20260813,275,-3.9060000000000112,-0.37767400000001,-93.782915415362,Z,0.023668452034845053
R4_LHS_03,20260813,276,-3.906,-0.37767400000001,-88.78291541536201,X,0.019063379807934013
R4_LHS_03,20260813,276,-3.906,-0.37767400000001,-88.78291541536201,Y,0.03321802725992726
R4_LHS_03,20260813,276,-3.906,-0.37767400000001,-88.78291541536201,Z,0.025651264187986963
R4_LHS_03,20260813,277,-3.906000000000003,-0.37767400000001,-83.782915415362,X,0.018393563766492035
R4_LHS_03,20260813,277,-3.906000000000003,-0.37767400000001,-83.782915415362,Y,0.03309834139826342
R4_LHS_03,20260813,277,-3.906000000000003,-0.37767400000001,-83.782915415362,Z,0.02632624164344806
R4_LHS_03,20260813,278,-3.905999999999997,-0.37767400000001,-78.782915415362,X,0.017824416588577134
R4_LHS_03,20260813,278,-3.905999999999997,-0.37767400000001,-78.782915415362,Y,0.028919418557720473
R4_LHS_03,20260813,278,-3.905999999999997,-0.37767400000001,-78.782915415362,Z,0.023086402528519068
R4_LHS_03,20260813,279,-3.906000000000003,-0.37767400000001,-73.782915415362,X,0.018205113852841872
R4_LHS_03,20260813,279,-3.906000000000003,-0.37767400000001,-73.782915415362,Y,0.02954712948975429
R4_LHS_03,20260813,279,-3.906000000000003,-0.37767400000001,-73.782915415362,Z,0.023252526829652037
R4_LHS_03,20260813,280,-3.905999999999997,-0.37767400000001,-67.5,X,0.01844820858323479
R4_LHS_03,20260813,280,-3.905999999999997,-0.37767400000001,-67.5,Y,0.03843514497703861
R4_LHS_03,20260813,280,-3.905999999999997,-0.37767400000001,-67.5,Z,0.02510558629978317
R4_LHS_03,20260813,281,-3.906000000000003,-0.37767400000001,-61.217084584637995,X,0.019016572509637796
R4_LHS_03,20260813,281,-3.906000000000003,-0.37767400000001,-61.217084584637995,Y,0.028280069316133194
R4_LHS_03,20260813,281,-3.906000000000003,-0.37767400000001,-61.217084584637995,Z,0.028047302576078924
R4_LHS_03,20260813,282,-3.905999999999997,-0.37767400000001,-56.21708458463801,X,0.019414491493478084
R4_LHS_03,20260813,282,-3.905999999999997,-0.37767400000001,-56.21708458463801,Y,0.029566839632953097
R4_LHS_03,20260813,282,-3.905999999999997,-0.37767400000001,-56.21708458463801,Z,0.024690948335751587
R4_LHS_03,20260813,283,-3.906000000000003,-0.37767400000001,-51.217084584637995,X,0.0194780700397288
R4_LHS_03,20260813,283,-3.906000000000003,-0.37767400000001,-51.217084584637995,Y,0.03435731593878399
R4_LHS_03,20260813,283,-3.906000000000003,-0.37767400000001,-51.217084584637995,Z,0.02535512329650971
R4_LHS_03,20260813,284,-3.906000000000002,-0.37767400000001,-46.21708458463801,X,0.0194785519751077
R4_LHS_03,20260813,284,-3.906000000000002,-0.37767400000001,-46.21708458463801,Y,0.035013217026996016
R4_LHS_03,20260813,284,-3.906000000000002,-0.37767400000001,-46.21708458463801,Z,0.022149307911910183
R4_LHS_03,20260813,285,-3.906,-0.37767400000001,-41.217084584638,X,0.01991565969440273
R4_LHS_03,20260813,285,-3.906,-0.37767400000001,-41.217084584638,Y,0.040512891602980876
R4_LHS_03,20260813,285,-3.906,-0.37767400000001,-41.217084584638,Z,0.022841506762642367
R4_LHS_03,20260813,286,-3.9059999999999917,-0.37767400000001,-26.8914418883537,X,0.028716766794054965
R4_LHS_03,20260813,286,-3.9059999999999917,-0.37767400000001,-26.8914418883537,Y,0.33554700833703005
R4_LHS_03,20260813,286,-3.9059999999999917,-0.37767400000001,-26.8914418883537,Z,0.030419783861950725
R4_LHS_03,20260813,287,-3.90600000000001,-0.37767400000001,-16.18979402910355,X,0.03289868631638088
R4_LHS_03,20260813,287,-3.90600000000001,-0.37767400000001,-16.18979402910355,Y,0.0967242288831922
R4_LHS_03,20260813,287,-3.90600000000001,-0.37767400000001,-16.18979402910355,Z,0.027429691512212917
R4_LHS_03,20260813,288,-3.905999999999987,-0.37767400000001,-2.39,X,0.05306199657051694
R4_LHS_03,20260813,288,-3.905999999999987,-0.37767400000001,-2.39,Y,0.2928890505976043
R4_LHS_03,20260813,288,-3.905999999999987,-0.37767400000001,-2.39,Z,0.026296723304191773
R4_LHS_03,20260813,289,-3.6537534246575065,-0.37767400000001006,-123.05000000000001,X,0.023537642685952896
R4_LHS_03,20260813,289,-3.6537534246575065,-0.37767400000001006,-123.05000000000001,Y,0.11006545190826922
R4_LHS_03,20260813,289,-3.6537534246575065,-0.37767400000001006,-123.05000000000001,Z,0.026983469903877195
R4_LHS_03,20260813,290,-3.65375342465752,-0.37767400000001,-11.95,X,0.030491897996884613
R4_LHS_03,20260813,290,-3.65375342465752,-0.37767400000001,-11.95,Y,0.124727818978551
R4_LHS_03,20260813,290,-3.65375342465752,-0.37767400000001,-11.95,Z,0.028128499005519367
R4_LHS_03,20260813,291,-2.872,-1.113674,-135.0,X,0.05799369495719146
R4_LHS_03,20260813,291,-2.872,-1.113674,-135.0,Y,0.4042334002070334
R4_LHS_03,20260813,291,-2.872,-1.113674,-135.0,Z,0.036771984089862236
R4_LHS_03,20260813,292,-2.872,-1.113674,-127.83,X,0.04730126629623071
R4_LHS_03,20260813,292,-2.872,-1.113674,-127.83,Y,0.14174371425637686
R4_LHS_03,20260813,292,-2.872,-1.113674,-127.83,Z,0.047264761254095095
R4_LHS_03,20260813,293,-2.872,-1.1136740000000003,-120.33,X,0.037888830101968925
R4_LHS_03,20260813,293,-2.872,-1.1136740000000003,-120.33,Y,0.0779792022674635
R4_LHS_03,20260813,293,-2.872,-1.1136740000000003,-120.33,Z,0.031115789354380453
R4_LHS_03,20260813,294,-2.872,-1.113674,-14.67,X,0.04313858399882615
R4_LHS_03,20260813,294,-2.872,-1.113674,-14.67,Y,0.11411036282777773
R4_LHS_03,20260813,294,-2.872,-1.113674,-14.67,Z,0.03926983377944479
R4_LHS_03,20260813,295,-2.872,-1.113674,-4.78,X,0.06973972255031381
R4_LHS_03,20260813,295,-2.872,-1.113674,-4.78,Y,0.1919470999388844
R4_LHS_03,20260813,295,-2.872,-1.113674,-4.78,Z,0.060452898378327485
R4_LHS_03,20260813,296,-2.872,-0.3776740000000001,-135.0,X,0.0562897145244273
R4_LHS_03,20260813,296,-2.872,-0.3776740000000001,-135.0,Y,0.4057728856114661
R4_LHS_03,20260813,296,-2.872,-0.3776740000000001,-135.0,Z,0.023743817562376333
R4_LHS_03,20260813,297,-2.872,-0.3776740000000001,-127.83,X,0.030503994244957432
R4_LHS_03,20260813,297,-2.872,-0.3776740000000001,-127.83,Y,0.14149196486361124
R4_LHS_03,20260813,297,-2.872,-0.3776740000000001,-127.83,Z,0.02390381049187814
R4_LHS_03,20260813,298,-2.872,-0.37767400000001006,-120.33,X,0.02421869697739039
R4_LHS_03,20260813,298,-2.872,-0.37767400000001006,-120.33,Y,0.07922971317947
R4_LHS_03,20260813,298,-2.872,-0.37767400000001006,-120.33,Z,0.023742642875834292
R4_LHS_03,20260813,299,-2.872,-0.37767400000001006,-114.40096931428103,X,0.03193258508634151
R4_LHS_03,20260813,299,-2.872,-0.37767400000001006,-114.40096931428103,Y,0.08034049590509176
R4_LHS_03,20260813,299,-2.872,-0.37767400000001006,-114.40096931428103,Z,0.02438006246565403
R4_LHS_03,20260813,300,-2.872,-0.37767400000001006,-105.816469186063,X,0.032250228527176
R4_LHS_03,20260813,300,-2.872,-0.37767400000001006,-105.816469186063,Y,0.23583342863835466
R4_LHS_03,20260813,300,-2.872,-0.37767400000001006,-105.816469186063,Z,0.023129010830204993
R4_LHS_03,20260813,301,-2.872,-0.37767400000001006,-96.282915415362,X,0.021114868839492498
R4_LHS_03,20260813,301,-2.872,-0.37767400000001006,-96.282915415362,Y,0.04022032766178939
R4_LHS_03,20260813,301,-2.872,-0.37767400000001006,-96.282915415362,Z,0.024711545210615967
R4_LHS_03,20260813,302,-2.872,-0.37767400000001006,-91.282915415362,X,0.019938569256840486
R4_LHS_03,20260813,302,-2.872,-0.37767400000001006,-91.282915415362,Y,0.03165587361938757
R4_LHS_03,20260813,302,-2.872,-0.37767400000001006,-91.282915415362,Z,0.027516222690158965
R4_LHS_03,20260813,303,-2.872,-0.37767400000001006,-86.282915415362,X,0.018994475133206384
R4_LHS_03,20260813,303,-2.872,-0.37767400000001006,-86.282915415362,Y,0.03408946419121418
R4_LHS_03,20260813,303,-2.872,-0.37767400000001006,-86.282915415362,Z,0.025668047104969765
R4_LHS_03,20260813,304,-2.872,-0.37767400000001006,-79.44471777071274,X,0.018616914816762715
R4_LHS_03,20260813,304,-2.872,-0.37767400000001006,-79.44471777071274,Y,0.02939540033532691
R4_LHS_03,20260813,304,-2.872,-0.37767400000001006,-79.44471777071274,Z,0.02553731895098051
R4_LHS_03,20260813,305,-2.872,-0.37767400000001006,-73.754407,X,0.01816996081779329
R4_LHS_03,20260813,305,-2.872,-0.37767400000001006,-73.754407,Y,0.03274703031647851
R4_LHS_03,20260813,305,-2.872,-0.37767400000001006,-73.754407,Z,0.025111853110487685
R4_LHS_03,20260813,306,-2.872,-0.37767400000001006,-67.4614915,X,0.018359013415099344
R4_LHS_03,20260813,306,-2.872,-0.37767400000001006,-67.4614915,Y,0.039585010138703886
R4_LHS_03,20260813,306,-2.872,-0.37767400000001006,-67.4614915,Z,0.0271364910044176
R4_LHS_03,20260813,307,-2.872,-0.37767400000001006,-61.24559299999999,X,0.018950640137444748
R4_LHS_03,20260813,307,-2.872,-0.37767400000001006,-61.24559299999999,Y,0.027186467548404158
R4_LHS_03,20260813,307,-2.872,-0.37767400000001006,-61.24559299999999,Z,0.025918951977250807
R4_LHS_03,20260813,308,-2.872,-0.37767400000001006,-55.55528222928725,X,0.020051523626048277
R4_LHS_03,20260813,308,-2.872,-0.37767400000001006,-55.55528222928725,Y,0.029510938915120192
R4_LHS_03,20260813,308,-2.872,-0.37767400000001006,-55.55528222928725,Z,0.02457641001898403
R4_LHS_03,20260813,309,-2.872,-0.37767400000001006,-48.717084584638,X,0.019997408671122503
R4_LHS_03,20260813,309,-2.872,-0.37767400000001006,-48.717084584638,Y,0.0349795882324924
R4_LHS_03,20260813,309,-2.872,-0.37767400000001006,-48.717084584638,Z,0.02369102332938065
R4_LHS_03,20260813,310,-2.872,-0.37767400000001006,-41.878886939988746,X,0.021135563743996656
R4_LHS_03,20260813,310,-2.872,-0.37767400000001006,-41.878886939988746,Y,0.038695652027420584
R4_LHS_03,20260813,310,-2.872,-0.37767400000001006,-41.878886939988746,Z,0.025692780411878887
R4_LHS_03,20260813,311,-2.872,-0.37767400000001006,-35.57609663685105,X,0.02269011598188594
R4_LHS_03,20260813,311,-2.872,-0.37767400000001006,-35.57609663685105,Y,0.086862898482544
R4_LHS_03,20260813,311,-2.872,-0.37767400000001006,-35.57609663685105,Z,0.02445789182470363
R4_LHS_03,20260813,312,-2.872,-0.37767400000001006,-24.5993529627705,X,0.0297431455827858
R4_LHS_03,20260813,312,-2.872,-0.37767400000001006,-24.5993529627705,Y,0.22457800803289216
R4_LHS_03,20260813,312,-2.872,-0.37767400000001006,-24.5993529627705,Z,0.025553403581247778
R4_LHS_03,20260813,313,-2.872,-0.37767400000001006,-17.7095880582071,X,0.03427546454756678
R4_LHS_03,20260813,313,-2.872,-0.37767400000001006,-17.7095880582071,Y,0.09896198288082785
R4_LHS_03,20260813,313,-2.872,-0.37767400000001006,-17.7095880582071,Z,0.025180390645523167
R4_LHS_03,20260813,314,-2.872,-0.37767400000001,-12.791362007168463,X,0.034045353505091955
R4_LHS_03,20260813,314,-2.872,-0.37767400000001,-12.791362007168463,Y,0.12804216052086115
R4_LHS_03,20260813,314,-2.872,-0.37767400000001,-12.791362007168463,Z,0.024799602307324208
R4_LHS_03,20260813,315,-2.872,-0.37767400000001,-7.802683051715303,X,0.04179611562150253
R4_LHS_03,20260813,315,-2.872,-0.37767400000001,-7.802683051715303,Y,0.19114171332642263
R4_LHS_03,20260813,315,-2.872,-0.37767400000001,-7.802683051715303,Z,0.02529034298983539
R4_LHS_03,20260813,316,-2.872,-0.3776740000000001,0.0,X,0.05945888501607722
R4_LHS_03,20260813,316,-2.872,-0.3776740000000001,0.0,Y,0.41913387548074793
R4_LHS_03,20260813,316,-2.872,-0.3776740000000001,0.0,Z,0.02400021075683607
R4_LHS_03,20260813,317,-1.122,-1.113674,-135.0,X,0.05812408170913371
R4_LHS_03,20260813,317,-1.122,-1.113674,-135.0,Y,0.42371655202349934
R4_LHS_03,20260813,317,-1.122,-1.113674,-135.0,Z,0.031728087732822735
R4_LHS_03,20260813,318,-1.1219999999999999,-1.113674,-130.21999999999997,X,0.061963577131111204
R4_LHS_03,20260813,318,-1.1219999999999999,-1.113674,-130.21999999999997,Y,0.16151638932562706
R4_LHS_03,20260813,318,-1.1219999999999999,-1.113674,-130.21999999999997,Z,0.048485629826243284
R4_LHS_03,20260813,319,-1.122,-1.113674,-125.44,X,0.04141128478340734
R4_LHS_03,20260813,319,-1.122,-1.113674,-125.44,Y,0.08729267786610491
R4_LHS_03,20260813,319,-1.122,-1.113674,-125.44,Z,0.03661558819286845
R4_LHS_03,20260813,320,-1.1220000000000003,-1.1136740000000003,-120.33,X,0.038036995935502325
R4_LHS_03,20260813,320,-1.1220000000000003,-1.1136740000000003,-120.33,Y,0.058134363752956705
R4_LHS_03,20260813,320,-1.1220000000000003,-1.1136740000000003,-120.33,Z,0.03155619319651286
R4_LHS_03,20260813,321,-1.122,-1.113674,-14.67,X,0.043269188759089985
R4_LHS_03,20260813,321,-1.122,-1.113674,-14.67,Y,0.0848950164032015
R4_LHS_03,20260813,321,-1.122,-1.113674,-14.67,Z,0.030765230504036324
R4_LHS_03,20260813,322,-1.122,-1.113674,-9.56,X,0.040035424747981156
R4_LHS_03,20260813,322,-1.122,-1.113674,-9.56,Y,0.12781205450961114
R4_LHS_03,20260813,322,-1.122,-1.113674,-9.56,Z,0.052559172741985294
R4_LHS_03,20260813,323,-1.122,-1.113674,-2.39,X,0.06503281385781993
R4_LHS_03,20260813,323,-1.122,-1.113674,-2.39,Y,0.29407214153517763
R4_LHS_03,20260813,323,-1.122,-1.113674,-2.39,Z,0.06499977540959838
R4_LHS_03,20260813,324,-1.122,-0.3776740000000001,-135.0,X,0.05598853081801061
R4_LHS_03,20260813,324,-1.122,-0.3776740000000001,-135.0,Y,0.4338157645868538
R4_LHS_03,20260813,324,-1.122,-0.3776740000000001,-135.0,Z,0.024305653189044416
R4_LHS_03,20260813,325,-1.1220000000000003,-0.37767400000001,-126.12652841781875,X,0.034989077844485184
R4_LHS_03,20260813,325,-1.1220000000000003,-0.37767400000001,-126.12652841781875,Y,0.08546287189929458
R4_LHS_03,20260813,325,-1.1220000000000003,-0.37767400000001,-126.12652841781875,Z,0.02392297363560823
R4_LHS_03,20260813,326,-1.1220000000000003,-0.37767400000001006,-119.89343858150177,X,0.02593266077735089
R4_LHS_03,20260813,326,-1.1220000000000003,-0.37767400000001006,-119.89343858150177,Y,0.0562358482993386
R4_LHS_03,20260813,326,-1.1220000000000003,-0.37767400000001006,-119.89343858150177,Z,0.02367894338548074
R4_LHS_03,20260813,327,-1.1220000000000003,-0.37767400000001006,-113.82642225912853,X,0.0358319970022256
R4_LHS_03,20260813,327,-1.1220000000000003,-0.37767400000001006,-113.82642225912853,Y,0.05536557437993337
R4_LHS_03,20260813,327,-1.1220000000000003,-0.37767400000001006,-113.82642225912853,Z,0.02365239215164485
R4_LHS_03,20260813,328,-1.1220000000000003,-0.37767400000001006,-105.15806576197079,X,0.03567881240640324
R4_LHS_03,20260813,328,-1.1220000000000003,-0.37767400000001006,-105.15806576197079,Y,0.2019797373162942
R4_LHS_03,20260813,328,-1.1220000000000003,-0.37767400000001006,-105.15806576197079,Z,0.024740757682315952
R4_LHS_03,20260813,329,-1.1220000000000003,-0.37767400000001006,-98.744405,X,0.0211279180081854
R4_LHS_03,20260813,329,-1.1220000000000003,-0.37767400000001006,-98.744405,Y,0.07400081997135005
R4_LHS_03,20260813,329,-1.1220000000000003,-0.37767400000001006,-98.744405,Z,0.024093507910244606
R4_LHS_03,20260813,330,-1.1220000000000003,-0.37767400000001006,-93.76971700000001,X,0.01981030653487015
R4_LHS_03,20260813,330,-1.1220000000000003,-0.37767400000001006,-93.76971700000001,Y,0.03767244130305534
R4_LHS_03,20260813,330,-1.1220000000000003,-0.37767400000001006,-93.76971700000001,Z,0.025026941168309825
R4_LHS_03,20260813,331,-1.1220000000000003,-0.37767400000001006,-88.75440700000001,X,0.01908152466396498
R4_LHS_03,20260813,331,-1.1220000000000003,-0.37767400000001006,-88.75440700000001,Y,0.032170681931858056
R4_LHS_03,20260813,331,-1.1220000000000003,-0.37767400000001006,-88.75440700000001,Z,0.025392723180002266
R4_LHS_03,20260813,332,-1.1220000000000003,-0.37767400000001006,-83.754407,X,0.01835956915457819
R4_LHS_03,20260813,332,-1.1220000000000003,-0.37767400000001006,-83.754407,Y,0.03298076417240088
R4_LHS_03,20260813,332,-1.1220000000000003,-0.37767400000001006,-83.754407,Z,0.02533127106182492
R4_LHS_03,20260813,333,-1.1220000000000003,-0.37767400000001006,-77.00104137542344,X,0.01921771108228668
R4_LHS_03,20260813,333,-1.1220000000000003,-0.37767400000001006,-77.00104137542344,Y,0.02914559313107056
R4_LHS_03,20260813,333,-1.1220000000000003,-0.37767400000001006,-77.00104137542344,Z,0.024609522044247486
R4_LHS_03,20260813,334,-1.1220000000000003,-0.37767400000001006,-72.00104137542344,X,0.019539529760885316
R4_LHS_03,20260813,334,-1.1220000000000003,-0.37767400000001006,-72.00104137542344,Y,0.02708158815150839
R4_LHS_03,20260813,334,-1.1220000000000003,-0.37767400000001006,-72.00104137542344,Z,0.026511069611724315
R4_LHS_03,20260813,335,-1.1220000000000003,-0.37767400000001006,-61.24559299999999,X,0.018918466900918942
R4_LHS_03,20260813,335,-1.1220000000000003,-0.37767400000001006,-61.24559299999999,Y,0.02589298000630465
R4_LHS_03,20260813,335,-1.1220000000000003,-0.37767400000001006,-61.24559299999999,Z,0.027001724740220386
R4_LHS_03,20260813,336,-1.1220000000000003,-0.37767400000001006,-56.245593,X,0.019321577817348293
R4_LHS_03,20260813,336,-1.1220000000000003,-0.37767400000001006,-56.245593,Y,0.02942153992753536
R4_LHS_03,20260813,336,-1.1220000000000003,-0.37767400000001006,-56.245593,Z,0.026203224369697943
R4_LHS_03,20260813,337,-1.1220000000000003,-0.37767400000001006,-51.245593,X,0.019430877655623614
R4_LHS_03,20260813,337,-1.1220000000000003,-0.37767400000001006,-51.245593,Y,0.02973699343879973
R4_LHS_03,20260813,337,-1.1220000000000003,-0.37767400000001006,-51.245593,Z,0.026596614578021035
R4_LHS_03,20260813,338,-1.1220000000000003,-0.37767400000001006,-46.245593,X,0.019424080968545122
R4_LHS_03,20260813,338,-1.1220000000000003,-0.37767400000001006,-46.245593,Y,0.03186965906787482
R4_LHS_03,20260813,338,-1.1220000000000003,-0.37767400000001006,-46.245593,Z,0.026587573684586193
R4_LHS_03,20260813,339,-1.1220000000000003,-0.37767400000001006,-41.230283,X,0.01979149730930639
R4_LHS_03,20260813,339,-1.1220000000000003,-0.37767400000001006,-41.230283,Y,0.04439944119834786
R4_LHS_03,20260813,339,-1.1220000000000003,-0.37767400000001006,-41.230283,Z,0.02799590952480856
R4_LHS_03,20260813,340,-1.1220000000000003,-0.37767400000001006,-31.49767250000001,X,0.025642390739354856
R4_LHS_03,20260813,340,-1.1220000000000003,-0.37767400000001006,-31.49767250000001,Y,0.21198730353452724
R4_LHS_03,20260813,340,-1.1220000000000003,-0.37767400000001006,-31.49767250000001,Z,0.028346856396690885
R4_LHS_03,20260813,341,-1.1220000000000003,-0.37767400000001006,-22.599191999999995,X,0.032523033076847604
R4_LHS_03,20260813,341,-1.1220000000000003,-0.37767400000001006,-22.599191999999995,Y,0.1234991064968867
R4_LHS_03,20260813,341,-1.1220000000000003,-0.37767400000001006,-22.599191999999995,Z,0.026388258754053897
R4_LHS_03,20260813,342,-1.1220000000000003,-0.37767400000001006,-17.273026639708853,X,0.03523254982855578
R4_LHS_03,20260813,342,-1.1220000000000003,-0.37767400000001006,-17.273026639708853,Y,0.07437568653439337
R4_LHS_03,20260813,342,-1.1220000000000003,-0.37767400000001006,-17.273026639708853,Z,0.02774515040012846
R4_LHS_03,20260813,343,-1.122,-0.37767400000001,-11.95,X,0.030406616167290807
R4_LHS_03,20260813,343,-1.122,-0.37767400000001,-11.95,Y,0.09772768908701256
R4_LHS_03,20260813,343,-1.122,-0.37767400000001,-11.95,Z,0.027395281611339348
R4_LHS_03,20260813,344,-1.1220000000000003,-0.37767400000001,-5.466528417818748,X,0.04432742426622751
R4_LHS_03,20260813,344,-1.1220000000000003,-0.37767400000001,-5.466528417818748,Y,0.1443821650644935
R4_LHS_03,20260813,344,-1.1220000000000003,-0.37767400000001,-5.466528417818748,Z,0.03126170798827887
R4_LHS_03,20260813,345,-1.122,-0.37767400000001,0.0,X,0.05933763700299781
R4_LHS_03,20260813,345,-1.122,-0.37767400000001,0.0,Y,0.4440642039872234
R4_LHS_03,20260813,345,-1.122,-0.37767400000001,0.0,Z,0.03039852834940003
R4_LHS_03,20260813,346,-0.36460151533454066,-0.37767400000001006,-96.282915415362,X,0.02109816465398765
R4_LHS_03,20260813,346,-0.36460151533454066,-0.37767400000001006,-96.282915415362,Y,0.026280884866862645
R4_LHS_03,20260813,346,-0.36460151533454066,-0.37767400000001006,-96.282915415362,Z,0.023924904006117274
R4_LHS_03,20260813,347,-0.36460151533454066,-0.37767400000001006,-91.282915415362,X,0.020052888641734323
R4_LHS_03,20260813,347,-0.36460151533454066,-0.37767400000001006,-91.282915415362,Y,0.0251845596515234
R4_LHS_03,20260813,347,-0.36460151533454066,-0.37767400000001006,-91.282915415362,Z,0.024927994550745014
R4_LHS_03,20260813,348,-0.36460151533454066,-0.37767400000001006,-86.282915415362,X,0.019043421256112494
R4_LHS_03,20260813,348,-0.36460151533454066,-0.37767400000001006,-86.282915415362,Y,0.026170398986590303
R4_LHS_03,20260813,348,-0.36460151533454066,-0.37767400000001006,-86.282915415362,Z,0.025436843387153674
R4_LHS_03,20260813,349,-0.36460151533454066,-0.37767400000001006,-81.282915415362,X,0.018573544724924396
R4_LHS_03,20260813,349,-0.36460151533454066,-0.37767400000001006,-81.282915415362,Y,0.024670648407043052
R4_LHS_03,20260813,349,-0.36460151533454066,-0.37767400000001006,-81.282915415362,Z,0.025289377611462955
R4_LHS_03,20260813,350,-0.3646015153345409,-0.3776740000000104,-76.282915415362,X,0.018179563571142338
R4_LHS_03,20260813,350,-0.3646015153345409,-0.3776740000000104,-76.282915415362,Y,0.02659192687679744
R4_LHS_03,20260813,350,-0.3646015153345409,-0.3776740000000104,-76.282915415362,Z,0.024412230697039034
R4_LHS_03,20260813,351,-0.3646015153345409,-0.3776740000000104,-71.282915415362,X,0.019116471425068986
R4_LHS_03,20260813,351,-0.3646015153345409,-0.3776740000000104,-71.282915415362,Y,0.02565501139619597
R4_LHS_03,20260813,351,-0.3646015153345409,-0.3776740000000104,-71.282915415362,Z,0.024775705270169115
R4_LHS_03,20260813,352,-0.36460151533454876,-0.37767400000001006,-63.717084584638,X,0.01890144534273608
R4_LHS_03,20260813,352,-0.36460151533454876,-0.37767400000001006,-63.717084584638,Y,0.02453689111627331
R4_LHS_03,20260813,352,-0.36460151533454876,-0.37767400000001006,-63.717084584638,Z,0.025720666691379273
R4_LHS_03,20260813,353,-0.36460151533454876,-0.37767400000001006,-58.717084584638,X,0.019805155359659942
R4_LHS_03,20260813,353,-0.36460151533454876,-0.37767400000001006,-58.717084584638,Y,0.024859691399096787
R4_LHS_03,20260813,353,-0.36460151533454876,-0.37767400000001006,-58.717084584638,Z,0.023948105672920453
R4_LHS_03,20260813,354,-0.36460151533454965,-0.37767400000001006,-53.717084584638,X,0.019554600043412446
R4_LHS_03,20260813,354,-0.36460151533454965,-0.37767400000001006,-53.717084584638,Y,0.023459692182986887
R4_LHS_03,20260813,354,-0.36460151533454965,-0.37767400000001006,-53.717084584638,Z,0.02460104730061058
R4_LHS_03,20260813,355,-0.36460151533454965,-0.37767400000001006,-48.717084584638016,X,0.02010565734202214
R4_LHS_03,20260813,355,-0.36460151533454965,-0.37767400000001006,-48.717084584638016,Y,0.025195503216058155
R4_LHS_03,20260813,355,-0.36460151533454965,-0.37767400000001006,-48.717084584638016,Z,0.024351560926165583
R4_LHS_03,20260813,356,-0.36460151533454965,-0.37767400000001006,-43.717084584638,X,0.019827430854096616
R4_LHS_03,20260813,356,-0.36460151533454965,-0.37767400000001006,-43.717084584638,Y,0.026239128302919627
R4_LHS_03,20260813,356,-0.36460151533454965,-0.37767400000001006,-43.717084584638,Z,0.02679717513214672
R4_LHS_03,20260813,357,-0.36460151533454965,-0.37767400000001006,-38.717084584638,X,0.021063481802988452
R4_LHS_03,20260813,357,-0.36460151533454965,-0.37767400000001006,-38.717084584638,Y,0.034941634223395426
R4_LHS_03,20260813,357,-0.36460151533454965,-0.37767400000001006,-38.717084584638,Z,0.024784079308780127
R4_LHS_03,20260813,358,-0.34521782561916925,-0.3776740000000098,-105.816469186063,X,0.032197512434366915
R4_LHS_03,20260813,358,-0.34521782561916925,-0.3776740000000098,-105.816469186063,Y,0.20013509175553384
R4_LHS_03,20260813,358,-0.34521782561916925,-0.3776740000000098,-105.816469186063,Z,0.025281262742970833
R4_LHS_03,20260813,359,-0.34521782561916925,-0.3776740000000098,-29.183530813936898,X,0.029261012393555358
R4_LHS_03,20260813,359,-0.34521782561916925,-0.3776740000000098,-29.183530813936898,Y,0.3171448827797957
R4_LHS_03,20260813,359,-0.34521782561916925,-0.3776740000000098,-29.183530813936898,Z,0.02542072840226047
R4_LHS_03,20260813,360,-4.440892098500626e-15,-17.092913958612904,-105.816469186063,X,0.0
R4_LHS_03,20260813,360,-4.440892098500626e-15,-17.092913958612904,-105.816469186063,Y,0.0
R4_LHS_03,20260813,360,-4.440892098500626e-15,-17.092913958612904,-105.816469186063,Z,0.0
R4_LHS_03,20260813,361,-4.440892098500626e-15,-17.092913958612904,-29.183530813936898,X,1.0
R4_LHS_03,20260813,361,-4.440892098500626e-15,-17.092913958612904,-29.183530813936898,Y,1.0
R4_LHS_03,20260813,361,-4.440892098500626e-15,-17.092913958612904,-29.183530813936898,Z,0.028644199369963257
R4_LHS_03,20260813,362,5.773159728050813e-15,-15.492978896205498,-104.874035410956,X,0.03299409089585841
R4_LHS_03,20260813,362,5.773159728050813e-15,-15.492978896205498,-104.874035410956,Y,0.029990757702154917
R4_LHS_03,20260813,362,5.773159728050813e-15,-15.492978896205498,-104.874035410956,Z,0.04851117571436347
R4_LHS_03,20260813,363,6.5503158452884236e-15,-15.492978896205498,-30.125964589044507,X,0.020214290524916727
R4_LHS_03,20260813,363,6.5503158452884236e-15,-15.492978896205498,-30.125964589044507,Y,0.03886030700570697
R4_LHS_03,20260813,363,6.5503158452884236e-15,-15.492978896205498,-30.125964589044507,Z,0.02900021144583556
R4_LHS_03,20260813,364,0.0,-14.411382704136601,-107.39601180788802,X,0.05087025607160438
R4_LHS_03,20260813,364,0.0,-14.411382704136601,-107.39601180788802,Y,0.03355743983605944
R4_LHS_03,20260813,364,0.0,-14.411382704136601,-107.39601180788802,Z,0.044197576564268246
R4_LHS_03,20260813,365,0.0,-14.411382704136601,-27.6039881921117,X,0.054488102379345954
R4_LHS_03,20260813,365,0.0,-14.411382704136601,-27.6039881921117,Y,0.07211548663509748
R4_LHS_03,20260813,365,0.0,-14.411382704136601,-27.6039881921117,Z,0.03039361156029185
R4_LHS_03,20260813,366,0.0,-13.4727764561304,-103.684045231469,X,0.022214163607453614
R4_LHS_03,20260813,366,0.0,-13.4727764561304,-103.684045231469,Y,0.030084066678481694
R4_LHS_03,20260813,366,0.0,-13.4727764561304,-103.684045231469,Z,0.04233201878498283
R4_LHS_03,20260813,367,0.0,-13.472776456130378,-31.315954768531373,X,0.017782169577230687
R4_LHS_03,20260813,367,0.0,-13.472776456130378,-31.315954768531373,Y,0.03852368457280677
R4_LHS_03,20260813,367,0.0,-13.472776456130378,-31.315954768531373,Z,0.025782385915369483
R4_LHS_03,20260813,368,3.1086244689504383e-15,-11.878890892058394,-102.745174883207,X,0.01868909416375235
R4_LHS_03,20260813,368,3.1086244689504383e-15,-11.878890892058394,-102.745174883207,Y,0.02986140785637254
R4_LHS_03,20260813,368,3.1086244689504383e-15,-11.878890892058394,-102.745174883207,Z,0.04067686208533309
R4_LHS_03,20260813,369,0.0,-11.878890892058498,-26.112236511081203,X,0.04040875968011441
R4_LHS_03,20260813,369,0.0,-11.878890892058498,-26.112236511081203,Y,0.07415598786167028
R4_LHS_03,20260813,369,0.0,-11.878890892058498,-26.112236511081203,Z,0.032077644078689425
R4_LHS_03,20260813,370,0.0,-11.665732454056494,-109.01332340453145,X,0.035639073570992705
R4_LHS_03,20260813,370,0.0,-11.665732454056494,-109.01332340453145,Y,0.035337800851803006
R4_LHS_03,20260813,370,0.0,-11.665732454056494,-109.01332340453145,Z,0.055799925640663994
R4_LHS_03,20260813,371,0.0,-11.665732454056775,-32.38038503240548,X,0.015308614376968377
R4_LHS_03,20260813,371,0.0,-11.665732454056775,-32.38038503240548,Y,0.03827115606640167
R4_LHS_03,20260813,371,0.0,-11.665732454056775,-32.38038503240548,Z,0.025884676515198515
R4_LHS_03,20260813,372,0.0,-10.071846889984645,-109.95219375279255,X,0.04032340894380795
R4_LHS_03,20260813,372,0.0,-10.071846889984645,-109.95219375279255,Y,0.03548662180190527
R4_LHS_03,20260813,372,0.0,-10.071846889984645,-109.95219375279255,Z,0.061345295446836465
R4_LHS_03,20260813,373,8.881784197001252e-15,-10.0718468899849,-101.68074461933298,X,0.015075610896043708
R4_LHS_03,20260813,373,8.881784197001252e-15,-10.0718468899849,-101.68074461933298,Y,0.02849889273122651
R4_LHS_03,20260813,373,8.881784197001252e-15,-10.0718468899849,-101.68074461933298,Z,0.03439009485328192
R4_LHS_03,20260813,374,0.0,-10.071846889984874,-33.31925538066669,X,0.013182805640989054
R4_LHS_03,20260813,374,0.0,-10.071846889984874,-33.31925538066669,Y,0.03696433321901867
R4_LHS_03,20260813,374,0.0,-10.071846889984874,-33.31925538066669,Z,0.024927636563357065
R4_LHS_03,20260813,375,0.0,-10.0718468899849,-25.047806247207202,X,0.04914396145172204
R4_LHS_03,20260813,375,0.0,-10.0718468899849,-25.047806247207202,Y,0.07296889453263253
R4_LHS_03,20260813,375,0.0,-10.0718468899849,-25.047806247207202,Z,0.030547405840094584
R4_LHS_03,20260813,376,-7.771561172376095e-16,-9.310524288256191,-110.40064703722899,X,0.034719676635511024
R4_LHS_03,20260813,376,-7.771561172376095e-16,-9.310524288256191,-110.40064703722899,Y,0.035076457478925155
R4_LHS_03,20260813,376,-7.771561172376095e-16,-9.310524288256191,-110.40064703722899,Z,0.058727413806854936
R4_LHS_03,20260813,377,0.0,-9.310524288256179,-24.5993529627705,X,0.04051203211250971
R4_LHS_03,20260813,377,0.0,-9.310524288256179,-24.5993529627705,Y,0.07160805206972595
R4_LHS_03,20260813,377,0.0,-9.310524288256179,-24.5993529627705,Z,0.03458956381404213
R4_LHS_03,20260813,378,6.550315845288423e-15,-9.088897537958939,-100.33202399189898,X,0.015090975140019839
R4_LHS_03,20260813,378,6.550315845288423e-15,-9.088897537958939,-100.33202399189898,Y,0.025904836519684518
R4_LHS_03,20260813,378,6.550315845288423e-15,-9.088897537958939,-100.33202399189898,Z,0.03464480650965376
R4_LHS_03,20260813,379,0.0,-9.061407718357515,-34.7796420719627,X,0.013157228007875714
R4_LHS_03,20260813,379,0.0,-9.061407718357515,-34.7796420719627,Y,0.03403808842880859
R4_LHS_03,20260813,379,0.0,-9.061407718357515,-34.7796420719627,Z,0.022990760571291156
R4_LHS_03,20260813,380,0.0,-8.546456958612909,-105.816469186063,X,0.022174896223475477
R4_LHS_03,20260813,380,0.0,-8.546456958612909,-105.816469186063,Y,0.16211832466374484
R4_LHS_03,20260813,380,0.0,-8.546456958612909,-105.816469186063,Z,0.041664352108141414
R4_LHS_03,20260813,381,0.0,-8.546456958612909,-29.183530813936898,X,0.024408628178988784
R4_LHS_03,20260813,381,0.0,-8.546456958612909,-29.183530813936898,Y,0.23262870925195267
R4_LHS_03,20260813,381,0.0,-8.546456958612909,-29.183530813936898,Z,0.032687327445361083
R4_LHS_03,20260813,382,0.0,-8.4917979363184,-23.78830678977009,X,0.041129888660724694
R4_LHS_03,20260813,382,0.0,-8.4917979363184,-23.78830678977009,Y,0.06719489561327427
R4_LHS_03,20260813,382,0.0,-8.4917979363184,-23.78830678977009,Z,0.032897246736553594
R4_LHS_03,20260813,383,7.993605777301127e-15,-8.328744265502182,-97.24421457382029,X,0.015750713244799583
R4_LHS_03,20260813,383,7.993605777301127e-15,-8.328744265502182,-97.24421457382029,Y,0.023735387279161857
R4_LHS_03,20260813,383,7.993605777301127e-15,-8.328744265502182,-97.24421457382029,Z,0.031109429400841087
R4_LHS_03,20260813,384,0.0,-8.09209277502036,-91.282915584638,X,0.01331828467290801
R4_LHS_03,20260813,384,0.0,-8.09209277502036,-91.282915584638,Y,0.024084116284023786
R4_LHS_03,20260813,384,0.0,-8.09209277502036,-91.282915584638,Z,0.03232572032018025
R4_LHS_03,20260813,385,5.218048215738235e-15,-8.09209277502038,-85.63302458463801,X,0.01351296103830306
R4_LHS_03,20260813,385,5.218048215738235e-15,-8.09209277502038,-85.63302458463801,Y,0.02458542780181872
R4_LHS_03,20260813,385,5.218048215738235e-15,-8.09209277502038,-85.63302458463801,Z,0.03196678392568896
R4_LHS_03,20260813,386,5.218048215738235e-15,-8.09209277502038,-77.153024584638,X,0.012826403998903895
R4_LHS_03,20260813,386,5.218048215738235e-15,-8.09209277502038,-77.153024584638,Y,0.025039393842522274
R4_LHS_03,20260813,386,5.218048215738235e-15,-8.09209277502038,-77.153024584638,Z,0.029207294735432182
R4_LHS_03,20260813,387,5.218048215738235e-15,-8.09209277502038,-71.853024584638,X,0.015155256333515242
R4_LHS_03,20260813,387,5.218048215738235e-15,-8.09209277502038,-71.853024584638,Y,0.024967626080297813
R4_LHS_03,20260813,387,5.218048215738235e-15,-8.09209277502038,-71.853024584638,Z,0.027112306359586485
R4_LHS_03,20260813,388,0.0,-8.092092775020351,-66.55302458463801,X,0.013360023588274712
R4_LHS_03,20260813,388,0.0,-8.092092775020351,-66.55302458463801,Y,0.024418133005772787
R4_LHS_03,20260813,388,0.0,-8.092092775020351,-66.55302458463801,Z,0.02902386565745996
R4_LHS_03,20260813,389,0.0,-8.092092775020355,-61.253024584638005,X,0.012995517683198128
R4_LHS_03,20260813,389,0.0,-8.092092775020355,-61.253024584638005,Y,0.024045240486482676
R4_LHS_03,20260813,389,0.0,-8.092092775020355,-61.253024584638005,Z,0.025415896926546746
R4_LHS_03,20260813,390,0.0,-8.092092775020358,-56.068024584638,X,0.012559950605954492
R4_LHS_03,20260813,390,0.0,-8.092092775020358,-56.068024584638,Y,0.02366038739595178
R4_LHS_03,20260813,390,0.0,-8.092092775020358,-56.068024584638,Z,0.02448089506872434
R4_LHS_03,20260813,391,0.0,-8.092092775020362,-51.228024584638,X,0.011655758835473252
R4_LHS_03,20260813,391,0.0,-8.092092775020362,-51.228024584638,Y,0.023764924247211265
R4_LHS_03,20260813,391,0.0,-8.092092775020362,-51.228024584638,Z,0.022949993319581054
R4_LHS_03,20260813,392,0.0,-8.092092775020365,-46.228024584638,X,0.010817136044500799
R4_LHS_03,20260813,392,0.0,-8.092092775020365,-46.228024584638,Y,0.02481360256735351
R4_LHS_03,20260813,392,0.0,-8.092092775020365,-46.228024584638,Z,0.024369326254612727
R4_LHS_03,20260813,393,0.0,-8.09209277502037,-38.717084584638,X,0.01647947429120494
R4_LHS_03,20260813,393,0.0,-8.09209277502037,-38.717084584638,Y,0.030405892760803844
R4_LHS_03,20260813,393,0.0,-8.09209277502037,-38.717084584638,Z,0.02531904792363174
R4_LHS_03,20260813,394,0.0,-7.9224947009118205,-111.775656015703,X,0.03466751944939568
R4_LHS_03,20260813,394,0.0,-7.9224947009118205,-111.775656015703,Y,0.033285531081928575
R4_LHS_03,20260813,394,0.0,-7.9224947009118205,-111.775656015703,Z,0.041545312006901376
R4_LHS_03,20260813,395,3.3306690738754696e-15,-7.809337948944436,-23.11224871532861,X,0.03789447944286697
R4_LHS_03,20260813,395,3.3306690738754696e-15,-7.809337948944436,-23.11224871532861,Y,0.061560741021971885
R4_LHS_03,20260813,395,3.3306690738754696e-15,-7.809337948944436,-23.11224871532861,Z,0.034738565515079374
R4_LHS_03,20260813,396,0.0,-6.597407886379823,-113.08831266499183,X,0.032072991198905124
R4_LHS_03,20260813,396,0.0,-6.597407886379823,-113.08831266499183,Y,0.03145287936196447
R4_LHS_03,20260813,396,0.0,-6.597407886379823,-113.08831266499183,Z,0.03863574433088181
R4_LHS_03,20260813,397,0.0,-6.59740788637999,-21.9116873350083,X,0.035279510321736825
R4_LHS_03,20260813,397,0.0,-6.59740788637999,-21.9116873350083,Y,0.05741747307949565
R4_LHS_03,20260813,397,0.0,-6.59740788637999,-21.9116873350083,Z,0.028934702622686888
R4_LHS_03,20260813,398,0.0,-5.272321071848141,-114.400969314281,X,0.03295443206313107
R4_LHS_03,20260813,398,0.0,-5.272321071848141,-114.400969314281,Y,0.031310291611641734
R4_LHS_03,20260813,398,0.0,-5.272321071848141,-114.400969314281,Z,0.033245955459874514
R4_LHS_03,20260813,399,0.0,-5.27232107184816,-20.5990306857192,X,0.040311214004233334
R4_LHS_03,20260813,399,0.0,-5.27232107184816,-20.5990306857192,Y,0.053592172594547766
R4_LHS_03,20260813,399,0.0,-5.27232107184816,-20.5990306857192,Z,0.026557551807357933
R4_LHS_03,20260813,400,0.0,-4.526989503240041,-115.469377062222,X,0.03225378961586894
R4_LHS_03,20260813,400,0.0,-4.526989503240041,-115.469377062222,Y,0.03087684525828903
R4_LHS_03,20260813,400,0.0,-4.526989503240041,-115.469377062222,Z,0.0314632316880977
R4_LHS_03,20260813,401,0.0,-4.296812357623591,-19.200671737354472,X,0.04317733892117572
R4_LHS_03,20260813,401,0.0,-4.296812357623591,-19.200671737354472,Y,0.05232797202880696
R4_LHS_03,20260813,401,0.0,-4.296812357623591,-19.200671737354472,Z,0.02575484051341409
R4_LHS_03,20260813,402,0.0,-4.046046387510175,-67.5,X,0.013834552762073401
R4_LHS_03,20260813,402,0.0,-4.046046387510175,-67.5,Y,0.02457118730235659
R4_LHS_03,20260813,402,0.0,-4.046046387510175,-67.5,Z,0.023820272722090627
R4_LHS_03,20260813,403,3.9968028886505635e-15,-3.1173694198005193,-117.70109587745299,X,0.036558680553201495
R4_LHS_03,20260813,403,3.9968028886505635e-15,-3.1173694198005193,-117.70109587745299,Y,0.03224962408498785
R4_LHS_03,20260813,403,3.9968028886505635e-15,-3.1173694198005193,-117.70109587745299,Z,0.03189817024978117
R4_LHS_03,20260813,404,3.1086244689504383e-15,-3.1173694198005286,-17.298904122547004,X,0.048848274544238235
R4_LHS_03,20260813,404,3.1086244689504383e-15,-3.1173694198005286,-17.298904122547004,Y,0.052376765373213084
R4_LHS_03,20260813,404,3.1086244689504383e-15,-3.1173694198005286,-17.298904122547004,Z,0.024763726225561326
R4_LHS_03,20260813,405,0.0,-2.226,-135.0,X,0.0
R4_LHS_03,20260813,405,0.0,-2.226,-135.0,Y,1.0
R4_LHS_03,20260813,405,0.0,-2.226,-135.0,Z,0.028032307366227572
R4_LHS_03,20260813,406,0.0,-2.226,-130.22,X,0.058157578384079374
R4_LHS_03,20260813,406,0.0,-2.226,-130.22,Y,0.08251626384471847
R4_LHS_03,20260813,406,0.0,-2.226,-130.22,Z,0.028288723195167145
R4_LHS_03,20260813,407,0.0,-2.226,-125.44,X,0.049661180710649615
R4_LHS_03,20260813,407,0.0,-2.226,-125.44,Y,0.05178781400449299
R4_LHS_03,20260813,407,0.0,-2.226,-125.44,Z,0.0280576923482669
R4_LHS_03,20260813,408,0.0,-2.226,-120.33,X,0.045073833902849546
R4_LHS_03,20260813,408,0.0,-2.226,-120.33,Y,0.040417225985709876
R4_LHS_03,20260813,408,0.0,-2.226,-120.33,Z,0.027980237961990746
R4_LHS_03,20260813,409,0.0,-2.226,-14.67,X,0.052305005935060614
R4_LHS_03,20260813,409,0.0,-2.226,-14.67,Y,0.05839046672081373
R4_LHS_03,20260813,409,0.0,-2.226,-14.67,Z,0.026724480548238574
R4_LHS_03,20260813,410,0.0,-2.226,-9.56,X,0.05141108819472014
R4_LHS_03,20260813,410,0.0,-2.226,-9.56,Y,0.07438978069168445
R4_LHS_03,20260813,410,0.0,-2.226,-9.56,Z,0.03349115171364362
R4_LHS_03,20260813,411,0.0,-2.226,-4.78,X,0.052972180217183
R4_LHS_03,20260813,411,0.0,-2.226,-4.78,Y,0.08277532242701519
R4_LHS_03,20260813,411,0.0,-2.226,-4.78,Z,0.03406113522470725
R4_LHS_03,20260813,412,0.0,-2.226,0.0,X,0.0
R4_LHS_03,20260813,412,0.0,-2.226,0.0,Y,0.0
R4_LHS_03,20260813,412,0.0,-2.226,0.0,Z,0.03622350240889887
R4_LHS_03,20260813,413,0.0,-1.1136740000000003,-120.33,X,0.038138631807573146
R4_LHS_03,20260813,413,0.0,-1.1136740000000003,-120.33,Y,0.04118162538835269
R4_LHS_03,20260813,413,0.0,-1.1136740000000003,-120.33,Z,0.02811545324473853
R4_LHS_03,20260813,414,0.0,-1.113674,-14.67,X,0.04345332404929803
R4_LHS_03,20260813,414,0.0,-1.113674,-14.67,Y,0.05952168120957212
R4_LHS_03,20260813,414,0.0,-1.113674,-14.67,Z,0.02844748370843142
R4_LHS_03,20260813,415,0.0,-1.1129999999999984,-133.805,X,0.05149003672720153
R4_LHS_03,20260813,415,0.0,-1.1129999999999984,-133.805,Y,0.12817051783003533
R4_LHS_03,20260813,415,0.0,-1.1129999999999984,-133.805,Z,0.02701173171883152
R4_LHS_03,20260813,416,0.0,-1.113000000000006,-126.63499999999999,X,0.03348094736028317
R4_LHS_03,20260813,416,0.0,-1.113000000000006,-126.63499999999999,Y,0.05499073561585088
R4_LHS_03,20260813,416,0.0,-1.113000000000006,-126.63499999999999,Z,0.025897843872960506
R4_LHS_03,20260813,417,0.0,-1.1130000000000002,-8.365000000000002,X,0.03650235948500314
R4_LHS_03,20260813,417,0.0,-1.1130000000000002,-8.365000000000002,Y,0.07608406241445409
R4_LHS_03,20260813,417,0.0,-1.1130000000000002,-8.365000000000002,Z,0.02820493150266268
R4_LHS_03,20260813,418,0.0,-1.1129999999999993,-1.1950000000000003,X,0.06068840479834697
R4_LHS_03,20260813,418,0.0,-1.1129999999999993,-1.1950000000000003,Y,0.14199237291933242
R4_LHS_03,20260813,418,0.0,-1.1129999999999993,-1.1950000000000003,Z,0.025702438261119998
R4_LHS_03,20260813,419,0.0,-0.37767400000001,-123.05000000000001,X,0.02458902422115908
R4_LHS_03,20260813,419,0.0,-0.37767400000001,-123.05000000000001,Y,0.04851667210682954
R4_LHS_03,20260813,419,0.0,-0.37767400000001,-123.05000000000001,Z,0.027271482776068053
R4_LHS_03,20260813,420,0.0,-0.3776740000000102,-96.282915415362,X,0.021063356129672608
R4_LHS_03,20260813,420,0.0,-0.3776740000000102,-96.282915415362,Y,0.024827911615260094
R4_LHS_03,20260813,420,0.0,-0.3776740000000102,-96.282915415362,Z,0.024056646409070077
R4_LHS_03,20260813,421,0.0,-0.37767400000001,-81.282915415362,X,0.018568613407729605
R4_LHS_03,20260813,421,0.0,-0.37767400000001,-81.282915415362,Y,0.024617765513109114
R4_LHS_03,20260813,421,0.0,-0.37767400000001,-81.282915415362,Z,0.02376971564921134
R4_LHS_03,20260813,422,0.0,-0.37767400000001,-48.717084584638,X,0.020089757733793463
R4_LHS_03,20260813,422,0.0,-0.37767400000001,-48.717084584638,Y,0.024315134360092788
R4_LHS_03,20260813,422,0.0,-0.37767400000001,-48.717084584638,Z,0.024241241277693663
R4_LHS_03,20260813,423,-4.440892098500626e-15,-0.37767400000001,-14.669999999999993,X,0.030783628858465212
R4_LHS_03,20260813,423,-4.440892098500626e-15,-0.37767400000001,-14.669999999999993,Y,0.05997294543524063
R4_LHS_03,20260813,423,-4.440892098500626e-15,-0.37767400000001,-14.669999999999993,Z,0.025791619806560084
R4_LHS_03,20260813,424,1.0058735712501201e-14,-0.37767400000001,-4.78,X,0.04389715926045124
R4_LHS_03,20260813,424,1.0058735712501201e-14,-0.37767400000001,-4.78,Y,0.0861380157790331
R4_LHS_03,20260813,424,1.0058735712501201e-14,-0.37767400000001,-4.78,Z,0.025258959550214396
R4_LHS_03,20260813,425,0.0,0.0,-132.61,X,0.10260978046745858
R4_LHS_03,20260813,425,0.0,0.0,-132.61,Y,0.1168626076533102
R4_LHS_03,20260813,425,0.0,0.0,-132.61,Z,0.02596450863636858
R4_LHS_03,20260813,426,0.0,0.0,-127.83,X,0.07101369985926126
R4_LHS_03,20260813,426,0.0,0.0,-127.83,Y,0.06047605247679727
R4_LHS_03,20260813,426,0.0,0.0,-127.83,Z,0.02447302901485896
R4_LHS_03,20260813,427,3.996802888650564e-15,5.717673043901034e-15,-114.31,X,0.042092833145152095
R4_LHS_03,20260813,427,3.996802888650564e-15,5.717673043901034e-15,-114.31,Y,0.033450873696377614
R4_LHS_03,20260813,427,3.996802888650564e-15,5.717673043901034e-15,-114.31,Z,0.026414559499784062
R4_LHS_03,20260813,428,3.9968028886505635e-15,5.7176730439010165e-15,-107.95,X,0.041477255139621666
R4_LHS_03,20260813,428,3.9968028886505635e-15,5.7176730439010165e-15,-107.95,Y,0.08242659729431902
R4_LHS_03,20260813,428,3.9968028886505635e-15,5.7176730439010165e-15,-107.95,Z,0.024151940721604558
R4_LHS_03,20260813,429,0.0,1.573175648209105e-14,-100.64499999999998,X,0.023148952434737486
R4_LHS_03,20260813,429,0.0,1.573175648209105e-14,-100.64499999999998,Y,0.024249173355271363
R4_LHS_03,20260813,429,0.0,1.573175648209105e-14,-100.64499999999998,Z,0.024131046197194504
R4_LHS_03,20260813,430,3.9968028886505635e-15,5.717673043901012e-15,-90.99,X,0.021614398961679233
R4_LHS_03,20260813,430,3.9968028886505635e-15,5.717673043901012e-15,-90.99,Y,0.024652556586775447
R4_LHS_03,20260813,430,3.9968028886505635e-15,5.717673043901012e-15,-90.99,Z,0.026037545071433608
R4_LHS_03,20260813,431,3.9968028886505635e-15,5.71767304390102e-15,-85.69,X,0.021132592141510313
R4_LHS_03,20260813,431,3.9968028886505635e-15,5.71767304390102e-15,-85.69,Y,0.025107423261793698
R4_LHS_03,20260813,431,3.9968028886505635e-15,5.71767304390102e-15,-85.69,Z,0.02573923068287446
R4_LHS_03,20260813,432,0.0,1.573175648209105e-14,-74.145,X,0.019083847453217864
R4_LHS_03,20260813,432,0.0,1.573175648209105e-14,-74.145,Y,0.025788330208762974
R4_LHS_03,20260813,432,0.0,1.573175648209105e-14,-74.145,Z,0.02485885791315674
R4_LHS_03,20260813,433,0.0,1.573175648209105e-14,-65.665,X,0.019889330662535697
R4_LHS_03,20260813,433,0.0,1.573175648209105e-14,-65.665,Y,0.024500735801711773
R4_LHS_03,20260813,433,0.0,1.573175648209105e-14,-65.665,Z,0.02465317073623329
R4_LHS_03,20260813,434,0.0,1.573175648209105e-14,-60.365,X,0.020442590083637698
R4_LHS_03,20260813,434,0.0,1.573175648209105e-14,-60.365,Y,0.02410218516203442
R4_LHS_03,20260813,434,0.0,1.573175648209105e-14,-60.365,Z,0.026688543437014427
R4_LHS_03,20260813,435,0.0,1.573175648209105e-14,-55.065,X,0.020522479997453262
R4_LHS_03,20260813,435,0.0,1.573175648209105e-14,-55.065,Y,0.023575483604699115
R4_LHS_03,20260813,435,0.0,1.573175648209105e-14,-55.065,Z,0.02856355627149463
R4_LHS_03,20260813,436,0.0,9.961323865391232e-15,-42.230000000000004,X,0.02275844850841706
R4_LHS_03,20260813,436,0.0,9.961323865391232e-15,-42.230000000000004,Y,0.02690480781762849
R4_LHS_03,20260813,436,0.0,9.961323865391232e-15,-42.230000000000004,Z,0.02825758533226732
R4_LHS_03,20260813,437,0.0,6.937866893910912e-15,-33.865,X,0.024026103820338787
R4_LHS_03,20260813,437,0.0,6.937866893910912e-15,-33.865,Y,0.03419922291233205
R4_LHS_03,20260813,437,0.0,6.937866893910912e-15,-33.865,Z,0.030994858830826637
R4_LHS_03,20260813,438,0.0,4.5975340917190325e-15,-27.390000000000004,X,0.03900933738900421
R4_LHS_03,20260813,438,0.0,4.5975340917190325e-15,-27.390000000000004,Y,0.16661470847282148
R4_LHS_03,20260813,438,0.0,4.5975340917190325e-15,-27.390000000000004,Z,0.02374735130881139
R4_LHS_03,20260813,439,0.0,2.298767045859517e-15,-21.030000000000005,X,0.05106707991051974
R4_LHS_03,20260813,439,0.0,2.298767045859517e-15,-21.030000000000005,Y,0.058492838429251244
R4_LHS_03,20260813,439,0.0,2.298767045859517e-15,-21.030000000000005,Z,0.02605742948463856
R4_LHS_03,20260813,440,0.0,0.0,-9.56,X,0.06848020448471151
R4_LHS_03,20260813,440,0.0,0.0,-9.56,Y,0.07578680706470103
R4_LHS_03,20260813,440,0.0,0.0,-9.56,Z,0.022330912533754414
R4_LHS_03,20260813,441,0.0,0.0,0.0,X,0.10687964035794645
R4_LHS_03,20260813,441,0.0,0.0,0.0,Y,0.438058826932027
R4_LHS_03,20260813,441,0.0,0.0,0.0,Z,0.024411795491562707
R4_LHS_03,20260813,442,0.52400000000001,-17.092913958612904,-105.81646918606299,X,0.0
R4_LHS_03,20260813,442,0.52400000000001,-17.092913958612904,-105.81646918606299,Y,0.0
R4_LHS_03,20260813,442,0.52400000000001,-17.092913958612904,-105.81646918606299,Z,0.0
R4_LHS_03,20260813,443,0.52400000000001,-17.0929139586129,-29.183530813936898,X,1.0
R4_LHS_03,20260813,443,0.52400000000001,-17.0929139586129,-29.183530813936898,Y,0.0
R4_LHS_03,20260813,443,0.52400000000001,-17.0929139586129,-29.183530813936898,Z,0.03012838448604154
R4_LHS_03,20260813,444,0.5239999999999996,-16.127119864078097,-106.38536538433698,X,0.06400262524252288
R4_LHS_03,20260813,444,0.5239999999999996,-16.127119864078097,-106.38536538433698,Y,0.03311010801439789
R4_LHS_03,20260813,444,0.5239999999999996,-16.127119864078097,-106.38536538433698,Z,0.049998689741331134
R4_LHS_03,20260813,445,0.5240000000000028,-16.127119864078104,-28.6146346156628,X,0.06567081053599264
R4_LHS_03,20260813,445,0.5240000000000028,-16.127119864078104,-28.6146346156628,Y,0.049381184335990154
R4_LHS_03,20260813,445,0.5240000000000028,-16.127119864078104,-28.6146346156628,Z,0.02686648354421863
R4_LHS_03,20260813,446,0.5240000000000075,-14.320075862004604,-107.44979564821098,X,0.045276903320058084
R4_LHS_03,20260813,446,0.5240000000000075,-14.320075862004604,-107.44979564821098,Y,0.0311291875742525
R4_LHS_03,20260813,446,0.5240000000000075,-14.320075862004604,-107.44979564821098,Z,0.039960842746336475
R4_LHS_03,20260813,447,0.52400000000001,-14.32007586200458,-30.81685727608508,X,0.01920461738371838
R4_LHS_03,20260813,447,0.52400000000001,-14.32007586200458,-30.81685727608508,Y,0.03720137689842704
R4_LHS_03,20260813,447,0.52400000000001,-14.32007586200458,-30.81685727608508,Z,0.026037061061096087
R4_LHS_03,20260813,448,0.52400000000001,-12.7261902979327,-108.388665996472,X,0.037677115999165324
R4_LHS_03,20260813,448,0.52400000000001,-12.7261902979327,-108.388665996472,Y,0.030998295731076927
R4_LHS_03,20260813,448,0.52400000000001,-12.7261902979327,-108.388665996472,Z,0.037724304209856674
R4_LHS_03,20260813,449,0.52400000000001,-12.726190297932698,-26.611334003527517,X,0.03964600260990958
R4_LHS_03,20260813,449,0.52400000000001,-12.726190297932698,-26.611334003527517,Y,0.04650597445237137
R4_LHS_03,20260813,449,0.52400000000001,-12.726190297932698,-26.611334003527517,Z,0.026782200033670583
R4_LHS_03,20260813,450,0.52400000000001,-12.513031859931099,-103.11871246004101,X,0.02113897389522871
R4_LHS_03,20260813,450,0.52400000000001,-12.513031859931099,-103.11871246004101,Y,0.02990865096694763
R4_LHS_03,20260813,450,0.52400000000001,-12.513031859931099,-103.11871246004101,Z,0.034328315601333245
R4_LHS_03,20260813,451,0.52400000000001,-12.513031859931058,-31.881287539959136,X,0.01697515140374987
R4_LHS_03,20260813,451,0.52400000000001,-12.513031859931058,-31.881287539959136,Y,0.03880931393744206
R4_LHS_03,20260813,451,0.52400000000001,-12.513031859931058,-31.881287539959136,Z,0.02459190987275328
R4_LHS_03,20260813,452,0.52400000000001,-10.9191462958591,-109.45309626034701,X,0.036350795096316495
R4_LHS_03,20260813,452,0.52400000000001,-10.9191462958591,-109.45309626034701,Y,0.030123499791042334
R4_LHS_03,20260813,452,0.52400000000001,-10.9191462958591,-109.45309626034701,Z,0.03138906754867124
R4_LHS_03,20260813,453,0.52400000000001,-10.91914629585914,-25.546903739653438,X,0.042965340049316375
R4_LHS_03,20260813,453,0.52400000000001,-10.91914629585914,-25.546903739653438,Y,0.04493066815495054
R4_LHS_03,20260813,453,0.52400000000001,-10.91914629585914,-25.546903739653438,Z,0.02689815498697198
R4_LHS_03,20260813,454,0.52400000000001,-10.7059878578575,-102.05428219616698,X,0.0171328031163241
R4_LHS_03,20260813,454,0.52400000000001,-10.7059878578575,-102.05428219616698,Y,0.02883771651833246
R4_LHS_03,20260813,454,0.52400000000001,-10.7059878578575,-102.05428219616698,Z,0.032394175547203266
R4_LHS_03,20260813,455,0.52400000000001,-10.705987857857497,-32.94571780383322,X,0.014328453473648375
R4_LHS_03,20260813,455,0.52400000000001,-10.705987857857497,-32.94571780383322,Y,0.038110412841474935
R4_LHS_03,20260813,455,0.52400000000001,-10.705987857857497,-32.94571780383322,Z,0.024921829117181
R4_LHS_03,20260813,456,0.52400000000001,-9.310524288256177,-110.40064703722899,X,0.03327708933641834
R4_LHS_03,20260813,456,0.52400000000001,-9.310524288256177,-110.40064703722899,Y,0.029621786727610015
R4_LHS_03,20260813,456,0.52400000000001,-9.310524288256177,-110.40064703722899,Z,0.03368560102034059
R4_LHS_03,20260813,457,0.52400000000001,-9.310524288256172,-33.767708665103314,X,0.013171666621770823
R4_LHS_03,20260813,457,0.52400000000001,-9.310524288256172,-33.767708665103314,Y,0.03607478241398371
R4_LHS_03,20260813,457,0.52400000000001,-9.310524288256172,-33.767708665103314,Z,0.023310578852930027
R4_LHS_03,20260813,458,0.52400000000001,-9.310524288256179,-24.5993529627705,X,0.03725830394111854
R4_LHS_03,20260813,458,0.52400000000001,-9.310524288256179,-24.5993529627705,Y,0.04484153830937998
R4_LHS_03,20260813,458,0.52400000000001,-9.310524288256179,-24.5993529627705,Z,0.029940830442763012
R4_LHS_03,20260813,459,0.52400000000001,-9.24307956963641,-100.95832495877299,X,0.015137156145978761
R4_LHS_03,20260813,459,0.52400000000001,-9.24307956963641,-100.95832495877299,Y,0.026937844522170053
R4_LHS_03,20260813,459,0.52400000000001,-9.24307956963641,-100.95832495877299,Z,0.029106318248444084
R4_LHS_03,20260813,460,0.5240000000000034,-8.568745437008012,-111.13546752651,X,0.03413137761688577
R4_LHS_03,20260813,460,0.5240000000000034,-8.568745437008012,-111.13546752651,Y,0.029224230532485677
R4_LHS_03,20260813,460,0.5240000000000034,-8.568745437008012,-111.13546752651,Z,0.032470304443197776
R4_LHS_03,20260813,461,0.52400000000001,-8.568745437008044,-23.864532473490385,X,0.037689745247014836
R4_LHS_03,20260813,461,0.52400000000001,-8.568745437008044,-23.864532473490385,Y,0.04402084739768132
R4_LHS_03,20260813,461,0.52400000000001,-8.568745437008044,-23.864532473490385,Z,0.026343967327112645
R4_LHS_03,20260813,462,0.5240000000000061,-8.20205205342605,-38.2704203291927,X,0.013788096701408802
R4_LHS_03,20260813,462,0.5240000000000061,-8.20205205342605,-38.2704203291927,Y,0.027910574292223836
R4_LHS_03,20260813,462,0.5240000000000061,-8.20205205342605,-38.2704203291927,Z,0.024563713511622284
R4_LHS_03,20260813,463,0.524000000000004,-8.092092775020351,-95.67761058463803,X,0.015866411867516354
R4_LHS_03,20260813,463,0.524000000000004,-8.092092775020351,-95.67761058463803,Y,0.022342094219975545
R4_LHS_03,20260813,463,0.524000000000004,-8.092092775020351,-95.67761058463803,Z,0.027550576235408783
R4_LHS_03,20260813,464,0.52400000000001,-8.09209277502036,-87.31261058463801,X,0.013182148819318208
R4_LHS_03,20260813,464,0.52400000000001,-8.09209277502036,-87.31261058463801,Y,0.022774689541406132
R4_LHS_03,20260813,464,0.52400000000001,-8.09209277502036,-87.31261058463801,Z,0.027446104229659377
R4_LHS_03,20260813,465,0.524000000000004,-8.092092775020351,-79.77761058463801,X,0.013002604834730615
R4_LHS_03,20260813,465,0.524000000000004,-8.092092775020351,-79.77761058463801,Y,0.023410895120250377
R4_LHS_03,20260813,465,0.524000000000004,-8.092092775020351,-79.77761058463801,Z,0.02789200624032194
R4_LHS_03,20260813,466,0.52400000000001,-8.09209277502036,-71.412610584638,X,0.015376716568614465
R4_LHS_03,20260813,466,0.52400000000001,-8.09209277502036,-71.412610584638,Y,0.023720326511836438
R4_LHS_03,20260813,466,0.52400000000001,-8.09209277502036,-71.412610584638,Z,0.026505899347476564
R4_LHS_03,20260813,467,0.52400000000001,-8.092092775020355,-61.757610584638016,X,0.01308048670053864
R4_LHS_03,20260813,467,0.52400000000001,-8.092092775020355,-61.757610584638016,Y,0.0233510875203993
R4_LHS_03,20260813,467,0.52400000000001,-8.092092775020355,-61.757610584638016,Z,0.025170633581791474
R4_LHS_03,20260813,468,0.52400000000001,-8.092092775020358,-56.45761058463802,X,0.012761166799873738
R4_LHS_03,20260813,468,0.52400000000001,-8.092092775020358,-56.45761058463802,Y,0.023271300094539583
R4_LHS_03,20260813,468,0.52400000000001,-8.092092775020358,-56.45761058463802,Z,0.024345871305176174
R4_LHS_03,20260813,469,0.52400000000001,-8.092092775020362,-51.15761058463802,X,0.011734517058651195
R4_LHS_03,20260813,469,0.52400000000001,-8.092092775020362,-51.15761058463802,Y,0.023537616452811116
R4_LHS_03,20260813,469,0.52400000000001,-8.092092775020362,-51.15761058463802,Z,0.02284452600620983
R4_LHS_03,20260813,470,0.52400000000001,-8.092092775020365,-44.797610584638015,X,0.011712966066285671
R4_LHS_03,20260813,470,0.52400000000001,-8.092092775020365,-44.797610584638015,Y,0.02455416653125089
R4_LHS_03,20260813,470,0.52400000000001,-8.092092775020365,-44.797610584638015,Z,0.02262042119822914
R4_LHS_03,20260813,471,0.52400000000001,-7.243434126255018,-112.44834656610105,X,0.03319957058103285
R4_LHS_03,20260813,471,0.52400000000001,-7.243434126255018,-112.44834656610105,Y,0.028826044315515963
R4_LHS_03,20260813,471,0.52400000000001,-7.243434126255018,-112.44834656610105,Z,0.028730305751684993
R4_LHS_03,20260813,472,0.52400000000001,-7.243434126254982,-22.55165343389877,X,0.03609902421648121
R4_LHS_03,20260813,472,0.52400000000001,-7.243434126254982,-22.55165343389877,Y,0.043201703212930154
R4_LHS_03,20260813,472,0.52400000000001,-7.243434126254982,-22.55165343389877,Z,0.025260851862433514
R4_LHS_03,20260813,473,0.52400000000001,-6.024666874978042,-21.34431900208669,X,0.03649104157352329
R4_LHS_03,20260813,473,0.52400000000001,-6.024666874978042,-21.34431900208669,Y,0.042998974477276394
R4_LHS_03,20260813,473,0.52400000000001,-6.024666874978042,-21.34431900208669,Z,0.024451629570651938
R4_LHS_03,20260813,474,0.52400000000001,-5.918122815501852,-113.76122560569299,X,0.03172918695769311
R4_LHS_03,20260813,474,0.52400000000001,-5.918122815501852,-113.76122560569299,Y,0.029019056074507773
R4_LHS_03,20260813,474,0.52400000000001,-5.918122815501852,-113.76122560569299,Z,0.025081755496169755
R4_LHS_03,20260813,475,0.5240000000000179,-4.883360286995657,-114.95853152375214,X,0.03227390773055332
R4_LHS_03,20260813,475,0.5240000000000179,-4.883360286995657,-114.95853152375214,Y,0.029312033975849396
R4_LHS_03,20260813,475,0.5240000000000179,-4.883360286995657,-114.95853152375214,Z,0.02483903114054152
R4_LHS_03,20260813,476,0.52400000000001,-4.88336028699544,-20.0414684762477,X,0.04145685170722983
R4_LHS_03,20260813,476,0.52400000000001,-4.88336028699544,-20.0414684762477,Y,0.04313062082401727
R4_LHS_03,20260813,476,0.52400000000001,-4.88336028699544,-20.0414684762477,Z,0.023064678981142492
R4_LHS_03,20260813,477,0.52400000000001,-4.04604638751018,-67.50000000000001,X,0.011095959346984428
R4_LHS_03,20260813,477,0.52400000000001,-4.04604638751018,-67.50000000000001,Y,0.023529722203768946
R4_LHS_03,20260813,477,0.52400000000001,-4.04604638751018,-67.50000000000001,Z,0.02471093773854544
R4_LHS_03,20260813,478,0.5239999999999994,-3.993790743691725,-116.23369955960099,X,0.033744238466836274
R4_LHS_03,20260813,478,0.5239999999999994,-3.993790743691725,-116.23369955960099,Y,0.02976963064507199
R4_LHS_03,20260813,478,0.5239999999999994,-3.993790743691725,-116.23369955960099,Z,0.024398428189426193
R4_LHS_03,20260813,479,0.52400000000001,-3.9937907436917595,-18.766300440398584,X,0.04579623841589798
R4_LHS_03,20260813,479,0.52400000000001,-3.9937907436917595,-18.766300440398584,Y,0.043788470016775924
R4_LHS_03,20260813,479,0.52400000000001,-3.9937907436917595,-18.766300440398584,Z,0.024005569391575297
R4_LHS_03,20260813,480,0.5240000000000047,-3.256617975238949,-17.70958805820711,X,0.0502956134431563
R4_LHS_03,20260813,480,0.5240000000000047,-3.256617975238949,-17.70958805820711,Y,0.04487413978653147
R4_LHS_03,20260813,480,0.5240000000000047,-3.256617975238949,-17.70958805820711,Z,0.023807272773774427
R4_LHS_03,20260813,481,0.5240000000000025,-2.9311933668034116,-118.25018246531604,X,0.0373008784741879
R4_LHS_03,20260813,481,0.5240000000000025,-2.9311933668034116,-118.25018246531604,Y,0.03184030376147662
R4_LHS_03,20260813,481,0.5240000000000025,-2.9311933668034116,-118.25018246531604,Z,0.024233573919045345
R4_LHS_03,20260813,482,0.52400000000001,-2.4747264620991296,-15.403565687888705,X,0.04892093316060809
R4_LHS_03,20260813,482,0.52400000000001,-2.4747264620991296,-15.403565687888705,Y,0.05101662480686517
R4_LHS_03,20260813,482,0.52400000000001,-2.4747264620991296,-15.403565687888705,Z,0.025713735547330387
R4_LHS_03,20260813,483,0.52400000000001,-2.226,-135.0,X,0.0
R4_LHS_03,20260813,483,0.52400000000001,-2.226,-135.0,Y,1.0
R4_LHS_03,20260813,483,0.52400000000001,-2.226,-135.0,Z,0.02657669269773082
R4_LHS_03,20260813,484,0.52400000000001,-2.226,-130.22,X,0.05818859874426758
R4_LHS_03,20260813,484,0.52400000000001,-2.226,-130.22,Y,0.04881247746981214
R4_LHS_03,20260813,484,0.52400000000001,-2.226,-130.22,Z,0.025631136772310808
R4_LHS_03,20260813,485,0.52400000000001,-2.226,-120.66,X,0.04580193353624274
R4_LHS_03,20260813,485,0.52400000000001,-2.226,-120.66,Y,0.03638538607877198
R4_LHS_03,20260813,485,0.52400000000001,-2.226,-120.66,Z,0.024497096916016366
R4_LHS_03,20260813,486,0.52400000000001,-2.226,-9.56,X,0.05144375086326544
R4_LHS_03,20260813,486,0.52400000000001,-2.226,-9.56,Y,0.06438458157707079
R4_LHS_03,20260813,486,0.52400000000001,-2.226,-9.56,Z,0.02927354420784254
R4_LHS_03,20260813,487,0.52400000000001,-2.226,-4.78,X,0.053055454082072795
R4_LHS_03,20260813,487,0.52400000000001,-2.226,-4.78,Y,0.07319956038535398
R4_LHS_03,20260813,487,0.52400000000001,-2.226,-4.78,Z,0.03159211217137122
R4_LHS_03,20260813,488,0.52400000000001,-2.226,0.0,X,0.0
R4_LHS_03,20260813,488,0.52400000000001,-2.226,0.0,Y,0.0
R4_LHS_03,20260813,488,0.52400000000001,-2.226,0.0,Z,0.034799644356802696
R4_LHS_03,20260813,489,0.52400000000001,-1.1129999999999651,-129.025,X,0.03996061916346221
R4_LHS_03,20260813,489,0.52400000000001,-1.1129999999999651,-129.025,Y,0.04687557988888079
R4_LHS_03,20260813,489,0.52400000000001,-1.1129999999999651,-129.025,Z,0.023522145472713245
R4_LHS_03,20260813,490,0.52400000000001,-1.1130000000000004,-121.69000000000001,X,0.03410892709338296
R4_LHS_03,20260813,490,0.52400000000001,-1.1130000000000004,-121.69000000000001,Y,0.03750921150221429
R4_LHS_03,20260813,490,0.52400000000001,-1.1130000000000004,-121.69000000000001,Z,0.02385333225722272
R4_LHS_03,20260813,491,0.52400000000001,-1.1129999999999967,-13.310000000000002,X,0.03947953399411736
R4_LHS_03,20260813,491,0.52400000000001,-1.1129999999999967,-13.310000000000002,Y,0.05620415418563086
R4_LHS_03,20260813,491,0.52400000000001,-1.1129999999999967,-13.310000000000002,Z,0.02653801931880923
R4_LHS_03,20260813,492,0.52400000000001,-1.1129999999999893,-5.975000000000001,X,0.045845588412088335
R4_LHS_03,20260813,492,0.52400000000001,-1.1129999999999893,-5.975000000000001,Y,0.07050841191824987
R4_LHS_03,20260813,492,0.52400000000001,-1.1129999999999893,-5.975000000000001,Z,0.026234706755598105
R4_LHS_03,20260813,493,0.52400000000001,2.6484591469634303e-14,-135.0,X,0.09145954892341043
R4_LHS_03,20260813,493,0.52400000000001,2.6484591469634303e-14,-135.0,Y,0.10461062766275214
R4_LHS_03,20260813,493,0.52400000000001,2.6484591469634303e-14,-135.0,Z,0.023320289959628798
R4_LHS_03,20260813,494,0.52400000000001,2.6484591469634303e-14,-127.83,X,0.07097096267386689
R4_LHS_03,20260813,494,0.52400000000001,2.6484591469634303e-14,-127.83,Y,0.04516481831679482
R4_LHS_03,20260813,494,0.52400000000001,2.6484591469634303e-14,-127.83,Z,0.023006031293880912
R4_LHS_03,20260813,495,0.52400000000001,2.2542148975759086e-14,-118.992342,X,0.048291031114737024
R4_LHS_03,20260813,495,0.52400000000001,2.2542148975759086e-14,-118.992342,Y,0.03351261541389023
R4_LHS_03,20260813,495,0.52400000000001,2.2542148975759086e-14,-118.992342,Z,0.023573302618919
R4_LHS_03,20260813,496,0.524000000000004,3.631725115855166e-14,-109.452342,X,0.03769263419510467
R4_LHS_03,20260813,496,0.524000000000004,3.631725115855166e-14,-109.452342,Y,0.02988048776778312
R4_LHS_03,20260813,496,0.524000000000004,3.631725115855166e-14,-109.452342,Z,0.022944878239157137
R4_LHS_03,20260813,497,0.5240000000000042,3.5404829822303976e-14,-104.15234200000002,X,0.03681987563296081
R4_LHS_03,20260813,497,0.5240000000000042,3.5404829822303976e-14,-104.15234200000002,Y,0.029649845571942203
R4_LHS_03,20260813,497,0.5240000000000042,3.5404829822303976e-14,-104.15234200000002,Z,0.02306616196311651
R4_LHS_03,20260813,498,0.5239999999999977,3.449240848605607e-14,-98.85234200000001,X,0.02232579398948694
R4_LHS_03,20260813,498,0.5239999999999977,3.449240848605607e-14,-98.85234200000001,Y,0.02285956089282437
R4_LHS_03,20260813,498,0.5239999999999977,3.449240848605607e-14,-98.85234200000001,Z,0.023868619162743895
R4_LHS_03,20260813,499,0.5240000000000041,3.3579987149808576e-14,-93.55234200000001,X,0.022656405751812443
R4_LHS_03,20260813,499,0.5240000000000041,3.3579987149808576e-14,-93.55234200000001,Y,0.022565226901615026
R4_LHS_03,20260813,499,0.5240000000000041,3.3579987149808576e-14,-93.55234200000001,Z,0.023666119505711014
R4_LHS_03,20260813,500,0.5240000000000041,3.266756581356102e-14,-88.25234200000001,X,0.020500719176541077
R4_LHS_03,20260813,500,0.5240000000000041,3.266756581356102e-14,-88.25234200000001,Y,0.023057523479563934
R4_LHS_03,20260813,500,0.5240000000000041,3.266756581356102e-14,-88.25234200000001,Z,0.02386185944231194
R4_LHS_03,20260813,501,0.5240000000000041,3.157266021006372e-14,-81.89234200000001,X,0.02000879492504505
R4_LHS_03,20260813,501,0.5240000000000041,3.157266021006372e-14,-81.89234200000001,Y,0.023508297104896488
R4_LHS_03,20260813,501,0.5240000000000041,3.157266021006372e-14,-81.89234200000001,Z,0.02386470408474548
R4_LHS_03,20260813,502,0.52400000000001,2.0497552428013602e-14,-75.647342,X,0.019491202328552434
R4_LHS_03,20260813,502,0.52400000000001,2.0497552428013602e-14,-75.647342,Y,0.023893456927393985
R4_LHS_03,20260813,502,0.52400000000001,2.0497552428013602e-14,-75.647342,Z,0.024544475417226968
R4_LHS_03,20260813,503,0.52400000000001,1.94026468245164e-14,-69.287342,X,0.020063181917811753
R4_LHS_03,20260813,503,0.52400000000001,1.94026468245164e-14,-69.287342,Y,0.02375818933838847
R4_LHS_03,20260813,503,0.52400000000001,1.94026468245164e-14,-69.287342,Z,0.024247197394640797
R4_LHS_03,20260813,504,0.52400000000001,1.8307741221019154e-14,-62.927342,X,0.019908872311463977
R4_LHS_03,20260813,504,0.52400000000001,1.8307741221019154e-14,-62.927342,Y,0.023377387060716896
R4_LHS_03,20260813,504,0.52400000000001,1.8307741221019154e-14,-62.927342,Z,0.024333723640170946
R4_LHS_03,20260813,505,0.5240000000000082,2.6645584994326385e-14,-53.27234200000001,X,0.020574567493059536
R4_LHS_03,20260813,505,0.5240000000000082,2.6645584994326385e-14,-53.27234200000001,Y,0.0233696941063706
R4_LHS_03,20260813,505,0.5240000000000082,2.6645584994326385e-14,-53.27234200000001,Z,0.026473550399181738
R4_LHS_03,20260813,506,0.52400000000001,1.0545898156505152e-14,-43.847342000000005,X,0.022714913491195275
R4_LHS_03,20260813,506,0.52400000000001,1.0545898156505152e-14,-43.847342000000005,Y,0.024588606682466815
R4_LHS_03,20260813,506,0.52400000000001,1.0545898156505152e-14,-43.847342000000005,Z,0.02661294225417679
R4_LHS_03,20260813,507,0.52400000000001,7.480875428692463e-15,-35.367342,X,0.022374021326769612
R4_LHS_03,20260813,507,0.52400000000001,7.480875428692463e-15,-35.367342,Y,0.030166384510458687
R4_LHS_03,20260813,507,0.52400000000001,7.480875428692463e-15,-35.367342,Z,0.027195025845243533
R4_LHS_03,20260813,508,0.52400000000001,4.032724859903191e-15,-25.827342,X,0.03691555132258217
R4_LHS_03,20260813,508,0.52400000000001,4.032724859903191e-15,-25.827342,Y,0.050409941833123514
R4_LHS_03,20260813,508,0.52400000000001,4.032724859903191e-15,-25.827342,Z,0.024565017678474264
R4_LHS_03,20260813,509,0.52400000000001,5.845742911139178e-16,-16.287342,X,0.04659748423612974
R4_LHS_03,20260813,509,0.52400000000001,5.845742911139178e-16,-16.287342,Y,0.04839373503885086
R4_LHS_03,20260813,509,0.52400000000001,5.845742911139178e-16,-16.287342,Z,0.02492641543426375
R4_LHS_03,20260813,510,0.52400000000001,0.0,-4.78,X,0.10119915859803591
R4_LHS_03,20260813,510,0.52400000000001,0.0,-4.78,Y,0.07250642935809945
R4_LHS_03,20260813,510,0.52400000000001,0.0,-4.78,Z,0.023662913242761808
R4_LHS_03,20260813,511,0.52400000000001,0.0,0.0,X,0.1070155645140724
R4_LHS_03,20260813,511,0.52400000000001,0.0,0.0,Y,0.14661666073977153
R4_LHS_03,20260813,511,0.52400000000001,0.0,0.0,Z,0.022314787762830423
