trial_context,seed,case_id,axis,model,frequency_hz,target_psd,predicted_psd,coherence,phase_rad
R4_LHS_03,20260813,V40_A_E5_C9_1T,X,R4_LHS_03,0.0,9.518853923492418e-20,9.190693279916732e-20,0.970928966999054,
R4_LHS_03,20260813,V40_A_E5_C9_1T,X,R4_LHS_03,0.03330557868442947,1.3141449926479254e-05,1.2581946066347882e-05,0.9641962200775432,
R4_LHS_03,20260813,V40_A_E5_C9_1T,X,R4_LHS_03,0.06661115736885893,8.970120688900352e-06,8.209141924453434e-06,0.9574634731560325,
R4_LHS_03,20260813,V40_A_E5_C9_1T,X,R4_LHS_03,0.09991673605328841,4.575193997879978e-06,3.906732217728859e-06,0.9507307262345218,
R4_LHS_03,20260813,V40_A_E5_C9_1T,X,R4_LHS_03,0.13322231473771787,1.47323839883029e-06,1.1862326800837764e-06,0.9439979793130111,
R4_LHS_03,20260813,V40_A_E5_C9_1T,X,R4_LHS_03,0.16652789342214733,3.4587836239552416e-07,4.057213232044887e-07,0.9318206039793188,0.029013199227661216
R4_LHS_03,20260813,V40_A_E5_C9_1T,X,R4_LHS_03,0.19983347210657681,4.721482227409979e-08,7.695965109633107e-08,0.9074445042284601,0.024378612032664206
R4_LHS_03,20260813,V40_A_E5_C9_1T,X,R4_LHS_03,0.23313905079100627,5.1885313823163415e-09,8.228446368718778e-09,0.8830684044776014,0.0197440248376672
R4_LHS_03,20260813,V40_A_E5_C9_1T,X,R4_LHS_03,0.26644462947543573,3.5275631304898525e-09,3.3782918684721608e-09,0.8586923047267427,0.015109437642670191
R4_LHS_03,20260813,V40_A_E5_C9_1T,X,R4_LHS_03,0.2997502081598652,9.108997112150519e-09,5.626036081451957e-09,0.8343162049758841,0.010474850447673184
R4_LHS_03,20260813,V40_A_E5_C9_1T,X,R4_LHS_03,0.33305578684429465,1.0513941717249509e-08,5.692865290285454e-09,0.798294113091287,0.0154435611194268
R4_LHS_03,20260813,V40_A_E5_C9_1T,X,R4_LHS_03,0.3663613655287241,9.647405541102216e-09,6.239064820334761e-09,0.7550485577313331,0.0263687476832156
R4_LHS_03,20260813,V40_A_E5_C9_1T,X,R4_LHS_03,0.39966694421315363,4.215656268513612e-09,2.562949408257964e-09,0.7118030023713791,0.03729393424700442
R4_LHS_03,20260813,V40_A_E5_C9_1T,X,R4_LHS_03,0.4329725228975831,2.262122267282507e-09,9.89587856103924e-10,0.668557447011425,0.04821912081079322
R4_LHS_03,20260813,V40_A_E5_C9_1T,X,R4_LHS_03,0.46627810158201255,2.3878146127032096e-09,1.4025104411174993e-09,0.6253118916514712,0.059144307374582025
R4_LHS_03,20260813,V40_A_E5_C9_1T,X,R4_LHS_03,0.499583680266442,4.259737895750959e-09,1.9808379381203167e-09,0.6471682228116966,0.04668972315189181
R4_LHS_03,20260813,V40_A_E5_C9_1T,X,R4_LHS_03,0.5328892589508715,5.137705372249002e-09,2.339491489422585e-09,0.6742436925537084,0.03236081131340796
R4_LHS_03,20260813,V40_A_E5_C9_1T,X,R4_LHS_03,0.566194837635301,5.458549168224636e-09,2.2546886579988268e-09,0.7013191622957203,0.01803189947492409
R4_LHS_03,20260813,V40_A_E5_C9_1T,X,R4_LHS_03,0.5995004163197304,5.2372772785247435e-09,1.6955494785975134e-09,0.7283946320377321,0.0037029876364402664
R4_LHS_03,20260813,V40_A_E5_C9_1T,X,R4_LHS_03,0.6328059950041599,3.9130454432267925e-09,1.4364830436264242e-09,0.7582951296775368,-0.006369604379773056
R4_LHS_03,20260813,V40_A_E5_C9_1T,X,R4_LHS_03,0.6661115736885893,2.2553761080956747e-09,8.83626005698801e-10,0.7974240517834641,-0.0025382183099027485
R4_LHS_03,20260813,V40_A_E5_C9_1T,X,R4_LHS_03,0.6994171523730188,2.0360622077220114e-09,1.172784314107389e-09,0.8365529738893915,0.001293167759967571
R4_LHS_03,20260813,V40_A_E5_C9_1T,X,R4_LHS_03,0.7327227310574482,2.5678978943233233e-09,1.710374286645333e-09,0.8756818959953188,0.005124553829837878
R4_LHS_03,20260813,V40_A_E5_C9_1T,X,R4_LHS_03,0.7660283097418777,2.361062012568027e-09,2.665094367415577e-09,0.9148108181012462,0.008955939899708196
R4_LHS_03,20260813,V40_A_E5_C9_1T,X,R4_LHS_03,0.7993338884263073,4.391789598656715e-09,3.6396352598444537e-09,0.9403127924190969,0.00945375269167726
R4_LHS_03,20260813,V40_A_E5_C9_1T,X,R4_LHS_03,0.8326394671107367,5.903808553142653e-09,4.581014234616987e-09,0.95434460205202,0.0071456081202330895
R4_LHS_03,20260813,V40_A_E5_C9_1T,X,R4_LHS_03,0.8659450457951662,1.1232264895966182e-08,1.0912834191856291e-08,0.9683764116849432,0.00483746354878891
R4_LHS_03,20260813,V40_A_E5_C9_1T,X,R4_LHS_03,0.8992506244795956,2.5711974771525092e-08,2.6183954560110578e-08,0.9824082213178662,0.002529318977344739
R4_LHS_03,20260813,V40_A_E5_C9_1T,X,R4_LHS_03,0.9325562031640251,5.999122265620827e-08,6.468096813705415e-08,0.9964400309507893,0.00022117440590056076
R4_LHS_03,20260813,V40_A_E5_C9_1T,X,R4_LHS_03,0.9658617818484545,1.5883695425600308e-07,1.6196293017856078e-07,0.9987649456051169,0.0001023380252803394
R4_LHS_03,20260813,V40_A_E5_C9_1T,X,R4_LHS_03,0.999167360532884,4.743144188523729e-07,4.718349373433739e-07,0.9990492088411571,0.0003651241733358467
R4_LHS_03,20260813,V40_A_E5_C9_1T,X,R4_LHS_03,1.0324729392173135,1.575089072503033e-06,1.562730631121667e-06,0.9993334720771974,0.0006279103213913539
R4_LHS_03,20260813,V40_A_E5_C9_1T,X,R4_LHS_03,1.065778517901743,5.677009539795108e-06,5.666358902089996e-06,0.9996177353132376,0.0008906964694468604
R4_LHS_03,20260813,V40_A_E5_C9_1T,X,R4_LHS_03,1.0990840965861723,2.3580960260005668e-05,2.341233630431816e-05,0.9998595526970793,0.001111508303280799
R4_LHS_03,20260813,V40_A_E5_C9_1T,X,R4_LHS_03,1.132389675270602,9.81790799414739e-05,9.79272517724894e-05,0.9998787881730498,0.0011122109283918792
R4_LHS_03,20260813,V40_A_E5_C9_1T,X,R4_LHS_03,1.1656952539550314,0.0003236116608604789,0.00032380581251345575,0.9998980236490204,0.0011129135535029597
R4_LHS_03,20260813,V40_A_E5_C9_1T,X,R4_LHS_03,1.1990008326394608,0.0005583002348430455,0.0005584859172813594,0.9999172591249909,0.00111361617861404
R4_LHS_03,20260813,V40_A_E5_C9_1T,X,R4_LHS_03,1.2323064113238902,0.00038594190846197307,0.00038583436980843544,0.9999364946009615,0.0011143188037251205
R4_LHS_03,20260813,V40_A_E5_C9_1T,X,R4_LHS_03,1.2656119900083198,0.0001354331470793113,0.00013546252739615738,0.9999354396831185,0.0011267507775259407
R4_LHS_03,20260813,V40_A_E5_C9_1T,X,R4_LHS_03,1.2989175686927492,3.6838373489445075e-05,3.6943249142495915e-05,0.9999113889856204,0.0011524760131751321
R4_LHS_03,20260813,V40_A_E5_C9_1T,X,R4_LHS_03,1.3322231473771786,1.0142483006347902e-05,1.0162714715988841e-05,0.9998873382881222,0.0011782012488243236
R4_LHS_03,20260813,V40_A_E5_C9_1T,X,R4_LHS_03,1.3655287260616082,3.086993046963471e-06,3.1003914955363143e-06,0.999863287590624,0.001203926484473515
R4_LHS_03,20260813,V40_A_E5_C9_1T,X,R4_LHS_03,1.3988343047460376,1.0648153647707659e-06,1.0623097068673815e-06,0.9998392368931258,0.0012296517201227065
R4_LHS_03,20260813,V40_A_E5_C9_1T,X,R4_LHS_03,1.432139883430467,4.1625759195085266e-07,4.0819361402100185e-07,0.9985516243036542,0.0002898710363425825
R4_LHS_03,20260813,V40_A_E5_C9_1T,X,R4_LHS_03,1.4654454621148965,1.7889692571770865e-07,1.8417087233046914e-07,0.9969020869511549,-0.0009264615942087438
R4_LHS_03,20260813,V40_A_E5_C9_1T,X,R4_LHS_03,1.498751040799326,8.205586965459588e-08,8.879158031049883e-08,0.9952525495986557,-0.002142794224760078
R4_LHS_03,20260813,V40_A_E5_C9_1T,X,R4_LHS_03,1.5320566194837555,4.294790656445002e-08,4.3318188147623005e-08,0.9936030122461565,-0.0033591268553114046
R4_LHS_03,20260813,V40_A_E5_C9_1T,X,R4_LHS_03,1.565362198168185,2.540833321518221e-08,2.374304308716546e-08,0.9900462628403471,-0.004388279174271061
R4_LHS_03,20260813,V40_A_E5_C9_1T,X,R4_LHS_03,1.5986677768526145,1.6390409030009323e-08,1.537166838261328e-08,0.9662037125038762,-0.0034265136335740114
R4_LHS_03,20260813,V40_A_E5_C9_1T,X,R4_LHS_03,1.631973355537044,1.0393970129030095e-08,1.0527150706707289e-08,0.9423611621674053,-0.0024647480928769675
R4_LHS_03,20260813,V40_A_E5_C9_1T,X,R4_LHS_03,1.6652789342214733,7.94860710584544e-09,6.906798688532945e-09,0.9185186118309344,-0.0015029825521799237
R4_LHS_03,20260813,V40_A_E5_C9_1T,X,R4_LHS_03,1.6985845129059027,5.133185432271148e-09,3.884840893420005e-09,0.8946760614944635,-0.0005412170114828798
R4_LHS_03,20260813,V40_A_E5_C9_1T,X,R4_LHS_03,1.7318900915903324,5.216580944988891e-09,4.017893129315553e-09,0.8740328696248533,-0.008014460803367054
R4_LHS_03,20260813,V40_A_E5_C9_1T,X,R4_LHS_03,1.7651956702747618,7.622080744340565e-09,6.106957606277774e-09,0.8582995843132966,-0.028432520897727086
R4_LHS_03,20260813,V40_A_E5_C9_1T,X,R4_LHS_03,1.7985012489591912,5.478394626834415e-09,5.546760828423203e-09,0.8425662990017397,-0.04885058099208712
R4_LHS_03,20260813,V40_A_E5_C9_1T,X,R4_LHS_03,1.8318068276436206,1.0948908446550831e-09,1.3951191313310574e-09,0.826833013690183,-0.06926864108644715
R4_LHS_03,20260813,V40_A_E5_C9_1T,X,R4_LHS_03,1.8651124063280502,2.0837187530986512e-10,1.7874313140708864e-09,0.8110997283786261,-0.08968670118080732
R4_LHS_03,20260813,V40_A_E5_C9_1T,X,R4_LHS_03,1.8984179850124796,5.904890354457848e-09,6.144553754694471e-09,0.8037079031719554,-0.1008256261208274
R4_LHS_03,20260813,V40_A_E5_C9_1T,X,R4_LHS_03,1.931723563696909,3.525505576362775e-08,1.4756993849118771e-08,0.7998380277873475,-0.10804669399568183
R4_LHS_03,20260813,V40_A_E5_C9_1T,X,R4_LHS_03,1.9650291423813386,3.8024214887855123e-08,2.9082183772288772e-08,0.7959681524027397,-0.1152677618705363
R4_LHS_03,20260813,V40_A_E5_C9_1T,X,R4_LHS_03,1.998334721065768,5.086929633080217e-08,2.7648408007507896e-08,0.7920982770181317,-0.12248882974539074
R4_LHS_03,20260813,V40_A_E5_C9_1T,X,R4_LHS_03,2.0316402997501974,1.2810509097960221e-08,4.138705822498423e-09,0.7878706204107064,-0.12943938525578166
R4_LHS_03,20260813,V40_A_E5_C9_1T,X,R4_LHS_03,2.064945878434627,2.3552533257031882e-09,7.736363771826404e-10,0.7534700806790048,-0.11357673136308027
R4_LHS_03,20260813,V40_A_E5_C9_1T,X,R4_LHS_03,2.0982514571190563,1.0478937717550707e-09,3.267406067930523e-10,0.7190695409473037,-0.09771407747037908
R4_LHS_03,20260813,V40_A_E5_C9_1T,X,R4_LHS_03,2.131557035803486,1.2808936133978932e-09,4.815333687346879e-10,0.684669001215602,-0.08185142357767769
R4_LHS_03,20260813,V40_A_E5_C9_1T,X,R4_LHS_03,2.1648626144879155,9.245112453371007e-10,6.568650068317083e-10,0.6502684614839004,-0.0659887696849763
R4_LHS_03,20260813,V40_A_E5_C9_1T,X,R4_LHS_03,2.1981681931723447,3.58826940383139e-10,2.5948621029669994e-10,0.6148444497019525,-0.05078141013475186
R4_LHS_03,20260813,V40_A_E5_C9_1T,X,R4_LHS_03,2.2314737718567743,2.3653715097715633e-10,9.211503781969554e-11,0.5772486801548463,-0.03696455321368524
R4_LHS_03,20260813,V40_A_E5_C9_1T,X,R4_LHS_03,2.264779350541204,3.5164415823629724e-10,2.0797411015571754e-10,0.5396529106077402,-0.02314769629261862
R4_LHS_03,20260813,V40_A_E5_C9_1T,X,R4_LHS_03,2.298084929225633,4.679135967577963e-10,1.9010804042096652e-10,0.5020571410606346,-0.009330839371552178
R4_LHS_03,20260813,V40_A_E5_C9_1T,X,R4_LHS_03,2.3313905079100627,4.569904454854168e-10,6.986322631519215e-11,0.4644613715135285,0.004486017549514443
R4_LHS_03,20260813,V40_A_E5_C9_1T,X,R4_LHS_03,2.364696086594492,3.0855096255777426e-10,1.9406036499969304e-10,0.4747787682738132,0.0034964688798470337
R4_LHS_03,20260813,V40_A_E5_C9_1T,X,R4_LHS_03,2.3980016652789216,2.6265287167426266e-10,3.402905179861193e-10,0.5133679091285211,-0.006229778740874558
R4_LHS_03,20260813,V40_A_E5_C9_1T,X,R4_LHS_03,2.431307243963351,1.5536313902053678e-10,2.7574525995888166e-10,0.5519570499832289,-0.015956026361596154
R4_LHS_03,20260813,V40_A_E5_C9_1T,X,R4_LHS_03,2.4646128226477804,1.8433722603905522e-10,2.0590489036020898e-10,0.5905461908379364,-0.025682273982317615
R4_LHS_03,20260813,V40_A_E5_C9_1T,X,R4_LHS_03,2.49791840133221,5.261290847435873e-10,3.1997715588261144e-10,0.6291353316926442,-0.03540852160303921
R4_LHS_03,20260813,V40_A_E5_C9_1T,X,R4_LHS_03,2.5312239800166396,5.402067126958343e-10,6.56360354955865e-10,0.7041087934218485,-0.031355738546776785
R4_LHS_03,20260813,V40_A_E5_C9_1T,X,R4_LHS_03,2.564529558701069,8.470031898077934e-10,5.702259775475227e-10,0.7815078765426847,-0.02638435344538223
R4_LHS_03,20260813,V40_A_E5_C9_1T,X,R4_LHS_03,2.5978351373854984,1.663136073304372e-09,9.537682865712327e-10,0.8589069596635219,-0.021412968343987617
R4_LHS_03,20260813,V40_A_E5_C9_1T,X,R4_LHS_03,2.631140716069928,1.7508597904836165e-09,1.7777610494817964e-09,0.9363060427843591,-0.016441583242593
R4_LHS_03,20260813,V40_A_E5_C9_1T,X,R4_LHS_03,2.6644462947543572,3.3328264592569212e-09,3.9031440302039755e-09,0.9949170436886923,-0.011938996019220273
R4_LHS_03,20260813,V40_A_E5_C9_1T,X,R4_LHS_03,2.697751873438787,6.07047967449148e-09,6.194630586264793e-09,0.9959709038345343,-0.008872567374549226
R4_LHS_03,20260813,V40_A_E5_C9_1T,X,R4_LHS_03,2.7310574521232165,1.3962334399764131e-08,1.258559123584746e-08,0.9970247639803763,-0.0058061387298781785
R4_LHS_03,20260813,V40_A_E5_C9_1T,X,R4_LHS_03,2.7643630308076457,3.069645515552111e-08,3.032870310448743e-08,0.9980786241262184,-0.0027397100852071723
R4_LHS_03,20260813,V40_A_E5_C9_1T,X,R4_LHS_03,2.7976686094920753,7.780304400739624e-08,7.625669695698889e-08,0.9991324842720604,0.0003267185594638747
R4_LHS_03,20260813,V40_A_E5_C9_1T,X,R4_LHS_03,2.8309741881765045,2.2308911695745337e-07,2.1410147610367858e-07,0.9996368278075416,0.0015696770422196288
R4_LHS_03,20260813,V40_A_E5_C9_1T,X,R4_LHS_03,2.864279766860934,6.829853305134748e-07,6.960656264709542e-07,0.9997000101206205,0.001348722859775858
R4_LHS_03,20260813,V40_A_E5_C9_1T,X,R4_LHS_03,2.8975853455453637,2.475250312272692e-06,2.5018289306899533e-06,0.9997631924336995,0.0011277686773320872
R4_LHS_03,20260813,V40_A_E5_C9_1T,X,R4_LHS_03,2.930890924229793,9.061555829248391e-06,9.10979724721983e-06,0.9998263747467784,0.0009068144948883194
R4_LHS_03,20260813,V40_A_E5_C9_1T,X,R4_LHS_03,2.9641965029142225,2.681023943296168e-05,2.702954770938959e-05,0.9998895570598574,0.0006858603124445487
R4_LHS_03,20260813,V40_A_E5_C9_1T,X,R4_LHS_03,2.997502081598652,4.244058800395578e-05,4.2788269638549536e-05,0.9998906821533603,0.0006108496316900929
R4_LHS_03,20260813,V40_A_E5_C9_1T,X,R4_LHS_03,3.0308076602830814,2.7152771508553997e-05,2.740189665928483e-05,0.9998819791804147,0.0005589521751850746
R4_LHS_03,20260813,V40_A_E5_C9_1T,X,R4_LHS_03,3.064113238967511,8.690010872669518e-06,8.773466106504202e-06,0.9998732762074689,0.0005070547186800556
R4_LHS_03,20260813,V40_A_E5_C9_1T,X,R4_LHS_03,3.0974188176519406,2.13756311495672e-06,2.1677446966350544e-06,0.9998645732345232,0.00045515726217503665
R4_LHS_03,20260813,V40_A_E5_C9_1T,X,R4_LHS_03,3.13072439633637,5.265115987640456e-07,5.418953605840215e-07,0.9998102203495397,0.0003221462891036926
R4_LHS_03,20260813,V40_A_E5_C9_1T,X,R4_LHS_03,3.1640299750207994,1.4877952025926788e-07,1.4535463321863062e-07,0.9995359178883746,-0.0002016843546962865
R4_LHS_03,20260813,V40_A_E5_C9_1T,X,R4_LHS_03,3.197335553705229,4.534545894330222e-08,4.312021317787185e-08,0.9992616154272094,-0.0007255149984962657
R4_LHS_03,20260813,V40_A_E5_C9_1T,X,R4_LHS_03,3.230641132389658,1.5417242593684932e-08,1.509541824873395e-08,0.9989873129660441,-0.001249345642296238
R4_LHS_03,20260813,V40_A_E5_C9_1T,X,R4_LHS_03,3.263946711074088,6.08822237069262e-09,5.969280181261638e-09,0.998713010504879,-0.001773176286096217
R4_LHS_03,20260813,V40_A_E5_C9_1T,X,R4_LHS_03,3.297252289758517,2.581419300540233e-09,2.8653088790520087e-09,0.9918731384531445,-0.002563263637034667
R4_LHS_03,20260813,V40_A_E5_C9_1T,X,R4_LHS_03,3.3305578684429467,1.2893655032542028e-09,1.3268163234769759e-09,0.9779339106652659,-0.0036412545818708345
R4_LHS_03,20260813,V40_A_E5_C9_1T,X,R4_LHS_03,3.3638634471273763,5.255957891137086e-10,5.899764565775456e-10,0.9639946828773872,-0.004719245526707001
R4_LHS_03,20260813,V40_A_E5_C9_1T,X,R4_LHS_03,3.3971690258118055,3.904429834999945e-10,4.0674630330528316e-10,0.9500554550895087,-0.005797236471543154
R4_LHS_03,20260813,V40_A_E5_C9_1T,X,R4_LHS_03,3.430474604496235,2.0001340861330874e-10,2.2718257830511845e-10,0.9361162273016301,-0.006875227416379322
R4_LHS_03,20260813,V40_A_E5_C9_1T,X,R4_LHS_03,3.4637801831806647,1.3935833043099422e-10,1.2480021183147727e-10,0.9034098525726226,-0.006851650270432554
R4_LHS_03,20260813,V40_A_E5_C9_1T,X,R4_LHS_03,3.497085761865094,2.959264777668835e-10,1.1017653456235621e-10,0.8656865177702446,-0.006533594525959668
R4_LHS_03,20260813,V40_A_E5_C9_1T,X,R4_LHS_03,3.5303913405495235,3.1734140315542447e-10,1.0764514973837791e-10,0.8279631829678662,-0.0062155387814867786
R4_LHS_03,20260813,V40_A_E5_C9_1T,X,R4_LHS_03,3.563696919233953,3.2389183002301536e-10,1.0100484337804971e-10,0.7902398481654879,-0.005897483037013889
R4_LHS_03,20260813,V40_A_E5_C9_1T,X,R4_LHS_03,3.5970024979183823,2.3888852007658556e-10,2.4022275835200446e-10,0.749001756868791,-0.0020501820632657743
R4_LHS_03,20260813,V40_A_E5_C9_1T,X,R4_LHS_03,3.630308076602812,2.410348032277909e-10,4.836901990046272e-10,0.6752873155645877,0.034407344828984346
R4_LHS_03,20260813,V40_A_E5_C9_1T,X,R4_LHS_03,3.663613655287241,2.2778730290884397e-10,3.6614453136074587e-10,0.6015728742603854,0.07086487172123397
R4_LHS_03,20260813,V40_A_E5_C9_1T,X,R4_LHS_03,3.6969192339716708,6.966004856279184e-11,1.1101271985003436e-10,0.5278584329561822,0.1073223986134841
R4_LHS_03,20260813,V40_A_E5_C9_1T,X,R4_LHS_03,3.7302248126561004,1.4405062212508035e-11,4.3146146377903705e-11,0.4541439916519789,0.1437799255057342
R4_LHS_03,20260813,V40_A_E5_C9_1T,X,R4_LHS_03,3.7635303913405296,2.1948351122680343e-11,6.184203843462299e-11,0.4178184902886368,0.13136591331150782
R4_LHS_03,20260813,V40_A_E5_C9_1T,X,R4_LHS_03,3.796835970024959,5.18172033059372e-11,6.473132446727092e-11,0.4361383626850123,0.04752426706781725
R4_LHS_03,20260813,V40_A_E5_C9_1T,X,R4_LHS_03,3.830141548709389,5.0173712407008964e-11,3.3482897010550516e-11,0.45445823508138783,-0.036317379175873354
R4_LHS_03,20260813,V40_A_E5_C9_1T,X,R4_LHS_03,3.863447127393818,2.7683575917758496e-11,2.5048484120215875e-11,0.4727781074777631,-0.1201590254195628
R4_LHS_03,20260813,V40_A_E5_C9_1T,X,R4_LHS_03,3.8967527060782476,3.9821656389049664e-11,2.1194296317972317e-11,0.4910979798741386,-0.20400067166325342
R4_LHS_03,20260813,V40_A_E5_C9_1T,X,R4_LHS_03,3.9300582847626773,3.079368010583394e-11,2.5050185883945808e-11,0.5013916700904714,-0.24320495364370226
R4_LHS_03,20260813,V40_A_E5_C9_1T,X,R4_LHS_03,3.9633638634471064,1.4322171920655435e-11,3.240838847284877e-11,0.5084836592185904,-0.2646030739235144
R4_LHS_03,20260813,V40_A_E5_C9_1T,X,R4_LHS_03,3.996669442131536,2.2851481124019912e-11,4.443601389625407e-11,0.5155756483467097,-0.28600119420332687
R4_LHS_03,20260813,V40_A_E5_C9_1T,X,R4_LHS_03,4.029975020815965,6.672534053064894e-11,4.831330127630373e-11,0.5226676374748287,-0.307399314483139
R4_LHS_03,20260813,V40_A_E5_C9_1T,X,R4_LHS_03,4.063280599500395,4.0307124304916897e-10,8.173409865586123e-11,0.5291431936296596,-0.32682185816104786
R4_LHS_03,20260813,V40_A_E5_C9_1T,X,R4_LHS_03,4.0965861781848245,6.096365079422128e-10,8.47822090310757e-11,0.5099340425641411,-0.26392871009296015
R4_LHS_03,20260813,V40_A_E5_C9_1T,X,R4_LHS_03,4.129891756869254,3.16334319849787e-10,1.0029635455488517e-10,0.4907248914986227,-0.2010355620248724
R4_LHS_03,20260813,V40_A_E5_C9_1T,X,R4_LHS_03,4.163197335553684,4.259820274299386e-10,1.5490993210409698e-10,0.4715157404331043,-0.1381424139567847
R4_LHS_03,20260813,V40_A_E5_C9_1T,X,R4_LHS_03,4.1965029142381125,2.6592145152548596e-10,1.0223479007809289e-10,0.4523065893675864,-0.07524926588869868
R4_LHS_03,20260813,V40_A_E5_C9_1T,X,R4_LHS_03,4.229808492922542,1.2097498003349472e-10,9.409159562601133e-11,0.42351525739071094,0.01298568579527206
R4_LHS_03,20260813,V40_A_E5_C9_1T,X,R4_LHS_03,4.263114071606972,5.966383637145967e-11,7.111546768134858e-11,0.3754468320509873,0.15220238357707938
R4_LHS_03,20260813,V40_A_E5_C9_1T,X,R4_LHS_03,4.296419650291401,3.683129842779742e-11,4.7331027985819674e-11,0.3273784067112636,0.2914190813588867
R4_LHS_03,20260813,V40_A_E5_C9_1T,X,R4_LHS_03,4.329725228975831,1.0055132421138424e-10,3.773942963691823e-11,0.27930998137153995,0.430635779140694
R4_LHS_03,20260813,V40_A_E5_C9_1T,X,R4_LHS_03,4.36303080766026,1.1186107595761996e-10,2.975083721046268e-11,0.23124155603181756,0.5698524769224976
R4_LHS_03,20260813,V40_A_E5_C9_1T,X,R4_LHS_03,4.396336386344689,6.873154823061611e-11,3.013822524877696e-11,0.22502483456061337,0.34324611548480344
R4_LHS_03,20260813,V40_A_E5_C9_1T,X,R4_LHS_03,4.429641965029119,6.166986366018534e-11,2.16064093699897e-11,0.2422858981863843,-0.08857805966139853
R4_LHS_03,20260813,V40_A_E5_C9_1T,X,R4_LHS_03,4.462947543713549,7.336643098598827e-11,2.13755454309128e-11,0.25954696181215525,-0.5204022348076005
R4_LHS_03,20260813,V40_A_E5_C9_1T,X,R4_LHS_03,4.496253122397978,1.0960323620912149e-10,2.6217389370586375e-11,0.27680802543792615,-0.9522264099538025
R4_LHS_03,20260813,V40_A_E5_C9_1T,X,R4_LHS_03,4.529558701082408,1.1414755252125985e-10,3.3620738137951633e-11,0.2940690890636971,-1.3840505851000047
R4_LHS_03,20260813,V40_A_E5_C9_1T,X,R4_LHS_03,4.562864279766837,1.2542279714811144e-10,3.672451578951019e-11,0.3539413040524018,-1.1961398147276112
R4_LHS_03,20260813,V40_A_E5_C9_1T,X,R4_LHS_03,4.596169858451266,2.6760141325077313e-10,4.49146796144273e-11,0.4160931279617583,-0.9750744999447631
R4_LHS_03,20260813,V40_A_E5_C9_1T,X,R4_LHS_03,4.629475437135696,4.857164115357193e-10,8.568202397585267e-11,0.4782449518711147,-0.754009185161915
R4_LHS_03,20260813,V40_A_E5_C9_1T,X,R4_LHS_03,4.6627810158201255,5.613137732396467e-10,2.2993339177102e-10,0.5403967757804712,-0.5329438703790669
R4_LHS_03,20260813,V40_A_E5_C9_1T,X,R4_LHS_03,4.696086594504555,7.299907900382152e-10,5.672129432809925e-10,0.5898108837705768,-0.350224324277943
R4_LHS_03,20260813,V40_A_E5_C9_1T,X,R4_LHS_03,4.729392173188984,1.1851520875794108e-09,1.0311560494358218e-09,0.6025558095689022,-0.2778941122605644
R4_LHS_03,20260813,V40_A_E5_C9_1T,X,R4_LHS_03,4.7626977518734135,1.2787517711387864e-09,1.2412462169208993e-09,0.6153007353672278,-0.2055639002431839
R4_LHS_03,20260813,V40_A_E5_C9_1T,X,R4_LHS_03,4.796003330557843,8.468934442618092e-10,9.973600834101148e-10,0.6280456611655535,-0.1332336882258034
R4_LHS_03,20260813,V40_A_E5_C9_1T,X,R4_LHS_03,4.829308909242273,1.9948652452139726e-10,5.593691065897133e-10,0.6407905869638792,-0.0609034762084229
R4_LHS_03,20260813,V40_A_E5_C9_1T,X,R4_LHS_03,4.862614487926702,1.0213174056472596e-10,3.129258241418853e-10,0.5961759544158346,0.22657459552441594
R4_LHS_03,20260813,V40_A_E5_C9_1T,X,R4_LHS_03,4.895920066611132,1.97993593742396e-10,1.9840858123121308e-10,0.5076515909957431,0.6787520633152871
R4_LHS_03,20260813,V40_A_E5_C9_1T,X,R4_LHS_03,4.929225645295561,1.6817446046868412e-10,1.5826762123083427e-10,0.419127227575654,1.1309295311061462
R4_LHS_03,20260813,V40_A_E5_C9_1T,X,R4_LHS_03,4.96253122397999,8.226577752346032e-11,1.4233839107369306e-10,0.33060286415556256,1.5831069988970174
R4_LHS_03,20260813,V40_A_E5_C9_1T,X,R4_LHS_03,4.99583680266442,3.389334993220139e-11,1.1424243495650188e-10,0.2420785007354711,2.0352844666878886
R4_LHS_03,20260813,V40_A_E5_C9_1T,X,R4_LHS_03,5.02914238134885,9.992076610565448e-12,7.793089784602358e-11,0.2302662112457766,2.0044387371514247
R4_LHS_03,20260813,V40_A_E5_C9_1T,X,R4_LHS_03,5.062447960033279,7.89376897181171e-12,6.603256830217674e-11,0.22941278946042357,1.904589693711062
R4_LHS_03,20260813,V40_A_E5_C9_1T,X,R4_LHS_03,5.095753538717709,1.5209510734193188e-11,5.7743844428248536e-11,0.22855936767507054,1.8047406502706993
R4_LHS_03,20260813,V40_A_E5_C9_1T,X,R4_LHS_03,5.129059117402138,2.7836986188356505e-11,3.730613734598265e-11,0.22770594588971754,1.7048916068303392
R4_LHS_03,20260813,V40_A_E5_C9_1T,X,R4_LHS_03,5.162364696086567,1.9926124986135996e-11,2.6933998434341966e-11,0.24769322247826883,1.5544033482062793
R4_LHS_03,20260813,V40_A_E5_C9_1T,X,R4_LHS_03,5.195670274770997,1.3679185388582038e-11,2.1062889279943597e-11,0.3603550939635388,1.1787321965313224
R4_LHS_03,20260813,V40_A_E5_C9_1T,X,R4_LHS_03,5.2289758534554265,1.958837432536331e-11,1.8107543242606994e-11,0.4730169654488089,0.8030610448563652
R4_LHS_03,20260813,V40_A_E5_C9_1T,X,R4_LHS_03,5.262281432139856,2.674642798905502e-11,2.5579578386003554e-11,0.5856788369340789,0.4273898931814082
R4_LHS_03,20260813,V40_A_E5_C9_1T,X,R4_LHS_03,5.295587010824285,4.408570383751531e-11,5.961928867259658e-11,0.6983407084193459,0.05171874150646105
R4_LHS_03,20260813,V40_A_E5_C9_1T,X,R4_LHS_03,5.3288925895087145,1.1182024750588937e-10,1.8847402805111102e-10,0.7622518007403906,-0.12267180203733866
R4_LHS_03,20260813,V40_A_E5_C9_1T,X,R4_LHS_03,5.362198168193144,3.5191449754279347e-10,4.53902138097817e-10,0.7758644701142198,-0.08939187687439343
R4_LHS_03,20260813,V40_A_E5_C9_1T,X,R4_LHS_03,5.395503746877574,6.742732483466796e-10,9.892097141417366e-10,0.789477139488049,-0.056111951711448185
R4_LHS_03,20260813,V40_A_E5_C9_1T,X,R4_LHS_03,5.428809325562003,6.918168260483526e-10,9.889663532547388e-10,0.8030898088618781,-0.022832026548502943
R4_LHS_03,20260813,V40_A_E5_C9_1T,X,R4_LHS_03,5.462114904246433,4.2804959576869805e-10,4.920510110473231e-10,0.8167024782357073,0.010447898614442286
R4_LHS_03,20260813,V40_A_E5_C9_1T,X,R4_LHS_03,5.495420482930862,1.4606992004839725e-10,1.892753037635586e-10,0.7873506258171262,0.03284240401133624
R4_LHS_03,20260813,V40_A_E5_C9_1T,X,R4_LHS_03,5.528726061615291,5.126077340378288e-11,8.239786630781509e-11,0.7473100387087268,0.052528829368872265
R4_LHS_03,20260813,V40_A_E5_C9_1T,X,R4_LHS_03,5.562031640299721,4.8670512065029925e-11,3.3146003303174965e-11,0.7072694516003274,0.07221525472640827
R4_LHS_03,20260813,V40_A_E5_C9_1T,X,R4_LHS_03,5.595337218984151,3.7222308568729545e-11,2.2157640305886517e-11,0.6672288644919279,0.0919016800839443
R4_LHS_03,20260813,V40_A_E5_C9_1T,X,R4_LHS_03,5.62864279766858,1.9501308554104035e-11,2.354518316427523e-11,0.6226511996651943,0.07461570646243812
R4_LHS_03,20260813,V40_A_E5_C9_1T,X,R4_LHS_03,5.661948376353009,1.3944474915039695e-11,2.033630555620114e-11,0.5411287591320385,-0.2437312302740312
R4_LHS_03,20260813,V40_A_E5_C9_1T,X,R4_LHS_03,5.695253955037439,2.0406655532045903e-11,1.4148913811407038e-11,0.45960631859888046,-0.5620781670105089
R4_LHS_03,20260813,V40_A_E5_C9_1T,X,R4_LHS_03,5.728559533721868,2.5073703530109626e-11,1.5251829313389642e-11,0.3780838780657224,-0.8804251037469868
R4_LHS_03,20260813,V40_A_E5_C9_1T,X,R4_LHS_03,5.761865112406298,2.4884592650376014e-11,1.7375847288780832e-11,0.2965614375325644,-1.1987720404834645
R4_LHS_03,20260813,V40_A_E5_C9_1T,X,R4_LHS_03,5.7951706910907275,9.999348571376743e-12,1.9916863297497756e-11,0.262933621547503,-1.3353000281752363
R4_LHS_03,20260813,V40_A_E5_C9_1T,X,R4_LHS_03,5.828476269775157,1.1396102811422892e-11,2.2523191645085205e-11,0.2960001892789428,-1.2186408812159961
R4_LHS_03,20260813,V40_A_E5_C9_1T,X,R4_LHS_03,5.861781848459586,1.1250896048142778e-11,2.8360919515635352e-11,0.3290667570103817,-1.1019817342567588
R4_LHS_03,20260813,V40_A_E5_C9_1T,X,R4_LHS_03,5.8950874271440155,9.784584600880386e-12,3.4977378632339295e-11,0.36213332474182147,-0.9853225872975186
R4_LHS_03,20260813,V40_A_E5_C9_1T,X,R4_LHS_03,5.928393005828445,1.1845452570213855e-11,3.5565474176824097e-11,0.39519989247326126,-0.8686634403382782
R4_LHS_03,20260813,V40_A_E5_C9_1T,X,R4_LHS_03,5.961698584512875,2.139783836230258e-11,3.7198084890111005e-11,0.43692716474735693,-0.8545440967434359
R4_LHS_03,20260813,V40_A_E5_C9_1T,X,R4_LHS_03,5.995004163197304,3.817102536829431e-11,5.449378795430171e-11,0.48191384195686027,-0.8790150017265881
R4_LHS_03,20260813,V40_A_E5_C9_1T,X,R4_LHS_03,6.028309741881733,5.961607596471907e-11,6.682115277767409e-11,0.5269005191663625,-0.9034859067097396
R4_LHS_03,20260813,V40_A_E5_C9_1T,X,R4_LHS_03,6.061615320566163,5.944425507387052e-11,4.5272004894902906e-11,0.5718871963758658,-0.9279568116928918
R4_LHS_03,20260813,V40_A_E5_C9_1T,X,R4_LHS_03,6.094920899250592,3.814382143474404e-11,3.108204665869252e-11,0.6134557584292871,-0.9546993721732508
R4_LHS_03,20260813,V40_A_E5_C9_1T,X,R4_LHS_03,6.128226477935022,2.1625723781171224e-11,2.811916151312932e-11,0.5612160489769588,-1.0437862557435833
R4_LHS_03,20260813,V40_A_E5_C9_1T,X,R4_LHS_03,6.161532056619452,1.829427581645504e-11,3.0285964708332e-11,0.5089763395246303,-1.1328731393139158
R4_LHS_03,20260813,V40_A_E5_C9_1T,X,R4_LHS_03,6.194837635303881,2.838435909924275e-11,2.0367232206330854e-11,0.4567366300723019,-1.2219600228842484
R4_LHS_03,20260813,V40_A_E5_C9_1T,X,R4_LHS_03,6.22814321398831,2.1539643332846303e-11,1.1771969683771477e-11,0.4044969206199749,-1.3110469064545784
R4_LHS_03,20260813,V40_A_E5_C9_1T,X,R4_LHS_03,6.26144879267274,1.8002708698783287e-11,1.0040131920296957e-11,0.37339420354832836,-1.2334906237012166
R4_LHS_03,20260813,V40_A_E5_C9_1T,X,R4_LHS_03,6.294754371357169,1.5242649156754773e-11,1.1849587283618845e-11,0.3826439264761619,-0.837797387057193
R4_LHS_03,20260813,V40_A_E5_C9_1T,X,R4_LHS_03,6.328059950041599,1.1630249714678076e-11,1.6197652594196477e-11,0.3918936494039955,-0.4421041504131693
R4_LHS_03,20260813,V40_A_E5_C9_1T,X,R4_LHS_03,6.3613655287260285,7.964430330520411e-12,1.208885595793685e-11,0.40114337233182906,-0.04641091376914552
R4_LHS_03,20260813,V40_A_E5_C9_1T,X,R4_LHS_03,6.394671107410458,8.699002455869742e-12,8.273663004709775e-12,0.4103930952596626,0.34928232287487804
R4_LHS_03,20260813,V40_A_E5_C9_1T,X,R4_LHS_03,6.427976686094887,1.021113315430311e-11,1.538414187707282e-11,0.4163311197051001,0.4544829892725078
R4_LHS_03,20260813,V40_A_E5_C9_1T,X,R4_LHS_03,6.461282264779316,8.401148700321048e-12,2.184711092589886e-11,0.420504226995249,0.40487024996997323
R4_LHS_03,20260813,V40_A_E5_C9_1T,X,R4_LHS_03,6.494587843463746,1.0805270740654738e-11,2.8857286352157452e-11,0.42467733428539783,0.3552575106674386
R4_LHS_03,20260813,V40_A_E5_C9_1T,X,R4_LHS_03,6.527893422148176,1.825603036798018e-11,5.1076479851142054e-11,0.4288504415755467,0.305644771364904
R4_LHS_03,20260813,V40_A_E5_C9_1T,X,R4_LHS_03,6.561199000832605,3.063237163924981e-11,9.731170730331584e-11,0.43302354886569555,0.25603203206236935
R4_LHS_03,20260813,V40_A_E5_C9_1T,X,R4_LHS_03,6.594504579517034,3.4159040179781996e-11,1.0250187504334818e-10,0.4227520966162591,0.26077859688063243
R4_LHS_03,20260813,V40_A_E5_C9_1T,X,R4_LHS_03,6.627810158201464,5.055068169612653e-11,8.021423802961891e-11,0.41189346714976627,0.2677348895086833
R4_LHS_03,20260813,V40_A_E5_C9_1T,X,R4_LHS_03,6.661115736885893,3.585987409793212e-11,6.383094747208773e-11,0.40103483768327347,0.27469118213673416
R4_LHS_03,20260813,V40_A_E5_C9_1T,X,R4_LHS_03,6.694421315570323,5.077459980240562e-11,5.963752408577605e-11,0.3901762082167806,0.2816474747647851
R4_LHS_03,20260813,V40_A_E5_C9_1T,X,R4_LHS_03,6.727726894254753,4.3062092086598724e-11,6.335747898544852e-11,0.38072358810038087,0.247208626120412
R4_LHS_03,20260813,V40_A_E5_C9_1T,X,R4_LHS_03,6.761032472939182,5.982433298745704e-11,9.333155082114075e-11,0.37508145709220403,0.1005829453319407
R4_LHS_03,20260813,V40_A_E5_C9_1T,X,R4_LHS_03,6.794338051623611,9.050151600353828e-11,9.345528517723523e-11,0.3694393260840274,-0.04604273545652665
R4_LHS_03,20260813,V40_A_E5_C9_1T,X,R4_LHS_03,6.827643630308041,4.967870559369203e-11,4.1079681323275e-11,0.36379719507585057,-0.19266841624499798
R4_LHS_03,20260813,V40_A_E5_C9_1T,X,R4_LHS_03,6.86094920899247,4.1701250091952247e-11,4.4446221009186715e-11,0.3581550640676738,-0.33929409703346924
R4_LHS_03,20260813,V40_A_E5_C9_1T,X,R4_LHS_03,6.8942547876769,3.339055074103037e-11,4.072752898820475e-11,0.3400151550174252,-0.3320121277033721
R4_LHS_03,20260813,V40_A_E5_C9_1T,X,R4_LHS_03,6.927560366361329,1.3854806191204716e-11,1.884539399532592e-11,0.31275524577431385,-0.21241917044891875
R4_LHS_03,20260813,V40_A_E5_C9_1T,X,R4_LHS_03,6.960865945045758,1.0773067334046704e-11,2.1688201581882005e-11,0.28549533653120324,-0.09282621319446865
R4_LHS_03,20260813,V40_A_E5_C9_1T,X,R4_LHS_03,6.994171523730188,2.1974392791501707e-11,3.0238356957257295e-11,0.2582354272880919,0.026766744059984637
R4_LHS_03,20260813,V40_A_E5_C9_1T,X,R4_LHS_03,7.027477102414617,1.8357886391595635e-11,3.362769784853725e-11,0.23097551804498054,0.14635970131443798
R4_LHS_03,20260813,V40_A_E5_C9_1T,X,R4_LHS_03,7.060782681099047,2.026423299994473e-11,4.033992584417945e-11,0.2771620372749196,0.079805677826457
R4_LHS_03,20260813,V40_A_E5_C9_1T,X,R4_LHS_03,7.094088259783477,3.048124253002271e-11,5.869677660585992e-11,0.33273158040670137,-0.010529237474432046
R4_LHS_03,20260813,V40_A_E5_C9_1T,X,R4_LHS_03,7.127393838467906,2.929702314080629e-11,3.75336324520692e-11,0.3883011235384831,-0.10086415277532107
R4_LHS_03,20260813,V40_A_E5_C9_1T,X,R4_LHS_03,7.160699417152335,4.553816351782203e-11,4.767847575082307e-11,0.44387066667026337,-0.19119906807620773
R4_LHS_03,20260813,V40_A_E5_C9_1T,X,R4_LHS_03,7.194004995836765,5.376705330961684e-11,6.010327652239411e-11,0.48512843233858105,-0.26964574392193286
R4_LHS_03,20260813,V40_A_E5_C9_1T,X,R4_LHS_03,7.227310574521194,5.767000765821706e-11,6.921282991179112e-11,0.4674216748574292,-0.29911287321238433
R4_LHS_03,20260813,V40_A_E5_C9_1T,X,R4_LHS_03,7.260616153205624,3.028984355002429e-11,3.892975525277009e-11,0.44971491737627733,-0.3285800025028358
R4_LHS_03,20260813,V40_A_E5_C9_1T,X,R4_LHS_03,7.2939217318900536,3.607847354203386e-11,3.3796576648370547e-11,0.4320081598951255,-0.35804713179328723
R4_LHS_03,20260813,V40_A_E5_C9_1T,X,R4_LHS_03,7.327227310574482,9.056567301657381e-11,7.281172192952212e-11,0.41430140241397406,-0.38751426108373793
R4_LHS_03,20260813,V40_A_E5_C9_1T,X,R4_LHS_03,7.360532889258912,5.3096881058589673e-11,5.6950593546600814e-11,0.39586302801830175,-0.3811589290111088
R4_LHS_03,20260813,V40_A_E5_C9_1T,X,R4_LHS_03,7.3938384679433415,1.2585542330523225e-10,7.202412971585304e-11,0.3767043796060085,-0.3395365225732768
R4_LHS_03,20260813,V40_A_E5_C9_1T,X,R4_LHS_03,7.427144046627771,4.621729041143219e-11,6.464678792283962e-11,0.35754573119371524,-0.29791411613544483
R4_LHS_03,20260813,V40_A_E5_C9_1T,X,R4_LHS_03,7.460449625312201,4.4657711556483903e-11,6.743253178065345e-11,0.33838708278142204,-0.2562917096976129
R4_LHS_03,20260813,V40_A_E5_C9_1T,X,R4_LHS_03,7.49375520399663,4.586356988633966e-11,4.112912441178729e-11,0.3192284343691288,-0.2146693032597809
R4_LHS_03,20260813,V40_A_E5_C9_1T,X,R4_LHS_03,7.527060782681059,2.0479718615407094e-11,2.648690988760194e-11,0.31066032216808975,-0.23463220126325166
R4_LHS_03,20260813,V40_A_E5_C9_1T,X,R4_LHS_03,7.560366361365489,1.593983452174985e-11,3.789625557804044e-11,0.30453617986195486,-0.26880709259932917
R4_LHS_03,20260813,V40_A_E5_C9_1T,X,R4_LHS_03,7.593671940049918,1.2037512479856627e-11,2.4993253994187725e-11,0.29841203755581996,-0.3029819839354067
R4_LHS_03,20260813,V40_A_E5_C9_1T,X,R4_LHS_03,7.626977518734348,1.702077541410052e-11,2.8014261049813527e-11,0.29228789524968507,-0.33715687527148425
R4_LHS_03,20260813,V40_A_E5_C9_1T,X,R4_LHS_03,7.660283097418778,1.8734298834477414e-11,3.374716478488082e-11,0.28906322557860714,-0.3701971294877935
R4_LHS_03,20260813,V40_A_E5_C9_1T,X,R4_LHS_03,7.693588676103206,2.943251198317398e-11,4.731572772476156e-11,0.30688311535551793,-0.3950021142864308
R4_LHS_03,20260813,V40_A_E5_C9_1T,X,R4_LHS_03,7.726894254787636,2.233077958657681e-11,4.3501650198729536e-11,0.3247030051324292,-0.4198070990850688
R4_LHS_03,20260813,V40_A_E5_C9_1T,X,R4_LHS_03,7.760199833472066,9.253687399679578e-11,6.767170851462723e-11,0.34252289490934046,-0.44461208388370677
R4_LHS_03,20260813,V40_A_E5_C9_1T,X,R4_LHS_03,7.793505412156495,8.907310999894946e-11,9.281796164994915e-11,0.3603427846862517,-0.46941706868234473
R4_LHS_03,20260813,V40_A_E5_C9_1T,X,R4_LHS_03,7.826810990840925,1.2015176353852297e-10,1.0996421828668446e-10,0.36462939172660547,-0.5324637687375038
R4_LHS_03,20260813,V40_A_E5_C9_1T,X,R4_LHS_03,7.8601165695253545,2.2535814880875193e-10,1.6271749225804655e-10,0.3509536416802573,-0.6462676544967675
R4_LHS_03,20260813,V40_A_E5_C9_1T,X,R4_LHS_03,7.893422148209783,1.20207940823569e-10,8.909847165616824e-11,0.3372778916339095,-0.7600715402560281
R4_LHS_03,20260813,V40_A_E5_C9_1T,X,R4_LHS_03,7.926727726894213,1.8935152057419913e-10,9.805316975031175e-11,0.3236021415875613,-0.8738754260152919
R4_LHS_03,20260813,V40_A_E5_C9_1T,X,R4_LHS_03,7.9600333055786425,1.264247040388966e-10,1.5684147036676421e-10,0.30992639154121315,-0.9876793117745556
R4_LHS_03,20260813,V40_A_E5_C9_1T,X,R4_LHS_03,7.993338884263072,1.225075735300507e-10,7.848529465226406e-11,0.3010044152244341,-1.091574124055145
R4_LHS_03,20260813,V40_A_E5_C9_1T,X,R4_LHS_03,8.026644462947502,1.2969635088122544e-10,5.6753435284662146e-11,0.2937676391186661,-1.1919561960020253
R4_LHS_03,20260813,V40_A_E5_C9_1T,X,R4_LHS_03,8.05995004163193,6.823488996055005e-11,4.309550286074604e-11,0.2865308630128983,-1.2923382679489028
R4_LHS_03,20260813,V40_A_E5_C9_1T,X,R4_LHS_03,8.093255620316361,5.196465827084218e-11,2.505414278819451e-11,0.27929408690713015,-1.3927203398957855
R4_LHS_03,20260813,V40_A_E5_C9_1T,X,R4_LHS_03,8.12656119900079,2.2516138259431884e-11,3.668405162970956e-11,0.27164370836465196,-1.4993408021085153
R4_LHS_03,20260813,V40_A_E5_C9_1T,X,R4_LHS_03,8.159866777685219,1.004618870731333e-11,1.987424808058691e-11,0.25558341360906117,-1.7328085330602576
R4_LHS_03,20260813,V40_A_E5_C9_1T,X,R4_LHS_03,8.193172356369649,9.90665882660835e-12,1.4561131814194717e-11,0.23952311885346952,-1.9662762640120124
R4_LHS_03,20260813,V40_A_E5_C9_1T,X,R4_LHS_03,8.226477935054078,1.0140330415631116e-11,9.983750805242497e-12,0.22346282409787874,-2.1997439949637547
R4_LHS_03,20260813,V40_A_E5_C9_1T,X,R4_LHS_03,8.259783513738508,7.110932936232883e-12,1.1827373282147224e-11,0.2074025293422871,-2.4332117259155095
R4_LHS_03,20260813,V40_A_E5_C9_1T,X,R4_LHS_03,8.293089092422937,7.034643700887244e-12,1.6148369100243976e-11,0.20271678498444437,-2.472885621080385
R4_LHS_03,20260813,V40_A_E5_C9_1T,X,R4_LHS_03,8.326394671107368,1.4658205205186903e-11,2.5672802425602548e-11,0.21865522541372573,-2.161175088719649
R4_LHS_03,20260813,V40_A_E5_C9_1T,X,R4_LHS_03,8.359700249791796,2.335980540946192e-11,3.075641824556996e-11,0.23459366584300623,-1.8494645563589294
R4_LHS_03,20260813,V40_A_E5_C9_1T,X,R4_LHS_03,8.393005828476225,2.7658847434608447e-11,2.2358011275702694e-11,0.2505321062722867,-1.5377540239982097
R4_LHS_03,20260813,V40_A_E5_C9_1T,X,R4_LHS_03,8.426311407160656,2.1879749748099364e-11,2.2598830792808222e-11,0.2664705467015681,-1.2260434916374736
R4_LHS_03,20260813,V40_A_E5_C9_1T,X,R4_LHS_03,8.459616985845084,1.9510578916359655e-11,1.815876095323521e-11,0.26969919541694043,-1.1363747101044475
R4_LHS_03,20260813,V40_A_E5_C9_1T,X,R4_LHS_03,8.492922564529515,3.3013539818549376e-11,1.772074501027454e-11,0.2664981847946887,-1.1590329319313115
R4_LHS_03,20260813,V40_A_E5_C9_1T,X,R4_LHS_03,8.526228143213944,2.702385884512104e-11,2.13055302566989e-11,0.2632971741724371,-1.181691153758174
R4_LHS_03,20260813,V40_A_E5_C9_1T,X,R4_LHS_03,8.559533721898372,1.625130759130844e-11,2.051285183379825e-11,0.2600961635501855,-1.2043493755850367
R4_LHS_03,20260813,V40_A_E5_C9_1T,X,R4_LHS_03,8.592839300582803,5.548845671138336e-12,1.509393131315928e-11,0.25689515292793375,-1.2270075974119006
R4_LHS_03,20260813,V40_A_E5_C9_1T,X,R4_LHS_03,8.626144879267232,9.920859272982696e-12,1.9330878911483218e-11,0.24477068732471674,-1.2176977490306793
R4_LHS_03,20260813,V40_A_E5_C9_1T,X,R4_LHS_03,8.659450457951662,9.520884081126724e-12,1.2799569563959334e-11,0.23239536154131163,-1.2074891998805568
R4_LHS_03,20260813,V40_A_E5_C9_1T,X,R4_LHS_03,8.69275603663609,7.1848828969711676e-12,1.3034740821427082e-11,0.22002003575790718,-1.1972806507304348
R4_LHS_03,20260813,V40_A_E5_C9_1T,X,R4_LHS_03,8.72606161532052,9.830192215787292e-12,1.3622978613236914e-11,0.20764470997450274,-1.1870721015803127
R4_LHS_03,20260813,V40_A_E5_C9_1T,X,R4_LHS_03,8.75936719400495,1.33896210091633e-11,1.9186943700510994e-11,0.21981509761895768,-1.1258755192768537
R4_LHS_03,20260813,V40_A_E5_C9_1T,X,R4_LHS_03,8.792672772689379,1.1328766917617639e-11,1.6436440750111636e-11,0.29471341957905,-0.9343761855815476
R4_LHS_03,20260813,V40_A_E5_C9_1T,X,R4_LHS_03,8.82597835137381,1.4183503330156277e-11,1.259958110066961e-11,0.3696117415391463,-0.7428768518862311
R4_LHS_03,20260813,V40_A_E5_C9_1T,X,R4_LHS_03,8.859283930058238,1.3863353173770854e-11,1.5218699564445437e-11,0.4445100634992386,-0.5513775181909248
R4_LHS_03,20260813,V40_A_E5_C9_1T,X,R4_LHS_03,8.892589508742669,1.5294621472095038e-11,3.368809745052381e-11,0.5194083854593349,-0.3598781844956084
R4_LHS_03,20260813,V40_A_E5_C9_1T,X,R4_LHS_03,8.925895087427097,3.681348975659304e-11,5.798909963328214e-11,0.5601639012115193,-0.2600476199157716
R4_LHS_03,20260813,V40_A_E5_C9_1T,X,R4_LHS_03,8.959200666111526,6.793297174789714e-11,1.4248505153524604e-10,0.5771777305277461,-0.22396023915793645
R4_LHS_03,20260813,V40_A_E5_C9_1T,X,R4_LHS_03,8.992506244795957,1.0493406837897012e-10,1.862452275736004e-10,0.594191559843974,-0.18787285840009943
R4_LHS_03,20260813,V40_A_E5_C9_1T,X,R4_LHS_03,9.025811823480385,8.50342157798778e-11,1.0893635299380477e-10,0.6112053891602008,-0.15178547764226433
R4_LHS_03,20260813,V40_A_E5_C9_1T,X,R4_LHS_03,9.059117402164816,3.5598943931569593e-11,5.586635321019884e-11,0.6282192184764287,-0.11569809688442731
R4_LHS_03,20260813,V40_A_E5_C9_1T,X,R4_LHS_03,9.092422980849244,1.3037368927493187e-11,2.989163083721991e-11,0.5870028613111947,0.0035886177351156234
R4_LHS_03,20260813,V40_A_E5_C9_1T,X,R4_LHS_03,9.125728559533673,1.3027264163245622e-11,2.3576106344957992e-11,0.5392039613263195,0.13228047444337024
R4_LHS_03,20260813,V40_A_E5_C9_1T,X,R4_LHS_03,9.159034138218104,1.0418397915212818e-11,1.5508332465441477e-11,0.4914050613414419,0.2609723311516317
R4_LHS_03,20260813,V40_A_E5_C9_1T,X,R4_LHS_03,9.192339716902532,8.984124208466504e-12,1.578643812893965e-11,0.4436061613565668,0.3896641878598863
R4_LHS_03,20260813,V40_A_E5_C9_1T,X,R4_LHS_03,9.225645295586963,9.462906153112627e-12,1.3375123925074561e-11,0.40127424328749894,0.5089051190959175
R4_LHS_03,20260813,V40_A_E5_C9_1T,X,R4_LHS_03,9.258950874271392,6.107191141691004e-12,1.6806505839794816e-11,0.3798818974619993,0.5919472225798283
R4_LHS_03,20260813,V40_A_E5_C9_1T,X,R4_LHS_03,9.29225645295582,4.533604828355076e-12,2.1658799753687674e-11,0.35848955163649965,0.6749893260637392
R4_LHS_03,20260813,V40_A_E5_C9_1T,X,R4_LHS_03,9.325562031640251,3.813663794483002e-12,1.972717995901707e-11,0.3370972058109989,0.7580314295476546
R4_LHS_03,20260813,V40_A_E5_C9_1T,X,R4_LHS_03,9.35886761032468,6.493824575293239e-12,1.2334986330964082e-11,0.3157048599854992,0.8410735330315655
R4_LHS_03,20260813,V40_A_E5_C9_1T,X,R4_LHS_03,9.39217318900911,1.4465775799443747e-11,1.1263997547195093e-11,0.2924232252382608,0.7277405176134825
R4_LHS_03,20260813,V40_A_E5_C9_1T,X,R4_LHS_03,9.425478767693539,2.2168045177295426e-11,7.154580313611936e-12,0.26736680392817946,0.4299339056511251
R4_LHS_03,20260813,V40_A_E5_C9_1T,X,R4_LHS_03,9.458784346377968,2.3043270416800432e-11,7.895416959113888e-12,0.24231038261809806,0.13212729368876763
R4_LHS_03,20260813,V40_A_E5_C9_1T,X,R4_LHS_03,9.492089925062398,1.734523462360027e-11,9.87623437892493e-12,0.21725396130801536,-0.1656793182736056
R4_LHS_03,20260813,V40_A_E5_C9_1T,X,R4_LHS_03,9.525395503746827,1.00050670873153e-11,1.909819524748002e-11,0.19219753999793399,-0.4634859302359631
R4_LHS_03,20260813,V40_A_E5_C9_1T,X,R4_LHS_03,9.558701082431257,4.5664479142448755e-12,1.9495398351221382e-11,0.1954793500389093,-0.5288828510626675
R4_LHS_03,20260813,V40_A_E5_C9_1T,X,R4_LHS_03,9.592006661115686,7.923854281055576e-12,1.31113366691471e-11,0.20480485870925536,-0.5447137240168459
R4_LHS_03,20260813,V40_A_E5_C9_1T,X,R4_LHS_03,9.625312239800117,1.2257286331751605e-11,1.1051359480318546e-11,0.21413036737960195,-0.5605445969710251
R4_LHS_03,20260813,V40_A_E5_C9_1T,X,R4_LHS_03,9.658617818484545,1.2413955280399236e-11,1.18571871071671e-11,0.22345587604994802,-0.5763754699252035
R4_LHS_03,20260813,V40_A_E5_C9_1T,X,R4_LHS_03,9.691923397168974,8.198360393341098e-12,8.585474345346178e-12,0.23425512556777606,-0.564562818837305
R4_LHS_03,20260813,V40_A_E5_C9_1T,X,R4_LHS_03,9.725228975853405,1.3461991070495838e-11,9.557426031148175e-12,0.25467703591328156,-0.37225421665113123
R4_LHS_03,20260813,V40_A_E5_C9_1T,X,R4_LHS_03,9.758534554537833,2.1371482708532064e-11,1.1692476847846578e-11,0.27509894625878595,-0.17994561446496782
R4_LHS_03,20260813,V40_A_E5_C9_1T,X,R4_LHS_03,9.791840133222264,1.2739561142116607e-11,1.1245598202647145e-11,0.29552085660429145,0.01236298772120592
R4_LHS_03,20260813,V40_A_E5_C9_1T,X,R4_LHS_03,9.825145711906693,6.949997001515218e-12,8.374342018446779e-12,0.31594276694979584,0.20467158990736933
R4_LHS_03,20260813,V40_A_E5_C9_1T,X,R4_LHS_03,9.858451290591121,4.079839330956014e-12,7.290145050131702e-12,0.3303226576707049,0.394319940665485
R4_LHS_03,20260813,V40_A_E5_C9_1T,X,R4_LHS_03,9.891756869275552,3.4269236753869947e-12,5.3571847478950385e-12,0.3370564527604903,0.5806017785544886
R4_LHS_03,20260813,V40_A_E5_C9_1T,X,R4_LHS_03,9.92506244795998,3.62285852359423e-12,4.762281281128766e-12,0.3437902478502753,0.7668836164434824
R4_LHS_03,20260813,V40_A_E5_C9_1T,X,R4_LHS_03,9.958368026644411,3.3898693314188266e-12,6.578609618862474e-12,0.3505240429400607,0.953165454332486
R4_LHS_03,20260813,V40_A_E5_C9_1T,X,R4_LHS_03,9.99167360532884,8.731015910257156e-12,8.268812717870944e-12,0.3572578380298457,1.1394472922214796
R4_LHS_03,20260813,V40_A_E5_C9_1T,X,R4_LHS_03,10.024979184013269,1.2961674268618939e-11,5.864803868244062e-12,0.33544125165371597,0.9701311060232902
R4_LHS_03,20260813,V40_A_E5_C9_1T,X,R4_LHS_03,10.0582847626977,9.38902167818556e-12,5.434507444751491e-12,0.30410787145561363,0.6822822451293662
R4_LHS_03,20260813,V40_A_E5_C9_1T,X,R4_LHS_03,10.091590341382128,6.714282775599489e-12,8.126932286856015e-12,0.27277449125751296,0.3944333842354574
R4_LHS_03,20260813,V40_A_E5_C9_1T,X,R4_LHS_03,10.124895920066558,5.6868060607784265e-12,8.928809080988032e-12,0.2414411110594106,0.10658452334153345
R4_LHS_03,20260813,V40_A_E5_C9_1T,X,R4_LHS_03,10.158201498750987,4.218397332833579e-12,1.2992298209502096e-11,0.2117888193196004,-0.16940003226539802
R4_LHS_03,20260813,V40_A_E5_C9_1T,X,R4_LHS_03,10.191507077435418,5.746924637561879e-12,2.7919198203329998e-11,0.20914601547632677,-0.2547647495948728
R4_LHS_03,20260813,V40_A_E5_C9_1T,X,R4_LHS_03,10.224812656119846,5.473327954058638e-12,2.4374734869381243e-11,0.20650321163305332,-0.3401294669243429
R4_LHS_03,20260813,V40_A_E5_C9_1T,X,R4_LHS_03,10.258118234804275,6.445949676803231e-12,1.2593065479293841e-11,0.20386040778977985,-0.42549418425381313
R4_LHS_03,20260813,V40_A_E5_C9_1T,X,R4_LHS_03,10.291423813488706,7.900278521655313e-12,1.1139188529907251e-11,0.20121760394650623,-0.5108589015832878
R4_LHS_03,20260813,V40_A_E5_C9_1T,X,R4_LHS_03,10.324729392173134,8.196142549377061e-12,1.2989589438794358e-11,0.20545919228354487,-0.643276212763333
R4_LHS_03,20260813,V40_A_E5_C9_1T,X,R4_LHS_03,10.358034970857565,8.126212376613484e-12,8.57413359062198e-12,0.2215653713994188,-0.8567841644092652
R4_LHS_03,20260813,V40_A_E5_C9_1T,X,R4_LHS_03,10.391340549541994,6.840610976971417e-12,9.908278190973174e-12,0.23767155051529182,-1.0702921160551861
R4_LHS_03,20260813,V40_A_E5_C9_1T,X,R4_LHS_03,10.424646128226422,1.1613925966769134e-11,1.3330396682331713e-11,0.25377772963116485,-1.2838000677011068
R4_LHS_03,20260813,V40_A_E5_C9_1T,X,R4_LHS_03,10.457951706910853,1.1452620969631955e-11,1.0226703164861739e-11,0.2698839087470388,-1.497308019347039
R4_LHS_03,20260813,V40_A_E5_C9_1T,X,R4_LHS_03,10.491257285595282,6.4756789340536525e-12,9.851975138475133e-12,0.27394954779563,-1.5351203531150917
R4_LHS_03,20260813,V40_A_E5_C9_1T,X,R4_LHS_03,10.524562864279712,1.002860121335214e-11,9.227732293559665e-12,0.272238511551826,-1.4886394135660161
R4_LHS_03,20260813,V40_A_E5_C9_1T,X,R4_LHS_03,10.557868442964141,1.7228864168661318e-11,9.385375289439057e-12,0.270527475308022,-1.442158474016943
R4_LHS_03,20260813,V40_A_E5_C9_1T,X,R4_LHS_03,10.59117402164857,1.8941338081335246e-11,9.778591998632624e-12,0.26881643906421804,-1.3956775344678702
R4_LHS_03,20260813,V40_A_E5_C9_1T,X,R4_LHS_03,10.624479600333,1.5597410515932886e-11,9.041782947361021e-12,0.267105402820414,-1.3491965949187947
R4_LHS_03,20260813,V40_A_E5_C9_1T,X,R4_LHS_03,10.657785179017429,1.5105005787829917e-11,8.192942851925622e-12,0.3112944864065428,-1.0000765888418943
R4_LHS_03,20260813,V40_A_E5_C9_1T,X,R4_LHS_03,10.69109075770186,1.2901078642879593e-11,7.952393951682346e-12,0.35621214332330603,-0.6461527880581955
R4_LHS_03,20260813,V40_A_E5_C9_1T,X,R4_LHS_03,10.724396336386288,1.3990103346628313e-11,1.0915801249011814e-11,0.40112980024006684,-0.29222898727451585
R4_LHS_03,20260813,V40_A_E5_C9_1T,X,R4_LHS_03,10.757701915070717,1.961202034106435e-11,1.5211271478521304e-11,0.4460474571568277,0.06169481350916395
R4_LHS_03,20260813,V40_A_E5_C9_1T,X,R4_LHS_03,10.791007493755147,2.1458225821224808e-11,2.601223923759388e-11,0.46169616144265196,0.33079025161752773
R4_LHS_03,20260813,V40_A_E5_C9_1T,X,R4_LHS_03,10.824313072439576,2.0569327491282152e-11,3.015418470475595e-11,0.40670912671248005,0.39516657446941444
R4_LHS_03,20260813,V40_A_E5_C9_1T,X,R4_LHS_03,10.857618651124007,1.991874547246919e-11,2.7238950678354357e-11,0.3517220919823052,0.4595428973213046
R4_LHS_03,20260813,V40_A_E5_C9_1T,X,R4_LHS_03,10.890924229808435,9.764561555158924e-12,2.29975708615493e-11,0.2967350572521333,0.5239192201731914
R4_LHS_03,20260813,V40_A_E5_C9_1T,X,R4_LHS_03,10.924229808492866,4.742749162151005e-12,1.767472973535078e-11,0.24174802252195846,0.5882955430250816
R4_LHS_03,20260813,V40_A_E5_C9_1T,X,R4_LHS_03,10.957535387177295,6.331258867869893e-12,1.5419785240333717e-11,0.2354605699905655,0.44515372136549447
R4_LHS_03,20260813,V40_A_E5_C9_1T,X,R4_LHS_03,10.990840965861723,5.201034915247593e-12,1.2726675616137051e-11,0.261428684889526,0.1645648169775572
R4_LHS_03,20260813,V40_A_E5_C9_1T,X,R4_LHS_03,11.024146544546154,3.055275433691551e-12,5.973230590705647e-12,0.28739679978848776,-0.11602408741039505
R4_LHS_03,20260813,V40_A_E5_C9_1T,X,R4_LHS_03,11.057452123230583,5.307738623616665e-12,6.736740505719485e-12,0.3133649146874482,-0.3966129917983323
R4_LHS_03,20260813,V40_A_E5_C9_1T,X,R4_LHS_03,11.090757701915013,8.881125869442119e-12,7.8229133240737e-12,0.3393330295864101,-0.6772018961862847
R4_LHS_03,20260813,V40_A_E5_C9_1T,X,R4_LHS_03,11.124063280599442,8.044543330087972e-12,6.314952033514842e-12,0.3254655119679946,-0.6512038955630899
R4_LHS_03,20260813,V40_A_E5_C9_1T,X,R4_LHS_03,11.15736885928387,6.292931887391662e-12,8.645445470634172e-12,0.3076657216118139,-0.5949419515267896
R4_LHS_03,20260813,V40_A_E5_C9_1T,X,R4_LHS_03,11.190674437968301,6.0964627443538255e-12,6.506162796016124e-12,0.28986593125563215,-0.5386800074904864
R4_LHS_03,20260813,V40_A_E5_C9_1T,X,R4_LHS_03,11.22398001665273,7.343550247063124e-12,6.795166426071253e-12,0.27206614089945136,-0.48241806345418614
R4_LHS_03,20260813,V40_A_E5_C9_1T,X,R4_LHS_03,11.25728559533716,1.9825819805308065e-11,5.5970545038974695e-12,0.25963984396336615,-0.40757770609299016
R4_LHS_03,20260813,V40_A_E5_C9_1T,X,R4_LHS_03,11.29059117402159,4.646906817673546e-11,4.788418793422178e-12,0.26640459495619095,-0.26638587257149016
R4_LHS_03,20260813,V40_A_E5_C9_1T,X,R4_LHS_03,11.323896752706018,5.7848743156840854e-11,8.03210883221217e-12,0.27316934594901576,-0.1251940390499901
R4_LHS_03,20260813,V40_A_E5_C9_1T,X,R4_LHS_03,11.357202331390448,3.039814580607647e-11,9.22347875159657e-12,0.2799340969418409,0.0159977944715175
R4_LHS_03,20260813,V40_A_E5_C9_1T,X,R4_LHS_03,11.390507910074877,7.758975753557884e-12,6.047634181632899e-12,0.2866988479346657,0.1571896279930176
R4_LHS_03,20260813,V40_A_E5_C9_1T,X,R4_LHS_03,11.423813488759308,2.366296828620884e-12,5.499709628681293e-12,0.2897644083664677,0.20294814609878137
R4_LHS_03,20260813,V40_A_E5_C9_1T,X,R4_LHS_03,11.457119067443736,2.4994767540420515e-12,6.258933475666861e-12,0.2895143979991306,0.16317013705414432
R4_LHS_03,20260813,V40_A_E5_C9_1T,X,R4_LHS_03,11.490424646128167,3.3317198826210426e-12,4.961793996505204e-12,0.28926438763179346,0.12339212800950512
R4_LHS_03,20260813,V40_A_E5_C9_1T,X,R4_LHS_03,11.523730224812596,7.7608232340598e-12,8.461389575109557e-12,0.2890143772644564,0.08361411896486806
R4_LHS_03,20260813,V40_A_E5_C9_1T,X,R4_LHS_03,11.557035803497024,5.6304947683438744e-12,6.470490376137006e-12,0.28876436689711926,0.043836109920231014
R4_LHS_03,20260813,V40_A_E5_C9_1T,X,R4_LHS_03,11.590341382181455,2.4178823006260064e-12,3.684139798787456e-12,0.27653238442815536,0.33029008258157627
R4_LHS_03,20260813,V40_A_E5_C9_1T,X,R4_LHS_03,11.623646960865884,5.143902664928035e-12,4.023462986391113e-12,0.2619487999579389,0.6807708927739703
R4_LHS_03,20260813,V40_A_E5_C9_1T,X,R4_LHS_03,11.656952539550314,8.370728589446319e-12,3.824215250025631e-12,0.2473652154877216,1.031251702966383
R4_LHS_03,20260813,V40_A_E5_C9_1T,X,R4_LHS_03,11.690258118234743,8.281362574857898e-12,3.5202632909375753e-12,0.23278163101750515,1.3817325131587772
R4_LHS_03,20260813,V40_A_E5_C9_1T,X,R4_LHS_03,11.723563696919172,7.0103150714984075e-12,3.1982409342407037e-12,0.22178459174924844,1.6646419424101477
R4_LHS_03,20260813,V40_A_E5_C9_1T,X,R4_LHS_03,11.756869275603602,6.274683463786124e-12,4.473416862632584e-12,0.23201602273042987,1.5476018466322108
R4_LHS_03,20260813,V40_A_E5_C9_1T,X,R4_LHS_03,11.790174854288031,1.2037137779585816e-11,3.518865971177676e-12,0.24224745371161074,1.4305617508542803
R4_LHS_03,20260813,V40_A_E5_C9_1T,X,R4_LHS_03,11.823480432972461,1.3250608943415898e-11,2.571616097152285e-12,0.25247888469279217,1.3135216550763436
R4_LHS_03,20260813,V40_A_E5_C9_1T,X,R4_LHS_03,11.85678601165689,6.532166734601885e-12,4.78772360298918e-12,0.26271031567397307,1.1964815592984128
R4_LHS_03,20260813,V40_A_E5_C9_1T,X,R4_LHS_03,11.890091590341319,2.2185866425245004e-12,7.638031700174519e-12,0.28188864225451954,1.1662931330098811
R4_LHS_03,20260813,V40_A_E5_C9_1T,X,R4_LHS_03,11.92339716902575,1.8918169981951838e-12,5.26798136363249e-12,0.3118649462825764,1.2409256871395797
R4_LHS_03,20260813,V40_A_E5_C9_1T,X,R4_LHS_03,11.956702747710178,5.390350058670501e-12,7.90089174640407e-12,0.3418412503106316,1.3155582412692743
R4_LHS_03,20260813,V40_A_E5_C9_1T,X,R4_LHS_03,11.990008326394609,1.8096309173376568e-11,1.2725689425840958e-11,0.37181755433868846,1.390190795398973
R4_LHS_03,20260813,V40_A_E5_C9_1T,X,R4_LHS_03,12.023313905079037,1.9007271451210173e-11,7.382627495444716e-12,0.40179385836674364,1.4648233495286673
R4_LHS_03,20260813,V40_A_E5_C9_1T,X,R4_LHS_03,12.056619483763466,1.2593010835504348e-11,6.666071774436011e-12,0.37870252247803615,1.6302868893104827
R4_LHS_03,20260813,V40_A_E5_C9_1T,X,R4_LHS_03,12.089925062447897,4.0883537874569775e-12,5.326162687974145e-12,0.33901054025639155,1.8241642246039953
R4_LHS_03,20260813,V40_A_E5_C9_1T,X,R4_LHS_03,12.123230641132325,4.19777363910856e-12,3.5837287998274903e-12,0.2993185580347491,2.0180415598974975
R4_LHS_03,20260813,V40_A_E5_C9_1T,X,R4_LHS_03,12.156536219816756,4.617848638199806e-12,5.3960729114177486e-12,0.2596265758131045,2.2119188951910105
R4_LHS_03,20260813,V40_A_E5_C9_1T,X,R4_LHS_03,12.189841798501185,3.692148583395172e-12,8.63764615388618e-12,0.22351053608992463,
R4_LHS_03,20260813,V40_A_E5_C9_1T,X,R4_LHS_03,12.223147377185615,3.4348836708969488e-12,8.461515342561565e-12,0.23467640273527418,
R4_LHS_03,20260813,V40_A_E5_C9_1T,X,R4_LHS_03,12.256452955870044,2.1061858854198867e-12,4.4078083197285345e-12,0.24584226938062312,
R4_LHS_03,20260813,V40_A_E5_C9_1T,X,R4_LHS_03,12.289758534554473,2.0654970789291127e-12,3.3191290427919684e-12,0.25700813602597206,
R4_LHS_03,20260813,V40_A_E5_C9_1T,X,R4_LHS_03,12.323064113238903,2.4661978188789124e-12,2.538459676834637e-12,0.26817400267132163,
R4_LHS_03,20260813,V40_A_E5_C9_1T,X,R4_LHS_03,12.356369691923332,2.130909164399508e-12,3.448355750251819e-12,0.27235072514943326,
R4_LHS_03,20260813,V40_A_E5_C9_1T,X,R4_LHS_03,12.389675270607762,3.0203910119513955e-12,3.5993033640352445e-12,0.2650710154358886,
R4_LHS_03,20260813,V40_A_E5_C9_1T,X,R4_LHS_03,12.422980849292191,3.740232949744904e-12,4.687710723066951e-12,0.2577913057223443,
R4_LHS_03,20260813,V40_A_E5_C9_1T,X,R4_LHS_03,12.45628642797662,2.908634704618107e-12,5.1527736071033114e-12,0.2505115960088001,
R4_LHS_03,20260813,V40_A_E5_C9_1T,X,R4_LHS_03,12.48959200666105,4.130782521594156e-12,6.1005055174145895e-12,0.24323188629525544,
R4_LHS_03,20260813,V40_A_E5_C9_1T,X,R4_LHS_03,12.52289758534548,5.909377154278417e-12,5.197087118297139e-12,0.24868689266519725,2.7617390777149575
R4_LHS_03,20260813,V40_A_E5_C9_1T,X,R4_LHS_03,12.55620316402991,6.885391128780283e-12,6.866153912793438e-12,0.2599304063458136,2.782171727020875
R4_LHS_03,20260813,V40_A_E5_C9_1T,X,R4_LHS_03,12.589508742714338,7.978570928934836e-12,1.1619777189053604e-11,0.2711739200264294,2.802604376326791
R4_LHS_03,20260813,V40_A_E5_C9_1T,X,R4_LHS_03,12.622814321398767,3.28325409394703e-12,1.4191122235662768e-11,0.2824174337070452,2.8230370256327078
R4_LHS_03,20260813,V40_A_E5_C9_1T,X,R4_LHS_03,12.656119900083198,7.474435133325574e-12,1.1141923321467129e-11,0.2936609473876616,2.8434696749386252
R4_LHS_03,20260813,V40_A_E5_C9_1T,X,R4_LHS_03,12.689425478767626,1.590838051568344e-11,4.917522552355669e-12,0.28690706693461093,1.7009597487691732
R4_LHS_03,20260813,V40_A_E5_C9_1T,X,R4_LHS_03,12.722731057452057,1.5994311777789427e-11,6.715507924054398e-12,0.2800826084653501,0.5538892634801913
R4_LHS_03,20260813,V40_A_E5_C9_1T,X,R4_LHS_03,12.756036636136486,6.5321524231332084e-12,5.8564481389411505e-12,0.27325814999608966,-0.5931812218087296
R4_LHS_03,20260813,V40_A_E5_C9_1T,X,R4_LHS_03,12.789342214820916,2.3241473849633376e-12,3.8722727281614855e-12,0.26643369152682883,-1.7402517070977117
R4_LHS_03,20260813,V40_A_E5_C9_1T,X,R4_LHS_03,12.822647793505345,3.536882809199171e-12,3.359319549964268e-12,0.2764764925671264,-2.4524126320853985
R4_LHS_03,20260813,V40_A_E5_C9_1T,X,R4_LHS_03,12.855953372189774,6.209041527455161e-12,5.972419173799759e-12,0.3250112447958998,-2.1720876374113685
R4_LHS_03,20260813,V40_A_E5_C9_1T,X,R4_LHS_03,12.889258950874204,8.027030429236248e-12,7.701933708859077e-12,0.3735459970246759,-1.891762642737323
R4_LHS_03,20260813,V40_A_E5_C9_1T,X,R4_LHS_03,12.922564529558633,8.528942309349308e-12,5.5273515799092454e-12,0.4220807492534493,-1.6114376480632928
R4_LHS_03,20260813,V40_A_E5_C9_1T,X,R4_LHS_03,12.955870108243063,7.752003032546195e-12,6.0666211637583345e-12,0.4706155014822253,-1.3311126533892477
R4_LHS_03,20260813,V40_A_E5_C9_1T,X,R4_LHS_03,12.989175686927492,4.983553934106988e-12,6.719859911574755e-12,0.4682048649513939,-1.1649411181228315
R4_LHS_03,20260813,V40_A_E5_C9_1T,X,R4_LHS_03,13.02248126561192,5.5711798022106684e-12,4.436890958803286e-12,0.43366942913903467,-1.0707517005720302
R4_LHS_03,20260813,V40_A_E5_C9_1T,X,R4_LHS_03,13.055786844296351,8.230178691337464e-12,5.826995136404278e-12,0.39913399332667365,-0.9765622830212236
R4_LHS_03,20260813,V40_A_E5_C9_1T,X,R4_LHS_03,13.08909242298078,1.3434930251632338e-11,1.0856369622724849e-11,0.36459855751431447,-0.8823728654704222
R4_LHS_03,20260813,V40_A_E5_C9_1T,X,R4_LHS_03,13.12239800166521,8.880567288482855e-12,1.087866515619984e-11,0.3300631217019534,-0.7881834479196157
R4_LHS_03,20260813,V40_A_E5_C9_1T,X,R4_LHS_03,13.15570358034964,2.5260219263523176e-12,9.88226254300395e-12,0.2911196213578498,-0.5949883916098087
R4_LHS_03,20260813,V40_A_E5_C9_1T,X,R4_LHS_03,13.189009159034068,5.607022658671301e-12,8.002613328950137e-12,0.2518025562229205,-0.3934030269305976
R4_LHS_03,20260813,V40_A_E5_C9_1T,X,R4_LHS_03,13.222314737718499,5.815436673883845e-12,5.504504838049762e-12,0.21248549108798917,-0.19181766225137575
R4_LHS_03,20260813,V40_A_E5_C9_1T,X,R4_LHS_03,13.255620316402927,5.757749745732843e-12,4.209844278735275e-12,0.17316842595305992,0.009767702427835312
R4_LHS_03,20260813,V40_A_E5_C9_1T,X,R4_LHS_03,13.288925895087358,6.190576697095995e-12,6.763330347159258e-12,0.14414049682519944,0.14782121086447758
R4_LHS_03,20260813,V40_A_E5_C9_1T,X,R4_LHS_03,13.322231473771787,3.813322921319973e-12,1.2116359131286725e-11,0.1494678184328033,0.07374292811833054
R4_LHS_03,20260813,V40_A_E5_C9_1T,X,R4_LHS_03,13.355537052456215,2.9686285981517235e-12,1.6309946448966883e-11,0.15479514004040718,-0.00033535462781650316
R4_LHS_03,20260813,V40_A_E5_C9_1T,X,R4_LHS_03,13.388842631140646,3.180828430510152e-12,1.0214508058825622e-11,0.16012246164801133,-0.07441363737396747
R4_LHS_03,20260813,V40_A_E5_C9_1T,X,R4_LHS_03,13.422148209825075,4.024819540149327e-12,8.259524141018826e-12,0.1654497832556152,-0.14849192012011453
R4_LHS_03,20260813,V40_A_E5_C9_1T,X,R4_LHS_03,13.455453788509505,5.208890610508554e-12,1.1603284305605754e-11,0.17148711588807566,-0.19431373277224737
R4_LHS_03,20260813,V40_A_E5_C9_1T,X,R4_LHS_03,13.488759367193934,3.3672693539738008e-12,7.279767934298409e-12,0.1781315593968622,-0.21597421592369795
R4_LHS_03,20260813,V40_A_E5_C9_1T,X,R4_LHS_03,13.522064945878364,3.044295501450356e-12,1.106294309632938e-11,0.18477600290564905,-0.23763469907514972
R4_LHS_03,20260813,V40_A_E5_C9_1T,X,R4_LHS_03,13.555370524562793,4.204169564564486e-12,4.578172910219003e-12,0.1914204464144356,-0.2592951822266003
R4_LHS_03,20260813,V40_A_E5_C9_1T,X,R4_LHS_03,13.588676103247222,5.218794146832906e-12,3.220024073768979e-12,0.1980648899232221,-0.2809556653780509
R4_LHS_03,20260813,V40_A_E5_C9_1T,X,R4_LHS_03,13.621981681931652,3.53258221286179e-12,4.039769387065295e-12,0.21183996710253272,0.2508133132690309
R4_LHS_03,20260813,V40_A_E5_C9_1T,X,R4_LHS_03,13.655287260616081,2.1295784146529995e-12,4.141198668705659e-12,0.22689658673875668,0.8820465730687901
R4_LHS_03,20260813,V40_A_E5_C9_1T,X,R4_LHS_03,13.688592839300512,9.46471980650676e-12,3.5168291889764447e-12,0.24195320637498147,1.5132798328685828
R4_LHS_03,20260813,V40_A_E5_C9_1T,X,R4_LHS_03,13.72189841798494,9.496980458989501e-12,5.74671300129781e-12,0.2570098260112054,2.144513092668342
R4_LHS_03,20260813,V40_A_E5_C9_1T,X,R4_LHS_03,13.755203996669369,2.3462273790464394e-12,8.290018845003022e-12,0.2705716713332415,2.6553489562375265
R4_LHS_03,20260813,V40_A_E5_C9_1T,X,R4_LHS_03,13.7885095753538,7.82350399741727e-12,6.5050751243966864e-12,0.27606173535866324,2.516038880161595
R4_LHS_03,20260813,V40_A_E5_C9_1T,X,R4_LHS_03,13.821815154038228,1.2008899950843865e-11,4.2996578519804984e-12,0.28155179938408464,2.376728804085671
R4_LHS_03,20260813,V40_A_E5_C9_1T,X,R4_LHS_03,13.855120732722659,1.429938632779848e-11,7.367302948257937e-12,0.2870418634095064,2.2374187280097395
R4_LHS_03,20260813,V40_A_E5_C9_1T,X,R4_LHS_03,13.888426311407088,1.0643225016593316e-11,7.405632530821382e-12,0.29253192743492784,2.0981086519338152
R4_LHS_03,20260813,V40_A_E5_C9_1T,X,R4_LHS_03,13.921731890091516,1.4640632456375258e-11,6.160377763464453e-12,0.2911389836363747,1.8869297963494907
R4_LHS_03,20260813,V40_A_E5_C9_1T,X,R4_LHS_03,13.955037468775947,3.416504579245583e-11,3.238877048505895e-12,0.281821904779969,1.5930112534319598
R4_LHS_03,20260813,V40_A_E5_C9_1T,X,R4_LHS_03,13.988343047460376,3.549886079534659e-11,2.6311646004334444e-12,0.2725048259235638,1.2990927105144445
R4_LHS_03,20260813,V40_A_E5_C9_1T,X,R4_LHS_03,14.021648626144806,1.9690074223865928e-11,8.623519433259563e-12,0.2631877470671581,1.0051741675969137
R4_LHS_03,20260813,V40_A_E5_C9_1T,X,R4_LHS_03,14.054954204829235,6.718155112078739e-12,4.5800676619356384e-12,0.2538706682107528,0.7112556246793984
R4_LHS_03,20260813,V40_A_E5_C9_1T,X,R4_LHS_03,14.088259783513664,6.095761916069531e-12,4.314040878000691e-12,0.23427123300340355,0.7431181583376747
R4_LHS_03,20260813,V40_A_E5_C9_1T,X,R4_LHS_03,14.121565362198094,4.744055408928416e-12,5.6760394995247765e-12,0.21165979442052418,0.8704115124070422
R4_LHS_03,20260813,V40_A_E5_C9_1T,X,R4_LHS_03,14.154870940882523,5.124959918251237e-12,4.239265188887842e-12,0.189048355837646,0.997704866476403
R4_LHS_03,20260813,V40_A_E5_C9_1T,X,R4_LHS_03,14.188176519566953,5.225894370020079e-12,7.573795757220836e-12,0.16643691725476664,1.1249982205457705
R4_LHS_03,20260813,V40_A_E5_C9_1T,X,R4_LHS_03,14.221482098251382,8.294315755053017e-12,5.446136163572701e-12,0.15078572679519114,1.2373028457115112
R4_LHS_03,20260813,V40_A_E5_C9_1T,X,R4_LHS_03,14.254787676935813,7.885326940015869e-12,3.4166434872279217e-12,0.2130230272391994,1.181876456955883
R4_LHS_03,20260813,V40_A_E5_C9_1T,X,R4_LHS_03,14.288093255620241,9.283867077880537e-12,5.607930786410975e-12,0.2752603276832043,1.1264500682002576
R4_LHS_03,20260813,V40_A_E5_C9_1T,X,R4_LHS_03,14.32139883430467,1.3403911661158396e-11,7.402987077520518e-12,0.3374976281272093,1.0710236794446324
R4_LHS_03,20260813,V40_A_E5_C9_1T,X,R4_LHS_03,14.3547044129891,2.3935662479823705e-11,5.000996144977066e-12,0.3997349285712175,1.015597290689004
R4_LHS_03,20260813,V40_A_E5_C9_1T,X,R4_LHS_03,14.38800999167353,3.350764110621185e-11,3.8291132417600515e-12,0.4229425008995739,1.1114893972526338
R4_LHS_03,20260813,V40_A_E5_C9_1T,X,R4_LHS_03,14.42131557035796,2.8385684427978397e-11,5.368568870706136e-12,0.3852636973675224,1.4434383565142967
R4_LHS_03,20260813,V40_A_E5_C9_1T,X,R4_LHS_03,14.454621149042389,2.076585604859904e-11,4.866882070964085e-12,0.34758489383547286,1.7753873157759419
R4_LHS_03,20260813,V40_A_E5_C9_1T,X,R4_LHS_03,14.487926727726817,2.1996999707840637e-11,3.830509694158213e-12,0.30990609030342336,2.107336275037587
R4_LHS_03,20260813,V40_A_E5_C9_1T,X,R4_LHS_03,14.521232306411248,1.942314191427652e-11,5.4154536757722305e-12,0.27222728677137187,2.43928523429925
R4_LHS_03,20260813,V40_A_E5_C9_1T,X,R4_LHS_03,14.554537885095677,4.524657124665987e-12,9.9918129325971e-12,0.2753420274869099,1.759085598039547
R4_LHS_03,20260813,V40_A_E5_C9_1T,X,R4_LHS_03,14.587843463780107,2.0198087993805736e-12,6.788160745313521e-12,0.29600482913576426,0.6434924318628938
R4_LHS_03,20260813,V40_A_E5_C9_1T,X,R4_LHS_03,14.621149042464536,3.400380454640639e-12,4.152784453120839e-12,0.3166676307846175,-0.47210073431369937
R4_LHS_03,20260813,V40_A_E5_C9_1T,X,R4_LHS_03,14.654454621148965,5.569210023703697e-12,7.755782995000349e-12,0.3373304324334708,-1.5876939004902928
R4_LHS_03,20260813,V40_A_E5_C9_1T,X,R4_LHS_03,14.687760199833395,5.272424424135336e-12,7.562499237945275e-12,0.35774311889815946,-2.6881429400670056
R4_LHS_03,20260813,V40_A_E5_C9_1T,X,R4_LHS_03,14.721065778517824,6.7028288301684835e-12,5.4437934195183946e-12,0.34639117697394933,-1.8652879014598684
R4_LHS_03,20260813,V40_A_E5_C9_1T,X,R4_LHS_03,14.754371357202254,9.056655599082308e-12,8.498950675173145e-12,0.33503923504973865,-1.042432862852687
R4_LHS_03,20260813,V40_A_E5_C9_1T,X,R4_LHS_03,14.787676935886683,5.2567325492525185e-12,1.0445973079586945e-11,0.3236872931255285,-0.21957782424554972
R4_LHS_03,20260813,V40_A_E5_C9_1T,X,R4_LHS_03,14.820982514571114,5.237729520934931e-12,9.73772191353861e-12,0.3123353512013178,0.6032772143616314
R4_LHS_03,20260813,V40_A_E5_C9_1T,X,R4_LHS_03,14.854288093255542,6.725372862781409e-12,9.500058725797622e-12,0.30682463942717597,1.1452966343850282
R4_LHS_03,20260813,V40_A_E5_C9_1T,X,R4_LHS_03,14.887593671939971,4.109158759785236e-12,1.1253466040972437e-11,0.31393386933527645,1.0805724340116432
R4_LHS_03,20260813,V40_A_E5_C9_1T,X,R4_LHS_03,14.920899250624402,4.73546028778582e-12,7.1881762694903095e-12,0.32104309924337726,1.0158482336382546
R4_LHS_03,20260813,V40_A_E5_C9_1T,X,R4_LHS_03,14.95420482930883,9.167308405444441e-12,8.966306863644746e-12,0.32815232915147774,0.9511240332648696
R4_LHS_03,20260813,V40_A_E5_C9_1T,X,R4_LHS_03,14.98751040799326,6.718362411534118e-12,6.938642369003212e-12,0.3352615590595786,0.8863998328914813
R4_LHS_03,20260813,V40_A_E5_C9_1T,X,R4_LHS_03,15.02081598667769,2.15336862924298e-12,6.030535879691934e-12,0.3268933893242639,0.9147683960710562
R4_LHS_03,20260813,V40_A_E5_C9_1T,X,R4_LHS_03,15.054121565362118,7.717356267922248e-12,6.039973642762986e-12,0.309238779802902,0.998992617382396
R4_LHS_03,20260813,V40_A_E5_C9_1T,X,R4_LHS_03,15.087427144046549,1.6966447344279878e-11,4.0139267777628e-12,0.29158417028153916,1.0832168386937404
R4_LHS_03,20260813,V40_A_E5_C9_1T,X,R4_LHS_03,15.120732722730978,1.7279420949645186e-11,6.134343033536993e-12,0.2739295607601772,1.1674410600050802
R4_LHS_03,20260813,V40_A_E5_C9_1T,X,R4_LHS_03,15.154038301415408,1.2975734202391731e-11,8.528943176711046e-12,0.25627495123881433,1.2516652813164244
R4_LHS_03,20260813,V40_A_E5_C9_1T,X,R4_LHS_03,15.187343880099837,6.406826891930395e-12,7.161413389383808e-12,0.26090808871584475,1.117942900681474
R4_LHS_03,20260813,V40_A_E5_C9_1T,X,R4_LHS_03,15.220649458784266,5.531844513712025e-12,8.590507645511725e-12,0.2671265471090782,0.9687180420838235
R4_LHS_03,20260813,V40_A_E5_C9_1T,X,R4_LHS_03,15.253955037468696,6.989096801301997e-12,6.521997785585709e-12,0.27334500550231194,0.819493183486165
R4_LHS_03,20260813,V40_A_E5_C9_1T,X,R4_LHS_03,15.287260616153125,6.724482949638233e-12,5.588856200750003e-12,0.2795634638955453,0.6702683248885143
R4_LHS_03,20260813,V40_A_E5_C9_1T,X,R4_LHS_03,15.320566194837555,1.4796851244280873e-11,5.00808726086599e-12,0.2916779133501315,0.5430755378999449
R4_LHS_03,20260813,V40_A_E5_C9_1T,X,R4_LHS_03,15.353871773521984,2.0067340150697888e-11,6.892369921324137e-12,0.32224110902894326,0.4848218136881894
R4_LHS_03,20260813,V40_A_E5_C9_1T,X,R4_LHS_03,15.387177352206413,1.820533654384171e-11,8.13120317605387e-12,0.352804304707755,0.4265680894764339
R4_LHS_03,20260813,V40_A_E5_C9_1T,X,R4_LHS_03,15.420482930890843,1.3714969264444488e-11,4.996085576497444e-12,0.38336750038656836,0.3683143652646752
R4_LHS_03,20260813,V40_A_E5_C9_1T,X,R4_LHS_03,15.453788509575272,1.2479756811289988e-11,3.2415391985202158e-12,0.41393069606538013,0.31006064105291964
R4_LHS_03,20260813,V40_A_E5_C9_1T,X,R4_LHS_03,15.487094088259703,1.4835402004087506e-11,5.728440291563608e-12,0.4208229194076528,0.2325349579023156
R4_LHS_03,20260813,V40_A_E5_C9_1T,X,R4_LHS_03,15.520399666944131,9.588358752810056e-12,9.959955603322523e-12,0.40840903056054967,0.13929101036897082
R4_LHS_03,20260813,V40_A_E5_C9_1T,X,R4_LHS_03,15.553705245628562,4.186008744494485e-12,1.1434510456542757e-11,0.3959951417134459,0.0460470628356211
R4_LHS_03,20260813,V40_A_E5_C9_1T,X,R4_LHS_03,15.58701082431299,1.5196933338471053e-12,1.068074448329348e-11,0.38358125286634276,-0.04719688469772365
R4_LHS_03,20260813,V40_A_E5_C9_1T,X,R4_LHS_03,15.62031640299742,2.796941714691692e-12,1.2061699729282171e-11,0.3711673640192396,-0.14044083223106846
R4_LHS_03,20260813,V40_A_E5_C9_1T,X,R4_LHS_03,15.65362198168185,5.267964883759468e-12,1.0397669704398371e-11,0.3556298736628637,-0.1270112025704248
R4_LHS_03,20260813,V40_A_E5_C9_1T,X,R4_LHS_03,15.686927560366279,5.1519448429626635e-12,9.503214187800424e-12,0.33958124851406235,-0.09612589664167842
R4_LHS_03,20260813,V40_A_E5_C9_1T,X,R4_LHS_03,15.720233139050709,2.542408774827698e-12,1.0627604699053883e-11,0.3235326233652601,-0.0652405907129304
R4_LHS_03,20260813,V40_A_E5_C9_1T,X,R4_LHS_03,15.753538717735138,6.437167639206098e-12,2.5777489517930796e-11,0.3074839982164588,-0.03435528478418401
R4_LHS_03,20260813,V40_A_E5_C9_1T,X,R4_LHS_03,15.786844296419567,7.012463960204274e-12,1.498760317242276e-11,0.2884930552516156,0.03464083145717499
R4_LHS_03,20260813,V40_A_E5_C9_1T,X,R4_LHS_03,15.820149875103997,4.199600736609632e-12,3.361707440197037e-11,0.25492737519800507,0.29241840343312137
R4_LHS_03,20260813,V40_A_E5_C9_1T,X,R4_LHS_03,15.853455453788426,3.458977028414356e-12,3.805591605732239e-11,0.2213616951443963,0.5501959754090541
R4_LHS_03,20260813,V40_A_E5_C9_1T,X,R4_LHS_03,15.886761032472856,3.651461945308743e-12,1.5611048911901015e-11,0.18779601509078575,0.8079735473850004
R4_LHS_03,20260813,V40_A_E5_C9_1T,X,R4_LHS_03,15.920066611157285,3.2220901294288673e-12,3.7291086885105074e-11,0.15423033503717698,1.065751119360933
R4_LHS_03,20260813,V40_A_E5_C9_1T,X,R4_LHS_03,15.953372189841714,2.8499336137549625e-12,1.4403595503809097e-11,0.13538536117982106,1.275377190678843
R4_LHS_03,20260813,V40_A_E5_C9_1T,X,R4_LHS_03,15.986677768526144,4.3798315668697185e-12,1.2899339582594926e-11,0.13270903183310145,1.432115548159267
R4_LHS_03,20260813,V40_A_E5_C9_1T,X,R4_LHS_03,16.019983347210573,4.724221881746704e-12,1.3072950708070685e-11,0.130032702486382,1.5888539056396827
R4_LHS_03,20260813,V40_A_E5_C9_1T,X,R4_LHS_03,16.053288925895004,3.078716101501122e-12,7.041699254944911e-12,0.1273563731396624,1.7455922631201068
R4_LHS_03,20260813,V40_A_E5_C9_1T,X,R4_LHS_03,16.086594504579434,2.979088763871429e-12,8.372594284544732e-12,0.1246800437929428,1.9023306206005308
R4_LHS_03,20260813,V40_A_E5_C9_1T,X,R4_LHS_03,16.11990008326386,2.00192705294977e-12,6.8073238018717674e-12,0.15314019106012056,1.7618212158435813
R4_LHS_03,20260813,V40_A_E5_C9_1T,X,R4_LHS_03,16.15320566194829,1.7965787278001466e-12,5.9107506215905214e-12,0.1901202697390626,1.5399753587331273
R4_LHS_03,20260813,V40_A_E5_C9_1T,X,R4_LHS_03,16.186511240632722,3.677926452977376e-12,7.538827201392095e-12,0.2271003484180046,1.318129501622673
R4_LHS_03,20260813,V40_A_E5_C9_1T,X,R4_LHS_03,16.21981681931715,7.883968651534179e-12,4.7965247225445484e-12,0.2640804270969427,1.0962836445122428
R4_LHS_03,20260813,V40_A_E5_C9_1T,X,R4_LHS_03,16.25312239800158,8.51489365127911e-12,6.459510443895811e-12,0.29608736747409004,0.8645697833596458
R4_LHS_03,20260813,V40_A_E5_C9_1T,X,R4_LHS_03,16.28642797668601,3.1977688726148035e-12,7.30378865027026e-12,0.2800206376005464,0.5374652164663183
R4_LHS_03,20260813,V40_A_E5_C9_1T,X,R4_LHS_03,16.319733555370437,3.0218457944264365e-12,6.234784390157788e-12,0.26395390772700444,0.2103606495730257
R4_LHS_03,20260813,V40_A_E5_C9_1T,X,R4_LHS_03,16.353039134054868,4.012827396759899e-12,6.283891375996609e-12,0.24788717785346076,-0.11674391732030198
R4_LHS_03,20260813,V40_A_E5_C9_1T,X,R4_LHS_03,16.386344712739298,2.5744142061190356e-12,4.917210302129993e-12,0.23182044797991708,-0.44384848421362944
R4_LHS_03,20260813,V40_A_E5_C9_1T,X,R4_LHS_03,16.41965029142373,9.917690800553824e-12,5.538997212284347e-12,0.21139688729668818,
R4_LHS_03,20260813,V40_A_E5_C9_1T,X,R4_LHS_03,16.452955870108156,1.676641291081804e-11,6.178786648991519e-12,0.1845015293913112,
R4_LHS_03,20260813,V40_A_E5_C9_1T,X,R4_LHS_03,16.486261448792586,1.0402599788517097e-11,6.4478491990094255e-12,0.15760617148593137,
R4_LHS_03,20260813,V40_A_E5_C9_1T,X,R4_LHS_03,16.519567027477017,5.4078239282440155e-12,2.594657561721947e-12,0.1307108135805515,
R4_LHS_03,20260813,V40_A_E5_C9_1T,X,R4_LHS_03,16.552872606161444,2.261241758075294e-12,9.702267635136597e-12,0.10381545567517453,
R4_LHS_03,20260813,V40_A_E5_C9_1T,X,R4_LHS_03,16.586178184845874,1.4902850004397394e-12,5.992756204470373e-12,0.1362383229957353,
R4_LHS_03,20260813,V40_A_E5_C9_1T,X,R4_LHS_03,16.619483763530305,2.86606090423025e-12,3.3016705688893033e-12,0.1927795895839844,
R4_LHS_03,20260813,V40_A_E5_C9_1T,X,R4_LHS_03,16.652789342214735,1.2489307548227413e-12,5.30187655931047e-12,0.24932085617223343,
R4_LHS_03,20260813,V40_A_E5_C9_1T,X,R4_LHS_03,16.686094920899162,5.207827658698649e-12,7.279617880717737e-12,0.3058621227604765,
R4_LHS_03,20260813,V40_A_E5_C9_1T,X,R4_LHS_03,16.719400499583593,1.569605036222388e-11,5.248991779421841e-12,0.3617821001043733,0.18402646840561998
R4_LHS_03,20260813,V40_A_E5_C9_1T,X,R4_LHS_03,16.752706078268023,2.060649220703148e-11,6.126286544033688e-12,0.386513357381838,0.29496644081224366
R4_LHS_03,20260813,V40_A_E5_C9_1T,X,R4_LHS_03,16.78601165695245,1.9387153341043906e-11,1.2361055755361061e-11,0.4112446146593001,0.40590641321885557
R4_LHS_03,20260813,V40_A_E5_C9_1T,X,R4_LHS_03,16.81931723563688,1.4233387905793204e-11,1.3736181463108732e-11,0.43597587193676485,0.5168463856254792
R4_LHS_03,20260813,V40_A_E5_C9_1T,X,R4_LHS_03,16.85262281432131,1.3185341707355747e-11,8.749004125341298e-12,0.4607071292142296,0.6277863580321029
R4_LHS_03,20260813,V40_A_E5_C9_1T,X,R4_LHS_03,16.885928393005738,1.5842998787873874e-11,7.129487104851062e-12,0.45736210195845767,0.7299028028556414
R4_LHS_03,20260813,V40_A_E5_C9_1T,X,R4_LHS_03,16.91923397169017,9.613642347472418e-12,1.0289516634565121e-11,0.3965275397060511,0.8139520245328936
R4_LHS_03,20260813,V40_A_E5_C9_1T,X,R4_LHS_03,16.9525395503746,3.6953738680178816e-12,8.465017749259562e-12,0.3356929774536445,0.8980012462101459
R4_LHS_03,20260813,V40_A_E5_C9_1T,X,R4_LHS_03,16.98584512905903,6.2187507747502035e-12,6.398616012037728e-12,0.27485841520123794,0.982050467887398
R4_LHS_03,20260813,V40_A_E5_C9_1T,X,R4_LHS_03,17.019150707743457,9.979000265003535e-12,4.422175299556574e-12,0.21402385294883786,1.0660996895646413
R4_LHS_03,20260813,V40_A_E5_C9_1T,X,R4_LHS_03,17.052456286427887,7.784363431628805e-12,4.5900076274529855e-12,0.2018153910632944,0.996909024936757
R4_LHS_03,20260813,V40_A_E5_C9_1T,X,R4_LHS_03,17.085761865112318,7.892480939630797e-12,3.364649054163338e-12,0.21735065515392893,0.8402870141348007
R4_LHS_03,20260813,V40_A_E5_C9_1T,X,R4_LHS_03,17.119067443796744,1.0310793017997977e-11,2.318326303499263e-12,0.23288591924456178,0.6836650033328612
R4_LHS_03,20260813,V40_A_E5_C9_1T,X,R4_LHS_03,17.152373022481175,8.334427765988028e-12,3.2710394722718084e-12,0.2484211833351963,0.5270429925309049
R4_LHS_03,20260813,V40_A_E5_C9_1T,X,R4_LHS_03,17.185678601165606,7.490254076703007e-12,3.743187183824492e-12,0.2639564474258308,0.37042098172894866
R4_LHS_03,20260813,V40_A_E5_C9_1T,X,R4_LHS_03,17.218984179850036,1.037511916657241e-11,1.8519354886420425e-12,0.2541691801331609,0.38097003464595774
R4_LHS_03,20260813,V40_A_E5_C9_1T,X,R4_LHS_03,17.252289758534463,2.384399622190614e-11,2.092962738883819e-12,0.24291697300840248,0.40119014083594756
R4_LHS_03,20260813,V40_A_E5_C9_1T,X,R4_LHS_03,17.285595337218894,2.9809474333397645e-11,3.9897711870406916e-12,0.23166476588364288,0.4214102470259395
R4_LHS_03,20260813,V40_A_E5_C9_1T,X,R4_LHS_03,17.318900915903324,1.3800502407512738e-11,3.3423576406566013e-12,0.22041255875888327,0.4416303532159314
R4_LHS_03,20260813,V40_A_E5_C9_1T,X,R4_LHS_03,17.35220649458775,3.916339041259986e-12,3.4342606883286386e-12,0.21353281989730863,0.4861664120898851
R4_LHS_03,20260813,V40_A_E5_C9_1T,X,R4_LHS_03,17.38551207327218,9.462737668095023e-13,4.034916931822119e-12,0.2195014108552426,0.6021539626967229
R4_LHS_03,20260813,V40_A_E5_C9_1T,X,R4_LHS_03,17.418817651956612,1.3217985733726678e-12,4.9108746583148566e-12,0.22547000181317656,0.7181415133035607
R4_LHS_03,20260813,V40_A_E5_C9_1T,X,R4_LHS_03,17.45212323064104,2.841035566525374e-12,3.881408215666848e-12,0.2314385927711099,0.8341290639103862
R4_LHS_03,20260813,V40_A_E5_C9_1T,X,R4_LHS_03,17.48542880932547,4.6529100017345115e-12,3.925992777403797e-12,0.23740718372904387,0.9501166145172241
R4_LHS_03,20260813,V40_A_E5_C9_1T,X,R4_LHS_03,17.5187343880099,2.3628718339580024e-12,9.614318889628048e-12,0.22888178716442326,0.9187249081220127
R4_LHS_03,20260813,V40_A_E5_C9_1T,X,R4_LHS_03,17.55203996669433,2.3859805190623584e-12,1.0553724560935507e-11,0.2090832891933716,0.7727048907252106
R4_LHS_03,20260813,V40_A_E5_C9_1T,X,R4_LHS_03,17.585345545378757,1.6896438675279013e-12,4.7510454771748645e-12,0.18928479122232206,0.626684873328424
R4_LHS_03,20260813,V40_A_E5_C9_1T,X,R4_LHS_03,17.618651124063188,1.7858569440962202e-12,2.05436297313899e-12,0.1694862932512704,0.480664855931622
R4_LHS_03,20260813,V40_A_E5_C9_1T,X,R4_LHS_03,17.65195670274762,3.319418958452891e-12,1.5633205450657495e-12,0.14968779528021872,0.33464483853481997
R4_LHS_03,20260813,V40_A_E5_C9_1T,X,R4_LHS_03,17.685262281432045,3.5537005196178972e-12,2.260256651981374e-12,0.15353701705986186,-0.03596103082189872
R4_LHS_03,20260813,V40_A_E5_C9_1T,X,R4_LHS_03,17.718567860116476,3.33216288762872e-12,1.860841342127273e-12,0.16088567718826272,-0.4398015778229528
R4_LHS_03,20260813,V40_A_E5_C9_1T,X,R4_LHS_03,17.751873438800907,4.5270319611045995e-12,2.196964398598622e-12,0.16823433731666357,-0.8436421248240069
R4_LHS_03,20260813,V40_A_E5_C9_1T,X,R4_LHS_03,17.785179017485337,6.4916119354996304e-12,2.234961347935549e-12,0.1755829974450644,-1.247482671825061
R4_LHS_03,20260813,V40_A_E5_C9_1T,X,R4_LHS_03,17.818484596169764,4.815256700319015e-12,3.5387795124797172e-12,0.18143245052983614,-1.4010374803129741
R4_LHS_03,20260813,V40_A_E5_C9_1T,X,R4_LHS_03,17.851790174854195,1.587512564980853e-12,2.8940174909286576e-12,0.18043769754587258,-0.4119834825457882
R4_LHS_03,20260813,V40_A_E5_C9_1T,X,R4_LHS_03,17.885095753538625,5.215643021638794e-12,1.5899356484161409e-12,0.17944294456190898,0.577070515221398
R4_LHS_03,20260813,V40_A_E5_C9_1T,X,R4_LHS_03,17.918401332223052,7.227259589404067e-12,2.8222691111218223e-12,0.1784481915779455,1.5661245129884787
R4_LHS_03,20260813,V40_A_E5_C9_1T,X,R4_LHS_03,17.951706910907482,5.157748794032413e-12,5.346213489271223e-12,0.1774534385939819,2.555178510755665
R4_LHS_03,20260813,V40_A_E5_C9_1T,X,R4_LHS_03,17.985012489591913,3.3481249456929207e-12,5.230957594165586e-12,0.17280561817526063,2.805031895538218
R4_LHS_03,20260813,V40_A_E5_C9_1T,X,R4_LHS_03,18.01831806827634,2.7098098070998944e-12,5.272538482203881e-12,0.16432938308491507,2.280203037913104
R4_LHS_03,20260813,V40_A_E5_C9_1T,X,R4_LHS_03,18.05162364696077,3.551054415795729e-12,7.611148690467306e-12,0.1558531479945686,1.7553741802879343
R4_LHS_03,20260813,V40_A_E5_C9_1T,X,R4_LHS_03,18.0849292256452,5.616233606647869e-12,5.068875874592038e-12,0.1473769129042221,1.2305453226627643
R4_LHS_03,20260813,V40_A_E5_C9_1T,X,R4_LHS_03,18.11823480432963,7.666874947409585e-12,2.1990044334063708e-12,0.1389006778138756,0.7057164650375944
R4_LHS_03,20260813,V40_A_E5_C9_1T,X,R4_LHS_03,18.15154038301406,7.766230367134419e-12,1.5139667948124713e-12,0.164239694521786,
R4_LHS_03,20260813,V40_A_E5_C9_1T,X,R4_LHS_03,18.18484596169849,5.2598710977014296e-12,2.953023459442705e-12,0.19819828521748806,
R4_LHS_03,20260813,V40_A_E5_C9_1T,X,R4_LHS_03,18.21815154038292,2.663088499721411e-12,2.0715083294542413e-12,0.23215687591319012,
R4_LHS_03,20260813,V40_A_E5_C9_1T,X,R4_LHS_03,18.251457119067346,1.6499151220608632e-12,2.280929568485024e-12,0.2661154666088886,
R4_LHS_03,20260813,V40_A_E5_C9_1T,X,R4_LHS_03,18.284762697751777,2.415582924658599e-12,4.002124152913122e-12,0.2933148503874268,
R4_LHS_03,20260813,V40_A_E5_C9_1T,X,R4_LHS_03,18.318068276436207,6.9672301782064405e-12,2.7472538133288538e-12,0.2631861458685266,
R4_LHS_03,20260813,V40_A_E5_C9_1T,X,R4_LHS_03,18.351373855120634,6.457094841455513e-12,4.254957063770659e-12,0.23305744134962975,
R4_LHS_03,20260813,V40_A_E5_C9_1T,X,R4_LHS_03,18.384679433805065,3.531024431180363e-12,3.2574223266662594e-12,0.20292873683072962,
R4_LHS_03,20260813,V40_A_E5_C9_1T,X,R4_LHS_03,18.417985012489495,1.7585682259360635e-12,2.1137143684651916e-12,0.1728000323118295,
R4_LHS_03,20260813,V40_A_E5_C9_1T,X,R4_LHS_03,18.451290591173926,1.3705794311980046e-12,1.8900720832187856e-12,0.18401967281853338,
R4_LHS_03,20260813,V40_A_E5_C9_1T,X,R4_LHS_03,18.484596169858353,1.3446531214877933e-12,2.473635012101294e-12,0.2537511223237009,
R4_LHS_03,20260813,V40_A_E5_C9_1T,X,R4_LHS_03,18.517901748542783,2.4393219649060383e-12,2.5939738638319776e-12,0.3234825718288758,
R4_LHS_03,20260813,V40_A_E5_C9_1T,X,R4_LHS_03,18.551207327227214,4.330267915075847e-12,2.0686438673145346e-12,0.3932140213340507,
R4_LHS_03,20260813,V40_A_E5_C9_1T,X,R4_LHS_03,18.58451290591164,4.108074557612751e-12,3.598628339762655e-12,0.4629454708392182,
R4_LHS_03,20260813,V40_A_E5_C9_1T,X,R4_LHS_03,18.61781848459607,5.027761193487912e-12,7.319977089748075e-12,0.4197142608122535,
R4_LHS_03,20260813,V40_A_E5_C9_1T,X,R4_LHS_03,18.651124063280502,7.387205430697819e-12,4.594831893439677e-12,0.333129813883768,
R4_LHS_03,20260813,V40_A_E5_C9_1T,X,R4_LHS_03,18.684429641964933,1.0794570966254913e-11,2.2759112303094575e-12,0.24654536695528245,
R4_LHS_03,20260813,V40_A_E5_C9_1T,X,R4_LHS_03,18.71773522064936,7.568651434752827e-12,4.902162443337632e-12,0.15996092002680617,
R4_LHS_03,20260813,V40_A_E5_C9_1T,X,R4_LHS_03,18.75104079933379,2.1512550855279367e-12,4.05419448012978e-12,0.07657525159859091,
R4_LHS_03,20260813,V40_A_E5_C9_1T,X,R4_LHS_03,18.78434637801822,6.973080099448303e-12,1.4332915279982594e-12,0.09235171667865562,
R4_LHS_03,20260813,V40_A_E5_C9_1T,X,R4_LHS_03,18.817651956702647,1.0874872183319617e-11,1.8924375955187145e-12,0.10812818175871866,
R4_LHS_03,20260813,V40_A_E5_C9_1T,X,R4_LHS_03,18.850957535387078,1.2898684724482745e-11,3.1657192058748285e-12,0.12390464683878337,
R4_LHS_03,20260813,V40_A_E5_C9_1T,X,R4_LHS_03,18.88426311407151,1.5354283816604308e-11,3.077905551956972e-12,0.13968111191884808,
R4_LHS_03,20260813,V40_A_E5_C9_1T,X,R4_LHS_03,18.917568692755935,1.7527517631732437e-11,1.7930947525390817e-12,0.1674727474422258,-1.2360544630530426
R4_LHS_03,20260813,V40_A_E5_C9_1T,X,R4_LHS_03,18.950874271440366,1.4128927194878571e-11,2.5975634403846426e-12,0.21860419681526866,-0.8921267445339531
R4_LHS_03,20260813,V40_A_E5_C9_1T,X,R4_LHS_03,18.984179850124796,4.186951133022809e-12,2.421724713125295e-12,0.26973564618831153,-0.5481990260148637
R4_LHS_03,20260813,V40_A_E5_C9_1T,X,R4_LHS_03,19.017485428809227,2.4067419064632833e-12,2.426014033760082e-12,0.3208670955613544,-0.20427130749577427
R4_LHS_03,20260813,V40_A_E5_C9_1T,X,R4_LHS_03,19.050791007493654,3.171335156287869e-12,2.241516217429962e-12,0.3719985449343918,0.13965641102327853
R4_LHS_03,20260813,V40_A_E5_C9_1T,X,R4_LHS_03,19.084096586178084,2.4124747338705177e-12,1.9800047018625477e-12,0.3953113254907235,
R4_LHS_03,20260813,V40_A_E5_C9_1T,X,R4_LHS_03,19.117402164862515,2.705523955912059e-12,4.179742923299257e-12,0.4035416952428183,
R4_LHS_03,20260813,V40_A_E5_C9_1T,X,R4_LHS_03,19.150707743546942,4.801785271485448e-12,6.107045424919022e-12,0.41177206499491226,
R4_LHS_03,20260813,V40_A_E5_C9_1T,X,R4_LHS_03,19.184013322231372,3.1451453854497435e-12,3.901329780064966e-12,0.4200024347470071,
R4_LHS_03,20260813,V40_A_E5_C9_1T,X,R4_LHS_03,19.217318900915803,9.51470239402008e-13,2.55526134106121e-12,0.42823280449910195,
R4_LHS_03,20260813,V40_A_E5_C9_1T,X,R4_LHS_03,19.250624479600233,3.1484207602128222e-12,3.1735068132393573e-12,0.3991189744202489,
R4_LHS_03,20260813,V40_A_E5_C9_1T,X,R4_LHS_03,19.28393005828466,3.797685690226649e-12,1.880909707499545e-12,0.36832846598164554,
R4_LHS_03,20260813,V40_A_E5_C9_1T,X,R4_LHS_03,19.31723563696909,2.1259296406617167e-12,2.759870023488764e-12,0.33753795754303884,
R4_LHS_03,20260813,V40_A_E5_C9_1T,X,R4_LHS_03,19.35054121565352,2.5607751596296024e-12,3.1870888306945178e-12,0.3067474491044322,
R4_LHS_03,20260813,V40_A_E5_C9_1T,X,R4_LHS_03,19.38384679433795,1.6650599085274442e-12,1.73792696813585e-12,0.29394019044606895,
R4_LHS_03,20260813,V40_A_E5_C9_1T,X,R4_LHS_03,19.41715237302238,2.650568349873983e-12,1.528673021500282e-12,0.33085132823895735,
R4_LHS_03,20260813,V40_A_E5_C9_1T,X,R4_LHS_03,19.45045795170681,8.799703153650196e-12,1.2376109252004719e-12,0.36776246603184576,
R4_LHS_03,20260813,V40_A_E5_C9_1T,X,R4_LHS_03,19.483763530391236,9.392893580983941e-12,1.4822877083750519e-12,0.4046736038247302,
R4_LHS_03,20260813,V40_A_E5_C9_1T,X,R4_LHS_03,19.517069109075667,6.5553265940487826e-12,1.850228737582116e-12,0.4415847416176186,
R4_LHS_03,20260813,V40_A_E5_C9_1T,X,R4_LHS_03,19.550374687760097,7.612470549756e-12,2.6746740672961566e-12,0.45895851864405823,-0.7532987146452993
R4_LHS_03,20260813,V40_A_E5_C9_1T,X,R4_LHS_03,19.583680266444528,8.631620591892375e-12,1.9475144153596746e-12,0.4618454091157844,-0.7334665704726363
R4_LHS_03,20260813,V40_A_E5_C9_1T,X,R4_LHS_03,19.616985845128955,5.980820005913046e-12,1.7773776157456456e-12,0.4647322995875103,-0.7136344262999753
R4_LHS_03,20260813,V40_A_E5_C9_1T,X,R4_LHS_03,19.650291423813385,7.93789600023187e-12,3.8164757812375605e-12,0.46761919005923647,-0.6938022821273122
R4_LHS_03,20260813,V40_A_E5_C9_1T,X,R4_LHS_03,19.683597002497816,9.089409780393964e-12,4.4848439198497125e-12,0.47050608053096266,-0.6739701379546492
R4_LHS_03,20260813,V40_A_E5_C9_1T,X,R4_LHS_03,19.716902581182243,5.396617180908336e-12,3.048258910912094e-12,0.41128372240324307,
R4_LHS_03,20260813,V40_A_E5_C9_1T,X,R4_LHS_03,19.750208159866673,1.7482543190894262e-12,2.595691456913629e-12,0.34381677375347514,
R4_LHS_03,20260813,V40_A_E5_C9_1T,X,R4_LHS_03,19.783513738551104,1.382399186442007e-12,3.076121822542799e-12,0.2763498251037072,
R4_LHS_03,20260813,V40_A_E5_C9_1T,X,R4_LHS_03,19.816819317235534,2.702945939986323e-12,1.8824347462753632e-12,0.20888287645393933,
R4_LHS_03,20260813,V40_A_E5_C9_1T,X,R4_LHS_03,19.85012489591996,1.8910767049518107e-12,1.5060399758889953e-12,0.16381238357510802,
R4_LHS_03,20260813,V40_A_E5_C9_1T,X,R4_LHS_03,19.883430474604392,2.859642210528701e-12,2.2272706682452403e-12,0.2133554895652754,
R4_LHS_03,20260813,V40_A_E5_C9_1T,X,R4_LHS_03,19.916736053288822,4.100061436196345e-12,3.144169386654072e-12,0.26289859555544276,
R4_LHS_03,20260813,V40_A_E5_C9_1T,X,R4_LHS_03,19.95004163197325,4.09274654097902e-12,2.0773387350569994e-12,0.31244170154560486,
R4_LHS_03,20260813,V40_A_E5_C9_1T,X,R4_LHS_03,19.98334721065768,1.5728356117516995e-12,9.247971312353886e-13,0.3619848075357722,
R4_LHS_03,20260813,V40_A_E5_C9_1T,X,B2,0.0,9.518853923492418e-20,1.1189475709983676e-20,0.3204213082790375,
R4_LHS_03,20260813,V40_A_E5_C9_1T,X,B2,0.03330557868442947,1.3141449926479254e-05,1.0500991720618913e-06,0.32908833222921247,
R4_LHS_03,20260813,V40_A_E5_C9_1T,X,B2,0.06661115736885893,8.970120688900352e-06,1.6091601082734996e-06,0.33775535617938746,
R4_LHS_03,20260813,V40_A_E5_C9_1T,X,B2,0.09991673605328841,4.575193997879978e-06,1.6622163911961252e-06,0.34642238012956245,
R4_LHS_03,20260813,V40_A_E5_C9_1T,X,B2,0.13322231473771787,1.47323839883029e-06,1.5398920822917717e-06,0.35508940407973744,
R4_LHS_03,20260813,V40_A_E5_C9_1T,X,B2,0.16652789342214733,3.4587836239552416e-07,1.235887907569122e-06,0.3557346906888296,2.016794246400425
R4_LHS_03,20260813,V40_A_E5_C9_1T,X,B2,0.19983347210657681,4.721482227409979e-08,7.057572020130465e-07,0.33840722401473644,2.0725932621538985
R4_LHS_03,20260813,V40_A_E5_C9_1T,X,B2,0.23313905079100627,5.1885313823163415e-09,2.235106535408704e-07,0.3210797573406432,2.1283922779073725
R4_LHS_03,20260813,V40_A_E5_C9_1T,X,B2,0.26644462947543573,3.5275631304898525e-09,4.4448832170473906e-08,0.30375229066655,2.184191293660846
R4_LHS_03,20260813,V40_A_E5_C9_1T,X,B2,0.2997502081598652,9.108997112150519e-09,1.4067971676468005e-08,0.28642482399245683,2.2399903094143196
R4_LHS_03,20260813,V40_A_E5_C9_1T,X,B2,0.33305578684429465,1.0513941717249509e-08,8.321396904875655e-09,0.26938398635258387,1.591294730731986
R4_LHS_03,20260813,V40_A_E5_C9_1T,X,B2,0.3663613655287241,9.647405541102216e-09,7.557509285049946e-09,0.2525209312782399,0.5056341504375701
R4_LHS_03,20260813,V40_A_E5_C9_1T,X,B2,0.39966694421315363,4.215656268513612e-09,5.297942529125521e-09,0.2356578762038959,-0.5800264298568476
R4_LHS_03,20260813,V40_A_E5_C9_1T,X,B2,0.4329725228975831,2.262122267282507e-09,5.560487625899668e-09,0.2187948211295519,-1.665687010151264
R4_LHS_03,20260813,V40_A_E5_C9_1T,X,B2,0.46627810158201255,2.3878146127032096e-09,6.901577087603528e-09,0.20193176605520796,-2.75134759044568
R4_LHS_03,20260813,V40_A_E5_C9_1T,X,B2,0.499583680266442,4.259737895750959e-09,4.378459816933855e-09,0.18882341939741923,-1.8944038850480955
R4_LHS_03,20260813,V40_A_E5_C9_1T,X,B2,0.5328892589508715,5.137705372249002e-09,3.785330715544433e-09,0.1760160831190168,-0.8817239710929281
R4_LHS_03,20260813,V40_A_E5_C9_1T,X,B2,0.566194837635301,5.458549168224636e-09,5.004609171521679e-09,0.16320874684061432,0.13095594286224088
R4_LHS_03,20260813,V40_A_E5_C9_1T,X,B2,0.5995004163197304,5.2372772785247435e-09,3.867270947921497e-09,0.1504014105622119,1.1436358568174065
R4_LHS_03,20260813,V40_A_E5_C9_1T,X,B2,0.6328059950041599,3.9130454432267925e-09,2.2382786735164473e-09,0.14192478995239804,1.73751613460512
R4_LHS_03,20260813,V40_A_E5_C9_1T,X,B2,0.6661115736885893,2.2553761080956747e-09,2.3790831527037426e-09,0.14759517385997345,0.9633176009124952
R4_LHS_03,20260813,V40_A_E5_C9_1T,X,B2,0.6994171523730188,2.0360622077220114e-09,4.408386544696441e-09,0.15326555776754885,0.18911906721986793
R4_LHS_03,20260813,V40_A_E5_C9_1T,X,B2,0.7327227310574482,2.5678978943233233e-09,5.088402144082238e-09,0.15893594167512423,-0.5850794664727568
R4_LHS_03,20260813,V40_A_E5_C9_1T,X,B2,0.7660283097418777,2.361062012568027e-09,3.070400378391014e-09,0.16460632558269964,-1.3592780001653844
R4_LHS_03,20260813,V40_A_E5_C9_1T,X,B2,0.7993338884263073,4.391789598656715e-09,3.8307033101148136e-09,0.19294688805354648,-1.3844362654157891
R4_LHS_03,20260813,V40_A_E5_C9_1T,X,B2,0.8326394671107367,5.903808553142653e-09,4.407135989481503e-09,0.2403695432718947,-0.7791073982364216
R4_LHS_03,20260813,V40_A_E5_C9_1T,X,B2,0.8659450457951662,1.1232264895966182e-08,2.7967554938612693e-09,0.28779219849024307,-0.17377853105705232
R4_LHS_03,20260813,V40_A_E5_C9_1T,X,B2,0.8992506244795956,2.5711974771525092e-08,1.7237541394266032e-09,0.3352148537085913,0.43155033612231497
R4_LHS_03,20260813,V40_A_E5_C9_1T,X,B2,0.9325562031640251,5.999122265620827e-08,1.3533073550675567e-09,0.3826375089269396,1.0368792033016847
R4_LHS_03,20260813,V40_A_E5_C9_1T,X,B2,0.9658617818484545,1.5883695425600308e-07,1.1510337127873527e-09,0.3658071485883886,1.167475266123096
R4_LHS_03,20260813,V40_A_E5_C9_1T,X,B2,0.999167360532884,4.743144188523729e-07,7.941519108989326e-10,0.33777672131790104,1.2153197391940396
R4_LHS_03,20260813,V40_A_E5_C9_1T,X,B2,1.0324729392173135,1.575089072503033e-06,7.337764840187333e-10,0.30974629404741355,1.263164212264983
R4_LHS_03,20260813,V40_A_E5_C9_1T,X,B2,1.065778517901743,5.677009539795108e-06,6.222709014735983e-10,0.2817158667769261,1.3110086853359264
R4_LHS_03,20260813,V40_A_E5_C9_1T,X,B2,1.0990840965861723,2.3580960260005668e-05,3.820666838461051e-10,0.25510519374469043,1.3398867563641539
R4_LHS_03,20260813,V40_A_E5_C9_1T,X,B2,1.132389675270602,9.81790799414739e-05,1.6399911983988602e-10,0.2359395734252381,1.2693068654610649
R4_LHS_03,20260813,V40_A_E5_C9_1T,X,B2,1.1656952539550314,0.0003236116608604789,2.1770456271053007e-10,0.2167739531057859,1.1987269745579765
R4_LHS_03,20260813,V40_A_E5_C9_1T,X,B2,1.1990008326394608,0.0005583002348430455,2.8012392405685205e-10,0.19760833278633372,1.128147083654888
R4_LHS_03,20260813,V40_A_E5_C9_1T,X,B2,1.2323064113238902,0.00038594190846197307,3.2720917642059533e-10,0.17844271246688154,1.0575671927517996
R4_LHS_03,20260813,V40_A_E5_C9_1T,X,B2,1.2656119900083198,0.0001354331470793113,3.735561582285385e-10,0.16020306618535243,0.9845609352253156
R4_LHS_03,20260813,V40_A_E5_C9_1T,X,B2,1.2989175686927492,3.6838373489445075e-05,4.783582974177136e-10,0.14301285714680304,0.9088047955256514
R4_LHS_03,20260813,V40_A_E5_C9_1T,X,B2,1.3322231473771786,1.0142483006347902e-05,6.028765264787239e-10,0.12582264810825364,0.8330486558259872
R4_LHS_03,20260813,V40_A_E5_C9_1T,X,B2,1.3655287260616082,3.086993046963471e-06,5.800955271695329e-10,0.10863243906970413,0.7572925161263224
R4_LHS_03,20260813,V40_A_E5_C9_1T,X,B2,1.3988343047460376,1.0648153647707659e-06,1.157163920240123e-09,0.09144223003115473,0.6815363764266582
R4_LHS_03,20260813,V40_A_E5_C9_1T,X,B2,1.432139883430467,4.1625759195085266e-07,1.5515423390510819e-09,0.09416114027107093,0.43066052359208445
R4_LHS_03,20260813,V40_A_E5_C9_1T,X,B2,1.4654454621148965,1.7889692571770865e-07,8.483142521775733e-10,0.10258266256562282,0.12962475292489994
R4_LHS_03,20260813,V40_A_E5_C9_1T,X,B2,1.498751040799326,8.205586965459588e-08,4.760349892052318e-10,0.11100418486017477,-0.1714110177422865
R4_LHS_03,20260813,V40_A_E5_C9_1T,X,B2,1.5320566194837555,4.294790656445002e-08,6.963499776801996e-10,0.11942570715472667,-0.47244678840947096
R4_LHS_03,20260813,V40_A_E5_C9_1T,X,B2,1.565362198168185,2.540833321518221e-08,5.337417730011396e-10,0.12770784940945917,-0.7543853480154831
R4_LHS_03,20260813,V40_A_E5_C9_1T,X,B2,1.5986677768526145,1.6390409030009323e-08,3.898524558731964e-10,0.13450749487702204,-0.8331990263344948
R4_LHS_03,20260813,V40_A_E5_C9_1T,X,B2,1.631973355537044,1.0393970129030095e-08,2.3762206091682003e-10,0.14130714034458486,-0.9120127046535061
R4_LHS_03,20260813,V40_A_E5_C9_1T,X,B2,1.6652789342214733,7.94860710584544e-09,1.9962970165821048e-10,0.14810678581214767,-0.9908263829725175
R4_LHS_03,20260813,V40_A_E5_C9_1T,X,B2,1.6985845129059027,5.133185432271148e-09,1.603243648951036e-10,0.1549064312797105,-1.0696400612915287
R4_LHS_03,20260813,V40_A_E5_C9_1T,X,B2,1.7318900915903324,5.216580944988891e-09,1.541894667500543e-10,0.17032833703848657,-1.0013057890531907
R4_LHS_03,20260813,V40_A_E5_C9_1T,X,B2,1.7651956702747618,7.622080744340565e-09,1.6449816508945503e-10,0.19898242443229247,-0.7071504045733792
R4_LHS_03,20260813,V40_A_E5_C9_1T,X,B2,1.7985012489591912,5.478394626834415e-09,1.6337828312451563e-10,0.22763651182609837,-0.4129950200935679
R4_LHS_03,20260813,V40_A_E5_C9_1T,X,B2,1.8318068276436206,1.0948908446550831e-09,1.7507038874153835e-10,0.25629059921990427,-0.11883963561375666
R4_LHS_03,20260813,V40_A_E5_C9_1T,X,B2,1.8651124063280502,2.0837187530986512e-10,3.2063038335472527e-10,0.28494468661371036,0.1753157488660566
R4_LHS_03,20260813,V40_A_E5_C9_1T,X,B2,1.8984179850124796,5.904890354457848e-09,2.2118666898052197e-09,0.32683904209700765,0.24271507274598297
R4_LHS_03,20260813,V40_A_E5_C9_1T,X,B2,1.931723563696909,3.525505576362775e-08,1.583999154064486e-09,0.37432373299586785,0.21437294881707125
R4_LHS_03,20260813,V40_A_E5_C9_1T,X,B2,1.9650291423813386,3.8024214887855123e-08,1.580905739650973e-09,0.42180842389472833,0.18603082488815936
R4_LHS_03,20260813,V40_A_E5_C9_1T,X,B2,1.998334721065768,5.086929633080217e-08,1.3020440281508172e-09,0.4692931147935885,0.1576887009592477
R4_LHS_03,20260813,V40_A_E5_C9_1T,X,B2,2.0316402997501974,1.2810509097960221e-08,5.388124391103588e-10,0.5158029293934571,0.1308751168050534
R4_LHS_03,20260813,V40_A_E5_C9_1T,X,B2,2.064945878434627,2.3552533257031882e-09,1.1074965250434943e-10,0.4800981761116865,0.23296838698538053
R4_LHS_03,20260813,V40_A_E5_C9_1T,X,B2,2.0982514571190563,1.0478937717550707e-09,1.0951575063478103e-10,0.4443934228299164,0.33506165716570635
R4_LHS_03,20260813,V40_A_E5_C9_1T,X,B2,2.131557035803486,1.2808936133978932e-09,7.621779596345135e-11,0.4086886695481458,0.43715492734603345
R4_LHS_03,20260813,V40_A_E5_C9_1T,X,B2,2.1648626144879155,9.245112453371007e-10,1.1161157414951717e-10,0.3729839162663752,0.5392481975263606
R4_LHS_03,20260813,V40_A_E5_C9_1T,X,B2,2.1981681931723447,3.58826940383139e-10,6.930914175917735e-11,0.3460571198638135,0.5668540591626842
R4_LHS_03,20260813,V40_A_E5_C9_1T,X,B2,2.2314737718567743,2.3653715097715633e-10,7.522486800137784e-11,0.33775671976591326,0.43640127340075735
R4_LHS_03,20260813,V40_A_E5_C9_1T,X,B2,2.264779350541204,3.5164415823629724e-10,9.258363520281421e-11,0.32945631966801303,0.30594848763883054
R4_LHS_03,20260813,V40_A_E5_C9_1T,X,B2,2.298084929225633,4.679135967577963e-10,1.3163216350253748e-10,0.3211559195701129,0.1754957018769055
R4_LHS_03,20260813,V40_A_E5_C9_1T,X,B2,2.3313905079100627,4.569904454854168e-10,5.698017405131317e-11,0.3128555194722127,0.04504291611497868
R4_LHS_03,20260813,V40_A_E5_C9_1T,X,B2,2.364696086594492,3.0855096255777426e-10,1.1518218323569585e-10,0.29527110432109477,0.20941414364569297
R4_LHS_03,20260813,V40_A_E5_C9_1T,X,B2,2.3980016652789216,2.6265287167426266e-10,1.134722524276377e-10,0.27220854364168035,0.5477498510695822
R4_LHS_03,20260813,V40_A_E5_C9_1T,X,B2,2.431307243963351,1.5536313902053678e-10,1.1273562638969281e-10,0.24914598296226592,0.8860855584934715
R4_LHS_03,20260813,V40_A_E5_C9_1T,X,B2,2.4646128226477804,1.8433722603905522e-10,9.519472016217279e-11,0.22608342228285183,1.2244212659173563
R4_LHS_03,20260813,V40_A_E5_C9_1T,X,B2,2.49791840133221,5.261290847435873e-10,8.697326886464296e-11,0.2030208616034374,1.5627569733412454
R4_LHS_03,20260813,V40_A_E5_C9_1T,X,B2,2.5312239800166396,5.402067126958343e-10,1.0326665911275512e-10,0.22993254036232424,0.7249256475680386
R4_LHS_03,20260813,V40_A_E5_C9_1T,X,B2,2.564529558701069,8.470031898077934e-10,5.1449049881524545e-11,0.26017583508376385,-0.19131681375162235
R4_LHS_03,20260813,V40_A_E5_C9_1T,X,B2,2.5978351373854984,1.663136073304372e-09,1.6085455190051334e-10,0.2904191298052038,-1.1075592750712957
R4_LHS_03,20260813,V40_A_E5_C9_1T,X,B2,2.631140716069928,1.7508597904836165e-09,6.64802102257056e-11,0.3206624245266438,-2.023801736390969
R4_LHS_03,20260813,V40_A_E5_C9_1T,X,B2,2.6644462947543572,3.3328264592569212e-09,8.735685785854486e-11,0.34240193524825185,-2.7316735453847847
R4_LHS_03,20260813,V40_A_E5_C9_1T,X,B2,2.697751873438787,6.07047967449148e-09,8.723631539364618e-11,0.33809017117672613,-2.8012035147137295
R4_LHS_03,20260813,V40_A_E5_C9_1T,X,B2,2.7310574521232165,1.3962334399764131e-08,4.270427067520899e-11,0.33377840710520046,-2.8707334840426744
R4_LHS_03,20260813,V40_A_E5_C9_1T,X,B2,2.7643630308076457,3.069645515552111e-08,5.437957723009035e-11,0.3294666430336748,-2.9402634533716188
R4_LHS_03,20260813,V40_A_E5_C9_1T,X,B2,2.7976686094920753,7.780304400739624e-08,4.9018487185970017e-11,0.32515487896214906,-3.0097934227005636
R4_LHS_03,20260813,V40_A_E5_C9_1T,X,B2,2.8309741881765045,2.2308911695745337e-07,9.471833734009394e-11,0.34401257454008993,-3.052169498257792
R4_LHS_03,20260813,V40_A_E5_C9_1T,X,B2,2.864279766860934,6.829853305134748e-07,1.3125364684007934e-10,0.3814711039211235,-3.0727459689560384
R4_LHS_03,20260813,V40_A_E5_C9_1T,X,B2,2.8975853455453637,2.475250312272692e-06,1.4404824555391826e-10,0.4189296333021571,-3.0933224396542847
R4_LHS_03,20260813,V40_A_E5_C9_1T,X,B2,2.930890924229793,9.061555829248391e-06,2.3188556630415746e-10,0.45638816268319016,-3.113898910352531
R4_LHS_03,20260813,V40_A_E5_C9_1T,X,B2,2.9641965029142225,2.681023943296168e-05,1.6125233093244873e-10,0.4938466920642237,-3.1344753810507773
R4_LHS_03,20260813,V40_A_E5_C9_1T,X,B2,2.997502081598652,4.244058800395578e-05,2.0738867567704489e-10,0.47682522347725753,-3.082465656393274
R4_LHS_03,20260813,V40_A_E5_C9_1T,X,B2,3.0308076602830814,2.7152771508553997e-05,1.42332978736448e-10,0.45117570091346004,-3.0189603804350886
R4_LHS_03,20260813,V40_A_E5_C9_1T,X,B2,3.064113238967511,8.690010872669518e-06,1.8523307887541307e-10,0.4255261783496621,-2.9554551044769024
R4_LHS_03,20260813,V40_A_E5_C9_1T,X,B2,3.0974188176519406,2.13756311495672e-06,1.6217828469056172e-10,0.3998766557858643,-2.891949828518716
R4_LHS_03,20260813,V40_A_E5_C9_1T,X,B2,3.13072439633637,5.265115987640456e-07,6.763253845853967e-11,0.3706983311487967,-2.623692907361948
R4_LHS_03,20260813,V40_A_E5_C9_1T,X,B2,3.1640299750207994,1.4877952025926788e-07,1.3808133803028255e-10,0.3245175965223378,-1.368905332066618
R4_LHS_03,20260813,V40_A_E5_C9_1T,X,B2,3.197335553705229,4.534545894330222e-08,8.057750300327626e-11,0.278336861895879,-0.1141177567712881
R4_LHS_03,20260813,V40_A_E5_C9_1T,X,B2,3.230641132389658,1.5417242593684932e-08,4.4678934163489004e-11,0.23215612726942073,1.140669818524025
R4_LHS_03,20260813,V40_A_E5_C9_1T,X,B2,3.263946711074088,6.08822237069262e-09,7.946968777483576e-11,0.18597539264296187,2.3954573938193544
R4_LHS_03,20260813,V40_A_E5_C9_1T,X,B2,3.297252289758517,2.581419300540233e-09,6.862236473503813e-11,0.17240716143512003,3.0351589343430696
R4_LHS_03,20260813,V40_A_E5_C9_1T,X,B2,3.3305578684429467,1.2893655032542028e-09,5.863598495636779e-11,0.19410285668805877,3.00976744539831
R4_LHS_03,20260813,V40_A_E5_C9_1T,X,B2,3.3638634471273763,5.255957891137086e-10,6.009608782830966e-11,0.21579855194099754,2.98437595645355
R4_LHS_03,20260813,V40_A_E5_C9_1T,X,B2,3.3971690258118055,3.904429834999945e-10,6.717530698363561e-11,0.23749424719393597,2.958984467508791
R4_LHS_03,20260813,V40_A_E5_C9_1T,X,B2,3.430474604496235,2.0001340861330874e-10,6.735510066357975e-11,0.2591899424468747,2.933592978564031
R4_LHS_03,20260813,V40_A_E5_C9_1T,X,B2,3.4637801831806647,1.3935833043099422e-10,4.1713431320200556e-11,0.25473110905098567,2.3864084846471108
R4_LHS_03,20260813,V40_A_E5_C9_1T,X,B2,3.497085761865094,2.959264777668835e-10,6.331212637489259e-11,0.24328047096679647,1.6997347715792301
R4_LHS_03,20260813,V40_A_E5_C9_1T,X,B2,3.5303913405495235,3.1734140315542447e-10,6.431177812515898e-11,0.23182983288260714,1.0130610585113404
R4_LHS_03,20260813,V40_A_E5_C9_1T,X,B2,3.563696919233953,3.2389183002301536e-10,4.778553594486645e-11,0.22037919479841778,0.3263873454434507
R4_LHS_03,20260813,V40_A_E5_C9_1T,X,B2,3.5970024979183823,2.3888852007658556e-10,5.640497097170183e-11,0.21268417230255904,-0.23114286473549547
R4_LHS_03,20260813,V40_A_E5_C9_1T,X,B2,3.630308076602812,2.410348032277909e-10,4.277685844433776e-11,0.23969103784287227,0.4046128917792611
R4_LHS_03,20260813,V40_A_E5_C9_1T,X,B2,3.663613655287241,2.2778730290884397e-10,5.469063049656775e-11,0.26669790338318516,1.0403686482940093
R4_LHS_03,20260813,V40_A_E5_C9_1T,X,B2,3.6969192339716708,6.966004856279184e-11,5.4024958118237265e-11,0.2937047689234984,1.6761244048087658
R4_LHS_03,20260813,V40_A_E5_C9_1T,X,B2,3.7302248126561004,1.4405062212508035e-11,2.671603042958548e-11,0.3207116344638116,2.3118801613235225
R4_LHS_03,20260813,V40_A_E5_C9_1T,X,B2,3.7635303913405296,2.1948351122680343e-11,2.0659593827354605e-11,0.31739779582230065,2.4688490141837605
R4_LHS_03,20260813,V40_A_E5_C9_1T,X,B2,3.796835970024959,5.18172033059372e-11,2.503613288906692e-11,0.2697690818381246,1.9260523924720334
R4_LHS_03,20260813,V40_A_E5_C9_1T,X,B2,3.830141548709389,5.0173712407008964e-11,4.691565191894398e-11,0.22214036785394858,1.383255770760306
R4_LHS_03,20260813,V40_A_E5_C9_1T,X,B2,3.863447127393818,2.7683575917758496e-11,4.328262054320575e-11,0.1745116538697732,0.8404591490485858
R4_LHS_03,20260813,V40_A_E5_C9_1T,X,B2,3.8967527060782476,3.9821656389049664e-11,3.5531712988534636e-11,0.12688293988559715,0.2976625273368585
R4_LHS_03,20260813,V40_A_E5_C9_1T,X,B2,3.9300582847626773,3.079368010583394e-11,2.49544933328405e-11,0.13256319461516036,0.10381455622073638
R4_LHS_03,20260813,V40_A_E5_C9_1T,X,B2,3.9633638634471064,1.4322171920655435e-11,2.724084152694317e-11,0.15950877566222454,0.04916468069738973
R4_LHS_03,20260813,V40_A_E5_C9_1T,X,B2,3.996669442131536,2.2851481124019912e-11,2.4624349434509973e-11,0.18645435670928906,-0.005485194825957634
R4_LHS_03,20260813,V40_A_E5_C9_1T,X,B2,4.029975020815965,6.672534053064894e-11,3.046474530976617e-11,0.21339993775635321,-0.06013507034930429
R4_LHS_03,20260813,V40_A_E5_C9_1T,X,B2,4.063280599500395,4.0307124304916897e-10,1.728916315668627e-11,0.23989201439459257,-0.10296386628598748
R4_LHS_03,20260813,V40_A_E5_C9_1T,X,B2,4.0965861781848245,6.096365079422128e-10,2.271024514277631e-11,0.2474880739984465,0.3467523205550791
R4_LHS_03,20260813,V40_A_E5_C9_1T,X,B2,4.129891756869254,3.16334319849787e-10,2.242081867387391e-11,0.2550841336023004,0.7964685073961457
R4_LHS_03,20260813,V40_A_E5_C9_1T,X,B2,4.163197335553684,4.259820274299386e-10,2.0998376648595496e-11,0.2626801932061543,1.2461846942372123
R4_LHS_03,20260813,V40_A_E5_C9_1T,X,B2,4.1965029142381125,2.6592145152548596e-10,2.532207950267651e-11,0.27027625281000806,1.695900881078267
R4_LHS_03,20260813,V40_A_E5_C9_1T,X,B2,4.229808492922542,1.2097498003349472e-10,3.4652156144510116e-11,0.28191989466709255,2.0063598427943243
R4_LHS_03,20260813,V40_A_E5_C9_1T,X,B2,4.263114071606972,5.966383637145967e-11,2.7431525800869494e-11,0.3017063196453822,2.0366660339647686
R4_LHS_03,20260813,V40_A_E5_C9_1T,X,B2,4.296419650291401,3.683129842779742e-11,2.6630409682981693e-11,0.3214927446236719,2.0669722251352125
R4_LHS_03,20260813,V40_A_E5_C9_1T,X,B2,4.329725228975831,1.0055132421138424e-10,2.3453012101826154e-11,0.3412791696019616,2.097278416305657
R4_LHS_03,20260813,V40_A_E5_C9_1T,X,B2,4.36303080766026,1.1186107595761996e-10,2.0830712155195386e-11,0.3610655945802507,2.1275846074761
R4_LHS_03,20260813,V40_A_E5_C9_1T,X,B2,4.396336386344689,6.873154823061611e-11,2.0435611536306908e-11,0.3484345493368266,2.1267453752687633
R4_LHS_03,20260813,V40_A_E5_C9_1T,X,B2,4.429641965029119,6.166986366018534e-11,2.3887425024127218e-11,0.31761809396902585,2.1084343201909634
R4_LHS_03,20260813,V40_A_E5_C9_1T,X,B2,4.462947543713549,7.336643098598827e-11,3.047832819458307e-11,0.2868016386012251,2.0901232651131636
R4_LHS_03,20260813,V40_A_E5_C9_1T,X,B2,4.496253122397978,1.0960323620912149e-10,1.9125858882751423e-11,0.25598518323342434,2.0718122100353638
R4_LHS_03,20260813,V40_A_E5_C9_1T,X,B2,4.529558701082408,1.1414755252125985e-10,2.919347749652523e-11,0.22516872786562359,2.053501154957564
R4_LHS_03,20260813,V40_A_E5_C9_1T,X,B2,4.562864279766837,1.2542279714811144e-10,3.2725679804945784e-11,0.1978637855329384,1.7907814855480289
R4_LHS_03,20260813,V40_A_E5_C9_1T,X,B2,4.596169858451266,2.6760141325077313e-10,4.023988087187291e-11,0.1707467019222956,1.5149864581701262
R4_LHS_03,20260813,V40_A_E5_C9_1T,X,B2,4.629475437135696,4.857164115357193e-10,5.663699023661373e-11,0.14362961831165277,1.2391914307922234
R4_LHS_03,20260813,V40_A_E5_C9_1T,X,B2,4.6627810158201255,5.613137732396467e-10,6.749242137393807e-11,0.11651253470100999,0.9633964034143208
R4_LHS_03,20260813,V40_A_E5_C9_1T,X,B2,4.696086594504555,7.299907900382152e-10,5.581627868234129e-11,0.10579531956200455,0.7231423727280868
R4_LHS_03,20260813,V40_A_E5_C9_1T,X,B2,4.729392173188984,1.1851520875794108e-09,3.2127429189232615e-11,0.14228984699285974,0.5852033325178645
R4_LHS_03,20260813,V40_A_E5_C9_1T,X,B2,4.7626977518734135,1.2787517711387864e-09,5.820009751911215e-11,0.17878437442371586,0.44726429230763853
R4_LHS_03,20260813,V40_A_E5_C9_1T,X,B2,4.796003330557843,8.468934442618092e-10,4.529785227469496e-11,0.21527890185457202,0.30932525209741263
R4_LHS_03,20260813,V40_A_E5_C9_1T,X,B2,4.829308909242273,1.9948652452139726e-10,2.236241053443777e-11,0.2517734292854282,0.17138621188718672
R4_LHS_03,20260813,V40_A_E5_C9_1T,X,B2,4.862614487926702,1.0213174056472596e-10,2.0811297130052253e-11,0.2566267845409297,0.13098191530083192
R4_LHS_03,20260813,V40_A_E5_C9_1T,X,B2,4.895920066611132,1.97993593742396e-10,2.2722077691605946e-11,0.23725827695874707,0.16524214659205752
R4_LHS_03,20260813,V40_A_E5_C9_1T,X,B2,4.929225645295561,1.6817446046868412e-10,2.0225402949658466e-11,0.217889769376565,0.19950237788328218
R4_LHS_03,20260813,V40_A_E5_C9_1T,X,B2,4.96253122397999,8.226577752346032e-11,1.3836642769049501e-11,0.1985212617943824,0.23376260917450778
R4_LHS_03,20260813,V40_A_E5_C9_1T,X,B2,4.99583680266442,3.389334993220139e-11,1.2471937545222023e-11,0.17915275421219984,0.2680228404657334
R4_LHS_03,20260813,V40_A_E5_C9_1T,X,B2,5.02914238134885,9.992076610565448e-12,1.2648795205683072e-11,0.20012735813037283,-0.09294272709846307
R4_LHS_03,20260813,V40_A_E5_C9_1T,X,B2,5.062447960033279,7.89376897181171e-12,1.947852296124708e-11,0.22686526369145327,-0.5103691230705718
R4_LHS_03,20260813,V40_A_E5_C9_1T,X,B2,5.095753538717709,1.5209510734193188e-11,2.3855964079166903e-11,0.2536031692525337,-0.9277955190426805
R4_LHS_03,20260813,V40_A_E5_C9_1T,X,B2,5.129059117402138,2.7836986188356505e-11,1.6202395328179797e-11,0.28034107481361337,-1.3452219150147782
R4_LHS_03,20260813,V40_A_E5_C9_1T,X,B2,5.162364696086567,1.9926124986135996e-11,1.4162481083712652e-11,0.29787839373432506,-1.6215836710539258
R4_LHS_03,20260813,V40_A_E5_C9_1T,X,B2,5.195670274770997,1.3679185388582038e-11,1.4049734466115016e-11,0.2745024656797822,-1.2706579856890872
R4_LHS_03,20260813,V40_A_E5_C9_1T,X,B2,5.2289758534554265,1.958837432536331e-11,1.819694568638841e-11,0.2511265376252393,-0.9197323003242487
R4_LHS_03,20260813,V40_A_E5_C9_1T,X,B2,5.262281432139856,2.674642798905502e-11,3.308451429484549e-11,0.22775060957069643,-0.56880661495941
R4_LHS_03,20260813,V40_A_E5_C9_1T,X,B2,5.295587010824285,4.408570383751531e-11,2.614836819292421e-11,0.20437468151615415,-0.21788092959458072
R4_LHS_03,20260813,V40_A_E5_C9_1T,X,B2,5.3288925895087145,1.1182024750588937e-10,1.6019493023766707e-11,0.18938639848109184,0.004749022622738491
R4_LHS_03,20260813,V40_A_E5_C9_1T,X,B2,5.362198168193144,3.5191449754279347e-10,2.005110487368622e-11,0.18305203491057276,0.09501036127515997
R4_LHS_03,20260813,V40_A_E5_C9_1T,X,B2,5.395503746877574,6.742732483466796e-10,4.288116736694825e-11,0.1767176713400537,0.1852716999275814
R4_LHS_03,20260813,V40_A_E5_C9_1T,X,B2,5.428809325562003,6.918168260483526e-10,2.939670729062982e-11,0.17038330776953464,0.2755330385800029
R4_LHS_03,20260813,V40_A_E5_C9_1T,X,B2,5.462114904246433,4.2804959576869805e-10,1.4971184014722638e-11,0.16404894419901556,0.36579437723242436
R4_LHS_03,20260813,V40_A_E5_C9_1T,X,B2,5.495420482930862,1.4606992004839725e-10,3.093979933366242e-11,0.16004246397627878,0.739200978751587
R4_LHS_03,20260813,V40_A_E5_C9_1T,X,B2,5.528726061615291,5.126077340378288e-11,2.841451206270218e-11,0.15661511570835585,1.1830485968863793
R4_LHS_03,20260813,V40_A_E5_C9_1T,X,B2,5.562031640299721,4.8670512065029925e-11,2.7395917132078118e-11,0.15318776744043294,1.6268962150211717
R4_LHS_03,20260813,V40_A_E5_C9_1T,X,B2,5.595337218984151,3.7222308568729545e-11,1.86347361152972e-11,0.14976041917251004,2.070743833155964
R4_LHS_03,20260813,V40_A_E5_C9_1T,X,B2,5.62864279766858,1.9501308554104035e-11,1.5976707803955215e-11,0.14790485213688304,2.394408672874299
R4_LHS_03,20260813,V40_A_E5_C9_1T,X,B2,5.661948376353009,1.3944474915039695e-11,1.726046389149971e-11,0.1588480751356615,1.7394423169160618
R4_LHS_03,20260813,V40_A_E5_C9_1T,X,B2,5.695253955037439,2.0406655532045903e-11,1.302955920240434e-11,0.16979129813444022,1.0844759609578074
R4_LHS_03,20260813,V40_A_E5_C9_1T,X,B2,5.728559533721868,2.5073703530109626e-11,1.7376254948797687e-11,0.18073452113321897,0.42950960499955304
R4_LHS_03,20260813,V40_A_E5_C9_1T,X,B2,5.761865112406298,2.4884592650376014e-11,9.819416113554524e-12,0.1916777441319977,-0.22545675095870132
R4_LHS_03,20260813,V40_A_E5_C9_1T,X,B2,5.7951706910907275,9.999348571376743e-12,1.6543528699730636e-11,0.18992356784164008,-0.4788473375532365
R4_LHS_03,20260813,V40_A_E5_C9_1T,X,B2,5.828476269775157,1.1396102811422892e-11,1.421039067667218e-11,0.1704879663729542,-0.1730342826974181
R4_LHS_03,20260813,V40_A_E5_C9_1T,X,B2,5.861781848459586,1.1250896048142778e-11,1.0661909723153062e-11,0.15105236490426888,0.13277877215839218
R4_LHS_03,20260813,V40_A_E5_C9_1T,X,B2,5.8950874271440155,9.784584600880386e-12,1.0682384664340017e-11,0.13161676343558298,0.4385918270142104
R4_LHS_03,20260813,V40_A_E5_C9_1T,X,B2,5.928393005828445,1.1845452570213855e-11,1.0343791795319746e-11,0.11218116196689713,0.7444048818700288
R4_LHS_03,20260813,V40_A_E5_C9_1T,X,B2,5.961698584512875,2.139783836230258e-11,1.2914701426336439e-11,0.11540084415356615,1.1725682264859363
R4_LHS_03,20260813,V40_A_E5_C9_1T,X,B2,5.995004163197304,3.817102536829431e-11,1.1441463228234472e-11,0.12714670836106665,1.6467773790760654
R4_LHS_03,20260813,V40_A_E5_C9_1T,X,B2,6.028309741881733,5.961607596471907e-11,1.3568493550941696e-11,0.1388925725685668,2.120986531666182
R4_LHS_03,20260813,V40_A_E5_C9_1T,X,B2,6.061615320566163,5.944425507387052e-11,9.636460032713678e-12,0.1506384367760673,2.5951956842563115
R4_LHS_03,20260813,V40_A_E5_C9_1T,X,B2,6.094920899250592,3.814382143474404e-11,1.2499464137338823e-11,0.16243760363446216,3.049616066442737
R4_LHS_03,20260813,V40_A_E5_C9_1T,X,B2,6.128226477935022,2.1625723781171224e-11,1.245639875968596e-11,0.17569963213406867,2.9609446386612004
R4_LHS_03,20260813,V40_A_E5_C9_1T,X,B2,6.161532056619452,1.829427581645504e-11,1.3190767055026864e-11,0.1889616606336752,2.872273210879664
R4_LHS_03,20260813,V40_A_E5_C9_1T,X,B2,6.194837635303881,2.838435909924275e-11,9.271940853983196e-12,0.2022236891332817,2.783601783098127
R4_LHS_03,20260813,V40_A_E5_C9_1T,X,B2,6.22814321398831,2.1539643332846303e-11,1.1269577285255572e-11,0.21548571763288787,2.694930355316593
R4_LHS_03,20260813,V40_A_E5_C9_1T,X,B2,6.26144879267274,1.8002708698783287e-11,1.3790590197571007e-11,0.22247245875524532,2.5515243401634558
R4_LHS_03,20260813,V40_A_E5_C9_1T,X,B2,6.294754371357169,1.5242649156754773e-11,1.802481428003766e-11,0.21747910579376464,2.303625021846363
R4_LHS_03,20260813,V40_A_E5_C9_1T,X,B2,6.328059950041599,1.1630249714678076e-11,9.185408510192783e-12,0.212485752832284,2.055725703529271
R4_LHS_03,20260813,V40_A_E5_C9_1T,X,B2,6.3613655287260285,7.964430330520411e-12,1.0903838595921478e-11,0.2074923998708033,1.8078263852121785
R4_LHS_03,20260813,V40_A_E5_C9_1T,X,B2,6.394671107410458,8.699002455869742e-12,1.2761626824731032e-11,0.20249904690932266,1.559927066895086
R4_LHS_03,20260813,V40_A_E5_C9_1T,X,B2,6.427976686094887,1.021113315430311e-11,1.0308064297970265e-11,0.20901879705457654,1.5030704669213908
R4_LHS_03,20260813,V40_A_E5_C9_1T,X,B2,6.461282264779316,8.401148700321048e-12,1.2375303039269259e-11,0.2216742728076112,1.5480270521726138
R4_LHS_03,20260813,V40_A_E5_C9_1T,X,B2,6.494587843463746,1.0805270740654738e-11,6.752599781417734e-12,0.23432974856064584,1.592983637423837
R4_LHS_03,20260813,V40_A_E5_C9_1T,X,B2,6.527893422148176,1.825603036798018e-11,1.0313929398042543e-11,0.2469852243136805,1.6379402226750603
R4_LHS_03,20260813,V40_A_E5_C9_1T,X,B2,6.561199000832605,3.063237163924981e-11,8.468814191586738e-12,0.25964070006671514,1.6828968079262834
R4_LHS_03,20260813,V40_A_E5_C9_1T,X,B2,6.594504579517034,3.4159040179781996e-11,1.3041487161025156e-11,0.25812182706361214,1.5573905984329055
R4_LHS_03,20260813,V40_A_E5_C9_1T,X,B2,6.627810158201464,5.055068169612653e-11,8.76710423008964e-12,0.25602676102164185,1.4249550070393395
R4_LHS_03,20260813,V40_A_E5_C9_1T,X,B2,6.661115736885893,3.585987409793212e-11,7.111117684283075e-12,0.2539316949796716,1.2925194156457736
R4_LHS_03,20260813,V40_A_E5_C9_1T,X,B2,6.694421315570323,5.077459980240562e-11,8.510567250930023e-12,0.25183662893770137,1.1600838242522076
R4_LHS_03,20260813,V40_A_E5_C9_1T,X,B2,6.727726894254753,4.3062092086598724e-11,8.618373376068078e-12,0.24526534263637018,1.065877459428392
R4_LHS_03,20260813,V40_A_E5_C9_1T,X,B2,6.761032472939182,5.982433298745704e-11,1.2081867624413878e-11,0.22656285070459772,1.0752778390762114
R4_LHS_03,20260813,V40_A_E5_C9_1T,X,B2,6.794338051623611,9.050151600353828e-11,1.0711521079842523e-11,0.20786035877282577,1.084678218724031
R4_LHS_03,20260813,V40_A_E5_C9_1T,X,B2,6.827643630308041,4.967870559369203e-11,9.59206932632517e-12,0.18915786684105335,1.0940785983718504
R4_LHS_03,20260813,V40_A_E5_C9_1T,X,B2,6.86094920899247,4.1701250091952247e-11,6.676848744030517e-12,0.1704553749092809,1.1034789780196699
R4_LHS_03,20260813,V40_A_E5_C9_1T,X,B2,6.8942547876769,3.339055074103037e-11,9.259233137159928e-12,0.16154334579379628,0.6153766709898517
R4_LHS_03,20260813,V40_A_E5_C9_1T,X,B2,6.927560366361329,1.3854806191204716e-11,1.1661731476320103e-11,0.15977570846317013,-0.2357681371290381
R4_LHS_03,20260813,V40_A_E5_C9_1T,X,B2,6.960865945045758,1.0773067334046704e-11,8.279144730893861e-12,0.15800807113254398,-1.0869129452479052
R4_LHS_03,20260813,V40_A_E5_C9_1T,X,B2,6.994171523730188,2.1974392791501707e-11,1.5398808964062205e-11,0.1562404338019178,-1.9380577533667949
R4_LHS_03,20260813,V40_A_E5_C9_1T,X,B2,7.027477102414617,1.8357886391595635e-11,2.3933221723893006e-11,0.1544727964712916,-2.7892025614856846
R4_LHS_03,20260813,V40_A_E5_C9_1T,X,B2,7.060782681099047,2.026423299994473e-11,9.828182538640373e-12,0.151124138778989,-2.7167029894956616
R4_LHS_03,20260813,V40_A_E5_C9_1T,X,B2,7.094088259783477,3.048124253002271e-11,1.4609657233988216e-11,0.1475735005118467,-2.5262047962582543
R4_LHS_03,20260813,V40_A_E5_C9_1T,X,B2,7.127393838467906,2.929702314080629e-11,2.195531603743639e-11,0.1440228622447044,-2.335706603020847
R4_LHS_03,20260813,V40_A_E5_C9_1T,X,B2,7.160699417152335,4.553816351782203e-11,1.7952441616619907e-11,0.14047222397756218,-2.1452084097834447
R4_LHS_03,20260813,V40_A_E5_C9_1T,X,B2,7.194004995836765,5.376705330961684e-11,2.0355552313167102e-11,0.1386337328537815,-1.8209584656603368
R4_LHS_03,20260813,V40_A_E5_C9_1T,X,B2,7.227310574521194,5.767000765821706e-11,1.3805893928076074e-11,0.1438492879606505,-0.9456513078881632
R4_LHS_03,20260813,V40_A_E5_C9_1T,X,B2,7.260616153205624,3.028984355002429e-11,1.0418710165438494e-11,0.14906484306751946,-0.0703441501159896
R4_LHS_03,20260813,V40_A_E5_C9_1T,X,B2,7.2939217318900536,3.607847354203386e-11,1.1430709677406892e-11,0.15428039817438843,0.804963007656184
R4_LHS_03,20260813,V40_A_E5_C9_1T,X,B2,7.327227310574482,9.056567301657381e-11,1.9372127166294995e-11,0.1594959532812573,1.6802701654283343
R4_LHS_03,20260813,V40_A_E5_C9_1T,X,B2,7.360532889258912,5.3096881058589673e-11,9.820626083179018e-12,0.16652652033163454,1.5504604672313556
R4_LHS_03,20260813,V40_A_E5_C9_1T,X,B2,7.3938384679433415,1.2585542330523225e-10,7.29386689934941e-12,0.17534395960546562,0.4311171201345294
R4_LHS_03,20260813,V40_A_E5_C9_1T,X,B2,7.427144046627771,4.621729041143219e-11,1.1732772739470043e-11,0.18416139887929672,-0.6882262269622967
R4_LHS_03,20260813,V40_A_E5_C9_1T,X,B2,7.460449625312201,4.4657711556483903e-11,1.1770089243523518e-11,0.19297883815312783,-1.8075695740591229
R4_LHS_03,20260813,V40_A_E5_C9_1T,X,B2,7.49375520399663,4.586356988633966e-11,7.230494848686764e-12,0.2017962774269589,-2.9269129211559495
R4_LHS_03,20260813,V40_A_E5_C9_1T,X,B2,7.527060782681059,2.0479718615407094e-11,1.1715053406524678e-11,0.20075043695951678,-3.043268813975744
R4_LHS_03,20260813,V40_A_E5_C9_1T,X,B2,7.560366361365489,1.593983452174985e-11,1.3925614134047137e-11,0.19742845501331957,-2.928166063500879
R4_LHS_03,20260813,V40_A_E5_C9_1T,X,B2,7.593671940049918,1.2037512479856627e-11,8.077573332432308e-12,0.1941064730671224,-2.8130633130260136
R4_LHS_03,20260813,V40_A_E5_C9_1T,X,B2,7.626977518734348,1.702077541410052e-11,8.137551396614207e-12,0.1907844911209252,-2.697960562551148
R4_LHS_03,20260813,V40_A_E5_C9_1T,X,B2,7.660283097418778,1.8734298834477414e-11,9.458108775339813e-12,0.1899355529597364,-2.476227568150731
R4_LHS_03,20260813,V40_A_E5_C9_1T,X,B2,7.693588676103206,2.943251198317398e-11,5.1500800152259885e-12,0.20703612614134576,-1.4805653839683002
R4_LHS_03,20260813,V40_A_E5_C9_1T,X,B2,7.726894254787636,2.233077958657681e-11,9.585490387542528e-12,0.22413669932295557,-0.48490319978584306
R4_LHS_03,20260813,V40_A_E5_C9_1T,X,B2,7.760199833472066,9.253687399679578e-11,1.1751553723182706e-11,0.2412372725045654,0.5107589843966145
R4_LHS_03,20260813,V40_A_E5_C9_1T,X,B2,7.793505412156495,8.907310999894946e-11,7.676662257261047e-12,0.25833784568617524,1.506421168579072
R4_LHS_03,20260813,V40_A_E5_C9_1T,X,B2,7.826810990840925,1.2015176353852297e-10,8.53448648557853e-12,0.2697764922687157,2.0994252519345515
R4_LHS_03,20260813,V40_A_E5_C9_1T,X,B2,7.8601165695253545,2.2535814880875193e-10,9.558112114282924e-12,0.2737002180924921,2.157992219647005
R4_LHS_03,20260813,V40_A_E5_C9_1T,X,B2,7.893422148209783,1.20207940823569e-10,8.223804449924987e-12,0.27762394391626843,2.216559187359457
R4_LHS_03,20260813,V40_A_E5_C9_1T,X,B2,7.926727726894213,1.8935152057419913e-10,6.7275820331280656e-12,0.28154766974004486,2.2751261550719106
R4_LHS_03,20260813,V40_A_E5_C9_1T,X,B2,7.9600333055786425,1.264247040388966e-10,1.0135720387993707e-11,0.2854713955638213,2.3336931227843642
R4_LHS_03,20260813,V40_A_E5_C9_1T,X,B2,7.993338884263072,1.225075735300507e-10,8.53784057341933e-12,0.2717995734188971,1.5121909954664763
R4_LHS_03,20260813,V40_A_E5_C9_1T,X,B2,8.026644462947502,1.2969635088122544e-10,5.394833885175032e-12,0.251890176068138,0.3787067021854873
R4_LHS_03,20260813,V40_A_E5_C9_1T,X,B2,8.05995004163193,6.823488996055005e-11,1.497728503718765e-11,0.2319807787173794,-0.7547775910954719
R4_LHS_03,20260813,V40_A_E5_C9_1T,X,B2,8.093255620316361,5.196465827084218e-11,1.5294618002648086e-11,0.21207138136661974,-1.8882618843764911
R4_LHS_03,20260813,V40_A_E5_C9_1T,X,B2,8.12656119900079,2.2516138259431884e-11,6.557170171422877e-12,0.19303737842570137,-2.9477669408577496
R4_LHS_03,20260813,V40_A_E5_C9_1T,X,B2,8.159866777685219,1.004618870731333e-11,1.0981110118435389e-11,0.19180306181820309,-2.503027515744895
R4_LHS_03,20260813,V40_A_E5_C9_1T,X,B2,8.193172356369649,9.90665882660835e-12,1.065803001409904e-11,0.19056874521070474,-2.0582880906320167
R4_LHS_03,20260813,V40_A_E5_C9_1T,X,B2,8.226477935054078,1.0140330415631116e-11,7.121421941730377e-12,0.18933442860320646,-1.613548665519162
R4_LHS_03,20260813,V40_A_E5_C9_1T,X,B2,8.259783513738508,7.110932936232883e-12,5.800167637848297e-12,0.18810011199570809,-1.1688092404062835
R4_LHS_03,20260813,V40_A_E5_C9_1T,X,B2,8.293089092422937,7.034643700887244e-12,9.129345716896164e-12,0.19977517935953829,-0.8744271652188325
R4_LHS_03,20260813,V40_A_E5_C9_1T,X,B2,8.326394671107368,1.4658205205186903e-11,9.438566248021196e-12,0.2348573715065456,-0.8526710541818056
R4_LHS_03,20260813,V40_A_E5_C9_1T,X,B2,8.359700249791796,2.335980540946192e-11,7.407714198992554e-12,0.26993956365355104,-0.8309149431447796
R4_LHS_03,20260813,V40_A_E5_C9_1T,X,B2,8.393005828476225,2.7658847434608447e-11,8.965947775885219e-12,0.3050217558005565,-0.8091588321077539
R4_LHS_03,20260813,V40_A_E5_C9_1T,X,B2,8.426311407160656,2.1879749748099364e-11,6.0868159471039185e-12,0.3401039479475638,-0.7874027210707268
R4_LHS_03,20260813,V40_A_E5_C9_1T,X,B2,8.459616985845084,1.9510578916359655e-11,6.162144579324735e-12,0.34637159545852386,-0.894238206667268
R4_LHS_03,20260813,V40_A_E5_C9_1T,X,B2,8.492922564529515,3.3013539818549376e-11,5.925452836730294e-12,0.33806247333007267,-1.0661259117372683
R4_LHS_03,20260813,V40_A_E5_C9_1T,X,B2,8.526228143213944,2.702385884512104e-11,7.352265497806432e-12,0.32975335120162186,-1.2380136168072593
R4_LHS_03,20260813,V40_A_E5_C9_1T,X,B2,8.559533721898372,1.625130759130844e-11,6.296478529538296e-12,0.3214442290731711,-1.4099013218772503
R4_LHS_03,20260813,V40_A_E5_C9_1T,X,B2,8.592839300582803,5.548845671138336e-12,8.657930275490777e-12,0.3131351069447199,-1.5817890269472505
R4_LHS_03,20260813,V40_A_E5_C9_1T,X,B2,8.626144879267232,9.920859272982696e-12,1.3606786704312146e-11,0.3095638829653308,-1.5775752746493095
R4_LHS_03,20260813,V40_A_E5_C9_1T,X,B2,8.659450457951662,9.520884081126724e-12,1.0072366551927558e-11,0.3061258529098106,-1.5684108789715536
R4_LHS_03,20260813,V40_A_E5_C9_1T,X,B2,8.69275603663609,7.1848828969711676e-12,9.316724475239013e-12,0.3026878228542906,-1.5592464832937984
R4_LHS_03,20260813,V40_A_E5_C9_1T,X,B2,8.72606161532052,9.830192215787292e-12,2.2767010499080698e-11,0.2992497927987705,-1.5500820876160433
R4_LHS_03,20260813,V40_A_E5_C9_1T,X,B2,8.75936719400495,1.33896210091633e-11,1.6172601452479896e-11,0.28826237213700895,-1.5365258763969982
R4_LHS_03,20260813,V40_A_E5_C9_1T,X,B2,8.792672772689379,1.1328766917617639e-11,2.0469926101385205e-11,0.25798206437041027,-1.5117461365724385
R4_LHS_03,20260813,V40_A_E5_C9_1T,X,B2,8.82597835137381,1.4183503330156277e-11,2.7978189209854065e-11,0.22770175660381003,-1.4869663967478772
R4_LHS_03,20260813,V40_A_E5_C9_1T,X,B2,8.859283930058238,1.3863353173770854e-11,1.489210491034676e-11,0.19742144883721138,-1.4621866569233175
R4_LHS_03,20260813,V40_A_E5_C9_1T,X,B2,8.892589508742669,1.5294621472095038e-11,1.3738133894380944e-11,0.16714114107061112,-1.4374069170987562
R4_LHS_03,20260813,V40_A_E5_C9_1T,X,B2,8.925895087427097,3.681348975659304e-11,2.3018876735281246e-11,0.15440134901388994,-1.4305982386242044
R4_LHS_03,20260813,V40_A_E5_C9_1T,X,B2,8.959200666111526,6.793297174789714e-11,1.8126349379810058e-11,0.1538586043050942,-1.4362859935387287
R4_LHS_03,20260813,V40_A_E5_C9_1T,X,B2,8.992506244795957,1.0493406837897012e-10,7.530963699875493e-12,0.15331585959629848,-1.441973748453253
R4_LHS_03,20260813,V40_A_E5_C9_1T,X,B2,9.025811823480385,8.50342157798778e-11,1.681869747638398e-11,0.15277311488750275,-1.4476615033677773
R4_LHS_03,20260813,V40_A_E5_C9_1T,X,B2,9.059117402164816,3.5598943931569593e-11,8.590455603807445e-12,0.15223037017870703,-1.453349258282302
R4_LHS_03,20260813,V40_A_E5_C9_1T,X,B2,9.092422980849244,1.3037368927493187e-11,1.3314683557086315e-11,0.15621393234108416,-1.3176322313867714
R4_LHS_03,20260813,V40_A_E5_C9_1T,X,B2,9.125728559533673,1.3027264163245622e-11,2.6056211008262942e-11,0.1607091639758546,-1.1659303161127184
R4_LHS_03,20260813,V40_A_E5_C9_1T,X,B2,9.159034138218104,1.0418397915212818e-11,2.7717774256363903e-11,0.16520439561062528,-1.014228400838657
R4_LHS_03,20260813,V40_A_E5_C9_1T,X,B2,9.192339716902532,8.984124208466504e-12,1.0168965496049065e-11,0.1696996272453957,-0.8625264855646041
R4_LHS_03,20260813,V40_A_E5_C9_1T,X,B2,9.225645295586963,9.462906153112627e-12,1.0816280163195024e-11,0.1751815426309942,-0.658389143701573
R4_LHS_03,20260813,V40_A_E5_C9_1T,X,B2,9.258950874271392,6.107191141691004e-12,1.66701305537309e-11,0.18444264294900692,-0.2534142245261572
R4_LHS_03,20260813,V40_A_E5_C9_1T,X,B2,9.29225645295582,4.533604828355076e-12,1.5600088928979794e-11,0.19370374326701964,0.15156069464925848
R4_LHS_03,20260813,V40_A_E5_C9_1T,X,B2,9.325562031640251,3.813663794483002e-12,1.4938958056709417e-11,0.2029648435850329,0.5565356138246957
R4_LHS_03,20260813,V40_A_E5_C9_1T,X,B2,9.35886761032468,6.493824575293239e-12,1.0597690260072401e-11,0.2122259439030456,0.9615105330001115
R4_LHS_03,20260813,V40_A_E5_C9_1T,X,B2,9.39217318900911,1.4465775799443747e-11,5.094995605969821e-12,0.2257525650140751,1.1932188471985523
R4_LHS_03,20260813,V40_A_E5_C9_1T,X,B2,9.425478767693539,2.2168045177295426e-11,1.7511707361972384e-11,0.2432861905064217,1.2621615627822445
R4_LHS_03,20260813,V40_A_E5_C9_1T,X,B2,9.458784346377968,2.3043270416800432e-11,2.324215819804465e-11,0.2608198159987683,1.3311042783659366
R4_LHS_03,20260813,V40_A_E5_C9_1T,X,B2,9.492089925062398,1.734523462360027e-11,1.6890669418678783e-11,0.2783534414911158,1.4000469939496325
R4_LHS_03,20260813,V40_A_E5_C9_1T,X,B2,9.525395503746827,1.00050670873153e-11,8.470314727393458e-12,0.2958870669834624,1.4689897095333246
R4_LHS_03,20260813,V40_A_E5_C9_1T,X,B2,9.558701082431257,4.5664479142448755e-12,1.5887751184107124e-11,0.28244475645635736,1.7175917508302534
R4_LHS_03,20260813,V40_A_E5_C9_1T,X,B2,9.592006661115686,7.923854281055576e-12,1.827707603319073e-11,0.2623962036502247,2.0045097620659997
R4_LHS_03,20260813,V40_A_E5_C9_1T,X,B2,9.625312239800117,1.2257286331751605e-11,7.637515619940416e-12,0.24234765084409093,2.291427773301761
R4_LHS_03,20260813,V40_A_E5_C9_1T,X,B2,9.658617818484545,1.2413955280399236e-11,1.0093995084226037e-11,0.22229909803795825,2.5783457845375075
R4_LHS_03,20260813,V40_A_E5_C9_1T,X,B2,9.691923397168974,8.198360393341098e-12,1.309853094044744e-11,0.20575698948373009,2.670038809287956
R4_LHS_03,20260813,V40_A_E5_C9_1T,X,B2,9.725228975853405,1.3461991070495838e-11,8.086393533945913e-12,0.21210989928017274,1.4870275105167052
R4_LHS_03,20260813,V40_A_E5_C9_1T,X,B2,9.758534554537833,2.1371482708532064e-11,1.5657190821638522e-11,0.21846280907661506,0.3040162117455174
R4_LHS_03,20260813,V40_A_E5_C9_1T,X,B2,9.791840133222264,1.2739561142116607e-11,1.5972841105327262e-11,0.2248157188730577,-0.8789950870257335
R4_LHS_03,20260813,V40_A_E5_C9_1T,X,B2,9.825145711906693,6.949997001515218e-12,8.491824431133832e-12,0.23116862866950003,-2.062006385796921
R4_LHS_03,20260813,V40_A_E5_C9_1T,X,B2,9.858451290591121,4.079839330956014e-12,9.416317552080056e-12,0.2250977817125657,-2.573083259580924
R4_LHS_03,20260813,V40_A_E5_C9_1T,X,B2,9.891756869275552,3.4269236753869947e-12,1.0005374133370548e-11,0.2033048355013593,-2.233836038027262
R4_LHS_03,20260813,V40_A_E5_C9_1T,X,B2,9.92506244795998,3.62285852359423e-12,5.999581907667473e-12,0.18151188929015408,-1.8945888164736178
R4_LHS_03,20260813,V40_A_E5_C9_1T,X,B2,9.958368026644411,3.3898693314188266e-12,7.197424080340742e-12,0.15971894307894768,-1.5553415949199558
R4_LHS_03,20260813,V40_A_E5_C9_1T,X,B2,9.99167360532884,8.731015910257156e-12,8.777172565144209e-12,0.13792599686774243,-1.2160943733663117
R4_LHS_03,20260813,V40_A_E5_C9_1T,X,B2,10.024979184013269,1.2961674268618939e-11,9.090279744217167e-12,0.12829685290588333,-0.9641113116481139
R4_LHS_03,20260813,V40_A_E5_C9_1T,X,B2,10.0582847626977,9.38902167818556e-12,6.568325744416015e-12,0.12272230969380567,-0.7412163032083842
R4_LHS_03,20260813,V40_A_E5_C9_1T,X,B2,10.091590341382128,6.714282775599489e-12,1.972875855738021e-11,0.11714776648172832,-0.5183212947686663
R4_LHS_03,20260813,V40_A_E5_C9_1T,X,B2,10.124895920066558,5.6868060607784265e-12,2.5914315832098467e-11,0.11157322326965068,-0.29542628632893664
R4_LHS_03,20260813,V40_A_E5_C9_1T,X,B2,10.158201498750987,4.218397332833579e-12,1.4930478728358842e-11,0.10693224345168693,-0.08144158275052032
R4_LHS_03,20260813,V40_A_E5_C9_1T,X,B2,10.191507077435418,5.746924637561879e-12,3.014374166943057e-11,0.11729051549915102,-0.010615777277031224
R4_LHS_03,20260813,V40_A_E5_C9_1T,X,B2,10.224812656119846,5.473327954058638e-12,5.097368013795567e-11,0.12764878754661457,0.0602100281964541
R4_LHS_03,20260813,V40_A_E5_C9_1T,X,B2,10.258118234804275,6.445949676803231e-12,2.5029237363249912e-11,0.1380070595940781,0.13103583366993943
R4_LHS_03,20260813,V40_A_E5_C9_1T,X,B2,10.291423813488706,7.900278521655313e-12,2.790818097453407e-11,0.1483653316415422,0.20186163914342853
R4_LHS_03,20260813,V40_A_E5_C9_1T,X,B2,10.324729392173134,8.196142549377061e-12,5.7572540484995827e-11,0.1639764624446957,0.30992420636843554
R4_LHS_03,20260813,V40_A_E5_C9_1T,X,B2,10.358034970857565,8.126212376613484e-12,3.257364170061727e-11,0.18864039237999602,0.4821607672503223
R4_LHS_03,20260813,V40_A_E5_C9_1T,X,B2,10.391340549541994,6.840610976971417e-12,2.1742699654603292e-11,0.21330432231529503,0.6543973281322
R4_LHS_03,20260813,V40_A_E5_C9_1T,X,B2,10.424646128226422,1.1613925966769134e-11,4.729672556380571e-11,0.23796825225059404,0.8266338890140775
R4_LHS_03,20260813,V40_A_E5_C9_1T,X,B2,10.457951706910853,1.1452620969631955e-11,2.970733381513213e-11,0.26263218218589435,0.9988704498959643
R4_LHS_03,20260813,V40_A_E5_C9_1T,X,B2,10.491257285595282,6.4756789340536525e-12,1.1220666756850406e-11,0.2534199809650896,0.804191625832918
R4_LHS_03,20260813,V40_A_E5_C9_1T,X,B2,10.524562864279712,1.002860121335214e-11,2.017605700566083e-11,0.22795506942083515,0.4334782529234471
R4_LHS_03,20260813,V40_A_E5_C9_1T,X,B2,10.557868442964141,1.7228864168661318e-11,1.5806895722891845e-11,0.20249015787658206,0.06276488001399594
R4_LHS_03,20260813,V40_A_E5_C9_1T,X,B2,10.59117402164857,1.8941338081335246e-11,6.619567307492025e-12,0.17702524633232897,-0.30794849289545523
R4_LHS_03,20260813,V40_A_E5_C9_1T,X,B2,10.624479600333,1.5597410515932886e-11,7.781203632817313e-12,0.15156033478807454,-0.6786618658049259
R4_LHS_03,20260813,V40_A_E5_C9_1T,X,B2,10.657785179017429,1.5105005787829917e-11,8.82829313125777e-12,0.16957749167052455,-1.0133214719984391
R4_LHS_03,20260813,V40_A_E5_C9_1T,X,B2,10.69109075770186,1.2901078642879593e-11,4.9641380416021175e-12,0.1882848401153025,-1.3474087961806074
R4_LHS_03,20260813,V40_A_E5_C9_1T,X,B2,10.724396336386288,1.3990103346628313e-11,7.0418042057152075e-12,0.20699218856007945,-1.6814961203627576
R4_LHS_03,20260813,V40_A_E5_C9_1T,X,B2,10.757701915070717,1.961202034106435e-11,6.016997664004542e-12,0.2256995370048564,-2.015583444544908
R4_LHS_03,20260813,V40_A_E5_C9_1T,X,B2,10.791007493755147,2.1458225821224808e-11,8.211710825212215e-12,0.23013958627734915,-2.29305019624823
R4_LHS_03,20260813,V40_A_E5_C9_1T,X,B2,10.824313072439576,2.0569327491282152e-11,5.523941547236344e-12,0.20014788688072863,-2.433872633035931
R4_LHS_03,20260813,V40_A_E5_C9_1T,X,B2,10.857618651124007,1.991874547246919e-11,9.590705833673052e-12,0.17015618748410652,-2.574695069823639
R4_LHS_03,20260813,V40_A_E5_C9_1T,X,B2,10.890924229808435,9.764561555158924e-12,7.648835557982903e-12,0.14016448808748602,-2.7155175066113397
R4_LHS_03,20260813,V40_A_E5_C9_1T,X,B2,10.924229808492866,4.742749162151005e-12,5.0072923238331235e-12,0.11017278869086392,-2.856339943399048
R4_LHS_03,20260813,V40_A_E5_C9_1T,X,B2,10.957535387177295,6.331258867869893e-12,1.2488974264479591e-11,0.12570385879323,-2.4417636840170505
R4_LHS_03,20260813,V40_A_E5_C9_1T,X,B2,10.990840965861723,5.201034915247593e-12,1.3397477571785998e-11,0.17138637362868492,-1.6593259505487057
R4_LHS_03,20260813,V40_A_E5_C9_1T,X,B2,11.024146544546154,3.055275433691551e-12,6.178866879952283e-12,0.21706888846414224,-0.8768882170803187
R4_LHS_03,20260813,V40_A_E5_C9_1T,X,B2,11.057452123230583,5.307738623616665e-12,1.2731124314491193e-11,0.2627514032995971,-0.09445048361197372
R4_LHS_03,20260813,V40_A_E5_C9_1T,X,B2,11.090757701915013,8.881125869442119e-12,1.2001854371446186e-11,0.30843391813505444,0.687987249856413
R4_LHS_03,20260813,V40_A_E5_C9_1T,X,B2,11.124063280599442,8.044543330087972e-12,5.586967520565533e-12,0.28413784299216355,0.8178895500478508
R4_LHS_03,20260813,V40_A_E5_C9_1T,X,B2,11.15736885928387,6.292931887391662e-12,6.0433654608393894e-12,0.25293401004025384,0.8833784812892307
R4_LHS_03,20260813,V40_A_E5_C9_1T,X,B2,11.190674437968301,6.0964627443538255e-12,9.593809253971575e-12,0.2217301770883425,0.948867412530614
R4_LHS_03,20260813,V40_A_E5_C9_1T,X,B2,11.22398001665273,7.343550247063124e-12,7.899867392191506e-12,0.1905263441364328,1.0143563437719938
R4_LHS_03,20260813,V40_A_E5_C9_1T,X,B2,11.25728559533716,1.9825819805308065e-11,4.725123937954212e-12,0.16978078771640115,1.1426140233738038
R4_LHS_03,20260813,V40_A_E5_C9_1T,X,B2,11.29059117402159,4.646906817673546e-11,4.520207558950107e-12,0.18638621891021379,1.4950458042627668
R4_LHS_03,20260813,V40_A_E5_C9_1T,X,B2,11.323896752706018,5.7848743156840854e-11,5.582508847551404e-12,0.20299165010402642,1.8474775851517302
R4_LHS_03,20260813,V40_A_E5_C9_1T,X,B2,11.357202331390448,3.039814580607647e-11,5.122442400806726e-12,0.21959708129783997,2.1999093660407123
R4_LHS_03,20260813,V40_A_E5_C9_1T,X,B2,11.390507910074877,7.758975753557884e-12,8.920034849646541e-12,0.23620251249165264,2.5523411469296753
R4_LHS_03,20260813,V40_A_E5_C9_1T,X,B2,11.423813488759308,2.366296828620884e-12,6.021562588831575e-12,0.2424922967880194,2.076160245295031
R4_LHS_03,20260813,V40_A_E5_C9_1T,X,B2,11.457119067443736,2.4994767540420515e-12,7.169750904090222e-12,0.23953620497630493,0.8572968652504263
R4_LHS_03,20260813,V40_A_E5_C9_1T,X,B2,11.490424646128167,3.3317198826210426e-12,7.681319122432306e-12,0.2365801131645903,-0.36156651479424395
R4_LHS_03,20260813,V40_A_E5_C9_1T,X,B2,11.523730224812596,7.7608232340598e-12,8.652253392915643e-12,0.23362402135287583,-1.5804298948388489
R4_LHS_03,20260813,V40_A_E5_C9_1T,X,B2,11.557035803497024,5.6304947683438744e-12,5.104774675884771e-12,0.23066792954116136,-2.7992932748834543
R4_LHS_03,20260813,V40_A_E5_C9_1T,X,B2,11.590341382181455,2.4178823006260064e-12,6.101535509478451e-12,0.21128165828595932,-2.3277196784896503
R4_LHS_03,20260813,V40_A_E5_C9_1T,X,B2,11.623646960865884,5.143902664928035e-12,5.576477214025433e-12,0.18867077237362612,-1.5243780773743907
R4_LHS_03,20260813,V40_A_E5_C9_1T,X,B2,11.656952539550314,8.370728589446319e-12,5.667612212878481e-12,0.16605988646129174,-0.721036476259088
R4_LHS_03,20260813,V40_A_E5_C9_1T,X,B2,11.690258118234743,8.281362574857898e-12,9.261663484749771e-12,0.14344900054895857,0.08230512485617192
R4_LHS_03,20260813,V40_A_E5_C9_1T,X,B2,11.723563696919172,7.0103150714984075e-12,1.634091473246002e-11,0.1236052772000767,0.6498295855859655
R4_LHS_03,20260813,V40_A_E5_C9_1T,X,B2,11.756869275603602,6.274683463786124e-12,6.761664145260582e-12,0.120140164699731,-0.1784284873171802
R4_LHS_03,20260813,V40_A_E5_C9_1T,X,B2,11.790174854288031,1.2037137779585816e-11,7.982949370988202e-12,0.11667505219938548,-1.0066865602202817
R4_LHS_03,20260813,V40_A_E5_C9_1T,X,B2,11.823480432972461,1.3250608943415898e-11,1.6398918681326258e-11,0.11320993969903977,-1.8349446331234276
R4_LHS_03,20260813,V40_A_E5_C9_1T,X,B2,11.85678601165689,6.532166734601885e-12,7.938886527336653e-12,0.10974482719869424,-2.663202706026529
R4_LHS_03,20260813,V40_A_E5_C9_1T,X,B2,11.890091590341319,2.2185866425245004e-12,6.5308726308888065e-12,0.11085347508039217,-2.5595538663824184
R4_LHS_03,20260813,V40_A_E5_C9_1T,X,B2,11.92339716902575,1.8918169981951838e-12,9.778182603892294e-12,0.11748217859559046,-1.3311897874572716
R4_LHS_03,20260813,V40_A_E5_C9_1T,X,B2,11.956702747710178,5.390350058670501e-12,9.075124332569295e-12,0.12411088211078838,-0.10282570853219042
R4_LHS_03,20260813,V40_A_E5_C9_1T,X,B2,11.990008326394609,1.8096309173376568e-11,3.5787696590905416e-12,0.13073958562598667,1.125538370392956
R4_LHS_03,20260813,V40_A_E5_C9_1T,X,B2,12.023313905079037,1.9007271451210173e-11,6.825210101951695e-12,0.1373682891411846,2.3539024493180376
R4_LHS_03,20260813,V40_A_E5_C9_1T,X,B2,12.056619483763466,1.2593010835504348e-11,4.11639255668006e-12,0.1549849995814394,2.4069813142509684
R4_LHS_03,20260813,V40_A_E5_C9_1T,X,B2,12.089925062447897,4.0883537874569775e-12,5.986788322032144e-12,0.17603898398286674,2.0924068558325164
R4_LHS_03,20260813,V40_A_E5_C9_1T,X,B2,12.123230641132325,4.19777363910856e-12,8.490481755163426e-12,0.19709296838429297,1.7778323974140808
R4_LHS_03,20260813,V40_A_E5_C9_1T,X,B2,12.156536219816756,4.617848638199806e-12,7.085651076293997e-12,0.2181469527857203,1.4632579389956286
R4_LHS_03,20260813,V40_A_E5_C9_1T,X,B2,12.189841798501185,3.692148583395172e-12,5.4112582470455806e-12,0.23696316127276792,
R4_LHS_03,20260813,V40_A_E5_C9_1T,X,B2,12.223147377185615,3.4348836708969488e-12,3.404038552770605e-12,0.22619099933638487,
R4_LHS_03,20260813,V40_A_E5_C9_1T,X,B2,12.256452955870044,2.1061858854198867e-12,3.759599402630709e-12,0.2154188374000024,
R4_LHS_03,20260813,V40_A_E5_C9_1T,X,B2,12.289758534554473,2.0654970789291127e-12,3.3486076325001113e-12,0.20464667546361992,
R4_LHS_03,20260813,V40_A_E5_C9_1T,X,B2,12.323064113238903,2.4661978188789124e-12,2.822503298791079e-12,0.19387451352723686,
R4_LHS_03,20260813,V40_A_E5_C9_1T,X,B2,12.356369691923332,2.130909164399508e-12,5.026579846800772e-12,0.1963707870686684,
R4_LHS_03,20260813,V40_A_E5_C9_1T,X,B2,12.389675270607762,3.0203910119513955e-12,3.04223486680133e-12,0.22061635175414462,
R4_LHS_03,20260813,V40_A_E5_C9_1T,X,B2,12.422980849292191,3.740232949744904e-12,5.807894096210298e-12,0.24486191643961958,
R4_LHS_03,20260813,V40_A_E5_C9_1T,X,B2,12.45628642797662,2.908634704618107e-12,6.4251191173037014e-12,0.2691074811250945,
R4_LHS_03,20260813,V40_A_E5_C9_1T,X,B2,12.48959200666105,4.130782521594156e-12,4.601870100262584e-12,0.29335304581057076,
R4_LHS_03,20260813,V40_A_E5_C9_1T,X,B2,12.52289758534548,5.909377154278417e-12,2.560062188280976e-12,0.2946621271890959,-1.5804450760077966
R4_LHS_03,20260813,V40_A_E5_C9_1T,X,B2,12.55620316402991,6.885391128780283e-12,5.701935885255027e-12,0.28554553433719165,-0.7738304964012626
R4_LHS_03,20260813,V40_A_E5_C9_1T,X,B2,12.589508742714338,7.978570928934836e-12,5.9823227101241105e-12,0.2764289414852879,0.03278408320522841
R4_LHS_03,20260813,V40_A_E5_C9_1T,X,B2,12.622814321398767,3.28325409394703e-12,6.038481346892777e-12,0.26731234863338416,0.8393986628117194
R4_LHS_03,20260813,V40_A_E5_C9_1T,X,B2,12.656119900083198,7.474435133325574e-12,6.4347654808727395e-12,0.2581957557814799,1.6460132424182534
R4_LHS_03,20260813,V40_A_E5_C9_1T,X,B2,12.689425478767626,1.590838051568344e-11,3.703297651175275e-12,0.2512552564859787,1.418129251213691
R4_LHS_03,20260813,V40_A_E5_C9_1T,X,B2,12.722731057452057,1.5994311777789427e-11,3.3995796629160413e-12,0.24432329089069818,1.1861884028687184
R4_LHS_03,20260813,V40_A_E5_C9_1T,X,B2,12.756036636136486,6.5321524231332084e-12,3.5994792216276217e-12,0.23739132529541807,0.9542475545237583
R4_LHS_03,20260813,V40_A_E5_C9_1T,X,B2,12.789342214820916,2.3241473849633376e-12,3.500242413620458e-12,0.2304593597001376,0.7223067061787858
R4_LHS_03,20260813,V40_A_E5_C9_1T,X,B2,12.822647793505345,3.536882809199171e-12,2.628213402119939e-12,0.22340581231718745,0.4836604922240593
R4_LHS_03,20260813,V40_A_E5_C9_1T,X,B2,12.855953372189774,6.209041527455161e-12,2.466572302309289e-12,0.2160748090598109,0.22971229008294392
R4_LHS_03,20260813,V40_A_E5_C9_1T,X,B2,12.889258950874204,8.027030429236248e-12,3.7287399730356885e-12,0.20874380580243398,-0.024235912058184983
R4_LHS_03,20260813,V40_A_E5_C9_1T,X,B2,12.922564529558633,8.528942309349308e-12,3.2705186215481463e-12,0.20141280254505742,-0.27818411419930034
R4_LHS_03,20260813,V40_A_E5_C9_1T,X,B2,12.955870108243063,7.752003032546195e-12,3.187880731961301e-12,0.1940817992876805,-0.5321323163404292
R4_LHS_03,20260813,V40_A_E5_C9_1T,X,B2,12.989175686927492,4.983553934106988e-12,6.15912008894437e-12,0.19330165816236802,-0.6236046137261844
R4_LHS_03,20260813,V40_A_E5_C9_1T,X,B2,13.02248126561192,5.5711798022106684e-12,6.0295158622880596e-12,0.19665231545154102,-0.6126239520624019
R4_LHS_03,20260813,V40_A_E5_C9_1T,X,B2,13.055786844296351,8.230178691337464e-12,3.1929955641302188e-12,0.2000029727407142,-0.6016432903986189
R4_LHS_03,20260813,V40_A_E5_C9_1T,X,B2,13.08909242298078,1.3434930251632338e-11,2.6556818810002936e-12,0.20335363002988718,-0.5906626287348363
R4_LHS_03,20260813,V40_A_E5_C9_1T,X,B2,13.12239800166521,8.880567288482855e-12,4.090017820951308e-12,0.20670428731906038,-0.5796819670710532
R4_LHS_03,20260813,V40_A_E5_C9_1T,X,B2,13.15570358034964,2.5260219263523176e-12,4.147304027979359e-12,0.19411380847080048,-0.6206582933043963
R4_LHS_03,20260813,V40_A_E5_C9_1T,X,B2,13.189009159034068,5.607022658671301e-12,3.840243661262788e-12,0.18017238588208068,-0.6660377541052906
R4_LHS_03,20260813,V40_A_E5_C9_1T,X,B2,13.222314737718499,5.815436673883845e-12,4.1917190204965316e-12,0.16623096329336015,-0.7114172149061875
R4_LHS_03,20260813,V40_A_E5_C9_1T,X,B2,13.255620316402927,5.757749745732843e-12,3.7212602790881455e-12,0.15228954070464035,-0.7567966757070819
R4_LHS_03,20260813,V40_A_E5_C9_1T,X,B2,13.288925895087358,6.190576697095995e-12,3.7733141264317815e-12,0.13936590097478535,-0.8475875867395906
R4_LHS_03,20260813,V40_A_E5_C9_1T,X,B2,13.322231473771787,3.813322921319973e-12,3.506215933909984e-12,0.12984062096012497,-1.0900065604098002
R4_LHS_03,20260813,V40_A_E5_C9_1T,X,B2,13.355537052456215,2.9686285981517235e-12,4.253345071980608e-12,0.12031534094546459,-1.3324255340800097
R4_LHS_03,20260813,V40_A_E5_C9_1T,X,B2,13.388842631140646,3.180828430510152e-12,2.459374934607461e-12,0.11079006093080371,-1.5748445077502324
R4_LHS_03,20260813,V40_A_E5_C9_1T,X,B2,13.422148209825075,4.024819540149327e-12,4.4423696492212894e-12,0.10126478091614333,-1.817263481420442
R4_LHS_03,20260813,V40_A_E5_C9_1T,X,B2,13.455453788509505,5.208890610508554e-12,3.2379537419358062e-12,0.09769691521926888,-1.9223772508714911
R4_LHS_03,20260813,V40_A_E5_C9_1T,X,B2,13.488759367193934,3.3672693539738008e-12,2.8763753531779734e-12,0.09922307046079122,-1.9100851210626733
R4_LHS_03,20260813,V40_A_E5_C9_1T,X,B2,13.522064945878364,3.044295501450356e-12,4.631710379815468e-12,0.10074922570231364,-1.8977929912538545
R4_LHS_03,20260813,V40_A_E5_C9_1T,X,B2,13.555370524562793,4.204169564564486e-12,4.416749518204588e-12,0.10227538094383598,-1.8855008614450366
R4_LHS_03,20260813,V40_A_E5_C9_1T,X,B2,13.588676103247222,5.218794146832906e-12,3.9944371595102e-12,0.10380153618535833,-1.8732087316362187
R4_LHS_03,20260813,V40_A_E5_C9_1T,X,B2,13.621981681931652,3.53258221286179e-12,4.071422886331444e-12,0.1081350364851815,-1.954988636045437
R4_LHS_03,20260813,V40_A_E5_C9_1T,X,B2,13.655287260616081,2.1295784146529995e-12,5.0562089237704555e-12,0.11297308267105838,-2.0536754959131875
R4_LHS_03,20260813,V40_A_E5_C9_1T,X,B2,13.688592839300512,9.46471980650676e-12,3.2349160242889363e-12,0.11781112885693551,-2.152362355780944
R4_LHS_03,20260813,V40_A_E5_C9_1T,X,B2,13.72189841798494,9.496980458989501e-12,3.0299835990926782e-12,0.12264917504281238,-2.2510492156486945
R4_LHS_03,20260813,V40_A_E5_C9_1T,X,B2,13.755203996669369,2.3462273790464394e-12,2.3942985181296672e-12,0.1382352627882053,-2.3457719388353535
R4_LHS_03,20260813,V40_A_E5_C9_1T,X,B2,13.7885095753538,7.82350399741727e-12,2.4460758939193195e-12,0.21186077495498967,-2.41908832394412
R4_LHS_03,20260813,V40_A_E5_C9_1T,X,B2,13.821815154038228,1.2008899950843865e-11,2.4294585440620686e-12,0.2854862871217701,-2.492404709052882
R4_LHS_03,20260813,V40_A_E5_C9_1T,X,B2,13.855120732722659,1.429938632779848e-11,3.4557174830029957e-12,0.35911179928855447,-2.565721094161648
R4_LHS_03,20260813,V40_A_E5_C9_1T,X,B2,13.888426311407088,1.0643225016593316e-11,3.9613559828233225e-12,0.4327373114553349,-2.6390374792704105
R4_LHS_03,20260813,V40_A_E5_C9_1T,X,B2,13.921731890091516,1.4640632456375258e-11,3.9418277669733826e-12,0.4788952726408606,-2.651660418728804
R4_LHS_03,20260813,V40_A_E5_C9_1T,X,B2,13.955037468775947,3.416504579245583e-11,4.263309757307487e-12,0.4934309272345264,-2.594409391346023
R4_LHS_03,20260813,V40_A_E5_C9_1T,X,B2,13.988343047460376,3.549886079534659e-11,5.944520483497362e-12,0.5079665818281914,-2.5371583639632442
R4_LHS_03,20260813,V40_A_E5_C9_1T,X,B2,14.021648626144806,1.9690074223865928e-11,4.570276448956356e-12,0.5225022364218573,-2.479907336580463
R4_LHS_03,20260813,V40_A_E5_C9_1T,X,B2,14.054954204829235,6.718155112078739e-12,3.1042104650658153e-12,0.5370378910155224,-2.4226563091976847
R4_LHS_03,20260813,V40_A_E5_C9_1T,X,B2,14.088259783513664,6.095761916069531e-12,2.6015958051045507e-12,0.48792327001231806,-2.184684732970747
R4_LHS_03,20260813,V40_A_E5_C9_1T,X,B2,14.121565362198094,4.744055408928416e-12,1.883040164768479e-12,0.42016361878376574,-1.8937748141530844
R4_LHS_03,20260813,V40_A_E5_C9_1T,X,B2,14.154870940882523,5.124959918251237e-12,2.258123592627226e-12,0.352403967555217,-1.6028648953354367
R4_LHS_03,20260813,V40_A_E5_C9_1T,X,B2,14.188176519566953,5.225894370020079e-12,2.756838811054929e-12,0.2846443163266647,-1.311954976517774
R4_LHS_03,20260813,V40_A_E5_C9_1T,X,B2,14.221482098251382,8.294315755053017e-12,2.693389782038036e-12,0.2240111722140197,-1.0449270757409952
R4_LHS_03,20260813,V40_A_E5_C9_1T,X,B2,14.254787676935813,7.885326940015869e-12,3.4046101441559395e-12,0.24312703630310936,-1.0451503292309254
R4_LHS_03,20260813,V40_A_E5_C9_1T,X,B2,14.288093255620241,9.283867077880537e-12,2.405785640147151e-12,0.262242900392198,-1.045373582720856
R4_LHS_03,20260813,V40_A_E5_C9_1T,X,B2,14.32139883430467,1.3403911661158396e-11,2.572933836472724e-12,0.28135876448128666,-1.0455968362107861
R4_LHS_03,20260813,V40_A_E5_C9_1T,X,B2,14.3547044129891,2.3935662479823705e-11,2.4729656256800014e-12,0.3004746285703763,-1.0458200897007164
R4_LHS_03,20260813,V40_A_E5_C9_1T,X,B2,14.38800999167353,3.350764110621185e-11,4.276266406949558e-12,0.30618920592245286,-1.0289366711784058
R4_LHS_03,20260813,V40_A_E5_C9_1T,X,B2,14.42131557035796,2.8385684427978397e-11,2.8777499046922506e-12,0.2909977759647917,-0.9853668443169995
R4_LHS_03,20260813,V40_A_E5_C9_1T,X,B2,14.454621149042389,2.076585604859904e-11,2.636889621585037e-12,0.27580634600713133,-0.9417970174555956
R4_LHS_03,20260813,V40_A_E5_C9_1T,X,B2,14.487926727726817,2.1996999707840637e-11,2.5986233564284644e-12,0.26061491604947096,-0.8982271905941918
R4_LHS_03,20260813,V40_A_E5_C9_1T,X,B2,14.521232306411248,1.942314191427652e-11,2.2744766139948247e-12,0.24542348609180978,-0.8546573637327856
R4_LHS_03,20260813,V40_A_E5_C9_1T,X,B2,14.554537885095677,4.524657124665987e-12,2.8093128951606205e-12,0.27212162627268754,-0.8194086756634761
R4_LHS_03,20260813,V40_A_E5_C9_1T,X,B2,14.587843463780107,2.0198087993805736e-12,2.9143094187888963e-12,0.3168393022114816,-0.7877394718790313
R4_LHS_03,20260813,V40_A_E5_C9_1T,X,B2,14.621149042464536,3.400380454640639e-12,2.097081839777526e-12,0.3615569781502732,-0.7560702680945881
R4_LHS_03,20260813,V40_A_E5_C9_1T,X,B2,14.654454621148965,5.569210023703697e-12,1.9697904331955618e-12,0.4062746540890649,-0.7244010643101451
R4_LHS_03,20260813,V40_A_E5_C9_1T,X,B2,14.687760199833395,5.272424424135336e-12,2.6726717627240104e-12,0.45069698412452136,-0.692993741100972
R4_LHS_03,20260813,V40_A_E5_C9_1T,X,B2,14.721065778517824,6.7028288301684835e-12,4.3018171490272206e-12,0.45761038443627317,-0.6948452509511619
R4_LHS_03,20260813,V40_A_E5_C9_1T,X,B2,14.754371357202254,9.056655599082308e-12,3.9577629368237055e-12,0.46452378474802536,-0.6966967608013519
R4_LHS_03,20260813,V40_A_E5_C9_1T,X,B2,14.787676935886683,5.2567325492525185e-12,2.4812094653187122e-12,0.47143718505977716,-0.6985482706515419
R4_LHS_03,20260813,V40_A_E5_C9_1T,X,B2,14.820982514571114,5.237729520934931e-12,2.30516799225311e-12,0.47835058537152936,-0.7003997805017319
R4_LHS_03,20260813,V40_A_E5_C9_1T,X,B2,14.854288093255542,6.725372862781409e-12,3.0604991197585862e-12,0.46178602471289687,-0.7724859026647758
R4_LHS_03,20260813,V40_A_E5_C9_1T,X,B2,14.887593671939971,4.109158759785236e-12,3.547211352775137e-12,0.39449747430344984,-0.996313471182704
R4_LHS_03,20260813,V40_A_E5_C9_1T,X,B2,14.920899250624402,4.73546028778582e-12,2.232709243182862e-12,0.32720892389399925,-1.220141039700644
R4_LHS_03,20260813,V40_A_E5_C9_1T,X,B2,14.95420482930883,9.167308405444441e-12,2.536266552680133e-12,0.25992037348455227,-1.4439686082185723
R4_LHS_03,20260813,V40_A_E5_C9_1T,X,B2,14.98751040799326,6.718362411534118e-12,2.7227469411028604e-12,0.19263182307510168,-1.6677961767365126
R4_LHS_03,20260813,V40_A_E5_C9_1T,X,B2,15.02081598667769,2.15336862924298e-12,6.448784648643846e-12,0.1870921679852318,-1.9146566157734144
R4_LHS_03,20260813,V40_A_E5_C9_1T,X,B2,15.054121565362118,7.717356267922248e-12,6.732136549614243e-12,0.2186018500871008,-2.175336777121698
R4_LHS_03,20260813,V40_A_E5_C9_1T,X,B2,15.087427144046549,1.6966447344279878e-11,3.081568420576497e-12,0.2501115321889715,-2.436016938469995
R4_LHS_03,20260813,V40_A_E5_C9_1T,X,B2,15.120732722730978,1.7279420949645186e-11,2.6474161404776986e-12,0.2816212142908405,-2.6966970998182784
R4_LHS_03,20260813,V40_A_E5_C9_1T,X,B2,15.154038301415408,1.2975734202391731e-11,2.1849774593796223e-12,0.3131308963927112,-2.9573772611665756
R4_LHS_03,20260813,V40_A_E5_C9_1T,X,B2,15.187343880099837,6.406826891930395e-12,2.0825127646645347e-12,0.264653386282955,-2.0875806170240323
R4_LHS_03,20260813,V40_A_E5_C9_1T,X,B2,15.220649458784266,5.531844513712025e-12,3.233230740432025e-12,0.21048641061839934,-1.137373488808953
R4_LHS_03,20260813,V40_A_E5_C9_1T,X,B2,15.253955037468696,6.989096801301997e-12,4.489764462989321e-12,0.15631943495384085,-0.1871663605938232
R4_LHS_03,20260813,V40_A_E5_C9_1T,X,B2,15.287260616153125,6.724482949638233e-12,3.432099006037137e-12,0.10215245928928521,0.763040767621256
R4_LHS_03,20260813,V40_A_E5_C9_1T,X,B2,15.320566194837555,1.4796851244280873e-11,2.3589912575422423e-12,0.08362581392597089,1.4627864474956396
R4_LHS_03,20260813,V40_A_E5_C9_1T,X,B2,15.353871773521984,2.0067340150697888e-11,2.0724335875882405e-12,0.17661891176329103,1.378830176110468
R4_LHS_03,20260813,V40_A_E5_C9_1T,X,B2,15.387177352206413,1.820533654384171e-11,2.882678470927935e-12,0.26961200960061116,1.2948739047252964
R4_LHS_03,20260813,V40_A_E5_C9_1T,X,B2,15.420482930890843,1.3714969264444488e-11,3.817154925478405e-12,0.3626051074379362,1.2109176333401206
R4_LHS_03,20260813,V40_A_E5_C9_1T,X,B2,15.453788509575272,1.2479756811289988e-11,3.970682289911043e-12,0.45559820527525635,1.126961361954949
R4_LHS_03,20260813,V40_A_E5_C9_1T,X,B2,15.487094088259703,1.4835402004087506e-11,3.657183497013383e-12,0.45120329707612555,1.219277640564264
R4_LHS_03,20260813,V40_A_E5_C9_1T,X,B2,15.520399666944131,9.588358752810056e-12,3.344969483690119e-12,0.3673784548756372,1.4553623110130398
R4_LHS_03,20260813,V40_A_E5_C9_1T,X,B2,15.553705245628562,4.186008744494485e-12,2.5485351676235446e-12,0.2835536126751444,1.6914469814618285
R4_LHS_03,20260813,V40_A_E5_C9_1T,X,B2,15.58701082431299,1.5196933338471053e-12,2.19970981533979e-12,0.19972877047465604,1.9275316519106043
R4_LHS_03,20260813,V40_A_E5_C9_1T,X,B2,15.62031640299742,2.796941714691692e-12,3.2171192793084558e-12,0.11590392827416768,2.1636163223593803
R4_LHS_03,20260813,V40_A_E5_C9_1T,X,B2,15.65362198168185,5.267964883759468e-12,3.916968745881766e-12,0.16602598658633713,1.3682398000029043
R4_LHS_03,20260813,V40_A_E5_C9_1T,X,B2,15.686927560366279,5.1519448429626635e-12,2.885118142656462e-12,0.238066628618752,0.40407871882383484
R4_LHS_03,20260813,V40_A_E5_C9_1T,X,B2,15.720233139050709,2.542408774827698e-12,3.397507102043118e-12,0.3101072706511707,-0.5600823623552857
R4_LHS_03,20260813,V40_A_E5_C9_1T,X,B2,15.753538717735138,6.437167639206098e-12,4.8012375325479084e-12,0.3821479126835856,-1.5242434435343553
R4_LHS_03,20260813,V40_A_E5_C9_1T,X,B2,15.786844296419567,7.012463960204274e-12,4.300874760498896e-12,0.4338686988936379,-2.349698846485096
R4_LHS_03,20260813,V40_A_E5_C9_1T,X,B2,15.820149875103997,4.199600736609632e-12,2.8934177102868386e-12,0.38493531556500526,-2.4880772851885253
R4_LHS_03,20260813,V40_A_E5_C9_1T,X,B2,15.853455453788426,3.458977028414356e-12,2.4280649105895558e-12,0.33600193223637526,-2.6264557238919473
R4_LHS_03,20260813,V40_A_E5_C9_1T,X,B2,15.886761032472856,3.651461945308743e-12,2.2006142567920772e-12,0.2870685489077427,-2.7648341625953767
R4_LHS_03,20260813,V40_A_E5_C9_1T,X,B2,15.920066611157285,3.2220901294288673e-12,2.3355789958295903e-12,0.23813516557911266,-2.9032126012987987
R4_LHS_03,20260813,V40_A_E5_C9_1T,X,B2,15.953372189841714,2.8499336137549625e-12,2.287471427553367e-12,0.22365992349401143,-2.52030168941474
R4_LHS_03,20260813,V40_A_E5_C9_1T,X,B2,15.986677768526144,4.3798315668697185e-12,2.689994711355115e-12,0.24703214802065163,-1.5648270645903497
R4_LHS_03,20260813,V40_A_E5_C9_1T,X,B2,16.019983347210573,4.724221881746704e-12,2.6512188711774742e-12,0.27040437254729055,-0.6093524397660106
R4_LHS_03,20260813,V40_A_E5_C9_1T,X,B2,16.053288925895004,3.078716101501122e-12,2.4268094044738175e-12,0.2937765970739308,0.34612218505837955
R4_LHS_03,20260813,V40_A_E5_C9_1T,X,B2,16.086594504579434,2.979088763871429e-12,2.313230119607712e-12,0.317148821600571,1.3015968098827697
R4_LHS_03,20260813,V40_A_E5_C9_1T,X,B2,16.11990008326386,2.00192705294977e-12,2.8897539743055756e-12,0.332006330767043,1.4243213428645023
R4_LHS_03,20260813,V40_A_E5_C9_1T,X,B2,16.15320566194829,1.7965787278001466e-12,2.779854037932017e-12,0.34453394269566073,1.3191789352923593
R4_LHS_03,20260813,V40_A_E5_C9_1T,X,B2,16.186511240632722,3.677926452977376e-12,2.3111887837573564e-12,0.35706155462427847,1.214036527720216
R4_LHS_03,20260813,V40_A_E5_C9_1T,X,B2,16.21981681931715,7.883968651534179e-12,2.0708938036628766e-12,0.3695891665528949,1.1088941201480842
R4_LHS_03,20260813,V40_A_E5_C9_1T,X,B2,16.25312239800158,8.51489365127911e-12,2.41613022991527e-12,0.3822370045736964,1.0245892430820815
R4_LHS_03,20260813,V40_A_E5_C9_1T,X,B2,16.28642797668601,3.1977688726148035e-12,2.486388048575372e-12,0.39604702815227416,1.1417138275754783
R4_LHS_03,20260813,V40_A_E5_C9_1T,X,B2,16.319733555370437,3.0218457944264365e-12,2.4960485067726523e-12,0.40985705173085046,1.2588384120688625
R4_LHS_03,20260813,V40_A_E5_C9_1T,X,B2,16.353039134054868,4.012827396759899e-12,2.4674318577916354e-12,0.42366707530942826,1.375962996562259
R4_LHS_03,20260813,V40_A_E5_C9_1T,X,B2,16.386344712739298,2.5744142061190356e-12,2.0781789917406757e-12,0.437477098888006,1.4930875810556556
R4_LHS_03,20260813,V40_A_E5_C9_1T,X,B2,16.41965029142373,9.917690800553824e-12,2.2517387260334587e-12,0.42840728038404996,
R4_LHS_03,20260813,V40_A_E5_C9_1T,X,B2,16.452955870108156,1.676641291081804e-11,2.6793389555634928e-12,0.385350900340039,
R4_LHS_03,20260813,V40_A_E5_C9_1T,X,B2,16.486261448792586,1.0402599788517097e-11,2.412778961000117e-12,0.3422945202960234,
R4_LHS_03,20260813,V40_A_E5_C9_1T,X,B2,16.519567027477017,5.4078239282440155e-12,2.5598269164095466e-12,0.2992381402520079,
R4_LHS_03,20260813,V40_A_E5_C9_1T,X,B2,16.552872606161444,2.261241758075294e-12,2.2088073557691157e-12,0.2561817602079969,
R4_LHS_03,20260813,V40_A_E5_C9_1T,X,B2,16.586178184845874,1.4902850004397394e-12,2.295960080042625e-12,0.25474255126928164,
R4_LHS_03,20260813,V40_A_E5_C9_1T,X,B2,16.619483763530305,2.86606090423025e-12,2.0844372235206965e-12,0.27022460970304985,
R4_LHS_03,20260813,V40_A_E5_C9_1T,X,B2,16.652789342214735,1.2489307548227413e-12,2.1434286637256328e-12,0.285706668136818,
R4_LHS_03,20260813,V40_A_E5_C9_1T,X,B2,16.686094920899162,5.207827658698649e-12,2.7538553035166835e-12,0.3011887265705845,
R4_LHS_03,20260813,V40_A_E5_C9_1T,X,B2,16.719400499583593,1.569605036222388e-11,2.862707466910752e-12,0.3164435285860852,-1.2184253366265416
R4_LHS_03,20260813,V40_A_E5_C9_1T,X,B2,16.752706078268023,2.060649220703148e-11,3.0766489616390613e-12,0.3202900584045797,-1.0577412926088567
R4_LHS_03,20260813,V40_A_E5_C9_1T,X,B2,16.78601165695245,1.9387153341043906e-11,3.779715256058136e-12,0.32413658822307373,-0.8970572485911891
R4_LHS_03,20260813,V40_A_E5_C9_1T,X,B2,16.81931723563688,1.4233387905793204e-11,4.888341467723656e-12,0.32798311804156816,-0.7363732045735043
R4_LHS_03,20260813,V40_A_E5_C9_1T,X,B2,16.85262281432131,1.3185341707355747e-11,4.151195012735975e-12,0.33182964786006264,-0.5756891605558195
R4_LHS_03,20260813,V40_A_E5_C9_1T,X,B2,16.885928393005738,1.5842998787873874e-11,3.1902267286221253e-12,0.3276280074145384,-0.41554193115552673
R4_LHS_03,20260813,V40_A_E5_C9_1T,X,B2,16.91923397169017,9.613642347472418e-12,3.5453211547076258e-12,0.3069467802379251,-0.2564938935907942
R4_LHS_03,20260813,V40_A_E5_C9_1T,X,B2,16.9525395503746,3.6953738680178816e-12,3.0740165187642665e-12,0.28626555306131185,-0.09744585602606176
R4_LHS_03,20260813,V40_A_E5_C9_1T,X,B2,16.98584512905903,6.2187507747502035e-12,2.2551769479628447e-12,0.26558432588469855,0.0616021815386707
R4_LHS_03,20260813,V40_A_E5_C9_1T,X,B2,17.019150707743457,9.979000265003535e-12,2.042021282969153e-12,0.24490309870808746,0.22065021910338622
R4_LHS_03,20260813,V40_A_E5_C9_1T,X,B2,17.052456286427887,7.784363431628805e-12,1.8166931717647494e-12,0.2578747492596893,0.10674441237927865
R4_LHS_03,20260813,V40_A_E5_C9_1T,X,B2,17.085761865112318,7.892480939630797e-12,2.0370716832113223e-12,0.2900471214598993,-0.16289579630099488
R4_LHS_03,20260813,V40_A_E5_C9_1T,X,B2,17.119067443796744,1.0310793017997977e-11,1.963296279022808e-12,0.3222194936601058,-0.43253600498123956
R4_LHS_03,20260813,V40_A_E5_C9_1T,X,B2,17.152373022481175,8.334427765988028e-12,2.5059279738087747e-12,0.3543918658603158,-0.7021762136615131
R4_LHS_03,20260813,V40_A_E5_C9_1T,X,B2,17.185678601165606,7.490254076703007e-12,2.4273402298574664e-12,0.38656423806052576,-0.9718164223417867
R4_LHS_03,20260813,V40_A_E5_C9_1T,X,B2,17.218984179850036,1.037511916657241e-11,2.6913781533272063e-12,0.34270355718319945,-1.1049524188339594
R4_LHS_03,20260813,V40_A_E5_C9_1T,X,B2,17.252289758534463,2.384399622190614e-11,1.8619836575362037e-12,0.29444426992949874,-1.230191477430952
R4_LHS_03,20260813,V40_A_E5_C9_1T,X,B2,17.285595337218894,2.9809474333397645e-11,1.7922340044343454e-12,0.24618498267579286,-1.3554305360279577
R4_LHS_03,20260813,V40_A_E5_C9_1T,X,B2,17.318900915903324,1.3800502407512738e-11,1.9874594591601236e-12,0.19792569542208702,-1.4806695946249635
R4_LHS_03,20260813,V40_A_E5_C9_1T,X,B2,17.35220649458775,3.916339041259986e-12,2.0683166550988785e-12,0.1694286044541246,-1.617412413685248
R4_LHS_03,20260813,V40_A_E5_C9_1T,X,B2,17.38551207327218,9.462737668095023e-13,2.0608193970761413e-12,0.1990019671873295,-1.7879585904146054
R4_LHS_03,20260813,V40_A_E5_C9_1T,X,B2,17.418817651956612,1.3217985733726678e-12,2.4563363495988533e-12,0.22857532992053436,-1.958504767143963
R4_LHS_03,20260813,V40_A_E5_C9_1T,X,B2,17.45212323064104,2.841035566525374e-12,2.256607444309222e-12,0.2581486926537361,-2.1290509438733025
R4_LHS_03,20260813,V40_A_E5_C9_1T,X,B2,17.48542880932547,4.6529100017345115e-12,2.243199983403832e-12,0.28772205538694096,-2.29959712060266
R4_LHS_03,20260813,V40_A_E5_C9_1T,X,B2,17.5187343880099,2.3628718339580024e-12,2.7424553513538674e-12,0.2996774222283041,-2.3524618194462548
R4_LHS_03,20260813,V40_A_E5_C9_1T,X,B2,17.55203996669433,2.3859805190623584e-12,3.811595570418769e-12,0.29792990337601305,-2.3137964799342585
R4_LHS_03,20260813,V40_A_E5_C9_1T,X,B2,17.585345545378757,1.6896438675279013e-12,3.5269382900326995e-12,0.2961823845237221,-2.2751311404222663
R4_LHS_03,20260813,V40_A_E5_C9_1T,X,B2,17.618651124063188,1.7858569440962202e-12,3.1317227457139385e-12,0.294434865671431,-2.2364658009102705
R4_LHS_03,20260813,V40_A_E5_C9_1T,X,B2,17.65195670274762,3.319418958452891e-12,3.5774109369279827e-12,0.2926873468191399,-2.1978004613982742
R4_LHS_03,20260813,V40_A_E5_C9_1T,X,B2,17.685262281432045,3.5537005196178972e-12,3.5825446342147016e-12,0.2721748629850124,-2.245297161963061
R4_LHS_03,20260813,V40_A_E5_C9_1T,X,B2,17.718567860116476,3.33216288762872e-12,4.074243546703382e-12,0.24888550092487094,-2.305544298951771
R4_LHS_03,20260813,V40_A_E5_C9_1T,X,B2,17.751873438800907,4.5270319611045995e-12,2.6095551500932013e-12,0.2255961388647295,-2.3657914359404817
R4_LHS_03,20260813,V40_A_E5_C9_1T,X,B2,17.785179017485337,6.4916119354996304e-12,2.4323832878425655e-12,0.20230677680458803,-2.426038572929192
R4_LHS_03,20260813,V40_A_E5_C9_1T,X,B2,17.818484596169764,4.815256700319015e-12,2.0413252251744174e-12,0.18416872157790504,-2.3558950173070397
R4_LHS_03,20260813,V40_A_E5_C9_1T,X,B2,17.851790174854195,1.587512564980853e-12,2.05405679444548e-12,0.1895475018952514,-1.690489604113752
R4_LHS_03,20260813,V40_A_E5_C9_1T,X,B2,17.885095753538625,5.215643021638794e-12,2.003082161944336e-12,0.19492628221259775,-1.0250841909204647
R4_LHS_03,20260813,V40_A_E5_C9_1T,X,B2,17.918401332223052,7.227259589404067e-12,2.754238894245309e-12,0.20030506252994357,-0.3596787777272481
R4_LHS_03,20260813,V40_A_E5_C9_1T,X,B2,17.951706910907482,5.157748794032413e-12,2.0654933926417263e-12,0.2056838428472899,0.3057266354660393
R4_LHS_03,20260813,V40_A_E5_C9_1T,X,B2,17.985012489591913,3.3481249456929207e-12,1.8343243590734915e-12,0.23635580733753853,0.7391784518684308
R4_LHS_03,20260813,V40_A_E5_C9_1T,X,B2,18.01831806827634,2.7098098070998944e-12,2.1201506262419345e-12,0.2935350288409767,0.9295428988339975
R4_LHS_03,20260813,V40_A_E5_C9_1T,X,B2,18.05162364696077,3.551054415795729e-12,2.2052657009524745e-12,0.35071425034442094,1.1199073457995845
R4_LHS_03,20260813,V40_A_E5_C9_1T,X,B2,18.0849292256452,5.616233606647869e-12,3.805974198994866e-12,0.4078934718478652,1.3102717927651715
R4_LHS_03,20260813,V40_A_E5_C9_1T,X,B2,18.11823480432963,7.666874947409585e-12,5.0645898065637684e-12,0.46507269335130946,1.5006362397307587
R4_LHS_03,20260813,V40_A_E5_C9_1T,X,B2,18.15154038301406,7.766230367134419e-12,3.860581125614271e-12,0.44283569030321074,
R4_LHS_03,20260813,V40_A_E5_C9_1T,X,B2,18.18484596169849,5.2598710977014296e-12,2.3179661315375633e-12,0.40035533589883954,
R4_LHS_03,20260813,V40_A_E5_C9_1T,X,B2,18.21815154038292,2.663088499721411e-12,2.0575702600056367e-12,0.3578749814944684,
R4_LHS_03,20260813,V40_A_E5_C9_1T,X,B2,18.251457119067346,1.6499151220608632e-12,2.847760222079998e-12,0.31539462709010174,
R4_LHS_03,20260813,V40_A_E5_C9_1T,X,B2,18.284762697751777,2.415582924658599e-12,2.2525338799067596e-12,0.27592576138185143,
R4_LHS_03,20260813,V40_A_E5_C9_1T,X,B2,18.318068276436207,6.9672301782064405e-12,1.697563530717039e-12,0.26199878128144616,
R4_LHS_03,20260813,V40_A_E5_C9_1T,X,B2,18.351373855120634,6.457094841455513e-12,1.971759127500361e-12,0.24807180118104233,
R4_LHS_03,20260813,V40_A_E5_C9_1T,X,B2,18.384679433805065,3.531024431180363e-12,1.7282006988666998e-12,0.23414482108063706,
R4_LHS_03,20260813,V40_A_E5_C9_1T,X,B2,18.417985012489495,1.7585682259360635e-12,2.2555512145527867e-12,0.22021784098023175,
R4_LHS_03,20260813,V40_A_E5_C9_1T,X,B2,18.451290591173926,1.3705794311980046e-12,2.3327550828511345e-12,0.21780693880922253,
R4_LHS_03,20260813,V40_A_E5_C9_1T,X,B2,18.484596169858353,1.3446531214877933e-12,2.492418164218302e-12,0.23169237333074644,
R4_LHS_03,20260813,V40_A_E5_C9_1T,X,B2,18.517901748542783,2.4393219649060383e-12,1.6828455946457654e-12,0.24557780785227185,
R4_LHS_03,20260813,V40_A_E5_C9_1T,X,B2,18.551207327227214,4.330267915075847e-12,2.255753743518607e-12,0.25946324237379725,
R4_LHS_03,20260813,V40_A_E5_C9_1T,X,B2,18.58451290591164,4.108074557612751e-12,2.3317693262359107e-12,0.27334867689532116,
R4_LHS_03,20260813,V40_A_E5_C9_1T,X,B2,18.61781848459607,5.027761193487912e-12,2.689341371125975e-12,0.2578012778374864,
R4_LHS_03,20260813,V40_A_E5_C9_1T,X,B2,18.651124063280502,7.387205430697819e-12,1.9425240496001583e-12,0.2309580345410872,
R4_LHS_03,20260813,V40_A_E5_C9_1T,X,B2,18.684429641964933,1.0794570966254913e-11,1.7521230777015062e-12,0.20411479124468798,
R4_LHS_03,20260813,V40_A_E5_C9_1T,X,B2,18.71773522064936,7.568651434752827e-12,2.159947568025622e-12,0.17727154794829164,
R4_LHS_03,20260813,V40_A_E5_C9_1T,X,B2,18.75104079933379,2.1512550855279367e-12,2.747133033206839e-12,0.15184476828942448,
R4_LHS_03,20260813,V40_A_E5_C9_1T,X,B2,18.78434637801822,6.973080099448303e-12,2.2428430640486496e-12,0.1703283613940074,
R4_LHS_03,20260813,V40_A_E5_C9_1T,X,B2,18.817651956702647,1.0874872183319617e-11,1.7933890050086942e-12,0.18881195449858834,
R4_LHS_03,20260813,V40_A_E5_C9_1T,X,B2,18.850957535387078,1.2898684724482745e-11,1.4357374880993867e-12,0.2072955476031713,
R4_LHS_03,20260813,V40_A_E5_C9_1T,X,B2,18.88426311407151,1.5354283816604308e-11,1.952077822303666e-12,0.2257791407077542,
R4_LHS_03,20260813,V40_A_E5_C9_1T,X,B2,18.917568692755935,1.7527517631732437e-11,2.460360691222685e-12,0.2370734615166123,1.8264712809920964
R4_LHS_03,20260813,V40_A_E5_C9_1T,X,B2,18.950874271440366,1.4128927194878571e-11,2.7055564819772338e-12,0.23440241430274253,1.4665871634272891
R4_LHS_03,20260813,V40_A_E5_C9_1T,X,B2,18.984179850124796,4.186951133022809e-12,2.803109307170093e-12,0.2317313670888728,1.1067030458624818
R4_LHS_03,20260813,V40_A_E5_C9_1T,X,B2,19.017485428809227,2.4067419064632833e-12,1.8974409717043006e-12,0.22906031987500303,0.7468189282976743
R4_LHS_03,20260813,V40_A_E5_C9_1T,X,B2,19.050791007493654,3.171335156287869e-12,1.5246343684077734e-12,0.22638927266113354,0.38693481073290537
R4_LHS_03,20260813,V40_A_E5_C9_1T,X,B2,19.084096586178084,2.4124747338705177e-12,1.8475789474725612e-12,0.21409785269847081,
R4_LHS_03,20260813,V40_A_E5_C9_1T,X,B2,19.117402164862515,2.705523955912059e-12,2.2621544394640924e-12,0.19659056799248806,
R4_LHS_03,20260813,V40_A_E5_C9_1T,X,B2,19.150707743546942,4.801785271485448e-12,2.158271174626525e-12,0.17908328328650713,
R4_LHS_03,20260813,V40_A_E5_C9_1T,X,B2,19.184013322231372,3.1451453854497435e-12,2.3187504433891393e-12,0.16157599858052435,
R4_LHS_03,20260813,V40_A_E5_C9_1T,X,B2,19.217318900915803,9.51470239402008e-13,2.6120592234307738e-12,0.14406871387454157,
R4_LHS_03,20260813,V40_A_E5_C9_1T,X,B2,19.250624479600233,3.1484207602128222e-12,2.5462581262208905e-12,0.15046703352668184,
R4_LHS_03,20260813,V40_A_E5_C9_1T,X,B2,19.28393005828466,3.797685690226649e-12,4.376677839590393e-12,0.15793866602755127,
R4_LHS_03,20260813,V40_A_E5_C9_1T,X,B2,19.31723563696909,2.1259296406617167e-12,4.051450147590785e-12,0.1654102985284215,
R4_LHS_03,20260813,V40_A_E5_C9_1T,X,B2,19.35054121565352,2.5607751596296024e-12,1.971302027864441e-12,0.17288193102929175,
R4_LHS_03,20260813,V40_A_E5_C9_1T,X,B2,19.38384679433795,1.6650599085274442e-12,3.4848120483016443e-12,0.18257033272796022,
R4_LHS_03,20260813,V40_A_E5_C9_1T,X,B2,19.41715237302238,2.650568349873983e-12,4.350542062020457e-12,0.1983874492676037,
R4_LHS_03,20260813,V40_A_E5_C9_1T,X,B2,19.45045795170681,8.799703153650196e-12,3.171814590488542e-12,0.2142045658072472,
R4_LHS_03,20260813,V40_A_E5_C9_1T,X,B2,19.483763530391236,9.392893580983941e-12,2.814370047773962e-12,0.230021682346889,
R4_LHS_03,20260813,V40_A_E5_C9_1T,X,B2,19.517069109075667,6.5553265940487826e-12,4.822603687920646e-12,0.24583879888653248,
R4_LHS_03,20260813,V40_A_E5_C9_1T,X,B2,19.550374687760097,7.612470549756e-12,3.5966683190752358e-12,0.24840462009277448,-0.8599583228164419
R4_LHS_03,20260813,V40_A_E5_C9_1T,X,B2,19.583680266444528,8.631620591892375e-12,2.869254096468654e-12,0.24114465088173254,-0.7067086505055997
R4_LHS_03,20260813,V40_A_E5_C9_1T,X,B2,19.616985845128955,5.980820005913046e-12,1.992292832445064e-12,0.23388468167069137,-0.5534589781947739
R4_LHS_03,20260813,V40_A_E5_C9_1T,X,B2,19.650291423813385,7.93789600023187e-12,2.164943137955566e-12,0.22662471245964944,-0.40020930588393155
R4_LHS_03,20260813,V40_A_E5_C9_1T,X,B2,19.683597002497816,9.089409780393964e-12,1.7293341238178161e-12,0.2193647432486075,-0.24695963357308937
R4_LHS_03,20260813,V40_A_E5_C9_1T,X,B2,19.716902581182243,5.396617180908336e-12,1.9922338518468807e-12,0.1918035150814996,
R4_LHS_03,20260813,V40_A_E5_C9_1T,X,B2,19.750208159866673,1.7482543190894262e-12,1.8492238990086562e-12,0.16154742953084278,
R4_LHS_03,20260813,V40_A_E5_C9_1T,X,B2,19.783513738551104,1.382399186442007e-12,2.134850239296493e-12,0.13129134398018594,
R4_LHS_03,20260813,V40_A_E5_C9_1T,X,B2,19.816819317235534,2.702945939986323e-12,1.7297168471847035e-12,0.10103525842952912,
R4_LHS_03,20260813,V40_A_E5_C9_1T,X,B2,19.85012489591996,1.8910767049518107e-12,2.5032818699866066e-12,0.09014356245506515,
R4_LHS_03,20260813,V40_A_E5_C9_1T,X,B2,19.883430474604392,2.859642210528701e-12,1.5571394000601924e-12,0.16105653264937936,
R4_LHS_03,20260813,V40_A_E5_C9_1T,X,B2,19.916736053288822,4.100061436196345e-12,2.6341639373234083e-12,0.23196950284369358,
R4_LHS_03,20260813,V40_A_E5_C9_1T,X,B2,19.95004163197325,4.09274654097902e-12,2.4900717338766087e-12,0.30288247303800026,
R4_LHS_03,20260813,V40_A_E5_C9_1T,X,B2,19.98334721065768,1.5728356117516995e-12,1.8049844388232095e-12,0.37379544323231445,
R4_LHS_03,20260813,V40_A_E5_C9_1T,Y,R4_LHS_03,0.0,2.7139888542093444e-17,3.352577911928447e-17,0.9103584289550781,
R4_LHS_03,20260813,V40_A_E5_C9_1T,Y,R4_LHS_03,0.03330557868442947,0.0005217260913923383,0.0005383294774219394,0.9208149810714785,
R4_LHS_03,20260813,V40_A_E5_C9_1T,Y,R4_LHS_03,0.06661115736885893,0.0005797712365165353,0.0006235655746422708,0.9312715331878789,
R4_LHS_03,20260813,V40_A_E5_C9_1T,Y,R4_LHS_03,0.09991673605328841,0.00013593882613349706,0.00017462746473029256,0.9417280853042793,
R4_LHS_03,20260813,V40_A_E5_C9_1T,Y,R4_LHS_03,0.13322231473771787,7.529806316597387e-05,0.00012280103692319244,0.9521846374206797,
R4_LHS_03,20260813,V40_A_E5_C9_1T,Y,R4_LHS_03,0.16652789342214733,2.4170307369786315e-05,3.1698622478870675e-05,0.9569535911033592,-0.10234525126035168
R4_LHS_03,20260813,V40_A_E5_C9_1T,Y,R4_LHS_03,0.19983347210657681,4.6709001253475435e-06,4.18374247601605e-06,0.9489794444978287,-0.1058237263180632
R4_LHS_03,20260813,V40_A_E5_C9_1T,Y,R4_LHS_03,0.23313905079100627,2.189472212421606e-07,5.160653699931572e-07,0.9410052978922981,-0.1093022013757747
R4_LHS_03,20260813,V40_A_E5_C9_1T,Y,R4_LHS_03,0.26644462947543573,1.7363057622787892e-06,2.1619946437567705e-06,0.9330311512867676,-0.11278067643348622
R4_LHS_03,20260813,V40_A_E5_C9_1T,Y,R4_LHS_03,0.2997502081598652,2.9413472475425806e-06,3.023704493898549e-06,0.9250570046812371,-0.11625915149119773
R4_LHS_03,20260813,V40_A_E5_C9_1T,Y,R4_LHS_03,0.33305578684429465,2.674702955118846e-06,2.787948005789076e-06,0.9012162816911613,-0.0945797894618394
R4_LHS_03,20260813,V40_A_E5_C9_1T,Y,R4_LHS_03,0.3663613655287241,2.1354621821956243e-06,2.2167487259139307e-06,0.8675342644878867,-0.057296199365817535
R4_LHS_03,20260813,V40_A_E5_C9_1T,Y,R4_LHS_03,0.39966694421315363,8.33589353987918e-07,7.560001904494129e-07,0.833852247284612,-0.020012609269795603
R4_LHS_03,20260813,V40_A_E5_C9_1T,Y,R4_LHS_03,0.4329725228975831,2.2120258336144616e-07,1.2407429039740236e-07,0.8001702300813374,0.017270980826226245
R4_LHS_03,20260813,V40_A_E5_C9_1T,Y,R4_LHS_03,0.46627810158201255,3.339521015277569e-07,2.606240627756051e-07,0.7664882128780628,0.054554570922248136
R4_LHS_03,20260813,V40_A_E5_C9_1T,Y,R4_LHS_03,0.499583680266442,7.647562370038941e-07,6.677068995486479e-07,0.7515069714295278,0.04183629175631031
R4_LHS_03,20260813,V40_A_E5_C9_1T,Y,R4_LHS_03,0.5328892589508715,1.1368863397365203e-06,1.1165407158841845e-06,0.7380249482904445,0.025109423915363152
R4_LHS_03,20260813,V40_A_E5_C9_1T,Y,R4_LHS_03,0.566194837635301,1.0364179843236343e-06,7.71526799780986e-07,0.7245429251513612,0.008382556074415966
R4_LHS_03,20260813,V40_A_E5_C9_1T,Y,R4_LHS_03,0.5995004163197304,7.681617830712639e-07,5.687431325895886e-07,0.7110609020122779,-0.008344311766531165
R4_LHS_03,20260813,V40_A_E5_C9_1T,Y,R4_LHS_03,0.6328059950041599,4.201681633730914e-07,1.6069222397163685e-07,0.7021093003755803,-0.01746872224403754
R4_LHS_03,20260813,V40_A_E5_C9_1T,Y,R4_LHS_03,0.6661115736885893,2.0345324003301357e-07,9.53066461306662e-08,0.707957075646676,-0.001758438667637606
R4_LHS_03,20260813,V40_A_E5_C9_1T,Y,R4_LHS_03,0.6994171523730188,2.3271070404007332e-07,1.4415392968203378e-07,0.7138048509177717,0.013951844908762383
R4_LHS_03,20260813,V40_A_E5_C9_1T,Y,R4_LHS_03,0.7327227310574482,4.5272875581758854e-07,3.9569007981299364e-07,0.7196526261888674,0.029662128485162316
R4_LHS_03,20260813,V40_A_E5_C9_1T,Y,R4_LHS_03,0.7660283097418777,5.465440153784584e-07,4.880409392171714e-07,0.7255004014599631,0.0453724120615623
R4_LHS_03,20260813,V40_A_E5_C9_1T,Y,R4_LHS_03,0.7993338884263073,4.5877703769292566e-07,3.8075691577432735e-07,0.7309721212005933,0.05252356228607084
R4_LHS_03,20260813,V40_A_E5_C9_1T,Y,R4_LHS_03,0.8326394671107367,2.2650212372354872e-07,2.5883534249260265e-07,0.7361273049911194,0.052470262135246415
R4_LHS_03,20260813,V40_A_E5_C9_1T,Y,R4_LHS_03,0.8659450457951662,4.521592700257315e-08,4.1445360920988605e-08,0.7412824887816456,0.052416961984421986
R4_LHS_03,20260813,V40_A_E5_C9_1T,Y,R4_LHS_03,0.8992506244795956,2.3904627610704665e-08,3.160821648862111e-08,0.7464376725721716,0.05236366183359756
R4_LHS_03,20260813,V40_A_E5_C9_1T,Y,R4_LHS_03,0.9325562031640251,1.2501185153723782e-07,1.119977213193124e-07,0.7515928563626978,0.05231036168277313
R4_LHS_03,20260813,V40_A_E5_C9_1T,Y,R4_LHS_03,0.9658617818484545,2.465701243181684e-07,2.5197064701387717e-07,0.7670587656599199,0.040640014277260855
R4_LHS_03,20260813,V40_A_E5_C9_1T,Y,R4_LHS_03,0.999167360532884,3.070773857416498e-07,2.904851612584025e-07,0.7843219573849147,0.026944676983316745
R4_LHS_03,20260813,V40_A_E5_C9_1T,Y,R4_LHS_03,1.0324729392173135,2.8313607458585466e-07,3.1565920721732255e-07,0.8015851491099095,0.013249339689372634
R4_LHS_03,20260813,V40_A_E5_C9_1T,Y,R4_LHS_03,1.065778517901743,1.9812691220977285e-07,1.4600246345253254e-07,0.8188483408349043,-0.00044599760457143117
R4_LHS_03,20260813,V40_A_E5_C9_1T,Y,R4_LHS_03,1.0990840965861723,2.542296329011151e-07,1.7839973054378788e-07,0.8334612448844783,-0.011754919584068184
R4_LHS_03,20260813,V40_A_E5_C9_1T,Y,R4_LHS_03,1.132389675270602,7.967537385411561e-07,7.553327918685682e-07,0.8341762989287969,-0.010549712475609466
R4_LHS_03,20260813,V40_A_E5_C9_1T,Y,R4_LHS_03,1.1656952539550314,2.361135102546541e-06,2.2906447156856302e-06,0.8348913529731153,-0.009344505367150757
R4_LHS_03,20260813,V40_A_E5_C9_1T,Y,R4_LHS_03,1.1990008326394608,3.856632247334346e-06,3.8297912396956235e-06,0.8356064070174338,-0.00813929825869205
R4_LHS_03,20260813,V40_A_E5_C9_1T,Y,R4_LHS_03,1.2323064113238902,2.7308751668897457e-06,2.7651731215883046e-06,0.8363214610617524,-0.00693409115023334
R4_LHS_03,20260813,V40_A_E5_C9_1T,Y,R4_LHS_03,1.2656119900083198,1.0317151009076042e-06,1.0381307902207482e-06,0.8325435953970058,-0.0058449681198455465
R4_LHS_03,20260813,V40_A_E5_C9_1T,Y,R4_LHS_03,1.2989175686927492,2.9419888392112625e-07,3.017341043687338e-07,0.8236737540619855,-0.004887407044604802
R4_LHS_03,20260813,V40_A_E5_C9_1T,Y,R4_LHS_03,1.3322231473771786,9.01007908282736e-08,8.743339918737547e-08,0.8148039127269653,-0.003929845969364057
R4_LHS_03,20260813,V40_A_E5_C9_1T,Y,R4_LHS_03,1.3655287260616082,6.377319294870176e-08,7.387755118770656e-08,0.805934071391945,-0.0029722848941233066
R4_LHS_03,20260813,V40_A_E5_C9_1T,Y,R4_LHS_03,1.3988343047460376,8.396560957635302e-08,8.702738085730743e-08,0.7970642300569246,-0.002014723818882562
R4_LHS_03,20260813,V40_A_E5_C9_1T,Y,R4_LHS_03,1.432139883430467,8.006547602690262e-08,7.833961745973284e-08,0.7577861308257444,-0.004768364861930158
R4_LHS_03,20260813,V40_A_E5_C9_1T,Y,R4_LHS_03,1.4654454621148965,6.414143172150943e-08,7.777147459364642e-08,0.7097981285790816,-0.008585013546899506
R4_LHS_03,20260813,V40_A_E5_C9_1T,Y,R4_LHS_03,1.498751040799326,3.783261703915741e-08,3.7974391631223625e-08,0.6618101263324184,-0.012401662231868879
R4_LHS_03,20260813,V40_A_E5_C9_1T,Y,R4_LHS_03,1.5320566194837555,2.0933265787448363e-08,1.7707353805462844e-08,0.6138221240857555,-0.016218310916838227
R4_LHS_03,20260813,V40_A_E5_C9_1T,Y,R4_LHS_03,1.565362198168185,1.967011264980556e-08,1.3591106906574169e-08,0.5707584393213035,-0.021308892813637688
R4_LHS_03,20260813,V40_A_E5_C9_1T,Y,R4_LHS_03,1.5986677768526145,3.059907172087151e-08,4.387534247030089e-08,0.580071585958546,-0.03994949159990209
R4_LHS_03,20260813,V40_A_E5_C9_1T,Y,R4_LHS_03,1.631973355537044,3.787669200505661e-08,4.952332233187917e-08,0.5893847325957884,-0.058590090386166374
R4_LHS_03,20260813,V40_A_E5_C9_1T,Y,R4_LHS_03,1.6652789342214733,3.584459307148791e-08,5.18637897073404e-08,0.5986978792330307,-0.07723068917243064
R4_LHS_03,20260813,V40_A_E5_C9_1T,Y,R4_LHS_03,1.6985845129059027,2.4393989050963683e-08,3.9310592114816245e-08,0.6080110258702731,-0.09587128795869493
R4_LHS_03,20260813,V40_A_E5_C9_1T,Y,R4_LHS_03,1.7318900915903324,1.4006059423365969e-08,1.0508610870374469e-08,0.6262831531595332,-0.10808142362709944
R4_LHS_03,20260813,V40_A_E5_C9_1T,Y,R4_LHS_03,1.7651956702747618,1.0590089694062499e-08,1.5602665826008888e-08,0.6583042111523841,-0.11042302678789724
R4_LHS_03,20260813,V40_A_E5_C9_1T,Y,R4_LHS_03,1.7985012489591912,1.771512359027838e-08,5.443490636025672e-08,0.6903252691452351,-0.11276462994869504
R4_LHS_03,20260813,V40_A_E5_C9_1T,Y,R4_LHS_03,1.8318068276436206,1.786312964213721e-08,3.625379108029847e-08,0.7223463271380861,-0.11510623310949285
R4_LHS_03,20260813,V40_A_E5_C9_1T,Y,R4_LHS_03,1.8651124063280502,1.240903646504421e-08,2.0415910739757237e-08,0.7543673851309373,-0.11744783627029066
R4_LHS_03,20260813,V40_A_E5_C9_1T,Y,R4_LHS_03,1.8984179850124796,5.7511137185883854e-08,1.1350375928032008e-07,0.7661828199195226,-0.1234800071702909
R4_LHS_03,20260813,V40_A_E5_C9_1T,Y,R4_LHS_03,1.931723563696909,2.2467433780093415e-07,3.76474986296671e-07,0.7694669915774184,-0.13107041778239878
R4_LHS_03,20260813,V40_A_E5_C9_1T,Y,R4_LHS_03,1.9650291423813386,2.370703242604577e-07,3.335469500598265e-07,0.7727511632353142,-0.13866082839450672
R4_LHS_03,20260813,V40_A_E5_C9_1T,Y,R4_LHS_03,1.998334721065768,5.746678866103139e-08,4.955581900389916e-08,0.77603533489321,-0.1462512390066146
R4_LHS_03,20260813,V40_A_E5_C9_1T,Y,R4_LHS_03,2.0316402997501974,6.216799874891876e-08,4.781915663443215e-08,0.7788975664122119,-0.15346365346015745
R4_LHS_03,20260813,V40_A_E5_C9_1T,Y,R4_LHS_03,2.064945878434627,7.654946188040412e-08,8.726949118909033e-08,0.746176179551165,-0.1287983918747089
R4_LHS_03,20260813,V40_A_E5_C9_1T,Y,R4_LHS_03,2.0982514571190563,7.07754992390619e-08,1.0113974013847837e-07,0.7134547926901185,-0.1041331302892607
R4_LHS_03,20260813,V40_A_E5_C9_1T,Y,R4_LHS_03,2.131557035803486,5.8726730145508554e-08,6.679180586388611e-08,0.6807334058290715,-0.07946786870381217
R4_LHS_03,20260813,V40_A_E5_C9_1T,Y,R4_LHS_03,2.1648626144879155,4.4437488355697496e-08,4.720848423289681e-08,0.6480120189680245,-0.05480260711836364
R4_LHS_03,20260813,V40_A_E5_C9_1T,Y,R4_LHS_03,2.1981681931723447,3.092629441425743e-08,2.6011134579562167e-08,0.609441229445452,-0.07506497323723929
R4_LHS_03,20260813,V40_A_E5_C9_1T,Y,R4_LHS_03,2.2314737718567743,2.639160712192279e-08,2.2098177510088135e-08,0.5584582928118359,-0.19066157375309623
R4_LHS_03,20260813,V40_A_E5_C9_1T,Y,R4_LHS_03,2.264779350541204,2.968672951908502e-08,3.159267691899004e-08,0.5074753561782197,-0.3062581742689532
R4_LHS_03,20260813,V40_A_E5_C9_1T,Y,R4_LHS_03,2.298084929225633,3.3372145935572917e-08,3.9953039987494776e-08,0.4564924195446043,-0.42185477478480854
R4_LHS_03,20260813,V40_A_E5_C9_1T,Y,R4_LHS_03,2.3313905079100627,3.312292307100506e-08,3.994882646907172e-08,0.4055094829109882,-0.5374513753006656
R4_LHS_03,20260813,V40_A_E5_C9_1T,Y,R4_LHS_03,2.364696086594492,2.952057442939804e-08,2.5724723684561468e-08,0.367922814102296,-0.5582296008075108
R4_LHS_03,20260813,V40_A_E5_C9_1T,Y,R4_LHS_03,2.3980016652789216,2.4904666773295503e-08,2.5742092901737124e-08,0.33824077537663266,-0.5230590957189777
R4_LHS_03,20260813,V40_A_E5_C9_1T,Y,R4_LHS_03,2.431307243963351,2.276892452357515e-08,2.693474598913781e-08,0.30855873665096933,-0.4878885906304445
R4_LHS_03,20260813,V40_A_E5_C9_1T,Y,R4_LHS_03,2.4646128226477804,2.2577824054792472e-08,2.2928087872742253e-08,0.2788766979253064,-0.4527180855419118
R4_LHS_03,20260813,V40_A_E5_C9_1T,Y,R4_LHS_03,2.49791840133221,2.2992857395820465e-08,2.108485830376594e-08,0.24919465919964306,-0.4175475804533786
R4_LHS_03,20260813,V40_A_E5_C9_1T,Y,R4_LHS_03,2.5312239800166396,2.2935493504405713e-08,2.3487311651138043e-08,0.2791165366930135,-0.3269921086610694
R4_LHS_03,20260813,V40_A_E5_C9_1T,Y,R4_LHS_03,2.564529558701069,2.1323653953686517e-08,2.6398051744536133e-08,0.31301200860098544,-0.23274430575517674
R4_LHS_03,20260813,V40_A_E5_C9_1T,Y,R4_LHS_03,2.5978351373854984,1.912069080844958e-08,2.0882758633433696e-08,0.3469074805089578,-0.13849650284928278
R4_LHS_03,20260813,V40_A_E5_C9_1T,Y,R4_LHS_03,2.631140716069928,1.6689524429125413e-08,1.4119324376338227e-08,0.3808029524169302,-0.04424869994338887
R4_LHS_03,20260813,V40_A_E5_C9_1T,Y,R4_LHS_03,2.6644462947543572,1.5470257963556833e-08,1.583791764403486e-08,0.42027054951649545,0.025806178618765278
R4_LHS_03,20260813,V40_A_E5_C9_1T,Y,R4_LHS_03,2.697751873438787,1.5184177470928262e-08,2.0947988232933312e-08,0.47680830791729134,0.021746225461214866
R4_LHS_03,20260813,V40_A_E5_C9_1T,Y,R4_LHS_03,2.7310574521232165,1.5181058188318275e-08,1.7084008874235224e-08,0.5333460663180871,0.017686272303664458
R4_LHS_03,20260813,V40_A_E5_C9_1T,Y,R4_LHS_03,2.7643630308076457,1.507678959455916e-08,2.1604121158702583e-08,0.5898838247188822,0.0136263191461141
R4_LHS_03,20260813,V40_A_E5_C9_1T,Y,R4_LHS_03,2.7976686094920753,1.5272876296990034e-08,2.1677660555496914e-08,0.6464215831196781,0.00956636598856369
R4_LHS_03,20260813,V40_A_E5_C9_1T,Y,R4_LHS_03,2.8309741881765045,1.774006719301724e-08,1.1637048658030835e-08,0.6854938008604599,0.007251531832140373
R4_LHS_03,20260813,V40_A_E5_C9_1T,Y,R4_LHS_03,2.864279766860934,2.8842526589301087e-08,3.9006120999829363e-08,0.7105443873671471,0.0063377087047908195
R4_LHS_03,20260813,V40_A_E5_C9_1T,Y,R4_LHS_03,2.8975853455453637,7.521182965319895e-08,1.1116247122799905e-07,0.7355949738738343,0.0054238855774412665
R4_LHS_03,20260813,V40_A_E5_C9_1T,Y,R4_LHS_03,2.930890924229793,2.5303015149802377e-07,2.9242218602121284e-07,0.7606455603805213,0.004510062450091725
R4_LHS_03,20260813,V40_A_E5_C9_1T,Y,R4_LHS_03,2.9641965029142225,7.503238634853915e-07,7.940789714666607e-07,0.7856961468872086,0.0035962393227421717
R4_LHS_03,20260813,V40_A_E5_C9_1T,Y,R4_LHS_03,2.997502081598652,1.2385968375383527e-06,1.307201955569326e-06,0.7834439587831298,0.0037451559347375894
R4_LHS_03,20260813,V40_A_E5_C9_1T,Y,R4_LHS_03,3.0308076602830814,8.394543442591385e-07,8.809077485238959e-07,0.7768678018492922,0.004062379745271782
R4_LHS_03,20260813,V40_A_E5_C9_1T,Y,R4_LHS_03,3.064113238967511,2.857569256775605e-07,3.224502904686233e-07,0.7702916449154544,0.0043796035558059795
R4_LHS_03,20260813,V40_A_E5_C9_1T,Y,R4_LHS_03,3.0974188176519406,7.781272870488465e-08,1.112233789513084e-07,0.7637154879816167,0.004696827366340176
R4_LHS_03,20260813,V40_A_E5_C9_1T,Y,R4_LHS_03,3.13072439633637,2.639675855675705e-08,3.411623339388825e-08,0.755104949978567,0.0031311603380888755
R4_LHS_03,20260813,V40_A_E5_C9_1T,Y,R4_LHS_03,3.1640299750207994,1.4470275644384856e-08,1.5008701836904947e-08,0.736692394096587,-0.007506617095219187
R4_LHS_03,20260813,V40_A_E5_C9_1T,Y,R4_LHS_03,3.197335553705229,1.2314219866027543e-08,1.4255600255808076e-08,0.7182798382146072,-0.01814439452852725
R4_LHS_03,20260813,V40_A_E5_C9_1T,Y,R4_LHS_03,3.230641132389658,1.409079253278378e-08,2.019254630170053e-08,0.6998672823326275,-0.02878217196183517
R4_LHS_03,20260813,V40_A_E5_C9_1T,Y,R4_LHS_03,3.263946711074088,1.8181951944029606e-08,2.4479184901338158e-08,0.6814547264506476,-0.03941994939514323
R4_LHS_03,20260813,V40_A_E5_C9_1T,Y,R4_LHS_03,3.297252289758517,2.403504950621027e-08,2.8477693092554546e-08,0.6665902063312579,-0.031295966577222306
R4_LHS_03,20260813,V40_A_E5_C9_1T,Y,R4_LHS_03,3.3305578684429467,3.655313918216052e-08,5.112343259838781e-08,0.6555621801665383,-0.0028848771461836495
R4_LHS_03,20260813,V40_A_E5_C9_1T,Y,R4_LHS_03,3.3638634471273763,5.735185482080851e-08,5.649139822594407e-08,0.6445341540018187,0.025526212284855007
R4_LHS_03,20260813,V40_A_E5_C9_1T,Y,R4_LHS_03,3.3971690258118055,9.044401849678252e-08,6.739201552363738e-08,0.6335061278370994,0.05393730171589328
R4_LHS_03,20260813,V40_A_E5_C9_1T,Y,R4_LHS_03,3.430474604496235,1.2369588375804597e-07,9.085047025791937e-08,0.6224781016723797,0.08234839114693193
R4_LHS_03,20260813,V40_A_E5_C9_1T,Y,R4_LHS_03,3.4637801831806647,9.964399794171186e-08,8.585830357787927e-08,0.5740599374687736,0.13125169123340757
R4_LHS_03,20260813,V40_A_E5_C9_1T,Y,R4_LHS_03,3.497085761865094,5.7247621754186184e-08,5.861372187609959e-08,0.5156463898290304,0.18563310703965258
R4_LHS_03,20260813,V40_A_E5_C9_1T,Y,R4_LHS_03,3.5303913405495235,3.767599565662749e-08,4.8131187924127516e-08,0.4572328421892866,0.2400145228458983
R4_LHS_03,20260813,V40_A_E5_C9_1T,Y,R4_LHS_03,3.563696919233953,3.13423953457459e-08,5.6591133557049034e-08,0.39881929454954274,0.29439593865214403
R4_LHS_03,20260813,V40_A_E5_C9_1T,Y,R4_LHS_03,3.5970024979183823,3.158239891831727e-08,4.49703740912355e-08,0.3417335235010474,0.35933042009307636
R4_LHS_03,20260813,V40_A_E5_C9_1T,Y,R4_LHS_03,3.630308076602812,3.065468590079945e-08,1.3198159898308859e-08,0.2969164081556807,0.5217752279985174
R4_LHS_03,20260813,V40_A_E5_C9_1T,Y,R4_LHS_03,3.663613655287241,2.9338051987792824e-08,3.544834470403657e-08,0.25209929281031457,0.6842200359039562
R4_LHS_03,20260813,V40_A_E5_C9_1T,Y,R4_LHS_03,3.6969192339716708,2.6254863172425758e-08,3.7569268585002646e-08,0.20728217746494784,0.8466648438093971
R4_LHS_03,20260813,V40_A_E5_C9_1T,Y,R4_LHS_03,3.7302248126561004,2.4145315080659202e-08,2.602522286565545e-08,0.16246506211958112,1.0091096517148381
R4_LHS_03,20260813,V40_A_E5_C9_1T,Y,R4_LHS_03,3.7635303913405296,2.1720461873542263e-08,1.5459301394571412e-08,0.14931196530196797,1.0424181045243182
R4_LHS_03,20260813,V40_A_E5_C9_1T,Y,R4_LHS_03,3.796835970024959,2.0033890990589498e-08,1.987720565921336e-08,0.1824370494095315,0.886988807578169
R4_LHS_03,20260813,V40_A_E5_C9_1T,Y,R4_LHS_03,3.830141548709389,1.8889119601794846e-08,1.882312261614061e-08,0.21556213351709502,0.7315595106320198
R4_LHS_03,20260813,V40_A_E5_C9_1T,Y,R4_LHS_03,3.863447127393818,1.7412798314353495e-08,1.8439477500464818e-08,0.24868721762465812,0.5761302136858727
R4_LHS_03,20260813,V40_A_E5_C9_1T,Y,R4_LHS_03,3.8967527060782476,1.6525641299836025e-08,1.5761672855774123e-08,0.28181230173222166,0.42070091673972343
R4_LHS_03,20260813,V40_A_E5_C9_1T,Y,R4_LHS_03,3.9300582847626773,1.554081663357465e-08,1.582876407724143e-08,0.29900687200937753,0.2664717201338897
R4_LHS_03,20260813,V40_A_E5_C9_1T,Y,R4_LHS_03,3.9633638634471064,1.4609831566758658e-08,1.6541282121806944e-08,0.30984664715199944,0.11272125207911282
R4_LHS_03,20260813,V40_A_E5_C9_1T,Y,R4_LHS_03,3.996669442131536,1.3642366347710322e-08,9.65915347705959e-09,0.3206864222946215,-0.04102921597566611
R4_LHS_03,20260813,V40_A_E5_C9_1T,Y,R4_LHS_03,4.029975020815965,1.2885478462010269e-08,1.3149233701881258e-08,0.33152619743724343,-0.194779684030443
R4_LHS_03,20260813,V40_A_E5_C9_1T,Y,R4_LHS_03,4.063280599500395,1.237882685245495e-08,2.6566478794620707e-08,0.34208242534400024,-0.344340849503391
R4_LHS_03,20260813,V40_A_E5_C9_1T,Y,R4_LHS_03,4.0965861781848245,1.2110757729999477e-08,2.274774679733582e-08,0.3408241850897037,-0.3193477407333555
R4_LHS_03,20260813,V40_A_E5_C9_1T,Y,R4_LHS_03,4.129891756869254,1.1566937629936547e-08,3.5420191224488917e-09,0.33956594483540714,-0.29435463196331996
R4_LHS_03,20260813,V40_A_E5_C9_1T,Y,R4_LHS_03,4.163197335553684,1.1375991704198896e-08,3.582378838018485e-08,0.3383077045811106,-0.26936152319328444
R4_LHS_03,20260813,V40_A_E5_C9_1T,Y,R4_LHS_03,4.1965029142381125,1.1032274649380724e-08,4.29888515895982e-08,0.33704946432681404,-0.24436841442324958
R4_LHS_03,20260813,V40_A_E5_C9_1T,Y,R4_LHS_03,4.229808492922542,1.0715090148494255e-08,8.224644076904042e-09,0.32573096701048704,-0.15222466135898588
R4_LHS_03,20260813,V40_A_E5_C9_1T,Y,R4_LHS_03,4.263114071606972,1.0393969240851675e-08,1.0444328957248672e-08,0.29417359960466294,0.0750103878736697
R4_LHS_03,20260813,V40_A_E5_C9_1T,Y,R4_LHS_03,4.296419650291401,1.0040799303112635e-08,2.2812935540628132e-08,0.2626162321988389,0.30224543710632534
R4_LHS_03,20260813,V40_A_E5_C9_1T,Y,R4_LHS_03,4.329725228975831,9.846673698632458e-09,1.3222847705662844e-08,0.2310588647930148,0.5294804863389809
R4_LHS_03,20260813,V40_A_E5_C9_1T,Y,R4_LHS_03,4.36303080766026,9.697437519662344e-09,8.814016183578133e-09,0.19950149738719156,0.7567155355716305
R4_LHS_03,20260813,V40_A_E5_C9_1T,Y,R4_LHS_03,4.396336386344689,9.54843759615187e-09,9.715262372367306e-09,0.18522112606268543,0.6978225396336575
R4_LHS_03,20260813,V40_A_E5_C9_1T,Y,R4_LHS_03,4.429641965029119,9.265502143307458e-09,1.2299041785013287e-08,0.1806327281496507,0.47841868908776514
R4_LHS_03,20260813,V40_A_E5_C9_1T,Y,R4_LHS_03,4.462947543713549,9.050604710125754e-09,1.7231585047738918e-08,0.17604433023661595,0.2590148385418729
R4_LHS_03,20260813,V40_A_E5_C9_1T,Y,R4_LHS_03,4.496253122397978,8.699004183654324e-09,6.7684253757249735e-09,0.17145593232358122,0.03961098799598062
R4_LHS_03,20260813,V40_A_E5_C9_1T,Y,R4_LHS_03,4.529558701082408,8.357306846562551e-09,7.137668678325326e-09,0.1668675344105465,-0.17979286254991167
R4_LHS_03,20260813,V40_A_E5_C9_1T,Y,R4_LHS_03,4.562864279766837,8.178377974843443e-09,1.0612785317221096e-08,0.17632943974942783,-0.06726763312465313
R4_LHS_03,20260813,V40_A_E5_C9_1T,Y,R4_LHS_03,4.596169858451266,8.102914783592041e-09,7.669026302892235e-09,0.1865430074021977,0.06301511909741347
R4_LHS_03,20260813,V40_A_E5_C9_1T,Y,R4_LHS_03,4.629475437135696,8.044790611450026e-09,9.8979056062376e-09,0.19675657505496758,0.19329787131948006
R4_LHS_03,20260813,V40_A_E5_C9_1T,Y,R4_LHS_03,4.6627810158201255,7.938623092229591e-09,1.3807438747903689e-08,0.20697014270773748,0.3235806235415467
R4_LHS_03,20260813,V40_A_E5_C9_1T,Y,R4_LHS_03,4.696086594504555,7.822978709270956e-09,5.604591013508298e-09,0.21091819032840564,0.4286575434507682
R4_LHS_03,20260813,V40_A_E5_C9_1T,Y,R4_LHS_03,4.729392173188984,7.6847097574273e-09,4.946054676935319e-09,0.1968291348263585,0.46117221882301584
R4_LHS_03,20260813,V40_A_E5_C9_1T,Y,R4_LHS_03,4.7626977518734135,7.51398943066306e-09,1.577741137737121e-08,0.18274007932431097,0.4936868941952644
R4_LHS_03,20260813,V40_A_E5_C9_1T,Y,R4_LHS_03,4.796003330557843,7.354140851845159e-09,1.3148587996170136e-08,0.16865102382226344,0.526201569567513
R4_LHS_03,20260813,V40_A_E5_C9_1T,Y,R4_LHS_03,4.829308909242273,7.179366434684198e-09,3.3445490821293333e-09,0.15456196832021593,0.5587162449397616
R4_LHS_03,20260813,V40_A_E5_C9_1T,Y,R4_LHS_03,4.862614487926702,6.964994359037746e-09,8.722349953416142e-09,0.15924617952103448,0.7499935077092379
R4_LHS_03,20260813,V40_A_E5_C9_1T,Y,R4_LHS_03,4.895920066611132,6.7651999557938325e-09,1.556702677874e-08,0.17830165005990845,1.0628062684172759
R4_LHS_03,20260813,V40_A_E5_C9_1T,Y,R4_LHS_03,4.929225645295561,6.565452626006163e-09,8.195126355303728e-09,0.1973571205987819,1.3756190291253054
R4_LHS_03,20260813,V40_A_E5_C9_1T,Y,R4_LHS_03,4.96253122397999,6.4197553939493446e-09,3.0359075253727497e-09,0.21641259113765585,1.6884317898333434
R4_LHS_03,20260813,V40_A_E5_C9_1T,Y,R4_LHS_03,4.99583680266442,6.298674470883725e-09,1.215846623381367e-08,0.23546806167652978,2.001244550541381
R4_LHS_03,20260813,V40_A_E5_C9_1T,Y,R4_LHS_03,5.02914238134885,6.170712385511479e-09,1.28602684057455e-08,0.2339566609916043,1.973162053129654
R4_LHS_03,20260813,V40_A_E5_C9_1T,Y,R4_LHS_03,5.062447960033279,6.130949969929134e-09,6.074444947046231e-09,0.22950713584613633,1.8963802331293933
R4_LHS_03,20260813,V40_A_E5_C9_1T,Y,R4_LHS_03,5.095753538717709,6.040459243905616e-09,4.409298703933473e-09,0.22505761070066832,1.8195984131291327
R4_LHS_03,20260813,V40_A_E5_C9_1T,Y,R4_LHS_03,5.129059117402138,5.9812328423447525e-09,7.933089740674859e-09,0.22060808555520045,1.7428165931288742
R4_LHS_03,20260813,V40_A_E5_C9_1T,Y,R4_LHS_03,5.162364696086567,5.95499738409444e-09,8.71335270602458e-09,0.2193623700308662,1.603408749703063
R4_LHS_03,20260813,V40_A_E5_C9_1T,Y,R4_LHS_03,5.195670274770997,5.8972706717952406e-09,4.4573646995615945e-09,0.2323633823962535,1.1855149723210938
R4_LHS_03,20260813,V40_A_E5_C9_1T,Y,R4_LHS_03,5.2289758534554265,5.888378229457203e-09,5.519910750706458e-09,0.24536439476164082,0.767621194939125
R4_LHS_03,20260813,V40_A_E5_C9_1T,Y,R4_LHS_03,5.262281432139856,5.807188951933995e-09,9.048741311801223e-09,0.2583654071270281,0.34972741755715586
R4_LHS_03,20260813,V40_A_E5_C9_1T,Y,R4_LHS_03,5.295587010824285,5.73090686017963e-09,6.825258136444745e-09,0.2713664194924151,-0.06816635982480213
R4_LHS_03,20260813,V40_A_E5_C9_1T,Y,R4_LHS_03,5.3288925895087145,5.691279447717079e-09,3.2254290349698067e-09,0.27754403929924787,-0.2483162206165692
R4_LHS_03,20260813,V40_A_E5_C9_1T,Y,R4_LHS_03,5.362198168193144,5.764350330395018e-09,8.180396804391421e-09,0.27668165091074676,-0.18317473889464156
R4_LHS_03,20260813,V40_A_E5_C9_1T,Y,R4_LHS_03,5.395503746877574,5.798722391148203e-09,1.0184002974256146e-08,0.2758192625222456,-0.11803325717271393
R4_LHS_03,20260813,V40_A_E5_C9_1T,Y,R4_LHS_03,5.428809325562003,5.922085932752452e-09,6.047154776922525e-09,0.2749568741337445,-0.0528917754507863
R4_LHS_03,20260813,V40_A_E5_C9_1T,Y,R4_LHS_03,5.462114904246433,6.0208562580044145e-09,5.254028767609498e-09,0.27409448574524337,0.012249706271141303
R4_LHS_03,20260813,V40_A_E5_C9_1T,Y,R4_LHS_03,5.495420482930862,5.935326008454922e-09,5.668296054750499e-09,0.2677199815234772,0.07580395144636137
R4_LHS_03,20260813,V40_A_E5_C9_1T,Y,R4_LHS_03,5.528726061615291,5.852617501744817e-09,7.80800846200691e-09,0.2599741704358744,0.138963323139232
R4_LHS_03,20260813,V40_A_E5_C9_1T,Y,R4_LHS_03,5.562031640299721,5.637990962981121e-09,5.78655789951199e-09,0.2522283593482716,0.2021226948321026
R4_LHS_03,20260813,V40_A_E5_C9_1T,Y,R4_LHS_03,5.595337218984151,5.253822266126917e-09,5.073229836227711e-09,0.24448254826066876,0.2652820665249732
R4_LHS_03,20260813,V40_A_E5_C9_1T,Y,R4_LHS_03,5.62864279766858,5.081433052112061e-09,5.656191071068406e-09,0.23581829828386158,0.316735275257238
R4_LHS_03,20260813,V40_A_E5_C9_1T,Y,R4_LHS_03,5.661948376353009,4.855247315305178e-09,4.962385613538345e-09,0.21967533163782152,0.2728668713103124
R4_LHS_03,20260813,V40_A_E5_C9_1T,Y,R4_LHS_03,5.695253955037439,4.757401583788123e-09,4.769030947926467e-09,0.203532364991781,0.22899846736338558
R4_LHS_03,20260813,V40_A_E5_C9_1T,Y,R4_LHS_03,5.728559533721868,4.731639524635511e-09,4.7825885474139795e-09,0.18738939834574053,0.18513006341645882
R4_LHS_03,20260813,V40_A_E5_C9_1T,Y,R4_LHS_03,5.761865112406298,4.768441641544996e-09,6.414284214883992e-09,0.17124643169970002,0.14126165946953204
R4_LHS_03,20260813,V40_A_E5_C9_1T,Y,R4_LHS_03,5.7951706910907275,4.7417714199582406e-09,6.118709539038036e-09,0.1583872906534894,0.16423493054239008
R4_LHS_03,20260813,V40_A_E5_C9_1T,Y,R4_LHS_03,5.828476269775157,4.769221462197493e-09,4.749616699939452e-09,0.1501009534799385,0.2802867958016676
R4_LHS_03,20260813,V40_A_E5_C9_1T,Y,R4_LHS_03,5.861781848459586,4.7023198668227906e-09,4.4634838047841185e-09,0.1418146163063878,0.39633866106094207
R4_LHS_03,20260813,V40_A_E5_C9_1T,Y,R4_LHS_03,5.8950874271440155,4.669253872435775e-09,6.9339622932318434e-09,0.13352827913283694,0.5123905263202196
R4_LHS_03,20260813,V40_A_E5_C9_1T,Y,R4_LHS_03,5.928393005828445,4.611782067343029e-09,5.949847725617019e-09,0.12524194195928604,0.6284423915794972
R4_LHS_03,20260813,V40_A_E5_C9_1T,Y,R4_LHS_03,5.961698584512875,4.625871241614732e-09,4.9716009087319435e-09,0.1494266552901794,0.65732579763287
R4_LHS_03,20260813,V40_A_E5_C9_1T,Y,R4_LHS_03,5.995004163197304,4.617664473016703e-09,4.002048914486522e-09,0.18583165644532457,0.6534038695764977
R4_LHS_03,20260813,V40_A_E5_C9_1T,Y,R4_LHS_03,6.028309741881733,4.649100660003569e-09,5.255338830778555e-09,0.22223665760046873,0.6494819415201255
R4_LHS_03,20260813,V40_A_E5_C9_1T,Y,R4_LHS_03,6.061615320566163,4.715399182231295e-09,7.339098218039908e-09,0.2586416587556139,0.6455600134637531
R4_LHS_03,20260813,V40_A_E5_C9_1T,Y,R4_LHS_03,6.094920899250592,4.644927997787818e-09,5.605937491992563e-09,0.2930482253122087,0.639051704060325
R4_LHS_03,20260813,V40_A_E5_C9_1T,Y,R4_LHS_03,6.128226477935022,4.748490489703272e-09,4.485452897995401e-09,0.27260886455306743,0.5615615954655174
R4_LHS_03,20260813,V40_A_E5_C9_1T,Y,R4_LHS_03,6.161532056619452,4.667454867046672e-09,4.618136539846773e-09,0.2521695037939262,0.48407148687071
R4_LHS_03,20260813,V40_A_E5_C9_1T,Y,R4_LHS_03,6.194837635303881,4.699702849109144e-09,5.202406061499687e-09,0.23173014303478495,0.40658137827590257
R4_LHS_03,20260813,V40_A_E5_C9_1T,Y,R4_LHS_03,6.22814321398831,4.593052604917602e-09,5.12346520764595e-09,0.21129078227564424,0.32909126968109714
R4_LHS_03,20260813,V40_A_E5_C9_1T,Y,R4_LHS_03,6.26144879267274,4.503500683483708e-09,6.246699157941293e-09,0.20094612053441185,0.26469406356521613
R4_LHS_03,20260813,V40_A_E5_C9_1T,Y,R4_LHS_03,6.294754371357169,4.486290894334388e-09,4.185539470569211e-09,0.20987315691827652,0.22529239854546537
R4_LHS_03,20260813,V40_A_E5_C9_1T,Y,R4_LHS_03,6.328059950041599,4.37939373654217e-09,5.084429766100129e-09,0.2188001933021412,0.18589073352571459
R4_LHS_03,20260813,V40_A_E5_C9_1T,Y,R4_LHS_03,6.3613655287260285,4.475606107945396e-09,5.693341798007623e-09,0.2277272296860059,0.1464890685059638
R4_LHS_03,20260813,V40_A_E5_C9_1T,Y,R4_LHS_03,6.394671107410458,4.457172853022939e-09,4.641528050797206e-09,0.23665426606987056,0.10708740348621304
R4_LHS_03,20260813,V40_A_E5_C9_1T,Y,R4_LHS_03,6.427976686094887,4.421189636616418e-09,3.6658813762358022e-09,0.23844573158556776,0.08949471269420148
R4_LHS_03,20260813,V40_A_E5_C9_1T,Y,R4_LHS_03,6.461282264779316,4.389687724426494e-09,4.667517483625261e-09,0.23643440783619385,0.0835247686463133
R4_LHS_03,20260813,V40_A_E5_C9_1T,Y,R4_LHS_03,6.494587843463746,4.2625503127169395e-09,6.862485690817266e-09,0.23442308408681994,0.07755482459842511
R4_LHS_03,20260813,V40_A_E5_C9_1T,Y,R4_LHS_03,6.527893422148176,4.217993510025053e-09,4.7100328082194665e-09,0.23241176033744604,0.07158488055053693
R4_LHS_03,20260813,V40_A_E5_C9_1T,Y,R4_LHS_03,6.561199000832605,4.213486004545075e-09,4.74470596145693e-09,0.23040043658807213,0.06561493650264874
R4_LHS_03,20260813,V40_A_E5_C9_1T,Y,R4_LHS_03,6.594504579517034,4.268756903513804e-09,5.265845537394398e-09,0.23081169459196452,0.08606166607831325
R4_LHS_03,20260813,V40_A_E5_C9_1T,Y,R4_LHS_03,6.627810158201464,4.299161915355398e-09,7.082433306493385e-09,0.23132143152891646,0.10758224417526058
R4_LHS_03,20260813,V40_A_E5_C9_1T,Y,R4_LHS_03,6.661115736885893,4.663260000370428e-09,2.6484701098894448e-09,0.23183116846586843,0.12910282227220787
R4_LHS_03,20260813,V40_A_E5_C9_1T,Y,R4_LHS_03,6.694421315570323,4.718934576430911e-09,1.0677537964909334e-08,0.23234090540282037,0.15062340036915522
R4_LHS_03,20260813,V40_A_E5_C9_1T,Y,R4_LHS_03,6.727726894254753,4.9551833747329965e-09,1.48229002405742e-08,0.23181262987043136,0.15257020485118195
R4_LHS_03,20260813,V40_A_E5_C9_1T,Y,R4_LHS_03,6.761032472939182,5.090178945010848e-09,4.0987551130911015e-09,0.22847119010953873,0.10146924605799258
R4_LHS_03,20260813,V40_A_E5_C9_1T,Y,R4_LHS_03,6.794338051623611,4.951882903725391e-09,6.96699764546338e-09,0.22512975034864618,0.05036828726480458
R4_LHS_03,20260813,V40_A_E5_C9_1T,Y,R4_LHS_03,6.827643630308041,4.9812380886749e-09,7.745199148700976e-09,0.22178831058775356,-0.0007326715283847984
R4_LHS_03,20260813,V40_A_E5_C9_1T,Y,R4_LHS_03,6.86094920899247,4.450914303788522e-09,5.2561262009476195e-09,0.21844687082686093,-0.051833630321574176
R4_LHS_03,20260813,V40_A_E5_C9_1T,Y,R4_LHS_03,6.8942547876769,4.083000604282461e-09,5.679335668418162e-09,0.22138660188320783,-0.10138179615549467
R4_LHS_03,20260813,V40_A_E5_C9_1T,Y,R4_LHS_03,6.927560366361329,3.758442002066431e-09,3.938041004403203e-09,0.22890989002240503,-0.14979684280292171
R4_LHS_03,20260813,V40_A_E5_C9_1T,Y,R4_LHS_03,6.960865945045758,3.5601201986423803e-09,5.623463028570086e-09,0.236433178161602,-0.19821188945034746
R4_LHS_03,20260813,V40_A_E5_C9_1T,Y,R4_LHS_03,6.994171523730188,3.5385536722998268e-09,5.626031196470649e-09,0.2439564663007992,-0.2466269360977745
R4_LHS_03,20260813,V40_A_E5_C9_1T,Y,R4_LHS_03,7.027477102414617,3.6151059923383855e-09,4.752937154961501e-09,0.2514797544399964,-0.29504198274520155
R4_LHS_03,20260813,V40_A_E5_C9_1T,Y,R4_LHS_03,7.060782681099047,3.626593025884972e-09,3.4965890183258352e-09,0.24325848210116,-0.2873672289614076
R4_LHS_03,20260813,V40_A_E5_C9_1T,Y,R4_LHS_03,7.094088259783477,3.7145015951978166e-09,6.32854391113824e-09,0.233025790141782,-0.2725268178538019
R4_LHS_03,20260813,V40_A_E5_C9_1T,Y,R4_LHS_03,7.127393838467906,3.702688822215805e-09,6.4639431585078455e-09,0.22279309818240403,-0.25768640674619614
R4_LHS_03,20260813,V40_A_E5_C9_1T,Y,R4_LHS_03,7.160699417152335,3.5022307276477704e-09,3.946718951652883e-09,0.21256040622302633,-0.24284599563859083
R4_LHS_03,20260813,V40_A_E5_C9_1T,Y,R4_LHS_03,7.194004995836765,3.4092966227916577e-09,5.706367822710945e-09,0.20854709789367853,-0.24756419112739972
R4_LHS_03,20260813,V40_A_E5_C9_1T,Y,R4_LHS_03,7.227310574521194,3.3404965460448466e-09,3.987352226175744e-09,0.23015765012005412,-0.33286384579343364
R4_LHS_03,20260813,V40_A_E5_C9_1T,Y,R4_LHS_03,7.260616153205624,3.4075755550588838e-09,5.120316615148113e-09,0.2517682023464297,-0.4181635004594676
R4_LHS_03,20260813,V40_A_E5_C9_1T,Y,R4_LHS_03,7.2939217318900536,3.522899083563402e-09,3.2628724166983147e-09,0.2733787545728053,-0.5034631551255015
R4_LHS_03,20260813,V40_A_E5_C9_1T,Y,R4_LHS_03,7.327227310574482,3.876559073745511e-09,5.749281495326386e-09,0.29498930679918034,-0.5887628097915333
R4_LHS_03,20260813,V40_A_E5_C9_1T,Y,R4_LHS_03,7.360532889258912,3.886671873232217e-09,8.098736792305772e-09,0.31164917910625106,-0.6310664517595607
R4_LHS_03,20260813,V40_A_E5_C9_1T,Y,R4_LHS_03,7.3938384679433415,4.178027257495387e-09,8.19239343030631e-09,0.3234351262214481,-0.6310406858776134
R4_LHS_03,20260813,V40_A_E5_C9_1T,Y,R4_LHS_03,7.427144046627771,3.849211616113735e-09,6.988497780469061e-09,0.33522107333664514,-0.6310149199956661
R4_LHS_03,20260813,V40_A_E5_C9_1T,Y,R4_LHS_03,7.460449625312201,3.6629008715038935e-09,2.3504003188179468e-09,0.3470070204518422,-0.6309891541137187
R4_LHS_03,20260813,V40_A_E5_C9_1T,Y,R4_LHS_03,7.49375520399663,3.4922189584563057e-09,6.511869710124074e-09,0.3587929675670392,-0.6309633882317713
R4_LHS_03,20260813,V40_A_E5_C9_1T,Y,R4_LHS_03,7.527060782681059,3.1475815287507203e-09,3.2903122448857403e-09,0.3660597482837309,-0.6236304657147588
R4_LHS_03,20260813,V40_A_E5_C9_1T,Y,R4_LHS_03,7.560366361365489,3.074152710169642e-09,4.256698549198745e-09,0.37228364444692175,-0.6146112762819618
R4_LHS_03,20260813,V40_A_E5_C9_1T,Y,R4_LHS_03,7.593671940049918,2.867455384247819e-09,4.321278890273561e-09,0.3785075406101126,-0.6055920868491649
R4_LHS_03,20260813,V40_A_E5_C9_1T,Y,R4_LHS_03,7.626977518734348,2.899298134906303e-09,5.623794763209844e-09,0.38473143677330346,-0.5965728974163679
R4_LHS_03,20260813,V40_A_E5_C9_1T,Y,R4_LHS_03,7.660283097418778,2.930737208473033e-09,5.343798736845429e-09,0.39096121463946376,-0.5842594958463369
R4_LHS_03,20260813,V40_A_E5_C9_1T,Y,R4_LHS_03,7.693588676103206,3.1128501998267666e-09,5.62599700160149e-09,0.3972336822852406,-0.548036490054452
R4_LHS_03,20260813,V40_A_E5_C9_1T,Y,R4_LHS_03,7.726894254787636,3.2278286710152315e-09,5.792421209349641e-09,0.4035061499310176,-0.5118134842625661
R4_LHS_03,20260813,V40_A_E5_C9_1T,Y,R4_LHS_03,7.760199833472066,3.703890971706869e-09,4.888430549243594e-09,0.40977861757679457,-0.47559047847068026
R4_LHS_03,20260813,V40_A_E5_C9_1T,Y,R4_LHS_03,7.793505412156495,3.945770377100644e-09,1.3891893857476134e-08,0.41605108522257156,-0.4393674726787944
R4_LHS_03,20260813,V40_A_E5_C9_1T,Y,R4_LHS_03,7.826810990840925,4.796429919906586e-09,7.941995505689192e-09,0.41944770394614295,-0.40666755425939877
R4_LHS_03,20260813,V40_A_E5_C9_1T,Y,R4_LHS_03,7.8601165695253545,5.339229947054491e-09,1.8884966479504328e-08,0.4190272868275146,-0.3786437336253079
R4_LHS_03,20260813,V40_A_E5_C9_1T,Y,R4_LHS_03,7.893422148209783,6.055544066185803e-09,7.13448766731517e-09,0.4186068697088863,-0.35061991299121775
R4_LHS_03,20260813,V40_A_E5_C9_1T,Y,R4_LHS_03,7.926727726894213,6.235041372093519e-09,7.899816800716053e-09,0.4181864525902579,-0.3225960923571269
R4_LHS_03,20260813,V40_A_E5_C9_1T,Y,R4_LHS_03,7.9600333055786425,5.702416316921699e-09,1.3750661054245938e-08,0.41776603547162955,-0.294572271723036
R4_LHS_03,20260813,V40_A_E5_C9_1T,Y,R4_LHS_03,7.993338884263072,5.418097970277813e-09,6.447544276255712e-09,0.4018645986827779,-0.23872857597609104
R4_LHS_03,20260813,V40_A_E5_C9_1T,Y,R4_LHS_03,8.026644462947502,4.818492271851937e-09,9.277593804313256e-09,0.38047518137591124,-0.17302280809919363
R4_LHS_03,20260813,V40_A_E5_C9_1T,Y,R4_LHS_03,8.05995004163193,4.670922315597181e-09,7.438146543137236e-09,0.35908576406904513,-0.10731704022229799
R4_LHS_03,20260813,V40_A_E5_C9_1T,Y,R4_LHS_03,8.093255620316361,4.001082576365889e-09,3.860625152896091e-09,0.3376963467621779,-0.04161127234539885
R4_LHS_03,20260813,V40_A_E5_C9_1T,Y,R4_LHS_03,8.12656119900079,3.4630782685951544e-09,2.9782381005816205e-09,0.3166557065553213,0.01936731802968085
R4_LHS_03,20260813,V40_A_E5_C9_1T,Y,R4_LHS_03,8.159866777685219,3.0166240616580353e-09,5.854456031073596e-09,0.3027068673819927,-0.01577336746550937
R4_LHS_03,20260813,V40_A_E5_C9_1T,Y,R4_LHS_03,8.193172356369649,2.7303237448705886e-09,2.855779834831651e-09,0.2887580282086633,-0.050914052960701464
R4_LHS_03,20260813,V40_A_E5_C9_1T,Y,R4_LHS_03,8.226477935054078,2.697301493270743e-09,2.9535685008852397e-09,0.2748091890353347,-0.08605473845589169
R4_LHS_03,20260813,V40_A_E5_C9_1T,Y,R4_LHS_03,8.259783513738508,2.6526021379424947e-09,2.9218243380313424e-09,0.2608603498620053,-0.12119542395108379
R4_LHS_03,20260813,V40_A_E5_C9_1T,Y,R4_LHS_03,8.293089092422937,2.5621151866772607e-09,5.3293605084547835e-09,0.2584753983175629,-0.20196229973800459
R4_LHS_03,20260813,V40_A_E5_C9_1T,Y,R4_LHS_03,8.326394671107368,2.558376177574928e-09,2.280888589112351e-09,0.27705793533098966,-0.36545798209784247
R4_LHS_03,20260813,V40_A_E5_C9_1T,Y,R4_LHS_03,8.359700249791796,2.6324746826844603e-09,3.751142507724126e-09,0.2956404723444155,-0.5289536644576717
R4_LHS_03,20260813,V40_A_E5_C9_1T,Y,R4_LHS_03,8.393005828476225,2.704059420821636e-09,2.1400368144242066e-09,0.3142230093578413,-0.6924493468175008
R4_LHS_03,20260813,V40_A_E5_C9_1T,Y,R4_LHS_03,8.426311407160656,2.6927613472338408e-09,3.3406388766366035e-09,0.3328055463712681,-0.8559450291773387
R4_LHS_03,20260813,V40_A_E5_C9_1T,Y,R4_LHS_03,8.459616985845084,2.5843753803656e-09,3.009282822930004e-09,0.3341951523841569,-0.9324526405652098
R4_LHS_03,20260813,V40_A_E5_C9_1T,Y,R4_LHS_03,8.492922564529515,2.602098758686111e-09,3.139005277930096e-09,0.3268871580085387,-0.9649545219319757
R4_LHS_03,20260813,V40_A_E5_C9_1T,Y,R4_LHS_03,8.526228143213944,2.4848323398884986e-09,6.667417284944577e-09,0.3195791636329208,-0.9974564032987399
R4_LHS_03,20260813,V40_A_E5_C9_1T,Y,R4_LHS_03,8.559533721898372,2.3733286447225055e-09,3.4866536324784647e-09,0.31227116925730297,-1.029958284665504
R4_LHS_03,20260813,V40_A_E5_C9_1T,Y,R4_LHS_03,8.592839300582803,2.1754043011412705e-09,2.1383643744599112e-09,0.3049631748816847,-1.06246016603227
R4_LHS_03,20260813,V40_A_E5_C9_1T,Y,R4_LHS_03,8.626144879267232,2.0412087575749638e-09,1.65306446309188e-09,0.28613445930784664,-0.9976403754418529
R4_LHS_03,20260813,V40_A_E5_C9_1T,Y,R4_LHS_03,8.659450457951662,1.97447524996619e-09,3.1573046399557825e-09,0.26698186803767254,-0.9300846342341662
R4_LHS_03,20260813,V40_A_E5_C9_1T,Y,R4_LHS_03,8.69275603663609,1.986393272090936e-09,3.0008662221803206e-09,0.2478292767674994,-0.862528893026483
R4_LHS_03,20260813,V40_A_E5_C9_1T,Y,R4_LHS_03,8.72606161532052,2.054332259859848e-09,2.3595745357596343e-09,0.22867668549732634,-0.7949731518187998
R4_LHS_03,20260813,V40_A_E5_C9_1T,Y,R4_LHS_03,8.75936719400495,2.1374102487925484e-09,4.022567168249225e-09,0.21819650631810522,-0.7828473480516049
R4_LHS_03,20260813,V40_A_E5_C9_1T,Y,R4_LHS_03,8.792672772689379,2.1128367944101e-09,1.680445116392093e-09,0.22987915803798528,-0.9123758288545472
R4_LHS_03,20260813,V40_A_E5_C9_1T,Y,R4_LHS_03,8.82597835137381,1.9827195441024514e-09,2.764404927191322e-09,0.24156180975786595,-1.0419043096574963
R4_LHS_03,20260813,V40_A_E5_C9_1T,Y,R4_LHS_03,8.859283930058238,1.886218514712823e-09,1.8621416630892895e-09,0.25324446147774604,-1.1714327904604382
R4_LHS_03,20260813,V40_A_E5_C9_1T,Y,R4_LHS_03,8.892589508742669,1.8669763512946247e-09,1.9456600774958588e-09,0.2649271131976267,-1.3009612712633873
R4_LHS_03,20260813,V40_A_E5_C9_1T,Y,R4_LHS_03,8.925895087427097,1.891357070959998e-09,3.0753741775413346e-09,0.2742668931728401,-1.3322332822512217
R4_LHS_03,20260813,V40_A_E5_C9_1T,Y,R4_LHS_03,8.959200666111526,1.9678576546056092e-09,4.758767602197622e-09,0.28197752392162995,-1.2951812579371746
R4_LHS_03,20260813,V40_A_E5_C9_1T,Y,R4_LHS_03,8.992506244795957,2.145059241343006e-09,2.0337007633486337e-09,0.2896881546704202,-1.2581292336231253
R4_LHS_03,20260813,V40_A_E5_C9_1T,Y,R4_LHS_03,9.025811823480385,2.407811949822758e-09,4.144948828610495e-09,0.29739878541921005,-1.2210772093090783
R4_LHS_03,20260813,V40_A_E5_C9_1T,Y,R4_LHS_03,9.059117402164816,2.5586004426259024e-09,2.8114937045131683e-09,0.30510941616800036,-1.1840251849950292
R4_LHS_03,20260813,V40_A_E5_C9_1T,Y,R4_LHS_03,9.092422980849244,2.489220829460237e-09,4.039302670122424e-09,0.3002448989191618,-1.1159020539227362
R4_LHS_03,20260813,V40_A_E5_C9_1T,Y,R4_LHS_03,9.125728559533673,2.347659400214752e-09,3.590541863829344e-09,0.2939588432010266,-1.0442665368690776
R4_LHS_03,20260813,V40_A_E5_C9_1T,Y,R4_LHS_03,9.159034138218104,2.163836887447701e-09,2.2293211721091666e-09,0.2876727874828911,-0.9726310198154152
R4_LHS_03,20260813,V40_A_E5_C9_1T,Y,R4_LHS_03,9.192339716902532,2.0477963769138796e-09,3.1702651615006516e-09,0.2813867317647559,-0.9009955027617567
R4_LHS_03,20260813,V40_A_E5_C9_1T,Y,R4_LHS_03,9.225645295586963,1.9230355086108375e-09,2.33119834547324e-09,0.2720713572488228,-0.7860414335421815
R4_LHS_03,20260813,V40_A_E5_C9_1T,Y,R4_LHS_03,9.258950874271392,1.783978964553512e-09,2.7340349983973056e-09,0.2511531201677451,-0.5051691362154984
R4_LHS_03,20260813,V40_A_E5_C9_1T,Y,R4_LHS_03,9.29225645295582,1.7085152181905983e-09,2.371506102605281e-09,0.2302348830866674,-0.22429683888881535
R4_LHS_03,20260813,V40_A_E5_C9_1T,Y,R4_LHS_03,9.325562031640251,1.6799828195246391e-09,2.318000680290311e-09,0.20931664600558858,0.0565754584378827
R4_LHS_03,20260813,V40_A_E5_C9_1T,Y,R4_LHS_03,9.35886761032468,1.6552047510387524e-09,1.4100158818308728e-09,0.18839840892451087,0.33744775576456565
R4_LHS_03,20260813,V40_A_E5_C9_1T,Y,R4_LHS_03,9.39217318900911,1.6407504244142501e-09,1.7479738767534059e-09,0.1888675869106757,0.6734982252766284
R4_LHS_03,20260813,V40_A_E5_C9_1T,Y,R4_LHS_03,9.425478767693539,1.6554448922789788e-09,2.5100146405776513e-09,0.20942797299030955,1.0613827353264345
R4_LHS_03,20260813,V40_A_E5_C9_1T,Y,R4_LHS_03,9.458784346377968,1.6296493043910232e-09,2.0403354561437936e-09,0.2299883590699434,1.44926724537624
R4_LHS_03,20260813,V40_A_E5_C9_1T,Y,R4_LHS_03,9.492089925062398,1.6013058656838552e-09,1.5696317579028118e-09,0.2505487451495783,1.8371517554260668
R4_LHS_03,20260813,V40_A_E5_C9_1T,Y,R4_LHS_03,9.525395503746827,1.596095033917777e-09,1.342288391548152e-09,0.27110913122921215,2.2250362654758726
R4_LHS_03,20260813,V40_A_E5_C9_1T,Y,R4_LHS_03,9.558701082431257,1.5920288420900874e-09,1.9719053057087876e-09,0.25745165624735544,2.3111283070439614
R4_LHS_03,20260813,V40_A_E5_C9_1T,Y,R4_LHS_03,9.592006661115686,1.5921756135739429e-09,1.9673420670329733e-09,0.23649653317181837,2.3328570259500805
R4_LHS_03,20260813,V40_A_E5_C9_1T,Y,R4_LHS_03,9.625312239800117,1.5805704522975361e-09,1.593685516887433e-09,0.2155414100962802,2.354585744856201
R4_LHS_03,20260813,V40_A_E5_C9_1T,Y,R4_LHS_03,9.658617818484545,1.6075711872787224e-09,1.9769375025902036e-09,0.1945862870207431,2.3763144637623204
R4_LHS_03,20260813,V40_A_E5_C9_1T,Y,R4_LHS_03,9.691923397168974,1.6297998506331624e-09,1.9637604875555326e-09,0.17805094629848728,2.350526293449656
R4_LHS_03,20260813,V40_A_E5_C9_1T,Y,R4_LHS_03,9.725228975853405,1.6410355296869739e-09,1.3729913872495558e-09,0.19037418447118562,2.0144807876496267
R4_LHS_03,20260813,V40_A_E5_C9_1T,Y,R4_LHS_03,9.758534554537833,1.6678644021439482e-09,1.3077856575449687e-09,0.2026974226438833,1.678435281849615
R4_LHS_03,20260813,V40_A_E5_C9_1T,Y,R4_LHS_03,9.791840133222264,1.6579149164641649e-09,2.4697357492442507e-09,0.21502066081658164,1.3423897760495855
R4_LHS_03,20260813,V40_A_E5_C9_1T,Y,R4_LHS_03,9.825145711906693,1.6734726937528421e-09,1.974282071159905e-09,0.22734389898927934,1.006344270249574
R4_LHS_03,20260813,V40_A_E5_C9_1T,Y,R4_LHS_03,9.858451290591121,1.6415671044711644e-09,1.7828112319762113e-09,0.23118244346035793,0.691262813581211
R4_LHS_03,20260813,V40_A_E5_C9_1T,Y,R4_LHS_03,9.891756869275552,1.6048510298460883e-09,1.5426336874568847e-09,0.22428372068071611,0.4027110828050923
R4_LHS_03,20260813,V40_A_E5_C9_1T,Y,R4_LHS_03,9.92506244795998,1.5885212034660867e-09,1.403706262337323e-09,0.21738499790107466,0.11415935202898908
R4_LHS_03,20260813,V40_A_E5_C9_1T,Y,R4_LHS_03,9.958368026644411,1.5738871317338976e-09,1.6869331487257e-09,0.21048627512143284,-0.17439237874712954
R4_LHS_03,20260813,V40_A_E5_C9_1T,Y,R4_LHS_03,9.99167360532884,1.5707197764669445e-09,1.7716642597420673e-09,0.20358755234179138,-0.4629441095232327
R4_LHS_03,20260813,V40_A_E5_C9_1T,Y,R4_LHS_03,10.024979184013269,1.5671026698527157e-09,1.965002827120088e-09,0.2184843572847649,-0.5136957455932054
R4_LHS_03,20260813,V40_A_E5_C9_1T,Y,R4_LHS_03,10.0582847626977,1.5768562011686527e-09,1.5209719039788183e-09,0.24064633813527742,-0.48518068342780535
R4_LHS_03,20260813,V40_A_E5_C9_1T,Y,R4_LHS_03,10.091590341382128,1.5848798939899211e-09,1.902941137998937e-09,0.26280831898578877,-0.45666562126240684
R4_LHS_03,20260813,V40_A_E5_C9_1T,Y,R4_LHS_03,10.124895920066558,1.5720829082965793e-09,1.7036605459708198e-09,0.2849702998363013,-0.42815055909700683
R4_LHS_03,20260813,V40_A_E5_C9_1T,Y,R4_LHS_03,10.158201498750987,1.5604709746597223e-09,1.7464787394061432e-09,0.3065898513714538,-0.4018424245390069
R4_LHS_03,20260813,V40_A_E5_C9_1T,Y,R4_LHS_03,10.191507077435418,1.574216312860699e-09,1.8005541502219558e-09,0.3194943719065064,-0.41099226020654994
R4_LHS_03,20260813,V40_A_E5_C9_1T,Y,R4_LHS_03,10.224812656119846,1.594393617132539e-09,1.700760199341289e-09,0.3323988924415584,-0.42014209587409246
R4_LHS_03,20260813,V40_A_E5_C9_1T,Y,R4_LHS_03,10.258118234804275,1.6558543425304606e-09,1.1912759667609407e-09,0.3453034129766103,-0.42929193154163503
R4_LHS_03,20260813,V40_A_E5_C9_1T,Y,R4_LHS_03,10.291423813488706,1.6989518680787796e-09,3.242026425098743e-09,0.358207933511663,-0.43844176720917805
R4_LHS_03,20260813,V40_A_E5_C9_1T,Y,R4_LHS_03,10.324729392173134,1.8241965715759534e-09,2.045022817753761e-09,0.36154648291876057,-0.40772389413960913
R4_LHS_03,20260813,V40_A_E5_C9_1T,Y,R4_LHS_03,10.358034970857565,1.8782548849571867e-09,1.92479032712356e-09,0.34839899697768245,-0.3082978421826802
R4_LHS_03,20260813,V40_A_E5_C9_1T,Y,R4_LHS_03,10.391340549541994,1.8678365520941043e-09,1.7872676671970567e-09,0.33525151103660505,-0.20887179022575653
R4_LHS_03,20260813,V40_A_E5_C9_1T,Y,R4_LHS_03,10.424646128226422,1.8235112309028523e-09,1.745628974703095e-09,0.3221040250955277,-0.10944573826883286
R4_LHS_03,20260813,V40_A_E5_C9_1T,Y,R4_LHS_03,10.457951706910853,1.7196825075060929e-09,2.4161299627678545e-09,0.3089565391544496,-0.01001968631190392
R4_LHS_03,20260813,V40_A_E5_C9_1T,Y,R4_LHS_03,10.491257285595282,1.693803319824383e-09,1.871192756297546e-09,0.29127751342908836,-0.40804437487746376
R4_LHS_03,20260813,V40_A_E5_C9_1T,Y,R4_LHS_03,10.524562864279712,1.6258041579675364e-09,1.65975100330229e-09,0.27142439636213334,-1.044730401381585
R4_LHS_03,20260813,V40_A_E5_C9_1T,Y,R4_LHS_03,10.557868442964141,1.5636121286632942e-09,1.6419444692772345e-09,0.25157127929517936,-1.6814164278856722
R4_LHS_03,20260813,V40_A_E5_C9_1T,Y,R4_LHS_03,10.59117402164857,1.5283347920558299e-09,1.8883887786813602e-09,0.2317181622282254,-2.3181024543897597
R4_LHS_03,20260813,V40_A_E5_C9_1T,Y,R4_LHS_03,10.624479600333,1.5186251145493657e-09,1.4289063265948698e-09,0.21186504516127033,-2.954788480893881
R4_LHS_03,20260813,V40_A_E5_C9_1T,Y,R4_LHS_03,10.657785179017429,1.510834235496361e-09,1.4861842867475161e-09,0.2173716068689671,-2.8607148439262815
R4_LHS_03,20260813,V40_A_E5_C9_1T,Y,R4_LHS_03,10.69109075770186,1.4932245440135716e-09,1.9207160306677906e-09,0.2232807031603878,-2.7550418472210594
R4_LHS_03,20260813,V40_A_E5_C9_1T,Y,R4_LHS_03,10.724396336386288,1.4753541721646002e-09,1.3695335976393608e-09,0.2291897994518082,-2.6493688505158426
R4_LHS_03,20260813,V40_A_E5_C9_1T,Y,R4_LHS_03,10.757701915070717,1.4725802799375742e-09,1.800461557621702e-09,0.23509889574322862,-2.543695853810626
R4_LHS_03,20260813,V40_A_E5_C9_1T,Y,R4_LHS_03,10.791007493755147,1.4523022784374007e-09,2.2121728893154113e-09,0.24086497345633756,-2.1541065439197116
R4_LHS_03,20260813,V40_A_E5_C9_1T,Y,R4_LHS_03,10.824313072439576,1.4249675883704072e-09,2.045564828634383e-09,0.24628589966712047,-1.0793325315407214
R4_LHS_03,20260813,V40_A_E5_C9_1T,Y,R4_LHS_03,10.857618651124007,1.4230689959759957e-09,1.3044518798466243e-09,0.25170682587790366,-0.004558519161673935
R4_LHS_03,20260813,V40_A_E5_C9_1T,Y,R4_LHS_03,10.890924229808435,1.4279081250734293e-09,1.3385067498816738e-09,0.2571277520886866,1.070215493217316
R4_LHS_03,20260813,V40_A_E5_C9_1T,Y,R4_LHS_03,10.924229808492866,1.4349009758163334e-09,2.8628104331573923e-09,0.2625486782994698,2.1449895055963637
R4_LHS_03,20260813,V40_A_E5_C9_1T,Y,R4_LHS_03,10.957535387177295,1.4175224327672709e-09,3.3599800719485984e-09,0.2558306429805004,2.410827606941233
R4_LHS_03,20260813,V40_A_E5_C9_1T,Y,R4_LHS_03,10.990840965861723,1.41759182170631e-09,1.4579150109383932e-09,0.24107251625870973,2.140876987990887
R4_LHS_03,20260813,V40_A_E5_C9_1T,Y,R4_LHS_03,11.024146544546154,1.41685874144315e-09,9.63310653467886e-10,0.22631438953691826,1.8709263690405256
R4_LHS_03,20260813,V40_A_E5_C9_1T,Y,R4_LHS_03,11.057452123230583,1.413338335254366e-09,1.736682908592968e-09,0.21155626281512757,1.6009757500901791
R4_LHS_03,20260813,V40_A_E5_C9_1T,Y,R4_LHS_03,11.090757701915013,1.4070273834931868e-09,2.022057188355575e-09,0.19679813609333613,1.3310251311398182
R4_LHS_03,20260813,V40_A_E5_C9_1T,Y,R4_LHS_03,11.124063280599442,1.4017007554656402e-09,2.0976049786014528e-09,0.19727872520511497,1.025125873575198
R4_LHS_03,20260813,V40_A_E5_C9_1T,Y,R4_LHS_03,11.15736885928387,1.4126994019036943e-09,1.616894951261827e-09,0.19926356523608685,0.7156780379499428
R4_LHS_03,20260813,V40_A_E5_C9_1T,Y,R4_LHS_03,11.190674437968301,1.4141942061840496e-09,1.4058368913438812e-09,0.20124840526705884,0.4062302023246709
R4_LHS_03,20260813,V40_A_E5_C9_1T,Y,R4_LHS_03,11.22398001665273,1.408368532906934e-09,1.5139527409502307e-09,0.20323324529803072,0.09678236669941565
R4_LHS_03,20260813,V40_A_E5_C9_1T,Y,R4_LHS_03,11.25728559533716,1.4085057564727776e-09,1.3698161493991279e-09,0.20211036664609738,-0.07809718463143225
R4_LHS_03,20260813,V40_A_E5_C9_1T,Y,R4_LHS_03,11.29059117402159,1.4019950755894683e-09,1.5943016906661e-09,0.1898884926980775,0.22762427937479124
R4_LHS_03,20260813,V40_A_E5_C9_1T,Y,R4_LHS_03,11.323896752706018,1.3976143575789024e-09,1.875437583009898e-09,0.17766661875005763,0.5333457433810147
R4_LHS_03,20260813,V40_A_E5_C9_1T,Y,R4_LHS_03,11.357202331390448,1.3817086363943076e-09,1.466389343285357e-09,0.1654447448020371,0.8390672073872545
R4_LHS_03,20260813,V40_A_E5_C9_1T,Y,R4_LHS_03,11.390507910074877,1.367295276999414e-09,1.1383000098064144e-09,0.15322287085401723,1.144788671393478
R4_LHS_03,20260813,V40_A_E5_C9_1T,Y,R4_LHS_03,11.423813488759308,1.3505799811852626e-09,1.519801173799351e-09,0.15733298490585496,1.202708192113828
R4_LHS_03,20260813,V40_A_E5_C9_1T,Y,R4_LHS_03,11.457119067443736,1.3342608129462974e-09,1.9966805986371128e-09,0.17608139931311945,1.0385237488520307
R4_LHS_03,20260813,V40_A_E5_C9_1T,Y,R4_LHS_03,11.490424646128167,1.3355907491074959e-09,1.6213957954036573e-09,0.19482981372038494,0.8743393055902244
R4_LHS_03,20260813,V40_A_E5_C9_1T,Y,R4_LHS_03,11.523730224812596,1.3248220298578417e-09,1.1670010513498141e-09,0.21357822812764943,0.710154862328427
R4_LHS_03,20260813,V40_A_E5_C9_1T,Y,R4_LHS_03,11.557035803497024,1.316731057521281e-09,1.117962278307516e-09,0.23232664253491392,0.5459704190666295
R4_LHS_03,20260813,V40_A_E5_C9_1T,Y,R4_LHS_03,11.590341382181455,1.324351628362308e-09,1.4894354638528284e-09,0.2229181035521815,0.5734975612927866
R4_LHS_03,20260813,V40_A_E5_C9_1T,Y,R4_LHS_03,11.623646960865884,1.3299906731489841e-09,1.5750541981773836e-09,0.20798343353029258,0.638650341792271
R4_LHS_03,20260813,V40_A_E5_C9_1T,Y,R4_LHS_03,11.656952539550314,1.3458968384227887e-09,1.7261466700446704e-09,0.1930487635084029,0.7038031222917588
R4_LHS_03,20260813,V40_A_E5_C9_1T,Y,R4_LHS_03,11.690258118234743,1.3328415038316166e-09,1.3235533780076025e-09,0.17811409348651397,0.7689559027912432
R4_LHS_03,20260813,V40_A_E5_C9_1T,Y,R4_LHS_03,11.723563696919172,1.31951771731309e-09,1.2140117799930294e-09,0.16521096344941066,0.8592604884100788
R4_LHS_03,20260813,V40_A_E5_C9_1T,Y,R4_LHS_03,11.756869275603602,1.3049727964897784e-09,1.1356671159035159e-09,0.164332353862795,1.098436569194818
R4_LHS_03,20260813,V40_A_E5_C9_1T,Y,R4_LHS_03,11.790174854288031,1.2882830358051933e-09,1.3935662623865142e-09,0.16345374427617934,1.3376126499795444
R4_LHS_03,20260813,V40_A_E5_C9_1T,Y,R4_LHS_03,11.823480432972461,1.2798838655569966e-09,1.5443116785363031e-09,0.16257513468956367,1.5767887307642834
R4_LHS_03,20260813,V40_A_E5_C9_1T,Y,R4_LHS_03,11.85678601165689,1.2665978266213074e-09,1.649953285109973e-09,0.16169652510294805,1.81596481154901
R4_LHS_03,20260813,V40_A_E5_C9_1T,Y,R4_LHS_03,11.890091590341319,1.267465465915052e-09,1.1900473939618905e-09,0.16804128931176188,1.8886352294092843
R4_LHS_03,20260813,V40_A_E5_C9_1T,Y,R4_LHS_03,11.92339716902575,1.2690339890042424e-09,9.934962852398144e-10,0.18310391844609367,1.7603505368435155
R4_LHS_03,20260813,V40_A_E5_C9_1T,Y,R4_LHS_03,11.956702747710178,1.269526705982571e-09,1.3720242719728049e-09,0.19816654758042468,1.6320658442777534
R4_LHS_03,20260813,V40_A_E5_C9_1T,Y,R4_LHS_03,11.990008326394609,1.2747473077112659e-09,1.9407346840694117e-09,0.2132291767147565,1.5037811517119846
R4_LHS_03,20260813,V40_A_E5_C9_1T,Y,R4_LHS_03,12.023313905079037,1.2823416772889118e-09,1.3718777225335543e-09,0.2282918058490875,1.3754964591462224
R4_LHS_03,20260813,V40_A_E5_C9_1T,Y,R4_LHS_03,12.056619483763466,1.2906449242677809e-09,9.547291845990458e-10,0.22262716251150158,1.2693074232930446
R4_LHS_03,20260813,V40_A_E5_C9_1T,Y,R4_LHS_03,12.089925062447897,1.2997805054482114e-09,1.1929568444202232e-09,0.21047860316987987,1.1700303621037975
R4_LHS_03,20260813,V40_A_E5_C9_1T,Y,R4_LHS_03,12.123230641132325,1.3019996192298322e-09,1.7837653576435741e-09,0.19833004382825883,1.0707533009145558
R4_LHS_03,20260813,V40_A_E5_C9_1T,Y,R4_LHS_03,12.156536219816756,1.2803418325546545e-09,1.604375188257734e-09,0.18618148448663713,0.9714762397253087
R4_LHS_03,20260813,V40_A_E5_C9_1T,Y,R4_LHS_03,12.189841798501185,1.2626185652564459e-09,1.2825602802024605e-09,0.1754056678822796,0.8788144189451852
R4_LHS_03,20260813,V40_A_E5_C9_1T,Y,R4_LHS_03,12.223147377185615,1.2335287236098225e-09,1.095901369652097e-09,0.1827805608039499,0.8736207769077878
R4_LHS_03,20260813,V40_A_E5_C9_1T,Y,R4_LHS_03,12.256452955870044,1.2087207901245733e-09,1.1459864168728018e-09,0.1901554537256198,0.8684271348703908
R4_LHS_03,20260813,V40_A_E5_C9_1T,Y,R4_LHS_03,12.289758534554473,1.2120845438445826e-09,1.4836822881392209e-09,0.1975303466472897,0.8632334928329937
R4_LHS_03,20260813,V40_A_E5_C9_1T,Y,R4_LHS_03,12.323064113238903,1.2304346430624946e-09,1.494237622523542e-09,0.20490523956895995,0.8580398507955963
R4_LHS_03,20260813,V40_A_E5_C9_1T,Y,R4_LHS_03,12.356369691923332,1.2180535469141773e-09,1.2686537376183082e-09,0.21196250155952762,0.8857622380856188
R4_LHS_03,20260813,V40_A_E5_C9_1T,Y,R4_LHS_03,12.389675270607762,1.2095537904599496e-09,1.2021523776439835e-09,0.21849911078674247,0.9674397662319257
R4_LHS_03,20260813,V40_A_E5_C9_1T,Y,R4_LHS_03,12.422980849292191,1.1899654595026732e-09,1.1526977150566609e-09,0.225035720013957,1.0491172943782283
R4_LHS_03,20260813,V40_A_E5_C9_1T,Y,R4_LHS_03,12.45628642797662,1.1813136024940718e-09,1.2488258205323177e-09,0.23157232924117152,1.130794822524531
R4_LHS_03,20260813,V40_A_E5_C9_1T,Y,R4_LHS_03,12.48959200666105,1.1876671868193966e-09,1.3874578153050265e-09,0.2381089384683864,1.2124723506708377
R4_LHS_03,20260813,V40_A_E5_C9_1T,Y,R4_LHS_03,12.52289758534548,1.176542863134955e-09,1.2610322785988615e-09,0.24617873400226456,1.1886415922274471
R4_LHS_03,20260813,V40_A_E5_C9_1T,Y,R4_LHS_03,12.55620316402991,1.175399999553406e-09,1.4096752654069178e-09,0.25494543240280826,1.1168525216978409
R4_LHS_03,20260813,V40_A_E5_C9_1T,Y,R4_LHS_03,12.589508742714338,1.2010443750654076e-09,1.1462050197863505e-09,0.26371213080335154,1.0450634511682386
R4_LHS_03,20260813,V40_A_E5_C9_1T,Y,R4_LHS_03,12.622814321398767,1.2318696063218226e-09,1.3963193934429796e-09,0.27247882920389477,0.9732743806386364
R4_LHS_03,20260813,V40_A_E5_C9_1T,Y,R4_LHS_03,12.656119900083198,1.248943282128323e-09,1.0381013826332719e-09,0.2812455276044385,0.9014853101090303
R4_LHS_03,20260813,V40_A_E5_C9_1T,Y,R4_LHS_03,12.689425478767626,1.2400200866125033e-09,1.3424906741832388e-09,0.28923964614574366,0.7902819891704499
R4_LHS_03,20260813,V40_A_E5_C9_1T,Y,R4_LHS_03,12.722731057452057,1.2326369924764435e-09,1.4578108720186833e-09,0.2972307349621111,0.6789241025439865
R4_LHS_03,20260813,V40_A_E5_C9_1T,Y,R4_LHS_03,12.756036636136486,1.252881132174366e-09,1.149666029043317e-09,0.3052218237784781,0.5675662159175292
R4_LHS_03,20260813,V40_A_E5_C9_1T,Y,R4_LHS_03,12.789342214820916,1.2320691133993478e-09,1.3694987366363875e-09,0.3132129125948455,0.4562083292910659
R4_LHS_03,20260813,V40_A_E5_C9_1T,Y,R4_LHS_03,12.822647793505345,1.2032518315052698e-09,1.3187247960289028e-09,0.31036147557130733,0.3775700507165986
R4_LHS_03,20260813,V40_A_E5_C9_1T,Y,R4_LHS_03,12.855953372189774,1.1733451987794297e-09,1.0368910174918256e-09,0.2827668385541411,0.37359959564538525
R4_LHS_03,20260813,V40_A_E5_C9_1T,Y,R4_LHS_03,12.889258950874204,1.1488607842835563e-09,1.1439440505967013e-09,0.25517220153697334,0.3696291405741717
R4_LHS_03,20260813,V40_A_E5_C9_1T,Y,R4_LHS_03,12.922564529558633,1.1303005198470828e-09,1.2870927657004927e-09,0.2275775645198071,0.36565868550295827
R4_LHS_03,20260813,V40_A_E5_C9_1T,Y,R4_LHS_03,12.955870108243063,1.1167010649515419e-09,1.3932365261482005e-09,0.19998292750263938,0.3616882304317447
R4_LHS_03,20260813,V40_A_E5_C9_1T,Y,R4_LHS_03,12.989175686927492,1.114964898185633e-09,1.2861690601440046e-09,0.18633637555582522,0.3521699570150395
R4_LHS_03,20260813,V40_A_E5_C9_1T,Y,R4_LHS_03,13.02248126561192,1.110984304553142e-09,9.608518425352486e-10,0.18148511292088734,0.33915337776264276
R4_LHS_03,20260813,V40_A_E5_C9_1T,Y,R4_LHS_03,13.055786844296351,1.105965319325719e-09,1.1617421469267697e-09,0.17663385028594922,0.32613679851024535
R4_LHS_03,20260813,V40_A_E5_C9_1T,Y,R4_LHS_03,13.08909242298078,1.1097798235937262e-09,1.1731118298996535e-09,0.17178258765101134,0.3131202192578486
R4_LHS_03,20260813,V40_A_E5_C9_1T,Y,R4_LHS_03,13.12239800166521,1.1072963657099422e-09,1.3308727453420488e-09,0.1669313250160732,0.30010364000545114
R4_LHS_03,20260813,V40_A_E5_C9_1T,Y,R4_LHS_03,13.15570358034964,1.1035675706594361e-09,1.2737081389602167e-09,0.17401966267729888,0.3137488845831947
R4_LHS_03,20260813,V40_A_E5_C9_1T,Y,R4_LHS_03,13.189009159034068,1.1180582015768437e-09,1.1760757923084952e-09,0.18211983087209735,0.32965360575671193
R4_LHS_03,20260813,V40_A_E5_C9_1T,Y,R4_LHS_03,13.222314737718499,1.1184110304540695e-09,1.0314075149508994e-09,0.19021999906689627,0.3455583269302301
R4_LHS_03,20260813,V40_A_E5_C9_1T,Y,R4_LHS_03,13.255620316402927,1.1070158123516194e-09,1.1854009995815318e-09,0.19832016726169474,0.3614630481037473
R4_LHS_03,20260813,V40_A_E5_C9_1T,Y,R4_LHS_03,13.288925895087358,1.1228042939848137e-09,1.92967752887796e-09,0.2095689116717389,0.38004754956417885
R4_LHS_03,20260813,V40_A_E5_C9_1T,Y,R4_LHS_03,13.322231473771787,1.1290892665272168e-09,8.929249006861539e-10,0.23133069869878448,0.4075797919826054
R4_LHS_03,20260813,V40_A_E5_C9_1T,Y,R4_LHS_03,13.355537052456215,1.1290215429227146e-09,2.425156298002662e-09,0.25309248572583004,0.435112034401032
R4_LHS_03,20260813,V40_A_E5_C9_1T,Y,R4_LHS_03,13.388842631140646,1.1271782396349295e-09,9.463342331983426e-10,0.27485427275287677,0.46264427681946013
R4_LHS_03,20260813,V40_A_E5_C9_1T,Y,R4_LHS_03,13.422148209825075,1.1244066788762552e-09,1.646188740878074e-09,0.29661605977992234,0.49017651923788674
R4_LHS_03,20260813,V40_A_E5_C9_1T,Y,R4_LHS_03,13.455453788509505,1.133079519100022e-09,1.981520947325066e-09,0.2999092234262912,0.5216228867152858
R4_LHS_03,20260813,V40_A_E5_C9_1T,Y,R4_LHS_03,13.488759367193934,1.1144604128432434e-09,1.7936776508520325e-09,0.2874103757761398,0.5564161147503537
R4_LHS_03,20260813,V40_A_E5_C9_1T,Y,R4_LHS_03,13.522064945878364,1.1045306891332984e-09,1.6539930536296765e-09,0.2749115281259878,0.5912093427854234
R4_LHS_03,20260813,V40_A_E5_C9_1T,Y,R4_LHS_03,13.555370524562793,1.0795864202606253e-09,8.067824186497319e-10,0.26241268047583644,0.6260025708204913
R4_LHS_03,20260813,V40_A_E5_C9_1T,Y,R4_LHS_03,13.588676103247222,1.0701327601836397e-09,1.7255854523057224e-09,0.24991383282568505,0.6607957988555592
R4_LHS_03,20260813,V40_A_E5_C9_1T,Y,R4_LHS_03,13.621981681931652,1.0644654047098356e-09,1.065201926664372e-09,0.2507404771127075,0.5292312504970184
R4_LHS_03,20260813,V40_A_E5_C9_1T,Y,R4_LHS_03,13.655287260616081,1.056634668650247e-09,1.3073070403990528e-09,0.253962025480604,0.3677682999295025
R4_LHS_03,20260813,V40_A_E5_C9_1T,Y,R4_LHS_03,13.688592839300512,1.0501338687518569e-09,9.053836014238925e-10,0.2571835738485006,0.20630534936197803
R4_LHS_03,20260813,V40_A_E5_C9_1T,Y,R4_LHS_03,13.72189841798494,1.0608722789129388e-09,1.7184140777004586e-09,0.26040512221639706,0.04484239879446217
R4_LHS_03,20260813,V40_A_E5_C9_1T,Y,R4_LHS_03,13.755203996669369,1.057065546206104e-09,1.4109179380383807e-09,0.26357066306246013,-0.09176206989500742
R4_LHS_03,20260813,V40_A_E5_C9_1T,Y,R4_LHS_03,13.7885095753538,1.0323194521433265e-09,6.804273811056305e-10,0.26643376329062296,-0.09413073644302576
R4_LHS_03,20260813,V40_A_E5_C9_1T,Y,R4_LHS_03,13.821815154038228,1.0265855943103475e-09,1.0945739870038551e-09,0.2692968635187856,-0.09649940299104398
R4_LHS_03,20260813,V40_A_E5_C9_1T,Y,R4_LHS_03,13.855120732722659,1.0433870434312098e-09,1.6933684454656373e-09,0.27215996374694845,-0.09886806953906233
R4_LHS_03,20260813,V40_A_E5_C9_1T,Y,R4_LHS_03,13.888426311407088,1.04780673026994e-09,8.69899541289243e-10,0.27502306397511117,-0.10123673608708053
R4_LHS_03,20260813,V40_A_E5_C9_1T,Y,R4_LHS_03,13.921731890091516,1.0440237563358323e-09,1.6412061709658587e-09,0.27487806421235433,-0.11587025182977756
R4_LHS_03,20260813,V40_A_E5_C9_1T,Y,R4_LHS_03,13.955037468775947,1.0505135650262787e-09,1.085394107924742e-09,0.2712699577373627,-0.14462380404029787
R4_LHS_03,20260813,V40_A_E5_C9_1T,Y,R4_LHS_03,13.988343047460376,1.0659650939714993e-09,7.369631571663149e-10,0.26766185126237124,-0.17337735625081666
R4_LHS_03,20260813,V40_A_E5_C9_1T,Y,R4_LHS_03,14.021648626144806,1.0870147004737873e-09,1.86006687830087e-09,0.2640537447873796,-0.20213090846133697
R4_LHS_03,20260813,V40_A_E5_C9_1T,Y,R4_LHS_03,14.054954204829235,1.0661208582618542e-09,1.3376536545095519e-09,0.26044563831238815,-0.23088446067185572
R4_LHS_03,20260813,V40_A_E5_C9_1T,Y,R4_LHS_03,14.088259783513664,1.0595604393870417e-09,1.0301997033224097e-09,0.242038922196721,-0.17669917027668408
R4_LHS_03,20260813,V40_A_E5_C9_1T,Y,R4_LHS_03,14.121565362198094,1.0540512906942467e-09,1.4944072646017048e-09,0.21929725982267312,-0.09821866336065085
R4_LHS_03,20260813,V40_A_E5_C9_1T,Y,R4_LHS_03,14.154870940882523,1.0349449075519601e-09,9.599733230558627e-10,0.19655559744862647,-0.019738156444621846
R4_LHS_03,20260813,V40_A_E5_C9_1T,Y,R4_LHS_03,14.188176519566953,1.0280062356926578e-09,1.1045933057118873e-09,0.1738139350745786,0.05874235047141135
R4_LHS_03,20260813,V40_A_E5_C9_1T,Y,R4_LHS_03,14.221482098251382,1.028002682978979e-09,1.237676960919032e-09,0.15263381775322787,0.13929196370829577
R4_LHS_03,20260813,V40_A_E5_C9_1T,Y,R4_LHS_03,14.254787676935813,1.043706565617697e-09,1.0184360021980865e-09,0.1489281331644167,0.24299586196426848
R4_LHS_03,20260813,V40_A_E5_C9_1T,Y,R4_LHS_03,14.288093255620241,1.0553224960574425e-09,1.1404523991842552e-09,0.1452224485756057,0.34669976022023563
R4_LHS_03,20260813,V40_A_E5_C9_1T,Y,R4_LHS_03,14.32139883430467,1.0389651361464303e-09,1.2904520785284035e-09,0.14151676398679472,0.4504036584762028
R4_LHS_03,20260813,V40_A_E5_C9_1T,Y,R4_LHS_03,14.3547044129891,1.0224620039522847e-09,9.967145997435978e-10,0.13781107939798354,0.5541075567321754
R4_LHS_03,20260813,V40_A_E5_C9_1T,Y,R4_LHS_03,14.38800999167353,1.029944352026746e-09,1.2043335217981621e-09,0.13920987628828393,0.4355370904583343
R4_LHS_03,20260813,V40_A_E5_C9_1T,Y,R4_LHS_03,14.42131557035796,1.0053321508607382e-09,1.1812804068256355e-09,0.14857166428599777,-0.02978138448199985
R4_LHS_03,20260813,V40_A_E5_C9_1T,Y,R4_LHS_03,14.454621149042389,9.83609194094015e-10,8.772866877393426e-10,0.1579334522837111,-0.4950998594223093
R4_LHS_03,20260813,V40_A_E5_C9_1T,Y,R4_LHS_03,14.487926727726817,9.818964530339258e-10,1.1518718201486422e-09,0.16729524028142445,-0.9604183343626187
R4_LHS_03,20260813,V40_A_E5_C9_1T,Y,R4_LHS_03,14.521232306411248,9.877075823894188e-10,1.1206973127286801e-09,0.17665702827913832,-1.4257368093029528
R4_LHS_03,20260813,V40_A_E5_C9_1T,Y,R4_LHS_03,14.554537885095677,9.820118052061844e-10,1.0704261921290481e-09,0.19423316725584863,-1.43362454877705
R4_LHS_03,20260813,V40_A_E5_C9_1T,Y,R4_LHS_03,14.587843463780107,9.756937480176475e-10,1.3422533085005739e-09,0.21534285386039587,-1.2447404076316455
R4_LHS_03,20260813,V40_A_E5_C9_1T,Y,R4_LHS_03,14.621149042464536,9.938955214394696e-10,1.134501048660752e-09,0.23645254046494196,-1.055856266486251
R4_LHS_03,20260813,V40_A_E5_C9_1T,Y,R4_LHS_03,14.654454621148965,1.005919458840765e-09,1.0474676681582196e-09,0.25756222706948806,-0.8669721253408564
R4_LHS_03,20260813,V40_A_E5_C9_1T,Y,R4_LHS_03,14.687760199833395,1.0380604154036632e-09,1.3396604936488643e-09,0.27856354927838023,-0.6789647870814148
R4_LHS_03,20260813,V40_A_E5_C9_1T,Y,R4_LHS_03,14.721065778517824,1.0392462446162654e-09,1.1173365566108373e-09,0.285802593239142,-0.6023114153387927
R4_LHS_03,20260813,V40_A_E5_C9_1T,Y,R4_LHS_03,14.754371357202254,1.0360765578809605e-09,8.75930328270158e-10,0.2930416371999041,-0.5256580435961665
R4_LHS_03,20260813,V40_A_E5_C9_1T,Y,R4_LHS_03,14.787676935886683,1.0409706430181132e-09,1.4720931140743687e-09,0.30028068116066586,-0.44900467185354437
R4_LHS_03,20260813,V40_A_E5_C9_1T,Y,R4_LHS_03,14.820982514571114,1.0107619186072725e-09,1.3996976910846115e-09,0.307519725121428,-0.37235130011091816
R4_LHS_03,20260813,V40_A_E5_C9_1T,Y,R4_LHS_03,14.854288093255542,1.0017879858992274e-09,1.7065369117830187e-09,0.3057649609051961,-0.2724005853653263
R4_LHS_03,20260813,V40_A_E5_C9_1T,Y,R4_LHS_03,14.887593671939971,9.886539364956093e-10,7.051703665439391e-10,0.28457912963990994,-0.12211610487259322
R4_LHS_03,20260813,V40_A_E5_C9_1T,Y,R4_LHS_03,14.920899250624402,9.853808879967119e-10,1.058187981684e-09,0.26339329837462266,0.0281683756201479
R4_LHS_03,20260813,V40_A_E5_C9_1T,Y,R4_LHS_03,14.95420482930883,9.804518308342836e-10,1.2095351387131359e-09,0.2422074671093365,0.17845285611288098
R4_LHS_03,20260813,V40_A_E5_C9_1T,Y,R4_LHS_03,14.98751040799326,9.565165326463898e-10,9.103041098690312e-10,0.2210216358440492,0.3287373366056221
R4_LHS_03,20260813,V40_A_E5_C9_1T,Y,R4_LHS_03,15.02081598667769,9.468773543019893e-10,9.497429509508493e-10,0.21036747184820107,0.3663668389076189
R4_LHS_03,20260813,V40_A_E5_C9_1T,Y,R4_LHS_03,15.054121565362118,9.531301303766782e-10,1.4539401904656302e-09,0.2060323082140145,0.33640335429518736
R4_LHS_03,20260813,V40_A_E5_C9_1T,Y,R4_LHS_03,15.087427144046549,9.428312575110454e-10,1.0767552405255287e-09,0.2016971445798277,0.3064398696827543
R4_LHS_03,20260813,V40_A_E5_C9_1T,Y,R4_LHS_03,15.120732722730978,9.395038080839413e-10,9.645014786840989e-10,0.19736198094564114,0.2764763850703227
R4_LHS_03,20260813,V40_A_E5_C9_1T,Y,R4_LHS_03,15.154038301415408,9.38399802308254e-10,7.864116025046997e-10,0.19302681731145435,0.24651290045788957
R4_LHS_03,20260813,V40_A_E5_C9_1T,Y,R4_LHS_03,15.187343880099837,9.365228592628227e-10,1.0759722002262606e-09,0.19244950300053096,0.19862468398604904
R4_LHS_03,20260813,V40_A_E5_C9_1T,Y,R4_LHS_03,15.220649458784266,9.429815817085796e-10,1.3989991387575174e-09,0.19213948341134585,0.14946148658697078
R4_LHS_03,20260813,V40_A_E5_C9_1T,Y,R4_LHS_03,15.253955037468696,9.331860839623118e-10,9.300902825692958e-10,0.19182946382216073,0.10029828918788986
R4_LHS_03,20260813,V40_A_E5_C9_1T,Y,R4_LHS_03,15.287260616153125,9.278187662609128e-10,1.345943245745218e-09,0.1915194442329756,0.051135091788811565
R4_LHS_03,20260813,V40_A_E5_C9_1T,Y,R4_LHS_03,15.320566194837555,9.250227250845455e-10,8.749511115624387e-10,0.18884665855857105,-0.009884885699182382
R4_LHS_03,20260813,V40_A_E5_C9_1T,Y,R4_LHS_03,15.353871773521984,9.375805687383831e-10,1.2126303294834884e-09,0.17878070158525644,-0.10800511056214791
R4_LHS_03,20260813,V40_A_E5_C9_1T,Y,R4_LHS_03,15.387177352206413,9.351500684928737e-10,1.2180800812444659e-09,0.16871474461194183,-0.20612533542511344
R4_LHS_03,20260813,V40_A_E5_C9_1T,Y,R4_LHS_03,15.420482930890843,9.27168564146541e-10,9.438667625261132e-10,0.15864878763862666,-0.3042455602880842
R4_LHS_03,20260813,V40_A_E5_C9_1T,Y,R4_LHS_03,15.453788509575272,9.28984944525979e-10,9.21874243609011e-10,0.14858283066531208,-0.4023657851510497
R4_LHS_03,20260813,V40_A_E5_C9_1T,Y,R4_LHS_03,15.487094088259703,9.373753995234324e-10,1.030352914099808e-09,0.15805521987062285,-0.5224761777277533
R4_LHS_03,20260813,V40_A_E5_C9_1T,Y,R4_LHS_03,15.520399666944131,9.385840993303418e-10,9.70423519319752e-10,0.18346313964715144,-0.660521813475224
R4_LHS_03,20260813,V40_A_E5_C9_1T,Y,R4_LHS_03,15.553705245628562,9.362141062396745e-10,1.0118380577850417e-09,0.2088710594236814,-0.798567449222702
R4_LHS_03,20260813,V40_A_E5_C9_1T,Y,R4_LHS_03,15.58701082431299,9.181337912167464e-10,1.0977189157657108e-09,0.23427897920021,-0.9366130849701726
R4_LHS_03,20260813,V40_A_E5_C9_1T,Y,R4_LHS_03,15.62031640299742,9.032409264975172e-10,1.306020736002722e-09,0.2596868989767386,-1.0746587207176432
R4_LHS_03,20260813,V40_A_E5_C9_1T,Y,R4_LHS_03,15.65362198168185,9.139365375609998e-10,1.5385887008889654e-09,0.2654819771411716,-1.0663949962857349
R4_LHS_03,20260813,V40_A_E5_C9_1T,Y,R4_LHS_03,15.686927560366279,9.53291889871366e-10,1.22315457762312e-09,0.2680676812236256,-1.0341897401881153
R4_LHS_03,20260813,V40_A_E5_C9_1T,Y,R4_LHS_03,15.720233139050709,9.75963643234934e-10,1.5986933998846098e-09,0.27065338530607974,-1.001984484090494
R4_LHS_03,20260813,V40_A_E5_C9_1T,Y,R4_LHS_03,15.753538717735138,1.0012177753537799e-09,1.2026627471684037e-09,0.27323908938853375,-0.9697792279928743
R4_LHS_03,20260813,V40_A_E5_C9_1T,Y,R4_LHS_03,15.786844296419567,1.0579915832309439e-09,1.971353080776339e-09,0.27705848623969764,-0.9433513189930404
R4_LHS_03,20260813,V40_A_E5_C9_1T,Y,R4_LHS_03,15.820149875103997,1.0990299781354906e-09,2.6846234124633384e-09,0.286988965875402,-0.9455414316636339
R4_LHS_03,20260813,V40_A_E5_C9_1T,Y,R4_LHS_03,15.853455453788426,1.1365692831333263e-09,3.336956488908527e-09,0.29691944551110583,-0.9477315443342275
R4_LHS_03,20260813,V40_A_E5_C9_1T,Y,R4_LHS_03,15.886761032472856,1.1195605553737664e-09,3.6591134566776873e-09,0.30684992514681014,-0.949921657004821
R4_LHS_03,20260813,V40_A_E5_C9_1T,Y,R4_LHS_03,15.920066611157285,1.0774108272215699e-09,1.5020045207592148e-09,0.31678040478251396,-0.9521117696754146
R4_LHS_03,20260813,V40_A_E5_C9_1T,Y,R4_LHS_03,15.953372189841714,1.030114327171816e-09,2.1994801535640818e-09,0.3154678794366928,-0.9621155924046668
R4_LHS_03,20260813,V40_A_E5_C9_1T,Y,R4_LHS_03,15.986677768526144,9.82465886423256e-10,2.0956982815789615e-09,0.3018064797669023,-0.9807016868376919
R4_LHS_03,20260813,V40_A_E5_C9_1T,Y,R4_LHS_03,16.019983347210573,9.608984719022828e-10,1.961052209509262e-09,0.28814508009711254,-0.9992877812707159
R4_LHS_03,20260813,V40_A_E5_C9_1T,Y,R4_LHS_03,16.053288925895004,9.254571553540814e-10,2.2638559915577616e-09,0.274483680427322,-1.0178738757037409
R4_LHS_03,20260813,V40_A_E5_C9_1T,Y,R4_LHS_03,16.086594504579434,8.988801925013945e-10,7.430807080766044e-10,0.2608222807575315,-1.036459970136766
R4_LHS_03,20260813,V40_A_E5_C9_1T,Y,R4_LHS_03,16.11990008326386,8.888484948066377e-10,1.129136117938856e-09,0.24943720990424365,-1.1065393356756792
R4_LHS_03,20260813,V40_A_E5_C9_1T,Y,R4_LHS_03,16.15320566194829,8.824383446182082e-10,1.1352747630866133e-09,0.2386750150952707,-1.1907088997759103
R4_LHS_03,20260813,V40_A_E5_C9_1T,Y,R4_LHS_03,16.186511240632722,8.817725438703405e-10,7.949462199619006e-10,0.22791282028629775,-1.2748784638761417
R4_LHS_03,20260813,V40_A_E5_C9_1T,Y,R4_LHS_03,16.21981681931715,8.801006035064063e-10,1.1425776991202952e-09,0.21715062547732594,-1.359048027976364
R4_LHS_03,20260813,V40_A_E5_C9_1T,Y,R4_LHS_03,16.25312239800158,8.839742826616259e-10,8.743716861658868e-10,0.20867256979015233,-1.4383764125028315
R4_LHS_03,20260813,V40_A_E5_C9_1T,Y,R4_LHS_03,16.28642797668601,8.939782802919183e-10,1.142426930833551e-09,0.22227452561370986,-1.4709067278162438
R4_LHS_03,20260813,V40_A_E5_C9_1T,Y,R4_LHS_03,16.319733555370437,9.065571071609213e-10,1.356909473670953e-09,0.23587648143726594,-1.5034370431296527
R4_LHS_03,20260813,V40_A_E5_C9_1T,Y,R4_LHS_03,16.353039134054868,9.152572588710939e-10,1.266402094302066e-09,0.24947843726082347,-1.5359673584430649
R4_LHS_03,20260813,V40_A_E5_C9_1T,Y,R4_LHS_03,16.386344712739298,9.03593255774382e-10,8.06520072949013e-10,0.263080393084381,-1.5684976737564773
R4_LHS_03,20260813,V40_A_E5_C9_1T,Y,R4_LHS_03,16.41965029142373,8.965839182195623e-10,7.676718705162955e-10,0.2622510561538054,-1.513827488086879
R4_LHS_03,20260813,V40_A_E5_C9_1T,Y,R4_LHS_03,16.452955870108156,8.91013707260413e-10,9.463771988293956e-10,0.23998494454962643,-1.3296264611513324
R4_LHS_03,20260813,V40_A_E5_C9_1T,Y,R4_LHS_03,16.486261448792586,8.893716874069924e-10,9.530600753038243e-10,0.21771883294544508,-1.145425434215766
R4_LHS_03,20260813,V40_A_E5_C9_1T,Y,R4_LHS_03,16.519567027477017,8.952283914176462e-10,1.4051475538678915e-09,0.19545272134126374,-0.9612244072801996
R4_LHS_03,20260813,V40_A_E5_C9_1T,Y,R4_LHS_03,16.552872606161444,8.917144800335564e-10,1.2724749032244631e-09,0.17318660973708477,-0.777023380344653
R4_LHS_03,20260813,V40_A_E5_C9_1T,Y,R4_LHS_03,16.586178184845874,8.853686672694039e-10,1.0142725548334397e-09,0.16599313454465203,-0.6939664210606162
R4_LHS_03,20260813,V40_A_E5_C9_1T,Y,R4_LHS_03,16.619483763530305,8.741446455573509e-10,7.637155907680437e-10,0.1649280939372155,-0.6520339727997259
R4_LHS_03,20260813,V40_A_E5_C9_1T,Y,R4_LHS_03,16.652789342214735,8.661817374466807e-10,6.905196969775318e-10,0.16386305332977896,-0.6101015245388354
R4_LHS_03,20260813,V40_A_E5_C9_1T,Y,R4_LHS_03,16.686094920899162,8.661490968897567e-10,1.0097158664734707e-09,0.16279801272234254,-0.5681690762779493
R4_LHS_03,20260813,V40_A_E5_C9_1T,Y,R4_LHS_03,16.719400499583593,8.640050896957518e-10,1.1153310497391544e-09,0.1617916242516508,-0.5286386746054016
R4_LHS_03,20260813,V40_A_E5_C9_1T,Y,R4_LHS_03,16.752706078268023,8.57444837354393e-10,1.1196112925659918e-09,0.1637295730455433,-0.6096910116674549
R4_LHS_03,20260813,V40_A_E5_C9_1T,Y,R4_LHS_03,16.78601165695245,8.56697102147308e-10,7.963695258794701e-10,0.16566752183943562,-0.6907433487294995
R4_LHS_03,20260813,V40_A_E5_C9_1T,Y,R4_LHS_03,16.81931723563688,8.561125697248428e-10,9.390216382243466e-10,0.16760547063332812,-0.7717956857915528
R4_LHS_03,20260813,V40_A_E5_C9_1T,Y,R4_LHS_03,16.85262281432131,8.634896131454184e-10,9.149665469720958e-10,0.16954341942722062,-0.8528480228536061
R4_LHS_03,20260813,V40_A_E5_C9_1T,Y,R4_LHS_03,16.885928393005738,8.709923893235327e-10,1.0390482918509747e-09,0.182526436946869,-0.9671368754277243
R4_LHS_03,20260813,V40_A_E5_C9_1T,Y,R4_LHS_03,16.91923397169017,8.770998372042982e-10,7.089350773092917e-10,0.21812554757164304,-1.1494814502408772
R4_LHS_03,20260813,V40_A_E5_C9_1T,Y,R4_LHS_03,16.9525395503746,8.841373189127921e-10,8.528112660499687e-10,0.2537246581964171,-1.3318260250540301
R4_LHS_03,20260813,V40_A_E5_C9_1T,Y,R4_LHS_03,16.98584512905903,8.958565000938279e-10,9.202155148990698e-10,0.28932376882119115,-1.514170599867183
R4_LHS_03,20260813,V40_A_E5_C9_1T,Y,R4_LHS_03,17.019150707743457,9.0743845770902e-10,1.4850215501738262e-09,0.32492287944596143,-1.6965151746803167
R4_LHS_03,20260813,V40_A_E5_C9_1T,Y,R4_LHS_03,17.052456286427887,8.967765419143348e-10,1.1144241085503381e-09,0.3253098159879554,-1.7731564540251619
R4_LHS_03,20260813,V40_A_E5_C9_1T,Y,R4_LHS_03,17.085761865112318,8.806602114219686e-10,8.492747616273277e-10,0.30560637099806204,-1.7894884911703148
R4_LHS_03,20260813,V40_A_E5_C9_1T,Y,R4_LHS_03,17.119067443796744,8.618701308193977e-10,6.714410138997096e-10,0.28590292600817074,-1.805820528315466
R4_LHS_03,20260813,V40_A_E5_C9_1T,Y,R4_LHS_03,17.152373022481175,8.602395462631307e-10,8.756428915290826e-10,0.2661994810182774,-1.8221525654606188
R4_LHS_03,20260813,V40_A_E5_C9_1T,Y,R4_LHS_03,17.185678601165606,8.648456950588468e-10,1.223276258066619e-09,0.246496036028384,-1.8384846026057717
R4_LHS_03,20260813,V40_A_E5_C9_1T,Y,R4_LHS_03,17.218984179850036,8.638756376910806e-10,1.2348061462219562e-09,0.23112501963340112,-1.7149386250109062
R4_LHS_03,20260813,V40_A_E5_C9_1T,Y,R4_LHS_03,17.252289758534463,8.572802467909924e-10,8.138668072810162e-10,0.21600463960341432,-1.5833005308608594
R4_LHS_03,20260813,V40_A_E5_C9_1T,Y,R4_LHS_03,17.285595337218894,8.416397578869805e-10,7.551163583308096e-10,0.2008842595734259,-1.4516624367107989
R4_LHS_03,20260813,V40_A_E5_C9_1T,Y,R4_LHS_03,17.318900915903324,8.34515956338322e-10,9.072155249256753e-10,0.18576387954343748,-1.320024342560738
R4_LHS_03,20260813,V40_A_E5_C9_1T,Y,R4_LHS_03,17.35220649458775,8.41317016053722e-10,8.359399283897062e-10,0.17991478221303311,-1.2358815252135733
R4_LHS_03,20260813,V40_A_E5_C9_1T,Y,R4_LHS_03,17.38551207327218,8.419147601301802e-10,9.589471439142017e-10,0.20130899250755552,-1.2913017520102545
R4_LHS_03,20260813,V40_A_E5_C9_1T,Y,R4_LHS_03,17.418817651956612,8.379551497128546e-10,8.916477001186252e-10,0.2227032028020779,-1.346721978806936
R4_LHS_03,20260813,V40_A_E5_C9_1T,Y,R4_LHS_03,17.45212323064104,8.379723581697363e-10,8.398512996166119e-10,0.244097413096598,-1.4021422056036112
R4_LHS_03,20260813,V40_A_E5_C9_1T,Y,R4_LHS_03,17.48542880932547,8.437376908254635e-10,8.11325451266498e-10,0.26549162339112037,-1.4575624324002927
R4_LHS_03,20260813,V40_A_E5_C9_1T,Y,R4_LHS_03,17.5187343880099,8.465296796877908e-10,1.013986006270784e-09,0.2659421737595062,-1.1616791949283944
R4_LHS_03,20260813,V40_A_E5_C9_1T,Y,R4_LHS_03,17.55203996669433,8.440554921662624e-10,9.026603353667895e-10,0.25010321085200843,-0.5925599296920531
R4_LHS_03,20260813,V40_A_E5_C9_1T,Y,R4_LHS_03,17.585345545378757,8.376810911592258e-10,7.294207460262214e-10,0.23426424794451237,-0.02344066445577253
R4_LHS_03,20260813,V40_A_E5_C9_1T,Y,R4_LHS_03,17.618651124063188,8.327632472493463e-10,9.699248071370903e-10,0.2184252850370146,0.545678600780569
R4_LHS_03,20260813,V40_A_E5_C9_1T,Y,R4_LHS_03,17.65195670274762,8.315846899975554e-10,7.792309575371803e-10,0.20258632212951685,1.1147978660169104
R4_LHS_03,20260813,V40_A_E5_C9_1T,Y,R4_LHS_03,17.685262281432045,8.374742010985869e-10,9.550888968590243e-10,0.19333811488923813,0.9828578361700215
R4_LHS_03,20260813,V40_A_E5_C9_1T,Y,R4_LHS_03,17.718567860116476,8.344016588779368e-10,8.254024685960815e-10,0.18506522126787403,0.7471736057054273
R4_LHS_03,20260813,V40_A_E5_C9_1T,Y,R4_LHS_03,17.751873438800907,8.312023291878745e-10,1.0418608198392576e-09,0.17679232764650993,0.511489375240833
R4_LHS_03,20260813,V40_A_E5_C9_1T,Y,R4_LHS_03,17.785179017485337,8.315887423115953e-10,7.964062742615852e-10,0.1685194340251458,0.27580514477623874
R4_LHS_03,20260813,V40_A_E5_C9_1T,Y,R4_LHS_03,17.818484596169764,8.304222309796216e-10,8.828874298316691e-10,0.16210923180740947,0.0273896159168251
R4_LHS_03,20260813,V40_A_E5_C9_1T,Y,R4_LHS_03,17.851790174854195,8.317572741667334e-10,8.587187627639992e-10,0.16420262078014058,-0.2791470577886278
R4_LHS_03,20260813,V40_A_E5_C9_1T,Y,R4_LHS_03,17.885095753538625,8.268251083798361e-10,1.0280433171416803e-09,0.1662960097528717,-0.5856837314940807
R4_LHS_03,20260813,V40_A_E5_C9_1T,Y,R4_LHS_03,17.918401332223052,8.207001744864328e-10,8.616931612692724e-10,0.16838939872560257,-0.8922204051995009
R4_LHS_03,20260813,V40_A_E5_C9_1T,Y,R4_LHS_03,17.951706910907482,8.222394431989244e-10,8.489454694782239e-10,0.1704827876983337,-1.1987570789049538
R4_LHS_03,20260813,V40_A_E5_C9_1T,Y,R4_LHS_03,17.985012489591913,8.311343280276162e-10,7.932836609825245e-10,0.17945287179986713,-0.9906456601510026
R4_LHS_03,20260813,V40_A_E5_C9_1T,Y,R4_LHS_03,18.01831806827634,8.355486857958283e-10,9.75348690701594e-10,0.19562973239638207,-0.24318304049979567
R4_LHS_03,20260813,V40_A_E5_C9_1T,Y,R4_LHS_03,18.05162364696077,8.342564972174671e-10,8.888196845191487e-10,0.21180659299289875,0.5042795791514911
R4_LHS_03,20260813,V40_A_E5_C9_1T,Y,R4_LHS_03,18.0849292256452,8.390517725054281e-10,9.831800928949974e-10,0.2279834535894154,1.251742198802778
R4_LHS_03,20260813,V40_A_E5_C9_1T,Y,R4_LHS_03,18.11823480432963,8.371198734202778e-10,7.79632469694036e-10,0.2441603141859321,1.9992048184540647
R4_LHS_03,20260813,V40_A_E5_C9_1T,Y,R4_LHS_03,18.15154038301406,8.350212743479801e-10,8.287446284782618e-10,0.26515339767803825,1.9899093957864502
R4_LHS_03,20260813,V40_A_E5_C9_1T,Y,R4_LHS_03,18.18484596169849,8.364812731365134e-10,8.639809978561175e-10,0.2873741458298069,1.7877148642925076
R4_LHS_03,20260813,V40_A_E5_C9_1T,Y,R4_LHS_03,18.21815154038292,8.329440470689065e-10,1.0547128725946209e-09,0.3095948939815755,1.585520332798565
R4_LHS_03,20260813,V40_A_E5_C9_1T,Y,R4_LHS_03,18.251457119067346,8.301230258744852e-10,8.640938520265706e-10,0.3318156421333418,1.3833258013046439
R4_LHS_03,20260813,V40_A_E5_C9_1T,Y,R4_LHS_03,18.284762697751777,8.205001122973954e-10,7.472998331259362e-10,0.35060526764363087,1.2383282009906071
R4_LHS_03,20260813,V40_A_E5_C9_1T,Y,R4_LHS_03,18.318068276436207,8.195367717789281e-10,8.879456614430126e-10,0.34029389000951366,1.5784453132766094
R4_LHS_03,20260813,V40_A_E5_C9_1T,Y,R4_LHS_03,18.351373855120634,8.277958318814171e-10,9.580006787857087e-10,0.3299825123753975,1.9185624255625755
R4_LHS_03,20260813,V40_A_E5_C9_1T,Y,R4_LHS_03,18.384679433805065,8.305406362651979e-10,1.0238875303159034e-09,0.3196711347412802,2.258679537848578
R4_LHS_03,20260813,V40_A_E5_C9_1T,Y,R4_LHS_03,18.417985012489495,8.299840814629533e-10,8.12562850338594e-10,0.30935975710716296,2.59879665013458
R4_LHS_03,20260813,V40_A_E5_C9_1T,Y,R4_LHS_03,18.451290591173926,8.263861817070506e-10,6.761694537615881e-10,0.2916869351905517,2.331542193542084
R4_LHS_03,20260813,V40_A_E5_C9_1T,Y,R4_LHS_03,18.484596169858353,8.196713308095127e-10,8.77581785019288e-10,0.26359697513834324,1.2047996677823911
R4_LHS_03,20260813,V40_A_E5_C9_1T,Y,R4_LHS_03,18.517901748542783,8.137480689285326e-10,9.790331878534175e-10,0.2355070150861318,0.07805714202257796
R4_LHS_03,20260813,V40_A_E5_C9_1T,Y,R4_LHS_03,18.551207327227214,8.126887496295865e-10,8.765032588620159e-10,0.20741705503392036,-1.0486853837372347
R4_LHS_03,20260813,V40_A_E5_C9_1T,Y,R4_LHS_03,18.58451290591164,8.163299480834496e-10,8.125480843723665e-10,0.1793270949817119,-2.1754279094969275
R4_LHS_03,20260813,V40_A_E5_C9_1T,Y,R4_LHS_03,18.61781848459607,8.17619527637703e-10,7.596370199536295e-10,0.17006214594563074,-2.3036761158808896
R4_LHS_03,20260813,V40_A_E5_C9_1T,Y,R4_LHS_03,18.651124063280502,8.126981865252958e-10,9.707202819342342e-10,0.168021930867091,-2.0487183942881995
R4_LHS_03,20260813,V40_A_E5_C9_1T,Y,R4_LHS_03,18.684429641964933,8.160812581259336e-10,7.733456097724911e-10,0.16598171578855125,-1.7937606726955098
R4_LHS_03,20260813,V40_A_E5_C9_1T,Y,R4_LHS_03,18.71773522064936,8.115569327671324e-10,7.514916466888621e-10,0.1639415007100117,-1.5388029511028471
R4_LHS_03,20260813,V40_A_E5_C9_1T,Y,R4_LHS_03,18.75104079933379,8.093108405660132e-10,7.669100354767977e-10,0.16276066103247658,-1.2880022827532729
R4_LHS_03,20260813,V40_A_E5_C9_1T,Y,R4_LHS_03,18.78434637801822,8.097515435956382e-10,9.190632699329626e-10,0.18822045878605825,-1.1660702649401515
R4_LHS_03,20260813,V40_A_E5_C9_1T,Y,R4_LHS_03,18.817651956702647,8.093030134936896e-10,9.044663351609472e-10,0.2136802565396372,-1.0441382471270435
R4_LHS_03,20260813,V40_A_E5_C9_1T,Y,R4_LHS_03,18.850957535387078,8.055450195776359e-10,8.606249601861293e-10,0.23914005429321888,-0.9222062293139224
R4_LHS_03,20260813,V40_A_E5_C9_1T,Y,R4_LHS_03,18.88426311407151,8.033509413252204e-10,7.166096605004668e-10,0.26459985204680053,-0.8002742115008011
R4_LHS_03,20260813,V40_A_E5_C9_1T,Y,R4_LHS_03,18.917568692755935,8.115418337339975e-10,7.01409652581475e-10,0.2829684851618232,-0.7246087535930408
R4_LHS_03,20260813,V40_A_E5_C9_1T,Y,R4_LHS_03,18.950874271440366,8.177055699221114e-10,8.188030808931046e-10,0.2875623271973505,-0.7388174178002777
R4_LHS_03,20260813,V40_A_E5_C9_1T,Y,R4_LHS_03,18.984179850124796,8.148385299833194e-10,8.912740545596876e-10,0.29215616923287774,-0.7530260820075145
R4_LHS_03,20260813,V40_A_E5_C9_1T,Y,R4_LHS_03,19.017485428809227,8.130020545671357e-10,9.483327456649704e-10,0.296750011268405,-0.7672347462147514
R4_LHS_03,20260813,V40_A_E5_C9_1T,Y,R4_LHS_03,19.050791007493654,8.162308051673506e-10,7.487057640531702e-10,0.30134385330393176,-0.7814434104219867
R4_LHS_03,20260813,V40_A_E5_C9_1T,Y,R4_LHS_03,19.084096586178084,8.152677422046395e-10,7.297785153959069e-10,0.2961555442692925,-0.6312152939374608
R4_LHS_03,20260813,V40_A_E5_C9_1T,Y,R4_LHS_03,19.117402164862515,8.140862983729846e-10,7.708766402991785e-10,0.28566365935323923,-0.39183470599356984
R4_LHS_03,20260813,V40_A_E5_C9_1T,Y,R4_LHS_03,19.150707743546942,8.174880217204361e-10,8.654089667103904e-10,0.27517177443718704,-0.15245411804970443
R4_LHS_03,20260813,V40_A_E5_C9_1T,Y,R4_LHS_03,19.184013322231372,8.202473700258395e-10,8.425801722999893e-10,0.26467988952113375,0.08692646989418651
R4_LHS_03,20260813,V40_A_E5_C9_1T,Y,R4_LHS_03,19.217318900915803,8.158957953696699e-10,6.913002392749945e-10,0.25418800460508045,0.32630705783807734
R4_LHS_03,20260813,V40_A_E5_C9_1T,Y,R4_LHS_03,19.250624479600233,8.186247235641986e-10,8.722214062117928e-10,0.2467281737246176,0.3151899311291364
R4_LHS_03,20260813,V40_A_E5_C9_1T,Y,R4_LHS_03,19.28393005828466,8.172597598665732e-10,8.838093590313179e-10,0.23940447588248795,0.29282596825213303
R4_LHS_03,20260813,V40_A_E5_C9_1T,Y,R4_LHS_03,19.31723563696909,8.134835582929156e-10,8.309620769253456e-10,0.2320807780403575,0.2704620053751273
R4_LHS_03,20260813,V40_A_E5_C9_1T,Y,R4_LHS_03,19.35054121565352,8.101313508923624e-10,7.656624778640264e-10,0.22475708019822704,0.24809804249812156
R4_LHS_03,20260813,V40_A_E5_C9_1T,Y,R4_LHS_03,19.38384679433795,8.030126563696172e-10,7.628733755815631e-10,0.2186517866078662,0.2372922127218071
R4_LHS_03,20260813,V40_A_E5_C9_1T,Y,R4_LHS_03,19.41715237302238,8.064071632674086e-10,8.161915032722789e-10,0.2159150224194538,0.258441221517985
R4_LHS_03,20260813,V40_A_E5_C9_1T,Y,R4_LHS_03,19.45045795170681,8.116468053209758e-10,7.240602561964238e-10,0.2131782582310414,0.27959023031416286
R4_LHS_03,20260813,V40_A_E5_C9_1T,Y,R4_LHS_03,19.483763530391236,8.089446890124918e-10,9.142406276474446e-10,0.2104414940426293,0.3007392391103385
R4_LHS_03,20260813,V40_A_E5_C9_1T,Y,R4_LHS_03,19.517069109075667,8.061167289241666e-10,9.058174210707648e-10,0.2077047298542169,0.3218882479065164
R4_LHS_03,20260813,V40_A_E5_C9_1T,Y,R4_LHS_03,19.550374687760097,8.127728490237018e-10,8.279464336347075e-10,0.20456021893878054,0.3707743517862195
R4_LHS_03,20260813,V40_A_E5_C9_1T,Y,R4_LHS_03,19.583680266444528,8.181499366877176e-10,6.906399341310987e-10,0.2011133652121496,0.4402274173264953
R4_LHS_03,20260813,V40_A_E5_C9_1T,Y,R4_LHS_03,19.616985845128955,8.135927487273875e-10,7.729985540549933e-10,0.19766651148551898,0.5096804828667637
R4_LHS_03,20260813,V40_A_E5_C9_1T,Y,R4_LHS_03,19.650291423813385,8.11072209394581e-10,9.433599457153719e-10,0.194219657758888,0.5791335484070396
R4_LHS_03,20260813,V40_A_E5_C9_1T,Y,R4_LHS_03,19.683597002497816,8.140466634110055e-10,9.064601291797203e-10,0.19077280403225705,0.6485866139473153
R4_LHS_03,20260813,V40_A_E5_C9_1T,Y,R4_LHS_03,19.716902581182243,8.112965299567065e-10,7.565232329476146e-10,0.19849798394728502,0.7954967790201909
R4_LHS_03,20260813,V40_A_E5_C9_1T,Y,R4_LHS_03,19.750208159866673,8.124173001000656e-10,7.292288994875662e-10,0.20770617717757675,0.9526888599602319
R4_LHS_03,20260813,V40_A_E5_C9_1T,Y,R4_LHS_03,19.783513738551104,8.142330698568401e-10,8.667751516533428e-10,0.21691437040786848,1.109880940900273
R4_LHS_03,20260813,V40_A_E5_C9_1T,Y,R4_LHS_03,19.816819317235534,8.162857056959183e-10,8.916167248962381e-10,0.2261225636381602,1.2670730218403141
R4_LHS_03,20260813,V40_A_E5_C9_1T,Y,R4_LHS_03,19.85012489591996,8.165697562567686e-10,9.266994394074857e-10,0.24057075733646321,1.4654709316114063
R4_LHS_03,20260813,V40_A_E5_C9_1T,Y,R4_LHS_03,19.883430474604392,8.142660989918227e-10,7.544853075636127e-10,0.27715527954248714,1.837942444811679
R4_LHS_03,20260813,V40_A_E5_C9_1T,Y,R4_LHS_03,19.916736053288822,8.128959172459815e-10,7.018626235755221e-10,0.31373980174851107,2.2104139580119515
R4_LHS_03,20260813,V40_A_E5_C9_1T,Y,R4_LHS_03,19.95004163197325,8.029178433233142e-10,8.005110463393805e-10,0.3503243239545311,2.582885471212184
R4_LHS_03,20260813,V40_A_E5_C9_1T,Y,R4_LHS_03,19.98334721065768,8.027732367743567e-10,9.678543522184668e-10,0.3869088461605551,2.955356984412457
R4_LHS_03,20260813,V40_A_E5_C9_1T,Y,B2,0.0,2.7139888542093444e-17,1.7237555573627215e-17,0.19849538803100586,
R4_LHS_03,20260813,V40_A_E5_C9_1T,Y,B2,0.03330557868442947,0.0005217260913923383,0.0007572151953354478,0.2313795967165576,
R4_LHS_03,20260813,V40_A_E5_C9_1T,Y,B2,0.06661115736885893,0.0005797712365165353,0.0008145755855366588,0.26426380540210936,
R4_LHS_03,20260813,V40_A_E5_C9_1T,Y,B2,0.09991673605328841,0.00013593882613349706,0.0007432794664055109,0.2971480140876611,
R4_LHS_03,20260813,V40_A_E5_C9_1T,Y,B2,0.13322231473771787,7.529806316597387e-05,0.0004723505990114063,0.33003222277321287,
R4_LHS_03,20260813,V40_A_E5_C9_1T,Y,B2,0.16652789342214733,2.4170307369786315e-05,0.00017718672461342067,0.35198942412444695,1.7422205845978138
R4_LHS_03,20260813,V40_A_E5_C9_1T,Y,B2,0.19983347210657681,4.6709001253475435e-06,3.196128091076389e-05,0.34946459638486793,1.8000647354681825
R4_LHS_03,20260813,V40_A_E5_C9_1T,Y,B2,0.23313905079100627,2.189472212421606e-07,6.134877821750706e-06,0.3469397686452889,1.857908886338551
R4_LHS_03,20260813,V40_A_E5_C9_1T,Y,B2,0.26644462947543573,1.7363057622787892e-06,3.9423330235877074e-06,0.34441494090570995,1.9157530372089193
R4_LHS_03,20260813,V40_A_E5_C9_1T,Y,B2,0.2997502081598652,2.9413472475425806e-06,6.814111088715435e-07,0.34189011316613094,1.9735971880792877
R4_LHS_03,20260813,V40_A_E5_C9_1T,Y,B2,0.33305578684429465,2.674702955118846e-06,6.143962139049108e-08,0.32901826605113915,1.5735122565921398
R4_LHS_03,20260813,V40_A_E5_C9_1T,Y,B2,0.3663613655287241,2.1354621821956243e-06,2.3919892555568367e-07,0.3097286474248154,0.889395362630077
R4_LHS_03,20260813,V40_A_E5_C9_1T,Y,B2,0.39966694421315363,8.33589353987918e-07,5.560098088608356e-07,0.2904390287984916,0.20527846866801314
R4_LHS_03,20260813,V40_A_E5_C9_1T,Y,B2,0.4329725228975831,2.2120258336144616e-07,5.579517505793774e-07,0.2711494101721678,-0.47883842529404985
R4_LHS_03,20260813,V40_A_E5_C9_1T,Y,B2,0.46627810158201255,3.339521015277569e-07,3.1584448834109935e-07,0.25185979154584404,-1.1629553192561124
R4_LHS_03,20260813,V40_A_E5_C9_1T,Y,B2,0.499583680266442,7.647562370038941e-07,4.535762059276749e-07,0.2442697581527235,-0.9969461947543037
R4_LHS_03,20260813,V40_A_E5_C9_1T,Y,B2,0.5328892589508715,1.1368863397365203e-06,4.814991712009942e-07,0.23761766619180064,-0.7627835075908356
R4_LHS_03,20260813,V40_A_E5_C9_1T,Y,B2,0.566194837635301,1.0364179843236343e-06,2.143347330729739e-07,0.23096557423087777,-0.5286208204273671
R4_LHS_03,20260813,V40_A_E5_C9_1T,Y,B2,0.5995004163197304,7.681617830712639e-07,1.264900362230037e-07,0.2243134822699549,-0.29445813326389936
R4_LHS_03,20260813,V40_A_E5_C9_1T,Y,B2,0.6328059950041599,4.201681633730914e-07,2.407299746209901e-07,0.21988126852679116,-0.1009994024328644
R4_LHS_03,20260813,V40_A_E5_C9_1T,Y,B2,0.6661115736885893,2.0345324003301357e-07,3.62100763595663e-07,0.22270065696164035,-0.040506928954443994
R4_LHS_03,20260813,V40_A_E5_C9_1T,Y,B2,0.6994171523730188,2.3271070404007332e-07,3.2681333550499403e-07,0.22552004539648957,0.019985544523976606
R4_LHS_03,20260813,V40_A_E5_C9_1T,Y,B2,0.7327227310574482,4.5272875581758854e-07,3.094652640811546e-07,0.22833943383133878,0.08047801800239701
R4_LHS_03,20260813,V40_A_E5_C9_1T,Y,B2,0.7660283097418777,5.465440153784584e-07,4.077757012055372e-07,0.231158822266188,0.14097049148081764
R4_LHS_03,20260813,V40_A_E5_C9_1T,Y,B2,0.7993338884263073,4.5877703769292566e-07,3.920135611679143e-07,0.23204558756478522,0.20640840337338032
R4_LHS_03,20260813,V40_A_E5_C9_1T,Y,B2,0.8326394671107367,2.2650212372354872e-07,2.986717504427361e-07,0.23130561252567391,0.27600902242029257
R4_LHS_03,20260813,V40_A_E5_C9_1T,Y,B2,0.8659450457951662,4.521592700257315e-08,2.3481926803015085e-07,0.23056563748656264,0.3456096414672051
R4_LHS_03,20260813,V40_A_E5_C9_1T,Y,B2,0.8992506244795956,2.3904627610704665e-08,1.6944399305884872e-07,0.22982566244745134,0.41521026051411736
R4_LHS_03,20260813,V40_A_E5_C9_1T,Y,B2,0.9325562031640251,1.2501185153723782e-07,1.1672070598933715e-07,0.22908568740834007,0.4848108795610298
R4_LHS_03,20260813,V40_A_E5_C9_1T,Y,B2,0.9658617818484545,2.465701243181684e-07,8.836609310947097e-08,0.2542068858403747,0.45604051256259215
R4_LHS_03,20260813,V40_A_E5_C9_1T,Y,B2,0.999167360532884,3.070773857416498e-07,5.54527019858142e-08,0.2838359952444439,0.41012290946450647
R4_LHS_03,20260813,V40_A_E5_C9_1T,Y,B2,1.0324729392173135,2.8313607458585466e-07,3.370282186665463e-08,0.3134651046485132,0.3642053063664209
R4_LHS_03,20260813,V40_A_E5_C9_1T,Y,B2,1.065778517901743,1.9812691220977285e-07,3.7994684731756934e-08,0.3430942140525823,0.3182877032683354
R4_LHS_03,20260813,V40_A_E5_C9_1T,Y,B2,1.0990840965861723,2.542296329011151e-07,2.6596017832503094e-08,0.36345858682105187,0.3036413370421485
R4_LHS_03,20260813,V40_A_E5_C9_1T,Y,B2,1.132389675270602,7.967537385411561e-07,1.2456464304477777e-08,0.33523958454918196,0.45297828611982216
R4_LHS_03,20260813,V40_A_E5_C9_1T,Y,B2,1.1656952539550314,2.361135102546541e-06,6.844885547252488e-09,0.3070205822773122,0.6023152351974949
R4_LHS_03,20260813,V40_A_E5_C9_1T,Y,B2,1.1990008326394608,3.856632247334346e-06,1.1818934719798335e-09,0.2788015800054424,0.7516521842751676
R4_LHS_03,20260813,V40_A_E5_C9_1T,Y,B2,1.2323064113238902,2.7308751668897457e-06,8.18916756628596e-09,0.2505825777335727,0.9009891333528403
R4_LHS_03,20260813,V40_A_E5_C9_1T,Y,B2,1.2656119900083198,1.0317151009076042e-06,1.7391627693541523e-08,0.22404275294843054,0.617137832407348
R4_LHS_03,20260813,V40_A_E5_C9_1T,Y,B2,1.2989175686927492,2.9419888392112625e-07,5.013156822997189e-08,0.19940599598158004,-0.1576601518977221
R4_LHS_03,20260813,V40_A_E5_C9_1T,Y,B2,1.3322231473771786,9.01007908282736e-08,7.562265835758808e-08,0.17476923901472952,-0.9324581362027924
R4_LHS_03,20260813,V40_A_E5_C9_1T,Y,B2,1.3655287260616082,6.377319294870176e-08,7.323129835867803e-08,0.15013248204787885,-1.7072561205078678
R4_LHS_03,20260813,V40_A_E5_C9_1T,Y,B2,1.3988343047460376,8.396560957635302e-08,1.0254139937160289e-07,0.12549572508102835,-2.4820541048129376
R4_LHS_03,20260813,V40_A_E5_C9_1T,Y,B2,1.432139883430467,8.006547602690262e-08,1.4296540484792786e-07,0.13522819230498928,-2.5962833238581036
R4_LHS_03,20260813,V40_A_E5_C9_1T,Y,B2,1.4654454621148965,6.414143172150943e-08,1.5242548556670954e-07,0.1548051106790818,-2.5213044041102375
R4_LHS_03,20260813,V40_A_E5_C9_1T,Y,B2,1.498751040799326,3.783261703915741e-08,1.097544313211074e-07,0.17438202905317446,-2.4463254843623705
R4_LHS_03,20260813,V40_A_E5_C9_1T,Y,B2,1.5320566194837555,2.0933265787448363e-08,8.684945385084575e-08,0.193958947427267,-2.3713465646145044
R4_LHS_03,20260813,V40_A_E5_C9_1T,Y,B2,1.565362198168185,1.967011264980556e-08,4.343450399346693e-08,0.21303547900185604,-2.2643842385720427
R4_LHS_03,20260813,V40_A_E5_C9_1T,Y,B2,1.5986677768526145,3.059907172087151e-08,3.429716954883588e-08,0.2267897146180906,-1.8172347728507265
R4_LHS_03,20260813,V40_A_E5_C9_1T,Y,B2,1.631973355537044,3.787669200505661e-08,3.0121007910111075e-08,0.2405439502343251,-1.3700853071294135
R4_LHS_03,20260813,V40_A_E5_C9_1T,Y,B2,1.6652789342214733,3.584459307148791e-08,1.4201908093980364e-08,0.2542981858505596,-0.9229358414080999
R4_LHS_03,20260813,V40_A_E5_C9_1T,Y,B2,1.6985845129059027,2.4393989050963683e-08,1.9634848413829786e-08,0.26805242146679403,-0.4757863756867866
R4_LHS_03,20260813,V40_A_E5_C9_1T,Y,B2,1.7318900915903324,1.4006059423365969e-08,1.5814794807056387e-08,0.30477414559960697,-0.18541208294520348
R4_LHS_03,20260813,V40_A_E5_C9_1T,Y,B2,1.7651956702747618,1.0590089694062499e-08,3.1108982057048706e-08,0.3767430055746927,-0.13563335269726767
R4_LHS_03,20260813,V40_A_E5_C9_1T,Y,B2,1.7985012489591912,1.771512359027838e-08,4.173693568532144e-08,0.4487118655497785,-0.08585462244933185
R4_LHS_03,20260813,V40_A_E5_C9_1T,Y,B2,1.8318068276436206,1.786312964213721e-08,5.628704169424736e-09,0.5206807255248642,-0.03607589220139604
R4_LHS_03,20260813,V40_A_E5_C9_1T,Y,B2,1.8651124063280502,1.240903646504421e-08,3.1672442446506466e-08,0.5926495854999505,0.0137028380465401
R4_LHS_03,20260813,V40_A_E5_C9_1T,Y,B2,1.8984179850124796,5.7511137185883854e-08,1.0252228577201095e-07,0.5937612145072116,0.0560621236800702
R4_LHS_03,20260813,V40_A_E5_C9_1T,Y,B2,1.931723563696909,2.2467433780093415e-07,1.1760347717881814e-07,0.5649553459947254,0.09528875492085129
R4_LHS_03,20260813,V40_A_E5_C9_1T,Y,B2,1.9650291423813386,2.370703242604577e-07,6.328396295884886e-08,0.536149477482239,0.1345153861616326
R4_LHS_03,20260813,V40_A_E5_C9_1T,Y,B2,1.998334721065768,5.746678866103139e-08,5.9305236277396034e-08,0.5073436089697527,0.1737420174024137
R4_LHS_03,20260813,V40_A_E5_C9_1T,Y,B2,2.0316402997501974,6.216799874891876e-08,1.1410990374827179e-08,0.47829220625730884,0.21420784568806447
R4_LHS_03,20260813,V40_A_E5_C9_1T,Y,B2,2.064945878434627,7.654946188040412e-08,2.974765855867645e-08,0.4285340860151032,0.3591792914244064
R4_LHS_03,20260813,V40_A_E5_C9_1T,Y,B2,2.0982514571190563,7.07754992390619e-08,7.526523404521868e-09,0.3787759657728982,0.5041507371607463
R4_LHS_03,20260813,V40_A_E5_C9_1T,Y,B2,2.131557035803486,5.8726730145508554e-08,1.2948009775470837e-08,0.3290178455306926,0.6491221828970882
R4_LHS_03,20260813,V40_A_E5_C9_1T,Y,B2,2.1648626144879155,4.4437488355697496e-08,6.528714457942897e-09,0.2792597252884869,0.7940936286334301
R4_LHS_03,20260813,V40_A_E5_C9_1T,Y,B2,2.1981681931723447,3.092629441425743e-08,9.459757421836912e-09,0.26146207017813183,0.8885140941105318
R4_LHS_03,20260813,V40_A_E5_C9_1T,Y,B2,2.2314737718567743,2.639160712192279e-08,4.299919087458193e-09,0.31148296303048334,0.8756678453790059
R4_LHS_03,20260813,V40_A_E5_C9_1T,Y,B2,2.264779350541204,2.968672951908502e-08,2.5805442227522235e-09,0.36150385588283485,0.86282159664748
R4_LHS_03,20260813,V40_A_E5_C9_1T,Y,B2,2.298084929225633,3.3372145935572917e-08,5.623042920177568e-09,0.41152474873518563,0.8499753479159543
R4_LHS_03,20260813,V40_A_E5_C9_1T,Y,B2,2.3313905079100627,3.312292307100506e-08,1.1650760356474166e-08,0.46154564158753714,0.8371290991844285
R4_LHS_03,20260813,V40_A_E5_C9_1T,Y,B2,2.364696086594492,2.952057442939804e-08,1.1489792228758233e-08,0.42854286042925344,0.9339647751664436
R4_LHS_03,20260813,V40_A_E5_C9_1T,Y,B2,2.3980016652789216,2.4904666773295503e-08,1.2605000598853167e-08,0.3465509548547562,1.095519599271357
R4_LHS_03,20260813,V40_A_E5_C9_1T,Y,B2,2.431307243963351,2.276892452357515e-08,1.0530563088195777e-08,0.2645590492802589,1.2570744233762705
R4_LHS_03,20260813,V40_A_E5_C9_1T,Y,B2,2.4646128226477804,2.2577824054792472e-08,7.341006025285424e-09,0.18256714370576277,1.4186292474811817
R4_LHS_03,20260813,V40_A_E5_C9_1T,Y,B2,2.49791840133221,2.2992857395820465e-08,2.73453384380673e-08,0.10057523813126545,1.580184071586095
R4_LHS_03,20260813,V40_A_E5_C9_1T,Y,B2,2.5312239800166396,2.2935493504405713e-08,1.0138588635300039e-08,0.15351908479652102,1.819535612563708
R4_LHS_03,20260813,V40_A_E5_C9_1T,Y,B2,2.564529558701069,2.1323653953686517e-08,6.002082386658003e-09,0.21545864827775846,2.064073601332831
R4_LHS_03,20260813,V40_A_E5_C9_1T,Y,B2,2.5978351373854984,1.912069080844958e-08,2.6566343791500913e-08,0.27739821175899676,2.308611590101957
R4_LHS_03,20260813,V40_A_E5_C9_1T,Y,B2,2.631140716069928,1.6689524429125413e-08,1.7289815801291297e-08,0.33933777524023506,2.553149578871083
R4_LHS_03,20260813,V40_A_E5_C9_1T,Y,B2,2.6644462947543572,1.5470257963556833e-08,1.868308174834965e-09,0.3687976680286567,2.483891755119148
R4_LHS_03,20260813,V40_A_E5_C9_1T,Y,B2,2.697751873438787,1.5184177470928262e-08,1.0982465603603941e-08,0.29875634742480367,1.4533229501519278
R4_LHS_03,20260813,V40_A_E5_C9_1T,Y,B2,2.7310574521232165,1.5181058188318275e-08,5.465924157732616e-09,0.22871502682095063,0.42275414518470766
R4_LHS_03,20260813,V40_A_E5_C9_1T,Y,B2,2.7643630308076457,1.507678959455916e-08,1.3712422308742589e-09,0.15867370621709856,-0.6078146597824992
R4_LHS_03,20260813,V40_A_E5_C9_1T,Y,B2,2.7976686094920753,1.5272876296990034e-08,4.4588666092693074e-09,0.08863238561324549,-1.6383834647497189
R4_LHS_03,20260813,V40_A_E5_C9_1T,Y,B2,2.8309741881765045,1.774006719301724e-08,1.473217725589393e-08,0.05728542027711173,-1.8949999394365182
R4_LHS_03,20260813,V40_A_E5_C9_1T,Y,B2,2.864279766860934,2.8842526589301087e-08,5.315855311494033e-09,0.05700293733900433,-1.5302744024897663
R4_LHS_03,20260813,V40_A_E5_C9_1T,Y,B2,2.8975853455453637,7.521182965319895e-08,7.0671526408716545e-09,0.05672045440089692,-1.1655488655430142
R4_LHS_03,20260813,V40_A_E5_C9_1T,Y,B2,2.930890924229793,2.5303015149802377e-07,2.015638145280718e-08,0.05643797146278952,-0.8008233285962669
R4_LHS_03,20260813,V40_A_E5_C9_1T,Y,B2,2.9641965029142225,7.503238634853915e-07,6.028092691678921e-09,0.056155488524682114,-0.436097791649515
R4_LHS_03,20260813,V40_A_E5_C9_1T,Y,B2,2.997502081598652,1.2385968375383527e-06,4.248017937413806e-09,0.06702988775916958,-0.4106594746952554
R4_LHS_03,20260813,V40_A_E5_C9_1T,Y,B2,3.0308076602830814,8.394543442591385e-07,3.1037730163774313e-09,0.07967121403456538,-0.4389544278755476
R4_LHS_03,20260813,V40_A_E5_C9_1T,Y,B2,3.064113238967511,2.857569256775605e-07,3.57441209963838e-09,0.09231254030996136,-0.46724938105584024
R4_LHS_03,20260813,V40_A_E5_C9_1T,Y,B2,3.0974188176519406,7.781272870488465e-08,6.8315451073885924e-09,0.10495386658535734,-0.49554433423613287
R4_LHS_03,20260813,V40_A_E5_C9_1T,Y,B2,3.13072439633637,2.639675855675705e-08,1.7311357680682704e-08,0.12585921917455045,-0.5128392352351139
R4_LHS_03,20260813,V40_A_E5_C9_1T,Y,B2,3.1640299750207994,1.4470275644384856e-08,2.8952914732371937e-08,0.1865821530938553,-0.47713388481505364
R4_LHS_03,20260813,V40_A_E5_C9_1T,Y,B2,3.197335553705229,1.2314219866027543e-08,1.6513936884621216e-08,0.24730508701316017,-0.4414285343949934
R4_LHS_03,20260813,V40_A_E5_C9_1T,Y,B2,3.230641132389658,1.409079253278378e-08,1.967618246112579e-08,0.3080280209324642,-0.40572318397493373
R4_LHS_03,20260813,V40_A_E5_C9_1T,Y,B2,3.263946711074088,1.8181951944029606e-08,2.2142158329074846e-08,0.36875095485176906,-0.3700178335548735
R4_LHS_03,20260813,V40_A_E5_C9_1T,Y,B2,3.297252289758517,2.403504950621027e-08,3.611595289498837e-08,0.4125168397464323,-0.33565725258347606
R4_LHS_03,20260813,V40_A_E5_C9_1T,Y,B2,3.3305578684429467,3.655313918216052e-08,4.577602652489077e-08,0.4379470537445329,-0.30275077191022504
R4_LHS_03,20260813,V40_A_E5_C9_1T,Y,B2,3.3638634471273763,5.735185482080851e-08,6.161391041814568e-08,0.4633772677426336,-0.26984429123697407
R4_LHS_03,20260813,V40_A_E5_C9_1T,Y,B2,3.3971690258118055,9.044401849678252e-08,9.347520091296246e-08,0.48880748174073396,-0.23693781056372354
R4_LHS_03,20260813,V40_A_E5_C9_1T,Y,B2,3.430474604496235,1.2369588375804597e-07,4.67734189157909e-08,0.5142376957388346,-0.20403132989047257
R4_LHS_03,20260813,V40_A_E5_C9_1T,Y,B2,3.4637801831806647,9.964399794171186e-08,4.656445895534489e-08,0.45925028003026336,-0.07417633275902197
R4_LHS_03,20260813,V40_A_E5_C9_1T,Y,B2,3.497085761865094,5.7247621754186184e-08,1.7560292775442576e-08,0.38276508212288046,0.08159559451471676
R4_LHS_03,20260813,V40_A_E5_C9_1T,Y,B2,3.5303913405495235,3.767599565662749e-08,3.2256988191647906e-08,0.30627988421549657,0.23736752178845755
R4_LHS_03,20260813,V40_A_E5_C9_1T,Y,B2,3.563696919233953,3.13423953457459e-08,1.801879889740121e-08,0.22979468630811267,0.39313944906219833
R4_LHS_03,20260813,V40_A_E5_C9_1T,Y,B2,3.5970024979183823,3.158239891831727e-08,4.471133152605944e-08,0.16259072814059206,0.49782331281657094
R4_LHS_03,20260813,V40_A_E5_C9_1T,Y,B2,3.630308076602812,3.065468590079945e-08,1.242443747884181e-08,0.18114542516939464,0.13045346965201865
R4_LHS_03,20260813,V40_A_E5_C9_1T,Y,B2,3.663613655287241,2.9338051987792824e-08,1.836142615729841e-08,0.199700122198197,-0.2369163735125287
R4_LHS_03,20260813,V40_A_E5_C9_1T,Y,B2,3.6969192339716708,2.6254863172425758e-08,5.451362028452422e-09,0.21825481922699957,-0.604286216677081
R4_LHS_03,20260813,V40_A_E5_C9_1T,Y,B2,3.7302248126561004,2.4145315080659202e-08,7.110299460322267e-09,0.23680951625580215,-0.9716560598416333
R4_LHS_03,20260813,V40_A_E5_C9_1T,Y,B2,3.7635303913405296,2.1720461873542263e-08,5.7621876159430485e-09,0.23075170940304662,-0.8644512255523302
R4_LHS_03,20260813,V40_A_E5_C9_1T,Y,B2,3.796835970024959,2.0033890990589498e-08,7.651804523334249e-09,0.18872178149262997,-0.06363724729202214
R4_LHS_03,20260813,V40_A_E5_C9_1T,Y,B2,3.830141548709389,1.8889119601794846e-08,4.113896778790149e-09,0.14669185358221332,0.737176730968286
R4_LHS_03,20260813,V40_A_E5_C9_1T,Y,B2,3.863447127393818,1.7412798314353495e-08,9.505057185776877e-09,0.10466192567179719,1.5379907092285836
R4_LHS_03,20260813,V40_A_E5_C9_1T,Y,B2,3.8967527060782476,1.6525641299836025e-08,6.383031436740794e-09,0.06263199776138054,2.3388046874888917
R4_LHS_03,20260813,V40_A_E5_C9_1T,Y,B2,3.9300582847626773,1.554081663357465e-08,1.8924135147813104e-08,0.06580197277613056,2.3937247142902884
R4_LHS_03,20260813,V40_A_E5_C9_1T,Y,B2,3.9633638634471064,1.4609831566758658e-08,1.8435188930965296e-09,0.08700251015993485,2.151102345154545
R4_LHS_03,20260813,V40_A_E5_C9_1T,Y,B2,3.996669442131536,1.3642366347710322e-08,1.8011951041785323e-08,0.10820304754373941,1.908479976018798
R4_LHS_03,20260813,V40_A_E5_C9_1T,Y,B2,4.029975020815965,1.2885478462010269e-08,2.4490796057818898e-09,0.12940358492754367,1.6658576068830544
R4_LHS_03,20260813,V40_A_E5_C9_1T,Y,B2,4.063280599500395,1.237882685245495e-08,1.0046460552359804e-08,0.15039181597623894,1.4096639563300855
R4_LHS_03,20260813,V40_A_E5_C9_1T,Y,B2,4.0965861781848245,1.2110757729999477e-08,4.48714398970651e-09,0.16253394972871088,0.5880002467261053
R4_LHS_03,20260813,V40_A_E5_C9_1T,Y,B2,4.129891756869254,1.1566937629936547e-08,2.3244917102260843e-09,0.17467608348118285,-0.23366346287787487
R4_LHS_03,20260813,V40_A_E5_C9_1T,Y,B2,4.163197335553684,1.1375991704198896e-08,7.62359897432674e-10,0.18681821723365483,-1.0553271724818547
R4_LHS_03,20260813,V40_A_E5_C9_1T,Y,B2,4.1965029142381125,1.1032274649380724e-08,2.4959996292039932e-09,0.19896035098612647,-1.876990882085813
R4_LHS_03,20260813,V40_A_E5_C9_1T,Y,B2,4.229808492922542,1.0715090148494255e-08,1.9406494189411205e-09,0.2108111902389002,-2.4470470312930064
R4_LHS_03,20260813,V40_A_E5_C9_1T,Y,B2,4.263114071606972,1.0393969240851675e-08,4.065328518265687e-09,0.22207601349816336,-2.510927970760768
R4_LHS_03,20260813,V40_A_E5_C9_1T,Y,B2,4.296419650291401,1.0040799303112635e-08,8.127278849912045e-10,0.23334083675742653,-2.5748089102285294
R4_LHS_03,20260813,V40_A_E5_C9_1T,Y,B2,4.329725228975831,9.846673698632458e-09,8.153319797088443e-09,0.2446056600166897,-2.638689849696291
R4_LHS_03,20260813,V40_A_E5_C9_1T,Y,B2,4.36303080766026,9.697437519662344e-09,3.145222304823392e-09,0.2558704832759526,-2.702570789164051
R4_LHS_03,20260813,V40_A_E5_C9_1T,Y,B2,4.396336386344689,9.54843759615187e-09,2.327338766150433e-09,0.25247696518500984,-2.6174301773582678
R4_LHS_03,20260813,V40_A_E5_C9_1T,Y,B2,4.429641965029119,9.265502143307458e-09,1.6720632656230805e-09,0.240860475117122,-2.448692109960005
R4_LHS_03,20260813,V40_A_E5_C9_1T,Y,B2,4.462947543713549,9.050604710125754e-09,2.146596012053692e-09,0.22924398504923418,-2.279954042561742
R4_LHS_03,20260813,V40_A_E5_C9_1T,Y,B2,4.496253122397978,8.699004183654324e-09,2.002164656289551e-09,0.21762749498134634,-2.1112159751634794
R4_LHS_03,20260813,V40_A_E5_C9_1T,Y,B2,4.529558701082408,8.357306846562551e-09,9.775266152090012e-10,0.20601100491345853,-1.9424779077652166
R4_LHS_03,20260813,V40_A_E5_C9_1T,Y,B2,4.562864279766837,8.178377974843443e-09,3.768915401991535e-09,0.22756256680504455,-2.011287269346124
R4_LHS_03,20260813,V40_A_E5_C9_1T,Y,B2,4.596169858451266,8.102914783592041e-09,1.7923953432585904e-09,0.250888551229442,-2.092804929596697
R4_LHS_03,20260813,V40_A_E5_C9_1T,Y,B2,4.629475437135696,8.044790611450026e-09,6.594184753794252e-09,0.2742145356538394,-2.17432258984727
R4_LHS_03,20260813,V40_A_E5_C9_1T,Y,B2,4.6627810158201255,7.938623092229591e-09,1.2595385179281493e-08,0.29754052007823684,-2.2558402500978425
R4_LHS_03,20260813,V40_A_E5_C9_1T,Y,B2,4.696086594504555,7.822978709270956e-09,2.0081138973893076e-09,0.31111009851978955,-2.0609031348899287
R4_LHS_03,20260813,V40_A_E5_C9_1T,Y,B2,4.729392173188984,7.6847097574273e-09,8.921705152431514e-09,0.2965930536773978,-1.0701113630591836
R4_LHS_03,20260813,V40_A_E5_C9_1T,Y,B2,4.7626977518734135,7.51398943066306e-09,5.686525028636424e-09,0.2820760088350056,-0.07931959122841237
R4_LHS_03,20260813,V40_A_E5_C9_1T,Y,B2,4.796003330557843,7.354140851845159e-09,4.063379854812865e-09,0.2675589639926135,0.9114721806023587
R4_LHS_03,20260813,V40_A_E5_C9_1T,Y,B2,4.829308909242273,7.179366434684198e-09,3.515707169832183e-10,0.25304191915022134,1.9022639524331302
R4_LHS_03,20260813,V40_A_E5_C9_1T,Y,B2,4.862614487926702,6.964994359037746e-09,3.130071979384752e-09,0.23364690369263344,2.3796060204406673
R4_LHS_03,20260813,V40_A_E5_C9_1T,Y,B2,4.895920066611132,6.7651999557938325e-09,1.8234612708667441e-09,0.21051771762617177,2.463893487590439
R4_LHS_03,20260813,V40_A_E5_C9_1T,Y,B2,4.929225645295561,6.565452626006163e-09,5.352393528390564e-10,0.18738853155971072,2.548180954740208
R4_LHS_03,20260813,V40_A_E5_C9_1T,Y,B2,4.96253122397999,6.4197553939493446e-09,3.1745124307036576e-09,0.16425934549324905,2.6324684218899796
R4_LHS_03,20260813,V40_A_E5_C9_1T,Y,B2,4.99583680266442,6.298674470883725e-09,1.0069320932615256e-09,0.1411301594267874,2.716755889039751
R4_LHS_03,20260813,V40_A_E5_C9_1T,Y,B2,5.02914238134885,6.170712385511479e-09,1.198580679151462e-09,0.13164892193429364,2.2235897090611623
R4_LHS_03,20260813,V40_A_E5_C9_1T,Y,B2,5.062447960033279,6.130949969929134e-09,1.139982330755629e-09,0.12411739138093801,1.647930150921387
R4_LHS_03,20260813,V40_A_E5_C9_1T,Y,B2,5.095753538717709,6.040459243905616e-09,6.121935736125295e-10,0.11658586082758238,1.0722705927816116
R4_LHS_03,20260813,V40_A_E5_C9_1T,Y,B2,5.129059117402138,5.9812328423447525e-09,1.3221135297669662e-09,0.10905433027422694,0.49661103464185175
R4_LHS_03,20260813,V40_A_E5_C9_1T,Y,B2,5.162364696086567,5.95499738409444e-09,1.5267395681028972e-10,0.10316136205796896,0.14208918703808926
R4_LHS_03,20260813,V40_A_E5_C9_1T,Y,B2,5.195670274770997,5.8972706717952406e-09,1.0886502810336651e-09,0.10455476678752781,0.7709243926688881
R4_LHS_03,20260813,V40_A_E5_C9_1T,Y,B2,5.2289758534554265,5.888378229457203e-09,7.028146953302894e-10,0.10594817151708669,1.3997595982996869
R4_LHS_03,20260813,V40_A_E5_C9_1T,Y,B2,5.262281432139856,5.807188951933995e-09,8.59036786149403e-10,0.10734157624664556,2.0285948039304857
R4_LHS_03,20260813,V40_A_E5_C9_1T,Y,B2,5.295587010824285,5.73090686017963e-09,1.9769590409168813e-09,0.10873498097620439,2.657430009561268
R4_LHS_03,20260813,V40_A_E5_C9_1T,Y,B2,5.3288925895087145,5.691279447717079e-09,2.588700920291842e-10,0.10576456787063114,2.44838137352694
R4_LHS_03,20260813,V40_A_E5_C9_1T,Y,B2,5.362198168193144,5.764350330395018e-09,1.070887267751175e-09,0.09829180303039786,1.3748494087905168
R4_LHS_03,20260813,V40_A_E5_C9_1T,Y,B2,5.395503746877574,5.798722391148203e-09,8.202748480456989e-10,0.0908190381901646,0.30131744405409355
R4_LHS_03,20260813,V40_A_E5_C9_1T,Y,B2,5.428809325562003,5.922085932752452e-09,2.9563507197849503e-10,0.08334627334993132,-0.7722145206823297
R4_LHS_03,20260813,V40_A_E5_C9_1T,Y,B2,5.462114904246433,6.0208562580044145e-09,9.643223997102268e-10,0.07587350850969804,-1.8457464854187533
R4_LHS_03,20260813,V40_A_E5_C9_1T,Y,B2,5.495420482930862,5.935326008454922e-09,1.6036129091290263e-09,0.08112363097297468,-1.7672566998560733
R4_LHS_03,20260813,V40_A_E5_C9_1T,Y,B2,5.528726061615291,5.852617501744817e-09,4.8870818503132796e-09,0.08953895954590466,-1.4021663812921954
R4_LHS_03,20260813,V40_A_E5_C9_1T,Y,B2,5.562031640299721,5.637990962981121e-09,1.6306379579944519e-09,0.09795428811883465,-1.0370760627283178
R4_LHS_03,20260813,V40_A_E5_C9_1T,Y,B2,5.595337218984151,5.253822266126917e-09,5.029062943862073e-09,0.10636961669176465,-0.6719857441644401
R4_LHS_03,20260813,V40_A_E5_C9_1T,Y,B2,5.62864279766858,5.081433052112061e-09,5.359155785811254e-09,0.11328332614367634,-0.3351945765657657
R4_LHS_03,20260813,V40_A_E5_C9_1T,Y,B2,5.661948376353009,4.855247315305178e-09,1.7095329596372721e-09,0.10796956561015703,-0.22883935254082616
R4_LHS_03,20260813,V40_A_E5_C9_1T,Y,B2,5.695253955037439,4.757401583788123e-09,2.779009244946451e-09,0.10265580507663757,-0.12248412851588383
R4_LHS_03,20260813,V40_A_E5_C9_1T,Y,B2,5.728559533721868,4.731639524635511e-09,2.046595559690445e-09,0.09734204454311811,-0.01612890449094151
R4_LHS_03,20260813,V40_A_E5_C9_1T,Y,B2,5.761865112406298,4.768441641544996e-09,3.750931565349447e-09,0.09202828400959864,0.09022631953400084
R4_LHS_03,20260813,V40_A_E5_C9_1T,Y,B2,5.7951706910907275,4.7417714199582406e-09,1.598726595553046e-09,0.09312593636663657,0.1758609450329964
R4_LHS_03,20260813,V40_A_E5_C9_1T,Y,B2,5.828476269775157,4.769221462197493e-09,2.2521762232941e-09,0.1031516309731413,0.23264165295848033
R4_LHS_03,20260813,V40_A_E5_C9_1T,Y,B2,5.861781848459586,4.7023198668227906e-09,1.7615432446049795e-09,0.11317732557964574,0.2894223608839628
R4_LHS_03,20260813,V40_A_E5_C9_1T,Y,B2,5.8950874271440155,4.669253872435775e-09,2.6651585383064003e-09,0.12320302018615047,0.34620306880944673
R4_LHS_03,20260813,V40_A_E5_C9_1T,Y,B2,5.928393005828445,4.611782067343029e-09,3.5564406974941676e-09,0.1332287147926552,0.40298377673493063
R4_LHS_03,20260813,V40_A_E5_C9_1T,Y,B2,5.961698584512875,4.625871241614732e-09,5.296592053838367e-10,0.14113308699005966,0.4030403127330819
R4_LHS_03,20260813,V40_A_E5_C9_1T,Y,B2,5.995004163197304,4.617664473016703e-09,1.6179882988964778e-09,0.14823911204425444,0.38174904209191685
R4_LHS_03,20260813,V40_A_E5_C9_1T,Y,B2,6.028309741881733,4.649100660003569e-09,5.434411254334748e-10,0.15534513709844905,0.36045777145075236
R4_LHS_03,20260813,V40_A_E5_C9_1T,Y,B2,6.061615320566163,4.715399182231295e-09,9.905541942245577e-10,0.16245116215264382,0.3391665008095873
R4_LHS_03,20260813,V40_A_E5_C9_1T,Y,B2,6.094920899250592,4.644927997787818e-09,5.24217558250939e-10,0.16917701925365844,0.3328949956473153
R4_LHS_03,20260813,V40_A_E5_C9_1T,Y,B2,6.128226477935022,4.748490489703272e-09,5.9741972480154e-10,0.1654693780840683,0.738832609738846
R4_LHS_03,20260813,V40_A_E5_C9_1T,Y,B2,6.161532056619452,4.667454867046672e-09,1.6813825887140865e-09,0.16176173691447815,1.1447702238303767
R4_LHS_03,20260813,V40_A_E5_C9_1T,Y,B2,6.194837635303881,4.699702849109144e-09,1.816402361853875e-09,0.15805409574488802,1.5507078379219073
R4_LHS_03,20260813,V40_A_E5_C9_1T,Y,B2,6.22814321398831,4.593052604917602e-09,7.097446519388484e-10,0.15434645457529797,1.956645452013427
R4_LHS_03,20260813,V40_A_E5_C9_1T,Y,B2,6.26144879267274,4.503500683483708e-09,1.6706663830134971e-09,0.15156685395304306,2.0748599270400474
R4_LHS_03,20260813,V40_A_E5_C9_1T,Y,B2,6.294754371357169,4.486290894334388e-09,9.839329351279957e-10,0.15055896710297348,1.6437847729427948
R4_LHS_03,20260813,V40_A_E5_C9_1T,Y,B2,6.328059950041599,4.37939373654217e-09,2.2700548107934537e-09,0.14955108025290387,1.212709618845542
R4_LHS_03,20260813,V40_A_E5_C9_1T,Y,B2,6.3613655287260285,4.475606107945396e-09,6.783225647843949e-10,0.14854319340283426,0.7816344647482893
R4_LHS_03,20260813,V40_A_E5_C9_1T,Y,B2,6.394671107410458,4.457172853022939e-09,1.8875314644617447e-09,0.14753530655276467,0.3505593106510365
R4_LHS_03,20260813,V40_A_E5_C9_1T,Y,B2,6.427976686094887,4.421189636616418e-09,2.104229457344786e-09,0.14643909163667598,-0.22000970654840563
R4_LHS_03,20260813,V40_A_E5_C9_1T,Y,B2,6.461282264779316,4.389687724426494e-09,1.705934504769857e-09,0.14529580367941544,-0.8649197645628077
R4_LHS_03,20260813,V40_A_E5_C9_1T,Y,B2,6.494587843463746,4.2625503127169395e-09,3.054628328058584e-09,0.14415251572215487,-1.50982982257721
R4_LHS_03,20260813,V40_A_E5_C9_1T,Y,B2,6.527893422148176,4.217993510025053e-09,7.284512437699675e-10,0.1430092277648943,-2.1547398805916123
R4_LHS_03,20260813,V40_A_E5_C9_1T,Y,B2,6.561199000832605,4.213486004545075e-09,2.2447617098464434e-09,0.14186593980763376,-2.7996499386060143
R4_LHS_03,20260813,V40_A_E5_C9_1T,Y,B2,6.594504579517034,4.268756903513804e-09,1.030084795239361e-09,0.13471597723420917,-2.6469015791255384
R4_LHS_03,20260813,V40_A_E5_C9_1T,Y,B2,6.627810158201464,4.299161915355398e-09,1.814253081100503e-09,0.12732184089589973,-2.461728080722514
R4_LHS_03,20260813,V40_A_E5_C9_1T,Y,B2,6.661115736885893,4.663260000370428e-09,6.229567417470605e-10,0.11992770455759032,-2.2765545823194895
R4_LHS_03,20260813,V40_A_E5_C9_1T,Y,B2,6.694421315570323,4.718934576430911e-09,1.0301735020590286e-09,0.1125335682192809,-2.0913810839164646
R4_LHS_03,20260813,V40_A_E5_C9_1T,Y,B2,6.727726894254753,4.9551833747329965e-09,1.4668412040563794e-09,0.11065941419976655,-1.8948748215449807
R4_LHS_03,20260813,V40_A_E5_C9_1T,Y,B2,6.761032472939182,5.090178945010848e-09,4.094100614082663e-10,0.12374521226162344,-1.6676551263894126
R4_LHS_03,20260813,V40_A_E5_C9_1T,Y,B2,6.794338051623611,4.951882903725391e-09,4.889289528797747e-10,0.13683101032347997,-1.4404354312338503
R4_LHS_03,20260813,V40_A_E5_C9_1T,Y,B2,6.827643630308041,4.9812380886749e-09,2.018405859116612e-10,0.14991680838533686,-1.2132157360782823
R4_LHS_03,20260813,V40_A_E5_C9_1T,Y,B2,6.86094920899247,4.450914303788522e-09,6.697053467341618e-10,0.16300260644719375,-0.9859960409227141
R4_LHS_03,20260813,V40_A_E5_C9_1T,Y,B2,6.8942547876769,4.083000604282461e-09,9.267334677431904e-10,0.1690472333531495,-0.6959309602260147
R4_LHS_03,20260813,V40_A_E5_C9_1T,Y,B2,6.927560366361329,3.758442002066431e-09,7.043982064303123e-10,0.16995370833452894,-0.36000573332362695
R4_LHS_03,20260813,V40_A_E5_C9_1T,Y,B2,6.960865945045758,3.5601201986423803e-09,8.127286066361705e-10,0.17086018331590838,-0.02408050642124815
R4_LHS_03,20260813,V40_A_E5_C9_1T,Y,B2,6.994171523730188,3.5385536722998268e-09,1.873763366688763e-09,0.17176665829728782,0.31184472048113965
R4_LHS_03,20260813,V40_A_E5_C9_1T,Y,B2,7.027477102414617,3.6151059923383855e-09,1.206654220986536e-09,0.1726731332786673,0.6477699473835274
R4_LHS_03,20260813,V40_A_E5_C9_1T,Y,B2,7.060782681099047,3.626593025884972e-09,2.980284075082551e-10,0.16595553242594466,0.8524703068300473
R4_LHS_03,20260813,V40_A_E5_C9_1T,Y,B2,7.094088259783477,3.7145015951978166e-09,1.8151707914526582e-09,0.1582639306957377,1.040406255896744
R4_LHS_03,20260813,V40_A_E5_C9_1T,Y,B2,7.127393838467906,3.702688822215805e-09,3.8484273545691394e-09,0.15057232896553072,1.2283422049634407
R4_LHS_03,20260813,V40_A_E5_C9_1T,Y,B2,7.160699417152335,3.5022307276477704e-09,8.610068213954492e-10,0.14288072723532397,1.4162781540301324
R4_LHS_03,20260813,V40_A_E5_C9_1T,Y,B2,7.194004995836765,3.4092966227916577e-09,1.8079294727968431e-09,0.1335512451722063,1.6202479436137516
R4_LHS_03,20260813,V40_A_E5_C9_1T,Y,B2,7.227310574521194,3.3404965460448466e-09,3.175523843879091e-09,0.11747369613749678,1.8902771561270881
R4_LHS_03,20260813,V40_A_E5_C9_1T,Y,B2,7.260616153205624,3.4075755550588838e-09,5.407775893750966e-10,0.10139614710278724,2.1603063686404247
R4_LHS_03,20260813,V40_A_E5_C9_1T,Y,B2,7.2939217318900536,3.522899083563402e-09,1.0555842866466492e-09,0.08531859806807773,2.4303355811537615
R4_LHS_03,20260813,V40_A_E5_C9_1T,Y,B2,7.327227310574482,3.876559073745511e-09,1.1476567474133503e-09,0.06924104903336863,2.7003647936670907
R4_LHS_03,20260813,V40_A_E5_C9_1T,Y,B2,7.360532889258912,3.886671873232217e-09,1.76194137058161e-09,0.06303221600240318,2.369519886128803
R4_LHS_03,20260813,V40_A_E5_C9_1T,Y,B2,7.3938384679433415,4.178027257495387e-09,7.522145129001956e-10,0.06653909562628636,1.447116736369158
R4_LHS_03,20260813,V40_A_E5_C9_1T,Y,B2,7.427144046627771,3.849211616113735e-09,8.949224139520595e-10,0.07004597525016956,0.5247135866095127
R4_LHS_03,20260813,V40_A_E5_C9_1T,Y,B2,7.460449625312201,3.6629008715038935e-09,2.0648003307144336e-09,0.07355285487405275,-0.3976895631501325
R4_LHS_03,20260813,V40_A_E5_C9_1T,Y,B2,7.49375520399663,3.4922189584563057e-09,6.238236038846878e-10,0.07705973449793593,-1.3200927129097781
R4_LHS_03,20260813,V40_A_E5_C9_1T,Y,B2,7.527060782681059,3.1475815287507203e-09,1.6377450506865898e-09,0.08416716450457772,-1.5810504101595222
R4_LHS_03,20260813,V40_A_E5_C9_1T,Y,B2,7.560366361365489,3.074152710169642e-09,5.858933338487304e-10,0.09210549075339466,-1.6893668491377831
R4_LHS_03,20260813,V40_A_E5_C9_1T,Y,B2,7.593671940049918,2.867455384247819e-09,9.915445131625233e-10,0.10004381700221161,-1.797683288116044
R4_LHS_03,20260813,V40_A_E5_C9_1T,Y,B2,7.626977518734348,2.899298134906303e-09,4.381389695495841e-10,0.10798214325102856,-1.9059997270943048
R4_LHS_03,20260813,V40_A_E5_C9_1T,Y,B2,7.660283097418778,2.930737208473033e-09,5.144910608656517e-10,0.11597100937495544,-1.9770315878595686
R4_LHS_03,20260813,V40_A_E5_C9_1T,Y,B2,7.693588676103206,3.1128501998267666e-09,4.317214086224652e-10,0.12432669717306702,-1.7774495744983114
R4_LHS_03,20260813,V40_A_E5_C9_1T,Y,B2,7.726894254787636,3.2278286710152315e-09,3.9716580024773407e-10,0.13268238497117882,-1.5778675611370487
R4_LHS_03,20260813,V40_A_E5_C9_1T,Y,B2,7.760199833472066,3.703890971706869e-09,3.7620254134118625e-10,0.14103807276929065,-1.3782855477757865
R4_LHS_03,20260813,V40_A_E5_C9_1T,Y,B2,7.793505412156495,3.945770377100644e-09,4.4220255235316586e-10,0.14939376056740244,-1.1787035344145238
R4_LHS_03,20260813,V40_A_E5_C9_1T,Y,B2,7.826810990840925,4.796429919906586e-09,9.77047664996178e-10,0.16160058988867795,-1.0070785491492293
R4_LHS_03,20260813,V40_A_E5_C9_1T,Y,B2,7.8601165695253545,5.339229947054491e-09,1.956458772767178e-09,0.17891893432251574,-0.8725601648113072
R4_LHS_03,20260813,V40_A_E5_C9_1T,Y,B2,7.893422148209783,6.055544066185803e-09,4.362069594421314e-10,0.19623727875635305,-0.7380417804733885
R4_LHS_03,20260813,V40_A_E5_C9_1T,Y,B2,7.926727726894213,6.235041372093519e-09,1.8552639424740391e-09,0.21355562319019084,-0.6035233961354664
R4_LHS_03,20260813,V40_A_E5_C9_1T,Y,B2,7.9600333055786425,5.702416316921699e-09,1.1516508857667418e-09,0.23087396762402862,-0.46900501179754406
R4_LHS_03,20260813,V40_A_E5_C9_1T,Y,B2,7.993338884263072,5.418097970277813e-09,7.949445546273637e-10,0.2233340178773759,-0.4408523914567837
R4_LHS_03,20260813,V40_A_E5_C9_1T,Y,B2,8.026644462947502,4.818492271851937e-09,3.878348198149695e-10,0.2069818686064233,-0.4504061530621028
R4_LHS_03,20260813,V40_A_E5_C9_1T,Y,B2,8.05995004163193,4.670922315597181e-09,1.7163651611085129e-09,0.19062971933547118,-0.4599599146674217
R4_LHS_03,20260813,V40_A_E5_C9_1T,Y,B2,8.093255620316361,4.001082576365889e-09,6.992084133905507e-10,0.17427757006451816,-0.46951367627274104
R4_LHS_03,20260813,V40_A_E5_C9_1T,Y,B2,8.12656119900079,3.4630782685951544e-09,4.3583869846486323e-10,0.15828381424194377,-0.4754743115242876
R4_LHS_03,20260813,V40_A_E5_C9_1T,Y,B2,8.159866777685219,3.0166240616580353e-09,1.2752451317155078e-09,0.14957739186971827,-0.4083747109157869
R4_LHS_03,20260813,V40_A_E5_C9_1T,Y,B2,8.193172356369649,2.7303237448705886e-09,2.0292079128125806e-09,0.14087096949749234,-0.34127511030728275
R4_LHS_03,20260813,V40_A_E5_C9_1T,Y,B2,8.226477935054078,2.697301493270743e-09,1.3107854801575058e-09,0.13216454712526685,-0.27417550969878207
R4_LHS_03,20260813,V40_A_E5_C9_1T,Y,B2,8.259783513738508,2.6526021379424947e-09,1.697510021436699e-09,0.12345812475304091,-0.20707590909027784
R4_LHS_03,20260813,V40_A_E5_C9_1T,Y,B2,8.293089092422937,2.5621151866772607e-09,1.1711164260574947e-09,0.12484712732473514,-0.016018643392107845
R4_LHS_03,20260813,V40_A_E5_C9_1T,Y,B2,8.326394671107368,2.558376177574928e-09,6.056454782132903e-10,0.1445410212782607,0.39979702604007383
R4_LHS_03,20260813,V40_A_E5_C9_1T,Y,B2,8.359700249791796,2.6324746826844603e-09,5.431593508298249e-10,0.16423491523178524,0.8156126954722334
R4_LHS_03,20260813,V40_A_E5_C9_1T,Y,B2,8.393005828476225,2.704059420821636e-09,6.281515863015841e-10,0.18392880918530974,1.231428364904393
R4_LHS_03,20260813,V40_A_E5_C9_1T,Y,B2,8.426311407160656,2.6927613472338408e-09,7.359837184139906e-10,0.20362270313883532,1.6472440343365746
R4_LHS_03,20260813,V40_A_E5_C9_1T,Y,B2,8.459616985845084,2.5843753803656e-09,3.1874944350640533e-10,0.19622387685545487,1.208088632527243
R4_LHS_03,20260813,V40_A_E5_C9_1T,Y,B2,8.492922564529515,2.602098758686111e-09,3.4911973312290456e-10,0.17511932151105114,0.3364184535015937
R4_LHS_03,20260813,V40_A_E5_C9_1T,Y,B2,8.526228143213944,2.4848323398884986e-09,6.37889518984025e-10,0.15401476616664853,-0.5352517255240095
R4_LHS_03,20260813,V40_A_E5_C9_1T,Y,B2,8.559533721898372,2.3733286447225055e-09,4.320504509713885e-10,0.1329102108222459,-1.4069219045496122
R4_LHS_03,20260813,V40_A_E5_C9_1T,Y,B2,8.592839300582803,2.1754043011412705e-09,2.19234719267547e-09,0.11180565547784219,-2.278592083575262
R4_LHS_03,20260813,V40_A_E5_C9_1T,Y,B2,8.626144879267232,2.0412087575749638e-09,3.3512599362239825e-09,0.10931928908695883,-1.8146332709163637
R4_LHS_03,20260813,V40_A_E5_C9_1T,Y,B2,8.659450457951662,1.97447524996619e-09,1.1126380927706236e-09,0.10735632559838236,-1.3131266552784118
R4_LHS_03,20260813,V40_A_E5_C9_1T,Y,B2,8.69275603663609,1.986393272090936e-09,5.7981797141337665e-09,0.105393362109806,-0.8116200396404865
R4_LHS_03,20260813,V40_A_E5_C9_1T,Y,B2,8.72606161532052,2.054332259859848e-09,6.736927016248728e-09,0.10343039862122963,-0.31011342400256137
R4_LHS_03,20260813,V40_A_E5_C9_1T,Y,B2,8.75936719400495,2.1374102487925484e-09,1.906285351793713e-09,0.10160140756464915,0.09439518868141746
R4_LHS_03,20260813,V40_A_E5_C9_1T,Y,B2,8.792672772689379,2.1128367944101e-09,4.7963730764877255e-09,0.10011479050094738,0.2510200160385714
R4_LHS_03,20260813,V40_A_E5_C9_1T,Y,B2,8.82597835137381,1.9827195441024514e-09,7.765451393026979e-09,0.09862817343724553,0.40764484339573365
R4_LHS_03,20260813,V40_A_E5_C9_1T,Y,B2,8.859283930058238,1.886218514712823e-09,1.5516101736778865e-09,0.09714155637354376,0.5642696707528876
R4_LHS_03,20260813,V40_A_E5_C9_1T,Y,B2,8.892589508742669,1.8669763512946247e-09,1.7891157444438477e-09,0.0956549393098419,0.7208944981100498
R4_LHS_03,20260813,V40_A_E5_C9_1T,Y,B2,8.925895087427097,1.891357070959998e-09,2.992972314430631e-09,0.09786525785575617,0.2916741958763979
R4_LHS_03,20260813,V40_A_E5_C9_1T,Y,B2,8.959200666111526,1.9678576546056092e-09,1.6945941316848234e-09,0.10264629321630356,-0.5449218587216356
R4_LHS_03,20260813,V40_A_E5_C9_1T,Y,B2,8.992506244795957,2.145059241343006e-09,8.511385485299172e-10,0.10742732857685121,-1.3815179133197137
R4_LHS_03,20260813,V40_A_E5_C9_1T,Y,B2,9.025811823480385,2.407811949822758e-09,2.5289084160107222e-09,0.11220836393739861,-2.2181139679177475
R4_LHS_03,20260813,V40_A_E5_C9_1T,Y,B2,9.059117402164816,2.5586004426259024e-09,3.5727194536150364e-09,0.11698939929794626,-3.0547100225158257
R4_LHS_03,20260813,V40_A_E5_C9_1T,Y,B2,9.092422980849244,2.489220829460237e-09,1.3554638522705886e-09,0.12097321409766229,-3.0551181802344645
R4_LHS_03,20260813,V40_A_E5_C9_1T,Y,B2,9.125728559533673,2.347659400214752e-09,3.684402782866414e-09,0.12486690831224091,-2.9610007496102466
R4_LHS_03,20260813,V40_A_E5_C9_1T,Y,B2,9.159034138218104,2.163836887447701e-09,3.815241456095464e-09,0.12876060252681973,-2.8668833189860234
R4_LHS_03,20260813,V40_A_E5_C9_1T,Y,B2,9.192339716902532,2.0477963769138796e-09,5.368834821162238e-10,0.13265429674139834,-2.7727658883618056
R4_LHS_03,20260813,V40_A_E5_C9_1T,Y,B2,9.225645295586963,1.9230355086108375e-09,1.2464532739286938e-09,0.13376040725063765,-2.650371101575516
R4_LHS_03,20260813,V40_A_E5_C9_1T,Y,B2,9.258950874271392,1.783978964553512e-09,1.1999476967616829e-09,0.12418954620924094,-2.419668705338337
R4_LHS_03,20260813,V40_A_E5_C9_1T,Y,B2,9.29225645295582,1.7085152181905983e-09,3.9344968949528436e-10,0.11461868516784421,-2.1889663091011577
R4_LHS_03,20260813,V40_A_E5_C9_1T,Y,B2,9.325562031640251,1.6799828195246391e-09,1.1310645753326298e-09,0.10504782412644699,-1.9582639128639667
R4_LHS_03,20260813,V40_A_E5_C9_1T,Y,B2,9.35886761032468,1.6552047510387524e-09,8.523070582633352e-10,0.09547696308505027,-1.727561516626788
R4_LHS_03,20260813,V40_A_E5_C9_1T,Y,B2,9.39217318900911,1.6407504244142501e-09,3.0391693606190984e-09,0.08963866366211512,-1.3175082130296938
R4_LHS_03,20260813,V40_A_E5_C9_1T,Y,B2,9.425478767693539,1.6554448922789788e-09,2.9133415679893915e-09,0.08730671000197761,-0.7389737540339443
R4_LHS_03,20260813,V40_A_E5_C9_1T,Y,B2,9.458784346377968,1.6296493043910232e-09,2.8819169273219813e-09,0.0849747563418401,-0.16043929503819454
R4_LHS_03,20260813,V40_A_E5_C9_1T,Y,B2,9.492089925062398,1.6013058656838552e-09,2.29664887108072e-09,0.08264280268170246,0.41809516395758584
R4_LHS_03,20260813,V40_A_E5_C9_1T,Y,B2,9.525395503746827,1.596095033917777e-09,4.273940756860384e-09,0.08031084902156495,0.9966296229533356
R4_LHS_03,20260813,V40_A_E5_C9_1T,Y,B2,9.558701082431257,1.5920288420900874e-09,3.875430643063282e-09,0.08536477996770027,1.3278569343385995
R4_LHS_03,20260813,V40_A_E5_C9_1T,Y,B2,9.592006661115686,1.5921756135739429e-09,2.2224941886861416e-09,0.0919938995739405,1.6063410151908113
R4_LHS_03,20260813,V40_A_E5_C9_1T,Y,B2,9.625312239800117,1.5805704522975361e-09,7.654604727846959e-10,0.09862301918018107,1.8848250960430382
R4_LHS_03,20260813,V40_A_E5_C9_1T,Y,B2,9.658617818484545,1.6075711872787224e-09,1.8175375648965542e-09,0.1052521387864213,2.1633091768952504
R4_LHS_03,20260813,V40_A_E5_C9_1T,Y,B2,9.691923397168974,1.6297998506331624e-09,2.6489601623325143e-09,0.11228059829646204,2.2706898654331087
R4_LHS_03,20260813,V40_A_E5_C9_1T,Y,B2,9.725228975853405,1.6410355296869739e-09,8.704216791777242e-10,0.12191651247249491,1.2608660512124992
R4_LHS_03,20260813,V40_A_E5_C9_1T,Y,B2,9.758534554537833,1.6678644021439482e-09,5.25986421084923e-10,0.13155242664852726,0.25104223699194383
R4_LHS_03,20260813,V40_A_E5_C9_1T,Y,B2,9.791840133222264,1.6579149164641649e-09,1.9048373989249967e-09,0.14118834082456014,-0.7587815772286652
R4_LHS_03,20260813,V40_A_E5_C9_1T,Y,B2,9.825145711906693,1.6734726937528421e-09,8.638113002668035e-10,0.1508242550005925,-1.7686053914492206
R4_LHS_03,20260813,V40_A_E5_C9_1T,Y,B2,9.858451290591121,1.6415671044711644e-09,5.090772248195208e-10,0.17308131483174963,-2.104180766171846
R4_LHS_03,20260813,V40_A_E5_C9_1T,Y,B2,9.891756869275552,1.6048510298460883e-09,1.3548296928789227e-09,0.21131026695213534,-1.5865036909104533
R4_LHS_03,20260813,V40_A_E5_C9_1T,Y,B2,9.92506244795998,1.5885212034660867e-09,1.3964072120842275e-09,0.24953921907251903,-1.0688266156490884
R4_LHS_03,20260813,V40_A_E5_C9_1T,Y,B2,9.958368026644411,1.5738871317338976e-09,5.223702026491139e-10,0.2877681711929047,-0.551149540387696
R4_LHS_03,20260813,V40_A_E5_C9_1T,Y,B2,9.99167360532884,1.5707197764669445e-09,3.040343088400732e-09,0.3259971233132884,-0.0334724651263314
R4_LHS_03,20260813,V40_A_E5_C9_1T,Y,B2,10.024979184013269,1.5671026698527157e-09,1.2064133025901924e-09,0.2927519441345752,-0.021677327481136932
R4_LHS_03,20260813,V40_A_E5_C9_1T,Y,B2,10.0582847626977,1.5768562011686527e-09,9.805501965942653e-10,0.23568205452282848,-0.1785095023746624
R4_LHS_03,20260813,V40_A_E5_C9_1T,Y,B2,10.091590341382128,1.5848798939899211e-09,4.602962899724616e-09,0.17861216491108478,-0.3353416772681795
R4_LHS_03,20260813,V40_A_E5_C9_1T,Y,B2,10.124895920066558,1.5720829082965793e-09,4.448042822957632e-09,0.12154227529933803,-0.49217385216170495
R4_LHS_03,20260813,V40_A_E5_C9_1T,Y,B2,10.158201498750987,1.5604709746597223e-09,1.231231894216478e-09,0.06787259378575167,-0.6309241174683794
R4_LHS_03,20260813,V40_A_E5_C9_1T,Y,B2,10.191507077435418,1.574216312860699e-09,6.6311831581344904e-09,0.06883292238256718,-0.47915836874640205
R4_LHS_03,20260813,V40_A_E5_C9_1T,Y,B2,10.224812656119846,1.594393617132539e-09,9.82498704615864e-09,0.06979325097938265,-0.32739262002443287
R4_LHS_03,20260813,V40_A_E5_C9_1T,Y,B2,10.258118234804275,1.6558543425304606e-09,2.086358419362e-09,0.0707535795761981,-0.17562687130246363
R4_LHS_03,20260813,V40_A_E5_C9_1T,Y,B2,10.291423813488706,1.6989518680787796e-09,3.1704572300839118e-09,0.07171390817301362,-0.023861122580486338
R4_LHS_03,20260813,V40_A_E5_C9_1T,Y,B2,10.324729392173134,1.8241965715759534e-09,1.0931650251677638e-08,0.07381590045089037,0.16112480774757942
R4_LHS_03,20260813,V40_A_E5_C9_1T,Y,B2,10.358034970857565,1.8782548849571867e-09,5.496464616783214e-09,0.07788544077485146,0.40336254041807357
R4_LHS_03,20260813,V40_A_E5_C9_1T,Y,B2,10.391340549541994,1.8678365520941043e-09,2.409429100680427e-09,0.08195498109881234,0.6456002730885548
R4_LHS_03,20260813,V40_A_E5_C9_1T,Y,B2,10.424646128226422,1.8235112309028523e-09,7.774210608602061e-09,0.08602452142277323,0.887838005759036
R4_LHS_03,20260813,V40_A_E5_C9_1T,Y,B2,10.457951706910853,1.7196825075060929e-09,3.5457285996187693e-09,0.09009406174673432,1.1300757384295301
R4_LHS_03,20260813,V40_A_E5_C9_1T,Y,B2,10.491257285595282,1.693803319824383e-09,1.8414955116341503e-09,0.09408631226626361,1.3127115633366597
R4_LHS_03,20260813,V40_A_E5_C9_1T,Y,B2,10.524562864279712,1.6258041579675364e-09,3.973360751530208e-09,0.09804148155014096,1.4667522533053114
R4_LHS_03,20260813,V40_A_E5_C9_1T,Y,B2,10.557868442964141,1.5636121286632942e-09,1.998181398121801e-09,0.10199665083401811,1.620792943273955
R4_LHS_03,20260813,V40_A_E5_C9_1T,Y,B2,10.59117402164857,1.5283347920558299e-09,2.500212259448631e-10,0.10595182011789525,1.7748336332425985
R4_LHS_03,20260813,V40_A_E5_C9_1T,Y,B2,10.624479600333,1.5186251145493657e-09,8.331383916093671e-10,0.1099069894017726,1.9288743232112502
R4_LHS_03,20260813,V40_A_E5_C9_1T,Y,B2,10.657785179017429,1.510834235496361e-09,6.643362526759233e-10,0.11897550363847367,1.8465281744781472
R4_LHS_03,20260813,V40_A_E5_C9_1T,Y,B2,10.69109075770186,1.4932245440135716e-09,4.5680742521980733e-10,0.12812518208077542,1.760429853702164
R4_LHS_03,20260813,V40_A_E5_C9_1T,Y,B2,10.724396336386288,1.4753541721646002e-09,5.331953767395703e-10,0.13727486052307666,1.6743315329261854
R4_LHS_03,20260813,V40_A_E5_C9_1T,Y,B2,10.757701915070717,1.4725802799375742e-09,3.614913646199369e-10,0.1464245389653779,1.5882332121502067
R4_LHS_03,20260813,V40_A_E5_C9_1T,Y,B2,10.791007493755147,1.4523022784374007e-09,1.6356573040443578e-10,0.1557909525329129,1.6148081941469659
R4_LHS_03,20260813,V40_A_E5_C9_1T,Y,B2,10.824313072439576,1.4249675883704072e-09,4.3062980958907815e-10,0.16568042020267687,1.913301413501926
R4_LHS_03,20260813,V40_A_E5_C9_1T,Y,B2,10.857618651124007,1.4230689959759957e-09,5.217699050596991e-10,0.17556988787244138,2.211794632856902
R4_LHS_03,20260813,V40_A_E5_C9_1T,Y,B2,10.890924229808435,1.4279081250734293e-09,5.796929047896526e-10,0.18545935554220533,2.510287852211862
R4_LHS_03,20260813,V40_A_E5_C9_1T,Y,B2,10.924229808492866,1.4349009758163334e-09,5.350903609091517e-10,0.19534882321196984,2.8087810715668375
R4_LHS_03,20260813,V40_A_E5_C9_1T,Y,B2,10.957535387177295,1.4175224327672709e-09,2.1793820081938975e-09,0.19231100117385994,2.201611721346876
R4_LHS_03,20260813,V40_A_E5_C9_1T,Y,B2,10.990840965861723,1.41759182170631e-09,1.1351858342223409e-09,0.18071094829027692,0.9945879419280652
R4_LHS_03,20260813,V40_A_E5_C9_1T,Y,B2,11.024146544546154,1.41685874144315e-09,5.051868368077805e-10,0.16911089540669327,-0.21243583749080974
R4_LHS_03,20260813,V40_A_E5_C9_1T,Y,B2,11.057452123230583,1.413338335254366e-09,2.729528825184957e-09,0.15751084252311023,-1.419459616909621
R4_LHS_03,20260813,V40_A_E5_C9_1T,Y,B2,11.090757701915013,1.4070273834931868e-09,1.4429986094910419e-09,0.14591078963952658,-2.6264833963284957
R4_LHS_03,20260813,V40_A_E5_C9_1T,Y,B2,11.124063280599442,1.4017007554656402e-09,6.959890441748939e-10,0.1411210604874319,-2.685249672047204
R4_LHS_03,20260813,V40_A_E5_C9_1T,Y,B2,11.15736885928387,1.4126994019036943e-09,1.8599822793063936e-09,0.13700359505132076,-2.6306686405337523
R4_LHS_03,20260813,V40_A_E5_C9_1T,Y,B2,11.190674437968301,1.4141942061840496e-09,2.493393269631383e-10,0.13288612961520943,-2.576087609020298
R4_LHS_03,20260813,V40_A_E5_C9_1T,Y,B2,11.22398001665273,1.408368532906934e-09,1.9327950351311074e-10,0.12876866417909832,-2.5215065775068464
R4_LHS_03,20260813,V40_A_E5_C9_1T,Y,B2,11.25728559533716,1.4085057564727776e-09,5.491438970217644e-10,0.13028598949623466,-2.4492909946012777
R4_LHS_03,20260813,V40_A_E5_C9_1T,Y,B2,11.29059117402159,1.4019950755894683e-09,5.437581496181565e-10,0.1519275675035343,-2.314094871009613
R4_LHS_03,20260813,V40_A_E5_C9_1T,Y,B2,11.323896752706018,1.3976143575789024e-09,6.836126109632801e-10,0.17356914551083397,-2.178898747417948
R4_LHS_03,20260813,V40_A_E5_C9_1T,Y,B2,11.357202331390448,1.3817086363943076e-09,1.2002246974063269e-09,0.19521072351813476,-2.0437026238262765
R4_LHS_03,20260813,V40_A_E5_C9_1T,Y,B2,11.390507910074877,1.367295276999414e-09,6.980316880067505e-10,0.2168523015254344,-1.9085065002346115
R4_LHS_03,20260813,V40_A_E5_C9_1T,Y,B2,11.423813488759308,1.3505799811852626e-09,4.846130163826956e-10,0.2373593402941168,-1.7116730191824654
R4_LHS_03,20260813,V40_A_E5_C9_1T,Y,B2,11.457119067443736,1.3342608129462974e-09,1.041681629843083e-09,0.25684949574522165,-1.459594202925021
R4_LHS_03,20260813,V40_A_E5_C9_1T,Y,B2,11.490424646128167,1.3355907491074959e-09,9.455293215054894e-10,0.2763396511963276,-1.2075153866675634
R4_LHS_03,20260813,V40_A_E5_C9_1T,Y,B2,11.523730224812596,1.3248220298578417e-09,1.2145670025276445e-09,0.2958298066474325,-0.9554365704101192
R4_LHS_03,20260813,V40_A_E5_C9_1T,Y,B2,11.557035803497024,1.316731057521281e-09,1.171346686312802e-09,0.3153199620985374,-0.703357754152675
R4_LHS_03,20260813,V40_A_E5_C9_1T,Y,B2,11.590341382181455,1.324351628362308e-09,5.783393763891809e-10,0.281233817289312,-0.3210378900654003
R4_LHS_03,20260813,V40_A_E5_C9_1T,Y,B2,11.623646960865884,1.3299906731489841e-09,7.246206412681033e-10,0.23663269766264305,0.0868433011660169
R4_LHS_03,20260813,V40_A_E5_C9_1T,Y,B2,11.656952539550314,1.3458968384227887e-09,4.137143405635868e-10,0.19203157803597173,0.49472449239745586
R4_LHS_03,20260813,V40_A_E5_C9_1T,Y,B2,11.690258118234743,1.3328415038316166e-09,6.962647680630596e-10,0.1474304584093028,0.902605683628873
R4_LHS_03,20260813,V40_A_E5_C9_1T,Y,B2,11.723563696919172,1.31951771731309e-09,1.6342723840878648e-09,0.11080027157619134,1.2693406167772785
R4_LHS_03,20260813,V40_A_E5_C9_1T,Y,B2,11.756869275603602,1.3049727964897784e-09,4.4269823917808537e-10,0.12134938965629913,1.3925341845154309
R4_LHS_03,20260813,V40_A_E5_C9_1T,Y,B2,11.790174854288031,1.2882830358051933e-09,7.586745121024308e-10,0.13189850773640635,1.5157277522535768
R4_LHS_03,20260813,V40_A_E5_C9_1T,Y,B2,11.823480432972461,1.2798838655569966e-09,2.6095579030993576e-09,0.14244762581651416,1.6389213199917294
R4_LHS_03,20260813,V40_A_E5_C9_1T,Y,B2,11.85678601165689,1.2665978266213074e-09,2.249250341535003e-09,0.15299674389662138,1.7621148877298753
R4_LHS_03,20260813,V40_A_E5_C9_1T,Y,B2,11.890091590341319,1.267465465915052e-09,6.439573874139626e-10,0.15970624093707658,1.8496574863208333
R4_LHS_03,20260813,V40_A_E5_C9_1T,Y,B2,11.92339716902575,1.2690339890042424e-09,3.4584661801062566e-09,0.161781712584849,1.8941730531824341
R4_LHS_03,20260813,V40_A_E5_C9_1T,Y,B2,11.956702747710178,1.269526705982571e-09,2.1201955746619205e-09,0.1638571842326213,1.9386886200440325
R4_LHS_03,20260813,V40_A_E5_C9_1T,Y,B2,11.990008326394609,1.2747473077112659e-09,6.554846249118285e-11,0.16593265588039371,1.9832041869056334
R4_LHS_03,20260813,V40_A_E5_C9_1T,Y,B2,12.023313905079037,1.2823416772889118e-09,1.6518896250872217e-09,0.16800812752816605,2.027719753767232
R4_LHS_03,20260813,V40_A_E5_C9_1T,Y,B2,12.056619483763466,1.2906449242677809e-09,2.711059376991898e-09,0.176078862827783,2.200171440864582
R4_LHS_03,20260813,V40_A_E5_C9_1T,Y,B2,12.089925062447897,1.2997805054482114e-09,3.673555903915826e-10,0.18602503957746466,2.4126441707023556
R4_LHS_03,20260813,V40_A_E5_C9_1T,Y,B2,12.123230641132325,1.3019996192298322e-09,1.1198788563149265e-09,0.19597121632714576,2.6251169005401174
R4_LHS_03,20260813,V40_A_E5_C9_1T,Y,B2,12.156536219816756,1.2803418325546545e-09,1.7605855662239378e-09,0.20591739307682738,2.8375896303778907
R4_LHS_03,20260813,V40_A_E5_C9_1T,Y,B2,12.189841798501185,1.2626185652564459e-09,3.17400217220154e-10,0.21378672254472564,3.0322313884414287
R4_LHS_03,20260813,V40_A_E5_C9_1T,Y,B2,12.223147377185615,1.2335287236098225e-09,2.2285179257508503e-10,0.19419551573129085,2.9911080752681607
R4_LHS_03,20260813,V40_A_E5_C9_1T,Y,B2,12.256452955870044,1.2087207901245733e-09,1.8184261041387373e-10,0.1746043089178571,2.9499847620948945
R4_LHS_03,20260813,V40_A_E5_C9_1T,Y,B2,12.289758534554473,1.2120845438445826e-09,5.700619976067856e-10,0.15501310210442334,2.9088614489216287
R4_LHS_03,20260813,V40_A_E5_C9_1T,Y,B2,12.323064113238903,1.2304346430624946e-09,3.7110067796497503e-10,0.13542189529098858,2.8677381357483607
R4_LHS_03,20260813,V40_A_E5_C9_1T,Y,B2,12.356369691923332,1.2180535469141773e-09,2.2905347063506554e-10,0.12542046936574736,2.3734550801641414
R4_LHS_03,20260813,V40_A_E5_C9_1T,Y,B2,12.389675270607762,1.2095537904599496e-09,1.1588677240048639e-10,0.13113837499950085,1.13636378701971
R4_LHS_03,20260813,V40_A_E5_C9_1T,Y,B2,12.422980849292191,1.1899654595026732e-09,2.2532627153015738e-10,0.13685628063325406,-0.10072750612465553
R4_LHS_03,20260813,V40_A_E5_C9_1T,Y,B2,12.45628642797662,1.1813136024940718e-09,1.3981011903752005e-09,0.14257418626700724,-1.3378187992690211
R4_LHS_03,20260813,V40_A_E5_C9_1T,Y,B2,12.48959200666105,1.1876671868193966e-09,5.241763689767254e-10,0.14829209190076073,-2.574910092413452
R4_LHS_03,20260813,V40_A_E5_C9_1T,Y,B2,12.52289758534548,1.176542863134955e-09,3.7626521343092634e-10,0.1455143447298489,-2.327137697745486
R4_LHS_03,20260813,V40_A_E5_C9_1T,Y,B2,12.55620316402991,1.175399999553406e-09,9.292448477360438e-10,0.13887493719318086,-1.4044272631629522
R4_LHS_03,20260813,V40_A_E5_C9_1T,Y,B2,12.589508742714338,1.2010443750654076e-09,2.3041488161901214e-10,0.1322355296565132,-0.4817168285804678
R4_LHS_03,20260813,V40_A_E5_C9_1T,Y,B2,12.622814321398767,1.2318696063218226e-09,3.4092192957579925e-10,0.12559612211984553,0.4409936060020163
R4_LHS_03,20260813,V40_A_E5_C9_1T,Y,B2,12.656119900083198,1.248943282128323e-09,2.9952579305714266e-10,0.11895671458317751,1.3637040405845502
R4_LHS_03,20260813,V40_A_E5_C9_1T,Y,B2,12.689425478767626,1.2400200866125033e-09,2.1476986855617497e-10,0.14081176921886587,1.280291845161253
R4_LHS_03,20260813,V40_A_E5_C9_1T,Y,B2,12.722731057452057,1.2326369924764435e-09,2.2494281437523966e-10,0.1627785668434656,1.1929340707967888
R4_LHS_03,20260813,V40_A_E5_C9_1T,Y,B2,12.756036636136486,1.252881132174366e-09,6.645591299481168e-10,0.1847453644680641,1.1055762964323292
R4_LHS_03,20260813,V40_A_E5_C9_1T,Y,B2,12.789342214820916,1.2320691133993478e-09,6.319826328926581e-10,0.20671216209266383,1.018218522067865
R4_LHS_03,20260813,V40_A_E5_C9_1T,Y,B2,12.822647793505345,1.2032518315052698e-09,1.3614792626626127e-10,0.21830744656744236,1.0015937376776718
R4_LHS_03,20260813,V40_A_E5_C9_1T,Y,B2,12.855953372189774,1.1733451987794297e-09,2.9216531971520965e-11,0.2062344061618642,1.1463852637415615
R4_LHS_03,20260813,V40_A_E5_C9_1T,Y,B2,12.889258950874204,1.1488607842835563e-09,1.0054126281522358e-10,0.1941613657562854,1.291176789805459
R4_LHS_03,20260813,V40_A_E5_C9_1T,Y,B2,12.922564529558633,1.1303005198470828e-09,4.684712617830655e-10,0.1820883253507072,1.4359683158693488
R4_LHS_03,20260813,V40_A_E5_C9_1T,Y,B2,12.955870108243063,1.1167010649515419e-09,2.3841198459884083e-10,0.1700152849451284,1.5807598419332463
R4_LHS_03,20260813,V40_A_E5_C9_1T,Y,B2,12.989175686927492,1.114964898185633e-09,1.3503760609712145e-10,0.17070528150200376,1.7646327920003761
R4_LHS_03,20260813,V40_A_E5_C9_1T,Y,B2,13.02248126561192,1.110984304553142e-09,3.2142030703674607e-10,0.1794433077358386,1.9731494425536202
R4_LHS_03,20260813,V40_A_E5_C9_1T,Y,B2,13.055786844296351,1.105965319325719e-09,2.842552859760872e-10,0.1881813339696739,2.181666093106876
R4_LHS_03,20260813,V40_A_E5_C9_1T,Y,B2,13.08909242298078,1.1097798235937262e-09,1.0684654272452576e-09,0.19691936020350875,2.39018274366012
R4_LHS_03,20260813,V40_A_E5_C9_1T,Y,B2,13.12239800166521,1.1072963657099422e-09,1.2515439795635075e-09,0.20565738643734408,2.598699394213375
R4_LHS_03,20260813,V40_A_E5_C9_1T,Y,B2,13.15570358034964,1.1035675706594361e-09,9.292586838904882e-11,0.19785166325219752,2.6836341572840157
R4_LHS_03,20260813,V40_A_E5_C9_1T,Y,B2,13.189009159034068,1.1180582015768437e-09,2.3642637847487435e-10,0.18864392740442595,2.758095879042575
R4_LHS_03,20260813,V40_A_E5_C9_1T,Y,B2,13.222314737718499,1.1184110304540695e-09,1.281886596871118e-09,0.17943619155665388,2.8325576008011386
R4_LHS_03,20260813,V40_A_E5_C9_1T,Y,B2,13.255620316402927,1.1070158123516194e-09,1.0971369368562023e-09,0.17022845570888231,2.907019322559698
R4_LHS_03,20260813,V40_A_E5_C9_1T,Y,B2,13.288925895087358,1.1228042939848137e-09,8.476035845417229e-11,0.16515884598675265,2.693517736550807
R4_LHS_03,20260813,V40_A_E5_C9_1T,Y,B2,13.322231473771787,1.1290892665272168e-09,1.0640068826006654e-09,0.17390636926040784,1.518511546640738
R4_LHS_03,20260813,V40_A_E5_C9_1T,Y,B2,13.355537052456215,1.1290215429227146e-09,5.550676029919543e-10,0.18265389253406303,0.34350535673066895
R4_LHS_03,20260813,V40_A_E5_C9_1T,Y,B2,13.388842631140646,1.1271782396349295e-09,2.3739354926277656e-10,0.19140141580771866,-0.8315008331794629
R4_LHS_03,20260813,V40_A_E5_C9_1T,Y,B2,13.422148209825075,1.1244066788762552e-09,4.43984404796538e-10,0.20014893908137385,-2.006507023089532
R4_LHS_03,20260813,V40_A_E5_C9_1T,Y,B2,13.455453788509505,1.133079519100022e-09,7.335689833354309e-10,0.2058549702887135,-2.4590359947067957
R4_LHS_03,20260813,V40_A_E5_C9_1T,Y,B2,13.488759367193934,1.1144604128432434e-09,9.290348351731481e-11,0.2089603053813771,-2.293794591262078
R4_LHS_03,20260813,V40_A_E5_C9_1T,Y,B2,13.522064945878364,1.1045306891332984e-09,3.495856382151885e-10,0.21206564047404092,-2.128553187817351
R4_LHS_03,20260813,V40_A_E5_C9_1T,Y,B2,13.555370524562793,1.0795864202606253e-09,2.1106728864683788e-10,0.21517097556670453,-1.963311784372633
R4_LHS_03,20260813,V40_A_E5_C9_1T,Y,B2,13.588676103247222,1.0701327601836397e-09,1.8105543453383888e-10,0.21827631065936814,-1.7980703809279153
R4_LHS_03,20260813,V40_A_E5_C9_1T,Y,B2,13.621981681931652,1.0644654047098356e-09,1.9385028304785834e-10,0.23004755697877743,-1.8199938369928874
R4_LHS_03,20260813,V40_A_E5_C9_1T,Y,B2,13.655287260616081,1.056634668650247e-09,2.3211015054425133e-10,0.24337627121451325,-1.8755552171171965
R4_LHS_03,20260813,V40_A_E5_C9_1T,Y,B2,13.688592839300512,1.0501338687518569e-09,1.0370924258262804e-10,0.2567049854502498,-1.9311165972415083
R4_LHS_03,20260813,V40_A_E5_C9_1T,Y,B2,13.72189841798494,1.0608722789129388e-09,1.4423569283383841e-10,0.27003369968598556,-1.9866779773658174
R4_LHS_03,20260813,V40_A_E5_C9_1T,Y,B2,13.755203996669369,1.057065546206104e-09,3.126320868851451e-10,0.28085819549306446,-2.0157652830303365
R4_LHS_03,20260813,V40_A_E5_C9_1T,Y,B2,13.7885095753538,1.0323194521433265e-09,4.63864641142564e-10,0.2781599117853956,-1.901892586611983
R4_LHS_03,20260813,V40_A_E5_C9_1T,Y,B2,13.821815154038228,1.0265855943103475e-09,8.442013060827591e-11,0.27546162807772695,-1.7880198901936355
R4_LHS_03,20260813,V40_A_E5_C9_1T,Y,B2,13.855120732722659,1.0433870434312098e-09,1.0217414414537274e-10,0.2727633443700581,-1.6741471937752819
R4_LHS_03,20260813,V40_A_E5_C9_1T,Y,B2,13.888426311407088,1.04780673026994e-09,1.644500091657619e-10,0.2700650606623894,-1.5602744973569345
R4_LHS_03,20260813,V40_A_E5_C9_1T,Y,B2,13.921731890091516,1.0440237563358323e-09,1.2188346165675767e-10,0.2667482047404575,-1.3278111231689282
R4_LHS_03,20260813,V40_A_E5_C9_1T,Y,B2,13.955037468775947,1.0505135650262787e-09,2.811453292395072e-10,0.2627192110592477,-0.958818985498203
R4_LHS_03,20260813,V40_A_E5_C9_1T,Y,B2,13.988343047460376,1.0659650939714993e-09,3.621705990664026e-10,0.25869021737803816,-0.5898268478274975
R4_LHS_03,20260813,V40_A_E5_C9_1T,Y,B2,14.021648626144806,1.0870147004737873e-09,5.457014007337335e-11,0.2546612236968284,-0.22083471015677247
R4_LHS_03,20260813,V40_A_E5_C9_1T,Y,B2,14.054954204829235,1.0661208582618542e-09,1.034971414126673e-10,0.25063223001561885,0.14815742751393302
R4_LHS_03,20260813,V40_A_E5_C9_1T,Y,B2,14.088259783513664,1.0595604393870417e-09,1.114516187672443e-10,0.24022238749350042,0.33204126766232206
R4_LHS_03,20260813,V40_A_E5_C9_1T,Y,B2,14.121565362198094,1.0540512906942467e-09,4.1209161083521906e-10,0.22794340743212532,0.4617014651021638
R4_LHS_03,20260813,V40_A_E5_C9_1T,Y,B2,14.154870940882523,1.0349449075519601e-09,1.1005719252610291e-10,0.2156644273707509,0.5913616625419987
R4_LHS_03,20260813,V40_A_E5_C9_1T,Y,B2,14.188176519566953,1.0280062356926578e-09,5.706772207569877e-11,0.2033854473093758,0.7210218599818405
R4_LHS_03,20260813,V40_A_E5_C9_1T,Y,B2,14.221482098251382,1.028002682978979e-09,3.932391912098154e-11,0.19063538095163887,0.8113072085737741
R4_LHS_03,20260813,V40_A_E5_C9_1T,Y,B2,14.254787676935813,1.043706565617697e-09,3.9841724364109155e-10,0.1726136346108002,0.4609692486299031
R4_LHS_03,20260813,V40_A_E5_C9_1T,Y,B2,14.288093255620241,1.0553224960574425e-09,8.521389149862557e-10,0.15459188826996248,0.11063128868605066
R4_LHS_03,20260813,V40_A_E5_C9_1T,Y,B2,14.32139883430467,1.0389651361464303e-09,1.1727753490564652e-10,0.13657014192912478,-0.23970667125780176
R4_LHS_03,20260813,V40_A_E5_C9_1T,Y,B2,14.3547044129891,1.0224620039522847e-09,1.9063674250308082e-10,0.1185483955882861,-0.5900446312016727
R4_LHS_03,20260813,V40_A_E5_C9_1T,Y,B2,14.38800999167353,1.029944352026746e-09,1.842407476582153e-10,0.10751153381663893,-0.8396733674181208
R4_LHS_03,20260813,V40_A_E5_C9_1T,Y,B2,14.42131557035796,1.0053321508607382e-09,2.924928632630497e-10,0.10737109197292796,-0.9321957146198376
R4_LHS_03,20260813,V40_A_E5_C9_1T,Y,B2,14.454621149042389,9.83609194094015e-10,6.733805874015175e-11,0.107230650129217,-1.0247180618215497
R4_LHS_03,20260813,V40_A_E5_C9_1T,Y,B2,14.487926727726817,9.818964530339258e-10,1.0729032245970771e-10,0.10709020828550601,-1.1172404090232617
R4_LHS_03,20260813,V40_A_E5_C9_1T,Y,B2,14.521232306411248,9.877075823894188e-10,1.030307783533857e-10,0.10694976644179505,-1.2097627562249784
R4_LHS_03,20260813,V40_A_E5_C9_1T,Y,B2,14.554537885095677,9.820118052061844e-10,5.57470285211803e-11,0.1183320489974945,-0.7947602565838205
R4_LHS_03,20260813,V40_A_E5_C9_1T,Y,B2,14.587843463780107,9.756937480176475e-10,2.9995425587792113e-10,0.13467103422780025,-0.16143701277005507
R4_LHS_03,20260813,V40_A_E5_C9_1T,Y,B2,14.621149042464536,9.938955214394696e-10,2.670009491279046e-10,0.1510100194581051,0.4718862310436769
R4_LHS_03,20260813,V40_A_E5_C9_1T,Y,B2,14.654454621148965,1.005919458840765e-09,3.3406159782867206e-11,0.16734900468840996,1.1052094748574088
R4_LHS_03,20260813,V40_A_E5_C9_1T,Y,B2,14.687760199833395,1.0380604154036632e-09,9.538753120708066e-11,0.18350144421726713,1.7306442479544704
R4_LHS_03,20260813,V40_A_E5_C9_1T,Y,B2,14.721065778517824,1.0392462446162654e-09,1.0746773609904281e-10,0.17596257966225776,1.354243240034593
R4_LHS_03,20260813,V40_A_E5_C9_1T,Y,B2,14.754371357202254,1.0360765578809605e-09,1.950691969065943e-10,0.16842371510724796,0.9778422321146957
R4_LHS_03,20260813,V40_A_E5_C9_1T,Y,B2,14.787676935886683,1.0409706430181132e-09,1.3371773133208364e-10,0.16088485055223858,0.6014412241948184
R4_LHS_03,20260813,V40_A_E5_C9_1T,Y,B2,14.820982514571114,1.0107619186072725e-09,9.268159850694957e-11,0.15334598599722882,0.225040216274921
R4_LHS_03,20260813,V40_A_E5_C9_1T,Y,B2,14.854288093255542,1.0017879858992274e-09,1.6373957745230427e-10,0.1419729096016259,-0.06026995065409301
R4_LHS_03,20260813,V40_A_E5_C9_1T,Y,B2,14.887593671939971,9.886539364956093e-10,5.682826084707493e-11,0.12231604219239754,-0.14877891791154982
R4_LHS_03,20260813,V40_A_E5_C9_1T,Y,B2,14.920899250624402,9.853808879967119e-10,3.9010100705283435e-10,0.10265917478316815,-0.23728788516901134
R4_LHS_03,20260813,V40_A_E5_C9_1T,Y,B2,14.95420482930883,9.804518308342836e-10,5.719522078173611e-11,0.0830023073739398,-0.32579685242646816
R4_LHS_03,20260813,V40_A_E5_C9_1T,Y,B2,14.98751040799326,9.565165326463898e-10,3.03690572689419e-10,0.0633454399647104,-0.41430581968392965
R4_LHS_03,20260813,V40_A_E5_C9_1T,Y,B2,15.02081598667769,9.468773543019893e-10,1.7850819433729015e-10,0.06410435250619904,-0.47775069782378715
R4_LHS_03,20260813,V40_A_E5_C9_1T,Y,B2,15.054121565362118,9.531301303766782e-10,6.810948333102473e-11,0.07711273301811543,-0.5261571224930881
R4_LHS_03,20260813,V40_A_E5_C9_1T,Y,B2,15.087427144046549,9.428312575110454e-10,2.933435785945626e-11,0.09012111353003252,-0.5745635471623917
R4_LHS_03,20260813,V40_A_E5_C9_1T,Y,B2,15.120732722730978,9.395038080839413e-10,1.3914203123022162e-10,0.1031294940419489,-0.6229699718316926
R4_LHS_03,20260813,V40_A_E5_C9_1T,Y,B2,15.154038301415408,9.38399802308254e-10,2.5626381572330104e-10,0.11613787455386601,-0.6713763965009961
R4_LHS_03,20260813,V40_A_E5_C9_1T,Y,B2,15.187343880099837,9.365228592628227e-10,1.3785070307470448e-10,0.1383598864103339,-0.40595956532583616
R4_LHS_03,20260813,V40_A_E5_C9_1T,Y,B2,15.220649458784266,9.429815817085796e-10,2.2136713295761723e-10,0.16123726116578635,-0.11822057787723017
R4_LHS_03,20260813,V40_A_E5_C9_1T,Y,B2,15.253955037468696,9.331860839623118e-10,1.7944458419183462e-10,0.18411463592124,0.1695184095713912
R4_LHS_03,20260813,V40_A_E5_C9_1T,Y,B2,15.287260616153125,9.278187662609128e-10,3.173922930033157e-11,0.20699201067669248,0.4572573970199971
R4_LHS_03,20260813,V40_A_E5_C9_1T,Y,B2,15.320566194837555,9.250227250845455e-10,3.310843266213226e-11,0.2263939513031593,0.7022853406343192
R4_LHS_03,20260813,V40_A_E5_C9_1T,Y,B2,15.353871773521984,9.375805687383831e-10,1.8146591174161841e-10,0.2349211464292503,0.8136690503155389
R4_LHS_03,20260813,V40_A_E5_C9_1T,Y,B2,15.387177352206413,9.351500684928737e-10,1.6446487227650408e-10,0.24344834155534129,0.9250527599967586
R4_LHS_03,20260813,V40_A_E5_C9_1T,Y,B2,15.420482930890843,9.27168564146541e-10,6.061975921234364e-11,0.25197553668143274,1.0364364696779842
R4_LHS_03,20260813,V40_A_E5_C9_1T,Y,B2,15.453788509575272,9.28984944525979e-10,3.1510603154538686e-11,0.2605027318075237,1.1478201793592038
R4_LHS_03,20260813,V40_A_E5_C9_1T,Y,B2,15.487094088259703,9.373753995234324e-10,1.5070118764004548e-10,0.2722167157809208,1.3802248728861022
R4_LHS_03,20260813,V40_A_E5_C9_1T,Y,B2,15.520399666944131,9.385840993303418e-10,1.4227637123997994e-10,0.2865298537787154,1.7113346241594498
R4_LHS_03,20260813,V40_A_E5_C9_1T,Y,B2,15.553705245628562,9.362141062396745e-10,1.8265376711124048e-10,0.30084299177651075,2.042444375432815
R4_LHS_03,20260813,V40_A_E5_C9_1T,Y,B2,15.58701082431299,9.181337912167464e-10,1.0863367150282244e-10,0.31515612977430535,2.3735541267061633
R4_LHS_03,20260813,V40_A_E5_C9_1T,Y,B2,15.62031640299742,9.032409264975172e-10,2.3479464900111324e-11,0.32946926777209995,2.7046638779795105
R4_LHS_03,20260813,V40_A_E5_C9_1T,Y,B2,15.65362198168185,9.139365375609998e-10,8.073330198810069e-11,0.3282470943330228,2.7938972919013105
R4_LHS_03,20260813,V40_A_E5_C9_1T,Y,B2,15.686927560366279,9.53291889871366e-10,2.1823573503887417e-10,0.3244827790224581,2.8435509415292235
R4_LHS_03,20260813,V40_A_E5_C9_1T,Y,B2,15.720233139050709,9.75963643234934e-10,1.775965208228314e-10,0.3207184637118933,2.893204591157139
R4_LHS_03,20260813,V40_A_E5_C9_1T,Y,B2,15.753538717735138,1.0012177753537799e-09,2.937033949379497e-10,0.3169541484013286,2.9428582407850516
R4_LHS_03,20260813,V40_A_E5_C9_1T,Y,B2,15.786844296419567,1.0579915832309439e-09,6.313666256474448e-11,0.3117304864424056,2.9554269702905036
R4_LHS_03,20260813,V40_A_E5_C9_1T,Y,B2,15.820149875103997,1.0990299781354906e-09,4.9778646482590005e-11,0.2992779678299858,2.784295979189331
R4_LHS_03,20260813,V40_A_E5_C9_1T,Y,B2,15.853455453788426,1.1365692831333263e-09,8.921467037348307e-11,0.28682544921756664,2.6131649880881684
R4_LHS_03,20260813,V40_A_E5_C9_1T,Y,B2,15.886761032472856,1.1195605553737664e-09,3.7500558214276225e-10,0.27437293060514684,2.4420339969869964
R4_LHS_03,20260813,V40_A_E5_C9_1T,Y,B2,15.920066611157285,1.0774108272215699e-09,1.2444939523348353e-10,0.2619204119927277,2.2709030058858333
R4_LHS_03,20260813,V40_A_E5_C9_1T,Y,B2,15.953372189841714,1.030114327171816e-09,6.947006858659677e-11,0.2523299496338626,2.1481844825014074
R4_LHS_03,20260813,V40_A_E5_C9_1T,Y,B2,15.986677768526144,9.82465886423256e-10,3.635731993245628e-11,0.24588305725840875,2.078640308904208
R4_LHS_03,20260813,V40_A_E5_C9_1T,Y,B2,16.019983347210573,9.608984719022828e-10,1.4526636837874918e-10,0.23943616488295522,2.0090961353070123
R4_LHS_03,20260813,V40_A_E5_C9_1T,Y,B2,16.053288925895004,9.254571553540814e-10,1.1571969077417421e-10,0.23298927250750132,1.939551961709813
R4_LHS_03,20260813,V40_A_E5_C9_1T,Y,B2,16.086594504579434,8.988801925013945e-10,1.8914575461437266e-10,0.22654238013204742,1.8700077881126134
R4_LHS_03,20260813,V40_A_E5_C9_1T,Y,B2,16.11990008326386,8.888484948066377e-10,6.770623645069307e-11,0.22830645269795713,1.9247243922517052
R4_LHS_03,20260813,V40_A_E5_C9_1T,Y,B2,16.15320566194829,8.824383446182082e-10,4.67754758537442e-11,0.23231730671548334,2.013442701741521
R4_LHS_03,20260813,V40_A_E5_C9_1T,Y,B2,16.186511240632722,8.817725438703405e-10,6.125698559511505e-11,0.23632816073300952,2.1021610112313365
R4_LHS_03,20260813,V40_A_E5_C9_1T,Y,B2,16.21981681931715,8.801006035064063e-10,1.575628238992266e-10,0.2403390147505353,2.1908793207211423
R4_LHS_03,20260813,V40_A_E5_C9_1T,Y,B2,16.25312239800158,8.839742826616259e-10,1.7699514076596756e-10,0.2429418363340889,2.286942538373375
R4_LHS_03,20260813,V40_A_E5_C9_1T,Y,B2,16.28642797668601,8.939782802919183e-10,3.544394985843802e-11,0.2319336777225716,2.454006534928988
R4_LHS_03,20260813,V40_A_E5_C9_1T,Y,B2,16.319733555370437,9.065571071609213e-10,6.980430816705407e-11,0.22092551911105546,2.621070531484583
R4_LHS_03,20260813,V40_A_E5_C9_1T,Y,B2,16.353039134054868,9.152572588710939e-10,3.8318882789045716e-11,0.20991736049953813,2.788134528040196
R4_LHS_03,20260813,V40_A_E5_C9_1T,Y,B2,16.386344712739298,9.03593255774382e-10,2.4466856318738905e-10,0.19890920188802083,2.955198524595809
R4_LHS_03,20260813,V40_A_E5_C9_1T,Y,B2,16.41965029142373,8.965839182195623e-10,2.009215155363009e-10,0.19280475229148974,3.0512869624075134
R4_LHS_03,20260813,V40_A_E5_C9_1T,Y,B2,16.452955870108156,8.91013707260413e-10,2.491707534746368e-11,0.1939844529793523,3.0419456867453056
R4_LHS_03,20260813,V40_A_E5_C9_1T,Y,B2,16.486261448792586,8.893716874069924e-10,4.806946160562653e-11,0.19516415366721498,3.032604411083097
R4_LHS_03,20260813,V40_A_E5_C9_1T,Y,B2,16.519567027477017,8.952283914176462e-10,7.33460653323803e-11,0.19634385435507767,3.0232631354208883
R4_LHS_03,20260813,V40_A_E5_C9_1T,Y,B2,16.552872606161444,8.917144800335564e-10,2.2196298965493355e-10,0.19752355504294022,3.0139218597586805
R4_LHS_03,20260813,V40_A_E5_C9_1T,Y,B2,16.586178184845874,8.853686672694039e-10,6.902903942895833e-11,0.17800512197710397,3.02373680504633
R4_LHS_03,20260813,V40_A_E5_C9_1T,Y,B2,16.619483763530305,8.741446455573509e-10,1.0190914778718252e-10,0.15007096419822594,3.0413405434674377
R4_LHS_03,20260813,V40_A_E5_C9_1T,Y,B2,16.652789342214735,8.661817374466807e-10,5.50047854486202e-11,0.12213680641934789,3.0589442818885457
R4_LHS_03,20260813,V40_A_E5_C9_1T,Y,B2,16.686094920899162,8.661490968897567e-10,6.792891249496336e-11,0.09420264864047284,3.0765480203096516
R4_LHS_03,20260813,V40_A_E5_C9_1T,Y,B2,16.719400499583593,8.640050896957518e-10,2.0911070097717754e-10,0.06728397968607559,3.07403158853688
R4_LHS_03,20260813,V40_A_E5_C9_1T,Y,B2,16.752706078268023,8.57444837354393e-10,6.008676195490281e-11,0.09134284972052831,2.0614826130330415
R4_LHS_03,20260813,V40_A_E5_C9_1T,Y,B2,16.78601165695245,8.56697102147308e-10,1.1501342933595282e-10,0.11540171975497845,1.048933637529311
R4_LHS_03,20260813,V40_A_E5_C9_1T,Y,B2,16.81931723563688,8.561125697248428e-10,5.987961515518947e-11,0.13946058978943116,0.036384662025472636
R4_LHS_03,20260813,V40_A_E5_C9_1T,Y,B2,16.85262281432131,8.634896131454184e-10,1.6197947150242697e-10,0.16351945982388388,-0.9761643134783657
R4_LHS_03,20260813,V40_A_E5_C9_1T,Y,B2,16.885928393005738,8.709923893235327e-10,1.2927826864572722e-10,0.18085706841935706,-1.415085990561962
R4_LHS_03,20260813,V40_A_E5_C9_1T,Y,B2,16.91923397169017,8.770998372042982e-10,2.0510892984049178e-10,0.18443209406835254,-0.6794374851660319
R4_LHS_03,20260813,V40_A_E5_C9_1T,Y,B2,16.9525395503746,8.841373189127921e-10,2.2159234169816244e-10,0.18800711971734804,0.05621102022989821
R4_LHS_03,20260813,V40_A_E5_C9_1T,Y,B2,16.98584512905903,8.958565000938279e-10,4.437437570170566e-11,0.19158214536634352,0.7918595256258283
R4_LHS_03,20260813,V40_A_E5_C9_1T,Y,B2,17.019150707743457,9.0743845770902e-10,3.585170355036027e-11,0.1951571710153386,1.52750803102168
R4_LHS_03,20260813,V40_A_E5_C9_1T,Y,B2,17.052456286427887,8.967765419143348e-10,1.3053620684377876e-10,0.19914423214654775,1.840545091899017
R4_LHS_03,20260813,V40_A_E5_C9_1T,Y,B2,17.085761865112318,8.806602114219686e-10,7.52496537304026e-11,0.20336638100687257,1.912460285658451
R4_LHS_03,20260813,V40_A_E5_C9_1T,Y,B2,17.119067443796744,8.618701308193977e-10,2.156541611952889e-10,0.20758852986719697,1.9843754794178774
R4_LHS_03,20260813,V40_A_E5_C9_1T,Y,B2,17.152373022481175,8.602395462631307e-10,6.856244044728399e-11,0.21181067872752182,2.056290673177312
R4_LHS_03,20260813,V40_A_E5_C9_1T,Y,B2,17.185678601165606,8.648456950588468e-10,1.327693371910854e-10,0.21603282758784664,2.128205866936746
R4_LHS_03,20260813,V40_A_E5_C9_1T,Y,B2,17.218984179850036,8.638756376910806e-10,6.296359961188713e-11,0.21505716047269108,2.130422558812277
R4_LHS_03,20260813,V40_A_E5_C9_1T,Y,B2,17.252289758534463,8.572802467909924e-10,3.2042221653760805e-10,0.21378079325978103,2.1286071059507297
R4_LHS_03,20260813,V40_A_E5_C9_1T,Y,B2,17.285595337218894,8.416397578869805e-10,1.8508636290270886e-10,0.21250442604687086,2.1267916530891817
R4_LHS_03,20260813,V40_A_E5_C9_1T,Y,B2,17.318900915903324,8.34515956338322e-10,3.145140745064445e-11,0.2112280588339607,2.1249762002276342
R4_LHS_03,20260813,V40_A_E5_C9_1T,Y,B2,17.35220649458775,8.41317016053722e-10,2.969207518743744e-11,0.21590821547968791,2.1783372454599568
R4_LHS_03,20260813,V40_A_E5_C9_1T,Y,B2,17.38551207327218,8.419147601301802e-10,1.1219517676019919e-10,0.23809138838695004,2.3938323081681223
R4_LHS_03,20260813,V40_A_E5_C9_1T,Y,B2,17.418817651956612,8.379551497128546e-10,1.7447254752056551e-10,0.2602745612942121,2.609327370876288
R4_LHS_03,20260813,V40_A_E5_C9_1T,Y,B2,17.45212323064104,8.379723581697363e-10,2.4529989151034215e-10,0.2824577342014719,2.8248224335844303
R4_LHS_03,20260813,V40_A_E5_C9_1T,Y,B2,17.48542880932547,8.437376908254635e-10,7.961415554591511e-11,0.304640907108734,3.040317496292596
R4_LHS_03,20260813,V40_A_E5_C9_1T,Y,B2,17.5187343880099,8.465296796877908e-10,3.091248090836274e-11,0.30569272888490867,2.465844940285574
R4_LHS_03,20260813,V40_A_E5_C9_1T,Y,B2,17.55203996669433,8.440554921662624e-10,2.6991376148033375e-11,0.29030905533690465,1.276953125277867
R4_LHS_03,20260813,V40_A_E5_C9_1T,Y,B2,17.585345545378757,8.376810911592258e-10,3.090752653811535e-10,0.27492538178890225,0.08806131027028696
R4_LHS_03,20260813,V40_A_E5_C9_1T,Y,B2,17.618651124063188,8.327632472493463e-10,3.001197623753171e-10,0.25954170824089823,-1.10083050473742
R4_LHS_03,20260813,V40_A_E5_C9_1T,Y,B2,17.65195670274762,8.315846899975554e-10,1.5622100835166464e-10,0.2441580346928942,-2.2897223197451275
R4_LHS_03,20260813,V40_A_E5_C9_1T,Y,B2,17.685262281432045,8.374742010985869e-10,3.8307054750497116e-10,0.2253664993525155,-2.3421623522197126
R4_LHS_03,20260813,V40_A_E5_C9_1T,Y,B2,17.718567860116476,8.344016588779368e-10,1.0749201528881258e-10,0.20607066159442883,-2.2264279056647527
R4_LHS_03,20260813,V40_A_E5_C9_1T,Y,B2,17.751873438800907,8.312023291878745e-10,7.827347103805948e-11,0.1867748238363422,-2.110693459109793
R4_LHS_03,20260813,V40_A_E5_C9_1T,Y,B2,17.785179017485337,8.315887423115953e-10,9.241094695022767e-11,0.16747898607825554,-1.994959012554833
R4_LHS_03,20260813,V40_A_E5_C9_1T,Y,B2,17.818484596169764,8.304222309796216e-10,4.158845212653972e-10,0.15239731705655285,-1.7610235226144062
R4_LHS_03,20260813,V40_A_E5_C9_1T,Y,B2,17.851790174854195,8.317572741667334e-10,9.997820626939102e-11,0.15655424444006474,-0.9874745737404007
R4_LHS_03,20260813,V40_A_E5_C9_1T,Y,B2,17.885095753538625,8.268251083798361e-10,8.541797130723339e-11,0.16071117182357664,-0.21392562486639521
R4_LHS_03,20260813,V40_A_E5_C9_1T,Y,B2,17.918401332223052,8.207001744864328e-10,5.128178784397086e-11,0.1648680992070881,0.5596233240075277
R4_LHS_03,20260813,V40_A_E5_C9_1T,Y,B2,17.951706910907482,8.222394431989244e-10,6.69808236652969e-11,0.16902502659059998,1.3331722728815332
R4_LHS_03,20260813,V40_A_E5_C9_1T,Y,B2,17.985012489591913,8.311343280276162e-10,2.1809312689136107e-10,0.1964671741069937,1.8547881455544704
R4_LHS_03,20260813,V40_A_E5_C9_1T,Y,B2,18.01831806827634,8.355486857958283e-10,1.1312820125120027e-10,0.24831223232263666,2.1123781543687192
R4_LHS_03,20260813,V40_A_E5_C9_1T,Y,B2,18.05162364696077,8.342564972174671e-10,4.8551367787252886e-11,0.3001572905382851,2.369968163182995
R4_LHS_03,20260813,V40_A_E5_C9_1T,Y,B2,18.0849292256452,8.390517725054281e-10,2.389168897443117e-11,0.3520023487539336,2.627558171997271
R4_LHS_03,20260813,V40_A_E5_C9_1T,Y,B2,18.11823480432963,8.371198734202778e-10,2.7986876705021757e-10,0.4038474069695821,2.885148180811547
R4_LHS_03,20260813,V40_A_E5_C9_1T,Y,B2,18.15154038301406,8.350212743479801e-10,2.9599669937319106e-10,0.4189414548486793,2.035057145491147
R4_LHS_03,20260813,V40_A_E5_C9_1T,Y,B2,18.18484596169849,8.364812731365134e-10,2.404194066052412e-10,0.4246675981321899,0.9026160400971746
R4_LHS_03,20260813,V40_A_E5_C9_1T,Y,B2,18.21815154038292,8.329440470689065e-10,1.5933686314806295e-10,0.4303937414157006,-0.22982506529679814
R4_LHS_03,20260813,V40_A_E5_C9_1T,Y,B2,18.251457119067346,8.301230258744852e-10,4.4983222008410095e-11,0.4361198846992106,-1.3622661706906491
R4_LHS_03,20260813,V40_A_E5_C9_1T,Y,B2,18.284762697751777,8.205001122973954e-10,1.4277491688918786e-10,0.43856376995154994,-2.368347649173277
R4_LHS_03,20260813,V40_A_E5_C9_1T,Y,B2,18.318068276436207,8.195367717789281e-10,3.5740757575730697e-10,0.4131692444950606,-2.3027122920002148
R4_LHS_03,20260813,V40_A_E5_C9_1T,Y,B2,18.351373855120634,8.277958318814171e-10,1.2852272024410638e-10,0.387774719038574,-2.2370769348271597
R4_LHS_03,20260813,V40_A_E5_C9_1T,Y,B2,18.384679433805065,8.305406362651979e-10,1.8765304587997633e-10,0.3623801935820847,-2.1714415776540976
R4_LHS_03,20260813,V40_A_E5_C9_1T,Y,B2,18.417985012489495,8.299840814629533e-10,5.177121578658905e-11,0.33698566812559533,-2.1058062204810355
R4_LHS_03,20260813,V40_A_E5_C9_1T,Y,B2,18.451290591173926,8.263861817070506e-10,1.7948678654455819e-10,0.3072861005473751,-1.8002669628612655
R4_LHS_03,20260813,V40_A_E5_C9_1T,Y,B2,18.484596169858353,8.196713308095127e-10,7.632981746663603e-11,0.27149449223086275,-1.1552410536661806
R4_LHS_03,20260813,V40_A_E5_C9_1T,Y,B2,18.517901748542783,8.137480689285326e-10,1.751241235359302e-10,0.23570288391434663,-0.5102151444710268
R4_LHS_03,20260813,V40_A_E5_C9_1T,Y,B2,18.551207327227214,8.126887496295865e-10,7.98625887643567e-11,0.19991127559783048,0.134810764724127
R4_LHS_03,20260813,V40_A_E5_C9_1T,Y,B2,18.58451290591164,8.163299480834496e-10,4.0876902557274164e-11,0.16411966728131816,0.779836673919212
R4_LHS_03,20260813,V40_A_E5_C9_1T,Y,B2,18.61781848459607,8.17619527637703e-10,1.7885203040801656e-10,0.16637764856231754,1.0078230006410938
R4_LHS_03,20260813,V40_A_E5_C9_1T,Y,B2,18.651124063280502,8.126981865252958e-10,3.1019956048261577e-10,0.18323844531047057,1.075756298413785
R4_LHS_03,20260813,V40_A_E5_C9_1T,Y,B2,18.684429641964933,8.160812581259336e-10,1.7489683312721382e-10,0.2000992420586236,1.1436895961864761
R4_LHS_03,20260813,V40_A_E5_C9_1T,Y,B2,18.71773522064936,8.115569327671324e-10,2.824636080589471e-10,0.21696003880677484,1.21162289395916
R4_LHS_03,20260813,V40_A_E5_C9_1T,Y,B2,18.75104079933379,8.093108405660132e-10,8.03149144412707e-11,0.23369719745664216,1.2819944201262214
R4_LHS_03,20260813,V40_A_E5_C9_1T,Y,B2,18.78434637801822,8.097515435956382e-10,1.6537035629760055e-10,0.24660157505965724,1.4279510265186848
R4_LHS_03,20260813,V40_A_E5_C9_1T,Y,B2,18.817651956702647,8.093030134936896e-10,1.0183533183383275e-10,0.25950595266267096,1.5739076329111323
R4_LHS_03,20260813,V40_A_E5_C9_1T,Y,B2,18.850957535387078,8.055450195776359e-10,5.790123935867086e-10,0.272410330265686,1.7198642393035957
R4_LHS_03,20260813,V40_A_E5_C9_1T,Y,B2,18.88426311407151,8.033509413252204e-10,3.5478608939598644e-10,0.2853147078687011,1.8658208456960588
R4_LHS_03,20260813,V40_A_E5_C9_1T,Y,B2,18.917568692755935,8.115418337339975e-10,3.274014392928848e-11,0.2883552979246769,2.033901398029048
R4_LHS_03,20260813,V40_A_E5_C9_1T,Y,B2,18.950874271440366,8.177055699221114e-10,3.372773588194988e-11,0.272235197228357,2.24495835109714
R4_LHS_03,20260813,V40_A_E5_C9_1T,Y,B2,18.984179850124796,8.148385299833194e-10,3.531290537761578e-10,0.256115096532037,2.4560153041652315
R4_LHS_03,20260813,V40_A_E5_C9_1T,Y,B2,19.017485428809227,8.130020545671357e-10,6.299774035767314e-10,0.2399949958357171,2.667072257233323
R4_LHS_03,20260813,V40_A_E5_C9_1T,Y,B2,19.050791007493654,8.162308051673506e-10,1.4494329347858326e-10,0.2238748951393989,2.8781292103013922
R4_LHS_03,20260813,V40_A_E5_C9_1T,Y,B2,19.084096586178084,8.152677422046395e-10,4.4330009107973467e-10,0.21438359669553106,2.1675290277259367
R4_LHS_03,20260813,V40_A_E5_C9_1T,Y,B2,19.117402164862515,8.140862983729846e-10,2.5629315336672676e-10,0.20848622718371457,0.9572352173920686
R4_LHS_03,20260813,V40_A_E5_C9_1T,Y,B2,19.150707743546942,8.174880217204361e-10,9.08849592806682e-11,0.20258885767189871,-0.2530585929416702
R4_LHS_03,20260813,V40_A_E5_C9_1T,Y,B2,19.184013322231372,8.202473700258395e-10,6.555427728427432e-11,0.19669148816008225,-1.4633524032755387
R4_LHS_03,20260813,V40_A_E5_C9_1T,Y,B2,19.217318900915803,8.158957953696699e-10,1.8080137387244122e-10,0.19079411864826576,-2.6736462136094064
R4_LHS_03,20260813,V40_A_E5_C9_1T,Y,B2,19.250624479600233,8.186247235641986e-10,2.2410513722537218e-10,0.1885030068252404,-2.606413157754483
R4_LHS_03,20260813,V40_A_E5_C9_1T,Y,B2,19.28393005828466,8.172597598665732e-10,9.265881811826304e-11,0.18637380861273212,-2.4818217528054927
R4_LHS_03,20260813,V40_A_E5_C9_1T,Y,B2,19.31723563696909,8.134835582929156e-10,1.7290216480780884e-10,0.1842446104002236,-2.3572303478564884
R4_LHS_03,20260813,V40_A_E5_C9_1T,Y,B2,19.35054121565352,8.101313508923624e-10,1.5501505634674118e-10,0.1821154121877151,-2.232638942907484
R4_LHS_03,20260813,V40_A_E5_C9_1T,Y,B2,19.38384679433795,8.030126563696172e-10,2.534270571175057e-10,0.1744946878989671,-2.0531045929974674
R4_LHS_03,20260813,V40_A_E5_C9_1T,Y,B2,19.41715237302238,8.064071632674086e-10,4.812694132105833e-10,0.15169150916414348,-1.7216691599598861
R4_LHS_03,20260813,V40_A_E5_C9_1T,Y,B2,19.45045795170681,8.116468053209758e-10,8.557063391201325e-11,0.12888833042931985,-1.3902337269223044
R4_LHS_03,20260813,V40_A_E5_C9_1T,Y,B2,19.483763530391236,8.089446890124918e-10,9.797355288165832e-11,0.10608515169449864,-1.0587982938847584
R4_LHS_03,20260813,V40_A_E5_C9_1T,Y,B2,19.517069109075667,8.061167289241666e-10,8.83683196062357e-11,0.08328197295967502,-0.7273628608471767
R4_LHS_03,20260813,V40_A_E5_C9_1T,Y,B2,19.550374687760097,8.127728490237018e-10,2.2708027125339925e-10,0.09009170919334258,-0.16623661857558125
R4_LHS_03,20260813,V40_A_E5_C9_1T,Y,B2,19.583680266444528,8.181499366877176e-10,9.069406337047781e-11,0.11885932115194538,0.5652045774817764
R4_LHS_03,20260813,V40_A_E5_C9_1T,Y,B2,19.616985845128955,8.135927487273875e-10,1.0311618225955499e-10,0.14762693311054512,1.2966457735390562
R4_LHS_03,20260813,V40_A_E5_C9_1T,Y,B2,19.650291423813385,8.11072209394581e-10,1.8349513575266485e-10,0.17639454506914792,2.028086969596414
R4_LHS_03,20260813,V40_A_E5_C9_1T,Y,B2,19.683597002497816,8.140466634110055e-10,7.676070890028086e-11,0.2051621570277507,2.759528165653772
R4_LHS_03,20260813,V40_A_E5_C9_1T,Y,B2,19.716902581182243,8.112965299567065e-10,7.714400646063879e-11,0.19235494299842076,1.8441235036476267
R4_LHS_03,20260813,V40_A_E5_C9_1T,Y,B2,19.750208159866673,8.124173001000656e-10,1.0399370253821871e-10,0.17402894675830788,0.7101109843765467
R4_LHS_03,20260813,V40_A_E5_C9_1T,Y,B2,19.783513738551104,8.142330698568401e-10,1.6322131146662144e-10,0.155702950518195,-0.42390153489453297
R4_LHS_03,20260813,V40_A_E5_C9_1T,Y,B2,19.816819317235534,8.162857056959183e-10,6.628586568524497e-10,0.1373769542780821,-1.5579140541656127
R4_LHS_03,20260813,V40_A_E5_C9_1T,Y,B2,19.85012489591996,8.165697562567686e-10,1.3093784390072472e-10,0.13327812721687826,-2.245721571848404
R4_LHS_03,20260813,V40_A_E5_C9_1T,Y,B2,19.883430474604392,8.142660989918227e-10,1.0010067774679499e-10,0.1892818311767553,-1.0485406134348108
R4_LHS_03,20260813,V40_A_E5_C9_1T,Y,B2,19.916736053288822,8.128959172459815e-10,2.657417619289504e-10,0.24528553513663232,0.1486403449787823
R4_LHS_03,20260813,V40_A_E5_C9_1T,Y,B2,19.95004163197325,8.029178433233142e-10,1.0284089135836894e-09,0.3012892390965034,1.3458213033922477
R4_LHS_03,20260813,V40_A_E5_C9_1T,Y,B2,19.98334721065768,8.027732367743567e-10,4.0747299978605156e-10,0.3572929430563804,2.5430022618058405
R4_LHS_03,20260813,V40_A_E5_C9_1T,Z,R4_LHS_03,0.0,4.663974504074501e-17,4.2323821006908733e-17,0.8995301127433777,
R4_LHS_03,20260813,V40_A_E5_C9_1T,Z,R4_LHS_03,0.03330557868442947,0.0008593295933678746,0.0009007881162688136,0.9128939660264491,
R4_LHS_03,20260813,V40_A_E5_C9_1T,Z,R4_LHS_03,0.06661115736885893,0.0009208340779878199,0.0009469081996940076,0.9262578193095204,
R4_LHS_03,20260813,V40_A_E5_C9_1T,Z,R4_LHS_03,0.09991673605328841,9.350162144983187e-05,6.057941936887801e-05,0.9396216725925919,
R4_LHS_03,20260813,V40_A_E5_C9_1T,Z,R4_LHS_03,0.13322231473771787,7.258347613969818e-05,0.00012153332500020042,0.9529855258756633,
R4_LHS_03,20260813,V40_A_E5_C9_1T,Z,R4_LHS_03,0.16652789342214733,5.727692405343987e-05,5.9066856920253485e-05,0.9619332340535871,-0.10879858135308552
R4_LHS_03,20260813,V40_A_E5_C9_1T,Z,R4_LHS_03,0.19983347210657681,1.597980190126691e-05,1.5807674571988173e-05,0.9609865411731424,-0.1071919998422352
R4_LHS_03,20260813,V40_A_E5_C9_1T,Z,R4_LHS_03,0.23313905079100627,2.499916149645287e-07,2.1770426883449545e-07,0.9600398482926977,-0.10558541833138485
R4_LHS_03,20260813,V40_A_E5_C9_1T,Z,R4_LHS_03,0.26644462947543573,1.0925895367108751e-05,1.2333679478615522e-05,0.959093155412253,-0.10397883682053452
R4_LHS_03,20260813,V40_A_E5_C9_1T,Z,R4_LHS_03,0.2997502081598652,1.7466947610955685e-05,1.9162129319738597e-05,0.9581464625318085,-0.10237225530968419
R4_LHS_03,20260813,V40_A_E5_C9_1T,Z,R4_LHS_03,0.33305578684429465,1.7448101061745547e-05,1.784216146916151e-05,0.961225816351885,-0.08628783300270843
R4_LHS_03,20260813,V40_A_E5_C9_1T,Z,R4_LHS_03,0.3663613655287241,1.35328846226912e-05,1.5152223568293266e-05,0.9668023383786141,-0.061223484125984
R4_LHS_03,20260813,V40_A_E5_C9_1T,Z,R4_LHS_03,0.39966694421315363,5.140434041095432e-06,4.964947947883047e-06,0.972378860405343,-0.036159135249259525
R4_LHS_03,20260813,V40_A_E5_C9_1T,Z,R4_LHS_03,0.4329725228975831,4.368664292542235e-07,4.98766837608855e-07,0.9779553824320721,-0.011094786372535095
R4_LHS_03,20260813,V40_A_E5_C9_1T,Z,R4_LHS_03,0.46627810158201255,1.0705042541303555e-06,1.22915776046284e-06,0.9835319044588011,0.013969562504189334
R4_LHS_03,20260813,V40_A_E5_C9_1T,Z,R4_LHS_03,0.499583680266442,4.406916559673846e-06,4.579901087709004e-06,0.9828816683564356,0.004250374497794574
R4_LHS_03,20260813,V40_A_E5_C9_1T,Z,R4_LHS_03,0.5328892589508715,6.899528216308681e-06,7.207115231722128e-06,0.9817322406741007,-0.008257367098386058
R4_LHS_03,20260813,V40_A_E5_C9_1T,Z,R4_LHS_03,0.566194837635301,6.005155228194781e-06,6.175623639137484e-06,0.9805828129917656,-0.020765108694566707
R4_LHS_03,20260813,V40_A_E5_C9_1T,Z,R4_LHS_03,0.5995004163197304,3.331361085656681e-06,3.1148529160418548e-06,0.9794333853094306,-0.033272850290747315
R4_LHS_03,20260813,V40_A_E5_C9_1T,Z,R4_LHS_03,0.6328059950041599,9.672548912931234e-07,9.315942293142143e-07,0.9782440766109018,-0.040441271945908575
R4_LHS_03,20260813,V40_A_E5_C9_1T,Z,R4_LHS_03,0.6661115736885893,1.1141514022483534e-07,1.8349157926422777e-07,0.9769244899261404,-0.030167915127073387
R4_LHS_03,20260813,V40_A_E5_C9_1T,Z,R4_LHS_03,0.6994171523730188,8.786142302597e-07,8.540185376659792e-07,0.975604903241379,-0.01989455830823816
R4_LHS_03,20260813,V40_A_E5_C9_1T,Z,R4_LHS_03,0.7327227310574482,2.418700887574232e-06,2.3796892492100596e-06,0.9742853165566177,-0.009621201489402972
R4_LHS_03,20260813,V40_A_E5_C9_1T,Z,R4_LHS_03,0.7660283097418777,3.1581450912199216e-06,3.2310870210494613e-06,0.9729657298718563,0.0006521553294322538
R4_LHS_03,20260813,V40_A_E5_C9_1T,Z,R4_LHS_03,0.7993338884263073,2.6170419005211443e-06,2.5011036086652894e-06,0.9716805457870331,0.0036471966851027928
R4_LHS_03,20260813,V40_A_E5_C9_1T,Z,R4_LHS_03,0.8326394671107367,1.270147890863882e-06,1.5100162045200705e-06,0.9704243192863306,0.0005158861760952609
R4_LHS_03,20260813,V40_A_E5_C9_1T,Z,R4_LHS_03,0.8659450457951662,2.4014042310227524e-07,2.3157043926858023e-07,0.969168092785628,-0.002615424332912281
R4_LHS_03,20260813,V40_A_E5_C9_1T,Z,R4_LHS_03,0.8992506244795956,1.5594987701206264e-07,1.6587989648542134e-07,0.9679118662849254,-0.005746734841919813
R4_LHS_03,20260813,V40_A_E5_C9_1T,Z,R4_LHS_03,0.9325562031640251,7.909178521003923e-07,8.572646379434445e-07,0.966655639784223,-0.008878045350927356
R4_LHS_03,20260813,V40_A_E5_C9_1T,Z,R4_LHS_03,0.9658617818484545,1.4855042991257505e-06,1.6114794334498583e-06,0.9638323551609951,-0.012786852309075523
R4_LHS_03,20260813,V40_A_E5_C9_1T,Z,R4_LHS_03,0.999167360532884,1.6845997379277833e-06,1.889996951831563e-06,0.960735913617327,-0.016831186171202345
R4_LHS_03,20260813,V40_A_E5_C9_1T,Z,R4_LHS_03,1.0324729392173135,1.2265738860151032e-06,1.2846362551499624e-06,0.957639472073659,-0.020875520033329167
R4_LHS_03,20260813,V40_A_E5_C9_1T,Z,R4_LHS_03,1.065778517901743,5.016056547901826e-07,4.5341678855947976e-07,0.954543030529991,-0.024919853895455975
R4_LHS_03,20260813,V40_A_E5_C9_1T,Z,R4_LHS_03,1.0990840965861723,1.5305866440940008e-07,1.529605384575916e-07,0.9515010808330094,-0.02719124731686057
R4_LHS_03,20260813,V40_A_E5_C9_1T,Z,R4_LHS_03,1.132389675270602,5.834409648741712e-07,7.179176009231014e-07,0.9487448810637742,-0.020165514036916868
R4_LHS_03,20260813,V40_A_E5_C9_1T,Z,R4_LHS_03,1.1656952539550314,1.7528515172671177e-06,1.8115948705599294e-06,0.9459886812945388,-0.013139780756973215
R4_LHS_03,20260813,V40_A_E5_C9_1T,Z,R4_LHS_03,1.1990008326394608,2.6008387976617087e-06,2.52584800364275e-06,0.9432324815253036,-0.006114047477029559
R4_LHS_03,20260813,V40_A_E5_C9_1T,Z,R4_LHS_03,1.2323064113238902,2.0004895304737147e-06,2.1927780835540034e-06,0.9404762817560683,0.0009116858029140917
R4_LHS_03,20260813,V40_A_E5_C9_1T,Z,R4_LHS_03,1.2656119900083198,9.444583497497661e-07,9.54918618845113e-07,0.9379144874242422,0.0037840880747484285
R4_LHS_03,20260813,V40_A_E5_C9_1T,Z,R4_LHS_03,1.2989175686927492,3.15302713715937e-07,3.5061077596765244e-07,0.9355730192548131,0.0019493818707255386
R4_LHS_03,20260813,V40_A_E5_C9_1T,Z,R4_LHS_03,1.3322231473771786,1.4407784476588859e-07,1.1552737788633749e-07,0.9332315510853839,0.00011467566670264866
R4_LHS_03,20260813,V40_A_E5_C9_1T,Z,R4_LHS_03,1.3655287260616082,2.592340990759112e-07,3.0148913765515317e-07,0.9308900829159549,-0.0017200305373202543
R4_LHS_03,20260813,V40_A_E5_C9_1T,Z,R4_LHS_03,1.3988343047460376,4.4791923414777557e-07,4.909998665425519e-07,0.9285486147465257,-0.003554736741343144
R4_LHS_03,20260813,V40_A_E5_C9_1T,Z,R4_LHS_03,1.432139883430467,4.849620154345757e-07,4.472045134207292e-07,0.9071710938517993,0.007251079588179398
R4_LHS_03,20260813,V40_A_E5_C9_1T,Z,R4_LHS_03,1.4654454621148965,3.867483826525131e-07,4.793831749339006e-07,0.8803410352417869,0.021677548100677152
R4_LHS_03,20260813,V40_A_E5_C9_1T,Z,R4_LHS_03,1.498751040799326,2.294224259458133e-07,2.4132631892825884e-07,0.8535109766317742,0.036104016613175
R4_LHS_03,20260813,V40_A_E5_C9_1T,Z,R4_LHS_03,1.5320566194837555,1.3114183161633264e-07,1.171671257793605e-07,0.8266809180217617,0.05053048512567275
R4_LHS_03,20260813,V40_A_E5_C9_1T,Z,R4_LHS_03,1.565362198168185,1.326332608186931e-07,1.1934577059946605e-07,0.8034246077049186,0.060394963797035864
R4_LHS_03,20260813,V40_A_E5_C9_1T,Z,R4_LHS_03,1.5986677768526145,1.9625790059762949e-07,2.2033798074971855e-07,0.8181799837790561,0.021736459612697143
R4_LHS_03,20260813,V40_A_E5_C9_1T,Z,R4_LHS_03,1.631973355537044,2.479892486917379e-07,3.013990692579682e-07,0.8329353598531936,-0.016922044571641315
R4_LHS_03,20260813,V40_A_E5_C9_1T,Z,R4_LHS_03,1.6652789342214733,2.4387693997596216e-07,2.814867343658989e-07,0.8476907359273309,-0.05558054875597977
R4_LHS_03,20260813,V40_A_E5_C9_1T,Z,R4_LHS_03,1.6985845129059027,1.816060120063412e-07,1.9775481518991e-07,0.8624461120014683,-0.09423905294031823
R4_LHS_03,20260813,V40_A_E5_C9_1T,Z,R4_LHS_03,1.7318900915903324,1.1004029687455841e-07,6.761016635437045e-08,0.8766558221932951,-0.12150275487635757
R4_LHS_03,20260813,V40_A_E5_C9_1T,Z,R4_LHS_03,1.7651956702747618,7.913674693327266e-08,9.692392666238447e-08,0.8900281243479123,-0.1312793840551059
R4_LHS_03,20260813,V40_A_E5_C9_1T,Z,R4_LHS_03,1.7985012489591912,1.0142500173060398e-07,1.8145301794447732e-07,0.9034004265025295,-0.14105601323385422
R4_LHS_03,20260813,V40_A_E5_C9_1T,Z,R4_LHS_03,1.8318068276436206,9.898801067720342e-08,1.0829687369096064e-07,0.9167727286571468,-0.15083264241260255
R4_LHS_03,20260813,V40_A_E5_C9_1T,Z,R4_LHS_03,1.8651124063280502,5.078929277146926e-08,4.34628653067648e-08,0.9301450308117641,-0.16060927159135097
R4_LHS_03,20260813,V40_A_E5_C9_1T,Z,R4_LHS_03,1.8984179850124796,1.4748738408343343e-07,2.983228739594779e-07,0.9313638396902346,-0.16604087068129342
R4_LHS_03,20260813,V40_A_E5_C9_1T,Z,R4_LHS_03,1.931723563696909,8.498859642713796e-07,1.117278884521511e-06,0.9274511736298878,-0.1696379015115179
R4_LHS_03,20260813,V40_A_E5_C9_1T,Z,R4_LHS_03,1.9650291423813386,1.0624057722452562e-06,1.206716433443944e-06,0.9235385075695409,-0.1732349323417424
R4_LHS_03,20260813,V40_A_E5_C9_1T,Z,R4_LHS_03,1.998334721065768,3.205305176834372e-07,2.2004363131600257e-07,0.9196258415091941,-0.17683196317196687
R4_LHS_03,20260813,V40_A_E5_C9_1T,Z,R4_LHS_03,2.0316402997501974,3.3259445331168536e-07,3.039582736619195e-07,0.9155559880251095,-0.18012279350865795
R4_LHS_03,20260813,V40_A_E5_C9_1T,Z,R4_LHS_03,2.064945878434627,4.018518779957958e-07,4.849089805247786e-07,0.8982299951391355,-0.15759071555736154
R4_LHS_03,20260813,V40_A_E5_C9_1T,Z,R4_LHS_03,2.0982514571190563,3.801459627084114e-07,4.2414555423420097e-07,0.8809040022531617,-0.13505863760606546
R4_LHS_03,20260813,V40_A_E5_C9_1T,Z,R4_LHS_03,2.131557035803486,3.2171917041523557e-07,3.6732436115016753e-07,0.8635780093671876,-0.11252655965476904
R4_LHS_03,20260813,V40_A_E5_C9_1T,Z,R4_LHS_03,2.1648626144879155,2.65334591631472e-07,2.6533126629146864e-07,0.8462520164812136,-0.08999448170347264
R4_LHS_03,20260813,V40_A_E5_C9_1T,Z,R4_LHS_03,2.1981681931723447,2.0096207720143866e-07,1.9307655918510136e-07,0.8113149465073358,-0.058619343563232014
R4_LHS_03,20260813,V40_A_E5_C9_1T,Z,R4_LHS_03,2.2314737718567743,1.7718691935897368e-07,1.6015538051306066e-07,0.7390080300298557,-0.008479663070840152
R4_LHS_03,20260813,V40_A_E5_C9_1T,Z,R4_LHS_03,2.264779350541204,1.9037580045733193e-07,1.9631639247563726e-07,0.6667011135523756,0.04166001742155169
R4_LHS_03,20260813,V40_A_E5_C9_1T,Z,R4_LHS_03,2.298084929225633,2.0421603608156147e-07,1.969028318171695e-07,0.5943941970748965,0.09179969791394288
R4_LHS_03,20260813,V40_A_E5_C9_1T,Z,R4_LHS_03,2.3313905079100627,2.0250054433290643e-07,2.2576378455596569e-07,0.5220872805974164,0.14193937840633475
R4_LHS_03,20260813,V40_A_E5_C9_1T,Z,R4_LHS_03,2.364696086594492,1.798936466457235e-07,2.040416262616418e-07,0.47217130432716525,0.1031621836007984
R4_LHS_03,20260813,V40_A_E5_C9_1T,Z,R4_LHS_03,2.3980016652789216,1.625042784780817e-07,1.687168804664907e-07,0.4354673735208058,0.011918509582198505
R4_LHS_03,20260813,V40_A_E5_C9_1T,Z,R4_LHS_03,2.431307243963351,1.4488013277969003e-07,1.284190034311905e-07,0.3987634427144463,-0.07932516443640139
R4_LHS_03,20260813,V40_A_E5_C9_1T,Z,R4_LHS_03,2.4646128226477804,1.443226835817768e-07,1.5707560407918209e-07,0.36205951190808733,-0.17056883845500004
R4_LHS_03,20260813,V40_A_E5_C9_1T,Z,R4_LHS_03,2.49791840133221,1.453789053584842e-07,1.5585838752940617e-07,0.32535558110172785,-0.26181251247359993
R4_LHS_03,20260813,V40_A_E5_C9_1T,Z,R4_LHS_03,2.5312239800166396,1.4235793344141712e-07,1.5168474476467964e-07,0.31872992878849554,-0.18240915949795178
R4_LHS_03,20260813,V40_A_E5_C9_1T,Z,R4_LHS_03,2.564529558701069,1.4142163706765132e-07,1.4037084383744514e-07,0.3141094950414716,-0.09162933805602261
R4_LHS_03,20260813,V40_A_E5_C9_1T,Z,R4_LHS_03,2.5978351373854984,1.3178348012843344e-07,1.5636940986496484e-07,0.30948906129444764,-0.0008495166140922161
R4_LHS_03,20260813,V40_A_E5_C9_1T,Z,R4_LHS_03,2.631140716069928,1.257876363069954e-07,1.2674722427163942e-07,0.30486862754742367,0.08993030482783815
R4_LHS_03,20260813,V40_A_E5_C9_1T,Z,R4_LHS_03,2.6644462947543572,1.199690444764201e-07,1.1718026371454471e-07,0.31984195755879974,0.15151572144814413
R4_LHS_03,20260813,V40_A_E5_C9_1T,Z,R4_LHS_03,2.697751873438787,1.1799491517194838e-07,1.2202769994473783e-07,0.39484062733797176,0.12366431059903571
R4_LHS_03,20260813,V40_A_E5_C9_1T,Z,R4_LHS_03,2.7310574521232165,1.1725636284154461e-07,1.0918519421920792e-07,0.46983929711714384,0.09581289974992728
R4_LHS_03,20260813,V40_A_E5_C9_1T,Z,R4_LHS_03,2.7643630308076457,1.1599026805697576e-07,1.2770412638474227e-07,0.5448379668963148,0.06796148890081921
R4_LHS_03,20260813,V40_A_E5_C9_1T,Z,R4_LHS_03,2.7976686094920753,1.1400035759834282e-07,1.255357915397326e-07,0.6198366366754868,0.04011007805171078
R4_LHS_03,20260813,V40_A_E5_C9_1T,Z,R4_LHS_03,2.8309741881765045,1.1290691048770896e-07,1.0908727432479282e-07,0.6636907310906696,0.02604162698917146
R4_LHS_03,20260813,V40_A_E5_C9_1T,Z,R4_LHS_03,2.864279766860934,1.1229322893768767e-07,1.2667574367242196e-07,0.6825414340164542,0.023038368994722135
R4_LHS_03,20260813,V40_A_E5_C9_1T,Z,R4_LHS_03,2.8975853455453637,1.1202910599195093e-07,1.5055479707370978e-07,0.7013921369422388,0.02003511100027281
R4_LHS_03,20260813,V40_A_E5_C9_1T,Z,R4_LHS_03,2.930890924229793,1.2352488454325794e-07,1.2259769732736459e-07,0.7202428398680232,0.01703185300582353
R4_LHS_03,20260813,V40_A_E5_C9_1T,Z,R4_LHS_03,2.9641965029142225,2.2742337080217112e-07,2.2876129435189796e-07,0.7390935427938078,0.014028595011374205
R4_LHS_03,20260813,V40_A_E5_C9_1T,Z,R4_LHS_03,2.997502081598652,3.612180137224641e-07,3.679140263557201e-07,0.7088394251890121,0.011825338006407286
R4_LHS_03,20260813,V40_A_E5_C9_1T,Z,R4_LHS_03,3.0308076602830814,2.2219241202492412e-07,2.698118066746247e-07,0.6708085260522253,0.009748777990724928
R4_LHS_03,20260813,V40_A_E5_C9_1T,Z,R4_LHS_03,3.064113238967511,1.1794683985044685e-07,1.2659732817610347e-07,0.632777626915438,0.00767221797504254
R4_LHS_03,20260813,V40_A_E5_C9_1T,Z,R4_LHS_03,3.0974188176519406,1.0817239370908283e-07,1.4629542022248643e-07,0.5947467277786508,0.005595657959360154
R4_LHS_03,20260813,V40_A_E5_C9_1T,Z,R4_LHS_03,3.13072439633637,1.0645251791174815e-07,1.1308245007057849e-07,0.5638881537142046,0.0034003577770495962
R4_LHS_03,20260813,V40_A_E5_C9_1T,Z,R4_LHS_03,3.1640299750207994,1.0610573042413307e-07,8.18246164158154e-08,0.5675871459073966,0.0006329458828031871
R4_LHS_03,20260813,V40_A_E5_C9_1T,Z,R4_LHS_03,3.197335553705229,1.080817355614272e-07,9.041983162205725e-08,0.5712861381005884,-0.002134466011443221
R4_LHS_03,20260813,V40_A_E5_C9_1T,Z,R4_LHS_03,3.230641132389658,1.125533160006853e-07,1.7474702929121122e-07,0.5749851302937803,-0.004901877905689593
R4_LHS_03,20260813,V40_A_E5_C9_1T,Z,R4_LHS_03,3.263946711074088,1.193689911360707e-07,1.7594291534805961e-07,0.5786841224869721,-0.007669289799936002
R4_LHS_03,20260813,V40_A_E5_C9_1T,Z,R4_LHS_03,3.297252289758517,1.1932166898986907e-07,1.2322848874646297e-07,0.5693497220294661,0.001408965358639264
R4_LHS_03,20260813,V40_A_E5_C9_1T,Z,R4_LHS_03,3.3305578684429467,1.1749031614272099e-07,1.243153207042269e-07,0.545922303502506,0.023295949932054458
R4_LHS_03,20260813,V40_A_E5_C9_1T,Z,R4_LHS_03,3.3638634471273763,1.1362742213805177e-07,1.011962780239628e-07,0.522494884975546,0.04518293450546965
R4_LHS_03,20260813,V40_A_E5_C9_1T,Z,R4_LHS_03,3.3971690258118055,1.0095337898974321e-07,1.0228429658809546e-07,0.4990674664485862,0.06706991907888456
R4_LHS_03,20260813,V40_A_E5_C9_1T,Z,R4_LHS_03,3.430474604496235,6.350735048954448e-08,6.736991053912789e-08,0.4756400479216261,0.08895690365229975
R4_LHS_03,20260813,V40_A_E5_C9_1T,Z,R4_LHS_03,3.4637801831806647,3.4127506154391085e-08,4.8404924513079095e-08,0.42025446087791896,0.1309203987911683
R4_LHS_03,20260813,V40_A_E5_C9_1T,Z,R4_LHS_03,3.497085761865094,3.3450611169882905e-08,2.360659223654693e-08,0.3563256010624093,0.17825088190297902
R4_LHS_03,20260813,V40_A_E5_C9_1T,Z,R4_LHS_03,3.5303913405495235,3.9922213090903824e-08,3.6457016960866895e-08,0.29239674124689874,0.2255813650147904
R4_LHS_03,20260813,V40_A_E5_C9_1T,Z,R4_LHS_03,3.563696919233953,4.248725460342939e-08,8.414546925905597e-08,0.22846788143138827,0.27291184812660174
R4_LHS_03,20260813,V40_A_E5_C9_1T,Z,R4_LHS_03,3.5970024979183823,4.066452419237976e-08,7.432893056602552e-08,0.1690142525547648,0.2679947371486802
R4_LHS_03,20260813,V40_A_E5_C9_1T,Z,R4_LHS_03,3.630308076602812,3.921217839319979e-08,3.88334564505044e-09,0.15091175755344743,-0.21969014321835045
R4_LHS_03,20260813,V40_A_E5_C9_1T,Z,R4_LHS_03,3.663613655287241,3.827816286161578e-08,9.533415834539483e-08,0.13280926255213032,-0.7073750235853746
R4_LHS_03,20260813,V40_A_E5_C9_1T,Z,R4_LHS_03,3.6969192339716708,3.8727257845039276e-08,8.410657414970046e-08,0.11470676755081297,-1.1950599039524052
R4_LHS_03,20260813,V40_A_E5_C9_1T,Z,R4_LHS_03,3.7302248126561004,3.9423529329951634e-08,3.304183593400012e-08,0.09660427254949562,-1.6827447843194359
R4_LHS_03,20260813,V40_A_E5_C9_1T,Z,R4_LHS_03,3.7635303913405296,4.019806354449429e-08,2.4874685422560106e-08,0.10417399106921019,-1.854657676595136
R4_LHS_03,20260813,V40_A_E5_C9_1T,Z,R4_LHS_03,3.796835970024959,4.03903648305004e-08,4.726946656319342e-08,0.14926463704273996,-1.5650576631989086
R4_LHS_03,20260813,V40_A_E5_C9_1T,Z,R4_LHS_03,3.830141548709389,4.026651367894374e-08,3.8012007763654765e-08,0.19435528301626975,-1.2754576498026813
R4_LHS_03,20260813,V40_A_E5_C9_1T,Z,R4_LHS_03,3.863447127393818,4.031366529488878e-08,3.4127861425758965e-08,0.23944592898979894,-0.9858576364064577
R4_LHS_03,20260813,V40_A_E5_C9_1T,Z,R4_LHS_03,3.8967527060782476,4.026537681056652e-08,5.0003954754629376e-08,0.28453657496332874,-0.6962576230102304
R4_LHS_03,20260813,V40_A_E5_C9_1T,Z,R4_LHS_03,3.9300582847626773,4.021407562504464e-08,5.7933139174792814e-08,0.2791925315232595,-0.0664504039892938
R4_LHS_03,20260813,V40_A_E5_C9_1T,Z,R4_LHS_03,3.9633638634471064,4.0093315334388535e-08,3.468787923566197e-08,0.25372973219689277,0.6990678861278201
R4_LHS_03,20260813,V40_A_E5_C9_1T,Z,R4_LHS_03,3.996669442131536,4.003713982569934e-08,2.4319131597394517e-08,0.22826693287052569,1.4645861762449446
R4_LHS_03,20260813,V40_A_E5_C9_1T,Z,R4_LHS_03,4.029975020815965,3.989462271647426e-08,4.561945488035235e-08,0.20280413354415894,2.2301044663620586
R4_LHS_03,20260813,V40_A_E5_C9_1T,Z,R4_LHS_03,4.063280599500395,3.9875089896668214e-08,9.15707119020226e-08,0.17821856187989965,2.968124139517373
R4_LHS_03,20260813,V40_A_E5_C9_1T,Z,R4_LHS_03,4.0965861781848245,3.952906624249408e-08,4.906373618496218e-08,0.19018414280347087,2.5603681059304515
R4_LHS_03,20260813,V40_A_E5_C9_1T,Z,R4_LHS_03,4.129891756869254,3.896131772762601e-08,9.620547913868904e-09,0.20214972372704212,2.15261207234353
R4_LHS_03,20260813,V40_A_E5_C9_1T,Z,R4_LHS_03,4.163197335553684,3.8196141360913316e-08,8.064263568030583e-08,0.21411530465061335,1.7448560387566077
R4_LHS_03,20260813,V40_A_E5_C9_1T,Z,R4_LHS_03,4.1965029142381125,3.7242497086253934e-08,8.605540813277912e-08,0.22608088557418426,1.3371000051696966
R4_LHS_03,20260813,V40_A_E5_C9_1T,Z,R4_LHS_03,4.229808492922542,3.6801509395445464e-08,3.0845825449432596e-08,0.22734085050451078,1.009192838408767
R4_LHS_03,20260813,V40_A_E5_C9_1T,Z,R4_LHS_03,4.263114071606972,3.645306279054239e-08,2.5125237002043832e-08,0.20706363502489733,0.8419228037330727
R4_LHS_03,20260813,V40_A_E5_C9_1T,Z,R4_LHS_03,4.296419650291401,3.621907040951555e-08,4.9973245097589825e-08,0.18678641954528388,0.6746527690573785
R4_LHS_03,20260813,V40_A_E5_C9_1T,Z,R4_LHS_03,4.329725228975831,3.564039730008517e-08,4.528243024992662e-08,0.16650920406567044,0.5073827343816841
R4_LHS_03,20260813,V40_A_E5_C9_1T,Z,R4_LHS_03,4.36303080766026,3.555067351612706e-08,4.480519066873967e-08,0.14623198858605754,0.3401126997059942
R4_LHS_03,20260813,V40_A_E5_C9_1T,Z,R4_LHS_03,4.396336386344689,3.4790041070209554e-08,3.584476360174449e-08,0.14380275339607787,-0.156489908198926
R4_LHS_03,20260813,V40_A_E5_C9_1T,Z,R4_LHS_03,4.429641965029119,3.440519691366717e-08,3.6499816502555404e-08,0.1513857998319907,-0.8378400571836624
R4_LHS_03,20260813,V40_A_E5_C9_1T,Z,R4_LHS_03,4.462947543713549,3.433046913414728e-08,5.090128141205241e-08,0.15896884626790353,-1.5191902061683986
R4_LHS_03,20260813,V40_A_E5_C9_1T,Z,R4_LHS_03,4.496253122397978,3.420120364694412e-08,3.1344924877885205e-08,0.16655189270381635,-2.200540355153135
R4_LHS_03,20260813,V40_A_E5_C9_1T,Z,R4_LHS_03,4.529558701082408,3.392220193632056e-08,2.6477787073986292e-08,0.17413493913972916,-2.8818905041378713
R4_LHS_03,20260813,V40_A_E5_C9_1T,Z,R4_LHS_03,4.562864279766837,3.348060673147302e-08,3.6489147703377967e-08,0.17601421506428697,-2.2667667945159895
R4_LHS_03,20260813,V40_A_E5_C9_1T,Z,R4_LHS_03,4.596169858451266,3.284289462612833e-08,3.734187004056366e-08,0.17758835100264075,-1.582284401100343
R4_LHS_03,20260813,V40_A_E5_C9_1T,Z,R4_LHS_03,4.629475437135696,3.214895016867558e-08,4.426930289014308e-08,0.17916248694099457,-0.8978020076846964
R4_LHS_03,20260813,V40_A_E5_C9_1T,Z,R4_LHS_03,4.6627810158201255,3.169553508541867e-08,3.903666012661233e-08,0.18073662287934836,-0.21331961426904966
R4_LHS_03,20260813,V40_A_E5_C9_1T,Z,R4_LHS_03,4.696086594504555,3.134794113179851e-08,1.870440868856349e-08,0.17890033697853658,0.2784385550769112
R4_LHS_03,20260813,V40_A_E5_C9_1T,Z,R4_LHS_03,4.729392173188984,3.089720479465541e-08,2.8991818723511642e-08,0.1672461700255826,0.21538456422230304
R4_LHS_03,20260813,V40_A_E5_C9_1T,Z,R4_LHS_03,4.7626977518734135,3.0532756767343017e-08,5.3417203105254885e-08,0.15559200307262827,0.1523305733676932
R4_LHS_03,20260813,V40_A_E5_C9_1T,Z,R4_LHS_03,4.796003330557843,3.0154147623306926e-08,4.260254016230647e-08,0.14393783611967398,0.08927658251308335
R4_LHS_03,20260813,V40_A_E5_C9_1T,Z,R4_LHS_03,4.829308909242273,2.9623206998508067e-08,2.0915134513188605e-08,0.1322836691667197,0.026222591658473515
R4_LHS_03,20260813,V40_A_E5_C9_1T,Z,R4_LHS_03,4.862614487926702,2.9464127138112417e-08,3.4415513994190405e-08,0.1284997430595133,-0.08406995086435398
R4_LHS_03,20260813,V40_A_E5_C9_1T,Z,R4_LHS_03,4.895920066611132,2.919192887418376e-08,4.515344187439041e-08,0.13074062201353437,-0.23052441914698765
R4_LHS_03,20260813,V40_A_E5_C9_1T,Z,R4_LHS_03,4.929225645295561,2.9023421888041412e-08,2.255401732043083e-08,0.1329815009675554,-0.3769788874296174
R4_LHS_03,20260813,V40_A_E5_C9_1T,Z,R4_LHS_03,4.96253122397999,2.8804628016132483e-08,2.1434075847537315e-08,0.13522237992157649,-0.523433355712251
R4_LHS_03,20260813,V40_A_E5_C9_1T,Z,R4_LHS_03,4.99583680266442,2.8429244736116743e-08,3.93426589084811e-08,0.13746325887559754,-0.6698878239948847
R4_LHS_03,20260813,V40_A_E5_C9_1T,Z,R4_LHS_03,5.02914238134885,2.816337385525003e-08,3.862748698679752e-08,0.13693646260294487,-0.5359753409988353
R4_LHS_03,20260813,V40_A_E5_C9_1T,Z,R4_LHS_03,5.062447960033279,2.7890369125316283e-08,2.914373276041715e-08,0.13601428415505315,-0.36201043639154906
R4_LHS_03,20260813,V40_A_E5_C9_1T,Z,R4_LHS_03,5.095753538717709,2.7575056904538542e-08,2.1848430620252657e-08,0.1350921057071614,-0.18804553178426286
R4_LHS_03,20260813,V40_A_E5_C9_1T,Z,R4_LHS_03,5.129059117402138,2.7256678691855996e-08,3.0094408742797896e-08,0.1341699272592697,-0.01408062717698133
R4_LHS_03,20260813,V40_A_E5_C9_1T,Z,R4_LHS_03,5.162364696086567,2.6880877967982997e-08,3.1558172963741526e-08,0.1367890926001969,0.11625273199402962
R4_LHS_03,20260813,V40_A_E5_C9_1T,Z,R4_LHS_03,5.195670274770997,2.660775422214101e-08,2.2977308944405195e-08,0.1551559356403393,0.052564963586720595
R4_LHS_03,20260813,V40_A_E5_C9_1T,Z,R4_LHS_03,5.2289758534554265,2.6142755515934368e-08,2.767763085387287e-08,0.17352277868048174,-0.011122804820588417
R4_LHS_03,20260813,V40_A_E5_C9_1T,Z,R4_LHS_03,5.262281432139856,2.5785382717913308e-08,3.486902144800297e-08,0.19188962172062415,-0.07481057322789744
R4_LHS_03,20260813,V40_A_E5_C9_1T,Z,R4_LHS_03,5.295587010824285,2.5563259953287343e-08,2.5503608114263443e-08,0.2102564647607661,-0.13849834163520475
R4_LHS_03,20260813,V40_A_E5_C9_1T,Z,R4_LHS_03,5.3288925895087145,2.5340938236695365e-08,1.6513553191543906e-08,0.22863342403918893,-0.1994870942300012
R4_LHS_03,20260813,V40_A_E5_C9_1T,Z,R4_LHS_03,5.362198168193144,2.480101279900282e-08,3.440726104031455e-08,0.24702082070631373,-0.25769114797061804
R4_LHS_03,20260813,V40_A_E5_C9_1T,Z,R4_LHS_03,5.395503746877574,2.485225358839216e-08,4.155996435883935e-08,0.26540821737343856,-0.31589520171123486
R4_LHS_03,20260813,V40_A_E5_C9_1T,Z,R4_LHS_03,5.428809325562003,2.466124193745145e-08,2.7800085788953766e-08,0.2837956140405634,-0.37409925545185174
R4_LHS_03,20260813,V40_A_E5_C9_1T,Z,R4_LHS_03,5.462114904246433,2.4271601617442684e-08,1.5331226066450654e-08,0.3021830107076882,-0.4323033091924686
R4_LHS_03,20260813,V40_A_E5_C9_1T,Z,R4_LHS_03,5.495420482930862,2.4359037453791643e-08,2.2019989387445094e-08,0.28582339544627766,-0.3426357580040208
R4_LHS_03,20260813,V40_A_E5_C9_1T,Z,R4_LHS_03,5.528726061615291,2.367877449671596e-08,4.151002741537013e-08,0.26081940160752504,-0.2161806368088329
R4_LHS_03,20260813,V40_A_E5_C9_1T,Z,R4_LHS_03,5.562031640299721,2.367290896643226e-08,2.472172511147619e-08,0.23581540776877236,-0.08972551561364495
R4_LHS_03,20260813,V40_A_E5_C9_1T,Z,R4_LHS_03,5.595337218984151,2.3484231448378523e-08,2.3094955281521834e-08,0.21081141393001968,0.03672960558154298
R4_LHS_03,20260813,V40_A_E5_C9_1T,Z,R4_LHS_03,5.62864279766858,2.318438241388776e-08,2.3203147847539185e-08,0.18875474674467446,0.15819332662421035
R4_LHS_03,20260813,V40_A_E5_C9_1T,Z,R4_LHS_03,5.661948376353009,2.2908377417252268e-08,2.1869666966267687e-08,0.1906977394513544,0.23901278928207675
R4_LHS_03,20260813,V40_A_E5_C9_1T,Z,R4_LHS_03,5.695253955037439,2.2477973260492945e-08,2.346175698164643e-08,0.1926407321580344,0.31983225193994524
R4_LHS_03,20260813,V40_A_E5_C9_1T,Z,R4_LHS_03,5.728559533721868,2.2206677385838702e-08,2.4866700698567e-08,0.1945837248647144,0.40065171459781385
R4_LHS_03,20260813,V40_A_E5_C9_1T,Z,R4_LHS_03,5.761865112406298,2.1923586501770842e-08,2.595867343302416e-08,0.19652671757139437,0.48147117725568234
R4_LHS_03,20260813,V40_A_E5_C9_1T,Z,R4_LHS_03,5.7951706910907275,2.163126033849494e-08,2.2620694650754558e-08,0.19020233180476218,0.6683746562413128
R4_LHS_03,20260813,V40_A_E5_C9_1T,Z,R4_LHS_03,5.828476269775157,2.1305435637941628e-08,2.2884579564674823e-08,0.17236542835099553,1.0030026065618483
R4_LHS_03,20260813,V40_A_E5_C9_1T,Z,R4_LHS_03,5.861781848459586,2.1163934604828682e-08,2.0975633674424898e-08,0.15452852489722935,1.3376305568823748
R4_LHS_03,20260813,V40_A_E5_C9_1T,Z,R4_LHS_03,5.8950874271440155,2.1087563695232348e-08,2.180485481062533e-08,0.1366916214434627,1.6722585072029101
R4_LHS_03,20260813,V40_A_E5_C9_1T,Z,R4_LHS_03,5.928393005828445,2.1019458174009742e-08,2.5849208995509798e-08,0.11885471798969606,2.0068864575234455
R4_LHS_03,20260813,V40_A_E5_C9_1T,Z,R4_LHS_03,5.961698584512875,2.0956180790676626e-08,2.654994624151641e-08,0.12222608848847945,1.8147738305952519
R4_LHS_03,20260813,V40_A_E5_C9_1T,Z,R4_LHS_03,5.995004163197304,2.1022261265102316e-08,1.6277230230343775e-08,0.13357906746402803,1.424425502551969
R4_LHS_03,20260813,V40_A_E5_C9_1T,Z,R4_LHS_03,6.028309741881733,2.0732061400963175e-08,1.7541131214215966e-08,0.14493204643957633,1.0340771745086963
R4_LHS_03,20260813,V40_A_E5_C9_1T,Z,R4_LHS_03,6.061615320566163,2.0629903119129267e-08,2.9473342877395226e-08,0.15628502541512493,0.6437288464654134
R4_LHS_03,20260813,V40_A_E5_C9_1T,Z,R4_LHS_03,6.094920899250592,2.0271636813617988e-08,2.8596959467108718e-08,0.16747915357673906,0.28719207944720354
R4_LHS_03,20260813,V40_A_E5_C9_1T,Z,R4_LHS_03,6.128226477935022,1.998735932318141e-08,1.6777928379951845e-08,0.1743137094003773,0.8585948205609756
R4_LHS_03,20260813,V40_A_E5_C9_1T,Z,R4_LHS_03,6.161532056619452,1.975949714960734e-08,1.659445381108071e-08,0.1811482652240155,1.4299975616747476
R4_LHS_03,20260813,V40_A_E5_C9_1T,Z,R4_LHS_03,6.194837635303881,1.9272048845664358e-08,2.0733892824864597e-08,0.1879828210476537,2.00140030278852
R4_LHS_03,20260813,V40_A_E5_C9_1T,Z,R4_LHS_03,6.22814321398831,1.912483682531274e-08,1.975866759096334e-08,0.19481737687129175,2.5728030439022764
R4_LHS_03,20260813,V40_A_E5_C9_1T,Z,R4_LHS_03,6.26144879267274,1.870153631955418e-08,2.20754756696806e-08,0.19348063228727844,2.6439687796774387
R4_LHS_03,20260813,V40_A_E5_C9_1T,Z,R4_LHS_03,6.294754371357169,1.852314390760057e-08,1.830819940096262e-08,0.17654413237956806,1.76013659616988
R4_LHS_03,20260813,V40_A_E5_C9_1T,Z,R4_LHS_03,6.328059950041599,1.821650741362646e-08,1.8372555032897253e-08,0.15960763247185772,0.8763044126623218
R4_LHS_03,20260813,V40_A_E5_C9_1T,Z,R4_LHS_03,6.3613655287260285,1.7924829620596938e-08,1.7070053814904895e-08,0.14267113256414735,-0.007527770845236592
R4_LHS_03,20260813,V40_A_E5_C9_1T,Z,R4_LHS_03,6.394671107410458,1.772238533703785e-08,1.869235077833764e-08,0.12573463265643697,-0.891359954352795
R4_LHS_03,20260813,V40_A_E5_C9_1T,Z,R4_LHS_03,6.427976686094887,1.7335409552288183e-08,1.7964259413361106e-08,0.12517963128969328,-1.2841465217088475
R4_LHS_03,20260813,V40_A_E5_C9_1T,Z,R4_LHS_03,6.461282264779316,1.7111606354092146e-08,1.7663017715108253e-08,0.13335488962442252,-1.4152381199781938
R4_LHS_03,20260813,V40_A_E5_C9_1T,Z,R4_LHS_03,6.494587843463746,1.7014961883887736e-08,1.9225078418116937e-08,0.14153014795915175,-1.5463297182475404
R4_LHS_03,20260813,V40_A_E5_C9_1T,Z,R4_LHS_03,6.527893422148176,1.6782381706548222e-08,1.4099483358620546e-08,0.14970540629388102,-1.677421316516887
R4_LHS_03,20260813,V40_A_E5_C9_1T,Z,R4_LHS_03,6.561199000832605,1.6449583029043424e-08,1.952990125175802e-08,0.15788066462861025,-1.8085129147862335
R4_LHS_03,20260813,V40_A_E5_C9_1T,Z,R4_LHS_03,6.594504579517034,1.6448719719619476e-08,1.7649480099635184e-08,0.16779841777932925,-1.8540693979080667
R4_LHS_03,20260813,V40_A_E5_C9_1T,Z,R4_LHS_03,6.627810158201464,1.6446344730525198e-08,2.6265880137543718e-08,0.17778700405264972,-1.8961488438287841
R4_LHS_03,20260813,V40_A_E5_C9_1T,Z,R4_LHS_03,6.661115736885893,1.5939633613015758e-08,1.2547240579863228e-08,0.1877755903259702,-1.9382282897495013
R4_LHS_03,20260813,V40_A_E5_C9_1T,Z,R4_LHS_03,6.694421315570323,1.6396306534716132e-08,1.450186637441675e-08,0.19776417659929063,-1.9803077356702188
R4_LHS_03,20260813,V40_A_E5_C9_1T,Z,R4_LHS_03,6.727726894254753,1.5890330828938204e-08,2.759001738183997e-08,0.20567529283147573,-1.9939228958333155
R4_LHS_03,20260813,V40_A_E5_C9_1T,Z,R4_LHS_03,6.761032472939182,1.652524161954716e-08,1.6868789032287168e-08,0.20795616416956964,-1.93039571633446
R4_LHS_03,20260813,V40_A_E5_C9_1T,Z,R4_LHS_03,6.794338051623611,1.6427627258508437e-08,2.6133752939472288e-08,0.21023703550766348,-1.8668685368356064
R4_LHS_03,20260813,V40_A_E5_C9_1T,Z,R4_LHS_03,6.827643630308041,1.5886303827983284e-08,1.4266136716400979e-08,0.21251790684575741,-1.803341357336751
R4_LHS_03,20260813,V40_A_E5_C9_1T,Z,R4_LHS_03,6.86094920899247,1.62860995800429e-08,1.4321559937968686e-08,0.21479877818385135,-1.7398141778378955
R4_LHS_03,20260813,V40_A_E5_C9_1T,Z,R4_LHS_03,6.8942547876769,1.5361935723490205e-08,2.7619778464327283e-08,0.2118426681085986,-1.6763240911879203
R4_LHS_03,20260813,V40_A_E5_C9_1T,Z,R4_LHS_03,6.927560366361329,1.555894257876389e-08,1.244907910091797e-08,0.20506497700198492,-1.6128610722925332
R4_LHS_03,20260813,V40_A_E5_C9_1T,Z,R4_LHS_03,6.960865945045758,1.5059978153431075e-08,1.9374972737296048e-08,0.19828728589537142,-1.5493980533971479
R4_LHS_03,20260813,V40_A_E5_C9_1T,Z,R4_LHS_03,6.994171523730188,1.4677707049770561e-08,1.8504348275882876e-08,0.1915095947887578,-1.4859350345017608
R4_LHS_03,20260813,V40_A_E5_C9_1T,Z,R4_LHS_03,7.027477102414617,1.4728375852257614e-08,1.737534383039474e-08,0.1847319036821441,-1.422472015606374
R4_LHS_03,20260813,V40_A_E5_C9_1T,Z,R4_LHS_03,7.060782681099047,1.4945142012834367e-08,1.4090898226015725e-08,0.18475666906464408,-1.208835137575291
R4_LHS_03,20260813,V40_A_E5_C9_1T,Z,R4_LHS_03,7.094088259783477,1.4761600830581756e-08,1.9357747405024384e-08,0.18565047073870478,-0.9760130528704866
R4_LHS_03,20260813,V40_A_E5_C9_1T,Z,R4_LHS_03,7.127393838467906,1.4628658284721041e-08,1.5575183809346527e-08,0.18654427241276544,-0.7431909681656821
R4_LHS_03,20260813,V40_A_E5_C9_1T,Z,R4_LHS_03,7.160699417152335,1.4658432689884648e-08,2.0539898670790535e-08,0.1874380740868261,-0.5103688834608837
R4_LHS_03,20260813,V40_A_E5_C9_1T,Z,R4_LHS_03,7.194004995836765,1.4393147118596517e-08,1.393556559037279e-08,0.1926561176752073,-0.2960396807557032
R4_LHS_03,20260813,V40_A_E5_C9_1T,Z,R4_LHS_03,7.227310574521194,1.4289134320222274e-08,1.5558892840772387e-08,0.21569003795058828,-0.15790115188897033
R4_LHS_03,20260813,V40_A_E5_C9_1T,Z,R4_LHS_03,7.260616153205624,1.418853123880126e-08,1.7327110413134506e-08,0.23872395822596928,-0.01976262302223747
R4_LHS_03,20260813,V40_A_E5_C9_1T,Z,R4_LHS_03,7.2939217318900536,1.4550638915977743e-08,1.9682978802393336e-08,0.26175787850135024,0.11837590584449542
R4_LHS_03,20260813,V40_A_E5_C9_1T,Z,R4_LHS_03,7.327227310574482,1.4457456565253324e-08,1.1602906191399143e-08,0.28479179877673066,0.2565144347112246
R4_LHS_03,20260813,V40_A_E5_C9_1T,Z,R4_LHS_03,7.360532889258912,1.565226703803546e-08,1.753095624223988e-08,0.2897232637293233,0.3364420124483944
R4_LHS_03,20260813,V40_A_E5_C9_1T,Z,R4_LHS_03,7.3938384679433415,1.4083223476291096e-08,1.844554198271453e-08,0.27683293158118655,0.35906113442235177
R4_LHS_03,20260813,V40_A_E5_C9_1T,Z,R4_LHS_03,7.427144046627771,1.5272304310087748e-08,1.1767276042462527e-08,0.2639425994330499,0.3816802563963091
R4_LHS_03,20260813,V40_A_E5_C9_1T,Z,R4_LHS_03,7.460449625312201,1.4692938421489998e-08,1.9175617538280676e-08,0.25105226728491314,0.40429937837026647
R4_LHS_03,20260813,V40_A_E5_C9_1T,Z,R4_LHS_03,7.49375520399663,1.430046125960871e-08,2.084447991990146e-08,0.23816193513677641,0.42691850034422385
R4_LHS_03,20260813,V40_A_E5_C9_1T,Z,R4_LHS_03,7.527060782681059,1.4287833138837414e-08,1.3222098971255036e-08,0.2373317906277861,0.3390754179146559
R4_LHS_03,20260813,V40_A_E5_C9_1T,Z,R4_LHS_03,7.560366361365489,1.3126946640795722e-08,1.2043969377373287e-08,0.23928476634321366,0.22574105754581392
R4_LHS_03,20260813,V40_A_E5_C9_1T,Z,R4_LHS_03,7.593671940049918,1.327436471854071e-08,1.4575351592327479e-08,0.24123774205864124,0.11240669717697194
R4_LHS_03,20260813,V40_A_E5_C9_1T,Z,R4_LHS_03,7.626977518734348,1.3091438155754531e-08,1.1462635285397482e-08,0.24319071777406884,-0.0009276631918700429
R4_LHS_03,20260813,V40_A_E5_C9_1T,Z,R4_LHS_03,7.660283097418778,1.3128654607896806e-08,1.677119421117368e-08,0.24682953564153964,-0.13338380300135866
R4_LHS_03,20260813,V40_A_E5_C9_1T,Z,R4_LHS_03,7.693588676103206,1.3059973547058235e-08,1.833695861819251e-08,0.2627043046125465,-0.40462705165420887
R4_LHS_03,20260813,V40_A_E5_C9_1T,Z,R4_LHS_03,7.726894254787636,1.4329085473718806e-08,1.908662738969724e-08,0.2785790735835538,-0.6758703003070663
R4_LHS_03,20260813,V40_A_E5_C9_1T,Z,R4_LHS_03,7.760199833472066,1.3605450099873906e-08,1.4594371045006937e-08,0.29445384255456114,-0.9471135489599238
R4_LHS_03,20260813,V40_A_E5_C9_1T,Z,R4_LHS_03,7.793505412156495,1.627777734825031e-08,1.144712058476216e-08,0.31032861152556845,-1.2183567976127812
R4_LHS_03,20260813,V40_A_E5_C9_1T,Z,R4_LHS_03,7.826810990840925,1.442287356212546e-08,1.6431835447860976e-08,0.3239474903534694,-1.365823212710149
R4_LHS_03,20260813,V40_A_E5_C9_1T,Z,R4_LHS_03,7.8601165695253545,1.593189224990965e-08,2.509894336810703e-08,0.33457218771870223,-1.349004012361156
R4_LHS_03,20260813,V40_A_E5_C9_1T,Z,R4_LHS_03,7.893422148209783,1.5224591365381457e-08,1.8325575723565635e-08,0.34519688508393476,-1.3321848120121633
R4_LHS_03,20260813,V40_A_E5_C9_1T,Z,R4_LHS_03,7.926727726894213,1.480912814599833e-08,2.1053331522580265e-08,0.35582158244916756,-1.3153656116631702
R4_LHS_03,20260813,V40_A_E5_C9_1T,Z,R4_LHS_03,7.9600333055786425,1.579008213070665e-08,9.823333257941158e-09,0.36644627981440037,-1.298546411314177
R4_LHS_03,20260813,V40_A_E5_C9_1T,Z,R4_LHS_03,7.993338884263072,1.3534636522649635e-08,2.1367414504425142e-08,0.3487959012426399,-0.9377247205284708
R4_LHS_03,20260813,V40_A_E5_C9_1T,Z,R4_LHS_03,8.026644462947502,1.4197906850199615e-08,2.1724536836131847e-08,0.32112208305300466,-0.45495505694246197
R4_LHS_03,20260813,V40_A_E5_C9_1T,Z,R4_LHS_03,8.05995004163193,1.208240441030739e-08,1.3403064436090517e-08,0.29344826486337017,0.02781460664353408
R4_LHS_03,20260813,V40_A_E5_C9_1T,Z,R4_LHS_03,8.093255620316361,1.2266791138415556e-08,1.2506731650319125e-08,0.2657744466737342,0.5105842702295558
R4_LHS_03,20260813,V40_A_E5_C9_1T,Z,R4_LHS_03,8.12656119900079,1.183553877126542e-08,7.414874936273463e-09,0.23854210371032158,0.9755290044932236
R4_LHS_03,20260813,V40_A_E5_C9_1T,Z,R4_LHS_03,8.159866777685219,1.1622567797076044e-08,1.9378685323090394e-08,0.2202864236800899,1.078033509202839
R4_LHS_03,20260813,V40_A_E5_C9_1T,Z,R4_LHS_03,8.193172356369649,1.1589478710050116e-08,1.2971010043827391e-08,0.20203074364985724,1.1805380139124597
R4_LHS_03,20260813,V40_A_E5_C9_1T,Z,R4_LHS_03,8.226477935054078,1.1316893200330469e-08,1.507477520590328e-08,0.18377506361962556,1.283042518622075
R4_LHS_03,20260813,V40_A_E5_C9_1T,Z,R4_LHS_03,8.259783513738508,1.1290332224689337e-08,7.785584621444741e-09,0.16551938358939292,1.385547023331696
R4_LHS_03,20260813,V40_A_E5_C9_1T,Z,R4_LHS_03,8.293089092422937,1.1324168269766233e-08,1.587870634978117e-08,0.15950902524736926,1.2880350962765033
R4_LHS_03,20260813,V40_A_E5_C9_1T,Z,R4_LHS_03,8.326394671107368,1.1254003950966762e-08,7.412584324129057e-09,0.17570172271363316,0.8278560127246984
R4_LHS_03,20260813,V40_A_E5_C9_1T,Z,R4_LHS_03,8.359700249791796,1.1264310373348962e-08,1.0723939958268147e-08,0.19189442017989616,0.36767692917291805
R4_LHS_03,20260813,V40_A_E5_C9_1T,Z,R4_LHS_03,8.393005828476225,1.1339317040892638e-08,1.7274151886681466e-08,0.2080871176461592,-0.09250215437886222
R4_LHS_03,20260813,V40_A_E5_C9_1T,Z,R4_LHS_03,8.426311407160656,1.1402275568173081e-08,1.3859286163153683e-08,0.2242798151124231,-0.5526812379306669
R4_LHS_03,20260813,V40_A_E5_C9_1T,Z,R4_LHS_03,8.459616985845084,1.1527027332647322e-08,1.4159234673627452e-08,0.21915888357023522,-0.6383134133611298
R4_LHS_03,20260813,V40_A_E5_C9_1T,Z,R4_LHS_03,8.492922564529515,1.1179092318513995e-08,7.685718728112079e-09,0.20325576323553632,-0.5344689176243375
R4_LHS_03,20260813,V40_A_E5_C9_1T,Z,R4_LHS_03,8.526228143213944,1.114223024956118e-08,1.430697516013879e-08,0.18735264290083825,-0.4306244218875508
R4_LHS_03,20260813,V40_A_E5_C9_1T,Z,R4_LHS_03,8.559533721898372,1.094855761607505e-08,1.0222041879615062e-08,0.1714495225661402,-0.32677992615076407
R4_LHS_03,20260813,V40_A_E5_C9_1T,Z,R4_LHS_03,8.592839300582803,1.0948930651011324e-08,1.3786532804260787e-08,0.15554640223144134,-0.2229354304139718
R4_LHS_03,20260813,V40_A_E5_C9_1T,Z,R4_LHS_03,8.626144879267232,1.0898103752765564e-08,9.619006924310725e-09,0.16767700808083996,-0.30429160083759743
R4_LHS_03,20260813,V40_A_E5_C9_1T,Z,R4_LHS_03,8.659450457951662,1.0874164679819387e-08,1.5408740949851563e-08,0.18059571065027302,-0.3908542156914324
R4_LHS_03,20260813,V40_A_E5_C9_1T,Z,R4_LHS_03,8.69275603663609,1.0757480239931283e-08,1.3097352535851314e-08,0.19351441321970536,-0.47741683054526285
R4_LHS_03,20260813,V40_A_E5_C9_1T,Z,R4_LHS_03,8.72606161532052,1.0732352784259547e-08,7.894012554743313e-09,0.2064331157891377,-0.5639794453990932
R4_LHS_03,20260813,V40_A_E5_C9_1T,Z,R4_LHS_03,8.75936719400495,1.0615814893810693e-08,1.3508796747885299e-08,0.21955382599372072,-0.6000669003029238
R4_LHS_03,20260813,V40_A_E5_C9_1T,Z,R4_LHS_03,8.792672772689379,1.0581246101537545e-08,9.016739355161008e-09,0.23319077793257517,-0.5071622797789722
R4_LHS_03,20260813,V40_A_E5_C9_1T,Z,R4_LHS_03,8.82597835137381,1.0607469569379191e-08,1.5959102483975585e-08,0.24682772987143037,-0.41425765925501573
R4_LHS_03,20260813,V40_A_E5_C9_1T,Z,R4_LHS_03,8.859283930058238,1.0515784687470386e-08,1.0117771509499107e-08,0.2604646818102848,-0.3213530387310642
R4_LHS_03,20260813,V40_A_E5_C9_1T,Z,R4_LHS_03,8.892589508742669,1.0440935227506998e-08,9.332072004042402e-09,0.27410163374914,-0.22844841820710765
R4_LHS_03,20260813,V40_A_E5_C9_1T,Z,R4_LHS_03,8.925895087427097,1.0391889126992737e-08,1.3350044625326518e-08,0.28508526349841934,-0.15419426281857931
R4_LHS_03,20260813,V40_A_E5_C9_1T,Z,R4_LHS_03,8.959200666111526,1.0401431715933995e-08,1.4524902169910092e-08,0.2942238678840873,-0.09290897391494517
R4_LHS_03,20260813,V40_A_E5_C9_1T,Z,R4_LHS_03,8.992506244795957,1.0294972874191899e-08,8.86029027924451e-09,0.3033624722697557,-0.031623685011307745
R4_LHS_03,20260813,V40_A_E5_C9_1T,Z,R4_LHS_03,9.025811823480385,1.0175825515545966e-08,1.2375223512606226e-08,0.3125010766554237,0.029661603892326388
R4_LHS_03,20260813,V40_A_E5_C9_1T,Z,R4_LHS_03,9.059117402164816,1.008930095025562e-08,1.0208433209868417e-08,0.3216396810410921,0.0909468927959638
R4_LHS_03,20260813,V40_A_E5_C9_1T,Z,R4_LHS_03,9.092422980849244,1.0134817429729992e-08,1.44956153746989e-08,0.30935165090028865,-0.007389971426535705
R4_LHS_03,20260813,V40_A_E5_C9_1T,Z,R4_LHS_03,9.125728559533673,1.0086714574697453e-08,1.0967829311425703e-08,0.2946414794651892,-0.12377107904589649
R4_LHS_03,20260813,V40_A_E5_C9_1T,Z,R4_LHS_03,9.159034138218104,9.972858094897674e-09,1.4688036564791673e-08,0.27993130803008903,-0.24015218666526345
R4_LHS_03,20260813,V40_A_E5_C9_1T,Z,R4_LHS_03,9.192339716902532,9.81136327737886e-09,9.679830270670209e-09,0.2652211365949896,-0.3565332942846242
R4_LHS_03,20260813,V40_A_E5_C9_1T,Z,R4_LHS_03,9.225645295586963,9.706318415680926e-09,6.30618224306545e-09,0.24632116739671295,-0.5149238243587592
R4_LHS_03,20260813,V40_A_E5_C9_1T,Z,R4_LHS_03,9.258950874271392,9.638086773122723e-09,1.4392431246790238e-08,0.2113734822375976,-0.8342183687407109
R4_LHS_03,20260813,V40_A_E5_C9_1T,Z,R4_LHS_03,9.29225645295582,9.58854151633659e-09,1.1595073345915807e-08,0.1764257970784823,-1.1535129131226625
R4_LHS_03,20260813,V40_A_E5_C9_1T,Z,R4_LHS_03,9.325562031640251,9.568494441225539e-09,1.3852171854011885e-08,0.14147811191936513,-1.4728074575046313
R4_LHS_03,20260813,V40_A_E5_C9_1T,Z,R4_LHS_03,9.35886761032468,9.513628107526984e-09,5.662143642837236e-09,0.10653042676024982,-1.792102001886583
R4_LHS_03,20260813,V40_A_E5_C9_1T,Z,R4_LHS_03,9.39217318900911,9.425359159820346e-09,1.1872901772846944e-08,0.09979666536867836,-1.81111505853444
R4_LHS_03,20260813,V40_A_E5_C9_1T,Z,R4_LHS_03,9.425478767693539,9.395149547231085e-09,9.664147704313564e-09,0.11956689297085933,-1.5480455054927083
R4_LHS_03,20260813,V40_A_E5_C9_1T,Z,R4_LHS_03,9.458784346377968,9.388517518971184e-09,1.072076027952562e-08,0.13933712057304032,-1.2849759524509763
R4_LHS_03,20260813,V40_A_E5_C9_1T,Z,R4_LHS_03,9.492089925062398,9.31714971841302e-09,8.907603543661935e-09,0.15910734817522232,-1.0219063994092303
R4_LHS_03,20260813,V40_A_E5_C9_1T,Z,R4_LHS_03,9.525395503746827,9.281515112036232e-09,9.693581937142426e-09,0.17887757577740332,-0.7588368463674984
R4_LHS_03,20260813,V40_A_E5_C9_1T,Z,R4_LHS_03,9.558701082431257,9.249664145727365e-09,9.918553978138789e-09,0.18304246791842382,-0.7385243892570436
R4_LHS_03,20260813,V40_A_E5_C9_1T,Z,R4_LHS_03,9.592006661115686,9.204326190115353e-09,1.0565359254144369e-08,0.18387920794687504,-0.7699847725110693
R4_LHS_03,20260813,V40_A_E5_C9_1T,Z,R4_LHS_03,9.625312239800117,9.11935771341632e-09,8.840702392376443e-09,0.18471594797532628,-0.8014451557650968
R4_LHS_03,20260813,V40_A_E5_C9_1T,Z,R4_LHS_03,9.658617818484545,9.057035121884383e-09,9.111428944663658e-09,0.1855526880037775,-0.8329055390191225
R4_LHS_03,20260813,V40_A_E5_C9_1T,Z,R4_LHS_03,9.691923397168974,8.979102794626215e-09,9.716115911828638e-09,0.18608245892538616,-0.8490123026674733
R4_LHS_03,20260813,V40_A_E5_C9_1T,Z,R4_LHS_03,9.725228975853405,8.876866353091373e-09,8.745256963038628e-09,0.18460790214937586,-0.7648689618317083
R4_LHS_03,20260813,V40_A_E5_C9_1T,Z,R4_LHS_03,9.758534554537833,8.892635960933148e-09,8.563914910553194e-09,0.18313334537336567,-0.6807256209959478
R4_LHS_03,20260813,V40_A_E5_C9_1T,Z,R4_LHS_03,9.791840133222264,8.81316530865206e-09,9.721741633939018e-09,0.1816587885973554,-0.5965822801601828
R4_LHS_03,20260813,V40_A_E5_C9_1T,Z,R4_LHS_03,9.825145711906693,8.776186000147845e-09,9.1762268894513e-09,0.1801842318213452,-0.5124389393244222
R4_LHS_03,20260813,V40_A_E5_C9_1T,Z,R4_LHS_03,9.858451290591121,8.744430957108307e-09,1.013962069862373e-08,0.18174421929945866,-0.6525385937623333
R4_LHS_03,20260813,V40_A_E5_C9_1T,Z,R4_LHS_03,9.891756869275552,8.624306602200704e-09,7.070700025479937e-09,0.18714438224960453,-1.0764147820421308
R4_LHS_03,20260813,V40_A_E5_C9_1T,Z,R4_LHS_03,9.92506244795998,8.578139087944692e-09,8.05763189504205e-09,0.1925445451997501,-1.5002909703219056
R4_LHS_03,20260813,V40_A_E5_C9_1T,Z,R4_LHS_03,9.958368026644411,8.501168657915059e-09,9.690107383164559e-09,0.19794470814989593,-1.924167158601703
R4_LHS_03,20260813,V40_A_E5_C9_1T,Z,R4_LHS_03,9.99167360532884,8.465261380763422e-09,8.41932923378863e-09,0.2033448711000415,-2.348043346881478
R4_LHS_03,20260813,V40_A_E5_C9_1T,Z,R4_LHS_03,10.024979184013269,8.435599774259117e-09,8.355181435604209e-09,0.20082461242125893,-2.3139162806051172
R4_LHS_03,20260813,V40_A_E5_C9_1T,Z,R4_LHS_03,10.0582847626977,8.376967564061033e-09,7.55918616590634e-09,0.19566421319950025,-2.127121462810046
R4_LHS_03,20260813,V40_A_E5_C9_1T,Z,R4_LHS_03,10.091590341382128,8.36412361593375e-09,9.920014143460776e-09,0.19050381397774183,-1.9403266450149843
R4_LHS_03,20260813,V40_A_E5_C9_1T,Z,R4_LHS_03,10.124895920066558,8.28234458793986e-09,8.905682413740124e-09,0.18534341475598312,-1.7535318272199127
R4_LHS_03,20260813,V40_A_E5_C9_1T,Z,R4_LHS_03,10.158201498750987,8.256835215547653e-09,6.681626363302939e-09,0.18156375222956495,-1.5723985712494488
R4_LHS_03,20260813,V40_A_E5_C9_1T,Z,R4_LHS_03,10.191507077435418,8.209549484661238e-09,7.357935594143328e-09,0.1999679259416171,-1.4822277419275263
R4_LHS_03,20260813,V40_A_E5_C9_1T,Z,R4_LHS_03,10.224812656119846,8.138732354723288e-09,9.486376129075325e-09,0.2183720996536683,-1.3920569126056084
R4_LHS_03,20260813,V40_A_E5_C9_1T,Z,R4_LHS_03,10.258118234804275,8.117098104776233e-09,7.767181564588554e-09,0.2367762733657195,-1.3018860832836907
R4_LHS_03,20260813,V40_A_E5_C9_1T,Z,R4_LHS_03,10.291423813488706,8.025270226141856e-09,8.81245565409472e-09,0.25518044707777165,-1.211715253961768
R4_LHS_03,20260813,V40_A_E5_C9_1T,Z,R4_LHS_03,10.324729392173134,7.993173234410733e-09,9.376400100791216e-09,0.2684653647287403,-1.1472073196868513
R4_LHS_03,20260813,V40_A_E5_C9_1T,Z,R4_LHS_03,10.358034970857565,7.986474592769355e-09,6.2445870696592465e-09,0.27292773469997206,-1.126926927939739
R4_LHS_03,20260813,V40_A_E5_C9_1T,Z,R4_LHS_03,10.391340549541994,7.953480540834335e-09,7.839477511595305e-09,0.27739010467120356,-1.1066465361926277
R4_LHS_03,20260813,V40_A_E5_C9_1T,Z,R4_LHS_03,10.424646128226422,7.907977384036258e-09,8.171912924126445e-09,0.2818524746424351,-1.0863661444455164
R4_LHS_03,20260813,V40_A_E5_C9_1T,Z,R4_LHS_03,10.457951706910853,7.81840547858792e-09,8.825875141837969e-09,0.2863148446136669,-1.0660857526984042
R4_LHS_03,20260813,V40_A_E5_C9_1T,Z,R4_LHS_03,10.491257285595282,7.792828604635815e-09,8.313898902656547e-09,0.26992778542089435,-0.8938519794937488
R4_LHS_03,20260813,V40_A_E5_C9_1T,Z,R4_LHS_03,10.524562864279712,7.77507214166917e-09,8.452637700884225e-09,0.2435378209066621,-0.6487157169192778
R4_LHS_03,20260813,V40_A_E5_C9_1T,Z,R4_LHS_03,10.557868442964141,7.705108551192552e-09,7.514326938462546e-09,0.2171478563924312,-0.4035794543448198
R4_LHS_03,20260813,V40_A_E5_C9_1T,Z,R4_LHS_03,10.59117402164857,7.676509206078208e-09,6.73514355398197e-09,0.1907578918782003,-0.1584431917703617
R4_LHS_03,20260813,V40_A_E5_C9_1T,Z,R4_LHS_03,10.624479600333,7.657097178537242e-09,8.172421850360934e-09,0.164367927363968,0.08669307080410937
R4_LHS_03,20260813,V40_A_E5_C9_1T,Z,R4_LHS_03,10.657785179017429,7.609193275470716e-09,7.3658057431202906e-09,0.20176226626476818,0.6123116681853259
R4_LHS_03,20260813,V40_A_E5_C9_1T,Z,R4_LHS_03,10.69109075770186,7.591918205207548e-09,9.982342064063232e-09,0.24016905442612396,1.1423823661190482
R4_LHS_03,20260813,V40_A_E5_C9_1T,Z,R4_LHS_03,10.724396336386288,7.561094861330275e-09,9.284784496799148e-09,0.27857584258747775,1.6724530640527422
R4_LHS_03,20260813,V40_A_E5_C9_1T,Z,R4_LHS_03,10.757701915070717,7.504286081427836e-09,7.9060766822181e-09,0.3169826307488315,2.2025237619864364
R4_LHS_03,20260813,V40_A_E5_C9_1T,Z,R4_LHS_03,10.791007493755147,7.51306838964183e-09,4.8921022788306345e-09,0.3443304684686224,2.249794087938014
R4_LHS_03,20260813,V40_A_E5_C9_1T,Z,R4_LHS_03,10.824313072439576,7.46855555178172e-09,7.2558212771411945e-09,0.34498937245610356,1.1319061828394157
R4_LHS_03,20260813,V40_A_E5_C9_1T,Z,R4_LHS_03,10.857618651124007,7.394860279674731e-09,1.202322685855961e-08,0.3456482764435847,0.01401827774075759
R4_LHS_03,20260813,V40_A_E5_C9_1T,Z,R4_LHS_03,10.890924229808435,7.390535738949211e-09,9.988140980965454e-09,0.34630718043106584,-1.1038696273578403
R4_LHS_03,20260813,V40_A_E5_C9_1T,Z,R4_LHS_03,10.924229808492866,7.350696940022772e-09,7.673849999889626e-09,0.346966084418547,-2.2217575324564987
R4_LHS_03,20260813,V40_A_E5_C9_1T,Z,R4_LHS_03,10.957535387177295,7.309031602176219e-09,5.418497650566678e-09,0.321672788220181,-2.5126025484165995
R4_LHS_03,20260813,V40_A_E5_C9_1T,Z,R4_LHS_03,10.990840965861723,7.291307557721893e-09,8.773995752164865e-09,0.27919037241820566,-2.2556659105318357
R4_LHS_03,20260813,V40_A_E5_C9_1T,Z,R4_LHS_03,11.024146544546154,7.207697994005002e-09,7.908617760676862e-09,0.236707956616228,-1.9987292726470585
R4_LHS_03,20260813,V40_A_E5_C9_1T,Z,R4_LHS_03,11.057452123230583,7.197797469160605e-09,7.684311853495274e-09,0.1942255408142526,-1.741792634762295
R4_LHS_03,20260813,V40_A_E5_C9_1T,Z,R4_LHS_03,11.090757701915013,7.1678756263793275e-09,8.033884668634528e-09,0.15174312501227497,-1.4848559968775177
R4_LHS_03,20260813,V40_A_E5_C9_1T,Z,R4_LHS_03,11.124063280599442,7.145311009537636e-09,9.304230275120062e-09,0.1448585718349056,-1.669628391059415
R4_LHS_03,20260813,V40_A_E5_C9_1T,Z,R4_LHS_03,11.15736885928387,7.111607747134485e-09,7.587816597265373e-09,0.14148797076210987,-1.8980029643723408
R4_LHS_03,20260813,V40_A_E5_C9_1T,Z,R4_LHS_03,11.190674437968301,7.097068710493204e-09,6.246919870278589e-09,0.13811736968931398,-2.1263775376852787
R4_LHS_03,20260813,V40_A_E5_C9_1T,Z,R4_LHS_03,11.22398001665273,7.034061333399677e-09,7.0955565867336645e-09,0.13474676861651824,-2.3547521109982044
R4_LHS_03,20260813,V40_A_E5_C9_1T,Z,R4_LHS_03,11.25728559533716,7.007671776193547e-09,7.822963610237821e-09,0.1349664779874712,-2.3088382217508294
R4_LHS_03,20260813,V40_A_E5_C9_1T,Z,R4_LHS_03,11.29059117402159,6.9616139519723674e-09,7.996758810691063e-09,0.14800872465752282,-1.2833226805026787
R4_LHS_03,20260813,V40_A_E5_C9_1T,Z,R4_LHS_03,11.323896752706018,6.929508078457047e-09,7.340836383207261e-09,0.16105097132757445,-0.25780713925452803
R4_LHS_03,20260813,V40_A_E5_C9_1T,Z,R4_LHS_03,11.357202331390448,6.937623808767057e-09,6.817034048367532e-09,0.17409321799762675,0.7677084019936777
R4_LHS_03,20260813,V40_A_E5_C9_1T,Z,R4_LHS_03,11.390507910074877,6.894455673034372e-09,7.725626360866045e-09,0.1871354646676784,1.793223943241828
R4_LHS_03,20260813,V40_A_E5_C9_1T,Z,R4_LHS_03,11.423813488759308,6.875376268311584e-09,6.994776757807131e-09,0.19699819486504513,2.2682444159930983
R4_LHS_03,20260813,V40_A_E5_C9_1T,Z,R4_LHS_03,11.457119067443736,6.787134854135957e-09,6.874478764018477e-09,0.20401113622393052,2.249858197721216
R4_LHS_03,20260813,V40_A_E5_C9_1T,Z,R4_LHS_03,11.490424646128167,6.795203955078932e-09,7.028795767638485e-09,0.21102407758281627,2.2314719794493323
R4_LHS_03,20260813,V40_A_E5_C9_1T,Z,R4_LHS_03,11.523730224812596,6.7324448238537116e-09,6.80504319561237e-09,0.21803701894170166,2.21308576117745
R4_LHS_03,20260813,V40_A_E5_C9_1T,Z,R4_LHS_03,11.557035803497024,6.717690848034863e-09,6.125418394731241e-09,0.22504996030058705,2.194699542905567
R4_LHS_03,20260813,V40_A_E5_C9_1T,Z,R4_LHS_03,11.590341382181455,6.715523692690795e-09,7.246184985376658e-09,0.2138707280953056,2.23993863174064
R4_LHS_03,20260813,V40_A_E5_C9_1T,Z,R4_LHS_03,11.623646960865884,6.677443487035362e-09,7.2048331745122596e-09,0.19912106930266574,2.2976649303817447
R4_LHS_03,20260813,V40_A_E5_C9_1T,Z,R4_LHS_03,11.656952539550314,6.664538698686329e-09,7.395150269928763e-09,0.18437141051002512,2.3553912290228523
R4_LHS_03,20260813,V40_A_E5_C9_1T,Z,R4_LHS_03,11.690258118234743,6.683569697685243e-09,5.955939741397742e-09,0.16962175171738525,2.413117527663957
R4_LHS_03,20260813,V40_A_E5_C9_1T,Z,R4_LHS_03,11.723563696919172,6.658797069292177e-09,6.126804841244393e-09,0.15722655094880844,2.377171945760492
R4_LHS_03,20260813,V40_A_E5_C9_1T,Z,R4_LHS_03,11.756869275603602,6.650012096542923e-09,6.26448048990369e-09,0.15876719632265873,1.786790097931024
R4_LHS_03,20260813,V40_A_E5_C9_1T,Z,R4_LHS_03,11.790174854288031,6.598139812297177e-09,6.923451145723902e-09,0.16030784169650894,1.196408250101588
R4_LHS_03,20260813,V40_A_E5_C9_1T,Z,R4_LHS_03,11.823480432972461,6.575882949277911e-09,7.386714795387661e-09,0.16184848707035926,0.6060264022721202
R4_LHS_03,20260813,V40_A_E5_C9_1T,Z,R4_LHS_03,11.85678601165689,6.551961639900128e-09,6.48356701660191e-09,0.16338913244420947,0.0156445544426842
R4_LHS_03,20260813,V40_A_E5_C9_1T,Z,R4_LHS_03,11.890091590341319,6.482552716846612e-09,5.973075367649017e-09,0.1647289065422365,-0.04729439738786223
R4_LHS_03,20260813,V40_A_E5_C9_1T,Z,R4_LHS_03,11.92339716902575,6.4780740771652745e-09,6.671744046116146e-09,0.16582624979013214,0.5263356631939922
R4_LHS_03,20260813,V40_A_E5_C9_1T,Z,R4_LHS_03,11.956702747710178,6.468288571426228e-09,7.073312602301485e-09,0.16692359303802776,1.099965723775816
R4_LHS_03,20260813,V40_A_E5_C9_1T,Z,R4_LHS_03,11.990008326394609,6.424011100847338e-09,6.497649529535465e-09,0.1680209362859234,1.6735957843576703
R4_LHS_03,20260813,V40_A_E5_C9_1T,Z,R4_LHS_03,12.023313905079037,6.382798289905622e-09,5.8942437597409025e-09,0.16911827953381903,2.247225844939494
R4_LHS_03,20260813,V40_A_E5_C9_1T,Z,R4_LHS_03,12.056619483763466,6.3716525389168055e-09,7.045689365270391e-09,0.16367133893537877,2.250964407916867
R4_LHS_03,20260813,V40_A_E5_C9_1T,Z,R4_LHS_03,12.089925062447897,6.288282339284024e-09,7.590958972514272e-09,0.15617721210808452,2.076429220361568
R4_LHS_03,20260813,V40_A_E5_C9_1T,Z,R4_LHS_03,12.123230641132325,6.332521174101657e-09,6.476085445683566e-09,0.14868308528079066,1.9018940328062783
R4_LHS_03,20260813,V40_A_E5_C9_1T,Z,R4_LHS_03,12.156536219816756,6.276695607709826e-09,6.505837202297471e-09,0.14118895845349638,1.7273588452509794
R4_LHS_03,20260813,V40_A_E5_C9_1T,Z,R4_LHS_03,12.189841798501185,6.2754641483309115e-09,6.406360775201847e-09,0.1357438602018723,1.5638879856201724
R4_LHS_03,20260813,V40_A_E5_C9_1T,Z,R4_LHS_03,12.223147377185615,6.290819420939897e-09,6.53412612905413e-09,0.15739147311742013,1.5467121285463141
R4_LHS_03,20260813,V40_A_E5_C9_1T,Z,R4_LHS_03,12.256452955870044,6.222964366031647e-09,7.347789487965883e-09,0.1790390860329668,1.529536271472457
R4_LHS_03,20260813,V40_A_E5_C9_1T,Z,R4_LHS_03,12.289758534554473,6.2059171135331326e-09,6.7819700966254e-09,0.2006866989485135,1.5123604143985996
R4_LHS_03,20260813,V40_A_E5_C9_1T,Z,R4_LHS_03,12.323064113238903,6.1570055720494565e-09,6.107938599342333e-09,0.22233431186406133,1.4951845573247415
R4_LHS_03,20260813,V40_A_E5_C9_1T,Z,R4_LHS_03,12.356369691923332,6.201952729156801e-09,6.663318341537661e-09,0.23597883508167697,1.5377379162523992
R4_LHS_03,20260813,V40_A_E5_C9_1T,Z,R4_LHS_03,12.389675270607762,6.179244671500328e-09,6.433624744062172e-09,0.23650489168103592,1.6781979282134656
R4_LHS_03,20260813,V40_A_E5_C9_1T,Z,R4_LHS_03,12.422980849292191,6.1796456840568226e-09,6.844031563701947e-09,0.23703094828039484,1.8186579401745244
R4_LHS_03,20260813,V40_A_E5_C9_1T,Z,R4_LHS_03,12.45628642797662,6.113117567707604e-09,7.0083689962530116e-09,0.23755700487975376,1.9591179521355833
R4_LHS_03,20260813,V40_A_E5_C9_1T,Z,R4_LHS_03,12.48959200666105,6.0549321112546295e-09,6.216581027729262e-09,0.2380830614791127,2.0995779640966497
R4_LHS_03,20260813,V40_A_E5_C9_1T,Z,R4_LHS_03,12.52289758534548,6.093289428577009e-09,6.227551363480188e-09,0.24400223428065565,1.7423880400010268
R4_LHS_03,20260813,V40_A_E5_C9_1T,Z,R4_LHS_03,12.55620316402991,6.063632707054012e-09,5.608808528734244e-09,0.25237282353773655,1.1589935995160314
R4_LHS_03,20260813,V40_A_E5_C9_1T,Z,R4_LHS_03,12.589508742714338,5.964976512728981e-09,7.377942701225493e-09,0.260743412794817,0.5755991590310672
R4_LHS_03,20260813,V40_A_E5_C9_1T,Z,R4_LHS_03,12.622814321398767,6.035476562971098e-09,7.034316684695341e-09,0.2691140020518975,-0.007795281453896852
R4_LHS_03,20260813,V40_A_E5_C9_1T,Z,R4_LHS_03,12.656119900083198,5.983695317013371e-09,6.0949165714418996e-09,0.2774845913089784,-0.5911897219388922
R4_LHS_03,20260813,V40_A_E5_C9_1T,Z,R4_LHS_03,12.689425478767626,5.941646286089508e-09,4.95671237388251e-09,0.2744983398447823,-0.37388584997929697
R4_LHS_03,20260813,V40_A_E5_C9_1T,Z,R4_LHS_03,12.722731057452057,5.9675167030093235e-09,6.946522468354033e-09,0.27146755175030685,-0.1534419846375838
R4_LHS_03,20260813,V40_A_E5_C9_1T,Z,R4_LHS_03,12.756036636136486,5.90683990608909e-09,7.4084209877867124e-09,0.26843676365583163,0.06700188070411772
R4_LHS_03,20260813,V40_A_E5_C9_1T,Z,R4_LHS_03,12.789342214820916,5.938429303853354e-09,6.2112488485865924e-09,0.26540597556135626,0.28744574604583084
R4_LHS_03,20260813,V40_A_E5_C9_1T,Z,R4_LHS_03,12.822647793505345,5.888501242168331e-09,5.093752086793302e-09,0.2603768373806212,0.43379390284381814
R4_LHS_03,20260813,V40_A_E5_C9_1T,Z,R4_LHS_03,12.855953372189774,5.916364731461954e-09,5.862398566591764e-09,0.2507873618235497,0.4110518529651367
R4_LHS_03,20260813,V40_A_E5_C9_1T,Z,R4_LHS_03,12.889258950874204,5.890997023527689e-09,7.00709890111284e-09,0.24119788626647778,0.388309803086454
R4_LHS_03,20260813,V40_A_E5_C9_1T,Z,R4_LHS_03,12.922564529558633,5.848162842880811e-09,6.275857167281629e-09,0.23160841070940635,0.3655677532077725
R4_LHS_03,20260813,V40_A_E5_C9_1T,Z,R4_LHS_03,12.955870108243063,5.829349003505513e-09,5.725074192497459e-09,0.2220189351523344,0.34282570332908985
R4_LHS_03,20260813,V40_A_E5_C9_1T,Z,R4_LHS_03,12.989175686927492,5.802677449651128e-09,5.751306986212512e-09,0.2102221375847732,0.454378111475618
R4_LHS_03,20260813,V40_A_E5_C9_1T,Z,R4_LHS_03,13.02248126561192,5.772746280996444e-09,6.355108883582261e-09,0.19703346180677606,0.6506130122622293
R4_LHS_03,20260813,V40_A_E5_C9_1T,Z,R4_LHS_03,13.055786844296351,5.72527980580162e-09,5.988072704354863e-09,0.1838447860287782,0.8468479130488511
R4_LHS_03,20260813,V40_A_E5_C9_1T,Z,R4_LHS_03,13.08909242298078,5.71962166517892e-09,5.741293662708813e-09,0.1706561102507811,1.0430828138354624
R4_LHS_03,20260813,V40_A_E5_C9_1T,Z,R4_LHS_03,13.12239800166521,5.675170999808188e-09,5.86255888279652e-09,0.15746743447278322,1.2393177146220842
R4_LHS_03,20260813,V40_A_E5_C9_1T,Z,R4_LHS_03,13.15570358034964,5.663171709358039e-09,6.184802003872392e-09,0.16398886168727678,1.4154348856801318
R4_LHS_03,20260813,V40_A_E5_C9_1T,Z,R4_LHS_03,13.189009159034068,5.668450597795527e-09,6.1143996532564415e-09,0.17218063661299773,1.5898471643883019
R4_LHS_03,20260813,V40_A_E5_C9_1T,Z,R4_LHS_03,13.222314737718499,5.6490723210345095e-09,5.601420660639178e-09,0.18037241153871914,1.7642594430964813
R4_LHS_03,20260813,V40_A_E5_C9_1T,Z,R4_LHS_03,13.255620316402927,5.625955701304974e-09,5.618608245328005e-09,0.18856418646444006,1.9386717218046514
R4_LHS_03,20260813,V40_A_E5_C9_1T,Z,R4_LHS_03,13.288925895087358,5.605889530357899e-09,6.73476074908308e-09,0.20010102408117025,2.088211311686549
R4_LHS_03,20260813,V40_A_E5_C9_1T,Z,R4_LHS_03,13.322231473771787,5.6073043985804816e-09,5.171381989299562e-09,0.2228069693271967,2.1547014151485055
R4_LHS_03,20260813,V40_A_E5_C9_1T,Z,R4_LHS_03,13.355537052456215,5.562125870994805e-09,7.4162875840499964e-09,0.24551291457322316,2.2211915186104627
R4_LHS_03,20260813,V40_A_E5_C9_1T,Z,R4_LHS_03,13.388842631140646,5.547305281794479e-09,5.508334677273297e-09,0.2682188598192508,2.2876816220724234
R4_LHS_03,20260813,V40_A_E5_C9_1T,Z,R4_LHS_03,13.422148209825075,5.583915552165308e-09,5.803435065843132e-09,0.2909248050652773,2.35417172553438
R4_LHS_03,20260813,V40_A_E5_C9_1T,Z,R4_LHS_03,13.455453788509505,5.551758164301646e-09,6.019166498560935e-09,0.2836060809354589,1.8380299694432587
R4_LHS_03,20260813,V40_A_E5_C9_1T,Z,R4_LHS_03,13.488759367193934,5.5269531173962605e-09,6.035667077242124e-09,0.2506140887886157,0.8236957537343603
R4_LHS_03,20260813,V40_A_E5_C9_1T,Z,R4_LHS_03,13.522064945878364,5.508023370737192e-09,7.386364853090299e-09,0.21762209664177065,-0.19063846197459222
R4_LHS_03,20260813,V40_A_E5_C9_1T,Z,R4_LHS_03,13.555370524562793,5.492663213146898e-09,5.181233664330875e-09,0.1846301044949274,-1.2049726776834908
R4_LHS_03,20260813,V40_A_E5_C9_1T,Z,R4_LHS_03,13.588676103247222,5.504584787985323e-09,5.538045577679895e-09,0.15163811234808414,-2.219306893392389
R4_LHS_03,20260813,V40_A_E5_C9_1T,Z,R4_LHS_03,13.621981681931652,5.450970785858544e-09,4.938577546909073e-09,0.1644771666848402,-2.384684631965441
R4_LHS_03,20260813,V40_A_E5_C9_1T,Z,R4_LHS_03,13.655287260616081,5.4374527103107084e-09,5.774067002306538e-09,0.18555313720989036,-2.397484939163869
R4_LHS_03,20260813,V40_A_E5_C9_1T,Z,R4_LHS_03,13.688592839300512,5.410645265158109e-09,5.397042812660402e-09,0.20662910773494164,-2.4102852463622977
R4_LHS_03,20260813,V40_A_E5_C9_1T,Z,R4_LHS_03,13.72189841798494,5.435683014809456e-09,6.9302421579209295e-09,0.2277050782599918,-2.4230855535607256
R4_LHS_03,20260813,V40_A_E5_C9_1T,Z,R4_LHS_03,13.755203996669369,5.421795457039025e-09,6.9092753740562785e-09,0.246482283745479,-2.4494896635822605
R4_LHS_03,20260813,V40_A_E5_C9_1T,Z,R4_LHS_03,13.7885095753538,5.385722978701324e-09,3.6580376505668255e-09,0.2528461580173263,-2.549354308848579
R4_LHS_03,20260813,V40_A_E5_C9_1T,Z,R4_LHS_03,13.821815154038228,5.381834089490667e-09,5.10287945232335e-09,0.2592100322891732,-2.649218954114892
R4_LHS_03,20260813,V40_A_E5_C9_1T,Z,R4_LHS_03,13.855120732722659,5.3830229163054355e-09,6.577910216520877e-09,0.2655739065610205,-2.74908359938121
R4_LHS_03,20260813,V40_A_E5_C9_1T,Z,R4_LHS_03,13.888426311407088,5.3821462842051915e-09,6.13925354997491e-09,0.2719377808328674,-2.848948244647523
R4_LHS_03,20260813,V40_A_E5_C9_1T,Z,R4_LHS_03,13.921731890091516,5.355624388414526e-09,5.839412509089925e-09,0.2727185342209622,-2.8384554515174756
R4_LHS_03,20260813,V40_A_E5_C9_1T,Z,R4_LHS_03,13.955037468775947,5.338698372270301e-09,5.5447242353068305e-09,0.2670716610454101,-2.7009124982168373
R4_LHS_03,20260813,V40_A_E5_C9_1T,Z,R4_LHS_03,13.988343047460376,5.344597653333949e-09,4.28473390101658e-09,0.2614247878698583,-2.563369544916206
R4_LHS_03,20260813,V40_A_E5_C9_1T,Z,R4_LHS_03,14.021648626144806,5.341486808418949e-09,7.456130823868534e-09,0.2557779146943062,-2.425826591615568
R4_LHS_03,20260813,V40_A_E5_C9_1T,Z,R4_LHS_03,14.054954204829235,5.3016937506811246e-09,6.321720924518104e-09,0.2501310415187544,-2.2882836383149368
R4_LHS_03,20260813,V40_A_E5_C9_1T,Z,R4_LHS_03,14.088259783513664,5.289812587960796e-09,3.6449814277972337e-09,0.24410170074753917,-2.2226545669752595
R4_LHS_03,20260813,V40_A_E5_C9_1T,Z,R4_LHS_03,14.121565362198094,5.230128774513787e-09,6.189358803254663e-09,0.23796032401395756,-2.1780911782302015
R4_LHS_03,20260813,V40_A_E5_C9_1T,Z,R4_LHS_03,14.154870940882523,5.198907526704488e-09,6.274838870723443e-09,0.23181894728037625,-2.133527789485146
R4_LHS_03,20260813,V40_A_E5_C9_1T,Z,R4_LHS_03,14.188176519566953,5.1937263378931675e-09,5.4342210731306295e-09,0.22567757054679463,-2.088964400740088
R4_LHS_03,20260813,V40_A_E5_C9_1T,Z,R4_LHS_03,14.221482098251382,5.1793378474940255e-09,5.685125259446977e-09,0.2201755908282969,-2.0384603116434827
R4_LHS_03,20260813,V40_A_E5_C9_1T,Z,R4_LHS_03,14.254787676935813,5.170549322031093e-09,5.18738074717362e-09,0.22182876818334937,-1.9214769567081396
R4_LHS_03,20260813,V40_A_E5_C9_1T,Z,R4_LHS_03,14.288093255620241,5.176091111280812e-09,4.6130770314789515e-09,0.22348194553840178,-1.8044936017728024
R4_LHS_03,20260813,V40_A_E5_C9_1T,Z,R4_LHS_03,14.32139883430467,5.14227149750468e-09,6.156142262625508e-09,0.22513512289345416,-1.6875102468374652
R4_LHS_03,20260813,V40_A_E5_C9_1T,Z,R4_LHS_03,14.3547044129891,5.123965252096241e-09,5.100614153263905e-09,0.22678830024850663,-1.5705268919021218
R4_LHS_03,20260813,V40_A_E5_C9_1T,Z,R4_LHS_03,14.38800999167353,5.13705966653788e-09,5.057913643469192e-09,0.228673428259821,-1.410015391469693
R4_LHS_03,20260813,V40_A_E5_C9_1T,Z,R4_LHS_03,14.42131557035796,5.1204800399773376e-09,6.474633273967356e-09,0.23092039929490416,-1.181599984061795
R4_LHS_03,20260813,V40_A_E5_C9_1T,Z,R4_LHS_03,14.454621149042389,5.1342556872668865e-09,4.948851550778954e-09,0.2331673703299872,-0.9531845766539093
R4_LHS_03,20260813,V40_A_E5_C9_1T,Z,R4_LHS_03,14.487926727726817,5.124893842634037e-09,5.445721207308907e-09,0.23541434136507022,-0.7247691692460236
R4_LHS_03,20260813,V40_A_E5_C9_1T,Z,R4_LHS_03,14.521232306411248,5.0976236565247746e-09,4.1542538298244835e-09,0.23766131240015337,-0.49635376183812574
R4_LHS_03,20260813,V40_A_E5_C9_1T,Z,R4_LHS_03,14.554537885095677,5.08143527255811e-09,4.726348645789358e-09,0.242106200629329,-0.40627212213238995
R4_LHS_03,20260813,V40_A_E5_C9_1T,Z,R4_LHS_03,14.587843463780107,5.075566633649942e-09,6.035770105938809e-09,0.24749656161797468,-0.37569718696890236
R4_LHS_03,20260813,V40_A_E5_C9_1T,Z,R4_LHS_03,14.621149042464536,5.081417953078926e-09,6.092788051859088e-09,0.25288692260662005,-0.34512225180541634
R4_LHS_03,20260813,V40_A_E5_C9_1T,Z,R4_LHS_03,14.654454621148965,5.0327861877974556e-09,5.423570037521586e-09,0.2582772835952654,-0.31454731664193036
R4_LHS_03,20260813,V40_A_E5_C9_1T,Z,R4_LHS_03,14.687760199833395,5.069259678691651e-09,5.451255447042058e-09,0.2636684829696432,-0.2862486852446256
R4_LHS_03,20260813,V40_A_E5_C9_1T,Z,R4_LHS_03,14.721065778517824,5.012220416489299e-09,2.636542539846687e-09,0.26916615733199084,-0.547040632151252
R4_LHS_03,20260813,V40_A_E5_C9_1T,Z,R4_LHS_03,14.754371357202254,4.999722857945699e-09,6.796659679508821e-09,0.27466383169433883,-0.8078325790578924
R4_LHS_03,20260813,V40_A_E5_C9_1T,Z,R4_LHS_03,14.787676935886683,5.033908401230747e-09,4.798338615330522e-09,0.28016150605668655,-1.0686245259645188
R4_LHS_03,20260813,V40_A_E5_C9_1T,Z,R4_LHS_03,14.820982514571114,4.982624091098842e-09,6.733608337583519e-09,0.28565918041903454,-1.329416472871159
R4_LHS_03,20260813,V40_A_E5_C9_1T,Z,R4_LHS_03,14.854288093255542,5.010192705157124e-09,5.106555178713279e-09,0.2837407204952952,-1.5122007999094607
R4_LHS_03,20260813,V40_A_E5_C9_1T,Z,R4_LHS_03,14.887593671939971,4.965282851543407e-09,4.992012581084282e-09,0.2657997482250765,-1.5264501457508164
R4_LHS_03,20260813,V40_A_E5_C9_1T,Z,R4_LHS_03,14.920899250624402,4.927227070794515e-09,4.841227418950211e-09,0.24785877595485692,-1.540699491592173
R4_LHS_03,20260813,V40_A_E5_C9_1T,Z,R4_LHS_03,14.95420482930883,4.940798881136743e-09,4.311514256727378e-09,0.22991780368463827,-1.5549488374335287
R4_LHS_03,20260813,V40_A_E5_C9_1T,Z,R4_LHS_03,14.98751040799326,4.9212229846773425e-09,4.0744860818620054e-09,0.21197683141441864,-1.5691981832748854
R4_LHS_03,20260813,V40_A_E5_C9_1T,Z,R4_LHS_03,15.02081598667769,4.874912917784968e-09,5.961664939491129e-09,0.21032432464884307,-1.445502088727
R4_LHS_03,20260813,V40_A_E5_C9_1T,Z,R4_LHS_03,15.054121565362118,4.889443516731262e-09,5.622589505094311e-09,0.21844489718605142,-1.2390387299455865
R4_LHS_03,20260813,V40_A_E5_C9_1T,Z,R4_LHS_03,15.087427144046549,4.881635984332888e-09,6.5678085192644176e-09,0.22656546972326022,-1.0325753711641619
R4_LHS_03,20260813,V40_A_E5_C9_1T,Z,R4_LHS_03,15.120732722730978,4.8695598664494355e-09,4.730808633723882e-09,0.23468604226046857,-0.8261120123827483
R4_LHS_03,20260813,V40_A_E5_C9_1T,Z,R4_LHS_03,15.154038301415408,4.872549919099356e-09,3.839810691630419e-09,0.24280661479767734,-0.6196486536013238
R4_LHS_03,20260813,V40_A_E5_C9_1T,Z,R4_LHS_03,15.187343880099837,4.832277245014893e-09,3.7110545747509605e-09,0.23270193422267466,-0.7085344073774428
R4_LHS_03,20260813,V40_A_E5_C9_1T,Z,R4_LHS_03,15.220649458784266,4.846965495630684e-09,6.540101793461872e-09,0.22130089673174116,-0.8184282570258461
R4_LHS_03,20260813,V40_A_E5_C9_1T,Z,R4_LHS_03,15.253955037468696,4.842457990150706e-09,5.671384695205006e-09,0.2098998592408071,-0.9283221066742552
R4_LHS_03,20260813,V40_A_E5_C9_1T,Z,R4_LHS_03,15.287260616153125,4.861344216067209e-09,5.937250691090412e-09,0.1984988217498736,-1.0382159563226585
R4_LHS_03,20260813,V40_A_E5_C9_1T,Z,R4_LHS_03,15.320566194837555,4.854206370197289e-09,4.973127687435408e-09,0.18839142582597154,-1.0950935077508366
R4_LHS_03,20260813,V40_A_E5_C9_1T,Z,R4_LHS_03,15.353871773521984,4.814462606361758e-09,4.477325177276725e-09,0.18233187609568507,-0.9860813518447912
R4_LHS_03,20260813,V40_A_E5_C9_1T,Z,R4_LHS_03,15.387177352206413,4.806535613965934e-09,5.638195688106862e-09,0.17627232636539863,-0.8770691959387458
R4_LHS_03,20260813,V40_A_E5_C9_1T,Z,R4_LHS_03,15.420482930890843,4.773348383224629e-09,3.8372669486363975e-09,0.17021277663511186,-0.7680570400326947
R4_LHS_03,20260813,V40_A_E5_C9_1T,Z,R4_LHS_03,15.453788509575272,4.76505279678463e-09,4.8924162499019985e-09,0.16415322690482542,-0.6590448841266492
R4_LHS_03,20260813,V40_A_E5_C9_1T,Z,R4_LHS_03,15.487094088259703,4.7881183462550325e-09,5.414414694371317e-09,0.16455395130144385,-0.37979479713502234
R4_LHS_03,20260813,V40_A_E5_C9_1T,Z,R4_LHS_03,15.520399666944131,4.787793272953422e-09,6.1036957710314255e-09,0.17022369360298448,0.03830182939445825
R4_LHS_03,20260813,V40_A_E5_C9_1T,Z,R4_LHS_03,15.553705245628562,4.776372630743708e-09,5.1968296332916e-09,0.17589343590452539,0.4563984559239611
R4_LHS_03,20260813,V40_A_E5_C9_1T,Z,R4_LHS_03,15.58701082431299,4.768437644742107e-09,5.5568318835241826e-09,0.18156317820606602,0.8744950824534417
R4_LHS_03,20260813,V40_A_E5_C9_1T,Z,R4_LHS_03,15.62031640299742,4.739569181566594e-09,3.4456120179271466e-09,0.18723292050760662,1.2925917089829222
R4_LHS_03,20260813,V40_A_E5_C9_1T,Z,R4_LHS_03,15.65362198168185,4.719668211805583e-09,4.9891317743799846e-09,0.20810795955664024,1.3369828807027206
R4_LHS_03,20260813,V40_A_E5_C9_1T,Z,R4_LHS_03,15.686927560366279,4.736652847725509e-09,5.485778054037382e-09,0.23147113807344366,1.3202222507263994
R4_LHS_03,20260813,V40_A_E5_C9_1T,Z,R4_LHS_03,15.720233139050709,4.69574645833859e-09,6.775438432526926e-09,0.2548343165902483,1.303461620750077
R4_LHS_03,20260813,V40_A_E5_C9_1T,Z,R4_LHS_03,15.753538717735138,4.6838266598570044e-09,7.4107338043916116e-09,0.2781974951070517,1.2867009907737557
R4_LHS_03,20260813,V40_A_E5_C9_1T,Z,R4_LHS_03,15.786844296419567,4.718514468038393e-09,4.0532732725750975e-09,0.29762202541000343,1.2442623419775565
R4_LHS_03,20260813,V40_A_E5_C9_1T,Z,R4_LHS_03,15.820149875103997,4.719518997831074e-09,5.95680527126774e-09,0.29753650758387545,1.0746279255386937
R4_LHS_03,20260813,V40_A_E5_C9_1T,Z,R4_LHS_03,15.853455453788426,4.710913437122599e-09,6.8948216025432885e-09,0.2974509897577475,0.9049935090998401
R4_LHS_03,20260813,V40_A_E5_C9_1T,Z,R4_LHS_03,15.886761032472856,4.695714483915481e-09,7.887299702247219e-09,0.2973654719316195,0.7353590926609774
R4_LHS_03,20260813,V40_A_E5_C9_1T,Z,R4_LHS_03,15.920066611157285,4.7029566907497156e-09,4.797345187768087e-09,0.2972799541054915,0.5657246762221239
R4_LHS_03,20260813,V40_A_E5_C9_1T,Z,R4_LHS_03,15.953372189841714,4.683315513176467e-09,5.114631829172822e-09,0.293098112675272,0.4008683856827902
R4_LHS_03,20260813,V40_A_E5_C9_1T,Z,R4_LHS_03,15.986677768526144,4.655962282384962e-09,7.36319982763689e-09,0.2844170305651487,0.24126020063964165
R4_LHS_03,20260813,V40_A_E5_C9_1T,Z,R4_LHS_03,16.019983347210573,4.659577168553142e-09,6.096259941301696e-09,0.27573594845502586,0.08165201559650159
R4_LHS_03,20260813,V40_A_E5_C9_1T,Z,R4_LHS_03,16.053288925895004,4.624830296506843e-09,5.606666686475137e-09,0.26705486634490255,-0.07795616944664696
R4_LHS_03,20260813,V40_A_E5_C9_1T,Z,R4_LHS_03,16.086594504579434,4.614718385198557e-09,4.4927821463147666e-09,0.25837378423477925,-0.23756435448979563
R4_LHS_03,20260813,V40_A_E5_C9_1T,Z,R4_LHS_03,16.11990008326386,4.628746719248511e-09,4.029551359252537e-09,0.24337364648849563,-0.3958307048065458
R4_LHS_03,20260813,V40_A_E5_C9_1T,Z,R4_LHS_03,16.15320566194829,4.595334779367022e-09,4.766227856833893e-09,0.22664441391639545,-0.5537298864170894
R4_LHS_03,20260813,V40_A_E5_C9_1T,Z,R4_LHS_03,16.186511240632722,4.579510104463225e-09,5.29507193647305e-09,0.20991518134429527,-0.7116290680276329
R4_LHS_03,20260813,V40_A_E5_C9_1T,Z,R4_LHS_03,16.21981681931715,4.557849209163578e-09,5.468319574930547e-09,0.19318594877219686,-0.8695282496381596
R4_LHS_03,20260813,V40_A_E5_C9_1T,Z,R4_LHS_03,16.25312239800158,4.561008459802451e-09,6.7851004814656335e-09,0.1779300307577397,-1.0196674686982958
R4_LHS_03,20260813,V40_A_E5_C9_1T,Z,R4_LHS_03,16.28642797668601,4.581410362192173e-09,3.541399395956546e-09,0.176916153467168,-1.0947937164378134
R4_LHS_03,20260813,V40_A_E5_C9_1T,Z,R4_LHS_03,16.319733555370437,4.567040523539845e-09,4.7096593291939826e-09,0.17590227617659637,-1.169919964177323
R4_LHS_03,20260813,V40_A_E5_C9_1T,Z,R4_LHS_03,16.353039134054868,4.574919554301005e-09,4.120066066093386e-09,0.17488839888602467,-1.2450462119168406
R4_LHS_03,20260813,V40_A_E5_C9_1T,Z,R4_LHS_03,16.386344712739298,4.5382968494322995e-09,5.51946088833688e-09,0.17387452159545297,-1.3201724596563582
R4_LHS_03,20260813,V40_A_E5_C9_1T,Z,R4_LHS_03,16.41965029142373,4.533765807224199e-09,5.246952650139747e-09,0.17087474492666158,-1.0712236619610216
R4_LHS_03,20260813,V40_A_E5_C9_1T,Z,R4_LHS_03,16.452955870108156,4.527881181104476e-09,5.169459527110121e-09,0.16492504005527395,-0.3408818356103178
R4_LHS_03,20260813,V40_A_E5_C9_1T,Z,R4_LHS_03,16.486261448792586,4.535212205780681e-09,4.633423422717442e-09,0.1589753351838857,0.38945999074046367
R4_LHS_03,20260813,V40_A_E5_C9_1T,Z,R4_LHS_03,16.519567027477017,4.534354225427251e-09,4.30291802189231e-09,0.15302563031249744,1.1198018170912452
R4_LHS_03,20260813,V40_A_E5_C9_1T,Z,R4_LHS_03,16.552872606161444,4.524593588683956e-09,5.666970004369887e-09,0.1470759254411098,1.8501436434419487
R4_LHS_03,20260813,V40_A_E5_C9_1T,Z,R4_LHS_03,16.586178184845874,4.546790055570682e-09,3.441025908657025e-09,0.14213433795973804,1.9273620358513888
R4_LHS_03,20260813,V40_A_E5_C9_1T,Z,R4_LHS_03,16.619483763530305,4.533583730648161e-09,5.764075439174121e-09,0.13760264436221908,1.7390247463286554
R4_LHS_03,20260813,V40_A_E5_C9_1T,Z,R4_LHS_03,16.652789342214735,4.514319584814075e-09,3.5023752786855766e-09,0.13307095076470013,1.550687456805922
R4_LHS_03,20260813,V40_A_E5_C9_1T,Z,R4_LHS_03,16.686094920899162,4.489689953146581e-09,5.995328677954603e-09,0.12853925716718168,1.3623501672832088
R4_LHS_03,20260813,V40_A_E5_C9_1T,Z,R4_LHS_03,16.719400499583593,4.495860128628237e-09,4.8846149347525625e-09,0.124165254208468,1.1787923717379687
R4_LHS_03,20260813,V40_A_E5_C9_1T,Z,R4_LHS_03,16.752706078268023,4.4792201059351555e-09,4.842756862188935e-09,0.12770732131776585,1.2351651738625018
R4_LHS_03,20260813,V40_A_E5_C9_1T,Z,R4_LHS_03,16.78601165695245,4.473887038614066e-09,4.372122663909295e-09,0.13124938842706332,1.291537975987029
R4_LHS_03,20260813,V40_A_E5_C9_1T,Z,R4_LHS_03,16.81931723563688,4.497259897817685e-09,3.5884848426093185e-09,0.13479145553636115,1.347910778111562
R4_LHS_03,20260813,V40_A_E5_C9_1T,Z,R4_LHS_03,16.85262281432131,4.485982696422752e-09,5.23195708979074e-09,0.138333522645659,1.4042835802360951
R4_LHS_03,20260813,V40_A_E5_C9_1T,Z,R4_LHS_03,16.885928393005738,4.475643855528233e-09,4.963916833133908e-09,0.14253610825409577,1.316584140335309
R4_LHS_03,20260813,V40_A_E5_C9_1T,Z,R4_LHS_03,16.91923397169017,4.468619252406825e-09,5.537891922813287e-09,0.1480911841226756,0.933879633430237
R4_LHS_03,20260813,V40_A_E5_C9_1T,Z,R4_LHS_03,16.9525395503746,4.452567203827584e-09,3.713756857592898e-09,0.15364625999125545,0.5511751265251653
R4_LHS_03,20260813,V40_A_E5_C9_1T,Z,R4_LHS_03,16.98584512905903,4.444832946148836e-09,5.591218599221293e-09,0.15920133585983529,0.16847061962009358
R4_LHS_03,20260813,V40_A_E5_C9_1T,Z,R4_LHS_03,17.019150707743457,4.437602285634057e-09,3.591584363249467e-09,0.16475641172841454,-0.21423388728493742
R4_LHS_03,20260813,V40_A_E5_C9_1T,Z,R4_LHS_03,17.052456286427887,4.434609568448877e-09,5.082940290890292e-09,0.1598073787534357,-0.3013161252175921
R4_LHS_03,20260813,V40_A_E5_C9_1T,Z,R4_LHS_03,17.085761865112318,4.439199230432678e-09,4.478662329887584e-09,0.1488652039229312,-0.21973044281633786
R4_LHS_03,20260813,V40_A_E5_C9_1T,Z,R4_LHS_03,17.119067443796744,4.406555564884229e-09,4.988662816174383e-09,0.1379230290924279,-0.13814476041509227
R4_LHS_03,20260813,V40_A_E5_C9_1T,Z,R4_LHS_03,17.152373022481175,4.392226138349997e-09,5.0678337082388225e-09,0.1269808542619234,-0.05655907801383803
R4_LHS_03,20260813,V40_A_E5_C9_1T,Z,R4_LHS_03,17.185678601165606,4.383664098384088e-09,4.377067597260975e-09,0.1160386794314189,0.025026604387416274
R4_LHS_03,20260813,V40_A_E5_C9_1T,Z,R4_LHS_03,17.218984179850036,4.405223741343889e-09,4.814797893715195e-09,0.12041958052351767,-0.14488464082398544
R4_LHS_03,20260813,V40_A_E5_C9_1T,Z,R4_LHS_03,17.252289758534463,4.3925036941061535e-09,3.635389766998287e-09,0.12568694055328572,-0.3293452950707876
R4_LHS_03,20260813,V40_A_E5_C9_1T,Z,R4_LHS_03,17.285595337218894,4.352699978227292e-09,5.126568058955172e-09,0.13095430058305435,-0.5138059493176095
R4_LHS_03,20260813,V40_A_E5_C9_1T,Z,R4_LHS_03,17.318900915903324,4.370642958662074e-09,4.2522962928615016e-09,0.13622166061282298,-0.6982666035644313
R4_LHS_03,20260813,V40_A_E5_C9_1T,Z,R4_LHS_03,17.35220649458775,4.389241414770595e-09,5.39204236815749e-09,0.14532082862252493,-0.7984718256300439
R4_LHS_03,20260813,V40_A_E5_C9_1T,Z,R4_LHS_03,17.38551207327218,4.3980836750279195e-09,4.835503997213664e-09,0.16567961700403372,-0.6510957008247833
R4_LHS_03,20260813,V40_A_E5_C9_1T,Z,R4_LHS_03,17.418817651956612,4.382834539740088e-09,4.135985776088091e-09,0.1860384053855425,-0.5037195760195228
R4_LHS_03,20260813,V40_A_E5_C9_1T,Z,R4_LHS_03,17.45212323064104,4.375579454318768e-09,4.255187757706835e-09,0.2063971937670491,-0.35634345121427796
R4_LHS_03,20260813,V40_A_E5_C9_1T,Z,R4_LHS_03,17.48542880932547,4.381706997236279e-09,4.0398857592549575e-09,0.22675598214855788,-0.20896732640901738
R4_LHS_03,20260813,V40_A_E5_C9_1T,Z,R4_LHS_03,17.5187343880099,4.394618891012669e-09,4.941386411161375e-09,0.23124430996740375,-0.25313512533035026
R4_LHS_03,20260813,V40_A_E5_C9_1T,Z,R4_LHS_03,17.55203996669433,4.38371827726769e-09,5.190969432078418e-09,0.2233889462375121,-0.446281531594585
R4_LHS_03,20260813,V40_A_E5_C9_1T,Z,R4_LHS_03,17.585345545378757,4.365756200996884e-09,4.4225099138373025e-09,0.2155335825076213,-0.639427937858799
R4_LHS_03,20260813,V40_A_E5_C9_1T,Z,R4_LHS_03,17.618651124063188,4.357514349351277e-09,4.335760195317562e-09,0.20767821877772966,-0.8325743441230339
R4_LHS_03,20260813,V40_A_E5_C9_1T,Z,R4_LHS_03,17.65195670274762,4.353133853385316e-09,4.0675787182919976e-09,0.19982285504783803,-1.0257207503872685
R4_LHS_03,20260813,V40_A_E5_C9_1T,Z,R4_LHS_03,17.685262281432045,4.365191319521955e-09,4.552846988303827e-09,0.18340778148591244,-0.8750733288127599
R4_LHS_03,20260813,V40_A_E5_C9_1T,Z,R4_LHS_03,17.718567860116476,4.352812776886594e-09,4.307053380614434e-09,0.16572602440624,-0.673550587423535
R4_LHS_03,20260813,V40_A_E5_C9_1T,Z,R4_LHS_03,17.751873438800907,4.350313442813558e-09,4.8911457106726175e-09,0.14804426732656759,-0.47202784603431014
R4_LHS_03,20260813,V40_A_E5_C9_1T,Z,R4_LHS_03,17.785179017485337,4.335333425586896e-09,4.091189165222886e-09,0.13036251024689516,-0.27050510464508526
R4_LHS_03,20260813,V40_A_E5_C9_1T,Z,R4_LHS_03,17.818484596169764,4.315768187268532e-09,4.629937322420119e-09,0.1183841342260008,-0.10747035219955262
R4_LHS_03,20260813,V40_A_E5_C9_1T,Z,R4_LHS_03,17.851790174854195,4.341412562780533e-09,4.293065014593367e-09,0.13244293260385848,-0.12014163623592726
R4_LHS_03,20260813,V40_A_E5_C9_1T,Z,R4_LHS_03,17.885095753538625,4.3341170652411165e-09,4.572957568171887e-09,0.14650173098171618,-0.1328129202723019
R4_LHS_03,20260813,V40_A_E5_C9_1T,Z,R4_LHS_03,17.918401332223052,4.320048763162276e-09,4.070257020316603e-09,0.16056052935957235,-0.1454842043086752
R4_LHS_03,20260813,V40_A_E5_C9_1T,Z,R4_LHS_03,17.951706910907482,4.316955237726461e-09,4.19312451427345e-09,0.17461932773743005,-0.15815548834504983
R4_LHS_03,20260813,V40_A_E5_C9_1T,Z,R4_LHS_03,17.985012489591913,4.32919122772546e-09,4.5650776492323075e-09,0.1807301463706605,-0.22138041803780045
R4_LHS_03,20260813,V40_A_E5_C9_1T,Z,R4_LHS_03,18.01831806827634,4.344935078393064e-09,4.633148975585755e-09,0.1785114822315237,-0.3375855683784089
R4_LHS_03,20260813,V40_A_E5_C9_1T,Z,R4_LHS_03,18.05162364696077,4.323760904867413e-09,4.672754627677023e-09,0.17629281809238667,-0.4537907187190299
R4_LHS_03,20260813,V40_A_E5_C9_1T,Z,R4_LHS_03,18.0849292256452,4.316373480861557e-09,4.2727066329462104e-09,0.17407415395324963,-0.5699958690596507
R4_LHS_03,20260813,V40_A_E5_C9_1T,Z,R4_LHS_03,18.11823480432963,4.310551915409633e-09,4.0892773611744815e-09,0.17185548981411258,-0.6862010194002717
R4_LHS_03,20260813,V40_A_E5_C9_1T,Z,R4_LHS_03,18.15154038301406,4.297233680006229e-09,4.235106931815835e-09,0.1725096664237142,-0.4900584651171257
R4_LHS_03,20260813,V40_A_E5_C9_1T,Z,R4_LHS_03,18.18484596169849,4.287855404072616e-09,4.751145254999756e-09,0.17389613577319027,-0.21429786847890037
R4_LHS_03,20260813,V40_A_E5_C9_1T,Z,R4_LHS_03,18.21815154038292,4.2846011183428345e-09,4.084677041049645e-09,0.17528260512266633,0.061462728159324964
R4_LHS_03,20260813,V40_A_E5_C9_1T,Z,R4_LHS_03,18.251457119067346,4.295885425165125e-09,4.629394201316472e-09,0.17666907447214225,0.33722332479752093
R4_LHS_03,20260813,V40_A_E5_C9_1T,Z,R4_LHS_03,18.284762697751777,4.273267517618251e-09,4.552745291874771e-09,0.1765788963047493,0.5915903253023264
R4_LHS_03,20260813,V40_A_E5_C9_1T,Z,R4_LHS_03,18.318068276436207,4.245778395528532e-09,3.800955550303797e-09,0.16396455956835387,0.6645079363791995
R4_LHS_03,20260813,V40_A_E5_C9_1T,Z,R4_LHS_03,18.351373855120634,4.253352781091735e-09,4.710147827324818e-09,0.1513502228319598,0.7374255474560647
R4_LHS_03,20260813,V40_A_E5_C9_1T,Z,R4_LHS_03,18.384679433805065,4.259012698071274e-09,3.972838502619425e-09,0.1387358860955644,0.8103431585329379
R4_LHS_03,20260813,V40_A_E5_C9_1T,Z,R4_LHS_03,18.417985012489495,4.25167945294902e-09,4.838371481241666e-09,0.12612154935916897,0.8832607696098109
R4_LHS_03,20260813,V40_A_E5_C9_1T,Z,R4_LHS_03,18.451290591173926,4.259179231524968e-09,4.034083289639057e-09,0.1196955670722818,0.628094275229893
R4_LHS_03,20260813,V40_A_E5_C9_1T,Z,R4_LHS_03,18.484596169858353,4.267848741079661e-09,4.127768793438236e-09,0.12202669013846831,-0.09134217970181169
R4_LHS_03,20260813,V40_A_E5_C9_1T,Z,R4_LHS_03,18.517901748542783,4.257115993056004e-09,4.342141313173897e-09,0.12435781320465508,-0.8107786346335932
R4_LHS_03,20260813,V40_A_E5_C9_1T,Z,R4_LHS_03,18.551207327227214,4.2588097493023724e-09,4.699078903769305e-09,0.12668893627084185,-1.5302150895653748
R4_LHS_03,20260813,V40_A_E5_C9_1T,Z,R4_LHS_03,18.58451290591164,4.256722530016077e-09,3.975392903754482e-09,0.12902005933702837,-2.2496515444970795
R4_LHS_03,20260813,V40_A_E5_C9_1T,Z,R4_LHS_03,18.61781848459607,4.263847941388121e-09,4.357587624070902e-09,0.14460843285355013,-1.7607273174066416
R4_LHS_03,20260813,V40_A_E5_C9_1T,Z,R4_LHS_03,18.651124063280502,4.278190690598649e-09,4.298656985923799e-09,0.16528472411047035,-0.8080538555941945
R4_LHS_03,20260813,V40_A_E5_C9_1T,Z,R4_LHS_03,18.684429641964933,4.263045472185922e-09,4.230445327380039e-09,0.18596101536739057,0.14461960621825254
R4_LHS_03,20260813,V40_A_E5_C9_1T,Z,R4_LHS_03,18.71773522064936,4.244377738160665e-09,4.507898498928853e-09,0.20663730662430863,1.0972930680305977
R4_LHS_03,20260813,V40_A_E5_C9_1T,Z,R4_LHS_03,18.75104079933379,4.2415155832031814e-09,3.877981935573871e-09,0.22719097499744234,2.016629857087906
R4_LHS_03,20260813,V40_A_E5_C9_1T,Z,R4_LHS_03,18.78434637801822,4.247588503147881e-09,4.408915899034582e-09,0.24394333397319867,1.9025297907369454
R4_LHS_03,20260813,V40_A_E5_C9_1T,Z,R4_LHS_03,18.817651956702647,4.231150096956071e-09,4.610746895394868e-09,0.26069569294895323,1.7884297243859972
R4_LHS_03,20260813,V40_A_E5_C9_1T,Z,R4_LHS_03,18.850957535387078,4.2124392862774585e-09,4.7331467634137425e-09,0.2774480519247095,1.6743296580350366
R4_LHS_03,20260813,V40_A_E5_C9_1T,Z,R4_LHS_03,18.88426311407151,4.219604221589179e-09,3.907934420510628e-09,0.29420041090046584,1.560229591684076
R4_LHS_03,20260813,V40_A_E5_C9_1T,Z,R4_LHS_03,18.917568692755935,4.2334264982457626e-09,4.108106743672124e-09,0.2983930122346117,1.4316352394399465
R4_LHS_03,20260813,V40_A_E5_C9_1T,Z,R4_LHS_03,18.950874271440366,4.232020955896587e-09,4.320964475112987e-09,0.2781879234373519,1.2748853203458246
R4_LHS_03,20260813,V40_A_E5_C9_1T,Z,R4_LHS_03,18.984179850124796,4.223932759117588e-09,4.505273487609429e-09,0.2579828346400921,1.1181354012517026
R4_LHS_03,20260813,V40_A_E5_C9_1T,Z,R4_LHS_03,19.017485428809227,4.2021262025571104e-09,4.588924795712046e-09,0.23777774584283232,0.9613854821575807
R4_LHS_03,20260813,V40_A_E5_C9_1T,Z,R4_LHS_03,19.050791007493654,4.2247338960521574e-09,4.416715437827179e-09,0.21757265704557469,0.8046355630634755
R4_LHS_03,20260813,V40_A_E5_C9_1T,Z,R4_LHS_03,19.084096586178084,4.220525706699618e-09,4.2717007708859e-09,0.20171425153472533,0.7068266717222258
R4_LHS_03,20260813,V40_A_E5_C9_1T,Z,R4_LHS_03,19.117402164862515,4.196638592190993e-09,4.123733798877538e-09,0.18821248154060385,0.6409737592831272
R4_LHS_03,20260813,V40_A_E5_C9_1T,Z,R4_LHS_03,19.150707743546942,4.203712045125485e-09,4.328432723355036e-09,0.17471071154648382,0.5751208468440354
R4_LHS_03,20260813,V40_A_E5_C9_1T,Z,R4_LHS_03,19.184013322231372,4.221967664364001e-09,4.287303401184772e-09,0.16120894155236237,0.5092679344049367
R4_LHS_03,20260813,V40_A_E5_C9_1T,Z,R4_LHS_03,19.217318900915803,4.2053098781025255e-09,4.562379807282468e-09,0.14770717155824092,0.44341502196583804
R4_LHS_03,20260813,V40_A_E5_C9_1T,Z,R4_LHS_03,19.250624479600233,4.207053372340397e-09,4.568917688629881e-09,0.14533963767217636,0.25983674845328264
R4_LHS_03,20260813,V40_A_E5_C9_1T,Z,R4_LHS_03,19.28393005828466,4.215253479600278e-09,4.2469987526772e-09,0.143472008264432,0.07097284648439822
R4_LHS_03,20260813,V40_A_E5_C9_1T,Z,R4_LHS_03,19.31723563696909,4.204067316493365e-09,4.4524157694070254e-09,0.14160437885668742,-0.11789105548450629
R4_LHS_03,20260813,V40_A_E5_C9_1T,Z,R4_LHS_03,19.35054121565352,4.205282344571515e-09,4.190555902283677e-09,0.13973674944894285,-0.30675495745341086
R4_LHS_03,20260813,V40_A_E5_C9_1T,Z,R4_LHS_03,19.38384679433795,4.184581570143564e-09,4.278012610825499e-09,0.13961659512055305,-0.453064684888703
R4_LHS_03,20260813,V40_A_E5_C9_1T,Z,R4_LHS_03,19.41715237302238,4.198792424858766e-09,4.470963155256413e-09,0.14432769542332008,-0.48172463567231183
R4_LHS_03,20260813,V40_A_E5_C9_1T,Z,R4_LHS_03,19.45045795170681,4.209054438319981e-09,4.184032675880189e-09,0.1490387957260871,-0.5103845864559207
R4_LHS_03,20260813,V40_A_E5_C9_1T,Z,R4_LHS_03,19.483763530391236,4.211452075963962e-09,4.613745829828986e-09,0.1537498960288536,-0.5390445372395264
R4_LHS_03,20260813,V40_A_E5_C9_1T,Z,R4_LHS_03,19.517069109075667,4.207690640356532e-09,4.268824849162911e-09,0.15846099633162064,-0.5677044880231352
R4_LHS_03,20260813,V40_A_E5_C9_1T,Z,R4_LHS_03,19.550374687760097,4.2032901603761275e-09,4.186293978136746e-09,0.15646939309659724,-0.5935887567804425
R4_LHS_03,20260813,V40_A_E5_C9_1T,Z,R4_LHS_03,19.583680266444528,4.2216177220666395e-09,4.4163108725570055e-09,0.14950775798661367,-0.6174148667563427
R4_LHS_03,20260813,V40_A_E5_C9_1T,Z,R4_LHS_03,19.616985845128955,4.2305745573401055e-09,4.0717993421424126e-09,0.14254612287663088,-0.6412409767322403
R4_LHS_03,20260813,V40_A_E5_C9_1T,Z,R4_LHS_03,19.650291423813385,4.2029495439521725e-09,4.398862163412787e-09,0.1355844877666473,-0.6650670867081405
R4_LHS_03,20260813,V40_A_E5_C9_1T,Z,R4_LHS_03,19.683597002497816,4.223201788278175e-09,4.362627148424281e-09,0.12862285265666376,-0.6888931966840406
R4_LHS_03,20260813,V40_A_E5_C9_1T,Z,R4_LHS_03,19.716902581182243,4.227137306855866e-09,4.31861746363893e-09,0.13199645857777248,-0.7738152085295567
R4_LHS_03,20260813,V40_A_E5_C9_1T,Z,R4_LHS_03,19.750208159866673,4.220171323510158e-09,4.256696772841906e-09,0.13674199914902507,-0.8668472958444919
R4_LHS_03,20260813,V40_A_E5_C9_1T,Z,R4_LHS_03,19.783513738551104,4.233288830590709e-09,4.1461594157965465e-09,0.14148753972027767,-0.9598793831594272
R4_LHS_03,20260813,V40_A_E5_C9_1T,Z,R4_LHS_03,19.816819317235534,4.211375248530658e-09,4.3257437631893936e-09,0.14623308029153026,-1.0529114704743625
R4_LHS_03,20260813,V40_A_E5_C9_1T,Z,R4_LHS_03,19.85012489591996,4.207905135444889e-09,4.3420609330269144e-09,0.15339985457586383,-1.0821094115905914
R4_LHS_03,20260813,V40_A_E5_C9_1T,Z,R4_LHS_03,19.883430474604392,4.204997239298791e-09,4.226873517865215e-09,0.17079510597464168,-0.8416406534593404
R4_LHS_03,20260813,V40_A_E5_C9_1T,Z,R4_LHS_03,19.916736053288822,4.204796066886729e-09,4.352926907813526e-09,0.18819035737341952,-0.6011718953280892
R4_LHS_03,20260813,V40_A_E5_C9_1T,Z,R4_LHS_03,19.95004163197325,4.192791003276852e-09,4.221063498732747e-09,0.2055856087721955,-0.36070313719686387
R4_LHS_03,20260813,V40_A_E5_C9_1T,Z,R4_LHS_03,19.98334721065768,4.198317693493436e-09,4.348950533028528e-09,0.22298086017097335,-0.12023437906561285
R4_LHS_03,20260813,V40_A_E5_C9_1T,Z,B2,0.0,4.663974504074501e-17,6.181050051840233e-18,0.12079042941331863,
R4_LHS_03,20260813,V40_A_E5_C9_1T,Z,B2,0.03330557868442947,0.0008593295933678746,0.00023813532607164234,0.13229211805687657,
R4_LHS_03,20260813,V40_A_E5_C9_1T,Z,B2,0.06661115736885893,0.0009208340779878199,0.00040628129499964416,0.1437938067004345,
R4_LHS_03,20260813,V40_A_E5_C9_1T,Z,B2,0.09991673605328841,9.350162144983187e-05,0.00045692070852965117,0.15529549534399245,
R4_LHS_03,20260813,V40_A_E5_C9_1T,Z,B2,0.13322231473771787,7.258347613969818e-05,0.000296083657303825,0.1667971839875504,
R4_LHS_03,20260813,V40_A_E5_C9_1T,Z,B2,0.16652789342214733,5.727692405343987e-05,9.47355802054517e-05,0.1751507860139248,1.323400781017656
R4_LHS_03,20260813,V40_A_E5_C9_1T,Z,B2,0.19983347210657681,1.597980190126691e-05,5.933267857471947e-06,0.17645108004990068,1.420453006580013
R4_LHS_03,20260813,V40_A_E5_C9_1T,Z,B2,0.23313905079100627,2.499916149645287e-07,3.829944944300223e-06,0.17775137408587657,1.5175052321423699
R4_LHS_03,20260813,V40_A_E5_C9_1T,Z,B2,0.26644462947543573,1.0925895367108751e-05,5.6032863540167455e-06,0.17905166812185244,1.6145574577047268
R4_LHS_03,20260813,V40_A_E5_C9_1T,Z,B2,0.2997502081598652,1.7466947610955685e-05,9.344462341687176e-07,0.18035196215782834,1.7116096832670837
R4_LHS_03,20260813,V40_A_E5_C9_1T,Z,B2,0.33305578684429465,1.7448101061745547e-05,2.022561602643691e-07,0.2202265494372029,1.4018012505586102
R4_LHS_03,20260813,V40_A_E5_C9_1T,Z,B2,0.3663613655287241,1.35328846226912e-05,2.5574564688213286e-07,0.2840269641713437,0.8396362070239255
R4_LHS_03,20260813,V40_A_E5_C9_1T,Z,B2,0.39966694421315363,5.140434041095432e-06,3.182319119332533e-07,0.34782737890548465,0.27747116348923995
R4_LHS_03,20260813,V40_A_E5_C9_1T,Z,B2,0.4329725228975831,4.368664292542235e-07,5.788086809843662e-07,0.41162779363962543,-0.2846938800454444
R4_LHS_03,20260813,V40_A_E5_C9_1T,Z,B2,0.46627810158201255,1.0705042541303555e-06,2.743919083059154e-07,0.47542820837376626,-0.8468589235801289
R4_LHS_03,20260813,V40_A_E5_C9_1T,Z,B2,0.499583680266442,4.406916559673846e-06,6.121207718479127e-08,0.4591683425524153,-0.753347310024336
R4_LHS_03,20260813,V40_A_E5_C9_1T,Z,B2,0.5328892589508715,6.899528216308681e-06,4.213653710394283e-07,0.4364901420029871,-0.6072709011743704
R4_LHS_03,20260813,V40_A_E5_C9_1T,Z,B2,0.566194837635301,6.005155228194781e-06,2.7766768084802607e-07,0.4138119414535588,-0.4611944923244046
R4_LHS_03,20260813,V40_A_E5_C9_1T,Z,B2,0.5995004163197304,3.331361085656681e-06,4.062545855276767e-08,0.39113374090413067,-0.31511808347443937
R4_LHS_03,20260813,V40_A_E5_C9_1T,Z,B2,0.6328059950041599,9.672548912931234e-07,6.333724211771141e-09,0.3583934997440276,-0.21517428651538928
R4_LHS_03,20260813,V40_A_E5_C9_1T,Z,B2,0.6661115736885893,1.1141514022483534e-07,2.7252976764202685e-08,0.2927839259223874,-0.2659303550666616
R4_LHS_03,20260813,V40_A_E5_C9_1T,Z,B2,0.6994171523730188,8.786142302597e-07,6.715760036968277e-08,0.2271743521007469,-0.31668642361793403
R4_LHS_03,20260813,V40_A_E5_C9_1T,Z,B2,0.7327227310574482,2.418700887574232e-06,8.355624458999955e-08,0.16156477827910667,-0.3674424921692063
R4_LHS_03,20260813,V40_A_E5_C9_1T,Z,B2,0.7660283097418777,3.1581450912199216e-06,4.972512002154872e-08,0.09595520445746625,-0.4181985607204788
R4_LHS_03,20260813,V40_A_E5_C9_1T,Z,B2,0.7993338884263073,2.6170419005211443e-06,5.095424526757597e-08,0.07953356191528342,-0.3529923224975219
R4_LHS_03,20260813,V40_A_E5_C9_1T,Z,B2,0.8326394671107367,1.270147890863882e-06,3.963510053495156e-08,0.10451471045005338,-0.19017752389625897
R4_LHS_03,20260813,V40_A_E5_C9_1T,Z,B2,0.8659450457951662,2.4014042310227524e-07,4.022832200689663e-08,0.1294958589848234,-0.027362725294995505
R4_LHS_03,20260813,V40_A_E5_C9_1T,Z,B2,0.8992506244795956,1.5594987701206264e-07,4.074015791388774e-08,0.1544770075195934,0.1354520733062674
R4_LHS_03,20260813,V40_A_E5_C9_1T,Z,B2,0.9325562031640251,7.909178521003923e-07,1.7590599199479584e-08,0.17945815605436344,0.2982668719075309
R4_LHS_03,20260813,V40_A_E5_C9_1T,Z,B2,0.9658617818484545,1.4855042991257505e-06,2.4055349712170937e-08,0.21707585627689252,0.31460925921810157
R4_LHS_03,20260813,V40_A_E5_C9_1T,Z,B2,0.999167360532884,1.6845997379277833e-06,5.734937502666071e-08,0.256896258169765,0.3054197583220384
R4_LHS_03,20260813,V40_A_E5_C9_1T,Z,B2,1.0324729392173135,1.2265738860151032e-06,2.606526727788605e-08,0.2967166600626376,0.2962302574259752
R4_LHS_03,20260813,V40_A_E5_C9_1T,Z,B2,1.065778517901743,5.016056547901826e-07,4.614635784605525e-09,0.33653706195551,0.28704075652991207
R4_LHS_03,20260813,V40_A_E5_C9_1T,Z,B2,1.0990840965861723,1.5305866440940008e-07,7.937813961689244e-09,0.3658512821801001,0.3218897989052318
R4_LHS_03,20260813,V40_A_E5_C9_1T,Z,B2,1.132389675270602,5.834409648741712e-07,2.3173736707349235e-08,0.34007211072955096,0.5876726657524406
R4_LHS_03,20260813,V40_A_E5_C9_1T,Z,B2,1.1656952539550314,1.7528515172671177e-06,2.2212669037458e-08,0.3142929392790019,0.8534555325996476
R4_LHS_03,20260813,V40_A_E5_C9_1T,Z,B2,1.1990008326394608,2.6008387976617087e-06,2.5970956496479403e-09,0.28851376782845295,1.1192383994468547
R4_LHS_03,20260813,V40_A_E5_C9_1T,Z,B2,1.2323064113238902,2.0004895304737147e-06,2.7985993522605668e-09,0.262734596377904,1.3850212662940617
R4_LHS_03,20260813,V40_A_E5_C9_1T,Z,B2,1.2656119900083198,9.444583497497661e-07,1.0649230830495071e-08,0.23771792863628238,1.0780302837031919
R4_LHS_03,20260813,V40_A_E5_C9_1T,Z,B2,1.2989175686927492,3.15302713715937e-07,2.3994427778006866e-08,0.21356543176477885,0.1218956050825124
R4_LHS_03,20260813,V40_A_E5_C9_1T,Z,B2,1.3322231473771786,1.4407784476588859e-07,1.3220557093518437e-08,0.18941293489327532,-0.8342390735381668
R4_LHS_03,20260813,V40_A_E5_C9_1T,Z,B2,1.3655287260616082,2.592340990759112e-07,2.2207885308489494e-08,0.16526043802177165,-1.7903737521588527
R4_LHS_03,20260813,V40_A_E5_C9_1T,Z,B2,1.3988343047460376,4.4791923414777557e-07,8.968615183846396e-09,0.14110794115026812,-2.7465084307795316
R4_LHS_03,20260813,V40_A_E5_C9_1T,Z,B2,1.432139883430467,4.849620154345757e-07,6.277718256342268e-08,0.17184169790230644,-2.9221499950859964
R4_LHS_03,20260813,V40_A_E5_C9_1T,Z,B2,1.4654454621148965,3.867483826525131e-07,1.9354716584985e-07,0.21829664287817285,-2.8742332301667886
R4_LHS_03,20260813,V40_A_E5_C9_1T,Z,B2,1.498751040799326,2.294224259458133e-07,6.415808684323565e-08,0.2647515878540395,-2.8263164652475803
R4_LHS_03,20260813,V40_A_E5_C9_1T,Z,B2,1.5320566194837555,1.3114183161633264e-07,9.181110094402811e-09,0.31120653282990596,-2.7783997003283725
R4_LHS_03,20260813,V40_A_E5_C9_1T,Z,B2,1.565362198168185,1.326332608186931e-07,2.1609032785363524e-08,0.354414947448821,-2.6905874268002132
R4_LHS_03,20260813,V40_A_E5_C9_1T,Z,B2,1.5986677768526145,1.9625790059762949e-07,1.4916807344889094e-08,0.3630920846347111,-2.178432016249596
R4_LHS_03,20260813,V40_A_E5_C9_1T,Z,B2,1.631973355537044,2.479892486917379e-07,1.092113244283155e-08,0.37176922182060107,-1.6662766056989817
R4_LHS_03,20260813,V40_A_E5_C9_1T,Z,B2,1.6652789342214733,2.4387693997596216e-07,1.399447580041624e-08,0.38044635900649104,-1.1541211951483679
R4_LHS_03,20260813,V40_A_E5_C9_1T,Z,B2,1.6985845129059027,1.816060120063412e-07,4.323814195572595e-08,0.38912349619238107,-0.6419657845977542
R4_LHS_03,20260813,V40_A_E5_C9_1T,Z,B2,1.7318900915903324,1.1004029687455841e-07,2.0627027197406278e-08,0.42007115227693753,-0.3046650197271636
R4_LHS_03,20260813,V40_A_E5_C9_1T,Z,B2,1.7651956702747618,7.913674693327266e-08,9.486929286595114e-08,0.4851963373643971,-0.23570554278136444
R4_LHS_03,20260813,V40_A_E5_C9_1T,Z,B2,1.7985012489591912,1.0142500173060398e-07,1.4662587943803373e-07,0.5503215224518567,-0.16674606583556528
R4_LHS_03,20260813,V40_A_E5_C9_1T,Z,B2,1.8318068276436206,9.898801067720342e-08,2.832985845913072e-09,0.6154467075393162,-0.0977865888897661
R4_LHS_03,20260813,V40_A_E5_C9_1T,Z,B2,1.8651124063280502,5.078929277146926e-08,6.870025970329152e-08,0.6805718926267763,-0.028827111943966477
R4_LHS_03,20260813,V40_A_E5_C9_1T,Z,B2,1.8984179850124796,1.4748738408343343e-07,3.332608002892812e-07,0.6641129313360938,0.016820319149671206
R4_LHS_03,20260813,V40_A_E5_C9_1T,Z,B2,1.931723563696909,8.498859642713796e-07,4.324421070123208e-07,0.6132073304635302,0.05262488643906322
R4_LHS_03,20260813,V40_A_E5_C9_1T,Z,B2,1.9650291423813386,1.0624057722452562e-06,2.3625969447493844e-07,0.562301729590966,0.08842945372845548
R4_LHS_03,20260813,V40_A_E5_C9_1T,Z,B2,1.998334721065768,3.205305176834372e-07,2.74376162678891e-07,0.5113961287184023,0.1242340210178475
R4_LHS_03,20260813,V40_A_E5_C9_1T,Z,B2,2.0316402997501974,3.3259445331168536e-07,1.6339336994519726e-08,0.46055647132795724,0.16183724823244175
R4_LHS_03,20260813,V40_A_E5_C9_1T,Z,B2,2.064945878434627,4.018518779957958e-07,1.0021373952895374e-07,0.41527804759618725,0.3511274624724478
R4_LHS_03,20260813,V40_A_E5_C9_1T,Z,B2,2.0982514571190563,3.801459627084114e-07,2.9545264013108863e-09,0.36999962386441787,0.5404176767124513
R4_LHS_03,20260813,V40_A_E5_C9_1T,Z,B2,2.131557035803486,3.2171917041523557e-07,9.25482837033087e-08,0.3247212001326479,0.7297078909524574
R4_LHS_03,20260813,V40_A_E5_C9_1T,Z,B2,2.1648626144879155,2.65334591631472e-07,2.371925766908589e-08,0.2794427764008779,0.9189981051924635
R4_LHS_03,20260813,V40_A_E5_C9_1T,Z,B2,2.1981681931723447,2.0096207720143866e-07,4.5152564354111746e-08,0.26492450363332276,1.0501961305079908
R4_LHS_03,20260813,V40_A_E5_C9_1T,Z,B2,2.2314737718567743,1.7718691935897368e-07,2.6128603280994867e-08,0.31567777071666175,1.0581253646910935
R4_LHS_03,20260813,V40_A_E5_C9_1T,Z,B2,2.264779350541204,1.9037580045733193e-07,4.509491891013795e-09,0.36643103780000075,1.0660545988741963
R4_LHS_03,20260813,V40_A_E5_C9_1T,Z,B2,2.298084929225633,2.0421603608156147e-07,4.529018937660112e-09,0.41718430488333913,1.0739838330572988
R4_LHS_03,20260813,V40_A_E5_C9_1T,Z,B2,2.3313905079100627,2.0250054433290643e-07,2.81091399045863e-08,0.4679375719666782,1.0819130672404014
R4_LHS_03,20260813,V40_A_E5_C9_1T,Z,B2,2.364696086594492,1.798936466457235e-07,3.254901059790427e-08,0.42652039134333697,1.1368232556524918
R4_LHS_03,20260813,V40_A_E5_C9_1T,Z,B2,2.3980016652789216,1.625042784780817e-07,1.089056222980389e-08,0.3307169217005258,1.219455125131377
R4_LHS_03,20260813,V40_A_E5_C9_1T,Z,B2,2.431307243963351,1.4488013277969003e-07,3.5758674243879796e-08,0.23491345205771463,1.3020869946102622
R4_LHS_03,20260813,V40_A_E5_C9_1T,Z,B2,2.4646128226477804,1.443226835817768e-07,1.6325749641055154e-08,0.13910998241490474,1.3847188640891464
R4_LHS_03,20260813,V40_A_E5_C9_1T,Z,B2,2.49791840133221,1.453789053584842e-07,6.907923477683653e-08,0.04330651277209352,1.4673507335680316
R4_LHS_03,20260813,V40_A_E5_C9_1T,Z,B2,2.5312239800166396,1.4235793344141712e-07,1.6173872907643272e-08,0.06859993088453867,0.6800055556452062
R4_LHS_03,20260813,V40_A_E5_C9_1T,Z,B2,2.564529558701069,1.4142163706765132e-07,3.828992589660629e-08,0.10196647484733308,-0.16533809210438366
R4_LHS_03,20260813,V40_A_E5_C9_1T,Z,B2,2.5978351373854984,1.3178348012843344e-07,4.087170424327269e-08,0.13533301881012794,-1.0106817398539847
R4_LHS_03,20260813,V40_A_E5_C9_1T,Z,B2,2.631140716069928,1.257876363069954e-07,6.70684912051911e-08,0.16869956277292278,-1.856025387603586
R4_LHS_03,20260813,V40_A_E5_C9_1T,Z,B2,2.6644462947543572,1.199690444764201e-07,4.0605316331543406e-10,0.19008442067186793,-2.4956325758108986
R4_LHS_03,20260813,V40_A_E5_C9_1T,Z,B2,2.697751873438787,1.1799491517194838e-07,4.187650048947944e-08,0.17476347840695838,-2.50496775303951
R4_LHS_03,20260813,V40_A_E5_C9_1T,Z,B2,2.7310574521232165,1.1725636284154461e-07,1.7398205542917822e-08,0.15944253614204887,-2.514302930268122
R4_LHS_03,20260813,V40_A_E5_C9_1T,Z,B2,2.7643630308076457,1.1599026805697576e-07,3.2073859124182036e-09,0.14412159387713955,-2.5236381074967333
R4_LHS_03,20260813,V40_A_E5_C9_1T,Z,B2,2.7976686094920753,1.1400035759834282e-07,2.6137429998129846e-08,0.12880065161223,-2.5329732847253448
R4_LHS_03,20260813,V40_A_E5_C9_1T,Z,B2,2.8309741881765045,1.1290691048770896e-07,1.6967961258274045e-08,0.11753548108518964,-2.5539708570278656
R4_LHS_03,20260813,V40_A_E5_C9_1T,Z,B2,2.864279766860934,1.1229322893768767e-07,5.194437768807347e-09,0.109526352657565,-2.5843311972066227
R4_LHS_03,20260813,V40_A_E5_C9_1T,Z,B2,2.8975853455453637,1.1202910599195093e-07,4.193343006164696e-09,0.10151722422994036,-2.6146915373853803
R4_LHS_03,20260813,V40_A_E5_C9_1T,Z,B2,2.930890924229793,1.2352488454325794e-07,5.8053949203440425e-08,0.09350809580231581,-2.6450518775641374
R4_LHS_03,20260813,V40_A_E5_C9_1T,Z,B2,2.9641965029142225,2.2742337080217112e-07,4.018252042214954e-08,0.08549896737469118,-2.675412217742895
R4_LHS_03,20260813,V40_A_E5_C9_1T,Z,B2,2.997502081598652,3.612180137224641e-07,3.5607534698556265e-09,0.08398254949608809,-2.190536583355812
R4_LHS_03,20260813,V40_A_E5_C9_1T,Z,B2,3.0308076602830814,2.2219241202492412e-07,2.5415159754516026e-08,0.08349438894425304,-1.6240624914583173
R4_LHS_03,20260813,V40_A_E5_C9_1T,Z,B2,3.064113238967511,1.1794683985044685e-07,2.827319711684595e-09,0.08300622839241797,-1.057588399560815
R4_LHS_03,20260813,V40_A_E5_C9_1T,Z,B2,3.0974188176519406,1.0817239370908283e-07,4.8945342001616154e-08,0.08251806784058291,-0.49111430766331265
R4_LHS_03,20260813,V40_A_E5_C9_1T,Z,B2,3.13072439633637,1.0645251791174815e-07,2.2559579093694992e-08,0.09323814943693426,-0.02238034507217854
R4_LHS_03,20260813,V40_A_E5_C9_1T,Z,B2,3.1640299750207994,1.0610573042413307e-07,1.3603608906009867e-08,0.15796157956545281,-0.024576096411648665
R4_LHS_03,20260813,V40_A_E5_C9_1T,Z,B2,3.197335553705229,1.080817355614272e-07,2.4919728502936778e-08,0.22268500969397134,-0.02677184775111879
R4_LHS_03,20260813,V40_A_E5_C9_1T,Z,B2,3.230641132389658,1.125533160006853e-07,3.313989793696237e-08,0.28740843982248904,-0.028967599090588884
R4_LHS_03,20260813,V40_A_E5_C9_1T,Z,B2,3.263946711074088,1.193689911360707e-07,1.0736439293168587e-07,0.3521318699510076,-0.03116335043005901
R4_LHS_03,20260813,V40_A_E5_C9_1T,Z,B2,3.297252289758517,1.1932166898986907e-07,8.149966390647023e-08,0.3767984827094829,-0.029382420692718503
R4_LHS_03,20260813,V40_A_E5_C9_1T,Z,B2,3.3305578684429467,1.1749031614272099e-07,3.091521705300693e-08,0.3581516262792131,-0.023301502473948577
R4_LHS_03,20260813,V40_A_E5_C9_1T,Z,B2,3.3638634471273763,1.1362742213805177e-07,5.5020525024929157e-08,0.33950476984894334,-0.01722058425517865
R4_LHS_03,20260813,V40_A_E5_C9_1T,Z,B2,3.3971690258118055,1.0095337898974321e-07,1.0162055197326936e-08,0.32085791341867376,-0.011139666036408803
R4_LHS_03,20260813,V40_A_E5_C9_1T,Z,B2,3.430474604496235,6.350735048954448e-08,4.059731040229053e-08,0.302211056988404,-0.005058747817638876
R4_LHS_03,20260813,V40_A_E5_C9_1T,Z,B2,3.4637801831806647,3.4127506154391085e-08,1.4140603354917403e-08,0.25403574772867676,0.01223265604336271
R4_LHS_03,20260813,V40_A_E5_C9_1T,Z,B2,3.497085761865094,3.3450611169882905e-08,4.704252276610532e-08,0.19796669365315506,0.032520922402782294
R4_LHS_03,20260813,V40_A_E5_C9_1T,Z,B2,3.5303913405495235,3.9922213090903824e-08,1.0868365762917165e-08,0.14189763957763257,0.05280918876220215
R4_LHS_03,20260813,V40_A_E5_C9_1T,Z,B2,3.563696919233953,4.248725460342939e-08,1.8203941465344542e-08,0.08582858550211009,0.07309745512162201
R4_LHS_03,20260813,V40_A_E5_C9_1T,Z,B2,3.5970024979183823,4.066452419237976e-08,3.0315273846781565e-08,0.0389399073031623,0.1249391549731385
R4_LHS_03,20260813,V40_A_E5_C9_1T,Z,B2,3.630308076602812,3.921217839319979e-08,9.11500563915979e-09,0.07687790220375396,0.4683345802916208
R4_LHS_03,20260813,V40_A_E5_C9_1T,Z,B2,3.663613655287241,3.827816286161578e-08,1.7779681726892704e-08,0.11481589710434513,0.8117300056100986
R4_LHS_03,20260813,V40_A_E5_C9_1T,Z,B2,3.6969192339716708,3.8727257845039276e-08,2.393814391155047e-08,0.15275389200493678,1.1551254309285808
R4_LHS_03,20260813,V40_A_E5_C9_1T,Z,B2,3.7302248126561004,3.9423529329951634e-08,1.351421419215626e-09,0.19069188690552846,1.498520856247063
R4_LHS_03,20260813,V40_A_E5_C9_1T,Z,B2,3.7635303913405296,4.019806354449429e-08,8.65035509889367e-09,0.2009814497855779,1.580124776825916
R4_LHS_03,20260813,V40_A_E5_C9_1T,Z,B2,3.796835970024959,4.03903648305004e-08,1.6986762219062257e-08,0.17086176586637464,1.279110344323784
R4_LHS_03,20260813,V40_A_E5_C9_1T,Z,B2,3.830141548709389,4.026651367894374e-08,1.221521284122673e-08,0.14074208194717142,0.978095911821652
R4_LHS_03,20260813,V40_A_E5_C9_1T,Z,B2,3.863447127393818,4.031366529488878e-08,1.0699838348671165e-08,0.11062239802796858,0.6770814793195241
R4_LHS_03,20260813,V40_A_E5_C9_1T,Z,B2,3.8967527060782476,4.026537681056652e-08,4.1074276424524214e-08,0.08050271410876536,0.3760670468173921
R4_LHS_03,20260813,V40_A_E5_C9_1T,Z,B2,3.9300582847626773,4.021407562504464e-08,3.237994761207119e-08,0.06683274952200023,0.06637591024322143
R4_LHS_03,20260813,V40_A_E5_C9_1T,Z,B2,3.9633638634471064,4.0093315334388535e-08,1.3162385847920177e-08,0.059724694832874056,-0.24677642522306953
R4_LHS_03,20260813,V40_A_E5_C9_1T,Z,B2,3.996669442131536,4.003713982569934e-08,3.0979432352751246e-08,0.0526166401437478,-0.5599287606893647
R4_LHS_03,20260813,V40_A_E5_C9_1T,Z,B2,4.029975020815965,3.989462271647426e-08,2.0008512180424987e-08,0.04550858545462162,-0.8730810961556557
R4_LHS_03,20260813,V40_A_E5_C9_1T,Z,B2,4.063280599500395,3.9875089896668214e-08,8.458017397572348e-09,0.03928082789310696,-1.1800896020654237
R4_LHS_03,20260813,V40_A_E5_C9_1T,Z,B2,4.0965861781848245,3.952906624249408e-08,1.2265591209370541e-08,0.0697321173154147,-1.2311052097865287
R4_LHS_03,20260813,V40_A_E5_C9_1T,Z,B2,4.129891756869254,3.896131772762601e-08,4.684860943626745e-09,0.10018340673772244,-1.2821208175076337
R4_LHS_03,20260813,V40_A_E5_C9_1T,Z,B2,4.163197335553684,3.8196141360913316e-08,3.566841932922671e-09,0.13063469616003018,-1.333136425228739
R4_LHS_03,20260813,V40_A_E5_C9_1T,Z,B2,4.1965029142381125,3.7242497086253934e-08,1.136639560250785e-09,0.1610859855823371,-1.3841520329498427
R4_LHS_03,20260813,V40_A_E5_C9_1T,Z,B2,4.229808492922542,3.6801509395445464e-08,5.3931938914786315e-09,0.183575852142087,-1.503595955068125
R4_LHS_03,20260813,V40_A_E5_C9_1T,Z,B2,4.263114071606972,3.645306279054239e-08,9.123115596310072e-09,0.19004920917833776,-1.7607015449736738
R4_LHS_03,20260813,V40_A_E5_C9_1T,Z,B2,4.296419650291401,3.621907040951555e-08,2.2989718462262942e-10,0.1965225662145885,-2.017807134879223
R4_LHS_03,20260813,V40_A_E5_C9_1T,Z,B2,4.329725228975831,3.564039730008517e-08,1.649707570550163e-08,0.20299592325083926,-2.2749127247847714
R4_LHS_03,20260813,V40_A_E5_C9_1T,Z,B2,4.36303080766026,3.555067351612706e-08,1.7710494404354904e-08,0.20946928028708983,-2.5320183146903137
R4_LHS_03,20260813,V40_A_E5_C9_1T,Z,B2,4.396336386344689,3.4790041070209554e-08,6.715796807554852e-10,0.19863166116010547,-1.9698225566489262
R4_LHS_03,20260813,V40_A_E5_C9_1T,Z,B2,4.429641965029119,3.440519691366717e-08,4.451770951874323e-09,0.17808300662447668,-0.9480187253689978
R4_LHS_03,20260813,V40_A_E5_C9_1T,Z,B2,4.462947543713549,3.433046913414728e-08,4.1257406380168504e-09,0.15753435208884792,0.07378510591093024
R4_LHS_03,20260813,V40_A_E5_C9_1T,Z,B2,4.496253122397978,3.420120364694412e-08,2.3348578626070093e-09,0.1369856975532191,1.095588937190859
R4_LHS_03,20260813,V40_A_E5_C9_1T,Z,B2,4.529558701082408,3.392220193632056e-08,8.000119677831208e-09,0.11643704301759034,2.117392768470787
R4_LHS_03,20260813,V40_A_E5_C9_1T,Z,B2,4.562864279766837,3.348060673147302e-08,1.674112581895315e-08,0.13990565676623623,2.1348370870483806
R4_LHS_03,20260813,V40_A_E5_C9_1T,Z,B2,4.596169858451266,3.284289462612833e-08,3.794662806200222e-09,0.16572910379757988,2.0985502382797763
R4_LHS_03,20260813,V40_A_E5_C9_1T,Z,B2,4.629475437135696,3.214895016867558e-08,3.021025563043622e-08,0.19155255082892353,2.0622633895111715
R4_LHS_03,20260813,V40_A_E5_C9_1T,Z,B2,4.6627810158201255,3.169553508541867e-08,6.343128688968136e-08,0.21737599786026718,2.025976540742567
R4_LHS_03,20260813,V40_A_E5_C9_1T,Z,B2,4.696086594504555,3.134794113179851e-08,1.3402096321613044e-08,0.23700000900313026,1.859097715519937
R4_LHS_03,20260813,V40_A_E5_C9_1T,Z,B2,4.729392173188984,3.089720479465541e-08,1.930184190257478e-08,0.23877715925491422,1.3162722914145482
R4_LHS_03,20260813,V40_A_E5_C9_1T,Z,B2,4.7626977518734135,3.0532756767343017e-08,4.576165579806002e-08,0.2405543095066982,0.773446867309145
R4_LHS_03,20260813,V40_A_E5_C9_1T,Z,B2,4.796003330557843,3.0154147623306926e-08,1.6272309721898637e-08,0.24233145975848222,0.2306214432037419
R4_LHS_03,20260813,V40_A_E5_C9_1T,Z,B2,4.829308909242273,2.9623206998508067e-08,1.4037930817778488e-09,0.24410861001026624,-0.31220398090166146
R4_LHS_03,20260813,V40_A_E5_C9_1T,Z,B2,4.862614487926702,2.9464127138112417e-08,7.022039394399826e-09,0.23675062349197945,-0.5982533591077502
R4_LHS_03,20260813,V40_A_E5_C9_1T,Z,B2,4.895920066611132,2.919192887418376e-08,3.0935918271524088e-09,0.2223995322738457,-0.687736247004718
R4_LHS_03,20260813,V40_A_E5_C9_1T,Z,B2,4.929225645295561,2.9023421888041412e-08,1.6122652102268376e-09,0.20804844105571238,-0.7772191349016835
R4_LHS_03,20260813,V40_A_E5_C9_1T,Z,B2,4.96253122397999,2.8804628016132483e-08,4.241067497190443e-09,0.19369734983757864,-0.8667020227986513
R4_LHS_03,20260813,V40_A_E5_C9_1T,Z,B2,4.99583680266442,2.8429244736116743e-08,1.710651731379187e-09,0.17934625861944492,-0.9561849106956192
R4_LHS_03,20260813,V40_A_E5_C9_1T,Z,B2,5.02914238134885,2.816337385525003e-08,1.0949441353602651e-09,0.16270398907518482,-0.7533205957039473
R4_LHS_03,20260813,V40_A_E5_C9_1T,Z,B2,5.062447960033279,2.7890369125316283e-08,2.0283554835742734e-09,0.1457344083414781,-0.5086923945853307
R4_LHS_03,20260813,V40_A_E5_C9_1T,Z,B2,5.095753538717709,2.7575056904538542e-08,9.48221279273298e-10,0.12876482760777141,-0.26406419346671406
R4_LHS_03,20260813,V40_A_E5_C9_1T,Z,B2,5.129059117402138,2.7256678691855996e-08,5.658729596014211e-10,0.11179524687406517,-0.019435992348104003
R4_LHS_03,20260813,V40_A_E5_C9_1T,Z,B2,5.162364696086567,2.6880877967982997e-08,6.465174506864457e-10,0.0957072094721807,0.08950345586677835
R4_LHS_03,20260813,V40_A_E5_C9_1T,Z,B2,5.195670274770997,2.660775422214101e-08,2.052723546697166e-09,0.08353922646073957,-0.4049389971285309
R4_LHS_03,20260813,V40_A_E5_C9_1T,Z,B2,5.2289758534554265,2.6142755515934368e-08,1.313327779861595e-09,0.07137124344929843,-0.8993814501238402
R4_LHS_03,20260813,V40_A_E5_C9_1T,Z,B2,5.262281432139856,2.5785382717913308e-08,9.752789686956476e-10,0.05920326043785731,-1.3938239031191493
R4_LHS_03,20260813,V40_A_E5_C9_1T,Z,B2,5.295587010824285,2.5563259953287343e-08,3.2417366568893158e-09,0.0470352774264165,-1.8882663561144453
R4_LHS_03,20260813,V40_A_E5_C9_1T,Z,B2,5.3288925895087145,2.5340938236695365e-08,1.3782055496847079e-09,0.04246700273750726,-2.0376819412873033
R4_LHS_03,20260813,V40_A_E5_C9_1T,Z,B2,5.362198168193144,2.480101279900282e-08,5.522742263508462e-10,0.045739696952797435,-1.831117424738593
R4_LHS_03,20260813,V40_A_E5_C9_1T,Z,B2,5.395503746877574,2.485225358839216e-08,1.0431584485104395e-09,0.04901239116808761,-1.6245529081898824
R4_LHS_03,20260813,V40_A_E5_C9_1T,Z,B2,5.428809325562003,2.466124193745145e-08,1.0214903367611328e-09,0.05228508538337778,-1.417988391641172
R4_LHS_03,20260813,V40_A_E5_C9_1T,Z,B2,5.462114904246433,2.4271601617442684e-08,2.431133294678034e-09,0.05555777959866795,-1.2114238750924615
R4_LHS_03,20260813,V40_A_E5_C9_1T,Z,B2,5.495420482930862,2.4359037453791643e-08,1.237722546676423e-08,0.05759644167161208,-1.068150244634613
R4_LHS_03,20260813,V40_A_E5_C9_1T,Z,B2,5.528726061615291,2.367877449671596e-08,1.7072981250976227e-08,0.059328100626216566,-0.940622151692045
R4_LHS_03,20260813,V40_A_E5_C9_1T,Z,B2,5.562031640299721,2.367290896643226e-08,5.706474848210519e-09,0.061059759580821056,-0.8130940587494769
R4_LHS_03,20260813,V40_A_E5_C9_1T,Z,B2,5.595337218984151,2.3484231448378523e-08,2.2115742126516125e-08,0.06279141853542554,-0.6855659658069089
R4_LHS_03,20260813,V40_A_E5_C9_1T,Z,B2,5.62864279766858,2.318438241388776e-08,2.525292330801676e-08,0.06346981895530728,-0.5779746486483581
R4_LHS_03,20260813,V40_A_E5_C9_1T,Z,B2,5.661948376353009,2.2908377417252268e-08,7.197854312579466e-09,0.055571685592449224,-0.6327256485881857
R4_LHS_03,20260813,V40_A_E5_C9_1T,Z,B2,5.695253955037439,2.2477973260492945e-08,9.327302485928612e-09,0.04767355222959096,-0.6874766485280148
R4_LHS_03,20260813,V40_A_E5_C9_1T,Z,B2,5.728559533721868,2.2206677385838702e-08,1.2696789397637076e-08,0.03977541886673269,-0.7422276484678438
R4_LHS_03,20260813,V40_A_E5_C9_1T,Z,B2,5.761865112406298,2.1923586501770842e-08,1.1379931663668685e-08,0.031877285503874433,-0.7969786484076729
R4_LHS_03,20260813,V40_A_E5_C9_1T,Z,B2,5.7951706910907275,2.163126033849494e-08,7.614095132169041e-09,0.026571080425163245,-0.8904250052251229
R4_LHS_03,20260813,V40_A_E5_C9_1T,Z,B2,5.828476269775157,2.1305435637941628e-08,8.168597354085705e-09,0.02487419604119854,-1.0377555505917777
R4_LHS_03,20260813,V40_A_E5_C9_1T,Z,B2,5.861781848459586,2.1163934604828682e-08,6.85047840676134e-09,0.023177311657233877,-1.1850860959584288
R4_LHS_03,20260813,V40_A_E5_C9_1T,Z,B2,5.8950874271440155,2.1087563695232348e-08,1.1136054745009005e-08,0.02148042727326917,-1.3324166413250835
R4_LHS_03,20260813,V40_A_E5_C9_1T,Z,B2,5.928393005828445,2.1019458174009742e-08,1.0909212200260754e-08,0.019783542889304465,-1.4797471866917384
R4_LHS_03,20260813,V40_A_E5_C9_1T,Z,B2,5.961698584512875,2.0956180790676626e-08,2.973669088746078e-09,0.04161697519256148,-0.9526238556606769
R4_LHS_03,20260813,V40_A_E5_C9_1T,Z,B2,5.995004163197304,2.1022261265102316e-08,3.3015727929353034e-09,0.07230590302326648,-0.1716737969530855
R4_LHS_03,20260813,V40_A_E5_C9_1T,Z,B2,6.028309741881733,2.0732061400963175e-08,2.4087691841145897e-09,0.10299483085397067,0.6092762617544851
R4_LHS_03,20260813,V40_A_E5_C9_1T,Z,B2,6.061615320566163,2.0629903119129267e-08,1.0530828431498662e-09,0.13368375868467566,1.3902263204620766
R4_LHS_03,20260813,V40_A_E5_C9_1T,Z,B2,6.094920899250592,2.0271636813617988e-08,3.3028405010959716e-10,0.16251754230330281,2.1339855054633743
R4_LHS_03,20260813,V40_A_E5_C9_1T,Z,B2,6.128226477935022,1.998735932318141e-08,2.779371455208235e-10,0.14043792365715904,1.8570618231925764
R4_LHS_03,20260813,V40_A_E5_C9_1T,Z,B2,6.161532056619452,1.975949714960734e-08,1.3976882984323424e-09,0.11835830501101524,1.5801381409217785
R4_LHS_03,20260813,V40_A_E5_C9_1T,Z,B2,6.194837635303881,1.9272048845664358e-08,3.045828256276195e-09,0.09627868636487144,1.3032144586509804
R4_LHS_03,20260813,V40_A_E5_C9_1T,Z,B2,6.22814321398831,1.912483682531274e-08,3.3374372709893407e-10,0.07419906771872824,1.02629077638019
R4_LHS_03,20260813,V40_A_E5_C9_1T,Z,B2,6.26144879267274,1.870153631955418e-08,1.8805865753535045e-09,0.06608805247116481,0.5550354644221767
R4_LHS_03,20260813,V40_A_E5_C9_1T,Z,B2,6.294754371357169,1.852314390760057e-08,4.915883256018105e-09,0.08464437098452525,-0.28721659512048925
R4_LHS_03,20260813,V40_A_E5_C9_1T,Z,B2,6.328059950041599,1.821650741362646e-08,6.077545133820195e-09,0.10320068949788569,-1.1294686546631552
R4_LHS_03,20260813,V40_A_E5_C9_1T,Z,B2,6.3613655287260285,1.7924829620596938e-08,3.5324589919838445e-09,0.12175700801124614,-1.971720714205821
R4_LHS_03,20260813,V40_A_E5_C9_1T,Z,B2,6.394671107410458,1.772238533703785e-08,4.487460625313133e-09,0.14031332652460657,-2.8139727737484868
R4_LHS_03,20260813,V40_A_E5_C9_1T,Z,B2,6.427976686094887,1.7335409552288183e-08,8.714842181234417e-09,0.13479345393592781,-2.956281693749981
R4_LHS_03,20260813,V40_A_E5_C9_1T,Z,B2,6.461282264779316,1.7111606354092146e-08,9.992509930611959e-09,0.1164425573467613,-2.725567024415181
R4_LHS_03,20260813,V40_A_E5_C9_1T,Z,B2,6.494587843463746,1.7014961883887736e-08,1.0034976405393081e-08,0.09809166075759479,-2.4948523550803805
R4_LHS_03,20260813,V40_A_E5_C9_1T,Z,B2,6.527893422148176,1.6782381706548222e-08,5.585697238075227e-09,0.07974076416842828,-2.26413768574558
R4_LHS_03,20260813,V40_A_E5_C9_1T,Z,B2,6.561199000832605,1.6449583029043424e-08,5.9406559671515424e-09,0.061389867579261764,-2.03342301641078
R4_LHS_03,20260813,V40_A_E5_C9_1T,Z,B2,6.594504579517034,1.6448719719619476e-08,8.531652717636007e-09,0.07872398131271868,-2.160448061238716
R4_LHS_03,20260813,V40_A_E5_C9_1T,Z,B2,6.627810158201464,1.6446344730525198e-08,5.1266972889152385e-09,0.09750870522189198,-2.3020153708700137
R4_LHS_03,20260813,V40_A_E5_C9_1T,Z,B2,6.661115736885893,1.5939633613015758e-08,2.2877928718134655e-10,0.11629342913106525,-2.443582680501311
R4_LHS_03,20260813,V40_A_E5_C9_1T,Z,B2,6.694421315570323,1.6396306534716132e-08,2.526293618743125e-09,0.1350781530402385,-2.5851499901326087
R4_LHS_03,20260813,V40_A_E5_C9_1T,Z,B2,6.727726894254753,1.5890330828938204e-08,3.2948486161643586e-09,0.15848155665854283,-2.3962387921510238
R4_LHS_03,20260813,V40_A_E5_C9_1T,Z,B2,6.761032472939182,1.652524161954716e-08,1.1893862561507262e-09,0.19440225166246228,-1.311682943102699
R4_LHS_03,20260813,V40_A_E5_C9_1T,Z,B2,6.794338051623611,1.6427627258508437e-08,4.5627146505466953e-10,0.23032294666638076,-0.22712709405440323
R4_LHS_03,20260813,V40_A_E5_C9_1T,Z,B2,6.827643630308041,1.5886303827983284e-08,1.256301951357841e-09,0.26624364167030024,0.8574287549939217
R4_LHS_03,20260813,V40_A_E5_C9_1T,Z,B2,6.86094920899247,1.62860995800429e-08,1.3539493970426975e-09,0.3021643366742197,1.9419846040422462
R4_LHS_03,20260813,V40_A_E5_C9_1T,Z,B2,6.8942547876769,1.5361935723490205e-08,3.236914514204159e-09,0.309772750569025,2.1560132415169524
R4_LHS_03,20260813,V40_A_E5_C9_1T,Z,B2,6.927560366361329,1.555894257876389e-08,2.2400203913974792e-09,0.29672085122204517,1.7347922921676937
R4_LHS_03,20260813,V40_A_E5_C9_1T,Z,B2,6.960865945045758,1.5059978153431075e-08,3.4380048807847174e-10,0.28366895187506574,1.3135713428184463
R4_LHS_03,20260813,V40_A_E5_C9_1T,Z,B2,6.994171523730188,1.4677707049770561e-08,4.914245455012178e-09,0.27061705252808593,0.8923503934691879
R4_LHS_03,20260813,V40_A_E5_C9_1T,Z,B2,7.027477102414617,1.4728375852257614e-08,4.819292076518877e-09,0.2575651531811061,0.4711294441199292
R4_LHS_03,20260813,V40_A_E5_C9_1T,Z,B2,7.060782681099047,1.4945142012834367e-08,8.141730067912079e-10,0.23497784931792676,0.1298072829929376
R4_LHS_03,20260813,V40_A_E5_C9_1T,Z,B2,7.094088259783477,1.4761600830581756e-08,3.6972878092456085e-09,0.21117236602316247,-0.20130754395587958
R4_LHS_03,20260813,V40_A_E5_C9_1T,Z,B2,7.127393838467906,1.4628658284721041e-08,6.536290175773729e-09,0.18736688272839824,-0.5324223709046967
R4_LHS_03,20260813,V40_A_E5_C9_1T,Z,B2,7.160699417152335,1.4658432689884648e-08,1.6041389327980937e-09,0.16356139943363462,-0.8635371978535049
R4_LHS_03,20260813,V40_A_E5_C9_1T,Z,B2,7.194004995836765,1.4393147118596517e-08,4.6018340249531775e-09,0.1432456412258791,-1.2010907967025122
R4_LHS_03,20260813,V40_A_E5_C9_1T,Z,B2,7.227310574521194,1.4289134320222274e-08,6.044037270669378e-09,0.137307550376599,-1.5651721357803008
R4_LHS_03,20260813,V40_A_E5_C9_1T,Z,B2,7.260616153205624,1.418853123880126e-08,1.1772632868556343e-09,0.1313694595273189,-1.9292534748580894
R4_LHS_03,20260813,V40_A_E5_C9_1T,Z,B2,7.2939217318900536,1.4550638915977743e-08,1.775607549880931e-09,0.12543136867803883,-2.2933348139358785
R4_LHS_03,20260813,V40_A_E5_C9_1T,Z,B2,7.327227310574482,1.4457456565253324e-08,7.787716249652021e-09,0.11949327782875889,-2.6574161530136573
R4_LHS_03,20260813,V40_A_E5_C9_1T,Z,B2,7.360532889258912,1.565226703803546e-08,8.584564170632802e-09,0.11216139422417873,-2.815357600918022
R4_LHS_03,20260813,V40_A_E5_C9_1T,Z,B2,7.3938384679433415,1.4083223476291096e-08,7.543760061068383e-10,0.10345732705430315,-2.7703551249539817
R4_LHS_03,20260813,V40_A_E5_C9_1T,Z,B2,7.427144046627771,1.5272304310087748e-08,5.787341716967376e-09,0.09475325988442758,-2.725352648989941
R4_LHS_03,20260813,V40_A_E5_C9_1T,Z,B2,7.460449625312201,1.4692938421489998e-08,1.0168759168038832e-08,0.086049192714552,-2.6803501730259005
R4_LHS_03,20260813,V40_A_E5_C9_1T,Z,B2,7.49375520399663,1.430046125960871e-08,2.9079327834580226e-09,0.07734512554467643,-2.6353476970618597
R4_LHS_03,20260813,V40_A_E5_C9_1T,Z,B2,7.527060782681059,1.4287833138837414e-08,1.4549009774711408e-09,0.09160749815236928,-2.6259848450145356
R4_LHS_03,20260813,V40_A_E5_C9_1T,Z,B2,7.560366361365489,1.3126946640795722e-08,3.208928234244013e-09,0.11116981840103911,-2.624846521563375
R4_LHS_03,20260813,V40_A_E5_C9_1T,Z,B2,7.593671940049918,1.327436471854071e-08,2.4142972065988033e-09,0.13073213864970895,-2.623708198112215
R4_LHS_03,20260813,V40_A_E5_C9_1T,Z,B2,7.626977518734348,1.3091438155754531e-08,2.1616768097754147e-10,0.15029445889837878,-2.622569874661054
R4_LHS_03,20260813,V40_A_E5_C9_1T,Z,B2,7.660283097418778,1.3128654607896806e-08,5.708774009072215e-10,0.16773420439522835,-2.5150333383895043
R4_LHS_03,20260813,V40_A_E5_C9_1T,Z,B2,7.693588676103206,1.3059973547058235e-08,7.244919664195493e-10,0.16976816540306355,-1.6352517090669534
R4_LHS_03,20260813,V40_A_E5_C9_1T,Z,B2,7.726894254787636,1.4329085473718806e-08,1.6959962323426225e-09,0.17180212641089884,-0.755470079744379
R4_LHS_03,20260813,V40_A_E5_C9_1T,Z,B2,7.760199833472066,1.3605450099873906e-08,1.1558435319969362e-09,0.1738360874187341,0.12431154957819546
R4_LHS_03,20260813,V40_A_E5_C9_1T,Z,B2,7.793505412156495,1.627777734825031e-08,4.943114806366111e-10,0.1758700484265694,1.0040931789007694
R4_LHS_03,20260813,V40_A_E5_C9_1T,Z,B2,7.826810990840925,1.442287356212546e-08,4.747792381465388e-09,0.19913081045601524,1.5218512543432927
R4_LHS_03,20260813,V40_A_E5_C9_1T,Z,B2,7.8601165695253545,1.593189224990965e-08,4.4504133711598115e-09,0.2505653265686869,1.5591053400905217
R4_LHS_03,20260813,V40_A_E5_C9_1T,Z,B2,7.893422148209783,1.5224591365381457e-08,1.7837452348512528e-10,0.3019998426813572,1.5963594258377498
R4_LHS_03,20260813,V40_A_E5_C9_1T,Z,B2,7.926727726894213,1.480912814599833e-08,2.8431876852863525e-09,0.3534343587940289,1.6336135115849788
R4_LHS_03,20260813,V40_A_E5_C9_1T,Z,B2,7.9600333055786425,1.579008213070665e-08,2.7681730241368996e-09,0.40486887490670054,1.670867597332208
R4_LHS_03,20260813,V40_A_E5_C9_1T,Z,B2,7.993338884263072,1.3534636522649635e-08,6.430110333077721e-10,0.37977477771654106,1.7566320894163536
R4_LHS_03,20260813,V40_A_E5_C9_1T,Z,B2,8.026644462947502,1.4197906850199615e-08,1.4986318852550085e-09,0.32755148956717983,1.859593392212526
R4_LHS_03,20260813,V40_A_E5_C9_1T,Z,B2,8.05995004163193,1.208240441030739e-08,2.635845763876432e-09,0.27532820141782005,1.9625546950086958
R4_LHS_03,20260813,V40_A_E5_C9_1T,Z,B2,8.093255620316361,1.2266791138415556e-08,6.446826961159502e-10,0.22310491326845747,2.0655159978048707
R4_LHS_03,20260813,V40_A_E5_C9_1T,Z,B2,8.12656119900079,1.183553877126542e-08,1.2935521542800643e-09,0.17400406287373543,2.1652592512888273
R4_LHS_03,20260813,V40_A_E5_C9_1T,Z,B2,8.159866777685219,1.1622567797076044e-08,8.529002393231622e-09,0.18839278015665534,2.199568835424443
R4_LHS_03,20260813,V40_A_E5_C9_1T,Z,B2,8.193172356369649,1.1589478710050116e-08,7.538791813033185e-09,0.20278149743957605,2.2338784195600607
R4_LHS_03,20260813,V40_A_E5_C9_1T,Z,B2,8.226477935054078,1.1316893200330469e-08,1.5928061092296275e-09,0.21717021472249598,2.268188003695676
R4_LHS_03,20260813,V40_A_E5_C9_1T,Z,B2,8.259783513738508,1.1290332224689337e-08,3.4595775133539064e-09,0.2315589320054167,2.3024975878312937
R4_LHS_03,20260813,V40_A_E5_C9_1T,Z,B2,8.293089092422937,1.1324168269766233e-08,5.191588936526159e-09,0.23357339076803252,1.9674219785383624
R4_LHS_03,20260813,V40_A_E5_C9_1T,Z,B2,8.326394671107368,1.1254003950966762e-08,4.2927017496197095e-09,0.21315100715867,0.962582007534355
R4_LHS_03,20260813,V40_A_E5_C9_1T,Z,B2,8.359700249791796,1.1264310373348962e-08,1.1702092628240734e-09,0.1927286235493086,-0.04225796346959898
R4_LHS_03,20260813,V40_A_E5_C9_1T,Z,B2,8.393005828476225,1.1339317040892638e-08,7.71448294134558e-10,0.17230623993994715,-1.0470979344735527
R4_LHS_03,20260813,V40_A_E5_C9_1T,Z,B2,8.426311407160656,1.1402275568173081e-08,1.654724801625207e-09,0.1518838563305846,-2.05193790547756
R4_LHS_03,20260813,V40_A_E5_C9_1T,Z,B2,8.459616985845084,1.1527027332647322e-08,4.3858786047401566e-10,0.13261148370151027,-2.443435345958611
R4_LHS_03,20260813,V40_A_E5_C9_1T,Z,B2,8.492922564529515,1.1179092318513995e-08,1.8768163412286043e-10,0.11392088133305076,-2.5246536239398534
R4_LHS_03,20260813,V40_A_E5_C9_1T,Z,B2,8.526228143213944,1.114223024956118e-08,1.4774053092025952e-09,0.09523027896459221,-2.605871901921092
R4_LHS_03,20260813,V40_A_E5_C9_1T,Z,B2,8.559533721898372,1.094855761607505e-08,3.8519218370502983e-10,0.0765396765961337,-2.6870901799023303
R4_LHS_03,20260813,V40_A_E5_C9_1T,Z,B2,8.592839300582803,1.0948930651011324e-08,7.282829450616646e-09,0.05784907422767417,-2.768308457883573
R4_LHS_03,20260813,V40_A_E5_C9_1T,Z,B2,8.626144879267232,1.0898103752765564e-08,9.943582846005938e-09,0.06035503215907916,-2.4898960731309385
R4_LHS_03,20260813,V40_A_E5_C9_1T,Z,B2,8.659450457951662,1.0874164679819387e-08,5.5226436757038755e-09,0.063456877327829,-2.201373589425945
R4_LHS_03,20260813,V40_A_E5_C9_1T,Z,B2,8.69275603663609,1.0757480239931283e-08,1.7033288557399828e-08,0.06655872249657867,-1.9128511057209678
R4_LHS_03,20260813,V40_A_E5_C9_1T,Z,B2,8.72606161532052,1.0732352784259547e-08,2.3387698888654995e-08,0.06966056766532834,-1.62432862201599
R4_LHS_03,20260813,V40_A_E5_C9_1T,Z,B2,8.75936719400495,1.0615814893810693e-08,9.495061625841572e-09,0.07167404365852213,-1.3945049814737198
R4_LHS_03,20260813,V40_A_E5_C9_1T,Z,B2,8.792672772689379,1.0581246101537545e-08,1.2349036460079788e-08,0.07090613175862834,-1.314689495680632
R4_LHS_03,20260813,V40_A_E5_C9_1T,Z,B2,8.82597835137381,1.0607469569379191e-08,1.553501327578033e-08,0.0701382198587345,-1.23487400988754
R4_LHS_03,20260813,V40_A_E5_C9_1T,Z,B2,8.859283930058238,1.0515784687470386e-08,2.0752324303430214e-09,0.06937030795884071,-1.1550585240944522
R4_LHS_03,20260813,V40_A_E5_C9_1T,Z,B2,8.892589508742669,1.0440935227506998e-08,2.5151825067126765e-09,0.06860239605894689,-1.07524303830136
R4_LHS_03,20260813,V40_A_E5_C9_1T,Z,B2,8.925895087427097,1.0391889126992737e-08,3.52083273646997e-09,0.07030687012789562,-0.8726753124487885
R4_LHS_03,20260813,V40_A_E5_C9_1T,Z,B2,8.959200666111526,1.0401431715933995e-08,3.474648790913193e-09,0.07373055298312521,-0.5847500686740772
R4_LHS_03,20260813,V40_A_E5_C9_1T,Z,B2,8.992506244795957,1.0294972874191899e-08,2.9212414709434142e-09,0.07715423583835498,-0.2968248248993507
R4_LHS_03,20260813,V40_A_E5_C9_1T,Z,B2,9.025811823480385,1.0175825515545966e-08,1.627055290498447e-08,0.08057791869358459,-0.00889958112463951
R4_LHS_03,20260813,V40_A_E5_C9_1T,Z,B2,9.059117402164816,1.008930095025562e-08,2.1052880327943058e-08,0.08400160154881436,0.2790256626500871
R4_LHS_03,20260813,V40_A_E5_C9_1T,Z,B2,9.092422980849244,1.0134817429729992e-08,4.211376580798287e-09,0.09582289062024772,0.2111204727851364
R4_LHS_03,20260813,V40_A_E5_C9_1T,Z,B2,9.125728559533673,1.0086714574697453e-08,1.9154803965193423e-08,0.10859347430742552,0.10299097303049842
R4_LHS_03,20260813,V40_A_E5_C9_1T,Z,B2,9.159034138218104,9.972858094897674e-09,1.7427051801632842e-08,0.12136405799460401,-0.005138526724145331
R4_LHS_03,20260813,V40_A_E5_C9_1T,Z,B2,9.192339716902532,9.81136327737886e-09,2.113962338512465e-09,0.1341346416817818,-0.11326802647878331
R4_LHS_03,20260813,V40_A_E5_C9_1T,Z,B2,9.225645295586963,9.706318415680926e-09,2.9287940961353343e-09,0.140091137292109,-0.20973466576188232
R4_LHS_03,20260813,V40_A_E5_C9_1T,Z,B2,9.258950874271392,9.638086773122723e-09,2.5864053121438246e-09,0.11994838989110948,-0.2615303488992648
R4_LHS_03,20260813,V40_A_E5_C9_1T,Z,B2,9.29225645295582,9.58854151633659e-09,1.3278304844543953e-10,0.09980564249010998,-0.3133260320366473
R4_LHS_03,20260813,V40_A_E5_C9_1T,Z,B2,9.325562031640251,9.568494441225539e-09,3.920908042687188e-09,0.07966289508910938,-0.3651217151740325
R4_LHS_03,20260813,V40_A_E5_C9_1T,Z,B2,9.35886761032468,9.513628107526984e-09,4.516097273921105e-09,0.05952014768810987,-0.41691739831141506
R4_LHS_03,20260813,V40_A_E5_C9_1T,Z,B2,9.39217318900911,9.425359159820346e-09,7.829301651440801e-09,0.04862494636745767,-0.629256864322624
R4_LHS_03,20260813,V40_A_E5_C9_1T,Z,B2,9.425478767693539,9.395149547231085e-09,7.904782606260596e-09,0.046416833788950534,-0.9924101869728512
R4_LHS_03,20260813,V40_A_E5_C9_1T,Z,B2,9.458784346377968,9.388517518971184e-09,1.3805443899173042e-08,0.044208721210443405,-1.3555635096230785
R4_LHS_03,20260813,V40_A_E5_C9_1T,Z,B2,9.492089925062398,9.31714971841302e-09,8.235752524399231e-09,0.04200060863193615,-1.7187168322733248
R4_LHS_03,20260813,V40_A_E5_C9_1T,Z,B2,9.525395503746827,9.281515112036232e-09,7.769204835028631e-09,0.039792496053429015,-2.081870154923552
R4_LHS_03,20260813,V40_A_E5_C9_1T,Z,B2,9.558701082431257,9.249664145727365e-09,8.522798466970016e-09,0.04715896541133362,-1.244130615588471
R4_LHS_03,20260813,V40_A_E5_C9_1T,Z,B2,9.592006661115686,9.204326190115353e-09,2.629996886938102e-09,0.0565674072201308,-0.1502764848348319
R4_LHS_03,20260813,V40_A_E5_C9_1T,Z,B2,9.625312239800117,9.11935771341632e-09,6.418466869106965e-10,0.06597584902892849,0.9435776459188654
R4_LHS_03,20260813,V40_A_E5_C9_1T,Z,B2,9.658617818484545,9.057035121884383e-09,1.3308597557326607e-09,0.07538429083772566,2.0374317766725047
R4_LHS_03,20260813,V40_A_E5_C9_1T,Z,B2,9.691923397168974,8.979102794626215e-09,1.8153646363927578e-09,0.08473711799547931,2.8449674865586085
R4_LHS_03,20260813,V40_A_E5_C9_1T,Z,B2,9.725228975853405,8.876866353091373e-09,1.051199682855497e-09,0.09372681419641979,1.7830123307801808
R4_LHS_03,20260813,V40_A_E5_C9_1T,Z,B2,9.758534554537833,8.892635960933148e-09,7.940861856958747e-10,0.10271651039735978,0.72105717500181
R4_LHS_03,20260813,V40_A_E5_C9_1T,Z,B2,9.791840133222264,8.81316530865206e-09,4.1352419266615925e-09,0.11170620659830025,-0.3408979807766177
R4_LHS_03,20260813,V40_A_E5_C9_1T,Z,B2,9.825145711906693,8.776186000147845e-09,1.6068374408817476e-09,0.12069590279924025,-1.402853136554989
R4_LHS_03,20260813,V40_A_E5_C9_1T,Z,B2,9.858451290591121,8.744430957108307e-09,1.2596631515648937e-09,0.14868646006500905,-2.084004510153744
R4_LHS_03,20260813,V40_A_E5_C9_1T,Z,B2,9.891756869275552,8.624306602200704e-09,5.872894615066571e-09,0.20072235478449874,-2.283253752321734
R4_LHS_03,20260813,V40_A_E5_C9_1T,Z,B2,9.92506244795998,8.578139087944692e-09,2.1048480736141073e-09,0.2527582495039856,-2.482502994489714
R4_LHS_03,20260813,V40_A_E5_C9_1T,Z,B2,9.958368026644411,8.501168657915059e-09,3.183187047284264e-09,0.3047941442234753,-2.681752236657704
R4_LHS_03,20260813,V40_A_E5_C9_1T,Z,B2,9.99167360532884,8.465261380763422e-09,1.0962458496521776e-08,0.3568300389429622,-2.8810014788256835
R4_LHS_03,20260813,V40_A_E5_C9_1T,Z,B2,10.024979184013269,8.435599774259117e-09,1.269628735478534e-09,0.328204351350926,-2.029987787029138
R4_LHS_03,20260813,V40_A_E5_C9_1T,Z,B2,10.0582847626977,8.376967564061033e-09,5.016959736536819e-09,0.27269146965504776,-0.8288864505777118
R4_LHS_03,20260813,V40_A_E5_C9_1T,Z,B2,10.091590341382128,8.36412361593375e-09,1.2268176696750288e-08,0.21717858795917247,0.3722148858736505
R4_LHS_03,20260813,V40_A_E5_C9_1T,Z,B2,10.124895920066558,8.28234458793986e-09,3.4802944970380167e-09,0.1616657062632942,1.5733162223250767
R4_LHS_03,20260813,V40_A_E5_C9_1T,Z,B2,10.158201498750987,8.256835215547653e-09,2.0540813494562826e-09,0.10844758242294268,2.6714645503003576
R4_LHS_03,20260813,V40_A_E5_C9_1T,Z,B2,10.191507077435418,8.209549484661238e-09,8.512135885041516e-09,0.09209856812801043,2.1155012087596976
R4_LHS_03,20260813,V40_A_E5_C9_1T,Z,B2,10.224812656119846,8.138732354723288e-09,5.073403031019552e-09,0.07574955383307905,1.5595378672190674
R4_LHS_03,20260813,V40_A_E5_C9_1T,Z,B2,10.258118234804275,8.117098104776233e-09,1.0825697005500956e-09,0.05940053953814768,1.0035745256784372
R4_LHS_03,20260813,V40_A_E5_C9_1T,Z,B2,10.291423813488706,8.025270226141856e-09,2.985871272453977e-10,0.04305152524321544,0.44761118413777723
R4_LHS_03,20260813,V40_A_E5_C9_1T,Z,B2,10.324729392173134,7.993173234410733e-09,3.3024230017275613e-09,0.037950533166912596,-0.13544073994338343
R4_LHS_03,20260813,V40_A_E5_C9_1T,Z,B2,10.358034970857565,7.986474592769355e-09,4.177008072758781e-09,0.05223443044611715,-0.7651772424454856
R4_LHS_03,20260813,V40_A_E5_C9_1T,Z,B2,10.391340549541994,7.953480540834335e-09,3.5049161350997338e-09,0.06651832772532093,-1.3949137449475542
R4_LHS_03,20260813,V40_A_E5_C9_1T,Z,B2,10.424646128226422,7.907977384036258e-09,5.1312434301564736e-09,0.08080222500452473,-2.0246502474496224
R4_LHS_03,20260813,V40_A_E5_C9_1T,Z,B2,10.457951706910853,7.81840547858792e-09,1.0390628357725973e-09,0.09508612228372929,-2.654386749951725
R4_LHS_03,20260813,V40_A_E5_C9_1T,Z,B2,10.491257285595282,7.792828604635815e-09,3.0825746399898435e-09,0.09818482207294112,-2.6027989778590164
R4_LHS_03,20260813,V40_A_E5_C9_1T,Z,B2,10.524562864279712,7.77507214166917e-09,2.919633645959152e-09,0.09591721323978686,-2.224333085584986
R4_LHS_03,20260813,V40_A_E5_C9_1T,Z,B2,10.557868442964141,7.705108551192552e-09,4.57532151054707e-10,0.09364960440663271,-1.8458671933109754
R4_LHS_03,20260813,V40_A_E5_C9_1T,Z,B2,10.59117402164857,7.676509206078208e-09,3.46335848888657e-10,0.09138199557347858,-1.4674013010369649
R4_LHS_03,20260813,V40_A_E5_C9_1T,Z,B2,10.624479600333,7.657097178537242e-09,5.730463326081292e-10,0.08911438674032432,-1.0889354087629344
R4_LHS_03,20260813,V40_A_E5_C9_1T,Z,B2,10.657785179017429,7.609193275470716e-09,2.2704994828703917e-10,0.11664671144393193,-1.3116283160661504
R4_LHS_03,20260813,V40_A_E5_C9_1T,Z,B2,10.69109075770186,7.591918205207548e-09,1.755789846846767e-09,0.14465205096558373,-1.5438634265372484
R4_LHS_03,20260813,V40_A_E5_C9_1T,Z,B2,10.724396336386288,7.561094861330275e-09,1.3089248573905365e-09,0.17265739048723405,-1.776098537008334
R4_LHS_03,20260813,V40_A_E5_C9_1T,Z,B2,10.757701915070717,7.504286081427836e-09,4.941608233721695e-10,0.20066273000888435,-2.0083336474794193
R4_LHS_03,20260813,V40_A_E5_C9_1T,Z,B2,10.791007493755147,7.51306838964183e-09,2.196275661336955e-10,0.22345369617508226,-2.0080836239603466
R4_LHS_03,20260813,V40_A_E5_C9_1T,Z,B2,10.824313072439576,7.46855555178172e-09,1.4661108438396298e-10,0.23366064131011768,-1.4467694770783628
R4_LHS_03,20260813,V40_A_E5_C9_1T,Z,B2,10.857618651124007,7.394860279674731e-09,2.2808598065804375e-10,0.24386758644515366,-0.8854553301963488
R4_LHS_03,20260813,V40_A_E5_C9_1T,Z,B2,10.890924229808435,7.390535738949211e-09,3.5825248323462233e-10,0.25407453158018906,-0.3241411833143646
R4_LHS_03,20260813,V40_A_E5_C9_1T,Z,B2,10.924229808492866,7.350696940022772e-09,2.3913686586496397e-09,0.26428147671522506,0.2371729635676494
R4_LHS_03,20260813,V40_A_E5_C9_1T,Z,B2,10.957535387177295,7.309031602176219e-09,3.3150908684831393e-09,0.2554390520279248,0.4725913653564301
R4_LHS_03,20260813,V40_A_E5_C9_1T,Z,B2,10.990840965861723,7.291307557721893e-09,1.0530152444454544e-10,0.23397951226349561,0.49215674117443275
R4_LHS_03,20260813,V40_A_E5_C9_1T,Z,B2,11.024146544546154,7.207697994005002e-09,3.129876136043208e-09,0.21251997249906535,0.5117221169924365
R4_LHS_03,20260813,V40_A_E5_C9_1T,Z,B2,11.057452123230583,7.197797469160605e-09,6.348888526019891e-09,0.19106043273463624,0.5312874928104392
R4_LHS_03,20260813,V40_A_E5_C9_1T,Z,B2,11.090757701915013,7.1678756263793275e-09,9.663558842021303e-10,0.16960089297020597,0.550852868628443
R4_LHS_03,20260813,V40_A_E5_C9_1T,Z,B2,11.124063280599442,7.145311009537636e-09,2.620299532907211e-09,0.1529309365907674,-0.0535994229169906
R4_LHS_03,20260813,V40_A_E5_C9_1T,Z,B2,11.15736885928387,7.111607747134485e-09,4.263602360055074e-09,0.13673377170426762,-0.7196500249746729
R4_LHS_03,20260813,V40_A_E5_C9_1T,Z,B2,11.190674437968301,7.097068710493204e-09,2.745259852776627e-10,0.12053660681776698,-1.3857006270323906
R4_LHS_03,20260813,V40_A_E5_C9_1T,Z,B2,11.22398001665273,7.034061333399677e-09,8.448912680592002e-10,0.10433944193126723,-2.051751229090073
R4_LHS_03,20260813,V40_A_E5_C9_1T,Z,B2,11.25728559533716,7.007671776193547e-09,2.9073881080421415e-09,0.10026876589316135,-2.520623942993748
R4_LHS_03,20260813,V40_A_E5_C9_1T,Z,B2,11.29059117402159,6.9616139519723674e-09,9.448900550879102e-10,0.13950697859930766,-2.2852899134903457
R4_LHS_03,20260813,V40_A_E5_C9_1T,Z,B2,11.323896752706018,6.929508078457047e-09,1.8572127169491637e-09,0.178745191305454,-2.049955883986944
R4_LHS_03,20260813,V40_A_E5_C9_1T,Z,B2,11.357202331390448,6.937623808767057e-09,5.52393464303691e-09,0.2179834040116024,-1.8146218544835289
R4_LHS_03,20260813,V40_A_E5_C9_1T,Z,B2,11.390507910074877,6.894455673034372e-09,1.5225348759528856e-09,0.25722161671774874,-1.5792878249801268
R4_LHS_03,20260813,V40_A_E5_C9_1T,Z,B2,11.423813488759308,6.875376268311584e-09,1.1465298710433558e-09,0.2848621499875906,-1.6047099909119449
R4_LHS_03,20260813,V40_A_E5_C9_1T,Z,B2,11.457119067443736,6.787134854135957e-09,6.074966307778595e-09,0.30210772613303877,-1.8638469690486499
R4_LHS_03,20260813,V40_A_E5_C9_1T,Z,B2,11.490424646128167,6.795203955078932e-09,3.4808940174713143e-09,0.31935330227848785,-2.1229839471853684
R4_LHS_03,20260813,V40_A_E5_C9_1T,Z,B2,11.523730224812596,6.7324448238537116e-09,1.6349772646861993e-09,0.33659887842393604,-2.3821209253220736
R4_LHS_03,20260813,V40_A_E5_C9_1T,Z,B2,11.557035803497024,6.717690848034863e-09,4.26257740215874e-09,0.35384445456938424,-2.6412579034587784
R4_LHS_03,20260813,V40_A_E5_C9_1T,Z,B2,11.590341382181455,6.715523692690795e-09,1.5609141756911526e-09,0.3285368415685997,-1.7660830356397235
R4_LHS_03,20260813,V40_A_E5_C9_1T,Z,B2,11.623646960865884,6.677443487035362e-09,3.2858959997383863e-10,0.29487766808117477,-0.6682862167453423
R4_LHS_03,20260813,V40_A_E5_C9_1T,Z,B2,11.656952539550314,6.664538698686329e-09,5.89134740991426e-10,0.2612184945937481,0.4295106021490973
R4_LHS_03,20260813,V40_A_E5_C9_1T,Z,B2,11.690258118234743,6.683569697685243e-09,6.312776412720211e-10,0.22755932110632313,1.5273074210434787
R4_LHS_03,20260813,V40_A_E5_C9_1T,Z,B2,11.723563696919172,6.658797069292177e-09,4.6066242487263764e-10,0.1980734764412976,2.442533483810965
R4_LHS_03,20260813,V40_A_E5_C9_1T,Z,B2,11.756869275603602,6.650012096542923e-09,4.160853606105519e-10,0.1932892266980415,2.2771380440976343
R4_LHS_03,20260813,V40_A_E5_C9_1T,Z,B2,11.790174854288031,6.598139812297177e-09,1.5191140012582593e-10,0.18850497695478563,2.111742604384312
R4_LHS_03,20260813,V40_A_E5_C9_1T,Z,B2,11.823480432972461,6.575882949277911e-09,5.793909796381058e-09,0.1837207272115295,1.946347164670981
R4_LHS_03,20260813,V40_A_E5_C9_1T,Z,B2,11.85678601165689,6.551961639900128e-09,6.876256009036297e-09,0.17893647746827362,1.7809517249576587
R4_LHS_03,20260813,V40_A_E5_C9_1T,Z,B2,11.890091590341319,6.482552716846612e-09,2.8281496589066535e-10,0.17223722860527257,1.351771136207629
R4_LHS_03,20260813,V40_A_E5_C9_1T,Z,B2,11.92339716902575,6.4780740771652745e-09,1.2229334878099962e-08,0.16322677390809617,0.6042291606891612
R4_LHS_03,20260813,V40_A_E5_C9_1T,Z,B2,11.956702747710178,6.468288571426228e-09,9.912201726081094e-09,0.15421631921092024,-0.14331281482926683
R4_LHS_03,20260813,V40_A_E5_C9_1T,Z,B2,11.990008326394609,6.424011100847338e-09,1.384396208781169e-10,0.14520586451374382,-0.8908547903477344
R4_LHS_03,20260813,V40_A_E5_C9_1T,Z,B2,12.023313905079037,6.382798289905622e-09,8.76432437735275e-09,0.1361954098165679,-1.6383967658661627
R4_LHS_03,20260813,V40_A_E5_C9_1T,Z,B2,12.056619483763466,6.3716525389168055e-09,1.1457036208639693e-08,0.1336409711743473,-1.0326945499814024
R4_LHS_03,20260813,V40_A_E5_C9_1T,Z,B2,12.089925062447897,6.288282339284024e-09,8.651861449493481e-10,0.1331061067852152,-0.003669792170490016
R4_LHS_03,20260813,V40_A_E5_C9_1T,Z,B2,12.123230641132325,6.332521174101657e-09,3.3842197932898443e-09,0.1325712423960831,1.0253549656403673
R4_LHS_03,20260813,V40_A_E5_C9_1T,Z,B2,12.156536219816756,6.276695607709826e-09,5.433964833656546e-09,0.13203637800695098,2.0543797234512797
R4_LHS_03,20260813,V40_A_E5_C9_1T,Z,B2,12.189841798501185,6.2754641483309115e-09,1.3652031727318104e-09,0.1322809150946532,2.995244765261816
R4_LHS_03,20260813,V40_A_E5_C9_1T,Z,B2,12.223147377185615,6.290819420939897e-09,2.832663270613267e-10,0.14283087170938044,2.770442451068885
R4_LHS_03,20260813,V40_A_E5_C9_1T,Z,B2,12.256452955870044,6.222964366031647e-09,1.262288051862015e-10,0.15338082832410715,2.545640136875966
R4_LHS_03,20260813,V40_A_E5_C9_1T,Z,B2,12.289758534554473,6.2059171135331326e-09,8.024351183522072e-10,0.16393078493883384,2.3208378226830466
R4_LHS_03,20260813,V40_A_E5_C9_1T,Z,B2,12.323064113238903,6.1570055720494565e-09,1.4972643125332752e-09,0.1744807415535611,2.0960355084901154
R4_LHS_03,20260813,V40_A_E5_C9_1T,Z,B2,12.356369691923332,6.201952729156801e-09,1.894183254691484e-09,0.17707436594438972,1.842719937591722
R4_LHS_03,20260813,V40_A_E5_C9_1T,Z,B2,12.389675270607762,6.179244671500328e-09,6.595576307333317e-10,0.16662616741150982,1.5426661417843432
R4_LHS_03,20260813,V40_A_E5_C9_1T,Z,B2,12.422980849292191,6.1796456840568226e-09,1.3484013905440406e-09,0.15617796887863047,1.2426123459769802
R4_LHS_03,20260813,V40_A_E5_C9_1T,Z,B2,12.45628642797662,6.113117567707604e-09,7.49749240469555e-09,0.14572977034575113,0.9425585501696174
R4_LHS_03,20260813,V40_A_E5_C9_1T,Z,B2,12.48959200666105,6.0549321112546295e-09,2.7001940683391012e-09,0.13528157181287126,0.6425047543622386
R4_LHS_03,20260813,V40_A_E5_C9_1T,Z,B2,12.52289758534548,6.093289428577009e-09,1.2552946460075987e-09,0.13018227643414787,0.4573841864719229
R4_LHS_03,20260813,V40_A_E5_C9_1T,Z,B2,12.55620316402991,6.063632707054012e-09,4.667617847786687e-09,0.12751430067094918,0.32450599490751675
R4_LHS_03,20260813,V40_A_E5_C9_1T,Z,B2,12.589508742714338,5.964976512728981e-09,1.8180871252937436e-09,0.1248463249077506,0.19162780334311763
R4_LHS_03,20260813,V40_A_E5_C9_1T,Z,B2,12.622814321398767,6.035476562971098e-09,8.975382659315301e-10,0.12217834914455204,0.058749611778718513
R4_LHS_03,20260813,V40_A_E5_C9_1T,Z,B2,12.656119900083198,5.983695317013371e-09,1.3595300440982783e-09,0.11951037338135334,-0.07412857978568765
R4_LHS_03,20260813,V40_A_E5_C9_1T,Z,B2,12.689425478767626,5.941646286089508e-09,2.6484434090257025e-10,0.1470749169017356,0.5861620726831608
R4_LHS_03,20260813,V40_A_E5_C9_1T,Z,B2,12.722731057452057,5.9675167030093235e-09,4.949733400927414e-10,0.17475801932126953,1.2495631912070482
R4_LHS_03,20260813,V40_A_E5_C9_1T,Z,B2,12.756036636136486,5.90683990608909e-09,8.157048370094344e-10,0.20244112174080198,1.9129643097309004
R4_LHS_03,20260813,V40_A_E5_C9_1T,Z,B2,12.789342214820916,5.938429303853354e-09,6.632611682100276e-10,0.2301242241603359,2.5763654282547876
R4_LHS_03,20260813,V40_A_E5_C9_1T,Z,B2,12.822647793505345,5.888501242168331e-09,3.3390851195136406e-10,0.24513229432451422,3.035426165043166
R4_LHS_03,20260813,V40_A_E5_C9_1T,Z,B2,12.855953372189774,5.916364731461954e-09,9.660727079419118e-11,0.23121529088032244,3.028171671717292
R4_LHS_03,20260813,V40_A_E5_C9_1T,Z,B2,12.889258950874204,5.890997023527689e-09,1.5454863083741444e-11,0.2172982874361299,3.0209171783914175
R4_LHS_03,20260813,V40_A_E5_C9_1T,Z,B2,12.922564529558633,5.848162842880811e-09,4.734320713239981e-10,0.2033812839919381,3.0136626850655435
R4_LHS_03,20260813,V40_A_E5_C9_1T,Z,B2,12.955870108243063,5.829349003505513e-09,7.778429567117939e-10,0.18946428054774556,3.0064081917396686
R4_LHS_03,20260813,V40_A_E5_C9_1T,Z,B2,12.989175686927492,5.802677449651128e-09,1.086853052001402e-09,0.19184038054188762,2.933797858339063
R4_LHS_03,20260813,V40_A_E5_C9_1T,Z,B2,13.02248126561192,5.772746280996444e-09,1.525968018611934e-09,0.2044904756977795,2.819975880560132
R4_LHS_03,20260813,V40_A_E5_C9_1T,Z,B2,13.055786844296351,5.72527980580162e-09,6.677824959666623e-10,0.21714057085367205,2.7061539027811947
R4_LHS_03,20260813,V40_A_E5_C9_1T,Z,B2,13.08909242298078,5.71962166517892e-09,4.467534786556371e-09,0.22979066600956394,2.592331925002264
R4_LHS_03,20260813,V40_A_E5_C9_1T,Z,B2,13.12239800166521,5.675170999808188e-09,5.580646611491602e-09,0.2424407611654565,2.4785099472233263
R4_LHS_03,20260813,V40_A_E5_C9_1T,Z,B2,13.15570358034964,5.663171709358039e-09,5.203800168551709e-10,0.22514840018788915,2.279805401977549
R4_LHS_03,20260813,V40_A_E5_C9_1T,Z,B2,13.189009159034068,5.668450597795527e-09,1.6473755692913983e-09,0.20531854292782623,2.0739074188108555
R4_LHS_03,20260813,V40_A_E5_C9_1T,Z,B2,13.222314737718499,5.6490723210345095e-09,6.531184038038873e-09,0.18548868566776228,1.8680094356441506
R4_LHS_03,20260813,V40_A_E5_C9_1T,Z,B2,13.255620316402927,5.625955701304974e-09,3.752317123684179e-09,0.16565882840769935,1.6621114524774567
R4_LHS_03,20260813,V40_A_E5_C9_1T,Z,B2,13.288925895087358,5.605889530357899e-09,2.374836716168005e-10,0.15285723088782255,1.4743782795537552
R4_LHS_03,20260813,V40_A_E5_C9_1T,Z,B2,13.322231473771787,5.6073043985804816e-09,3.5329603687017652e-09,0.16352287351737738,1.3472971001532916
R4_LHS_03,20260813,V40_A_E5_C9_1T,Z,B2,13.355537052456215,5.562125870994805e-09,2.919322561467652e-09,0.1741885161469322,1.2202159207528278
R4_LHS_03,20260813,V40_A_E5_C9_1T,Z,B2,13.388842631140646,5.547305281794479e-09,5.743767128585375e-10,0.18485415877648761,1.0931347413523576
R4_LHS_03,20260813,V40_A_E5_C9_1T,Z,B2,13.422148209825075,5.583915552165308e-09,4.6148912469234915e-10,0.19551980140604244,0.9660535619518938
R4_LHS_03,20260813,V40_A_E5_C9_1T,Z,B2,13.455453788509505,5.551758164301646e-09,1.5180859902486077e-09,0.21045715490249134,0.9604395857758596
R4_LHS_03,20260813,V40_A_E5_C9_1T,Z,B2,13.488759367193934,5.5269531173962605e-09,3.4423883188416937e-10,0.2290471307343987,1.0586888703279567
R4_LHS_03,20260813,V40_A_E5_C9_1T,Z,B2,13.522064945878364,5.508023370737192e-09,7.44378794714784e-11,0.24763710656630705,1.1569381548800588
R4_LHS_03,20260813,V40_A_E5_C9_1T,Z,B2,13.555370524562793,5.492663213146898e-09,3.022039285482947e-10,0.2662270823982144,1.2551874394321558
R4_LHS_03,20260813,V40_A_E5_C9_1T,Z,B2,13.588676103247222,5.504584787985323e-09,1.765314977530963e-10,0.28481705823012177,1.3534367239842529
R4_LHS_03,20260813,V40_A_E5_C9_1T,Z,B2,13.621981681931652,5.450970785858544e-09,4.740475234576991e-10,0.28171511812075056,1.6292141508202622
R4_LHS_03,20260813,V40_A_E5_C9_1T,Z,B2,13.655287260616081,5.4374527103107084e-09,9.68563007575085e-10,0.27471463090672665,1.9368975571450613
R4_LHS_03,20260813,V40_A_E5_C9_1T,Z,B2,13.688592839300512,5.410645265158109e-09,5.921951817811077e-10,0.26771414369270236,2.244580963469877
R4_LHS_03,20260813,V40_A_E5_C9_1T,Z,B2,13.72189841798494,5.435683014809456e-09,2.924733719100736e-11,0.2607136564786784,2.552264369794676
R4_LHS_03,20260813,V40_A_E5_C9_1T,Z,B2,13.755203996669369,5.421795457039025e-09,1.2950498451402837e-09,0.2581040474099977,2.8220390155849406
R4_LHS_03,20260813,V40_A_E5_C9_1T,Z,B2,13.7885095753538,5.385722978701324e-09,1.5203710512778912e-09,0.27920518032617186,2.887106354488721
R4_LHS_03,20260813,V40_A_E5_C9_1T,Z,B2,13.821815154038228,5.381834089490667e-09,1.3106045415600676e-10,0.3003063132423449,2.9521736933924982
R4_LHS_03,20260813,V40_A_E5_C9_1T,Z,B2,13.855120732722659,5.3830229163054355e-09,6.17847606410038e-10,0.3214074461585191,3.017241032296279
R4_LHS_03,20260813,V40_A_E5_C9_1T,Z,B2,13.888426311407088,5.3821462842051915e-09,7.486931630218407e-10,0.3425085790746921,3.082308371200056
R4_LHS_03,20260813,V40_A_E5_C9_1T,Z,B2,13.921731890091516,5.355624388414526e-09,1.2367670776392004e-10,0.3327836995691574,3.007915408287711
R4_LHS_03,20260813,V40_A_E5_C9_1T,Z,B2,13.955037468775947,5.338698372270301e-09,8.358238545724817e-10,0.2875700494604821,2.7729673079904265
R4_LHS_03,20260813,V40_A_E5_C9_1T,Z,B2,13.988343047460376,5.344597653333949e-09,1.22783438971652e-09,0.24235639935180925,2.5380192076931545
R4_LHS_03,20260813,V40_A_E5_C9_1T,Z,B2,14.021648626144806,5.341486808418949e-09,2.585924807618767e-10,0.197142749243134,2.30307110739587
R4_LHS_03,20260813,V40_A_E5_C9_1T,Z,B2,14.054954204829235,5.3016937506811246e-09,5.768682753704013e-11,0.15192909913446112,2.068123007098598
R4_LHS_03,20260813,V40_A_E5_C9_1T,Z,B2,14.088259783513664,5.289812587960796e-09,4.425521615836203e-10,0.1434044528389652,1.917370772580124
R4_LHS_03,20260813,V40_A_E5_C9_1T,Z,B2,14.121565362198094,5.230128774513787e-09,9.911643727988917e-10,0.1456270904887428,1.7912819734917944
R4_LHS_03,20260813,V40_A_E5_C9_1T,Z,B2,14.154870940882523,5.198907526704488e-09,5.042287698486803e-10,0.1478497281385203,1.6651931744034716
R4_LHS_03,20260813,V40_A_E5_C9_1T,Z,B2,14.188176519566953,5.1937263378931675e-09,2.4561816469592657e-10,0.1500723657882979,1.539104375315142
R4_LHS_03,20260813,V40_A_E5_C9_1T,Z,B2,14.221482098251382,5.1793378474940255e-09,4.0705210035962835e-11,0.15089730517651753,1.4259584352039092
R4_LHS_03,20260813,V40_A_E5_C9_1T,Z,B2,14.254787676935813,5.170549322031093e-09,1.5389948204713733e-09,0.136081335447312,1.4576492503124134
R4_LHS_03,20260813,V40_A_E5_C9_1T,Z,B2,14.288093255620241,5.176091111280812e-09,3.095554257370736e-09,0.12126536571810724,1.489340065420916
R4_LHS_03,20260813,V40_A_E5_C9_1T,Z,B2,14.32139883430467,5.14227149750468e-09,3.919684299358295e-10,0.10644939598890249,1.5210308805294184
R4_LHS_03,20260813,V40_A_E5_C9_1T,Z,B2,14.3547044129891,5.123965252096241e-09,7.053008177493325e-10,0.09163342625969695,1.5527216956379226
R4_LHS_03,20260813,V40_A_E5_C9_1T,Z,B2,14.38800999167353,5.13705966653788e-09,1.579178898758471e-09,0.08463426201071576,1.3799696164166817
R4_LHS_03,20260813,V40_A_E5_C9_1T,Z,B2,14.42131557035796,5.1204800399773376e-09,1.1685827860929976e-09,0.0898293143108825,0.8882866220410452
R4_LHS_03,20260813,V40_A_E5_C9_1T,Z,B2,14.454621149042389,5.1342556872668865e-09,4.4801492377066765e-11,0.09502436661104893,0.396603627665435
R4_LHS_03,20260813,V40_A_E5_C9_1T,Z,B2,14.487926727726817,5.124893842634037e-09,3.08599146237043e-10,0.10021941891121539,-0.09507936671017525
R4_LHS_03,20260813,V40_A_E5_C9_1T,Z,B2,14.521232306411248,5.0976236565247746e-09,7.498385939941343e-11,0.10541447121138212,-0.5867623610858117
R4_LHS_03,20260813,V40_A_E5_C9_1T,Z,B2,14.554537885095677,5.08143527255811e-09,5.176577569376839e-11,0.11933480275114078,-0.7157201192758155
R4_LHS_03,20260813,V40_A_E5_C9_1T,Z,B2,14.587843463780107,5.075566633649942e-09,5.843232009361543e-10,0.13700846670122677,-0.6886452339670226
R4_LHS_03,20260813,V40_A_E5_C9_1T,Z,B2,14.621149042464536,5.081417953078926e-09,6.287341758337561e-10,0.15468213065131184,-0.6615703486582312
R4_LHS_03,20260813,V40_A_E5_C9_1T,Z,B2,14.654454621148965,5.0327861877974556e-09,3.919555305320621e-11,0.17235579460139688,-0.6344954633494397
R4_LHS_03,20260813,V40_A_E5_C9_1T,Z,B2,14.687760199833395,5.069259678691651e-09,4.2453240922668556e-10,0.1897742667489003,-0.6060353477332643
R4_LHS_03,20260813,V40_A_E5_C9_1T,Z,B2,14.721065778517824,5.012220416489299e-09,6.503782512545797e-10,0.17478337996855636,-0.40165098308027647
R4_LHS_03,20260813,V40_A_E5_C9_1T,Z,B2,14.754371357202254,4.999722857945699e-09,5.226555299664426e-10,0.15979249318821162,-0.19726661842727777
R4_LHS_03,20260813,V40_A_E5_C9_1T,Z,B2,14.787676935886683,5.033908401230747e-09,1.8224216580264851e-10,0.14480160640786766,0.007117746225710042
R4_LHS_03,20260813,V40_A_E5_C9_1T,Z,B2,14.820982514571114,4.982624091098842e-09,2.5642579726259385e-10,0.12981071962752294,0.21150211087870874
R4_LHS_03,20260813,V40_A_E5_C9_1T,Z,B2,14.854288093255542,5.010192705157124e-09,5.286258653036668e-10,0.1163219309207992,0.4091255520900926
R4_LHS_03,20260813,V40_A_E5_C9_1T,Z,B2,14.887593671939971,4.965282851543407e-09,3.4568015117031337e-10,0.10607841582992063,0.5921420599399914
R4_LHS_03,20260813,V40_A_E5_C9_1T,Z,B2,14.920899250624402,4.927227070794515e-09,1.0573272257730082e-09,0.0958349007390415,0.7751585677898999
R4_LHS_03,20260813,V40_A_E5_C9_1T,Z,B2,14.95420482930883,4.940798881136743e-09,1.1918845077563134e-10,0.08559138564816292,0.9581750756397986
R4_LHS_03,20260813,V40_A_E5_C9_1T,Z,B2,14.98751040799326,4.9212229846773425e-09,8.101730952780883e-10,0.07534787055728379,1.1411915834897073
R4_LHS_03,20260813,V40_A_E5_C9_1T,Z,B2,15.02081598667769,4.874912917784968e-09,7.910311849990137e-10,0.07613280784652018,0.6780489089586004
R4_LHS_03,20260813,V40_A_E5_C9_1T,Z,B2,15.054121565362118,4.889443516731262e-09,3.7636624372616723e-10,0.08353481656382425,-0.17278927500103247
R4_LHS_03,20260813,V40_A_E5_C9_1T,Z,B2,15.087427144046549,4.881635984332888e-09,3.558739414266654e-11,0.09093682528112872,-1.0236274589607106
R4_LHS_03,20260813,V40_A_E5_C9_1T,Z,B2,15.120732722730978,4.8695598664494355e-09,7.540059132615795e-10,0.09833883399843277,-1.874465642920344
R4_LHS_03,20260813,V40_A_E5_C9_1T,Z,B2,15.154038301415408,4.872549919099356e-09,6.460615931125346e-10,0.10574084271573723,-2.725303826880022
R4_LHS_03,20260813,V40_A_E5_C9_1T,Z,B2,15.187343880099837,4.832277245014893e-09,1.631233620402739e-10,0.13507746901986636,-1.7326066835436666
R4_LHS_03,20260813,V40_A_E5_C9_1T,Z,B2,15.220649458784266,4.846965495630684e-09,4.2615963535830303e-10,0.1659742982485807,-0.6087794123243877
R4_LHS_03,20260813,V40_A_E5_C9_1T,Z,B2,15.253955037468696,4.842457990150706e-09,4.3348546974186775e-10,0.19687112747729674,0.5150478588949507
R4_LHS_03,20260813,V40_A_E5_C9_1T,Z,B2,15.287260616153125,4.861344216067209e-09,2.0047344340134998e-10,0.22776795670601108,1.6388751301142293
R4_LHS_03,20260813,V40_A_E5_C9_1T,Z,B2,15.320566194837555,4.854206370197289e-09,4.2592682852893304e-11,0.2508598426349156,2.4740612328201372
R4_LHS_03,20260813,V40_A_E5_C9_1T,Z,B2,15.353871773521984,4.814462606361758e-09,6.803285157452876e-10,0.24952980920635193,2.406079808242313
R4_LHS_03,20260813,V40_A_E5_C9_1T,Z,B2,15.387177352206413,4.806535613965934e-09,3.156734873499545e-10,0.24819977577778818,2.3380983836644895
R4_LHS_03,20260813,V40_A_E5_C9_1T,Z,B2,15.420482930890843,4.773348383224629e-09,4.2690396356848126e-11,0.2468697423492244,2.270116959086662
R4_LHS_03,20260813,V40_A_E5_C9_1T,Z,B2,15.453788509575272,4.76505279678463e-09,7.376655536406318e-11,0.24553970892066065,2.202135534508838
R4_LHS_03,20260813,V40_A_E5_C9_1T,Z,B2,15.487094088259703,4.7881183462550325e-09,6.183846767982004e-10,0.2522718786299977,2.1998664542697663
R4_LHS_03,20260813,V40_A_E5_C9_1T,Z,B2,15.520399666944131,4.787793272953422e-09,3.128521053330502e-10,0.265579604090104,2.2511925484913777
R4_LHS_03,20260813,V40_A_E5_C9_1T,Z,B2,15.553705245628562,4.776372630743708e-09,2.9687891034413383e-10,0.27888732955021095,2.302518642712992
R4_LHS_03,20260813,V40_A_E5_C9_1T,Z,B2,15.58701082431299,4.768437644742107e-09,2.917295571780443e-10,0.29219505501031723,2.353844736934603
R4_LHS_03,20260813,V40_A_E5_C9_1T,Z,B2,15.62031640299742,4.739569181566594e-09,9.916237275753303e-11,0.3055027804704235,2.4051708311562146
R4_LHS_03,20260813,V40_A_E5_C9_1T,Z,B2,15.65362198168185,4.719668211805583e-09,2.9061425488308146e-10,0.3154195259750936,2.4163186264276306
R4_LHS_03,20260813,V40_A_E5_C9_1T,Z,B2,15.686927560366279,4.736652847725509e-09,4.6549522569883095e-10,0.32478138385069183,2.420891790961743
R4_LHS_03,20260813,V40_A_E5_C9_1T,Z,B2,15.720233139050709,4.69574645833859e-09,3.286749761244323e-10,0.3341432417262905,2.425464955495855
R4_LHS_03,20260813,V40_A_E5_C9_1T,Z,B2,15.753538717735138,4.6838266598570044e-09,6.559761067670422e-10,0.34350509960188874,2.4300381200299674
R4_LHS_03,20260813,V40_A_E5_C9_1T,Z,B2,15.786844296419567,4.718514468038393e-09,3.030030670814199e-10,0.3522769991156461,2.4473947162532883
R4_LHS_03,20260813,V40_A_E5_C9_1T,Z,B2,15.820149875103997,4.719518997831074e-09,8.656353411851114e-11,0.3581265467440061,2.5280738927045556
R4_LHS_03,20260813,V40_A_E5_C9_1T,Z,B2,15.853455453788426,4.710913437122599e-09,2.991289160814148e-10,0.3639760943723659,2.608753069155819
R4_LHS_03,20260813,V40_A_E5_C9_1T,Z,B2,15.886761032472856,4.695714483915481e-09,9.48098599629077e-10,0.36982564200072593,2.6894322456070867
R4_LHS_03,20260813,V40_A_E5_C9_1T,Z,B2,15.920066611157285,4.7029566907497156e-09,2.1130362737320496e-10,0.3756751896290857,2.77011142205835
R4_LHS_03,20260813,V40_A_E5_C9_1T,Z,B2,15.953372189841714,4.683315513176467e-09,5.399650171433734e-11,0.3744929994423124,2.817118480143996
R4_LHS_03,20260813,V40_A_E5_C9_1T,Z,B2,15.986677768526144,4.655962282384962e-09,2.395227627349783e-10,0.3655874250979344,2.8271414082215096
R4_LHS_03,20260813,V40_A_E5_C9_1T,Z,B2,16.019983347210573,4.659577168553142e-09,5.149803916637552e-10,0.35668185075355696,2.837164336299023
R4_LHS_03,20260813,V40_A_E5_C9_1T,Z,B2,16.053288925895004,4.624830296506843e-09,1.4622870969649426e-10,0.34777627640917896,2.8471872643765366
R4_LHS_03,20260813,V40_A_E5_C9_1T,Z,B2,16.086594504579434,4.614718385198557e-09,4.298165712235402e-10,0.338870702064801,2.8572101924540507
R4_LHS_03,20260813,V40_A_E5_C9_1T,Z,B2,16.11990008326386,4.628746719248511e-09,1.6130939639591446e-10,0.3313189529558702,1.8937865748790732
R4_LHS_03,20260813,V40_A_E5_C9_1T,Z,B2,16.15320566194829,4.595334779367022e-09,1.1850610770469672e-10,0.32413765353822976,0.663996987100627
R4_LHS_03,20260813,V40_A_E5_C9_1T,Z,B2,16.186511240632722,4.579510104463225e-09,4.4907511737024564e-11,0.3169563541205893,-0.5657926006778191
R4_LHS_03,20260813,V40_A_E5_C9_1T,Z,B2,16.21981681931715,4.557849209163578e-09,3.908254553319779e-10,0.30977505470294964,-1.7955821884561338
R4_LHS_03,20260813,V40_A_E5_C9_1T,Z,B2,16.25312239800158,4.561008459802451e-09,3.786072011457975e-10,0.30209912229437924,-2.7926308753389355
R4_LHS_03,20260813,V40_A_E5_C9_1T,Z,B2,16.28642797668601,4.581410362192173e-09,2.9519876126871125e-11,0.2896417376401517,-1.5398508535634006
R4_LHS_03,20260813,V40_A_E5_C9_1T,Z,B2,16.319733555370437,4.567040523539845e-09,9.33444224693325e-11,0.2771843529859255,-0.2870708317879993
R4_LHS_03,20260813,V40_A_E5_C9_1T,Z,B2,16.353039134054868,4.574919554301005e-09,4.5004375226476157e-11,0.26472696833169795,0.9657091899875354
R4_LHS_03,20260813,V40_A_E5_C9_1T,Z,B2,16.386344712739298,4.5382968494322995e-09,6.378176320431805e-10,0.2522695836774704,2.21848921176307
R4_LHS_03,20260813,V40_A_E5_C9_1T,Z,B2,16.41965029142373,4.533765807224199e-09,3.6901884326034917e-10,0.24076373605902726,2.450737259171437
R4_LHS_03,20260813,V40_A_E5_C9_1T,Z,B2,16.452955870108156,4.527881181104476e-09,1.3755423883266005e-11,0.2306713366587887,1.1670494611614182
R4_LHS_03,20260813,V40_A_E5_C9_1T,Z,B2,16.486261448792586,4.535212205780681e-09,4.765256939043283e-11,0.22057893725854905,-0.11663833684873737
R4_LHS_03,20260813,V40_A_E5_C9_1T,Z,B2,16.519567027477017,4.534354225427251e-09,2.375957208755608e-10,0.2104865378583094,-1.4003261348588927
R4_LHS_03,20260813,V40_A_E5_C9_1T,Z,B2,16.552872606161444,4.524593588683956e-09,4.474822179467708e-10,0.20039413845807083,-2.684013932868911
R4_LHS_03,20260813,V40_A_E5_C9_1T,Z,B2,16.586178184845874,4.546790055570682e-09,5.6696675132528185e-11,0.17390632419711133,-3.0640280117698757
R4_LHS_03,20260813,V40_A_E5_C9_1T,Z,B2,16.619483763530305,4.533583730648161e-09,1.0300622854675368e-10,0.1407522423554201,-3.0766143147693295
R4_LHS_03,20260813,V40_A_E5_C9_1T,Z,B2,16.652789342214735,4.514319584814075e-09,3.0515166782318914e-11,0.10759816051372888,-3.0892006177687836
R4_LHS_03,20260813,V40_A_E5_C9_1T,Z,B2,16.686094920899162,4.489689953146581e-09,2.5931501390630274e-10,0.0744440786720412,-3.101786920768236
R4_LHS_03,20260813,V40_A_E5_C9_1T,Z,B2,16.719400499583593,4.495860128628237e-09,5.807793690415508e-10,0.04235880457789248,-3.089807649337639
R4_LHS_03,20260813,V40_A_E5_C9_1T,Z,B2,16.752706078268023,4.4792201059351555e-09,9.041672965892644e-11,0.06392767941028776,-1.8446365415205528
R4_LHS_03,20260813,V40_A_E5_C9_1T,Z,B2,16.78601165695245,4.473887038614066e-09,1.4029201411691616e-10,0.08549655424268074,-0.5994654337035996
R4_LHS_03,20260813,V40_A_E5_C9_1T,Z,B2,16.81931723563688,4.497259897817685e-09,2.350943051343535e-10,0.10706542907507602,0.6457056741134868
R4_LHS_03,20260813,V40_A_E5_C9_1T,Z,B2,16.85262281432131,4.485982696422752e-09,6.422823384255594e-10,0.12863430390747133,1.8908767819305732
R4_LHS_03,20260813,V40_A_E5_C9_1T,Z,B2,16.885928393005738,4.475643855528233e-09,3.171318485595265e-10,0.1473797571152865,2.583870651719988
R4_LHS_03,20260813,V40_A_E5_C9_1T,Z,B2,16.91923397169017,4.468619252406825e-09,4.727193081421888e-10,0.1603439184251575,2.146215891262372
R4_LHS_03,20260813,V40_A_E5_C9_1T,Z,B2,16.9525395503746,4.452567203827584e-09,4.823524357711051e-10,0.1733080797350285,1.708561130804757
R4_LHS_03,20260813,V40_A_E5_C9_1T,Z,B2,16.98584512905903,4.444832946148836e-09,1.0765636992982053e-10,0.18627224104489948,1.2709063703471415
R4_LHS_03,20260813,V40_A_E5_C9_1T,Z,B2,17.019150707743457,4.437602285634057e-09,1.4044859719675173e-10,0.19923640235476908,0.8332516098895728
R4_LHS_03,20260813,V40_A_E5_C9_1T,Z,B2,17.052456286427887,4.434609568448877e-09,3.267633663650571e-10,0.2076583789300169,0.8233762099085989
R4_LHS_03,20260813,V40_A_E5_C9_1T,Z,B2,17.085761865112318,4.439199230432678e-09,5.793948307242225e-11,0.21348880225176878,1.0575712425921435
R4_LHS_03,20260813,V40_A_E5_C9_1T,Z,B2,17.119067443796744,4.406555564884229e-09,5.595737206931517e-10,0.21931922557352004,1.2917662752756631
R4_LHS_03,20260813,V40_A_E5_C9_1T,Z,B2,17.152373022481175,4.392226138349997e-09,5.225733734626203e-10,0.22514964889527192,1.5259613079592076
R4_LHS_03,20260813,V40_A_E5_C9_1T,Z,B2,17.185678601165606,4.383664098384088e-09,4.748172410806717e-10,0.2309800722170238,1.7601563406427523
R4_LHS_03,20260813,V40_A_E5_C9_1T,Z,B2,17.218984179850036,4.405223741343889e-09,1.0933133565149689e-10,0.25301416683554595,1.8328005655123598
R4_LHS_03,20260813,V40_A_E5_C9_1T,Z,B2,17.252289758534463,4.3925036941061535e-09,1.123166115668539e-09,0.27598566392577817,1.8960988758803423
R4_LHS_03,20260813,V40_A_E5_C9_1T,Z,B2,17.285595337218894,4.352699978227292e-09,6.486354786616744e-10,0.2989571610160128,1.9593971862483315
R4_LHS_03,20260813,V40_A_E5_C9_1T,Z,B2,17.318900915903324,4.370642958662074e-09,3.003674392543232e-11,0.32192865810624743,2.0226954966163206
R4_LHS_03,20260813,V40_A_E5_C9_1T,Z,B2,17.35220649458775,4.389241414770595e-09,2.600970480659548e-11,0.3403444245494871,1.79375558808682
R4_LHS_03,20260813,V40_A_E5_C9_1T,Z,B2,17.38551207327218,4.3980836750279195e-09,2.318105152276928e-10,0.34537335170695044,0.7060849132585232
R4_LHS_03,20260813,V40_A_E5_C9_1T,Z,B2,17.418817651956612,4.382834539740088e-09,5.029762162322982e-10,0.3504022788644137,-0.3815857615697733
R4_LHS_03,20260813,V40_A_E5_C9_1T,Z,B2,17.45212323064104,4.375579454318768e-09,5.598903562997748e-10,0.3554312060218765,-1.469256436397954
R4_LHS_03,20260813,V40_A_E5_C9_1T,Z,B2,17.48542880932547,4.381706997236279e-09,1.392352483309267e-10,0.36046013317933984,-2.5569271112262504
R4_LHS_03,20260813,V40_A_E5_C9_1T,Z,B2,17.5187343880099,4.394618891012669e-09,3.5268555437228954e-11,0.3481687990255295,-2.3368172113543775
R4_LHS_03,20260813,V40_A_E5_C9_1T,Z,B2,17.55203996669433,4.38371827726769e-09,1.7532590657065583e-10,0.32240615051850663,-1.0995446422712896
R4_LHS_03,20260813,V40_A_E5_C9_1T,Z,B2,17.585345545378757,4.365756200996884e-09,9.900388286965267e-10,0.2966435020114866,0.1377279268116669
R4_LHS_03,20260813,V40_A_E5_C9_1T,Z,B2,17.618651124063188,4.357514349351277e-09,7.986653560720924e-10,0.2708808535044638,1.3750004958947546
R4_LHS_03,20260813,V40_A_E5_C9_1T,Z,B2,17.65195670274762,4.353133853385316e-09,4.221021310257811e-10,0.24511820499744097,2.6122730649778427
R4_LHS_03,20260813,V40_A_E5_C9_1T,Z,B2,17.685262281432045,4.365191319521955e-09,1.508245639492145e-09,0.253680825953082,1.8009629253543546
R4_LHS_03,20260813,V40_A_E5_C9_1T,Z,B2,17.718567860116476,4.352812776886594e-09,8.543493690282844e-10,0.2673229710892973,0.6864992907204011
R4_LHS_03,20260813,V40_A_E5_C9_1T,Z,B2,17.751873438800907,4.350313442813558e-09,1.0244984027796278e-10,0.28096511622551257,-0.4279643439135521
R4_LHS_03,20260813,V40_A_E5_C9_1T,Z,B2,17.785179017485337,4.335333425586896e-09,7.020734549278984e-10,0.2946072613617279,-1.5424279785475052
R4_LHS_03,20260813,V40_A_E5_C9_1T,Z,B2,17.818484596169764,4.315768187268532e-09,1.9352821567508727e-09,0.29896330483549177,-2.466727152355111
R4_LHS_03,20260813,V40_A_E5_C9_1T,Z,B2,17.851790174854195,4.341412562780533e-09,1.937280474928471e-10,0.2609262755024317,-2.52288422239115
R4_LHS_03,20260813,V40_A_E5_C9_1T,Z,B2,17.885095753538625,4.3341170652411165e-09,3.215485655516659e-10,0.22288924616937167,-2.5790412924271893
R4_LHS_03,20260813,V40_A_E5_C9_1T,Z,B2,17.918401332223052,4.320048763162276e-09,1.8950960245511794e-10,0.1848522168363157,-2.635198362463222
R4_LHS_03,20260813,V40_A_E5_C9_1T,Z,B2,17.951706910907482,4.316955237726461e-09,3.0838717690606643e-10,0.14681518750325565,-2.6913554324992615
R4_LHS_03,20260813,V40_A_E5_C9_1T,Z,B2,17.985012489591913,4.32919122772546e-09,2.3503668455937543e-10,0.15463646313332582,-2.251232753387532
R4_LHS_03,20260813,V40_A_E5_C9_1T,Z,B2,18.01831806827634,4.344935078393064e-09,1.9383383786930608e-10,0.2105172423647398,-1.2910088971691585
R4_LHS_03,20260813,V40_A_E5_C9_1T,Z,B2,18.05162364696077,4.323760904867413e-09,2.8363950077547884e-11,0.2663980215961598,-0.3307850409506825
R4_LHS_03,20260813,V40_A_E5_C9_1T,Z,B2,18.0849292256452,4.316373480861557e-09,7.612505070753173e-11,0.32227880082757965,0.6294388152677932
R4_LHS_03,20260813,V40_A_E5_C9_1T,Z,B2,18.11823480432963,4.310551915409633e-09,7.039593352686779e-10,0.37815958005899963,1.589662671486269
R4_LHS_03,20260813,V40_A_E5_C9_1T,Z,B2,18.15154038301406,4.297233680006229e-09,7.900626264323307e-10,0.37636283849002344,2.0087079665345176
R4_LHS_03,20260813,V40_A_E5_C9_1T,Z,B2,18.18484596169849,4.287855404072616e-09,8.212581170674582e-10,0.35986398377585255,2.28980578520614
R4_LHS_03,20260813,V40_A_E5_C9_1T,Z,B2,18.21815154038292,4.2846011183428345e-09,4.429238642522648e-10,0.3433651290616816,2.570903603877762
R4_LHS_03,20260813,V40_A_E5_C9_1T,Z,B2,18.251457119067346,4.295885425165125e-09,1.2747700117721195e-10,0.3268662743475125,2.852001422549354
R4_LHS_03,20260813,V40_A_E5_C9_1T,Z,B2,18.284762697751777,4.273267517618251e-09,6.221031467745775e-10,0.30948890550845304,3.0985209806872653
R4_LHS_03,20260813,V40_A_E5_C9_1T,Z,B2,18.318068276436207,4.245778395528532e-09,1.1555288947917575e-09,0.2846604353879305,3.051765662446604
R4_LHS_03,20260813,V40_A_E5_C9_1T,Z,B2,18.351373855120634,4.253352781091735e-09,1.5720823254294913e-10,0.25983196526741065,3.0050103442059477
R4_LHS_03,20260813,V40_A_E5_C9_1T,Z,B2,18.384679433805065,4.259012698071274e-09,5.585252260686957e-10,0.23500349514688812,2.9582550259652867
R4_LHS_03,20260813,V40_A_E5_C9_1T,Z,B2,18.417985012489495,4.25167945294902e-09,4.65424671025616e-10,0.2101750250263656,2.9114997077246256
R4_LHS_03,20260813,V40_A_E5_C9_1T,Z,B2,18.451290591173926,4.259179231524968e-09,6.27852714263355e-10,0.20455247193550338,2.7194704457583514
R4_LHS_03,20260813,V40_A_E5_C9_1T,Z,B2,18.484596169858353,4.267848741079661e-09,8.571433146586926e-11,0.22610810332056164,2.3218648483314346
R4_LHS_03,20260813,V40_A_E5_C9_1T,Z,B2,18.517901748542783,4.257115993056004e-09,4.95074536921436e-10,0.24766373470562217,1.9242592509044751
R4_LHS_03,20260813,V40_A_E5_C9_1T,Z,B2,18.551207327227214,4.2588097493023724e-09,4.32833824337564e-10,0.2692193660906827,1.526653653477516
R4_LHS_03,20260813,V40_A_E5_C9_1T,Z,B2,18.58451290591164,4.256722530016077e-09,2.0390389376956364e-10,0.290774997475741,1.129048056050599
R4_LHS_03,20260813,V40_A_E5_C9_1T,Z,B2,18.61781848459607,4.263847941388121e-09,3.659742786599196e-10,0.2932039905497671,1.1670307976121677
R4_LHS_03,20260813,V40_A_E5_C9_1T,Z,B2,18.651124063280502,4.278190690598649e-09,6.543370845157881e-10,0.2882924900017211,1.3721852800828354
R4_LHS_03,20260813,V40_A_E5_C9_1T,Z,B2,18.684429641964933,4.263045472185922e-09,5.740090625039329e-10,0.283380989453675,1.5773397625535033
R4_LHS_03,20260813,V40_A_E5_C9_1T,Z,B2,18.71773522064936,4.244377738160665e-09,7.154961068067678e-10,0.2784694889056295,1.7824942450241492
R4_LHS_03,20260813,V40_A_E5_C9_1T,Z,B2,18.75104079933379,4.2415155832031814e-09,3.6109132350858886e-10,0.27466396430350754,1.9866188219643803
R4_LHS_03,20260813,V40_A_E5_C9_1T,Z,B2,18.78434637801822,4.247588503147881e-09,2.760948691893361e-10,0.30514369402499697,2.1588163274611065
R4_LHS_03,20260813,V40_A_E5_C9_1T,Z,B2,18.817651956702647,4.231150096956071e-09,3.558956185312212e-10,0.3356234237464831,2.331013832957814
R4_LHS_03,20260813,V40_A_E5_C9_1T,Z,B2,18.850957535387078,4.2124392862774585e-09,1.5707780631757373e-09,0.3661031534679725,2.5032113384545402
R4_LHS_03,20260813,V40_A_E5_C9_1T,Z,B2,18.88426311407151,4.219604221589179e-09,1.3767467166303504e-09,0.3965828831894619,2.675408843951266
R4_LHS_03,20260813,V40_A_E5_C9_1T,Z,B2,18.917568692755935,4.2334264982457626e-09,2.2813244349162431e-10,0.4031305826152014,2.4211671215410413
R4_LHS_03,20260813,V40_A_E5_C9_1T,Z,B2,18.950874271440366,4.232020955896587e-09,2.1425043683631628e-10,0.3631896254894237,1.3385549449205938
R4_LHS_03,20260813,V40_A_E5_C9_1T,Z,B2,18.984179850124796,4.223932759117588e-09,1.5083381210700963e-09,0.323248668363646,0.25594276830014673
R4_LHS_03,20260813,V40_A_E5_C9_1T,Z,B2,19.017485428809227,4.2021262025571104e-09,1.960545947810033e-09,0.28330771123786835,-0.826669408320301
R4_LHS_03,20260813,V40_A_E5_C9_1T,Z,B2,19.050791007493654,4.2247338960521574e-09,4.482220428148054e-10,0.24336675411209494,-1.9092815849406328
R4_LHS_03,20260813,V40_A_E5_C9_1T,Z,B2,19.084096586178084,4.220525706699618e-09,8.965408970773581e-10,0.22720260493810898,-1.9030208162820232
R4_LHS_03,20260813,V40_A_E5_C9_1T,Z,B2,19.117402164862515,4.196638592190993e-09,8.786233962609913e-10,0.2239294962199102,-1.306407245966255
R4_LHS_03,20260813,V40_A_E5_C9_1T,Z,B2,19.150707743546942,4.203712045125485e-09,5.121945645392145e-10,0.22065638750171176,-0.7097936756505505
R4_LHS_03,20260813,V40_A_E5_C9_1T,Z,B2,19.184013322231372,4.221967664364001e-09,2.943125188004103e-10,0.217383278783513,-0.11318010533478251
R4_LHS_03,20260813,V40_A_E5_C9_1T,Z,B2,19.217318900915803,4.2053098781025255e-09,2.1110788117617574e-10,0.2141101700653142,0.4834334649809855
R4_LHS_03,20260813,V40_A_E5_C9_1T,Z,B2,19.250624479600233,4.207053372340397e-09,6.974091859568432e-10,0.21209189160529202,-0.08605076291982483
R4_LHS_03,20260813,V40_A_E5_C9_1T,Z,B2,19.28393005828466,4.215253479600278e-09,4.95219532048452e-10,0.21012995246298402,-0.7078904021689683
R4_LHS_03,20260813,V40_A_E5_C9_1T,Z,B2,19.31723563696909,4.204067316493365e-09,6.191671619859562e-10,0.2081680133206758,-1.3297300414181779
R4_LHS_03,20260813,V40_A_E5_C9_1T,Z,B2,19.35054121565352,4.205282344571515e-09,2.2575520619572131e-10,0.2062060741783676,-1.9515696806673875
R4_LHS_03,20260813,V40_A_E5_C9_1T,Z,B2,19.38384679433795,4.184581570143564e-09,7.482754971199768e-10,0.2004642543769896,-2.106199589696758
R4_LHS_03,20260813,V40_A_E5_C9_1T,Z,B2,19.41715237302238,4.198792424858766e-09,2.3128199355682e-09,0.1842721762828879,-0.9691320092949796
R4_LHS_03,20260813,V40_A_E5_C9_1T,Z,B2,19.45045795170681,4.209054438319981e-09,4.535780917525045e-10,0.16808009818878622,0.1679355711067987
R4_LHS_03,20260813,V40_A_E5_C9_1T,Z,B2,19.483763530391236,4.211452075963962e-09,3.569855244744957e-10,0.15188802009468624,1.3050031515084557
R4_LHS_03,20260813,V40_A_E5_C9_1T,Z,B2,19.517069109075667,4.207690640356532e-09,7.388517575535047e-10,0.13569594200058455,2.442070731910234
R4_LHS_03,20260813,V40_A_E5_C9_1T,Z,B2,19.550374687760097,4.2032901603761275e-09,7.813075741935904e-10,0.12648238436467032,2.8799369730222804
R4_LHS_03,20260813,V40_A_E5_C9_1T,Z,B2,19.583680266444528,4.2216177220666395e-09,1.6493521826088653e-11,0.12244337591203788,2.799347799286848
R4_LHS_03,20260813,V40_A_E5_C9_1T,Z,B2,19.616985845128955,4.2305745573401055e-09,5.794486557242351e-10,0.11840436745940587,2.7187586255514233
R4_LHS_03,20260813,V40_A_E5_C9_1T,Z,B2,19.650291423813385,4.2029495439521725e-09,3.671152826179025e-10,0.11436535900677343,2.638169451815991
R4_LHS_03,20260813,V40_A_E5_C9_1T,Z,B2,19.683597002497816,4.223201788278175e-09,2.1628110413729473e-10,0.11032635055414099,2.557580278080558
R4_LHS_03,20260813,V40_A_E5_C9_1T,Z,B2,19.716902581182243,4.227137306855866e-09,7.766735865555319e-11,0.10048476439729274,1.5653833128033736
R4_LHS_03,20260813,V40_A_E5_C9_1T,Z,B2,19.750208159866673,4.220171323510158e-09,1.3040971080791053e-10,0.08987292456289339,0.4521764636932275
R4_LHS_03,20260813,V40_A_E5_C9_1T,Z,B2,19.783513738551104,4.233288830590709e-09,5.042468109728304e-10,0.07926108472849405,-0.6610303854169182
R4_LHS_03,20260813,V40_A_E5_C9_1T,Z,B2,19.816819317235534,4.211375248530658e-09,2.0793278210362587e-09,0.0686492448940947,-1.7742372345270638
R4_LHS_03,20260813,V40_A_E5_C9_1T,Z,B2,19.85012489591996,4.207905135444889e-09,7.281782399282122e-10,0.07094649512702521,-2.4370819565457245
R4_LHS_03,20260813,V40_A_E5_C9_1T,Z,B2,19.883430474604392,4.204997239298791e-09,2.400760978904515e-10,0.12777806462396285,-1.1973764681993921
R4_LHS_03,20260813,V40_A_E5_C9_1T,Z,B2,19.916736053288822,4.204796066886729e-09,1.4218277666344648e-09,0.18460963412090048,0.04232902014694018
R4_LHS_03,20260813,V40_A_E5_C9_1T,Z,B2,19.95004163197325,4.192791003276852e-09,3.8149168268830635e-09,0.24144120361783203,1.2820345084931404
R4_LHS_03,20260813,V40_A_E5_C9_1T,Z,B2,19.98334721065768,4.198317693493436e-09,1.1094323237870185e-09,0.2982727731147697,2.5217399968394725
