case_id,time_s,view,observation_node_zero_based,X_m,Y_m,Z_m,Y_displacement_m
V52_CPLUS_E8_C12_2T,9.025,base,0,-8.336,-17.092913958612904,-105.81646918606299,0.0
V52_CPLUS_E8_C12_2T,9.025,base,1,-8.336,-17.0929139586129,-29.183530813936898,0.0
V52_CPLUS_E8_C12_2T,9.025,base,2,-8.336,-16.127119864078097,-105.24757298778898,-0.00036180462
V52_CPLUS_E8_C12_2T,9.025,base,3,-8.336000000000002,-16.1271198640781,-28.6146346156628,0.00024698605
V52_CPLUS_E8_C12_2T,9.025,base,4,-8.336,-14.53323430000629,-107.32423573259814,0.0007285774
V52_CPLUS_E8_C12_2T,9.025,base,5,-8.336,-14.3200758620046,-30.816857276085102,-0.00097390916
V52_CPLUS_E8_C12_2T,9.025,base,6,-8.336,-12.726190297932762,-108.3886659964721,0.0013357606
V52_CPLUS_E8_C12_2T,9.025,base,7,-8.336000000000002,-12.726190297932702,-31.755727624346303,-0.0015159464
V52_CPLUS_E8_C12_2T,9.025,base,8,-8.336,-12.513031859931084,-103.11871246004104,-0.0016355645
V52_CPLUS_E8_C12_2T,9.025,base,9,-8.33600000000001,-12.513031859931106,-26.485774087914713,0.0013836427
V52_CPLUS_E8_C12_2T,9.025,base,10,-8.336,-10.919146295859104,-102.17984211177999,-0.0022665896
V52_CPLUS_E8_C12_2T,9.025,base,11,-8.336,-10.9191462958591,-25.5469037396535,0.0019335737
V52_CPLUS_E8_C12_2T,9.025,base,12,-8.336,-10.705987857857503,-109.57865617595897,0.0020390805
V52_CPLUS_E8_C12_2T,9.025,base,13,-8.336,-10.7059878578575,-32.9457178038332,-0.0023019658
V52_CPLUS_E8_C12_2T,9.025,base,14,-8.336,-9.310524288256177,-110.40064703722899,0.0024753911
V52_CPLUS_E8_C12_2T,9.025,base,15,-8.336,-9.310524288256168,-101.23229133489698,-0.0030633863
V52_CPLUS_E8_C12_2T,9.025,base,16,-8.336,-9.31052428825619,-24.5993529627705,0.002435105
V52_CPLUS_E8_C12_2T,9.025,base,17,-8.336,-8.989695145484234,-35.0709448472531,-0.004313601
V52_CPLUS_E8_C12_2T,9.025,base,18,-8.336,-8.568745437008007,-111.13546752651,0.0028263312
V52_CPLUS_E8_C12_2T,9.025,base,19,-8.336,-8.568745437008038,-23.86453247349038,0.0027794186
V52_CPLUS_E8_C12_2T,9.025,base,20,-8.335999999999995,-8.482926297179732,-97.87051554069468,-0.006834261
V52_CPLUS_E8_C12_2T,9.025,base,21,-8.335999999999999,-8.092092775020351,-92.49761058463798,-0.013001494
V52_CPLUS_E8_C12_2T,9.025,base,22,-8.335999999999999,-8.092092775020351,-86.137610584638,-0.019119456
V52_CPLUS_E8_C12_2T,9.025,base,23,-8.336000000000004,-8.092092775020351,-78.71761058463801,-0.02438628
V52_CPLUS_E8_C12_2T,9.025,base,24,-8.336,-8.09209277502036,-70.352610584638,-0.027321339
V52_CPLUS_E8_C12_2T,9.025,base,25,-8.336,-8.09209277502036,-63.992610584638,-0.02718483
V52_CPLUS_E8_C12_2T,9.025,base,26,-8.336,-8.09209277502036,-58.577610584638,-0.02547235
V52_CPLUS_E8_C12_2T,9.025,base,27,-8.336,-8.09209277502036,-50.21261058463801,-0.020208031
V52_CPLUS_E8_C12_2T,9.025,base,28,-8.336,-8.09209277502036,-41.732610584638,-0.012106311
V52_CPLUS_E8_C12_2T,9.025,base,29,-8.336,-7.34997818573109,-112.34280195832201,0.0033238772
V52_CPLUS_E8_C12_2T,9.025,base,30,-8.336,-7.243434126254979,-22.55165343389877,0.003304053
V52_CPLUS_E8_C12_2T,9.025,base,31,-8.336,-6.024666874978031,-113.655680997913,0.0037852824
V52_CPLUS_E8_C12_2T,9.025,base,32,-8.336,-6.024666874978042,-21.34431900208669,0.003714351
V52_CPLUS_E8_C12_2T,9.025,base,33,-8.336,-5.272321071848141,-114.400969314281,0.004010815
V52_CPLUS_E8_C12_2T,9.025,base,34,-8.336,-5.27232107184816,-20.5990306857192,0.003933778
V52_CPLUS_E8_C12_2T,9.025,base,35,-8.336,-4.069989131117052,-116.12447173277292,0.00444619
V52_CPLUS_E8_C12_2T,9.025,base,36,-8.336,-4.04604638751018,-67.50000000000001,-0.027515411
V52_CPLUS_E8_C12_2T,9.025,base,37,-8.336,-3.9937907436917572,-18.76630044039858,0.0043762065
V52_CPLUS_E8_C12_2T,9.025,base,38,-8.336,-3.25661797523893,-117.29041194179298,0.004590355
V52_CPLUS_E8_C12_2T,9.025,base,39,-8.336,-2.8884544137981085,-16.6237681019201,0.00445088
V52_CPLUS_E8_C12_2T,9.025,base,40,-8.336,-2.4747264620992246,-119.59643431211104,0.0043695383
V52_CPLUS_E8_C12_2T,9.025,base,41,-8.336,-2.226,-135.0,4.583626e-18
V52_CPLUS_E8_C12_2T,9.025,base,42,-8.336,-2.226,-125.44,0.002545897
V52_CPLUS_E8_C12_2T,9.025,base,43,-8.336,-2.226,-14.34,0.0039679855
V52_CPLUS_E8_C12_2T,9.025,base,44,-8.336,-2.226,-7.17,0.0017203633
V52_CPLUS_E8_C12_2T,9.025,base,45,-8.336,-2.226,0.0,0.0
V52_CPLUS_E8_C12_2T,9.025,base,46,-8.336,-1.1129999999999824,-131.41500000000002,0.00081803836
V52_CPLUS_E8_C12_2T,9.025,base,47,-8.336,-1.1130000000000004,-121.69000000000001,0.0037808642
V52_CPLUS_E8_C12_2T,9.025,base,48,-8.336,-1.112999999999997,-13.310000000000002,0.003656663
V52_CPLUS_E8_C12_2T,9.025,base,49,-8.336,-1.1129999999999947,-3.584999999999996,0.0007742364
V52_CPLUS_E8_C12_2T,9.025,base,50,-8.336,2.6484591469634303e-14,-135.0,-4.734902e-06
V52_CPLUS_E8_C12_2T,9.025,base,51,-8.336,2.6484591469634303e-14,-127.83,0.0018064249
V52_CPLUS_E8_C12_2T,9.025,base,52,-8.336,2.2848999697380665e-14,-120.16734200000002,0.0040721484
V52_CPLUS_E8_C12_2T,9.025,base,53,-8.336,2.0298431699777173e-14,-110.40064703722899,0.0026163682
V52_CPLUS_E8_C12_2T,9.025,base,54,-8.335999999999997,3.540482982230371e-14,-104.152342,-0.0013917722
V52_CPLUS_E8_C12_2T,9.025,base,55,-8.335999999999997,3.4309924218806515e-14,-97.792342,-0.007918108
V52_CPLUS_E8_C12_2T,9.025,base,56,-8.335999999999997,3.321501861530936e-14,-91.432342,-0.014821686
V52_CPLUS_E8_C12_2T,9.025,base,57,-8.335999999999997,3.21201130118121e-14,-85.072342,-0.020559333
V52_CPLUS_E8_C12_2T,9.025,base,58,-8.335999999999997,3.047775460656634e-14,-75.532342,-0.026108198
V52_CPLUS_E8_C12_2T,9.025,base,59,-8.335999999999997,2.9565333270318696e-14,-70.232342,-0.027407482
V52_CPLUS_E8_C12_2T,9.025,base,60,-8.336,1.8166889219704507e-14,-64.932342,-0.027434587
V52_CPLUS_E8_C12_2T,9.025,base,61,-8.336,1.471873865091523e-14,-55.392342,-0.024226516
V52_CPLUS_E8_C12_2T,9.025,base,62,-8.336,1.2461537361388079e-14,-49.147342,-0.019888923
V52_CPLUS_E8_C12_2T,9.025,base,63,-8.336,1.050433240017279e-14,-43.732342,-0.014926739
V52_CPLUS_E8_C12_2T,9.025,base,64,-8.336,7.864003269669052e-15,-36.427342,-0.006954305
V52_CPLUS_E8_C12_2T,9.025,base,65,-8.336,5.565236223809534e-15,-30.067342,-0.00071804784
V52_CPLUS_E8_C12_2T,9.025,base,66,-8.336,3.608031262594242e-15,-24.652342000000004,0.0025472548
V52_CPLUS_E8_C12_2T,9.025,base,67,-8.336,1.6923920577113162e-15,-19.352342000000018,0.0042707417
V52_CPLUS_E8_C12_2T,9.025,base,68,-8.336,0.0,-14.34,0.003820911
V52_CPLUS_E8_C12_2T,9.025,base,69,-8.336,0.0,-9.56,0.0024542157
V52_CPLUS_E8_C12_2T,9.025,base,70,-8.336,0.0,0.0,-6.7901565e-06
V52_CPLUS_E8_C12_2T,9.025,base,71,-7.812000000000001,-17.0929139586129,-105.816469186063,0.0
V52_CPLUS_E8_C12_2T,9.025,base,72,-7.811999999999996,-17.092913958612904,-29.183530813936898,-1.5637295e-18
V52_CPLUS_E8_C12_2T,9.025,base,73,-7.812,-15.492978896205287,-106.75890296117062,0.00040732487
V52_CPLUS_E8_C12_2T,9.025,base,74,-7.812,-15.2798204582039,-30.251524504657297,-0.0006622963
V52_CPLUS_E8_C12_2T,9.025,base,75,-7.812,-14.411382704136615,-27.603988192111693,0.00069629075
V52_CPLUS_E8_C12_2T,9.025,base,76,-7.812000000000001,-14.36310665623189,-104.2084897988072,-0.0010120296
V52_CPLUS_E8_C12_2T,9.025,base,77,-7.812,-13.882985174979199,-31.0743233670013,-0.001157952
V52_CPLUS_E8_C12_2T,9.025,base,78,-7.812,-13.47277645613009,-107.94889314065745,0.0010008882
V52_CPLUS_E8_C12_2T,9.025,base,79,-7.812,-13.4727764561304,-27.05110685934244,0.0009803204
V52_CPLUS_E8_C12_2T,9.025,base,80,-7.811999999999996,-11.878890892058498,-102.745174883207,-0.0019471385
V52_CPLUS_E8_C12_2T,9.025,base,81,-7.812,-11.878890892058498,-26.112236511081203,0.0014959574
V52_CPLUS_E8_C12_2T,9.025,base,82,-7.812,-11.665732454056492,-109.01332340453145,0.001592136
V52_CPLUS_E8_C12_2T,9.025,base,83,-7.812,-11.6657324540568,-32.3803850324055,-0.0019873893
V52_CPLUS_E8_C12_2T,9.025,base,84,-7.812,-10.071846889984645,-109.95219375279255,0.002100354
V52_CPLUS_E8_C12_2T,9.025,base,85,-7.812000000000004,-10.071846889984903,-101.680744619333,-0.0027749399
V52_CPLUS_E8_C12_2T,9.025,base,86,-7.812,-10.071846889984878,-33.31925538066669,-0.0027178396
V52_CPLUS_E8_C12_2T,9.025,base,87,-7.812,-10.071846889984936,-25.047806247207227,0.002069313
V52_CPLUS_E8_C12_2T,9.025,base,88,-7.812,-9.310524288256177,-110.40064703722899,0.0023157187
V52_CPLUS_E8_C12_2T,9.025,base,89,-7.812000000000001,-9.310524288256191,-101.23229133489698,-0.0032017212
V52_CPLUS_E8_C12_2T,9.025,base,90,-7.812,-9.31052428825619,-24.5993529627705,0.0022818102
V52_CPLUS_E8_C12_2T,9.025,base,91,-7.812,-9.088897537958932,-34.667976008101405,-0.00406109
V52_CPLUS_E8_C12_2T,9.025,base,92,-7.812,-8.55463887005303,-98.16181831598507,-0.006777033
V52_CPLUS_E8_C12_2T,9.025,base,93,-7.812000000000001,-8.546456958612909,-105.816469186063,-0.00019838141
V52_CPLUS_E8_C12_2T,9.025,base,94,-7.812,-8.546456958612909,-29.183530813936898,-0.00019087334
V52_CPLUS_E8_C12_2T,9.025,base,95,-7.812,-8.49179793631839,-23.788306789770097,0.002648808
V52_CPLUS_E8_C12_2T,9.025,base,96,-7.812,-8.092092775020351,-91.282915415362,-0.014901616
V52_CPLUS_E8_C12_2T,9.025,base,97,-7.812,-8.09209277502037,-85.748024584638,-0.020244412
V52_CPLUS_E8_C12_2T,9.025,base,98,-7.812000000000008,-8.09209277502038,-80.33302458463801,-0.024279065
V52_CPLUS_E8_C12_2T,9.025,base,99,-7.812,-8.09209277502037,-74.088024584638,-0.027298257
V52_CPLUS_E8_C12_2T,9.025,base,100,-7.812000000000008,-8.09209277502038,-68.67302458463801,-0.028507024
V52_CPLUS_E8_C12_2T,9.025,base,101,-7.812,-8.09209277502037,-60.30802458463801,-0.027064055
V52_CPLUS_E8_C12_2T,9.025,base,102,-7.812,-8.09209277502036,-53.948024584638006,-0.02378054
V52_CPLUS_E8_C12_2T,9.025,base,103,-7.812,-8.092092775020364,-48.533024584638014,-0.01957582
V52_CPLUS_E8_C12_2T,9.025,base,104,-7.812,-8.092092775020369,-40.168024584638005,-0.010829784
V52_CPLUS_E8_C12_2T,9.025,base,105,-7.812000000000001,-7.922494700911829,-111.775656015703,0.0029236786
V52_CPLUS_E8_C12_2T,9.025,base,106,-7.812,-7.809337948944433,-23.1122487153286,0.0029204246
V52_CPLUS_E8_C12_2T,9.025,base,107,-7.812000000000001,-6.597407886379829,-113.08831266499182,0.0034075752
V52_CPLUS_E8_C12_2T,9.025,base,108,-7.811999999999996,-6.484251134412594,-21.7995920660395,0.0033833273
V52_CPLUS_E8_C12_2T,9.025,base,109,-7.812000000000001,-5.272321071848141,-114.400969314281,0.00381097
V52_CPLUS_E8_C12_2T,9.025,base,110,-7.8119999999999985,-5.272321071848163,-20.599030685719203,0.0037362166
V52_CPLUS_E8_C12_2T,9.025,base,111,-7.812,-4.2968123576235495,-115.799328262646,0.004171619
V52_CPLUS_E8_C12_2T,9.025,base,112,-7.812,-4.0965275453110905,-18.913570191837902,0.004138548
V52_CPLUS_E8_C12_2T,9.025,base,113,-7.812,-4.046046387510175,-67.5,-0.028459951
V52_CPLUS_E8_C12_2T,9.025,base,114,-7.812,-3.25661797523893,-117.29041194179298,0.0043750294
V52_CPLUS_E8_C12_2T,9.025,base,115,-7.812,-3.16031484583146,-17.425562503493605,0.00427825
V52_CPLUS_E8_C12_2T,9.025,base,116,-7.812,-2.226,-135.0,3.6482056e-18
V52_CPLUS_E8_C12_2T,9.025,base,117,-7.812,-2.226,-127.83,0.0015252177
V52_CPLUS_E8_C12_2T,9.025,base,118,-7.812000000000001,-2.226,-120.33,0.0039511956
V52_CPLUS_E8_C12_2T,9.025,base,119,-7.8119999999999985,-2.226,-14.670000000000003,0.0038214773
V52_CPLUS_E8_C12_2T,9.025,base,120,-7.812000000000008,-2.226,-7.16999999999999,0.0014433935
V52_CPLUS_E8_C12_2T,9.025,base,121,-7.812000000000008,-2.226,8.881784197001252e-15,-4.0103516e-17
V52_CPLUS_E8_C12_2T,9.025,base,122,-7.812,-1.113674,-135.0,-4.900612e-05
V52_CPLUS_E8_C12_2T,9.025,base,123,-7.812,-1.113674,-127.83,0.0015036725
V52_CPLUS_E8_C12_2T,9.025,base,124,-7.812000000000001,-1.1136740000000003,-120.33,0.0038423315
V52_CPLUS_E8_C12_2T,9.025,base,125,-7.812,-1.113674,-11.95,0.002898179
V52_CPLUS_E8_C12_2T,9.025,base,126,-7.812,-1.113674,0.0,-5.056773e-05
V52_CPLUS_E8_C12_2T,9.025,base,127,-7.812,-1.113000000000002,-121.69000000000001,0.003520012
V52_CPLUS_E8_C12_2T,9.025,base,128,-7.812,-1.112999999999989,-5.974999999999999,0.0011268593
V52_CPLUS_E8_C12_2T,9.025,base,129,-7.812,-0.37767400000001,-135.0,-6.9669564e-05
V52_CPLUS_E8_C12_2T,9.025,base,130,-7.812,-0.37767400000001006,-132.61,0.00033658184
V52_CPLUS_E8_C12_2T,9.025,base,131,-7.812,-0.37767400000001,-123.05000000000001,0.0030173063
V52_CPLUS_E8_C12_2T,9.025,base,132,-7.812,-0.37767400000001,-91.282915415362,-0.015584938
V52_CPLUS_E8_C12_2T,9.025,base,133,-7.812,-0.37767400000001,-81.282915415362,-0.02406729
V52_CPLUS_E8_C12_2T,9.025,base,134,-7.812,-0.37767400000001,-48.717084584638,-0.020271063
V52_CPLUS_E8_C12_2T,9.025,base,135,-7.812,-0.37767400000001,-11.95,0.0028970018
V52_CPLUS_E8_C12_2T,9.025,base,136,-7.812,2.6484591469634303e-14,-127.83,0.0015128348
V52_CPLUS_E8_C12_2T,9.025,base,137,-7.812000000000001,0.0,-120.33,0.0037576705
V52_CPLUS_E8_C12_2T,9.025,base,138,-7.812000000000001,2.1343112273271128e-15,-114.425,0.0038151145
V52_CPLUS_E8_C12_2T,9.025,base,139,-7.812000000000001,4.049950432210035e-15,-109.12500000000001,0.001749604
V52_CPLUS_E8_C12_2T,9.025,base,140,-7.812000000000001,1.5731756482091055e-14,-103.82500000000002,-0.0018668352
V52_CPLUS_E8_C12_2T,9.025,base,141,-7.812,5.329070518200752e-15,-96.282915415362,-0.010022476
V52_CPLUS_E8_C12_2T,9.025,base,142,-7.812,1.966338120633735e-14,-86.282915415362,-0.020350017
V52_CPLUS_E8_C12_2T,9.025,base,143,-7.812,1.573175648209105e-14,-77.325,-0.026264668
V52_CPLUS_E8_C12_2T,9.025,base,144,-7.812,1.573175648209105e-14,-69.905,-0.02842091
V52_CPLUS_E8_C12_2T,9.025,base,145,-7.812000000000001,1.7282318600278732e-14,-62.48500000000001,-0.027893066
V52_CPLUS_E8_C12_2T,9.025,base,146,-7.812000000000001,1.460042371344263e-14,-55.065,-0.024875186
V52_CPLUS_E8_C12_2T,9.025,base,147,-7.812,1.4547473508864644e-14,-43.717084584638,-0.015554957
V52_CPLUS_E8_C12_2T,9.025,base,148,-7.812000000000001,8.42881250148489e-15,-37.99,-0.009110097
V52_CPLUS_E8_C12_2T,9.025,base,149,-7.812000000000001,6.130045455625373e-15,-31.63,-0.0022172015
V52_CPLUS_E8_C12_2T,9.025,base,150,-7.812000000000001,3.4481505687892734e-15,-24.21,0.0025041942
V52_CPLUS_E8_C12_2T,9.025,base,151,-7.812000000000001,4.246935973089513e-16,-15.845,0.003933225
V52_CPLUS_E8_C12_2T,9.025,base,152,-7.812,0.0,-7.17,0.0014308579
V52_CPLUS_E8_C12_2T,9.025,base,153,-7.812,0.0,0.0,-7.7614066e-05
V52_CPLUS_E8_C12_2T,9.025,base,154,-7.466782174380829,-0.37767400000001006,-29.183530813936898,-0.00037613633
V52_CPLUS_E8_C12_2T,9.025,base,155,-7.447398484665459,-0.37767400000001006,-96.282915415362,-0.01008087
V52_CPLUS_E8_C12_2T,9.025,base,156,-7.447398484665459,-0.37767400000001006,-91.282915415362,-0.015660442
V52_CPLUS_E8_C12_2T,9.025,base,157,-7.447398484665459,-0.37767400000001006,-86.282915415362,-0.020416215
V52_CPLUS_E8_C12_2T,9.025,base,158,-7.447398484665459,-0.37767400000001006,-81.282915415362,-0.024166226
V52_CPLUS_E8_C12_2T,9.025,base,159,-7.447398484665459,-0.37767400000001006,-76.282915415362,-0.02680391
V52_CPLUS_E8_C12_2T,9.025,base,160,-7.447398484665459,-0.37767400000001006,-71.282915415362,-0.02831234
V52_CPLUS_E8_C12_2T,9.025,base,161,-7.4473984846654515,-0.37767400000001006,-63.717084584638,-0.02830398
V52_CPLUS_E8_C12_2T,9.025,base,162,-7.4473984846654515,-0.37767400000001006,-58.717084584638,-0.026783407
V52_CPLUS_E8_C12_2T,9.025,base,163,-7.4473984846654515,-0.37767400000001006,-53.717084584638,-0.024128787
V52_CPLUS_E8_C12_2T,9.025,base,164,-7.4473984846654515,-0.37767400000001006,-48.717084584638,-0.020363785
V52_CPLUS_E8_C12_2T,9.025,base,165,-7.4473984846654515,-0.37767400000001006,-43.717084584638,-0.015600406
V52_CPLUS_E8_C12_2T,9.025,base,166,-7.4473984846654515,-0.37767400000001006,-38.717084584638,-0.010019276
V52_CPLUS_E8_C12_2T,9.025,base,167,-6.69,-1.113674,-135.0,-0.00057107105
V52_CPLUS_E8_C12_2T,9.025,base,168,-6.69,-1.113674,-127.83,0.000777347
V52_CPLUS_E8_C12_2T,9.025,base,169,-6.69,-1.1136740000000003,-120.33,0.0032859445
V52_CPLUS_E8_C12_2T,9.025,base,170,-6.69,-1.113674,-11.95,0.002228994
V52_CPLUS_E8_C12_2T,9.025,base,171,-6.69,-1.113674,-7.17,0.00069677643
V52_CPLUS_E8_C12_2T,9.025,base,172,-6.69,-1.113674,0.0,-0.0005827672
V52_CPLUS_E8_C12_2T,9.025,base,173,-6.69,-0.3776740000000001,-135.0,-0.0005785511
V52_CPLUS_E8_C12_2T,9.025,base,174,-6.69,-0.37767400000001,-129.53347158218125,0.00028197467
V52_CPLUS_E8_C12_2T,9.025,base,175,-6.69,-0.377674,-123.05000000000001,0.0023279972
V52_CPLUS_E8_C12_2T,9.025,base,176,-6.69,-0.37767400000001006,-114.81596606646588,0.0036556814
V52_CPLUS_E8_C12_2T,9.025,base,177,-6.69,-0.37767400000001006,-108.108558,0.00083907694
V52_CPLUS_E8_C12_2T,9.025,base,178,-6.69,-0.37767400000001006,-100.52143626811278,-0.005511284
V52_CPLUS_E8_C12_2T,9.025,base,179,-6.69,-0.37767400000001006,-93.76971700000001,-0.013189733
V52_CPLUS_E8_C12_2T,9.025,base,180,-6.69,-0.37767400000001006,-85.56478945530056,-0.021232113
V52_CPLUS_E8_C12_2T,9.025,base,181,-6.69,-0.37767400000001006,-78.754407,-0.025898367
V52_CPLUS_E8_C12_2T,9.025,base,182,-6.69,-0.37767400000001006,-72.00104137542344,-0.028433427
V52_CPLUS_E8_C12_2T,9.025,base,183,-6.69,-0.37767400000001006,-61.24559299999999,-0.027948365
V52_CPLUS_E8_C12_2T,9.025,base,184,-6.69,-0.37767400000001006,-56.245593,-0.025869474
V52_CPLUS_E8_C12_2T,9.025,base,185,-6.69,-0.37767400000001006,-51.245593,-0.02265016
V52_CPLUS_E8_C12_2T,9.025,base,186,-6.69,-0.37767400000001006,-46.245593,-0.018349297
V52_CPLUS_E8_C12_2T,9.025,base,187,-6.69,-0.37767400000001006,-39.435210544699444,-0.011081796
V52_CPLUS_E8_C12_2T,9.025,base,188,-6.69,-0.37767400000001006,-29.183530813936898,-0.0006369715
V52_CPLUS_E8_C12_2T,9.025,base,189,-6.69,-0.37767400000001006,-22.599192000000002,0.0028882772
V52_CPLUS_E8_C12_2T,9.025,base,190,-6.69,-0.37767400000001006,-17.273026639708842,0.0037453435
V52_CPLUS_E8_C12_2T,9.025,base,191,-6.69,-0.37767400000001,-11.95,0.002218455
V52_CPLUS_E8_C12_2T,9.025,base,192,-6.69,-0.37767400000001,-5.466528417818731,0.0002212543
V52_CPLUS_E8_C12_2T,9.025,base,193,-6.69,-0.37767400000001,0.0,-0.00059082406
V52_CPLUS_E8_C12_2T,9.025,base,194,-4.94,-1.113674,-135.0,-0.0011745997
V52_CPLUS_E8_C12_2T,9.025,base,195,-4.94,-1.113674,-123.05000000000001,0.0015379228
V52_CPLUS_E8_C12_2T,9.025,base,196,-4.94,-1.113674,-11.95,0.0014464855
V52_CPLUS_E8_C12_2T,9.025,base,197,-4.94,-1.113674,0.0,-0.0011977408
V52_CPLUS_E8_C12_2T,9.025,base,198,-4.94,-0.3776740000000001,-135.0,-0.0011782958
V52_CPLUS_E8_C12_2T,9.025,base,199,-4.94,-0.37767400000001,-128.46268305171532,-0.00028014556
V52_CPLUS_E8_C12_2T,9.025,base,200,-4.94,-0.37767400000001006,-120.33,0.0026546232
V52_CPLUS_E8_C12_2T,9.025,base,201,-4.94,-0.37767400000001006,-112.93029271677838,0.0028971415
V52_CPLUS_E8_C12_2T,9.025,base,202,-4.94,-0.37767400000001006,-104.13765460562611,-0.0026058038
V52_CPLUS_E8_C12_2T,9.025,base,203,-4.94,-0.37767400000001006,-96.282915415362,-0.010701448
V52_CPLUS_E8_C12_2T,9.025,base,204,-4.94,-0.37767400000001006,-88.75440700000001,-0.01869312
V52_CPLUS_E8_C12_2T,9.025,base,205,-4.94,-0.37767400000001006,-81.282915415362,-0.024713486
V52_CPLUS_E8_C12_2T,9.025,base,206,-4.94,-0.37767400000001006,-74.44471777071274,-0.028122157
V52_CPLUS_E8_C12_2T,9.025,base,207,-4.94,-0.37767400000001006,-67.4614915,-0.029775381
V52_CPLUS_E8_C12_2T,9.025,base,208,-4.94,-0.37767400000001006,-60.55528222928728,-0.028105915
V52_CPLUS_E8_C12_2T,9.025,base,209,-4.94,-0.37767400000001006,-53.717084584638,-0.024680987
V52_CPLUS_E8_C12_2T,9.025,base,210,-4.94,-0.37767400000001006,-46.245593,-0.018648148
V52_CPLUS_E8_C12_2T,9.025,base,211,-4.94,-0.37767400000001006,-38.717084584637995,-0.01064723
V52_CPLUS_E8_C12_2T,9.025,base,212,-4.94,-0.37767400000001006,-33.76119825980674,-0.0053995643
V52_CPLUS_E8_C12_2T,9.025,base,213,-4.94,-0.37767400000001006,-27.49820582820343,0.00014314847
V52_CPLUS_E8_C12_2T,9.025,base,214,-4.94,-0.37767400000001006,-22.06970728322193,0.0028550606
V52_CPLUS_E8_C12_2T,9.025,base,215,-4.94,-0.37767400000001006,-16.59211533634704,0.0031395294
V52_CPLUS_E8_C12_2T,9.025,base,216,-4.94,-0.37767400000001,-7.17,-0.0001618769
V52_CPLUS_E8_C12_2T,9.025,base,217,-4.94,-0.3776740000000001,0.0,-0.0012020292
V52_CPLUS_E8_C12_2T,9.025,base,218,-4.158246575342493,-0.37767400000001006,-123.05000000000001,0.0013999268
V52_CPLUS_E8_C12_2T,9.025,base,219,-4.158246575342464,-0.37767400000001,-11.95,0.0013168901
V52_CPLUS_E8_C12_2T,9.025,base,220,-3.994254470250221,-4.369780326643712,-105.816469186063,-0.00028372873
V52_CPLUS_E8_C12_2T,9.025,base,221,-3.9129752756906697,-0.37767400000001006,-98.7620226354387,-0.008409999
V52_CPLUS_E8_C12_2T,9.025,base,222,-3.912975275690793,-0.37767400000001,-36.23797736456137,-0.008361783
V52_CPLUS_E8_C12_2T,9.025,base,223,-3.9059999999999975,-17.0929139586129,-105.816469186063,-7.0087044e-05
V52_CPLUS_E8_C12_2T,9.025,base,224,-3.906,-17.0929139586129,-29.183530813936898,-6.934181e-05
V52_CPLUS_E8_C12_2T,9.025,base,225,-3.906,-12.819685458612907,-105.816469186063,-9.070682e-05
V52_CPLUS_E8_C12_2T,9.025,base,226,-3.906,-12.819685458612907,-29.183530813936898,-8.9281486e-05
V52_CPLUS_E8_C12_2T,9.025,base,227,-3.9059999999999975,-9.768204465699526,-110.13105280959199,0.0004393272
V52_CPLUS_E8_C12_2T,9.025,base,228,-3.9059999999999975,-9.768204465699528,-24.868947190408,0.00035269465
V52_CPLUS_E8_C12_2T,9.025,base,229,-3.906000000000004,-9.3105242882562,-101.23229133489698,-0.0033818446
V52_CPLUS_E8_C12_2T,9.025,base,230,-3.905999999999999,-9.310524288256198,-33.7677086651033,-0.003336938
V52_CPLUS_E8_C12_2T,9.025,base,231,-3.906,-8.09209277502036,-96.28291558463799,-0.012667712
V52_CPLUS_E8_C12_2T,9.025,base,232,-3.9059999999999993,-8.09209277502036,-91.282915584638,-0.019880153
V52_CPLUS_E8_C12_2T,9.025,base,233,-3.906,-8.09209277502036,-86.282915584638,-0.024889514
V52_CPLUS_E8_C12_2T,9.025,base,234,-3.9059999999999993,-8.09209277502036,-81.282915584638,-0.028845891
V52_CPLUS_E8_C12_2T,9.025,base,235,-3.906,-8.09209277502036,-76.282915584638,-0.031643867
V52_CPLUS_E8_C12_2T,9.025,base,236,-3.906,-8.09209277502036,-71.282915584638,-0.03353493
V52_CPLUS_E8_C12_2T,9.025,base,237,-3.9060000000000024,-8.09209277502036,-63.717084584638,-0.033523202
V52_CPLUS_E8_C12_2T,9.025,base,238,-3.905999999999998,-8.09209277502037,-58.717084584638,-0.031591028
V52_CPLUS_E8_C12_2T,9.025,base,239,-3.9060000000000024,-8.09209277502036,-53.717084584638,-0.028815769
V52_CPLUS_E8_C12_2T,9.025,base,240,-3.9059999999999993,-8.09209277502037,-48.717084584637995,-0.024867542
V52_CPLUS_E8_C12_2T,9.025,base,241,-3.9059999999999797,-8.09209277502037,-43.717084584638016,-0.019803643
V52_CPLUS_E8_C12_2T,9.025,base,242,-3.906,-8.09209277502037,-38.717084584638,-0.012615096
V52_CPLUS_E8_C12_2T,9.025,base,243,-3.906000000000008,-6.047804680468493,-113.63276023989701,0.0035473183
V52_CPLUS_E8_C12_2T,9.025,base,244,-3.905999999999998,-6.047804680468505,-21.367239760103406,0.0035059564
V52_CPLUS_E8_C12_2T,9.025,base,245,-3.9059999999999953,-4.655262144128083,-101.23229133489698,-0.0034861136
V52_CPLUS_E8_C12_2T,9.025,base,246,-3.9059999999999953,-4.655262144128094,-33.76770866510331,-0.0034484025
V52_CPLUS_E8_C12_2T,9.025,base,247,-3.906,-4.273228479306448,-29.183530813936898,-0.00030386663
V52_CPLUS_E8_C12_2T,9.025,base,248,-3.906,-4.046046387510177,-96.282915415362,-0.00979552
V52_CPLUS_E8_C12_2T,9.025,base,249,-3.906,-4.046046387510177,-91.282915415362,-0.015421204
V52_CPLUS_E8_C12_2T,9.025,base,250,-3.906,-4.046046387510177,-86.282915415362,-0.020216346
V52_CPLUS_E8_C12_2T,9.025,base,251,-3.906,-4.046046387510177,-81.282915415362,-0.024016768
V52_CPLUS_E8_C12_2T,9.025,base,252,-3.906,-4.046046387510177,-76.282915415362,-0.026701272
V52_CPLUS_E8_C12_2T,9.025,base,253,-3.906,-4.046046387510177,-71.282915415362,-0.028254703
V52_CPLUS_E8_C12_2T,9.025,base,254,-3.9059999999999975,-4.04604638751018,-63.717084584638,-0.02824761
V52_CPLUS_E8_C12_2T,9.025,base,255,-3.9059999999999975,-4.04604638751018,-58.71708458463801,-0.02668637
V52_CPLUS_E8_C12_2T,9.025,base,256,-3.9059999999999975,-4.04604638751018,-53.717084584638,-0.023987941
V52_CPLUS_E8_C12_2T,9.025,base,257,-3.9059999999999975,-4.04604638751018,-48.717084584638016,-0.02017533
V52_CPLUS_E8_C12_2T,9.025,base,258,-3.9059999999999975,-4.04604638751018,-43.717084584638,-0.015376173
V52_CPLUS_E8_C12_2T,9.025,base,259,-3.9059999999999975,-4.04604638751018,-38.71708458463801,-0.009751495
V52_CPLUS_E8_C12_2T,9.025,base,260,-3.906,-2.226,-130.21999999999997,-0.0008588284
V52_CPLUS_E8_C12_2T,9.025,base,261,-3.9060000000000006,-2.226,-125.44,0.00054254755
V52_CPLUS_E8_C12_2T,9.025,base,262,-3.906000000000001,-2.226000000000005,-120.33,0.0025307052
V52_CPLUS_E8_C12_2T,9.025,base,263,-3.905999999999998,-2.2260000000000058,-14.670000000000002,0.0024301894
V52_CPLUS_E8_C12_2T,9.025,base,264,-3.906,-2.226,-7.17,-0.00031463988
V52_CPLUS_E8_C12_2T,9.025,base,265,-3.906,-2.226,0.0,-0.0013078988
V52_CPLUS_E8_C12_2T,9.025,base,266,-3.906,-1.113674,-135.0,-0.0012824953
V52_CPLUS_E8_C12_2T,9.025,base,267,-3.9060000000000006,-1.113674,-125.44,0.00054455735
V52_CPLUS_E8_C12_2T,9.025,base,268,-3.9060000000000006,-1.1136740000000003,-120.33,0.0025417283
V52_CPLUS_E8_C12_2T,9.025,base,269,-3.906,-1.113674,-14.67,0.0024412312
V52_CPLUS_E8_C12_2T,9.025,base,270,-3.906,-1.113674,-9.56,0.00046657957
V52_CPLUS_E8_C12_2T,9.025,base,271,-3.906,-1.113674,0.0,-0.0013061882
V52_CPLUS_E8_C12_2T,9.025,base,272,-3.906000000000009,-0.37767400000001,-132.61,-0.0013239756
V52_CPLUS_E8_C12_2T,9.025,base,273,-3.906000000000015,-0.37767400000001006,-118.8102059708965,0.0029734857
V52_CPLUS_E8_C12_2T,9.025,base,274,-3.90599999999999,-0.37767400000001006,-108.10855811164652,0.00040999986
V52_CPLUS_E8_C12_2T,9.025,base,275,-3.9060000000000112,-0.37767400000001,-93.782915415362,-0.013588734
V52_CPLUS_E8_C12_2T,9.025,base,276,-3.906,-0.37767400000001,-88.78291541536201,-0.018803664
V52_CPLUS_E8_C12_2T,9.025,base,277,-3.906000000000003,-0.37767400000001,-83.782915415362,-0.023156814
V52_CPLUS_E8_C12_2T,9.025,base,278,-3.905999999999997,-0.37767400000001,-78.782915415362,-0.026365742
V52_CPLUS_E8_C12_2T,9.025,base,279,-3.906000000000003,-0.37767400000001,-73.782915415362,-0.028516337
V52_CPLUS_E8_C12_2T,9.025,base,280,-3.905999999999997,-0.37767400000001,-67.5,-0.030027956
V52_CPLUS_E8_C12_2T,9.025,base,281,-3.906000000000003,-0.37767400000001,-61.217084584637995,-0.028502911
V52_CPLUS_E8_C12_2T,9.025,base,282,-3.905999999999997,-0.37767400000001,-56.21708458463801,-0.026339352
V52_CPLUS_E8_C12_2T,9.025,base,283,-3.906000000000003,-0.37767400000001,-51.217084584637995,-0.023124002
V52_CPLUS_E8_C12_2T,9.025,base,284,-3.906000000000002,-0.37767400000001,-46.21708458463801,-0.018762767
V52_CPLUS_E8_C12_2T,9.025,base,285,-3.906,-0.37767400000001,-41.217084584638,-0.013539575
V52_CPLUS_E8_C12_2T,9.025,base,286,-3.9059999999999917,-0.37767400000001,-26.8914418883537,0.00042447913
V52_CPLUS_E8_C12_2T,9.025,base,287,-3.90600000000001,-0.37767400000001,-16.18979402910355,0.0028895997
V52_CPLUS_E8_C12_2T,9.025,base,288,-3.905999999999987,-0.37767400000001,-2.39,-0.0013329238
V52_CPLUS_E8_C12_2T,9.025,base,289,-3.6537534246575065,-0.37767400000001006,-123.05000000000001,0.0014009885
V52_CPLUS_E8_C12_2T,9.025,base,290,-3.65375342465752,-0.37767400000001,-11.95,0.0013233945
V52_CPLUS_E8_C12_2T,9.025,base,291,-2.872,-1.113674,-135.0,-0.0011746761
V52_CPLUS_E8_C12_2T,9.025,base,292,-2.872,-1.113674,-127.83,-7.751584e-05
V52_CPLUS_E8_C12_2T,9.025,base,293,-2.872,-1.1136740000000003,-120.33,0.0026606321
V52_CPLUS_E8_C12_2T,9.025,base,294,-2.872,-1.113674,-14.67,0.0025790222
V52_CPLUS_E8_C12_2T,9.025,base,295,-2.872,-1.113674,-4.78,-0.0007439712
V52_CPLUS_E8_C12_2T,9.025,base,296,-2.872,-0.3776740000000001,-135.0,-0.0011783782
V52_CPLUS_E8_C12_2T,9.025,base,297,-2.872,-0.3776740000000001,-127.83,-8.4871426e-05
V52_CPLUS_E8_C12_2T,9.025,base,298,-2.872,-0.37767400000001006,-120.33,0.0026602224
V52_CPLUS_E8_C12_2T,9.025,base,299,-2.872,-0.37767400000001006,-114.40096931428103,0.0033116806
V52_CPLUS_E8_C12_2T,9.025,base,300,-2.872,-0.37767400000001006,-105.816469186063,-0.0011412636
V52_CPLUS_E8_C12_2T,9.025,base,301,-2.872,-0.37767400000001006,-96.282915415362,-0.010754023
V52_CPLUS_E8_C12_2T,9.025,base,302,-2.872,-0.37767400000001006,-91.282915415362,-0.016088046
V52_CPLUS_E8_C12_2T,9.025,base,303,-2.872,-0.37767400000001006,-86.282915415362,-0.020944543
V52_CPLUS_E8_C12_2T,9.025,base,304,-2.872,-0.37767400000001006,-79.44471777071274,-0.025866717
V52_CPLUS_E8_C12_2T,9.025,base,305,-2.872,-0.37767400000001006,-73.754407,-0.02838111
V52_CPLUS_E8_C12_2T,9.025,base,306,-2.872,-0.37767400000001006,-67.4614915,-0.029791236
V52_CPLUS_E8_C12_2T,9.025,base,307,-2.872,-0.37767400000001006,-61.24559299999999,-0.028368935
V52_CPLUS_E8_C12_2T,9.025,base,308,-2.872,-0.37767400000001006,-55.55528222928725,-0.025841638
V52_CPLUS_E8_C12_2T,9.025,base,309,-2.872,-0.37767400000001006,-48.717084584638,-0.020911723
V52_CPLUS_E8_C12_2T,9.025,base,310,-2.872,-0.37767400000001006,-41.878886939988746,-0.01408951
V52_CPLUS_E8_C12_2T,9.025,base,311,-2.872,-0.37767400000001006,-35.57609663685105,-0.007827625
V52_CPLUS_E8_C12_2T,9.025,base,312,-2.872,-0.37767400000001006,-24.5993529627705,0.0018806923
V52_CPLUS_E8_C12_2T,9.025,base,313,-2.872,-0.37767400000001006,-17.7095880582071,0.0034019053
V52_CPLUS_E8_C12_2T,9.025,base,314,-2.872,-0.37767400000001,-12.791362007168463,0.0017971769
V52_CPLUS_E8_C12_2T,9.025,base,315,-2.872,-0.37767400000001,-7.802683051715303,3.7558377e-05
V52_CPLUS_E8_C12_2T,9.025,base,316,-2.872,-0.3776740000000001,0.0,-0.0011986452
V52_CPLUS_E8_C12_2T,9.025,base,317,-1.122,-1.113674,-135.0,-0.0005711244
V52_CPLUS_E8_C12_2T,9.025,base,318,-1.1219999999999999,-1.113674,-130.21999999999997,0.00013969745
V52_CPLUS_E8_C12_2T,9.025,base,319,-1.122,-1.113674,-125.44,0.0015393272
V52_CPLUS_E8_C12_2T,9.025,base,320,-1.1220000000000003,-1.1136740000000003,-120.33,0.0033005849
V52_CPLUS_E8_C12_2T,9.025,base,321,-1.122,-1.113674,-14.67,0.0032515526
V52_CPLUS_E8_C12_2T,9.025,base,322,-1.122,-1.113674,-9.56,0.0014997926
V52_CPLUS_E8_C12_2T,9.025,base,323,-1.122,-1.113674,-2.39,-0.00036322093
V52_CPLUS_E8_C12_2T,9.025,base,324,-1.122,-0.3776740000000001,-135.0,-0.00057858624
V52_CPLUS_E8_C12_2T,9.025,base,325,-1.1220000000000003,-0.37767400000001,-126.12652841781875,0.0012910552
V52_CPLUS_E8_C12_2T,9.025,base,326,-1.1220000000000003,-0.37767400000001006,-119.89343858150177,0.0034044944
V52_CPLUS_E8_C12_2T,9.025,base,327,-1.1220000000000003,-0.37767400000001006,-113.82642225912853,0.0034184624
V52_CPLUS_E8_C12_2T,9.025,base,328,-1.1220000000000003,-0.37767400000001006,-105.15806576197079,-0.0014588004
V52_CPLUS_E8_C12_2T,9.025,base,329,-1.1220000000000003,-0.37767400000001006,-98.744405,-0.008605253
V52_CPLUS_E8_C12_2T,9.025,base,330,-1.1220000000000003,-0.37767400000001006,-93.76971700000001,-0.013025437
V52_CPLUS_E8_C12_2T,9.025,base,331,-1.1220000000000003,-0.37767400000001006,-88.75440700000001,-0.018461615
V52_CPLUS_E8_C12_2T,9.025,base,332,-1.1220000000000003,-0.37767400000001006,-83.754407,-0.022716716
V52_CPLUS_E8_C12_2T,9.025,base,333,-1.1220000000000003,-0.37767400000001006,-77.00104137542344,-0.026762038
V52_CPLUS_E8_C12_2T,9.025,base,334,-1.1220000000000003,-0.37767400000001006,-72.00104137542344,-0.028474256
V52_CPLUS_E8_C12_2T,9.025,base,335,-1.1220000000000003,-0.37767400000001006,-61.24559299999999,-0.027992845
V52_CPLUS_E8_C12_2T,9.025,base,336,-1.1220000000000003,-0.37767400000001006,-56.245593,-0.025916934
V52_CPLUS_E8_C12_2T,9.025,base,337,-1.1220000000000003,-0.37767400000001006,-51.245593,-0.022690654
V52_CPLUS_E8_C12_2T,9.025,base,338,-1.1220000000000003,-0.37767400000001006,-46.245593,-0.018429674
V52_CPLUS_E8_C12_2T,9.025,base,339,-1.1220000000000003,-0.37767400000001006,-41.230283,-0.012992822
V52_CPLUS_E8_C12_2T,9.025,base,340,-1.1220000000000003,-0.37767400000001006,-31.49767250000001,-0.0035972893
V52_CPLUS_E8_C12_2T,9.025,base,341,-1.1220000000000003,-0.37767400000001006,-22.599191999999995,0.0029232297
V52_CPLUS_E8_C12_2T,9.025,base,342,-1.1220000000000003,-0.37767400000001006,-17.273026639708853,0.0038207583
V52_CPLUS_E8_C12_2T,9.025,base,343,-1.122,-0.37767400000001,-11.95,0.002295699
V52_CPLUS_E8_C12_2T,9.025,base,344,-1.1220000000000003,-0.37767400000001,-5.466528417818748,0.00026154332
V52_CPLUS_E8_C12_2T,9.025,base,345,-1.122,-0.37767400000001,0.0,-0.0005879339
V52_CPLUS_E8_C12_2T,9.025,base,346,-0.36460151533454066,-0.37767400000001006,-96.282915415362,-0.010150351
V52_CPLUS_E8_C12_2T,9.025,base,347,-0.36460151533454066,-0.37767400000001006,-91.282915415362,-0.015678845
V52_CPLUS_E8_C12_2T,9.025,base,348,-0.36460151533454066,-0.37767400000001006,-86.282915415362,-0.020453684
V52_CPLUS_E8_C12_2T,9.025,base,349,-0.36460151533454066,-0.37767400000001006,-81.282915415362,-0.024207994
V52_CPLUS_E8_C12_2T,9.025,base,350,-0.3646015153345409,-0.3776740000000104,-76.282915415362,-0.026851937
V52_CPLUS_E8_C12_2T,9.025,base,351,-0.3646015153345409,-0.3776740000000104,-71.282915415362,-0.028365001
V52_CPLUS_E8_C12_2T,9.025,base,352,-0.36460151533454876,-0.37767400000001006,-63.717084584638,-0.028359845
V52_CPLUS_E8_C12_2T,9.025,base,353,-0.36460151533454876,-0.37767400000001006,-58.717084584638,-0.026841477
V52_CPLUS_E8_C12_2T,9.025,base,354,-0.36460151533454965,-0.37767400000001006,-53.717084584638,-0.024187848
V52_CPLUS_E8_C12_2T,9.025,base,355,-0.36460151533454965,-0.37767400000001006,-48.717084584638016,-0.020425342
V52_CPLUS_E8_C12_2T,9.025,base,356,-0.36460151533454965,-0.37767400000001006,-43.717084584638,-0.015649214
V52_CPLUS_E8_C12_2T,9.025,base,357,-0.36460151533454965,-0.37767400000001006,-38.717084584638,-0.01012421
V52_CPLUS_E8_C12_2T,9.025,base,358,-0.34521782561916925,-0.3776740000000098,-105.816469186063,-0.00040729644
V52_CPLUS_E8_C12_2T,9.025,base,359,-0.34521782561916925,-0.3776740000000098,-29.183530813936898,-0.00039794296
V52_CPLUS_E8_C12_2T,9.025,base,360,-4.440892098500626e-15,-17.092913958612904,-105.816469186063,0.0
V52_CPLUS_E8_C12_2T,9.025,base,361,-4.440892098500626e-15,-17.092913958612904,-29.183530813936898,1.5772581e-18
V52_CPLUS_E8_C12_2T,9.025,base,362,5.773159728050813e-15,-15.492978896205498,-104.874035410956,-0.0006058987
V52_CPLUS_E8_C12_2T,9.025,base,363,6.5503158452884236e-15,-15.492978896205498,-30.125964589044507,-0.000602063
V52_CPLUS_E8_C12_2T,9.025,base,364,0.0,-14.411382704136601,-107.39601180788802,0.0007222425
V52_CPLUS_E8_C12_2T,9.025,base,365,0.0,-14.411382704136601,-27.6039881921117,0.00071795704
V52_CPLUS_E8_C12_2T,9.025,base,366,0.0,-13.4727764561304,-103.684045231469,-0.0013498375
V52_CPLUS_E8_C12_2T,9.025,base,367,0.0,-13.472776456130378,-31.315954768531373,-0.0013418249
V52_CPLUS_E8_C12_2T,9.025,base,368,3.1086244689504383e-15,-11.878890892058394,-102.745174883207,-0.0019648792
V52_CPLUS_E8_C12_2T,9.025,base,369,0.0,-11.878890892058498,-26.112236511081203,0.0015351381
V52_CPLUS_E8_C12_2T,9.025,base,370,0.0,-11.665732454056494,-109.01332340453145,0.0016110614
V52_CPLUS_E8_C12_2T,9.025,base,371,0.0,-11.665732454056775,-32.38038503240548,-0.0020426754
V52_CPLUS_E8_C12_2T,9.025,base,372,0.0,-10.071846889984645,-109.95219375279255,0.0021245647
V52_CPLUS_E8_C12_2T,9.025,base,373,8.881784197001252e-15,-10.0718468899849,-101.68074461933298,-0.0027999775
V52_CPLUS_E8_C12_2T,9.025,base,374,0.0,-10.071846889984874,-33.31925538066669,-0.00278717
V52_CPLUS_E8_C12_2T,9.025,base,375,0.0,-10.0718468899849,-25.047806247207202,0.0021197228
V52_CPLUS_E8_C12_2T,9.025,base,376,-7.771561172376095e-16,-9.310524288256191,-110.40064703722899,0.0023420658
V52_CPLUS_E8_C12_2T,9.025,base,377,0.0,-9.310524288256179,-24.5993529627705,0.0023366269
V52_CPLUS_E8_C12_2T,9.025,base,378,6.550315845288423e-15,-9.088897537958939,-100.33202399189898,-0.004158646
V52_CPLUS_E8_C12_2T,9.025,base,379,0.0,-9.061407718357515,-34.7796420719627,-0.004268363
V52_CPLUS_E8_C12_2T,9.025,base,380,0.0,-8.546456958612909,-105.816469186063,-0.00016236566
V52_CPLUS_E8_C12_2T,9.025,base,381,0.0,-8.546456958612909,-29.183530813936898,-0.00016920634
V52_CPLUS_E8_C12_2T,9.025,base,382,0.0,-8.4917979363184,-23.78830678977009,0.0027109738
V52_CPLUS_E8_C12_2T,9.025,base,383,7.993605777301127e-15,-8.328744265502182,-97.24421457382029,-0.007989559
V52_CPLUS_E8_C12_2T,9.025,base,384,0.0,-8.09209277502036,-91.282915584638,-0.014938325
V52_CPLUS_E8_C12_2T,9.025,base,385,5.218048215738235e-15,-8.09209277502038,-85.63302458463801,-0.020381391
V52_CPLUS_E8_C12_2T,9.025,base,386,5.218048215738235e-15,-8.09209277502038,-77.153024584638,-0.026107058
V52_CPLUS_E8_C12_2T,9.025,base,387,5.218048215738235e-15,-8.09209277502038,-71.853024584638,-0.027998552
V52_CPLUS_E8_C12_2T,9.025,base,388,0.0,-8.092092775020351,-66.55302458463801,-0.028586313
V52_CPLUS_E8_C12_2T,9.025,base,389,0.0,-8.092092775020355,-61.253024584638005,-0.02746363
V52_CPLUS_E8_C12_2T,9.025,base,390,0.0,-8.092092775020358,-56.068024584638,-0.025164984
V52_CPLUS_E8_C12_2T,9.025,base,391,0.0,-8.092092775020362,-51.228024584638,-0.021904252
V52_CPLUS_E8_C12_2T,9.025,base,392,0.0,-8.092092775020365,-46.228024584638,-0.017497003
V52_CPLUS_E8_C12_2T,9.025,base,393,0.0,-8.09209277502037,-38.717084584638,-0.009160407
V52_CPLUS_E8_C12_2T,9.025,base,394,0.0,-7.9224947009118205,-111.775656015703,0.0029536132
V52_CPLUS_E8_C12_2T,9.025,base,395,3.3306690738754696e-15,-7.809337948944436,-23.11224871532861,0.0029888432
V52_CPLUS_E8_C12_2T,9.025,base,396,0.0,-6.597407886379823,-113.08831266499183,0.0034395196
V52_CPLUS_E8_C12_2T,9.025,base,397,0.0,-6.59740788637999,-21.9116873350083,0.003425926
V52_CPLUS_E8_C12_2T,9.025,base,398,0.0,-5.272321071848141,-114.400969314281,0.003843261
V52_CPLUS_E8_C12_2T,9.025,base,399,0.0,-5.27232107184816,-20.5990306857192,0.003824979
V52_CPLUS_E8_C12_2T,9.025,base,400,0.0,-4.526989503240041,-115.469377062222,0.004127914
V52_CPLUS_E8_C12_2T,9.025,base,401,0.0,-4.296812357623591,-19.200671737354472,0.0041792225
V52_CPLUS_E8_C12_2T,9.025,base,402,0.0,-4.046046387510175,-67.5,-0.028520554
V52_CPLUS_E8_C12_2T,9.025,base,403,3.9968028886505635e-15,-3.1173694198005193,-117.70109587745299,0.0044091307
V52_CPLUS_E8_C12_2T,9.025,base,404,3.1086244689504383e-15,-3.1173694198005286,-17.298904122547004,0.004381787
V52_CPLUS_E8_C12_2T,9.025,base,405,0.0,-2.226,-135.0,3.6598193e-18
V52_CPLUS_E8_C12_2T,9.025,base,406,0.0,-2.226,-130.22,0.0008787904
V52_CPLUS_E8_C12_2T,9.025,base,407,0.0,-2.226,-125.44,0.0022749472
V52_CPLUS_E8_C12_2T,9.025,base,408,0.0,-2.226,-120.33,0.0039715245
V52_CPLUS_E8_C12_2T,9.025,base,409,0.0,-2.226,-14.67,0.0039413534
V52_CPLUS_E8_C12_2T,9.025,base,410,0.0,-2.226,-9.56,0.0022510812
V52_CPLUS_E8_C12_2T,9.025,base,411,0.0,-2.226,-4.78,0.00086511485
V52_CPLUS_E8_C12_2T,9.025,base,412,0.0,-2.226,0.0,0.0
V52_CPLUS_E8_C12_2T,9.025,base,413,0.0,-1.1136740000000003,-120.33,0.0038628764
V52_CPLUS_E8_C12_2T,9.025,base,414,0.0,-1.113674,-14.67,0.003832385
V52_CPLUS_E8_C12_2T,9.025,base,415,0.0,-1.1129999999999984,-133.805,0.00015539769
V52_CPLUS_E8_C12_2T,9.025,base,416,0.0,-1.113000000000006,-126.63499999999999,0.001918247
V52_CPLUS_E8_C12_2T,9.025,base,417,0.0,-1.1130000000000002,-8.365000000000002,0.0018964931
V52_CPLUS_E8_C12_2T,9.025,base,418,0.0,-1.1129999999999993,-1.1950000000000003,0.00015135901
V52_CPLUS_E8_C12_2T,9.025,base,419,0.0,-0.37767400000001,-123.05000000000001,0.0030347817
V52_CPLUS_E8_C12_2T,9.025,base,420,0.0,-0.3776740000000102,-96.282915415362,-0.010044429
V52_CPLUS_E8_C12_2T,9.025,base,421,0.0,-0.37767400000001,-81.282915415362,-0.024113595
V52_CPLUS_E8_C12_2T,9.025,base,422,0.0,-0.37767400000001,-48.717084584638,-0.020337813
V52_CPLUS_E8_C12_2T,9.025,base,423,-4.440892098500626e-15,-0.37767400000001,-14.669999999999993,0.003773585
V52_CPLUS_E8_C12_2T,9.025,base,424,1.0058735712501201e-14,-0.37767400000001,-4.78,0.0008487571
V52_CPLUS_E8_C12_2T,9.025,base,425,0.0,0.0,-132.61,0.00034867227
V52_CPLUS_E8_C12_2T,9.025,base,426,0.0,0.0,-127.83,0.0015245304
V52_CPLUS_E8_C12_2T,9.025,base,427,3.996802888650564e-15,5.717673043901034e-15,-114.31,0.0038145296
V52_CPLUS_E8_C12_2T,9.025,base,428,3.9968028886505635e-15,5.7176730439010165e-15,-107.95,0.0011219494
V52_CPLUS_E8_C12_2T,9.025,base,429,0.0,1.573175648209105e-14,-100.64499999999998,-0.0048959907
V52_CPLUS_E8_C12_2T,9.025,base,430,3.9968028886505635e-15,5.717673043901012e-15,-90.99,-0.015940845
V52_CPLUS_E8_C12_2T,9.025,base,431,3.9968028886505635e-15,5.71767304390102e-15,-85.69,-0.02088502
V52_CPLUS_E8_C12_2T,9.025,base,432,0.0,1.573175648209105e-14,-74.145,-0.027523592
V52_CPLUS_E8_C12_2T,9.025,base,433,0.0,1.573175648209105e-14,-65.665,-0.028559119
V52_CPLUS_E8_C12_2T,9.025,base,434,0.0,1.573175648209105e-14,-60.365,-0.027360693
V52_CPLUS_E8_C12_2T,9.025,base,435,0.0,1.573175648209105e-14,-55.065,-0.024940044
V52_CPLUS_E8_C12_2T,9.025,base,436,0.0,9.961323865391232e-15,-42.230000000000004,-0.014058657
V52_CPLUS_E8_C12_2T,9.025,base,437,0.0,6.937866893910912e-15,-33.865,-0.004356412
V52_CPLUS_E8_C12_2T,9.025,base,438,0.0,4.5975340917190325e-15,-27.390000000000004,0.00092058536
V52_CPLUS_E8_C12_2T,9.025,base,439,0.0,2.298767045859517e-15,-21.030000000000005,0.003699826
V52_CPLUS_E8_C12_2T,9.025,base,440,0.0,0.0,-9.56,0.002248831
V52_CPLUS_E8_C12_2T,9.025,base,441,0.0,0.0,0.0,-7.618824e-05
V52_CPLUS_E8_C12_2T,9.025,base,442,0.52400000000001,-17.092913958612904,-105.81646918606299,0.0
V52_CPLUS_E8_C12_2T,9.025,base,443,0.52400000000001,-17.0929139586129,-29.183530813936898,0.0
V52_CPLUS_E8_C12_2T,9.025,base,444,0.5239999999999996,-16.127119864078097,-106.38536538433698,0.00025586074
V52_CPLUS_E8_C12_2T,9.025,base,445,0.5240000000000028,-16.127119864078104,-28.6146346156628,0.00025460054
V52_CPLUS_E8_C12_2T,9.025,base,446,0.5240000000000075,-14.320075862004604,-107.44979564821098,0.00080045033
V52_CPLUS_E8_C12_2T,9.025,base,447,0.52400000000001,-14.32007586200458,-30.81685727608508,-0.0010086
V52_CPLUS_E8_C12_2T,9.025,base,448,0.52400000000001,-12.7261902979327,-108.388665996472,0.0013404693
V52_CPLUS_E8_C12_2T,9.025,base,449,0.52400000000001,-12.726190297932698,-26.611334003527517,0.001337124
V52_CPLUS_E8_C12_2T,9.025,base,450,0.52400000000001,-12.513031859931099,-103.11871246004101,-0.0016547199
V52_CPLUS_E8_C12_2T,9.025,base,451,0.52400000000001,-12.513031859931058,-31.881287539959136,-0.0016466612
V52_CPLUS_E8_C12_2T,9.025,base,452,0.52400000000001,-10.9191462958591,-109.45309626034701,0.0019727787
V52_CPLUS_E8_C12_2T,9.025,base,453,0.52400000000001,-10.91914629585914,-25.546903739653438,0.0019688187
V52_CPLUS_E8_C12_2T,9.025,base,454,0.52400000000001,-10.7059878578575,-102.05428219616698,-0.0023828791
V52_CPLUS_E8_C12_2T,9.025,base,455,0.52400000000001,-10.705987857857497,-32.94571780383322,-0.0023725051
V52_CPLUS_E8_C12_2T,9.025,base,456,0.52400000000001,-9.310524288256177,-110.40064703722899,0.0024829078
V52_CPLUS_E8_C12_2T,9.025,base,457,0.52400000000001,-9.310524288256172,-33.767708665103314,-0.0030745212
V52_CPLUS_E8_C12_2T,9.025,base,458,0.52400000000001,-9.310524288256179,-24.5993529627705,0.002477944
V52_CPLUS_E8_C12_2T,9.025,base,459,0.52400000000001,-9.24307956963641,-100.95832495877299,-0.0033400394
V52_CPLUS_E8_C12_2T,9.025,base,460,0.5240000000000034,-8.568745437008012,-111.13546752651,0.0028360505
V52_CPLUS_E8_C12_2T,9.025,base,461,0.52400000000001,-8.568745437008044,-23.864532473490385,0.002829969
V52_CPLUS_E8_C12_2T,9.025,base,462,0.5240000000000061,-8.20205205342605,-38.2704203291927,-0.008220036
V52_CPLUS_E8_C12_2T,9.025,base,463,0.524000000000004,-8.092092775020351,-95.67761058463803,-0.009459827
V52_CPLUS_E8_C12_2T,9.025,base,464,0.52400000000001,-8.09209277502036,-87.31261058463801,-0.0181555
V52_CPLUS_E8_C12_2T,9.025,base,465,0.524000000000004,-8.092092775020351,-79.77761058463801,-0.02382432
V52_CPLUS_E8_C12_2T,9.025,base,466,0.52400000000001,-8.09209277502036,-71.412610584638,-0.027175426
V52_CPLUS_E8_C12_2T,9.025,base,467,0.52400000000001,-8.092092775020355,-61.757610584638016,-0.026727006
V52_CPLUS_E8_C12_2T,9.025,base,468,0.52400000000001,-8.092092775020358,-56.45761058463802,-0.024529718
V52_CPLUS_E8_C12_2T,9.025,base,469,0.52400000000001,-8.092092775020362,-51.15761058463802,-0.02104967
V52_CPLUS_E8_C12_2T,9.025,base,470,0.52400000000001,-8.092092775020365,-44.797610584638015,-0.015356705
V52_CPLUS_E8_C12_2T,9.025,base,471,0.52400000000001,-7.243434126255018,-112.44834656610105,0.003377989
V52_CPLUS_E8_C12_2T,9.025,base,472,0.52400000000001,-7.243434126254982,-22.55165343389877,0.0033697765
V52_CPLUS_E8_C12_2T,9.025,base,473,0.52400000000001,-6.024666874978042,-21.34431900208669,0.0037934594
V52_CPLUS_E8_C12_2T,9.025,base,474,0.52400000000001,-5.918122815501852,-113.76122560569299,0.0038374308
V52_CPLUS_E8_C12_2T,9.025,base,475,0.5240000000000179,-4.883360286995657,-114.95853152375214,0.0041914303
V52_CPLUS_E8_C12_2T,9.025,base,476,0.52400000000001,-4.88336028699544,-20.0414684762477,0.004179999
V52_CPLUS_E8_C12_2T,9.025,base,477,0.52400000000001,-4.04604638751018,-67.50000000000001,-0.027585983
V52_CPLUS_E8_C12_2T,9.025,base,478,0.5239999999999994,-3.993790743691725,-116.23369955960099,0.004490562
V52_CPLUS_E8_C12_2T,9.025,base,479,0.52400000000001,-3.9937907436917595,-18.766300440398584,0.004478045
V52_CPLUS_E8_C12_2T,9.025,base,480,0.5240000000000047,-3.256617975238949,-17.70958805820711,0.0046025775
V52_CPLUS_E8_C12_2T,9.025,base,481,0.5240000000000025,-2.9311933668034116,-118.25018246531604,0.0045983978
V52_CPLUS_E8_C12_2T,9.025,base,482,0.52400000000001,-2.4747264620991296,-15.403565687888705,0.004380867
V52_CPLUS_E8_C12_2T,9.025,base,483,0.52400000000001,-2.226,-135.0,4.6000606e-18
V52_CPLUS_E8_C12_2T,9.025,base,484,0.52400000000001,-2.226,-130.22,0.0011256216
V52_CPLUS_E8_C12_2T,9.025,base,485,0.52400000000001,-2.226,-120.66,0.0041225962
V52_CPLUS_E8_C12_2T,9.025,base,486,0.52400000000001,-2.226,-9.56,0.0025502797
V52_CPLUS_E8_C12_2T,9.025,base,487,0.52400000000001,-2.226,-4.78,0.0011173114
V52_CPLUS_E8_C12_2T,9.025,base,488,0.52400000000001,-2.226,0.0,0.0
V52_CPLUS_E8_C12_2T,9.025,base,489,0.52400000000001,-1.1129999999999651,-129.025,0.0014796313
V52_CPLUS_E8_C12_2T,9.025,base,490,0.52400000000001,-1.1130000000000004,-121.69000000000001,0.0038056225
V52_CPLUS_E8_C12_2T,9.025,base,491,0.52400000000001,-1.1129999999999967,-13.310000000000002,0.0037903339
V52_CPLUS_E8_C12_2T,9.025,base,492,0.52400000000001,-1.1129999999999893,-5.975000000000001,0.0014693495
V52_CPLUS_E8_C12_2T,9.025,base,493,0.52400000000001,2.6484591469634303e-14,-135.0,-4.3513137e-06
V52_CPLUS_E8_C12_2T,9.025,base,494,0.52400000000001,2.6484591469634303e-14,-127.83,0.0018211994
V52_CPLUS_E8_C12_2T,9.025,base,495,0.52400000000001,2.2542148975759086e-14,-118.992342,0.0043756254
V52_CPLUS_E8_C12_2T,9.025,base,496,0.524000000000004,3.631725115855166e-14,-109.452342,0.0021684542
V52_CPLUS_E8_C12_2T,9.025,base,497,0.5240000000000042,3.5404829822303976e-14,-104.15234200000002,-0.0014036661
V52_CPLUS_E8_C12_2T,9.025,base,498,0.5239999999999977,3.449240848605607e-14,-98.85234200000001,-0.0067309737
V52_CPLUS_E8_C12_2T,9.025,base,499,0.5240000000000041,3.3579987149808576e-14,-93.55234200000001,-0.012661256
V52_CPLUS_E8_C12_2T,9.025,base,500,0.5240000000000041,3.266756581356102e-14,-88.25234200000001,-0.017941296
V52_CPLUS_E8_C12_2T,9.025,base,501,0.5240000000000041,3.157266021006372e-14,-81.89234200000001,-0.022919863
V52_CPLUS_E8_C12_2T,9.025,base,502,0.52400000000001,2.0497552428013602e-14,-75.647342,-0.026128784
V52_CPLUS_E8_C12_2T,9.025,base,503,0.52400000000001,1.94026468245164e-14,-69.287342,-0.027622446
V52_CPLUS_E8_C12_2T,9.025,base,504,0.52400000000001,1.8307741221019154e-14,-62.927342,-0.027132273
V52_CPLUS_E8_C12_2T,9.025,base,505,0.5240000000000082,2.6645584994326385e-14,-53.27234200000001,-0.023016982
V52_CPLUS_E8_C12_2T,9.025,base,506,0.52400000000001,1.0545898156505152e-14,-43.847342000000005,-0.015121765
V52_CPLUS_E8_C12_2T,9.025,base,507,0.52400000000001,7.480875428692463e-15,-35.367342,-0.0058243424
V52_CPLUS_E8_C12_2T,9.025,base,508,0.52400000000001,4.032724859903191e-15,-25.827342,0.0020182272
V52_CPLUS_E8_C12_2T,9.025,base,509,0.52400000000001,5.845742911139178e-16,-16.287342,0.004416764
V52_CPLUS_E8_C12_2T,9.025,base,510,0.52400000000001,0.0,-4.78,0.0011224579
V52_CPLUS_E8_C12_2T,9.025,base,511,0.52400000000001,0.0,0.0,-4.348607e-06
V52_CPLUS_E8_C12_2T,9.025,incremental,0,-8.336,-17.092913958612904,-105.81646918606299,0.0
V52_CPLUS_E8_C12_2T,9.025,incremental,1,-8.336,-17.0929139586129,-29.183530813936898,0.0
V52_CPLUS_E8_C12_2T,9.025,incremental,2,-8.336,-16.127119864078097,-105.24757298778898,-0.001954237
V52_CPLUS_E8_C12_2T,9.025,incremental,3,-8.336000000000002,-16.1271198640781,-28.6146346156628,0.0017458939
V52_CPLUS_E8_C12_2T,9.025,incremental,4,-8.336,-14.53323430000629,-107.32423573259814,0.0049720053
V52_CPLUS_E8_C12_2T,9.025,incremental,5,-8.336,-14.3200758620046,-30.816857276085102,-0.0053406437
V52_CPLUS_E8_C12_2T,9.025,incremental,6,-8.336,-12.726190297932762,-108.3886659964721,0.008723179
V52_CPLUS_E8_C12_2T,9.025,incremental,7,-8.336000000000002,-12.726190297932702,-31.755727624346303,-0.008415592
V52_CPLUS_E8_C12_2T,9.025,incremental,8,-8.336,-12.513031859931084,-103.11871246004104,-0.009022028
V52_CPLUS_E8_C12_2T,9.025,incremental,9,-8.33600000000001,-12.513031859931106,-26.485774087914713,0.0089299865
V52_CPLUS_E8_C12_2T,9.025,incremental,10,-8.336,-10.919146295859104,-102.17984211177999,-0.012440812
V52_CPLUS_E8_C12_2T,9.025,incremental,11,-8.336,-10.9191462958591,-25.5469037396535,0.012126622
V52_CPLUS_E8_C12_2T,9.025,incremental,12,-8.336,-10.705987857857503,-109.57865617595897,0.01286056
V52_CPLUS_E8_C12_2T,9.025,incremental,13,-8.336,-10.7059878578575,-32.9457178038332,-0.012716532
V52_CPLUS_E8_C12_2T,9.025,incremental,14,-8.336,-9.310524288256177,-110.40064703722899,0.015535881
V52_CPLUS_E8_C12_2T,9.025,incremental,15,-8.336,-9.310524288256168,-101.23229133489698,-0.016363753
V52_CPLUS_E8_C12_2T,9.025,incremental,16,-8.336,-9.31052428825619,-24.5993529627705,0.015163941
V52_CPLUS_E8_C12_2T,9.025,incremental,17,-8.336,-8.989695145484234,-35.0709448472531,-0.022185864
V52_CPLUS_E8_C12_2T,9.025,incremental,18,-8.336,-8.568745437008007,-111.13546752651,0.017852338
V52_CPLUS_E8_C12_2T,9.025,incremental,19,-8.336,-8.568745437008038,-23.86453247349038,0.017434329
V52_CPLUS_E8_C12_2T,9.025,incremental,20,-8.335999999999995,-8.482926297179732,-97.87051554069468,-0.03294941
V52_CPLUS_E8_C12_2T,9.025,incremental,21,-8.335999999999999,-8.092092775020351,-92.49761058463798,-0.05986321
V52_CPLUS_E8_C12_2T,9.025,incremental,22,-8.335999999999999,-8.092092775020351,-86.137610584638,-0.088299856
V52_CPLUS_E8_C12_2T,9.025,incremental,23,-8.336000000000004,-8.092092775020351,-78.71761058463801,-0.114037
V52_CPLUS_E8_C12_2T,9.025,incremental,24,-8.336,-8.09209277502036,-70.352610584638,-0.12849921
V52_CPLUS_E8_C12_2T,9.025,incremental,25,-8.336,-8.09209277502036,-63.992610584638,-0.12801537
V52_CPLUS_E8_C12_2T,9.025,incremental,26,-8.336,-8.09209277502036,-58.577610584638,-0.11978646
V52_CPLUS_E8_C12_2T,9.025,incremental,27,-8.336,-8.09209277502036,-50.21261058463801,-0.09413521
V52_CPLUS_E8_C12_2T,9.025,incremental,28,-8.336,-8.09209277502036,-41.732610584638,-0.056274902
V52_CPLUS_E8_C12_2T,9.025,incremental,29,-8.336,-7.34997818573109,-112.34280195832201,0.021460418
V52_CPLUS_E8_C12_2T,9.025,incremental,30,-8.336,-7.243434126254979,-22.55165343389877,0.021267984
V52_CPLUS_E8_C12_2T,9.025,incremental,31,-8.336,-6.024666874978031,-113.655680997913,0.024985613
V52_CPLUS_E8_C12_2T,9.025,incremental,32,-8.336,-6.024666874978042,-21.34431900208669,0.024430953
V52_CPLUS_E8_C12_2T,9.025,incremental,33,-8.336,-5.272321071848141,-114.400969314281,0.026746163
V52_CPLUS_E8_C12_2T,9.025,incremental,34,-8.336,-5.27232107184816,-20.5990306857192,0.026156913
V52_CPLUS_E8_C12_2T,9.025,incremental,35,-8.336,-4.069989131117052,-116.12447173277292,0.03041926
V52_CPLUS_E8_C12_2T,9.025,incremental,36,-8.336,-4.04604638751018,-67.50000000000001,-0.12960233
V52_CPLUS_E8_C12_2T,9.025,incremental,37,-8.336,-3.9937907436917572,-18.76630044039858,0.029972676
V52_CPLUS_E8_C12_2T,9.025,incremental,38,-8.336,-3.25661797523893,-117.29041194179298,0.03268391
V52_CPLUS_E8_C12_2T,9.025,incremental,39,-8.336,-2.8884544137981085,-16.6237681019201,0.034215294
V52_CPLUS_E8_C12_2T,9.025,incremental,40,-8.336,-2.4747264620992246,-119.59643431211104,0.036923967
V52_CPLUS_E8_C12_2T,9.025,incremental,41,-8.336,-2.226,-135.0,2.856761e-17
V52_CPLUS_E8_C12_2T,9.025,incremental,42,-8.336,-2.226,-125.44,0.028718308
V52_CPLUS_E8_C12_2T,9.025,incremental,43,-8.336,-2.226,-14.34,0.036664676
V52_CPLUS_E8_C12_2T,9.025,incremental,44,-8.336,-2.226,-7.17,0.022221962
V52_CPLUS_E8_C12_2T,9.025,incremental,45,-8.336,-2.226,0.0,0.0
V52_CPLUS_E8_C12_2T,9.025,incremental,46,-8.336,-1.1129999999999824,-131.41500000000002,0.01184956
V52_CPLUS_E8_C12_2T,9.025,incremental,47,-8.336,-1.1130000000000004,-121.69000000000001,0.03590866
V52_CPLUS_E8_C12_2T,9.025,incremental,48,-8.336,-1.112999999999997,-13.310000000000002,0.03526929
V52_CPLUS_E8_C12_2T,9.025,incremental,49,-8.336,-1.1129999999999947,-3.584999999999996,0.011738722
V52_CPLUS_E8_C12_2T,9.025,incremental,50,-8.336,2.6484591469634303e-14,-135.0,0.00047347005
V52_CPLUS_E8_C12_2T,9.025,incremental,51,-8.336,2.6484591469634303e-14,-127.83,0.022515133
V52_CPLUS_E8_C12_2T,9.025,incremental,52,-8.336,2.2848999697380665e-14,-120.16734200000002,0.036588006
V52_CPLUS_E8_C12_2T,9.025,incremental,53,-8.336,2.0298431699777173e-14,-110.40064703722899,0.016993191
V52_CPLUS_E8_C12_2T,9.025,incremental,54,-8.335999999999997,3.540482982230371e-14,-104.152342,-0.006722755
V52_CPLUS_E8_C12_2T,9.025,incremental,55,-8.335999999999997,3.4309924218806515e-14,-97.792342,-0.036792293
V52_CPLUS_E8_C12_2T,9.025,incremental,56,-8.335999999999997,3.321501861530936e-14,-91.432342,-0.06772911
V52_CPLUS_E8_C12_2T,9.025,incremental,57,-8.335999999999997,3.21201130118121e-14,-85.072342,-0.09493912
V52_CPLUS_E8_C12_2T,9.025,incremental,58,-8.335999999999997,3.047775460656634e-14,-75.532342,-0.12249347
V52_CPLUS_E8_C12_2T,9.025,incremental,59,-8.335999999999997,2.9565333270318696e-14,-70.232342,-0.12872326
V52_CPLUS_E8_C12_2T,9.025,incremental,60,-8.336,1.8166889219704507e-14,-64.932342,-0.12895294
V52_CPLUS_E8_C12_2T,9.025,incremental,61,-8.336,1.471873865091523e-14,-55.392342,-0.11352004
V52_CPLUS_E8_C12_2T,9.025,incremental,62,-8.336,1.2461537361388079e-14,-49.147342,-0.09238437
V52_CPLUS_E8_C12_2T,9.025,incremental,63,-8.336,1.050433240017279e-14,-43.732342,-0.06882236
V52_CPLUS_E8_C12_2T,9.025,incremental,64,-8.336,7.864003269669052e-15,-36.427342,-0.032877635
V52_CPLUS_E8_C12_2T,9.025,incremental,65,-8.336,5.565236223809534e-15,-30.067342,-0.0034012552
V52_CPLUS_E8_C12_2T,9.025,incremental,66,-8.336,3.608031262594242e-15,-24.652342000000004,0.016428925
V52_CPLUS_E8_C12_2T,9.025,incremental,67,-8.336,1.6923920577113162e-15,-19.352342000000018,0.029384544
V52_CPLUS_E8_C12_2T,9.025,incremental,68,-8.336,0.0,-14.34,0.03595735
V52_CPLUS_E8_C12_2T,9.025,incremental,69,-8.336,0.0,-9.56,0.028290935
V52_CPLUS_E8_C12_2T,9.025,incremental,70,-8.336,0.0,0.0,0.00049211655
V52_CPLUS_E8_C12_2T,9.025,incremental,71,-7.812000000000001,-17.0929139586129,-105.816469186063,0.0
V52_CPLUS_E8_C12_2T,9.025,incremental,72,-7.811999999999996,-17.092913958612904,-29.183530813936898,-9.013489e-18
V52_CPLUS_E8_C12_2T,9.025,incremental,73,-7.812,-15.492978896205287,-106.75890296117062,0.0030200232
V52_CPLUS_E8_C12_2T,9.025,incremental,74,-7.812,-15.2798204582039,-30.251524504657297,-0.0035335317
V52_CPLUS_E8_C12_2T,9.025,incremental,75,-7.812,-14.411382704136615,-27.603988192111693,0.005059648
V52_CPLUS_E8_C12_2T,9.025,incremental,76,-7.812000000000001,-14.36310665623189,-104.2084897988072,-0.0053785094
V52_CPLUS_E8_C12_2T,9.025,incremental,77,-7.812,-13.882985174979199,-31.0743233670013,-0.0061909533
V52_CPLUS_E8_C12_2T,9.025,incremental,78,-7.812,-13.47277645613009,-107.94889314065745,0.0071316347
V52_CPLUS_E8_C12_2T,9.025,incremental,79,-7.812,-13.4727764561304,-27.05110685934244,0.0069515994
V52_CPLUS_E8_C12_2T,9.025,incremental,80,-7.811999999999996,-11.878890892058498,-102.745174883207,-0.010376171
V52_CPLUS_E8_C12_2T,9.025,incremental,81,-7.812,-11.878890892058498,-26.112236511081203,0.010183505
V52_CPLUS_E8_C12_2T,9.025,incremental,82,-7.812,-11.665732454056492,-109.01332340453145,0.010868743
V52_CPLUS_E8_C12_2T,9.025,incremental,83,-7.812,-11.6657324540568,-32.3803850324055,-0.010674262
V52_CPLUS_E8_C12_2T,9.025,incremental,84,-7.812,-10.071846889984645,-109.95219375279255,0.014038391
V52_CPLUS_E8_C12_2T,9.025,incremental,85,-7.812000000000004,-10.071846889984903,-101.680744619333,-0.014523244
V52_CPLUS_E8_C12_2T,9.025,incremental,86,-7.812,-10.071846889984878,-33.31925538066669,-0.014362361
V52_CPLUS_E8_C12_2T,9.025,incremental,87,-7.812,-10.071846889984936,-25.047806247207227,0.013719277
V52_CPLUS_E8_C12_2T,9.025,incremental,88,-7.812,-9.310524288256177,-110.40064703722899,0.015466584
V52_CPLUS_E8_C12_2T,9.025,incremental,89,-7.812000000000001,-9.310524288256191,-101.23229133489698,-0.016483586
V52_CPLUS_E8_C12_2T,9.025,incremental,90,-7.812,-9.31052428825619,-24.5993529627705,0.015120574
V52_CPLUS_E8_C12_2T,9.025,incremental,91,-7.812,-9.088897537958932,-34.667976008101405,-0.020498546
V52_CPLUS_E8_C12_2T,9.025,incremental,92,-7.812,-8.55463887005303,-98.16181831598507,-0.03193915
V52_CPLUS_E8_C12_2T,9.025,incremental,93,-7.812000000000001,-8.546456958612909,-105.816469186063,3.1567964e-05
V52_CPLUS_E8_C12_2T,9.025,incremental,94,-7.812,-8.546456958612909,-29.183530813936898,-8.917072e-06
V52_CPLUS_E8_C12_2T,9.025,incremental,95,-7.812,-8.49179793631839,-23.788306789770097,0.017625703
V52_CPLUS_E8_C12_2T,9.025,incremental,96,-7.812,-8.092092775020351,-91.282915415362,-0.06888951
V52_CPLUS_E8_C12_2T,9.025,incremental,97,-7.812,-8.09209277502037,-85.748024584638,-0.096335754
V52_CPLUS_E8_C12_2T,9.025,incremental,98,-7.812000000000008,-8.09209277502038,-80.33302458463801,-0.11792209
V52_CPLUS_E8_C12_2T,9.025,incremental,99,-7.812,-8.09209277502037,-74.088024584638,-0.1344713
V52_CPLUS_E8_C12_2T,9.025,incremental,100,-7.812000000000008,-8.09209277502038,-68.67302458463801,-0.14037322
V52_CPLUS_E8_C12_2T,9.025,incremental,101,-7.812,-8.09209277502037,-60.30802458463801,-0.13349797
V52_CPLUS_E8_C12_2T,9.025,incremental,102,-7.812,-8.09209277502036,-53.948024584638006,-0.11602335
V52_CPLUS_E8_C12_2T,9.025,incremental,103,-7.812,-8.092092775020364,-48.533024584638014,-0.09388038
V52_CPLUS_E8_C12_2T,9.025,incremental,104,-7.812,-8.092092775020369,-40.168024584638005,-0.050069705
V52_CPLUS_E8_C12_2T,9.025,incremental,105,-7.812000000000001,-7.922494700911829,-111.775656015703,0.01973542
V52_CPLUS_E8_C12_2T,9.025,incremental,106,-7.812,-7.809337948944433,-23.1122487153286,0.019641336
V52_CPLUS_E8_C12_2T,9.025,incremental,107,-7.812000000000001,-6.597407886379829,-113.08831266499182,0.023464557
V52_CPLUS_E8_C12_2T,9.025,incremental,108,-7.811999999999996,-6.484251134412594,-21.7995920660395,0.0232718
V52_CPLUS_E8_C12_2T,9.025,incremental,109,-7.812000000000001,-5.272321071848141,-114.400969314281,0.026692482
V52_CPLUS_E8_C12_2T,9.025,incremental,110,-7.8119999999999985,-5.272321071848163,-20.599030685719203,0.026147071
V52_CPLUS_E8_C12_2T,9.025,incremental,111,-7.812,-4.2968123576235495,-115.799328262646,0.02971006
V52_CPLUS_E8_C12_2T,9.025,incremental,112,-7.812,-4.0965275453110905,-18.913570191837902,0.029672995
V52_CPLUS_E8_C12_2T,9.025,incremental,113,-7.812,-4.046046387510175,-67.5,-0.14122099
V52_CPLUS_E8_C12_2T,9.025,incremental,114,-7.812,-3.25661797523893,-117.29041194179298,0.032643832
V52_CPLUS_E8_C12_2T,9.025,incremental,115,-7.812,-3.16031484583146,-17.425562503493605,0.03254263
V52_CPLUS_E8_C12_2T,9.025,incremental,116,-7.812,-2.226,-135.0,2.2844082e-17
V52_CPLUS_E8_C12_2T,9.025,incremental,117,-7.812,-2.226,-127.83,0.022603894
V52_CPLUS_E8_C12_2T,9.025,incremental,118,-7.812000000000001,-2.226,-120.33,0.03738249
V52_CPLUS_E8_C12_2T,9.025,incremental,119,-7.8119999999999985,-2.226,-14.670000000000003,0.036683965
V52_CPLUS_E8_C12_2T,9.025,incremental,120,-7.812000000000008,-2.226,-7.16999999999999,0.022142736
V52_CPLUS_E8_C12_2T,9.025,incremental,121,-7.812000000000008,-2.226,8.881784197001252e-15,-2.0490828e-16
V52_CPLUS_E8_C12_2T,9.025,incremental,122,-7.812,-1.113674,-135.0,0.0002507578
V52_CPLUS_E8_C12_2T,9.025,incremental,123,-7.812,-1.113674,-127.83,0.022598322
V52_CPLUS_E8_C12_2T,9.025,incremental,124,-7.812000000000001,-1.1136740000000003,-120.33,0.036991734
V52_CPLUS_E8_C12_2T,9.025,incremental,125,-7.812,-1.113674,-11.95,0.033276696
V52_CPLUS_E8_C12_2T,9.025,incremental,126,-7.812,-1.113674,0.0,0.00023333388
V52_CPLUS_E8_C12_2T,9.025,incremental,127,-7.812,-1.113000000000002,-121.69000000000001,0.03591673
V52_CPLUS_E8_C12_2T,9.025,incremental,128,-7.812,-1.112999999999989,-5.974999999999999,0.018858716
V52_CPLUS_E8_C12_2T,9.025,incremental,129,-7.812,-0.37767400000001,-135.0,0.00041572808
V52_CPLUS_E8_C12_2T,9.025,incremental,130,-7.812,-0.37767400000001006,-132.61,0.008055032
V52_CPLUS_E8_C12_2T,9.025,incremental,131,-7.812,-0.37767400000001,-123.05000000000001,0.03388491
V52_CPLUS_E8_C12_2T,9.025,incremental,132,-7.812,-0.37767400000001,-91.282915415362,-0.07208173
V52_CPLUS_E8_C12_2T,9.025,incremental,133,-7.812,-0.37767400000001,-81.282915415362,-0.11718788
V52_CPLUS_E8_C12_2T,9.025,incremental,134,-7.812,-0.37767400000001,-48.717084584638,-0.0979699
V52_CPLUS_E8_C12_2T,9.025,incremental,135,-7.812,-0.37767400000001,-11.95,0.033253152
V52_CPLUS_E8_C12_2T,9.025,incremental,136,-7.812,2.6484591469634303e-14,-127.83,0.022593573
V52_CPLUS_E8_C12_2T,9.025,incremental,137,-7.812000000000001,0.0,-120.33,0.036622234
V52_CPLUS_E8_C12_2T,9.025,incremental,138,-7.812000000000001,2.1343112273271128e-15,-114.425,0.027596846
V52_CPLUS_E8_C12_2T,9.025,incremental,139,-7.812000000000001,4.049950432210035e-15,-109.12500000000001,0.012710858
V52_CPLUS_E8_C12_2T,9.025,incremental,140,-7.812000000000001,1.5731756482091055e-14,-103.82500000000002,-0.008271584
V52_CPLUS_E8_C12_2T,9.025,incremental,141,-7.812,5.329070518200752e-15,-96.282915415362,-0.0453614
V52_CPLUS_E8_C12_2T,9.025,incremental,142,-7.812,1.966338120633735e-14,-86.282915415362,-0.09702223
V52_CPLUS_E8_C12_2T,9.025,incremental,143,-7.812,1.573175648209105e-14,-77.325,-0.12910695
V52_CPLUS_E8_C12_2T,9.025,incremental,144,-7.812,1.573175648209105e-14,-69.905,-0.14087233
V52_CPLUS_E8_C12_2T,9.025,incremental,145,-7.812000000000001,1.7282318600278732e-14,-62.48500000000001,-0.13855696
V52_CPLUS_E8_C12_2T,9.025,incremental,146,-7.812000000000001,1.460042371344263e-14,-55.065,-0.12195312
V52_CPLUS_E8_C12_2T,9.025,incremental,147,-7.812,1.4547473508864644e-14,-43.717084584638,-0.072722495
V52_CPLUS_E8_C12_2T,9.025,incremental,148,-7.812000000000001,8.42881250148489e-15,-37.99,-0.041741136
V52_CPLUS_E8_C12_2T,9.025,incremental,149,-7.812000000000001,6.130045455625373e-15,-31.63,-0.010301299
V52_CPLUS_E8_C12_2T,9.025,incremental,150,-7.812000000000001,3.4481505687892734e-15,-24.21,0.017771311
V52_CPLUS_E8_C12_2T,9.025,incremental,151,-7.812000000000001,4.246935973089513e-16,-15.845,0.034985855
V52_CPLUS_E8_C12_2T,9.025,incremental,152,-7.812,0.0,-7.17,0.022138188
V52_CPLUS_E8_C12_2T,9.025,incremental,153,-7.812,0.0,0.0,0.00045727208
V52_CPLUS_E8_C12_2T,9.025,incremental,154,-7.466782174380829,-0.37767400000001006,-29.183530813936898,8.776166e-05
V52_CPLUS_E8_C12_2T,9.025,incremental,155,-7.447398484665459,-0.37767400000001006,-96.282915415362,-0.045022767
V52_CPLUS_E8_C12_2T,9.025,incremental,156,-7.447398484665459,-0.37767400000001006,-91.282915415362,-0.072552174
V52_CPLUS_E8_C12_2T,9.025,incremental,157,-7.447398484665459,-0.37767400000001006,-86.282915415362,-0.09837412
V52_CPLUS_E8_C12_2T,9.025,incremental,158,-7.447398484665459,-0.37767400000001006,-81.282915415362,-0.11893611
V52_CPLUS_E8_C12_2T,9.025,incremental,159,-7.447398484665459,-0.37767400000001006,-76.282915415362,-0.1335128
V52_CPLUS_E8_C12_2T,9.025,incremental,160,-7.447398484665459,-0.37767400000001006,-71.282915415362,-0.14236215
V52_CPLUS_E8_C12_2T,9.025,incremental,161,-7.4473984846654515,-0.37767400000001006,-63.717084584638,-0.14251809
V52_CPLUS_E8_C12_2T,9.025,incremental,162,-7.4473984846654515,-0.37767400000001006,-58.717084584638,-0.13371406
V52_CPLUS_E8_C12_2T,9.025,incremental,163,-7.4473984846654515,-0.37767400000001006,-53.717084584638,-0.119269006
V52_CPLUS_E8_C12_2T,9.025,incremental,164,-7.4473984846654515,-0.37767400000001006,-48.717084584638,-0.099579155
V52_CPLUS_E8_C12_2T,9.025,incremental,165,-7.4473984846654515,-0.37767400000001006,-43.717084584638,-0.072948046
V52_CPLUS_E8_C12_2T,9.025,incremental,166,-7.4473984846654515,-0.37767400000001006,-38.717084584638,-0.04525444
V52_CPLUS_E8_C12_2T,9.025,incremental,167,-6.69,-1.113674,-135.0,0.0004152787
V52_CPLUS_E8_C12_2T,9.025,incremental,168,-6.69,-1.113674,-127.83,0.022582263
V52_CPLUS_E8_C12_2T,9.025,incremental,169,-6.69,-1.1136740000000003,-120.33,0.03654854
V52_CPLUS_E8_C12_2T,9.025,incremental,170,-6.69,-1.113674,-11.95,0.03359146
V52_CPLUS_E8_C12_2T,9.025,incremental,171,-6.69,-1.113674,-7.17,0.022205524
V52_CPLUS_E8_C12_2T,9.025,incremental,172,-6.69,-1.113674,0.0,0.00026197775
V52_CPLUS_E8_C12_2T,9.025,incremental,173,-6.69,-0.3776740000000001,-135.0,0.00042725488
V52_CPLUS_E8_C12_2T,9.025,incremental,174,-6.69,-0.37767400000001,-129.53347158218125,0.017642317
V52_CPLUS_E8_C12_2T,9.025,incremental,175,-6.69,-0.377674,-123.05000000000001,0.03414956
V52_CPLUS_E8_C12_2T,9.025,incremental,176,-6.69,-0.37767400000001006,-114.81596606646588,0.028271189
V52_CPLUS_E8_C12_2T,9.025,incremental,177,-6.69,-0.37767400000001006,-108.108558,0.009007172
V52_CPLUS_E8_C12_2T,9.025,incremental,178,-6.69,-0.37767400000001006,-100.52143626811278,-0.023060054
V52_CPLUS_E8_C12_2T,9.025,incremental,179,-6.69,-0.37767400000001006,-93.76971700000001,-0.058497116
V52_CPLUS_E8_C12_2T,9.025,incremental,180,-6.69,-0.37767400000001006,-85.56478945530056,-0.104553595
V52_CPLUS_E8_C12_2T,9.025,incremental,181,-6.69,-0.37767400000001006,-78.754407,-0.13285634
V52_CPLUS_E8_C12_2T,9.025,incremental,182,-6.69,-0.37767400000001006,-72.00104137542344,-0.14508986
V52_CPLUS_E8_C12_2T,9.025,incremental,183,-6.69,-0.37767400000001006,-61.24559299999999,-0.14222042
V52_CPLUS_E8_C12_2T,9.025,incremental,184,-6.69,-0.37767400000001006,-56.245593,-0.13175946
V52_CPLUS_E8_C12_2T,9.025,incremental,185,-6.69,-0.37767400000001006,-51.245593,-0.115502395
V52_CPLUS_E8_C12_2T,9.025,incremental,186,-6.69,-0.37767400000001006,-46.245593,-0.09008751
V52_CPLUS_E8_C12_2T,9.025,incremental,187,-6.69,-0.37767400000001006,-39.435210544699444,-0.048800472
V52_CPLUS_E8_C12_2T,9.025,incremental,188,-6.69,-0.37767400000001006,-29.183530813936898,0.00014827789
V52_CPLUS_E8_C12_2T,9.025,incremental,189,-6.69,-0.37767400000001006,-22.599192000000002,0.022265917
V52_CPLUS_E8_C12_2T,9.025,incremental,190,-6.69,-0.37767400000001006,-17.273026639708842,0.03283193
V52_CPLUS_E8_C12_2T,9.025,incremental,191,-6.69,-0.37767400000001,-11.95,0.033605605
V52_CPLUS_E8_C12_2T,9.025,incremental,192,-6.69,-0.37767400000001,-5.466528417818731,0.0173036
V52_CPLUS_E8_C12_2T,9.025,incremental,193,-6.69,-0.37767400000001,0.0,0.0002829997
V52_CPLUS_E8_C12_2T,9.025,incremental,194,-4.94,-1.113674,-135.0,0.0004221352
V52_CPLUS_E8_C12_2T,9.025,incremental,195,-4.94,-1.113674,-123.05000000000001,0.034357943
V52_CPLUS_E8_C12_2T,9.025,incremental,196,-4.94,-1.113674,-11.95,0.034004103
V52_CPLUS_E8_C12_2T,9.025,incremental,197,-4.94,-1.113674,0.0,0.00032502526
V52_CPLUS_E8_C12_2T,9.025,incremental,198,-4.94,-0.3776740000000001,-135.0,0.0004166277
V52_CPLUS_E8_C12_2T,9.025,incremental,199,-4.94,-0.37767400000001,-128.46268305171532,0.020711856
V52_CPLUS_E8_C12_2T,9.025,incremental,200,-4.94,-0.37767400000001006,-120.33,0.036147464
V52_CPLUS_E8_C12_2T,9.025,incremental,201,-4.94,-0.37767400000001006,-112.93029271677838,0.023839662
V52_CPLUS_E8_C12_2T,9.025,incremental,202,-4.94,-0.37767400000001006,-104.13765460562611,-0.006604643
V52_CPLUS_E8_C12_2T,9.025,incremental,203,-4.94,-0.37767400000001006,-96.282915415362,-0.04439334
V52_CPLUS_E8_C12_2T,9.025,incremental,204,-4.94,-0.37767400000001006,-88.75440700000001,-0.0939148
V52_CPLUS_E8_C12_2T,9.025,incremental,205,-4.94,-0.37767400000001006,-81.282915415362,-0.12840346
V52_CPLUS_E8_C12_2T,9.025,incremental,206,-4.94,-0.37767400000001006,-74.44471777071274,-0.14741124
V52_CPLUS_E8_C12_2T,9.025,incremental,207,-4.94,-0.37767400000001006,-67.4614915,-0.16906145
V52_CPLUS_E8_C12_2T,9.025,incremental,208,-4.94,-0.37767400000001006,-60.55528222928728,-0.14795025
V52_CPLUS_E8_C12_2T,9.025,incremental,209,-4.94,-0.37767400000001006,-53.717084584638,-0.12829709
V52_CPLUS_E8_C12_2T,9.025,incremental,210,-4.94,-0.37767400000001006,-46.245593,-0.093442835
V52_CPLUS_E8_C12_2T,9.025,incremental,211,-4.94,-0.37767400000001006,-38.717084584637995,-0.044406228
V52_CPLUS_E8_C12_2T,9.025,incremental,212,-4.94,-0.37767400000001006,-33.76119825980674,-0.019535132
V52_CPLUS_E8_C12_2T,9.025,incremental,213,-4.94,-0.37767400000001006,-27.49820582820343,0.0067449
V52_CPLUS_E8_C12_2T,9.025,incremental,214,-4.94,-0.37767400000001006,-22.06970728322193,0.023692537
V52_CPLUS_E8_C12_2T,9.025,incremental,215,-4.94,-0.37767400000001006,-16.59211533634704,0.03379003
V52_CPLUS_E8_C12_2T,9.025,incremental,216,-4.94,-0.37767400000001,-7.17,0.022338996
V52_CPLUS_E8_C12_2T,9.025,incremental,217,-4.94,-0.3776740000000001,0.0,0.00031939946
V52_CPLUS_E8_C12_2T,9.025,incremental,218,-4.158246575342493,-0.37767400000001006,-123.05000000000001,0.03436577
V52_CPLUS_E8_C12_2T,9.025,incremental,219,-4.158246575342464,-0.37767400000001,-11.95,0.034120366
V52_CPLUS_E8_C12_2T,9.025,incremental,220,-3.994254470250221,-4.369780326643712,-105.816469186063,0.00016391705
V52_CPLUS_E8_C12_2T,9.025,incremental,221,-3.9129752756906697,-0.37767400000001006,-98.7620226354387,-0.031438056
V52_CPLUS_E8_C12_2T,9.025,incremental,222,-3.912975275690793,-0.37767400000001,-36.23797736456137,-0.031377673
V52_CPLUS_E8_C12_2T,9.025,incremental,223,-3.9059999999999975,-17.0929139586129,-105.816469186063,-0.00012495108
V52_CPLUS_E8_C12_2T,9.025,incremental,224,-3.906,-17.0929139586129,-29.183530813936898,-0.00012147469
V52_CPLUS_E8_C12_2T,9.025,incremental,225,-3.906,-12.819685458612907,-105.816469186063,3.804665e-05
V52_CPLUS_E8_C12_2T,9.025,incremental,226,-3.906,-12.819685458612907,-29.183530813936898,4.276361e-05
V52_CPLUS_E8_C12_2T,9.025,incremental,227,-3.9059999999999975,-9.768204465699526,-110.13105280959199,0.015227327
V52_CPLUS_E8_C12_2T,9.025,incremental,228,-3.9059999999999975,-9.768204465699528,-24.868947190408,0.015036714
V52_CPLUS_E8_C12_2T,9.025,incremental,229,-3.906000000000004,-9.3105242882562,-101.23229133489698,-0.016280258
V52_CPLUS_E8_C12_2T,9.025,incremental,230,-3.905999999999999,-9.310524288256198,-33.7677086651033,-0.016179107
V52_CPLUS_E8_C12_2T,9.025,incremental,231,-3.906,-8.09209277502036,-96.28291558463799,-0.046229873
V52_CPLUS_E8_C12_2T,9.025,incremental,232,-3.9059999999999993,-8.09209277502036,-91.282915584638,-0.07425366
V52_CPLUS_E8_C12_2T,9.025,incremental,233,-3.906,-8.09209277502036,-86.282915584638,-0.10242662
V52_CPLUS_E8_C12_2T,9.025,incremental,234,-3.9059999999999993,-8.09209277502036,-81.282915584638,-0.12497383
V52_CPLUS_E8_C12_2T,9.025,incremental,235,-3.906,-8.09209277502036,-76.282915584638,-0.14168371
V52_CPLUS_E8_C12_2T,9.025,incremental,236,-3.906,-8.09209277502036,-71.282915584638,-0.14999066
V52_CPLUS_E8_C12_2T,9.025,incremental,237,-3.9060000000000024,-8.09209277502036,-63.717084584638,-0.1503024
V52_CPLUS_E8_C12_2T,9.025,incremental,238,-3.905999999999998,-8.09209277502037,-58.717084584638,-0.1416698
V52_CPLUS_E8_C12_2T,9.025,incremental,239,-3.9060000000000024,-8.09209277502036,-53.717084584638,-0.1249781
V52_CPLUS_E8_C12_2T,9.025,incremental,240,-3.9059999999999993,-8.09209277502037,-48.717084584637995,-0.10227489
V52_CPLUS_E8_C12_2T,9.025,incremental,241,-3.9059999999999797,-8.09209277502037,-43.717084584638016,-0.074008636
V52_CPLUS_E8_C12_2T,9.025,incremental,242,-3.906,-8.09209277502037,-38.717084584638,-0.046147916
V52_CPLUS_E8_C12_2T,9.025,incremental,243,-3.906000000000008,-6.047804680468493,-113.63276023989701,0.026309136
V52_CPLUS_E8_C12_2T,9.025,incremental,244,-3.905999999999998,-6.047804680468505,-21.367239760103406,0.026251474
V52_CPLUS_E8_C12_2T,9.025,incremental,245,-3.9059999999999953,-4.655262144128083,-101.23229133489698,-0.017265826
V52_CPLUS_E8_C12_2T,9.025,incremental,246,-3.9059999999999953,-4.655262144128094,-33.76770866510331,-0.017164918
V52_CPLUS_E8_C12_2T,9.025,incremental,247,-3.906,-4.273228479306448,-29.183530813936898,0.00018225948
V52_CPLUS_E8_C12_2T,9.025,incremental,248,-3.906,-4.046046387510177,-96.282915415362,-0.044191748
V52_CPLUS_E8_C12_2T,9.025,incremental,249,-3.906,-4.046046387510177,-91.282915415362,-0.0715842
V52_CPLUS_E8_C12_2T,9.025,incremental,250,-3.906,-4.046046387510177,-86.282915415362,-0.09746516
V52_CPLUS_E8_C12_2T,9.025,incremental,251,-3.906,-4.046046387510177,-81.282915415362,-0.11777073
V52_CPLUS_E8_C12_2T,9.025,incremental,252,-3.906,-4.046046387510177,-76.282915415362,-0.13243437
V52_CPLUS_E8_C12_2T,9.025,incremental,253,-3.906,-4.046046387510177,-71.282915415362,-0.14135414
V52_CPLUS_E8_C12_2T,9.025,incremental,254,-3.9059999999999975,-4.04604638751018,-63.717084584638,-0.14134955
V52_CPLUS_E8_C12_2T,9.025,incremental,255,-3.9059999999999975,-4.04604638751018,-58.71708458463801,-0.13243559
V52_CPLUS_E8_C12_2T,9.025,incremental,256,-3.9059999999999975,-4.04604638751018,-53.717084584638,-0.11772149
V52_CPLUS_E8_C12_2T,9.025,incremental,257,-3.9059999999999975,-4.04604638751018,-48.717084584638016,-0.09737106
V52_CPLUS_E8_C12_2T,9.025,incremental,258,-3.9059999999999975,-4.04604638751018,-43.717084584638,-0.07149319
V52_CPLUS_E8_C12_2T,9.025,incremental,259,-3.9059999999999975,-4.04604638751018,-38.71708458463801,-0.044113178
V52_CPLUS_E8_C12_2T,9.025,incremental,260,-3.906,-2.226,-130.21999999999997,0.01544436
V52_CPLUS_E8_C12_2T,9.025,incremental,261,-3.9060000000000006,-2.226,-125.44,0.02891946
V52_CPLUS_E8_C12_2T,9.025,incremental,262,-3.906000000000001,-2.226000000000005,-120.33,0.03603665
V52_CPLUS_E8_C12_2T,9.025,incremental,263,-3.905999999999998,-2.2260000000000058,-14.670000000000002,0.03568768
V52_CPLUS_E8_C12_2T,9.025,incremental,264,-3.906,-2.226,-7.17,0.022418113
V52_CPLUS_E8_C12_2T,9.025,incremental,265,-3.906,-2.226,0.0,0.00037579463
V52_CPLUS_E8_C12_2T,9.025,incremental,266,-3.906,-1.113674,-135.0,0.00036930488
V52_CPLUS_E8_C12_2T,9.025,incremental,267,-3.9060000000000006,-1.113674,-125.44,0.028919648
V52_CPLUS_E8_C12_2T,9.025,incremental,268,-3.9060000000000006,-1.1136740000000003,-120.33,0.036038194
V52_CPLUS_E8_C12_2T,9.025,incremental,269,-3.906,-1.113674,-14.67,0.035688918
V52_CPLUS_E8_C12_2T,9.025,incremental,270,-3.906,-1.113674,-9.56,0.028882928
V52_CPLUS_E8_C12_2T,9.025,incremental,271,-3.906,-1.113674,0.0,0.00037599678
V52_CPLUS_E8_C12_2T,9.025,incremental,272,-3.906000000000009,-0.37767400000001,-132.61,0.0080046
V52_CPLUS_E8_C12_2T,9.025,incremental,273,-3.906000000000015,-0.37767400000001006,-118.8102059708965,0.034501407
V52_CPLUS_E8_C12_2T,9.025,incremental,274,-3.90599999999999,-0.37767400000001006,-108.10855811164652,0.009036263
V52_CPLUS_E8_C12_2T,9.025,incremental,275,-3.9060000000000112,-0.37767400000001,-93.782915415362,-0.05891785
V52_CPLUS_E8_C12_2T,9.025,incremental,276,-3.906,-0.37767400000001,-88.78291541536201,-0.09414436
V52_CPLUS_E8_C12_2T,9.025,incremental,277,-3.906000000000003,-0.37767400000001,-83.782915415362,-0.12062674
V52_CPLUS_E8_C12_2T,9.025,incremental,278,-3.905999999999997,-0.37767400000001,-78.782915415362,-0.13900572
V52_CPLUS_E8_C12_2T,9.025,incremental,279,-3.906000000000003,-0.37767400000001,-73.782915415362,-0.15026157
V52_CPLUS_E8_C12_2T,9.025,incremental,280,-3.905999999999997,-0.37767400000001,-67.5,-0.17050746
V52_CPLUS_E8_C12_2T,9.025,incremental,281,-3.906000000000003,-0.37767400000001,-61.217084584637995,-0.1502357
V52_CPLUS_E8_C12_2T,9.025,incremental,282,-3.905999999999997,-0.37767400000001,-56.21708458463801,-0.13894135
V52_CPLUS_E8_C12_2T,9.025,incremental,283,-3.906000000000003,-0.37767400000001,-51.217084584637995,-0.12057843
V52_CPLUS_E8_C12_2T,9.025,incremental,284,-3.906000000000002,-0.37767400000001,-46.21708458463801,-0.09407078
V52_CPLUS_E8_C12_2T,9.025,incremental,285,-3.906,-0.37767400000001,-41.217084584638,-0.058809258
V52_CPLUS_E8_C12_2T,9.025,incremental,286,-3.9059999999999917,-0.37767400000001,-26.8914418883537,0.009009357
V52_CPLUS_E8_C12_2T,9.025,incremental,287,-3.90600000000001,-0.37767400000001,-16.18979402910355,0.03429313
V52_CPLUS_E8_C12_2T,9.025,incremental,288,-3.905999999999987,-0.37767400000001,-2.39,0.00797327
V52_CPLUS_E8_C12_2T,9.025,incremental,289,-3.6537534246575065,-0.37767400000001006,-123.05000000000001,0.034337908
V52_CPLUS_E8_C12_2T,9.025,incremental,290,-3.65375342465752,-0.37767400000001,-11.95,0.034169957
V52_CPLUS_E8_C12_2T,9.025,incremental,291,-2.872,-1.113674,-135.0,0.00031340047
V52_CPLUS_E8_C12_2T,9.025,incremental,292,-2.872,-1.113674,-127.83,0.022412008
V52_CPLUS_E8_C12_2T,9.025,incremental,293,-2.872,-1.1136740000000003,-120.33,0.0360327
V52_CPLUS_E8_C12_2T,9.025,incremental,294,-2.872,-1.113674,-14.67,0.035891257
V52_CPLUS_E8_C12_2T,9.025,incremental,295,-2.872,-1.113674,-4.78,0.015457751
V52_CPLUS_E8_C12_2T,9.025,incremental,296,-2.872,-0.3776740000000001,-135.0,0.000307624
V52_CPLUS_E8_C12_2T,9.025,incremental,297,-2.872,-0.3776740000000001,-127.83,0.022412017
V52_CPLUS_E8_C12_2T,9.025,incremental,298,-2.872,-0.37767400000001006,-120.33,0.03603874
V52_CPLUS_E8_C12_2T,9.025,incremental,299,-2.872,-0.37767400000001006,-114.40096931428103,0.027222166
V52_CPLUS_E8_C12_2T,9.025,incremental,300,-2.872,-0.37767400000001006,-105.816469186063,0.00034702168
V52_CPLUS_E8_C12_2T,9.025,incremental,301,-2.872,-0.37767400000001006,-96.282915415362,-0.044554066
V52_CPLUS_E8_C12_2T,9.025,incremental,302,-2.872,-0.37767400000001006,-91.282915415362,-0.07542298
V52_CPLUS_E8_C12_2T,9.025,incremental,303,-2.872,-0.37767400000001006,-86.282915415362,-0.108048
V52_CPLUS_E8_C12_2T,9.025,incremental,304,-2.872,-0.37767400000001006,-79.44471777071274,-0.13509458
V52_CPLUS_E8_C12_2T,9.025,incremental,305,-2.872,-0.37767400000001006,-73.754407,-0.14937216
V52_CPLUS_E8_C12_2T,9.025,incremental,306,-2.872,-0.37767400000001006,-67.4614915,-0.16915135
V52_CPLUS_E8_C12_2T,9.025,incremental,307,-2.872,-0.37767400000001006,-61.24559299999999,-0.14874744
V52_CPLUS_E8_C12_2T,9.025,incremental,308,-2.872,-0.37767400000001006,-55.55528222928725,-0.13625886
V52_CPLUS_E8_C12_2T,9.025,incremental,309,-2.872,-0.37767400000001006,-48.717084584638,-0.106990024
V52_CPLUS_E8_C12_2T,9.025,incremental,310,-2.872,-0.37767400000001006,-41.878886939988746,-0.06280986
V52_CPLUS_E8_C12_2T,9.025,incremental,311,-2.872,-0.37767400000001006,-35.57609663685105,-0.028148223
V52_CPLUS_E8_C12_2T,9.025,incremental,312,-2.872,-0.37767400000001006,-24.5993529627705,0.016729724
V52_CPLUS_E8_C12_2T,9.025,incremental,313,-2.872,-0.37767400000001006,-17.7095880582071,0.032508526
V52_CPLUS_E8_C12_2T,9.025,incremental,314,-2.872,-0.37767400000001,-12.791362007168463,0.035429444
V52_CPLUS_E8_C12_2T,9.025,incremental,315,-2.872,-0.37767400000001,-7.802683051715303,0.024261653
V52_CPLUS_E8_C12_2T,9.025,incremental,316,-2.872,-0.3776740000000001,0.0,0.00041707006
V52_CPLUS_E8_C12_2T,9.025,incremental,317,-1.122,-1.113674,-135.0,0.0002517591
V52_CPLUS_E8_C12_2T,9.025,incremental,318,-1.1219999999999999,-1.113674,-130.21999999999997,0.015360757
V52_CPLUS_E8_C12_2T,9.025,incremental,319,-1.122,-1.113674,-125.44,0.028620955
V52_CPLUS_E8_C12_2T,9.025,incremental,320,-1.1220000000000003,-1.1136740000000003,-120.33,0.036276486
V52_CPLUS_E8_C12_2T,9.025,incremental,321,-1.122,-1.113674,-14.67,0.03647947
V52_CPLUS_E8_C12_2T,9.025,incremental,322,-1.122,-1.113674,-9.56,0.028888024
V52_CPLUS_E8_C12_2T,9.025,incremental,323,-1.122,-1.113674,-2.39,0.008076967
V52_CPLUS_E8_C12_2T,9.025,incremental,324,-1.122,-0.3776740000000001,-135.0,0.00027350403
V52_CPLUS_E8_C12_2T,9.025,incremental,325,-1.1220000000000003,-0.37767400000001,-126.12652841781875,0.026930634
V52_CPLUS_E8_C12_2T,9.025,incremental,326,-1.1220000000000003,-0.37767400000001006,-119.89343858150177,0.035799127
V52_CPLUS_E8_C12_2T,9.025,incremental,327,-1.1220000000000003,-0.37767400000001006,-113.82642225912853,0.02593775
V52_CPLUS_E8_C12_2T,9.025,incremental,328,-1.1220000000000003,-0.37767400000001006,-105.15806576197079,-0.002362424
V52_CPLUS_E8_C12_2T,9.025,incremental,329,-1.1220000000000003,-0.37767400000001006,-98.744405,-0.03204407
V52_CPLUS_E8_C12_2T,9.025,incremental,330,-1.1220000000000003,-0.37767400000001006,-93.76971700000001,-0.059113164
V52_CPLUS_E8_C12_2T,9.025,incremental,331,-1.1220000000000003,-0.37767400000001006,-88.75440700000001,-0.09036788
V52_CPLUS_E8_C12_2T,9.025,incremental,332,-1.1220000000000003,-0.37767400000001006,-83.754407,-0.11577219
V52_CPLUS_E8_C12_2T,9.025,incremental,333,-1.1220000000000003,-0.37767400000001006,-77.00104137542344,-0.13650219
V52_CPLUS_E8_C12_2T,9.025,incremental,334,-1.1220000000000003,-0.37767400000001006,-72.00104137542344,-0.14564168
V52_CPLUS_E8_C12_2T,9.025,incremental,335,-1.1220000000000003,-0.37767400000001006,-61.24559299999999,-0.14173214
V52_CPLUS_E8_C12_2T,9.025,incremental,336,-1.1220000000000003,-0.37767400000001006,-56.245593,-0.13303243
V52_CPLUS_E8_C12_2T,9.025,incremental,337,-1.1220000000000003,-0.37767400000001006,-51.245593,-0.11255926
V52_CPLUS_E8_C12_2T,9.025,incremental,338,-1.1220000000000003,-0.37767400000001006,-46.245593,-0.09024755
V52_CPLUS_E8_C12_2T,9.025,incremental,339,-1.1220000000000003,-0.37767400000001006,-41.230283,-0.058598228
V52_CPLUS_E8_C12_2T,9.025,incremental,340,-1.1220000000000003,-0.37767400000001006,-31.49767250000001,-0.009250144
V52_CPLUS_E8_C12_2T,9.025,incremental,341,-1.1220000000000003,-0.37767400000001006,-22.599191999999995,0.022656946
V52_CPLUS_E8_C12_2T,9.025,incremental,342,-1.1220000000000003,-0.37767400000001006,-17.273026639708853,0.033337727
V52_CPLUS_E8_C12_2T,9.025,incremental,343,-1.122,-0.37767400000001,-11.95,0.03410479
V52_CPLUS_E8_C12_2T,9.025,incremental,344,-1.1220000000000003,-0.37767400000001,-5.466528417818748,0.017636027
V52_CPLUS_E8_C12_2T,9.025,incremental,345,-1.122,-0.37767400000001,0.0,0.00042170915
V52_CPLUS_E8_C12_2T,9.025,incremental,346,-0.36460151533454066,-0.37767400000001006,-96.282915415362,-0.045536537
V52_CPLUS_E8_C12_2T,9.025,incremental,347,-0.36460151533454066,-0.37767400000001006,-91.282915415362,-0.07328554
V52_CPLUS_E8_C12_2T,9.025,incremental,348,-0.36460151533454066,-0.37767400000001006,-86.282915415362,-0.09992536
V52_CPLUS_E8_C12_2T,9.025,incremental,349,-0.36460151533454066,-0.37767400000001006,-81.282915415362,-0.119585976
V52_CPLUS_E8_C12_2T,9.025,incremental,350,-0.3646015153345409,-0.3776740000000104,-76.282915415362,-0.13399652
V52_CPLUS_E8_C12_2T,9.025,incremental,351,-0.3646015153345409,-0.3776740000000104,-71.282915415362,-0.14280699
V52_CPLUS_E8_C12_2T,9.025,incremental,352,-0.36460151533454876,-0.37767400000001006,-63.717084584638,-0.14264505
V52_CPLUS_E8_C12_2T,9.025,incremental,353,-0.36460151533454876,-0.37767400000001006,-58.717084584638,-0.13378827
V52_CPLUS_E8_C12_2T,9.025,incremental,354,-0.36460151533454965,-0.37767400000001006,-53.717084584638,-0.11915363
V52_CPLUS_E8_C12_2T,9.025,incremental,355,-0.36460151533454965,-0.37767400000001006,-48.717084584638016,-0.09853886
V52_CPLUS_E8_C12_2T,9.025,incremental,356,-0.36460151533454965,-0.37767400000001006,-43.717084584638,-0.07270149
V52_CPLUS_E8_C12_2T,9.025,incremental,357,-0.36460151533454965,-0.37767400000001006,-38.717084584638,-0.045153916
V52_CPLUS_E8_C12_2T,9.025,incremental,358,-0.34521782561916925,-0.3776740000000098,-105.816469186063,0.00022371262
V52_CPLUS_E8_C12_2T,9.025,incremental,359,-0.34521782561916925,-0.3776740000000098,-29.183530813936898,0.00033208416
V52_CPLUS_E8_C12_2T,9.025,incremental,360,-4.440892098500626e-15,-17.092913958612904,-105.816469186063,0.0
V52_CPLUS_E8_C12_2T,9.025,incremental,361,-4.440892098500626e-15,-17.092913958612904,-29.183530813936898,9.025791e-18
V52_CPLUS_E8_C12_2T,9.025,incremental,362,5.773159728050813e-15,-15.492978896205498,-104.874035410956,-0.003176862
V52_CPLUS_E8_C12_2T,9.025,incremental,363,6.5503158452884236e-15,-15.492978896205498,-30.125964589044507,-0.003207206
V52_CPLUS_E8_C12_2T,9.025,incremental,364,0.0,-14.411382704136601,-107.39601180788802,0.005133863
V52_CPLUS_E8_C12_2T,9.025,incremental,365,0.0,-14.411382704136601,-27.6039881921117,0.0052304585
V52_CPLUS_E8_C12_2T,9.025,incremental,366,0.0,-13.4727764561304,-103.684045231469,-0.0070932712
V52_CPLUS_E8_C12_2T,9.025,incremental,367,0.0,-13.472776456130378,-31.315954768531373,-0.007145233
V52_CPLUS_E8_C12_2T,9.025,incremental,368,3.1086244689504383e-15,-11.878890892058394,-102.745174883207,-0.010363811
V52_CPLUS_E8_C12_2T,9.025,incremental,369,0.0,-11.878890892058498,-26.112236511081203,0.010512668
V52_CPLUS_E8_C12_2T,9.025,incremental,370,0.0,-11.665732454056494,-109.01332340453145,0.01075217
V52_CPLUS_E8_C12_2T,9.025,incremental,371,0.0,-11.665732454056775,-32.38038503240548,-0.010875666
V52_CPLUS_E8_C12_2T,9.025,incremental,372,0.0,-10.071846889984645,-109.95219375279255,0.013894293
V52_CPLUS_E8_C12_2T,9.025,incremental,373,8.881784197001252e-15,-10.0718468899849,-101.68074461933298,-0.01455813
V52_CPLUS_E8_C12_2T,9.025,incremental,374,0.0,-10.071846889984874,-33.31925538066669,-0.014587051
V52_CPLUS_E8_C12_2T,9.025,incremental,375,0.0,-10.0718468899849,-25.047806247207202,0.0141486535
V52_CPLUS_E8_C12_2T,9.025,incremental,376,-7.771561172376095e-16,-9.310524288256191,-110.40064703722899,0.015309755
V52_CPLUS_E8_C12_2T,9.025,incremental,377,0.0,-9.310524288256179,-24.5993529627705,0.015585128
V52_CPLUS_E8_C12_2T,9.025,incremental,378,6.550315845288423e-15,-9.088897537958939,-100.33202399189898,-0.020745328
V52_CPLUS_E8_C12_2T,9.025,incremental,379,0.0,-9.061407718357515,-34.7796420719627,-0.021275073
V52_CPLUS_E8_C12_2T,9.025,incremental,380,0.0,-8.546456958612909,-105.816469186063,0.00015141796
V52_CPLUS_E8_C12_2T,9.025,incremental,381,0.0,-8.546456958612909,-29.183530813936898,0.00021314519
V52_CPLUS_E8_C12_2T,9.025,incremental,382,0.0,-8.4917979363184,-23.78830678977009,0.018141832
V52_CPLUS_E8_C12_2T,9.025,incremental,383,7.993605777301127e-15,-8.328744265502182,-97.24421457382029,-0.03730583
V52_CPLUS_E8_C12_2T,9.025,incremental,384,0.0,-8.09209277502036,-91.282915584638,-0.06961774
V52_CPLUS_E8_C12_2T,9.025,incremental,385,5.218048215738235e-15,-8.09209277502038,-85.63302458463801,-0.097983256
V52_CPLUS_E8_C12_2T,9.025,incremental,386,5.218048215738235e-15,-8.09209277502038,-77.153024584638,-0.12821864
V52_CPLUS_E8_C12_2T,9.025,incremental,387,5.218048215738235e-15,-8.09209277502038,-71.853024584638,-0.13867891
V52_CPLUS_E8_C12_2T,9.025,incremental,388,0.0,-8.092092775020351,-66.55302458463801,-0.14075129
V52_CPLUS_E8_C12_2T,9.025,incremental,389,0.0,-8.092092775020355,-61.253024584638005,-0.13543577
V52_CPLUS_E8_C12_2T,9.025,incremental,390,0.0,-8.092092775020358,-56.068024584638,-0.12267899
V52_CPLUS_E8_C12_2T,9.025,incremental,391,0.0,-8.092092775020362,-51.228024584638,-0.105127744
V52_CPLUS_E8_C12_2T,9.025,incremental,392,0.0,-8.092092775020365,-46.228024584638,-0.08195488
V52_CPLUS_E8_C12_2T,9.025,incremental,393,0.0,-8.09209277502037,-38.717084584638,-0.042317454
V52_CPLUS_E8_C12_2T,9.025,incremental,394,0.0,-7.9224947009118205,-111.775656015703,0.019532869
V52_CPLUS_E8_C12_2T,9.025,incremental,395,3.3306690738754696e-15,-7.809337948944436,-23.11224871532861,0.020190746
V52_CPLUS_E8_C12_2T,9.025,incremental,396,0.0,-6.597407886379823,-113.08831266499183,0.023222033
V52_CPLUS_E8_C12_2T,9.025,incremental,397,0.0,-6.59740788637999,-21.9116873350083,0.023576401
V52_CPLUS_E8_C12_2T,9.025,incremental,398,0.0,-5.272321071848141,-114.400969314281,0.026409267
V52_CPLUS_E8_C12_2T,9.025,incremental,399,0.0,-5.27232107184816,-20.5990306857192,0.026789814
V52_CPLUS_E8_C12_2T,9.025,incremental,400,0.0,-4.526989503240041,-115.469377062222,0.028699258
V52_CPLUS_E8_C12_2T,9.025,incremental,401,0.0,-4.296812357623591,-19.200671737354472,0.029790206
V52_CPLUS_E8_C12_2T,9.025,incremental,402,0.0,-4.046046387510175,-67.5,-0.14154185
V52_CPLUS_E8_C12_2T,9.025,incremental,403,3.9968028886505635e-15,-3.1173694198005193,-117.70109587745299,0.033112146
V52_CPLUS_E8_C12_2T,9.025,incremental,404,3.1086244689504383e-15,-3.1173694198005286,-17.298904122547004,0.033554073
V52_CPLUS_E8_C12_2T,9.025,incremental,405,0.0,-2.226,-135.0,2.254756e-17
V52_CPLUS_E8_C12_2T,9.025,incremental,406,0.0,-2.226,-130.22,0.015398901
V52_CPLUS_E8_C12_2T,9.025,incremental,407,0.0,-2.226,-125.44,0.028471928
V52_CPLUS_E8_C12_2T,9.025,incremental,408,0.0,-2.226,-120.33,0.037021365
V52_CPLUS_E8_C12_2T,9.025,incremental,409,0.0,-2.226,-14.67,0.037421484
V52_CPLUS_E8_C12_2T,9.025,incremental,410,0.0,-2.226,-9.56,0.028808283
V52_CPLUS_E8_C12_2T,9.025,incremental,411,0.0,-2.226,-4.78,0.015630582
V52_CPLUS_E8_C12_2T,9.025,incremental,412,0.0,-2.226,0.0,0.0
V52_CPLUS_E8_C12_2T,9.025,incremental,413,0.0,-1.1136740000000003,-120.33,0.036639534
V52_CPLUS_E8_C12_2T,9.025,incremental,414,0.0,-1.113674,-14.67,0.037031177
V52_CPLUS_E8_C12_2T,9.025,incremental,415,0.0,-1.1129999999999984,-133.805,0.0041093575
V52_CPLUS_E8_C12_2T,9.025,incremental,416,0.0,-1.113000000000006,-126.63499999999999,0.025630457
V52_CPLUS_E8_C12_2T,9.025,incremental,417,0.0,-1.1130000000000002,-8.365000000000002,0.025945596
V52_CPLUS_E8_C12_2T,9.025,incremental,418,0.0,-1.1129999999999993,-1.1950000000000003,0.004190428
V52_CPLUS_E8_C12_2T,9.025,incremental,419,0.0,-0.37767400000001,-123.05000000000001,0.033551596
V52_CPLUS_E8_C12_2T,9.025,incremental,420,0.0,-0.3776740000000102,-96.282915415362,-0.045761026
V52_CPLUS_E8_C12_2T,9.025,incremental,421,0.0,-0.37767400000001,-81.282915415362,-0.117969975
V52_CPLUS_E8_C12_2T,9.025,incremental,422,0.0,-0.37767400000001,-48.717084584638,-0.097084776
V52_CPLUS_E8_C12_2T,9.025,incremental,423,-4.440892098500626e-15,-0.37767400000001,-14.669999999999993,0.036786743
V52_CPLUS_E8_C12_2T,9.025,incremental,424,1.0058735712501201e-14,-0.37767400000001,-4.78,0.015602078
V52_CPLUS_E8_C12_2T,9.025,incremental,425,0.0,0.0,-132.61,0.007916875
V52_CPLUS_E8_C12_2T,9.025,incremental,426,0.0,0.0,-127.83,0.022326952
V52_CPLUS_E8_C12_2T,9.025,incremental,427,3.996802888650564e-15,5.717673043901034e-15,-114.31,0.02709082
V52_CPLUS_E8_C12_2T,9.025,incremental,428,3.9968028886505635e-15,5.7176730439010165e-15,-107.95,0.008524795
V52_CPLUS_E8_C12_2T,9.025,incremental,429,0.0,1.573175648209105e-14,-100.64499999999998,-0.02304193
V52_CPLUS_E8_C12_2T,9.025,incremental,430,3.9968028886505635e-15,5.717673043901012e-15,-90.99,-0.07461768
V52_CPLUS_E8_C12_2T,9.025,incremental,431,3.9968028886505635e-15,5.71767304390102e-15,-85.69,-0.101042755
V52_CPLUS_E8_C12_2T,9.025,incremental,432,0.0,1.573175648209105e-14,-74.145,-0.13633676
V52_CPLUS_E8_C12_2T,9.025,incremental,433,0.0,1.573175648209105e-14,-65.665,-0.14146475
V52_CPLUS_E8_C12_2T,9.025,incremental,434,0.0,1.573175648209105e-14,-60.365,-0.13522647
V52_CPLUS_E8_C12_2T,9.025,incremental,435,0.0,1.573175648209105e-14,-55.065,-0.1218873
V52_CPLUS_E8_C12_2T,9.025,incremental,436,0.0,9.961323865391232e-15,-42.230000000000004,-0.0645366
V52_CPLUS_E8_C12_2T,9.025,incremental,437,0.0,6.937866893910912e-15,-33.865,-0.020523675
V52_CPLUS_E8_C12_2T,9.025,incremental,438,0.0,4.5975340917190325e-15,-27.390000000000004,0.0074383803
V52_CPLUS_E8_C12_2T,9.025,incremental,439,0.0,2.298767045859517e-15,-21.030000000000005,0.026719708
V52_CPLUS_E8_C12_2T,9.025,incremental,440,0.0,0.0,-9.56,0.02882669
V52_CPLUS_E8_C12_2T,9.025,incremental,441,0.0,0.0,0.0,0.00050070055
V52_CPLUS_E8_C12_2T,9.025,incremental,442,0.52400000000001,-17.092913958612904,-105.81646918606299,0.0
V52_CPLUS_E8_C12_2T,9.025,incremental,443,0.52400000000001,-17.0929139586129,-29.183530813936898,0.0
V52_CPLUS_E8_C12_2T,9.025,incremental,444,0.5239999999999996,-16.127119864078097,-106.38536538433698,0.0017651176
V52_CPLUS_E8_C12_2T,9.025,incremental,445,0.5240000000000028,-16.127119864078104,-28.6146346156628,0.0018011546
V52_CPLUS_E8_C12_2T,9.025,incremental,446,0.5240000000000075,-14.320075862004604,-107.44979564821098,0.0053126966
V52_CPLUS_E8_C12_2T,9.025,incremental,447,0.52400000000001,-14.32007586200458,-30.81685727608508,-0.0054948665
V52_CPLUS_E8_C12_2T,9.025,incremental,448,0.52400000000001,-12.7261902979327,-108.388665996472,0.008570567
V52_CPLUS_E8_C12_2T,9.025,incremental,449,0.52400000000001,-12.726190297932698,-26.611334003527517,0.008744528
V52_CPLUS_E8_C12_2T,9.025,incremental,450,0.52400000000001,-12.513031859931099,-103.11871246004101,-0.008978226
V52_CPLUS_E8_C12_2T,9.025,incremental,451,0.52400000000001,-12.513031859931058,-31.881287539959136,-0.009064053
V52_CPLUS_E8_C12_2T,9.025,incremental,452,0.52400000000001,-10.9191462958591,-109.45309626034701,0.012224342
V52_CPLUS_E8_C12_2T,9.025,incremental,453,0.52400000000001,-10.91914629585914,-25.546903739653438,0.012466446
V52_CPLUS_E8_C12_2T,9.025,incremental,454,0.52400000000001,-10.7059878578575,-102.05428219616698,-0.012888315
V52_CPLUS_E8_C12_2T,9.025,incremental,455,0.52400000000001,-10.705987857857497,-32.94571780383322,-0.012975865
V52_CPLUS_E8_C12_2T,9.025,incremental,456,0.52400000000001,-9.310524288256177,-110.40064703722899,0.015282996
V52_CPLUS_E8_C12_2T,9.025,incremental,457,0.52400000000001,-9.310524288256172,-33.767708665103314,-0.016415121
V52_CPLUS_E8_C12_2T,9.025,incremental,458,0.52400000000001,-9.310524288256179,-24.5993529627705,0.015575873
V52_CPLUS_E8_C12_2T,9.025,incremental,459,0.52400000000001,-9.24307956963641,-100.95832495877299,-0.017544236
V52_CPLUS_E8_C12_2T,9.025,incremental,460,0.5240000000000034,-8.568745437008012,-111.13546752651,0.017574351
V52_CPLUS_E8_C12_2T,9.025,incremental,461,0.52400000000001,-8.568745437008044,-23.864532473490385,0.017900754
V52_CPLUS_E8_C12_2T,9.025,incremental,462,0.5240000000000061,-8.20205205342605,-38.2704203291927,-0.03899798
V52_CPLUS_E8_C12_2T,9.025,incremental,463,0.524000000000004,-8.092092775020351,-95.67761058463803,-0.04444372
V52_CPLUS_E8_C12_2T,9.025,incremental,464,0.52400000000001,-8.09209277502036,-87.31261058463801,-0.0841583
V52_CPLUS_E8_C12_2T,9.025,incremental,465,0.524000000000004,-8.092092775020351,-79.77761058463801,-0.11166854
V52_CPLUS_E8_C12_2T,9.025,incremental,466,0.52400000000001,-8.09209277502036,-71.412610584638,-0.12802641
V52_CPLUS_E8_C12_2T,9.025,incremental,467,0.52400000000001,-8.092092775020355,-61.757610584638016,-0.12576407
V52_CPLUS_E8_C12_2T,9.025,incremental,468,0.52400000000001,-8.092092775020358,-56.45761058463802,-0.11481363
V52_CPLUS_E8_C12_2T,9.025,incremental,469,0.52400000000001,-8.092092775020362,-51.15761058463802,-0.09770686
V52_CPLUS_E8_C12_2T,9.025,incremental,470,0.52400000000001,-8.092092775020365,-44.797610584638015,-0.07075283
V52_CPLUS_E8_C12_2T,9.025,incremental,471,0.52400000000001,-7.243434126255018,-112.44834656610105,0.021447003
V52_CPLUS_E8_C12_2T,9.025,incremental,472,0.52400000000001,-7.243434126254982,-22.55165343389877,0.021823827
V52_CPLUS_E8_C12_2T,9.025,incremental,473,0.52400000000001,-6.024666874978042,-21.34431900208669,0.025060153
V52_CPLUS_E8_C12_2T,9.025,incremental,474,0.52400000000001,-5.918122815501852,-113.76122560569299,0.02490103
V52_CPLUS_E8_C12_2T,9.025,incremental,475,0.5240000000000179,-4.883360286995657,-114.95853152375214,0.027602134
V52_CPLUS_E8_C12_2T,9.025,incremental,476,0.52400000000001,-4.88336028699544,-20.0414684762477,0.028062694
V52_CPLUS_E8_C12_2T,9.025,incremental,477,0.52400000000001,-4.04604638751018,-67.50000000000001,-0.12997638
V52_CPLUS_E8_C12_2T,9.025,incremental,478,0.5239999999999994,-3.993790743691725,-116.23369955960099,0.030237015
V52_CPLUS_E8_C12_2T,9.025,incremental,479,0.52400000000001,-3.9937907436917595,-18.766300440398584,0.030736163
V52_CPLUS_E8_C12_2T,9.025,incremental,480,0.5240000000000047,-3.256617975238949,-17.70958805820711,0.03278544
V52_CPLUS_E8_C12_2T,9.025,incremental,481,0.5240000000000025,-2.9311933668034116,-118.25018246531604,0.034267038
V52_CPLUS_E8_C12_2T,9.025,incremental,482,0.52400000000001,-2.4747264620991296,-15.403565687888705,0.037016578
V52_CPLUS_E8_C12_2T,9.025,incremental,483,0.52400000000001,-2.226,-135.0,2.818231e-17
V52_CPLUS_E8_C12_2T,9.025,incremental,484,0.52400000000001,-2.226,-130.22,0.015514939
V52_CPLUS_E8_C12_2T,9.025,incremental,485,0.52400000000001,-2.226,-120.66,0.0370049
V52_CPLUS_E8_C12_2T,9.025,incremental,486,0.52400000000001,-2.226,-9.56,0.028781107
V52_CPLUS_E8_C12_2T,9.025,incremental,487,0.52400000000001,-2.226,-4.78,0.015567433
V52_CPLUS_E8_C12_2T,9.025,incremental,488,0.52400000000001,-2.226,0.0,0.0
V52_CPLUS_E8_C12_2T,9.025,incremental,489,0.52400000000001,-1.1129999999999651,-129.025,0.019124936
V52_CPLUS_E8_C12_2T,9.025,incremental,490,0.52400000000001,-1.1130000000000004,-121.69000000000001,0.035596434
V52_CPLUS_E8_C12_2T,9.025,incremental,491,0.52400000000001,-1.1129999999999967,-13.310000000000002,0.035991207
V52_CPLUS_E8_C12_2T,9.025,incremental,492,0.52400000000001,-1.1129999999999893,-5.975000000000001,0.019224187
V52_CPLUS_E8_C12_2T,9.025,incremental,493,0.52400000000001,2.6484591469634303e-14,-135.0,0.00049834093
V52_CPLUS_E8_C12_2T,9.025,incremental,494,0.52400000000001,2.6484591469634303e-14,-127.83,0.022420606
V52_CPLUS_E8_C12_2T,9.025,incremental,495,0.52400000000001,2.2542148975759086e-14,-118.992342,0.035105877
V52_CPLUS_E8_C12_2T,9.025,incremental,496,0.524000000000004,3.631725115855166e-14,-109.452342,0.013705587
V52_CPLUS_E8_C12_2T,9.025,incremental,497,0.5240000000000042,3.5404829822303976e-14,-104.15234200000002,-0.0068077184
V52_CPLUS_E8_C12_2T,9.025,incremental,498,0.5239999999999977,3.449240848605607e-14,-98.85234200000001,-0.031698287
V52_CPLUS_E8_C12_2T,9.025,incremental,499,0.5240000000000041,3.3579987149808576e-14,-93.55234200000001,-0.058195293
V52_CPLUS_E8_C12_2T,9.025,incremental,500,0.5240000000000041,3.266756581356102e-14,-88.25234200000001,-0.082851425
V52_CPLUS_E8_C12_2T,9.025,incremental,501,0.5240000000000041,3.157266021006372e-14,-81.89234200000001,-0.10707906
V52_CPLUS_E8_C12_2T,9.025,incremental,502,0.52400000000001,2.0497552428013602e-14,-75.647342,-0.1229341
V52_CPLUS_E8_C12_2T,9.025,incremental,503,0.52400000000001,1.94026468245164e-14,-69.287342,-0.12971824
V52_CPLUS_E8_C12_2T,9.025,incremental,504,0.52400000000001,1.8307741221019154e-14,-62.927342,-0.12761855
V52_CPLUS_E8_C12_2T,9.025,incremental,505,0.5240000000000082,2.6645584994326385e-14,-53.27234200000001,-0.107138686
V52_CPLUS_E8_C12_2T,9.025,incremental,506,0.52400000000001,1.0545898156505152e-14,-43.847342000000005,-0.0692336
V52_CPLUS_E8_C12_2T,9.025,incremental,507,0.52400000000001,7.480875428692463e-15,-35.367342,-0.027636435
V52_CPLUS_E8_C12_2T,9.025,incremental,508,0.52400000000001,4.032724859903191e-15,-25.827342,0.013023383
V52_CPLUS_E8_C12_2T,9.025,incremental,509,0.52400000000001,5.845742911139178e-16,-16.287342,0.035186358
V52_CPLUS_E8_C12_2T,9.025,incremental,510,0.52400000000001,0.0,-4.78,0.015539963
V52_CPLUS_E8_C12_2T,9.025,incremental,511,0.52400000000001,0.0,0.0,0.00047714857
V52_CPLUS_E8_C12_2T,9.025,total,0,-8.336,-17.092913958612904,-105.81646918606299,0.0
V52_CPLUS_E8_C12_2T,9.025,total,1,-8.336,-17.0929139586129,-29.183530813936898,0.0
V52_CPLUS_E8_C12_2T,9.025,total,2,-8.336,-16.127119864078097,-105.24757298778898,-0.0023160416
V52_CPLUS_E8_C12_2T,9.025,total,3,-8.336000000000002,-16.1271198640781,-28.6146346156628,0.00199288
V52_CPLUS_E8_C12_2T,9.025,total,4,-8.336,-14.53323430000629,-107.32423573259814,0.0057005826
V52_CPLUS_E8_C12_2T,9.025,total,5,-8.336,-14.3200758620046,-30.816857276085102,-0.006314553
V52_CPLUS_E8_C12_2T,9.025,total,6,-8.336,-12.726190297932762,-108.3886659964721,0.010058939
V52_CPLUS_E8_C12_2T,9.025,total,7,-8.336000000000002,-12.726190297932702,-31.755727624346303,-0.009931538
V52_CPLUS_E8_C12_2T,9.025,total,8,-8.336,-12.513031859931084,-103.11871246004104,-0.010657593
V52_CPLUS_E8_C12_2T,9.025,total,9,-8.33600000000001,-12.513031859931106,-26.485774087914713,0.010313629
V52_CPLUS_E8_C12_2T,9.025,total,10,-8.336,-10.919146295859104,-102.17984211177999,-0.014707401
V52_CPLUS_E8_C12_2T,9.025,total,11,-8.336,-10.9191462958591,-25.5469037396535,0.014060196
V52_CPLUS_E8_C12_2T,9.025,total,12,-8.336,-10.705987857857503,-109.57865617595897,0.01489964
V52_CPLUS_E8_C12_2T,9.025,total,13,-8.336,-10.7059878578575,-32.9457178038332,-0.015018498
V52_CPLUS_E8_C12_2T,9.025,total,14,-8.336,-9.310524288256177,-110.40064703722899,0.018011272
V52_CPLUS_E8_C12_2T,9.025,total,15,-8.336,-9.310524288256168,-101.23229133489698,-0.01942714
V52_CPLUS_E8_C12_2T,9.025,total,16,-8.336,-9.31052428825619,-24.5993529627705,0.017599046
V52_CPLUS_E8_C12_2T,9.025,total,17,-8.336,-8.989695145484234,-35.0709448472531,-0.026499465
V52_CPLUS_E8_C12_2T,9.025,total,18,-8.336,-8.568745437008007,-111.13546752651,0.02067867
V52_CPLUS_E8_C12_2T,9.025,total,19,-8.336,-8.568745437008038,-23.86453247349038,0.020213747
V52_CPLUS_E8_C12_2T,9.025,total,20,-8.335999999999995,-8.482926297179732,-97.87051554069468,-0.03978367
V52_CPLUS_E8_C12_2T,9.025,total,21,-8.335999999999999,-8.092092775020351,-92.49761058463798,-0.072864704
V52_CPLUS_E8_C12_2T,9.025,total,22,-8.335999999999999,-8.092092775020351,-86.137610584638,-0.10741931
V52_CPLUS_E8_C12_2T,9.025,total,23,-8.336000000000004,-8.092092775020351,-78.71761058463801,-0.13842328
V52_CPLUS_E8_C12_2T,9.025,total,24,-8.336,-8.09209277502036,-70.352610584638,-0.15582055
V52_CPLUS_E8_C12_2T,9.025,total,25,-8.336,-8.09209277502036,-63.992610584638,-0.1552002
V52_CPLUS_E8_C12_2T,9.025,total,26,-8.336,-8.09209277502036,-58.577610584638,-0.14525881
V52_CPLUS_E8_C12_2T,9.025,total,27,-8.336,-8.09209277502036,-50.21261058463801,-0.11434324
V52_CPLUS_E8_C12_2T,9.025,total,28,-8.336,-8.09209277502036,-41.732610584638,-0.06838121
V52_CPLUS_E8_C12_2T,9.025,total,29,-8.336,-7.34997818573109,-112.34280195832201,0.024784295
V52_CPLUS_E8_C12_2T,9.025,total,30,-8.336,-7.243434126254979,-22.55165343389877,0.024572037
V52_CPLUS_E8_C12_2T,9.025,total,31,-8.336,-6.024666874978031,-113.655680997913,0.028770896
V52_CPLUS_E8_C12_2T,9.025,total,32,-8.336,-6.024666874978042,-21.34431900208669,0.028145304
V52_CPLUS_E8_C12_2T,9.025,total,33,-8.336,-5.272321071848141,-114.400969314281,0.030756978
V52_CPLUS_E8_C12_2T,9.025,total,34,-8.336,-5.27232107184816,-20.5990306857192,0.030090692
V52_CPLUS_E8_C12_2T,9.025,total,35,-8.336,-4.069989131117052,-116.12447173277292,0.03486545
V52_CPLUS_E8_C12_2T,9.025,total,36,-8.336,-4.04604638751018,-67.50000000000001,-0.15711774
V52_CPLUS_E8_C12_2T,9.025,total,37,-8.336,-3.9937907436917572,-18.76630044039858,0.034348883
V52_CPLUS_E8_C12_2T,9.025,total,38,-8.336,-3.25661797523893,-117.29041194179298,0.037274264
V52_CPLUS_E8_C12_2T,9.025,total,39,-8.336,-2.8884544137981085,-16.6237681019201,0.038666174
V52_CPLUS_E8_C12_2T,9.025,total,40,-8.336,-2.4747264620992246,-119.59643431211104,0.041293506
V52_CPLUS_E8_C12_2T,9.025,total,41,-8.336,-2.226,-135.0,3.3151235e-17
V52_CPLUS_E8_C12_2T,9.025,total,42,-8.336,-2.226,-125.44,0.031264205
V52_CPLUS_E8_C12_2T,9.025,total,43,-8.336,-2.226,-14.34,0.04063266
V52_CPLUS_E8_C12_2T,9.025,total,44,-8.336,-2.226,-7.17,0.023942325
V52_CPLUS_E8_C12_2T,9.025,total,45,-8.336,-2.226,0.0,0.0
V52_CPLUS_E8_C12_2T,9.025,total,46,-8.336,-1.1129999999999824,-131.41500000000002,0.012667598
V52_CPLUS_E8_C12_2T,9.025,total,47,-8.336,-1.1130000000000004,-121.69000000000001,0.039689526
V52_CPLUS_E8_C12_2T,9.025,total,48,-8.336,-1.112999999999997,-13.310000000000002,0.038925953
V52_CPLUS_E8_C12_2T,9.025,total,49,-8.336,-1.1129999999999947,-3.584999999999996,0.012512959
V52_CPLUS_E8_C12_2T,9.025,total,50,-8.336,2.6484591469634303e-14,-135.0,0.00046873515
V52_CPLUS_E8_C12_2T,9.025,total,51,-8.336,2.6484591469634303e-14,-127.83,0.024321558
V52_CPLUS_E8_C12_2T,9.025,total,52,-8.336,2.2848999697380665e-14,-120.16734200000002,0.040660154
V52_CPLUS_E8_C12_2T,9.025,total,53,-8.336,2.0298431699777173e-14,-110.40064703722899,0.01960956
V52_CPLUS_E8_C12_2T,9.025,total,54,-8.335999999999997,3.540482982230371e-14,-104.152342,-0.008114527
V52_CPLUS_E8_C12_2T,9.025,total,55,-8.335999999999997,3.4309924218806515e-14,-97.792342,-0.0447104
V52_CPLUS_E8_C12_2T,9.025,total,56,-8.335999999999997,3.321501861530936e-14,-91.432342,-0.082550794
V52_CPLUS_E8_C12_2T,9.025,total,57,-8.335999999999997,3.21201130118121e-14,-85.072342,-0.11549845
V52_CPLUS_E8_C12_2T,9.025,total,58,-8.335999999999997,3.047775460656634e-14,-75.532342,-0.14860167
V52_CPLUS_E8_C12_2T,9.025,total,59,-8.335999999999997,2.9565333270318696e-14,-70.232342,-0.15613075
V52_CPLUS_E8_C12_2T,9.025,total,60,-8.336,1.8166889219704507e-14,-64.932342,-0.15638752
V52_CPLUS_E8_C12_2T,9.025,total,61,-8.336,1.471873865091523e-14,-55.392342,-0.13774656
V52_CPLUS_E8_C12_2T,9.025,total,62,-8.336,1.2461537361388079e-14,-49.147342,-0.11227329
V52_CPLUS_E8_C12_2T,9.025,total,63,-8.336,1.050433240017279e-14,-43.732342,-0.0837491
V52_CPLUS_E8_C12_2T,9.025,total,64,-8.336,7.864003269669052e-15,-36.427342,-0.03983194
V52_CPLUS_E8_C12_2T,9.025,total,65,-8.336,5.565236223809534e-15,-30.067342,-0.004119303
V52_CPLUS_E8_C12_2T,9.025,total,66,-8.336,3.608031262594242e-15,-24.652342000000004,0.01897618
V52_CPLUS_E8_C12_2T,9.025,total,67,-8.336,1.6923920577113162e-15,-19.352342000000018,0.033655286
V52_CPLUS_E8_C12_2T,9.025,total,68,-8.336,0.0,-14.34,0.039778262
V52_CPLUS_E8_C12_2T,9.025,total,69,-8.336,0.0,-9.56,0.03074515
V52_CPLUS_E8_C12_2T,9.025,total,70,-8.336,0.0,0.0,0.0004853264
V52_CPLUS_E8_C12_2T,9.025,total,71,-7.812000000000001,-17.0929139586129,-105.816469186063,0.0
V52_CPLUS_E8_C12_2T,9.025,total,72,-7.811999999999996,-17.092913958612904,-29.183530813936898,-1.0577219e-17
V52_CPLUS_E8_C12_2T,9.025,total,73,-7.812,-15.492978896205287,-106.75890296117062,0.003427348
V52_CPLUS_E8_C12_2T,9.025,total,74,-7.812,-15.2798204582039,-30.251524504657297,-0.004195828
V52_CPLUS_E8_C12_2T,9.025,total,75,-7.812,-14.411382704136615,-27.603988192111693,0.0057559386
V52_CPLUS_E8_C12_2T,9.025,total,76,-7.812000000000001,-14.36310665623189,-104.2084897988072,-0.006390539
V52_CPLUS_E8_C12_2T,9.025,total,77,-7.812,-13.882985174979199,-31.0743233670013,-0.0073489053
V52_CPLUS_E8_C12_2T,9.025,total,78,-7.812,-13.47277645613009,-107.94889314065745,0.008132523
V52_CPLUS_E8_C12_2T,9.025,total,79,-7.812,-13.4727764561304,-27.05110685934244,0.00793192
V52_CPLUS_E8_C12_2T,9.025,total,80,-7.811999999999996,-11.878890892058498,-102.745174883207,-0.01232331
V52_CPLUS_E8_C12_2T,9.025,total,81,-7.812,-11.878890892058498,-26.112236511081203,0.011679462
V52_CPLUS_E8_C12_2T,9.025,total,82,-7.812,-11.665732454056492,-109.01332340453145,0.012460879
V52_CPLUS_E8_C12_2T,9.025,total,83,-7.812,-11.6657324540568,-32.3803850324055,-0.012661652
V52_CPLUS_E8_C12_2T,9.025,total,84,-7.812,-10.071846889984645,-109.95219375279255,0.016138745
V52_CPLUS_E8_C12_2T,9.025,total,85,-7.812000000000004,-10.071846889984903,-101.680744619333,-0.017298184
V52_CPLUS_E8_C12_2T,9.025,total,86,-7.812,-10.071846889984878,-33.31925538066669,-0.0170802
V52_CPLUS_E8_C12_2T,9.025,total,87,-7.812,-10.071846889984936,-25.047806247207227,0.01578859
V52_CPLUS_E8_C12_2T,9.025,total,88,-7.812,-9.310524288256177,-110.40064703722899,0.017782303
V52_CPLUS_E8_C12_2T,9.025,total,89,-7.812000000000001,-9.310524288256191,-101.23229133489698,-0.019685308
V52_CPLUS_E8_C12_2T,9.025,total,90,-7.812,-9.31052428825619,-24.5993529627705,0.017402384
V52_CPLUS_E8_C12_2T,9.025,total,91,-7.812,-9.088897537958932,-34.667976008101405,-0.024559636
V52_CPLUS_E8_C12_2T,9.025,total,92,-7.812,-8.55463887005303,-98.16181831598507,-0.038716182
V52_CPLUS_E8_C12_2T,9.025,total,93,-7.812000000000001,-8.546456958612909,-105.816469186063,-0.00016681345
V52_CPLUS_E8_C12_2T,9.025,total,94,-7.812,-8.546456958612909,-29.183530813936898,-0.0001997904
V52_CPLUS_E8_C12_2T,9.025,total,95,-7.812,-8.49179793631839,-23.788306789770097,0.02027451
V52_CPLUS_E8_C12_2T,9.025,total,96,-7.812,-8.092092775020351,-91.282915415362,-0.08379113
V52_CPLUS_E8_C12_2T,9.025,total,97,-7.812,-8.09209277502037,-85.748024584638,-0.116580166
V52_CPLUS_E8_C12_2T,9.025,total,98,-7.812000000000008,-8.09209277502038,-80.33302458463801,-0.14220116
V52_CPLUS_E8_C12_2T,9.025,total,99,-7.812,-8.09209277502037,-74.088024584638,-0.16176955
V52_CPLUS_E8_C12_2T,9.025,total,100,-7.812000000000008,-8.09209277502038,-68.67302458463801,-0.16888024
V52_CPLUS_E8_C12_2T,9.025,total,101,-7.812,-8.09209277502037,-60.30802458463801,-0.16056202
V52_CPLUS_E8_C12_2T,9.025,total,102,-7.812,-8.09209277502036,-53.948024584638006,-0.13980389
V52_CPLUS_E8_C12_2T,9.025,total,103,-7.812,-8.092092775020364,-48.533024584638014,-0.1134562
V52_CPLUS_E8_C12_2T,9.025,total,104,-7.812,-8.092092775020369,-40.168024584638005,-0.06089949
V52_CPLUS_E8_C12_2T,9.025,total,105,-7.812000000000001,-7.922494700911829,-111.775656015703,0.022659099
V52_CPLUS_E8_C12_2T,9.025,total,106,-7.812,-7.809337948944433,-23.1122487153286,0.02256176
V52_CPLUS_E8_C12_2T,9.025,total,107,-7.812000000000001,-6.597407886379829,-113.08831266499182,0.026872132
V52_CPLUS_E8_C12_2T,9.025,total,108,-7.811999999999996,-6.484251134412594,-21.7995920660395,0.026655126
V52_CPLUS_E8_C12_2T,9.025,total,109,-7.812000000000001,-5.272321071848141,-114.400969314281,0.030503452
V52_CPLUS_E8_C12_2T,9.025,total,110,-7.8119999999999985,-5.272321071848163,-20.599030685719203,0.029883288
V52_CPLUS_E8_C12_2T,9.025,total,111,-7.812,-4.2968123576235495,-115.799328262646,0.03388168
V52_CPLUS_E8_C12_2T,9.025,total,112,-7.812,-4.0965275453110905,-18.913570191837902,0.033811543
V52_CPLUS_E8_C12_2T,9.025,total,113,-7.812,-4.046046387510175,-67.5,-0.16968094
V52_CPLUS_E8_C12_2T,9.025,total,114,-7.812,-3.25661797523893,-117.29041194179298,0.03701886
V52_CPLUS_E8_C12_2T,9.025,total,115,-7.812,-3.16031484583146,-17.425562503493605,0.03682088
V52_CPLUS_E8_C12_2T,9.025,total,116,-7.812,-2.226,-135.0,2.6492287e-17
V52_CPLUS_E8_C12_2T,9.025,total,117,-7.812,-2.226,-127.83,0.024129111
V52_CPLUS_E8_C12_2T,9.025,total,118,-7.812000000000001,-2.226,-120.33,0.041333687
V52_CPLUS_E8_C12_2T,9.025,total,119,-7.8119999999999985,-2.226,-14.670000000000003,0.040505443
V52_CPLUS_E8_C12_2T,9.025,total,120,-7.812000000000008,-2.226,-7.16999999999999,0.02358613
V52_CPLUS_E8_C12_2T,9.025,total,121,-7.812000000000008,-2.226,8.881784197001252e-15,-2.450118e-16
V52_CPLUS_E8_C12_2T,9.025,total,122,-7.812,-1.113674,-135.0,0.00020175167
V52_CPLUS_E8_C12_2T,9.025,total,123,-7.812,-1.113674,-127.83,0.024101995
V52_CPLUS_E8_C12_2T,9.025,total,124,-7.812000000000001,-1.1136740000000003,-120.33,0.040834066
V52_CPLUS_E8_C12_2T,9.025,total,125,-7.812,-1.113674,-11.95,0.036174875
V52_CPLUS_E8_C12_2T,9.025,total,126,-7.812,-1.113674,0.0,0.00018276615
V52_CPLUS_E8_C12_2T,9.025,total,127,-7.812,-1.113000000000002,-121.69000000000001,0.039436743
V52_CPLUS_E8_C12_2T,9.025,total,128,-7.812,-1.112999999999989,-5.974999999999999,0.019985575
V52_CPLUS_E8_C12_2T,9.025,total,129,-7.812,-0.37767400000001,-135.0,0.0003460585
V52_CPLUS_E8_C12_2T,9.025,total,130,-7.812,-0.37767400000001006,-132.61,0.008391614
V52_CPLUS_E8_C12_2T,9.025,total,131,-7.812,-0.37767400000001,-123.05000000000001,0.036902215
V52_CPLUS_E8_C12_2T,9.025,total,132,-7.812,-0.37767400000001,-91.282915415362,-0.08766667
V52_CPLUS_E8_C12_2T,9.025,total,133,-7.812,-0.37767400000001,-81.282915415362,-0.14125517
V52_CPLUS_E8_C12_2T,9.025,total,134,-7.812,-0.37767400000001,-48.717084584638,-0.11824096
V52_CPLUS_E8_C12_2T,9.025,total,135,-7.812,-0.37767400000001,-11.95,0.036150154
V52_CPLUS_E8_C12_2T,9.025,total,136,-7.812,2.6484591469634303e-14,-127.83,0.024106408
V52_CPLUS_E8_C12_2T,9.025,total,137,-7.812000000000001,0.0,-120.33,0.040379904
V52_CPLUS_E8_C12_2T,9.025,total,138,-7.812000000000001,2.1343112273271128e-15,-114.425,0.03141196
V52_CPLUS_E8_C12_2T,9.025,total,139,-7.812000000000001,4.049950432210035e-15,-109.12500000000001,0.014460462
V52_CPLUS_E8_C12_2T,9.025,total,140,-7.812000000000001,1.5731756482091055e-14,-103.82500000000002,-0.010138419
V52_CPLUS_E8_C12_2T,9.025,total,141,-7.812,5.329070518200752e-15,-96.282915415362,-0.055383876
V52_CPLUS_E8_C12_2T,9.025,total,142,-7.812,1.966338120633735e-14,-86.282915415362,-0.117372245
V52_CPLUS_E8_C12_2T,9.025,total,143,-7.812,1.573175648209105e-14,-77.325,-0.15537162
V52_CPLUS_E8_C12_2T,9.025,total,144,-7.812,1.573175648209105e-14,-69.905,-0.16929324
V52_CPLUS_E8_C12_2T,9.025,total,145,-7.812000000000001,1.7282318600278732e-14,-62.48500000000001,-0.16645002
V52_CPLUS_E8_C12_2T,9.025,total,146,-7.812000000000001,1.460042371344263e-14,-55.065,-0.14682831
V52_CPLUS_E8_C12_2T,9.025,total,147,-7.812,1.4547473508864644e-14,-43.717084584638,-0.08827745
V52_CPLUS_E8_C12_2T,9.025,total,148,-7.812000000000001,8.42881250148489e-15,-37.99,-0.050851233
V52_CPLUS_E8_C12_2T,9.025,total,149,-7.812000000000001,6.130045455625373e-15,-31.63,-0.012518501
V52_CPLUS_E8_C12_2T,9.025,total,150,-7.812000000000001,3.4481505687892734e-15,-24.21,0.020275505
V52_CPLUS_E8_C12_2T,9.025,total,151,-7.812000000000001,4.246935973089513e-16,-15.845,0.03891908
V52_CPLUS_E8_C12_2T,9.025,total,152,-7.812,0.0,-7.17,0.023569046
V52_CPLUS_E8_C12_2T,9.025,total,153,-7.812,0.0,0.0,0.000379658
V52_CPLUS_E8_C12_2T,9.025,total,154,-7.466782174380829,-0.37767400000001006,-29.183530813936898,-0.00028837466
V52_CPLUS_E8_C12_2T,9.025,total,155,-7.447398484665459,-0.37767400000001006,-96.282915415362,-0.055103637
V52_CPLUS_E8_C12_2T,9.025,total,156,-7.447398484665459,-0.37767400000001006,-91.282915415362,-0.08821262
V52_CPLUS_E8_C12_2T,9.025,total,157,-7.447398484665459,-0.37767400000001006,-86.282915415362,-0.118790336
V52_CPLUS_E8_C12_2T,9.025,total,158,-7.447398484665459,-0.37767400000001006,-81.282915415362,-0.14310233
V52_CPLUS_E8_C12_2T,9.025,total,159,-7.447398484665459,-0.37767400000001006,-76.282915415362,-0.1603167
V52_CPLUS_E8_C12_2T,9.025,total,160,-7.447398484665459,-0.37767400000001006,-71.282915415362,-0.17067449
V52_CPLUS_E8_C12_2T,9.025,total,161,-7.4473984846654515,-0.37767400000001006,-63.717084584638,-0.17082207
V52_CPLUS_E8_C12_2T,9.025,total,162,-7.4473984846654515,-0.37767400000001006,-58.717084584638,-0.16049747
V52_CPLUS_E8_C12_2T,9.025,total,163,-7.4473984846654515,-0.37767400000001006,-53.717084584638,-0.1433978
V52_CPLUS_E8_C12_2T,9.025,total,164,-7.4473984846654515,-0.37767400000001006,-48.717084584638,-0.11994294
V52_CPLUS_E8_C12_2T,9.025,total,165,-7.4473984846654515,-0.37767400000001006,-43.717084584638,-0.08854845
V52_CPLUS_E8_C12_2T,9.025,total,166,-7.4473984846654515,-0.37767400000001006,-38.717084584638,-0.055273715
V52_CPLUS_E8_C12_2T,9.025,total,167,-6.69,-1.113674,-135.0,-0.00015579234
V52_CPLUS_E8_C12_2T,9.025,total,168,-6.69,-1.113674,-127.83,0.02335961
V52_CPLUS_E8_C12_2T,9.025,total,169,-6.69,-1.1136740000000003,-120.33,0.039834484
V52_CPLUS_E8_C12_2T,9.025,total,170,-6.69,-1.113674,-11.95,0.035820454
V52_CPLUS_E8_C12_2T,9.025,total,171,-6.69,-1.113674,-7.17,0.0229023
V52_CPLUS_E8_C12_2T,9.025,total,172,-6.69,-1.113674,0.0,-0.00032078946
V52_CPLUS_E8_C12_2T,9.025,total,173,-6.69,-0.3776740000000001,-135.0,-0.00015129618
V52_CPLUS_E8_C12_2T,9.025,total,174,-6.69,-0.37767400000001,-129.53347158218125,0.017924292
V52_CPLUS_E8_C12_2T,9.025,total,175,-6.69,-0.377674,-123.05000000000001,0.03647756
V52_CPLUS_E8_C12_2T,9.025,total,176,-6.69,-0.37767400000001006,-114.81596606646588,0.03192687
V52_CPLUS_E8_C12_2T,9.025,total,177,-6.69,-0.37767400000001006,-108.108558,0.009846249
V52_CPLUS_E8_C12_2T,9.025,total,178,-6.69,-0.37767400000001006,-100.52143626811278,-0.028571337
V52_CPLUS_E8_C12_2T,9.025,total,179,-6.69,-0.37767400000001006,-93.76971700000001,-0.07168685
V52_CPLUS_E8_C12_2T,9.025,total,180,-6.69,-0.37767400000001006,-85.56478945530056,-0.12578571
V52_CPLUS_E8_C12_2T,9.025,total,181,-6.69,-0.37767400000001006,-78.754407,-0.1587547
V52_CPLUS_E8_C12_2T,9.025,total,182,-6.69,-0.37767400000001006,-72.00104137542344,-0.17352329
V52_CPLUS_E8_C12_2T,9.025,total,183,-6.69,-0.37767400000001006,-61.24559299999999,-0.17016879
V52_CPLUS_E8_C12_2T,9.025,total,184,-6.69,-0.37767400000001006,-56.245593,-0.15762894
V52_CPLUS_E8_C12_2T,9.025,total,185,-6.69,-0.37767400000001006,-51.245593,-0.13815255
V52_CPLUS_E8_C12_2T,9.025,total,186,-6.69,-0.37767400000001006,-46.245593,-0.10843681
V52_CPLUS_E8_C12_2T,9.025,total,187,-6.69,-0.37767400000001006,-39.435210544699444,-0.05988227
V52_CPLUS_E8_C12_2T,9.025,total,188,-6.69,-0.37767400000001006,-29.183530813936898,-0.0004886936
V52_CPLUS_E8_C12_2T,9.025,total,189,-6.69,-0.37767400000001006,-22.599192000000002,0.025154194
V52_CPLUS_E8_C12_2T,9.025,total,190,-6.69,-0.37767400000001006,-17.273026639708842,0.036577273
V52_CPLUS_E8_C12_2T,9.025,total,191,-6.69,-0.37767400000001,-11.95,0.03582406
V52_CPLUS_E8_C12_2T,9.025,total,192,-6.69,-0.37767400000001,-5.466528417818731,0.017524855
V52_CPLUS_E8_C12_2T,9.025,total,193,-6.69,-0.37767400000001,0.0,-0.00030782435
V52_CPLUS_E8_C12_2T,9.025,total,194,-4.94,-1.113674,-135.0,-0.0007524645
V52_CPLUS_E8_C12_2T,9.025,total,195,-4.94,-1.113674,-123.05000000000001,0.035895865
V52_CPLUS_E8_C12_2T,9.025,total,196,-4.94,-1.113674,-11.95,0.03545059
V52_CPLUS_E8_C12_2T,9.025,total,197,-4.94,-1.113674,0.0,-0.0008727155
V52_CPLUS_E8_C12_2T,9.025,total,198,-4.94,-0.3776740000000001,-135.0,-0.00076166814
V52_CPLUS_E8_C12_2T,9.025,total,199,-4.94,-0.37767400000001,-128.46268305171532,0.02043171
V52_CPLUS_E8_C12_2T,9.025,total,200,-4.94,-0.37767400000001006,-120.33,0.038802087
V52_CPLUS_E8_C12_2T,9.025,total,201,-4.94,-0.37767400000001006,-112.93029271677838,0.026736803
V52_CPLUS_E8_C12_2T,9.025,total,202,-4.94,-0.37767400000001006,-104.13765460562611,-0.009210447
V52_CPLUS_E8_C12_2T,9.025,total,203,-4.94,-0.37767400000001006,-96.282915415362,-0.055094786
V52_CPLUS_E8_C12_2T,9.025,total,204,-4.94,-0.37767400000001006,-88.75440700000001,-0.11260792
V52_CPLUS_E8_C12_2T,9.025,total,205,-4.94,-0.37767400000001006,-81.282915415362,-0.15311694
V52_CPLUS_E8_C12_2T,9.025,total,206,-4.94,-0.37767400000001006,-74.44471777071274,-0.1755334
V52_CPLUS_E8_C12_2T,9.025,total,207,-4.94,-0.37767400000001006,-67.4614915,-0.19883683
V52_CPLUS_E8_C12_2T,9.025,total,208,-4.94,-0.37767400000001006,-60.55528222928728,-0.17605616
V52_CPLUS_E8_C12_2T,9.025,total,209,-4.94,-0.37767400000001006,-53.717084584638,-0.15297808
V52_CPLUS_E8_C12_2T,9.025,total,210,-4.94,-0.37767400000001006,-46.245593,-0.11209098
V52_CPLUS_E8_C12_2T,9.025,total,211,-4.94,-0.37767400000001006,-38.717084584637995,-0.055053458
V52_CPLUS_E8_C12_2T,9.025,total,212,-4.94,-0.37767400000001006,-33.76119825980674,-0.024934696
V52_CPLUS_E8_C12_2T,9.025,total,213,-4.94,-0.37767400000001006,-27.49820582820343,0.0068880483
V52_CPLUS_E8_C12_2T,9.025,total,214,-4.94,-0.37767400000001006,-22.06970728322193,0.026547598
V52_CPLUS_E8_C12_2T,9.025,total,215,-4.94,-0.37767400000001006,-16.59211533634704,0.03692956
V52_CPLUS_E8_C12_2T,9.025,total,216,-4.94,-0.37767400000001,-7.17,0.022177119
V52_CPLUS_E8_C12_2T,9.025,total,217,-4.94,-0.3776740000000001,0.0,-0.00088262965
V52_CPLUS_E8_C12_2T,9.025,total,218,-4.158246575342493,-0.37767400000001006,-123.05000000000001,0.035765696
V52_CPLUS_E8_C12_2T,9.025,total,219,-4.158246575342464,-0.37767400000001,-11.95,0.035437256
V52_CPLUS_E8_C12_2T,9.025,total,220,-3.994254470250221,-4.369780326643712,-105.816469186063,-0.00011981167
V52_CPLUS_E8_C12_2T,9.025,total,221,-3.9129752756906697,-0.37767400000001006,-98.7620226354387,-0.039848056
V52_CPLUS_E8_C12_2T,9.025,total,222,-3.912975275690793,-0.37767400000001,-36.23797736456137,-0.039739456
V52_CPLUS_E8_C12_2T,9.025,total,223,-3.9059999999999975,-17.0929139586129,-105.816469186063,-0.00019503813
V52_CPLUS_E8_C12_2T,9.025,total,224,-3.906,-17.0929139586129,-29.183530813936898,-0.0001908165
V52_CPLUS_E8_C12_2T,9.025,total,225,-3.906,-12.819685458612907,-105.816469186063,-5.2660165e-05
V52_CPLUS_E8_C12_2T,9.025,total,226,-3.906,-12.819685458612907,-29.183530813936898,-4.6517875e-05
V52_CPLUS_E8_C12_2T,9.025,total,227,-3.9059999999999975,-9.768204465699526,-110.13105280959199,0.015666654
V52_CPLUS_E8_C12_2T,9.025,total,228,-3.9059999999999975,-9.768204465699528,-24.868947190408,0.015389409
V52_CPLUS_E8_C12_2T,9.025,total,229,-3.906000000000004,-9.3105242882562,-101.23229133489698,-0.019662103
V52_CPLUS_E8_C12_2T,9.025,total,230,-3.905999999999999,-9.310524288256198,-33.7677086651033,-0.019516045
V52_CPLUS_E8_C12_2T,9.025,total,231,-3.906,-8.09209277502036,-96.28291558463799,-0.058897585
V52_CPLUS_E8_C12_2T,9.025,total,232,-3.9059999999999993,-8.09209277502036,-91.282915584638,-0.09413382
V52_CPLUS_E8_C12_2T,9.025,total,233,-3.906,-8.09209277502036,-86.282915584638,-0.12731613
V52_CPLUS_E8_C12_2T,9.025,total,234,-3.9059999999999993,-8.09209277502036,-81.282915584638,-0.15381972
V52_CPLUS_E8_C12_2T,9.025,total,235,-3.906,-8.09209277502036,-76.282915584638,-0.17332758
V52_CPLUS_E8_C12_2T,9.025,total,236,-3.906,-8.09209277502036,-71.282915584638,-0.18352559
V52_CPLUS_E8_C12_2T,9.025,total,237,-3.9060000000000024,-8.09209277502036,-63.717084584638,-0.1838256
V52_CPLUS_E8_C12_2T,9.025,total,238,-3.905999999999998,-8.09209277502037,-58.717084584638,-0.17326082
V52_CPLUS_E8_C12_2T,9.025,total,239,-3.9060000000000024,-8.09209277502036,-53.717084584638,-0.15379387
V52_CPLUS_E8_C12_2T,9.025,total,240,-3.9059999999999993,-8.09209277502037,-48.717084584637995,-0.12714243
V52_CPLUS_E8_C12_2T,9.025,total,241,-3.9059999999999797,-8.09209277502037,-43.717084584638016,-0.09381228
V52_CPLUS_E8_C12_2T,9.025,total,242,-3.906,-8.09209277502037,-38.717084584638,-0.058763012
V52_CPLUS_E8_C12_2T,9.025,total,243,-3.906000000000008,-6.047804680468493,-113.63276023989701,0.029856455
V52_CPLUS_E8_C12_2T,9.025,total,244,-3.905999999999998,-6.047804680468505,-21.367239760103406,0.02975743
V52_CPLUS_E8_C12_2T,9.025,total,245,-3.9059999999999953,-4.655262144128083,-101.23229133489698,-0.02075194
V52_CPLUS_E8_C12_2T,9.025,total,246,-3.9059999999999953,-4.655262144128094,-33.76770866510331,-0.02061332
V52_CPLUS_E8_C12_2T,9.025,total,247,-3.906,-4.273228479306448,-29.183530813936898,-0.00012160716
V52_CPLUS_E8_C12_2T,9.025,total,248,-3.906,-4.046046387510177,-96.282915415362,-0.05398727
V52_CPLUS_E8_C12_2T,9.025,total,249,-3.906,-4.046046387510177,-91.282915415362,-0.08700541
V52_CPLUS_E8_C12_2T,9.025,total,250,-3.906,-4.046046387510177,-86.282915415362,-0.1176815
V52_CPLUS_E8_C12_2T,9.025,total,251,-3.906,-4.046046387510177,-81.282915415362,-0.1417875
V52_CPLUS_E8_C12_2T,9.025,total,252,-3.906,-4.046046387510177,-76.282915415362,-0.15913564
V52_CPLUS_E8_C12_2T,9.025,total,253,-3.906,-4.046046387510177,-71.282915415362,-0.16960885
V52_CPLUS_E8_C12_2T,9.025,total,254,-3.9059999999999975,-4.04604638751018,-63.717084584638,-0.16959716
V52_CPLUS_E8_C12_2T,9.025,total,255,-3.9059999999999975,-4.04604638751018,-58.71708458463801,-0.15912196
V52_CPLUS_E8_C12_2T,9.025,total,256,-3.9059999999999975,-4.04604638751018,-53.717084584638,-0.14170943
V52_CPLUS_E8_C12_2T,9.025,total,257,-3.9059999999999975,-4.04604638751018,-48.717084584638016,-0.11754639
V52_CPLUS_E8_C12_2T,9.025,total,258,-3.9059999999999975,-4.04604638751018,-43.717084584638,-0.08686937
V52_CPLUS_E8_C12_2T,9.025,total,259,-3.9059999999999975,-4.04604638751018,-38.71708458463801,-0.053864673
V52_CPLUS_E8_C12_2T,9.025,total,260,-3.906,-2.226,-130.21999999999997,0.014585531
V52_CPLUS_E8_C12_2T,9.025,total,261,-3.9060000000000006,-2.226,-125.44,0.029462008
V52_CPLUS_E8_C12_2T,9.025,total,262,-3.906000000000001,-2.226000000000005,-120.33,0.038567357
V52_CPLUS_E8_C12_2T,9.025,total,263,-3.905999999999998,-2.2260000000000058,-14.670000000000002,0.03811787
V52_CPLUS_E8_C12_2T,9.025,total,264,-3.906,-2.226,-7.17,0.022103474
V52_CPLUS_E8_C12_2T,9.025,total,265,-3.906,-2.226,0.0,-0.0009321042
V52_CPLUS_E8_C12_2T,9.025,total,266,-3.906,-1.113674,-135.0,-0.0009131904
V52_CPLUS_E8_C12_2T,9.025,total,267,-3.9060000000000006,-1.113674,-125.44,0.029464206
V52_CPLUS_E8_C12_2T,9.025,total,268,-3.9060000000000006,-1.1136740000000003,-120.33,0.038579922
V52_CPLUS_E8_C12_2T,9.025,total,269,-3.906,-1.113674,-14.67,0.03813015
V52_CPLUS_E8_C12_2T,9.025,total,270,-3.906,-1.113674,-9.56,0.029349508
V52_CPLUS_E8_C12_2T,9.025,total,271,-3.906,-1.113674,0.0,-0.00093019137
V52_CPLUS_E8_C12_2T,9.025,total,272,-3.906000000000009,-0.37767400000001,-132.61,0.0066806246
V52_CPLUS_E8_C12_2T,9.025,total,273,-3.906000000000015,-0.37767400000001006,-118.8102059708965,0.037474893
V52_CPLUS_E8_C12_2T,9.025,total,274,-3.90599999999999,-0.37767400000001006,-108.10855811164652,0.009446263
V52_CPLUS_E8_C12_2T,9.025,total,275,-3.9060000000000112,-0.37767400000001,-93.782915415362,-0.072506584
V52_CPLUS_E8_C12_2T,9.025,total,276,-3.906,-0.37767400000001,-88.78291541536201,-0.11294802
V52_CPLUS_E8_C12_2T,9.025,total,277,-3.906000000000003,-0.37767400000001,-83.782915415362,-0.14378355
V52_CPLUS_E8_C12_2T,9.025,total,278,-3.905999999999997,-0.37767400000001,-78.782915415362,-0.16537146
V52_CPLUS_E8_C12_2T,9.025,total,279,-3.906000000000003,-0.37767400000001,-73.782915415362,-0.1787779
V52_CPLUS_E8_C12_2T,9.025,total,280,-3.905999999999997,-0.37767400000001,-67.5,-0.20053542
V52_CPLUS_E8_C12_2T,9.025,total,281,-3.906000000000003,-0.37767400000001,-61.217084584637995,-0.17873861
V52_CPLUS_E8_C12_2T,9.025,total,282,-3.905999999999997,-0.37767400000001,-56.21708458463801,-0.1652807
V52_CPLUS_E8_C12_2T,9.025,total,283,-3.906000000000003,-0.37767400000001,-51.217084584637995,-0.14370243
V52_CPLUS_E8_C12_2T,9.025,total,284,-3.906000000000002,-0.37767400000001,-46.21708458463801,-0.112833545
V52_CPLUS_E8_C12_2T,9.025,total,285,-3.906,-0.37767400000001,-41.217084584638,-0.07234883
V52_CPLUS_E8_C12_2T,9.025,total,286,-3.9059999999999917,-0.37767400000001,-26.8914418883537,0.009433836
V52_CPLUS_E8_C12_2T,9.025,total,287,-3.90600000000001,-0.37767400000001,-16.18979402910355,0.03718273
V52_CPLUS_E8_C12_2T,9.025,total,288,-3.905999999999987,-0.37767400000001,-2.39,0.006640346
V52_CPLUS_E8_C12_2T,9.025,total,289,-3.6537534246575065,-0.37767400000001006,-123.05000000000001,0.035738897
V52_CPLUS_E8_C12_2T,9.025,total,290,-3.65375342465752,-0.37767400000001,-11.95,0.03549335
V52_CPLUS_E8_C12_2T,9.025,total,291,-2.872,-1.113674,-135.0,-0.00086127565
V52_CPLUS_E8_C12_2T,9.025,total,292,-2.872,-1.113674,-127.83,0.022334492
V52_CPLUS_E8_C12_2T,9.025,total,293,-2.872,-1.1136740000000003,-120.33,0.03869333
V52_CPLUS_E8_C12_2T,9.025,total,294,-2.872,-1.113674,-14.67,0.03847028
V52_CPLUS_E8_C12_2T,9.025,total,295,-2.872,-1.113674,-4.78,0.01471378
V52_CPLUS_E8_C12_2T,9.025,total,296,-2.872,-0.3776740000000001,-135.0,-0.00087075424
V52_CPLUS_E8_C12_2T,9.025,total,297,-2.872,-0.3776740000000001,-127.83,0.022327146
V52_CPLUS_E8_C12_2T,9.025,total,298,-2.872,-0.37767400000001006,-120.33,0.038698964
V52_CPLUS_E8_C12_2T,9.025,total,299,-2.872,-0.37767400000001006,-114.40096931428103,0.030533846
V52_CPLUS_E8_C12_2T,9.025,total,300,-2.872,-0.37767400000001006,-105.816469186063,-0.0007942419
V52_CPLUS_E8_C12_2T,9.025,total,301,-2.872,-0.37767400000001006,-96.282915415362,-0.05530809
V52_CPLUS_E8_C12_2T,9.025,total,302,-2.872,-0.37767400000001006,-91.282915415362,-0.091511026
V52_CPLUS_E8_C12_2T,9.025,total,303,-2.872,-0.37767400000001006,-86.282915415362,-0.12899254
V52_CPLUS_E8_C12_2T,9.025,total,304,-2.872,-0.37767400000001006,-79.44471777071274,-0.1609613
V52_CPLUS_E8_C12_2T,9.025,total,305,-2.872,-0.37767400000001006,-73.754407,-0.17775327
V52_CPLUS_E8_C12_2T,9.025,total,306,-2.872,-0.37767400000001006,-67.4614915,-0.19894259
V52_CPLUS_E8_C12_2T,9.025,total,307,-2.872,-0.37767400000001006,-61.24559299999999,-0.17711638
V52_CPLUS_E8_C12_2T,9.025,total,308,-2.872,-0.37767400000001006,-55.55528222928725,-0.1621005
V52_CPLUS_E8_C12_2T,9.025,total,309,-2.872,-0.37767400000001006,-48.717084584638,-0.12790175
V52_CPLUS_E8_C12_2T,9.025,total,310,-2.872,-0.37767400000001006,-41.878886939988746,-0.07689937
V52_CPLUS_E8_C12_2T,9.025,total,311,-2.872,-0.37767400000001006,-35.57609663685105,-0.035975847
V52_CPLUS_E8_C12_2T,9.025,total,312,-2.872,-0.37767400000001006,-24.5993529627705,0.018610416
V52_CPLUS_E8_C12_2T,9.025,total,313,-2.872,-0.37767400000001006,-17.7095880582071,0.03591043
V52_CPLUS_E8_C12_2T,9.025,total,314,-2.872,-0.37767400000001,-12.791362007168463,0.03722662
V52_CPLUS_E8_C12_2T,9.025,total,315,-2.872,-0.37767400000001,-7.802683051715303,0.024299212
V52_CPLUS_E8_C12_2T,9.025,total,316,-2.872,-0.3776740000000001,0.0,-0.0007815751
V52_CPLUS_E8_C12_2T,9.025,total,317,-1.122,-1.113674,-135.0,-0.0003193653
V52_CPLUS_E8_C12_2T,9.025,total,318,-1.1219999999999999,-1.113674,-130.21999999999997,0.015500454
V52_CPLUS_E8_C12_2T,9.025,total,319,-1.122,-1.113674,-125.44,0.030160282
V52_CPLUS_E8_C12_2T,9.025,total,320,-1.1220000000000003,-1.1136740000000003,-120.33,0.03957707
V52_CPLUS_E8_C12_2T,9.025,total,321,-1.122,-1.113674,-14.67,0.039731022
V52_CPLUS_E8_C12_2T,9.025,total,322,-1.122,-1.113674,-9.56,0.030387817
V52_CPLUS_E8_C12_2T,9.025,total,323,-1.122,-1.113674,-2.39,0.007713746
V52_CPLUS_E8_C12_2T,9.025,total,324,-1.122,-0.3776740000000001,-135.0,-0.0003050822
V52_CPLUS_E8_C12_2T,9.025,total,325,-1.1220000000000003,-0.37767400000001,-126.12652841781875,0.02822169
V52_CPLUS_E8_C12_2T,9.025,total,326,-1.1220000000000003,-0.37767400000001006,-119.89343858150177,0.03920362
V52_CPLUS_E8_C12_2T,9.025,total,327,-1.1220000000000003,-0.37767400000001006,-113.82642225912853,0.029356211
V52_CPLUS_E8_C12_2T,9.025,total,328,-1.1220000000000003,-0.37767400000001006,-105.15806576197079,-0.0038212244
V52_CPLUS_E8_C12_2T,9.025,total,329,-1.1220000000000003,-0.37767400000001006,-98.744405,-0.040649325
V52_CPLUS_E8_C12_2T,9.025,total,330,-1.1220000000000003,-0.37767400000001006,-93.76971700000001,-0.0721386
V52_CPLUS_E8_C12_2T,9.025,total,331,-1.1220000000000003,-0.37767400000001006,-88.75440700000001,-0.1088295
V52_CPLUS_E8_C12_2T,9.025,total,332,-1.1220000000000003,-0.37767400000001006,-83.754407,-0.1384889
V52_CPLUS_E8_C12_2T,9.025,total,333,-1.1220000000000003,-0.37767400000001006,-77.00104137542344,-0.16326423
V52_CPLUS_E8_C12_2T,9.025,total,334,-1.1220000000000003,-0.37767400000001006,-72.00104137542344,-0.17411594
V52_CPLUS_E8_C12_2T,9.025,total,335,-1.1220000000000003,-0.37767400000001006,-61.24559299999999,-0.16972499
V52_CPLUS_E8_C12_2T,9.025,total,336,-1.1220000000000003,-0.37767400000001006,-56.245593,-0.15894936
V52_CPLUS_E8_C12_2T,9.025,total,337,-1.1220000000000003,-0.37767400000001006,-51.245593,-0.13524991
V52_CPLUS_E8_C12_2T,9.025,total,338,-1.1220000000000003,-0.37767400000001006,-46.245593,-0.10867722
V52_CPLUS_E8_C12_2T,9.025,total,339,-1.1220000000000003,-0.37767400000001006,-41.230283,-0.07159105
V52_CPLUS_E8_C12_2T,9.025,total,340,-1.1220000000000003,-0.37767400000001006,-31.49767250000001,-0.012847433
V52_CPLUS_E8_C12_2T,9.025,total,341,-1.1220000000000003,-0.37767400000001006,-22.599191999999995,0.025580175
V52_CPLUS_E8_C12_2T,9.025,total,342,-1.1220000000000003,-0.37767400000001006,-17.273026639708853,0.037158486
V52_CPLUS_E8_C12_2T,9.025,total,343,-1.122,-0.37767400000001,-11.95,0.03640049
V52_CPLUS_E8_C12_2T,9.025,total,344,-1.1220000000000003,-0.37767400000001,-5.466528417818748,0.01789757
V52_CPLUS_E8_C12_2T,9.025,total,345,-1.122,-0.37767400000001,0.0,-0.00016622474
V52_CPLUS_E8_C12_2T,9.025,total,346,-0.36460151533454066,-0.37767400000001006,-96.282915415362,-0.055686887
V52_CPLUS_E8_C12_2T,9.025,total,347,-0.36460151533454066,-0.37767400000001006,-91.282915415362,-0.08896439
V52_CPLUS_E8_C12_2T,9.025,total,348,-0.36460151533454066,-0.37767400000001006,-86.282915415362,-0.120379046
V52_CPLUS_E8_C12_2T,9.025,total,349,-0.36460151533454066,-0.37767400000001006,-81.282915415362,-0.14379397
V52_CPLUS_E8_C12_2T,9.025,total,350,-0.3646015153345409,-0.3776740000000104,-76.282915415362,-0.16084845
V52_CPLUS_E8_C12_2T,9.025,total,351,-0.3646015153345409,-0.3776740000000104,-71.282915415362,-0.171172
V52_CPLUS_E8_C12_2T,9.025,total,352,-0.36460151533454876,-0.37767400000001006,-63.717084584638,-0.17100489
V52_CPLUS_E8_C12_2T,9.025,total,353,-0.36460151533454876,-0.37767400000001006,-58.717084584638,-0.16062975
V52_CPLUS_E8_C12_2T,9.025,total,354,-0.36460151533454965,-0.37767400000001006,-53.717084584638,-0.14334148
V52_CPLUS_E8_C12_2T,9.025,total,355,-0.36460151533454965,-0.37767400000001006,-48.717084584638016,-0.1189642
V52_CPLUS_E8_C12_2T,9.025,total,356,-0.36460151533454965,-0.37767400000001006,-43.717084584638,-0.088350706
V52_CPLUS_E8_C12_2T,9.025,total,357,-0.36460151533454965,-0.37767400000001006,-38.717084584638,-0.055278126
V52_CPLUS_E8_C12_2T,9.025,total,358,-0.34521782561916925,-0.3776740000000098,-105.816469186063,-0.00018358382
V52_CPLUS_E8_C12_2T,9.025,total,359,-0.34521782561916925,-0.3776740000000098,-29.183530813936898,-6.58588e-05
V52_CPLUS_E8_C12_2T,9.025,total,360,-4.440892098500626e-15,-17.092913958612904,-105.816469186063,0.0
V52_CPLUS_E8_C12_2T,9.025,total,361,-4.440892098500626e-15,-17.092913958612904,-29.183530813936898,1.0603049e-17
V52_CPLUS_E8_C12_2T,9.025,total,362,5.773159728050813e-15,-15.492978896205498,-104.874035410956,-0.0037827606
V52_CPLUS_E8_C12_2T,9.025,total,363,6.5503158452884236e-15,-15.492978896205498,-30.125964589044507,-0.003809269
V52_CPLUS_E8_C12_2T,9.025,total,364,0.0,-14.411382704136601,-107.39601180788802,0.0058561056
V52_CPLUS_E8_C12_2T,9.025,total,365,0.0,-14.411382704136601,-27.6039881921117,0.0059484155
V52_CPLUS_E8_C12_2T,9.025,total,366,0.0,-13.4727764561304,-103.684045231469,-0.008443109
V52_CPLUS_E8_C12_2T,9.025,total,367,0.0,-13.472776456130378,-31.315954768531373,-0.008487058
V52_CPLUS_E8_C12_2T,9.025,total,368,3.1086244689504383e-15,-11.878890892058394,-102.745174883207,-0.01232869
V52_CPLUS_E8_C12_2T,9.025,total,369,0.0,-11.878890892058498,-26.112236511081203,0.012047806
V52_CPLUS_E8_C12_2T,9.025,total,370,0.0,-11.665732454056494,-109.01332340453145,0.012363232
V52_CPLUS_E8_C12_2T,9.025,total,371,0.0,-11.665732454056775,-32.38038503240548,-0.012918341
V52_CPLUS_E8_C12_2T,9.025,total,372,0.0,-10.071846889984645,-109.95219375279255,0.016018858
V52_CPLUS_E8_C12_2T,9.025,total,373,8.881784197001252e-15,-10.0718468899849,-101.68074461933298,-0.017358107
V52_CPLUS_E8_C12_2T,9.025,total,374,0.0,-10.071846889984874,-33.31925538066669,-0.017374221
V52_CPLUS_E8_C12_2T,9.025,total,375,0.0,-10.0718468899849,-25.047806247207202,0.016268376
V52_CPLUS_E8_C12_2T,9.025,total,376,-7.771561172376095e-16,-9.310524288256191,-110.40064703722899,0.01765182
V52_CPLUS_E8_C12_2T,9.025,total,377,0.0,-9.310524288256179,-24.5993529627705,0.017921755
V52_CPLUS_E8_C12_2T,9.025,total,378,6.550315845288423e-15,-9.088897537958939,-100.33202399189898,-0.024903974
V52_CPLUS_E8_C12_2T,9.025,total,379,0.0,-9.061407718357515,-34.7796420719627,-0.025543436
V52_CPLUS_E8_C12_2T,9.025,total,380,0.0,-8.546456958612909,-105.816469186063,-1.09477005e-05
V52_CPLUS_E8_C12_2T,9.025,total,381,0.0,-8.546456958612909,-29.183530813936898,4.3938857e-05
V52_CPLUS_E8_C12_2T,9.025,total,382,0.0,-8.4917979363184,-23.78830678977009,0.020852806
V52_CPLUS_E8_C12_2T,9.025,total,383,7.993605777301127e-15,-8.328744265502182,-97.24421457382029,-0.045295388
V52_CPLUS_E8_C12_2T,9.025,total,384,0.0,-8.09209277502036,-91.282915584638,-0.084556065
V52_CPLUS_E8_C12_2T,9.025,total,385,5.218048215738235e-15,-8.09209277502038,-85.63302458463801,-0.11836465
V52_CPLUS_E8_C12_2T,9.025,total,386,5.218048215738235e-15,-8.09209277502038,-77.153024584638,-0.1543257
V52_CPLUS_E8_C12_2T,9.025,total,387,5.218048215738235e-15,-8.09209277502038,-71.853024584638,-0.16667746
V52_CPLUS_E8_C12_2T,9.025,total,388,0.0,-8.092092775020351,-66.55302458463801,-0.1693376
V52_CPLUS_E8_C12_2T,9.025,total,389,0.0,-8.092092775020355,-61.253024584638005,-0.1628994
V52_CPLUS_E8_C12_2T,9.025,total,390,0.0,-8.092092775020358,-56.068024584638,-0.14784397
V52_CPLUS_E8_C12_2T,9.025,total,391,0.0,-8.092092775020362,-51.228024584638,-0.127032
V52_CPLUS_E8_C12_2T,9.025,total,392,0.0,-8.092092775020365,-46.228024584638,-0.099451885
V52_CPLUS_E8_C12_2T,9.025,total,393,0.0,-8.09209277502037,-38.717084584638,-0.05147786
V52_CPLUS_E8_C12_2T,9.025,total,394,0.0,-7.9224947009118205,-111.775656015703,0.022486482
V52_CPLUS_E8_C12_2T,9.025,total,395,3.3306690738754696e-15,-7.809337948944436,-23.11224871532861,0.023179589
V52_CPLUS_E8_C12_2T,9.025,total,396,0.0,-6.597407886379823,-113.08831266499183,0.026661552
V52_CPLUS_E8_C12_2T,9.025,total,397,0.0,-6.59740788637999,-21.9116873350083,0.027002327
V52_CPLUS_E8_C12_2T,9.025,total,398,0.0,-5.272321071848141,-114.400969314281,0.030252527
V52_CPLUS_E8_C12_2T,9.025,total,399,0.0,-5.27232107184816,-20.5990306857192,0.030614793
V52_CPLUS_E8_C12_2T,9.025,total,400,0.0,-4.526989503240041,-115.469377062222,0.032827172
V52_CPLUS_E8_C12_2T,9.025,total,401,0.0,-4.296812357623591,-19.200671737354472,0.03396943
V52_CPLUS_E8_C12_2T,9.025,total,402,0.0,-4.046046387510175,-67.5,-0.17006241
V52_CPLUS_E8_C12_2T,9.025,total,403,3.9968028886505635e-15,-3.1173694198005193,-117.70109587745299,0.037521277
V52_CPLUS_E8_C12_2T,9.025,total,404,3.1086244689504383e-15,-3.1173694198005286,-17.298904122547004,0.03793586
V52_CPLUS_E8_C12_2T,9.025,total,405,0.0,-2.226,-135.0,2.620738e-17
V52_CPLUS_E8_C12_2T,9.025,total,406,0.0,-2.226,-130.22,0.016277691
V52_CPLUS_E8_C12_2T,9.025,total,407,0.0,-2.226,-125.44,0.030746875
V52_CPLUS_E8_C12_2T,9.025,total,408,0.0,-2.226,-120.33,0.04099289
V52_CPLUS_E8_C12_2T,9.025,total,409,0.0,-2.226,-14.67,0.041362837
V52_CPLUS_E8_C12_2T,9.025,total,410,0.0,-2.226,-9.56,0.031059364
V52_CPLUS_E8_C12_2T,9.025,total,411,0.0,-2.226,-4.78,0.016495697
V52_CPLUS_E8_C12_2T,9.025,total,412,0.0,-2.226,0.0,0.0
V52_CPLUS_E8_C12_2T,9.025,total,413,0.0,-1.1136740000000003,-120.33,0.04050241
V52_CPLUS_E8_C12_2T,9.025,total,414,0.0,-1.113674,-14.67,0.040863562
V52_CPLUS_E8_C12_2T,9.025,total,415,0.0,-1.1129999999999984,-133.805,0.004264755
V52_CPLUS_E8_C12_2T,9.025,total,416,0.0,-1.113000000000006,-126.63499999999999,0.027548704
V52_CPLUS_E8_C12_2T,9.025,total,417,0.0,-1.1130000000000002,-8.365000000000002,0.02784209
V52_CPLUS_E8_C12_2T,9.025,total,418,0.0,-1.1129999999999993,-1.1950000000000003,0.004341787
V52_CPLUS_E8_C12_2T,9.025,total,419,0.0,-0.37767400000001,-123.05000000000001,0.036586378
V52_CPLUS_E8_C12_2T,9.025,total,420,0.0,-0.3776740000000102,-96.282915415362,-0.055805456
V52_CPLUS_E8_C12_2T,9.025,total,421,0.0,-0.37767400000001,-81.282915415362,-0.14208357
V52_CPLUS_E8_C12_2T,9.025,total,422,0.0,-0.37767400000001,-48.717084584638,-0.11742259
V52_CPLUS_E8_C12_2T,9.025,total,423,-4.440892098500626e-15,-0.37767400000001,-14.669999999999993,0.040560327
V52_CPLUS_E8_C12_2T,9.025,total,424,1.0058735712501201e-14,-0.37767400000001,-4.78,0.016450835
V52_CPLUS_E8_C12_2T,9.025,total,425,0.0,0.0,-132.61,0.008265547
V52_CPLUS_E8_C12_2T,9.025,total,426,0.0,0.0,-127.83,0.023851482
V52_CPLUS_E8_C12_2T,9.025,total,427,3.996802888650564e-15,5.717673043901034e-15,-114.31,0.03090535
V52_CPLUS_E8_C12_2T,9.025,total,428,3.9968028886505635e-15,5.7176730439010165e-15,-107.95,0.0096467445
V52_CPLUS_E8_C12_2T,9.025,total,429,0.0,1.573175648209105e-14,-100.64499999999998,-0.02793792
V52_CPLUS_E8_C12_2T,9.025,total,430,3.9968028886505635e-15,5.717673043901012e-15,-90.99,-0.09055852
V52_CPLUS_E8_C12_2T,9.025,total,431,3.9968028886505635e-15,5.71767304390102e-15,-85.69,-0.121927775
V52_CPLUS_E8_C12_2T,9.025,total,432,0.0,1.573175648209105e-14,-74.145,-0.16386035
V52_CPLUS_E8_C12_2T,9.025,total,433,0.0,1.573175648209105e-14,-65.665,-0.17002387
V52_CPLUS_E8_C12_2T,9.025,total,434,0.0,1.573175648209105e-14,-60.365,-0.16258717
V52_CPLUS_E8_C12_2T,9.025,total,435,0.0,1.573175648209105e-14,-55.065,-0.14682734
V52_CPLUS_E8_C12_2T,9.025,total,436,0.0,9.961323865391232e-15,-42.230000000000004,-0.07859526
V52_CPLUS_E8_C12_2T,9.025,total,437,0.0,6.937866893910912e-15,-33.865,-0.024880087
V52_CPLUS_E8_C12_2T,9.025,total,438,0.0,4.5975340917190325e-15,-27.390000000000004,0.008358966
V52_CPLUS_E8_C12_2T,9.025,total,439,0.0,2.298767045859517e-15,-21.030000000000005,0.030419534
V52_CPLUS_E8_C12_2T,9.025,total,440,0.0,0.0,-9.56,0.03107552
V52_CPLUS_E8_C12_2T,9.025,total,441,0.0,0.0,0.0,0.0004245123
V52_CPLUS_E8_C12_2T,9.025,total,442,0.52400000000001,-17.092913958612904,-105.81646918606299,0.0
V52_CPLUS_E8_C12_2T,9.025,total,443,0.52400000000001,-17.0929139586129,-29.183530813936898,0.0
V52_CPLUS_E8_C12_2T,9.025,total,444,0.5239999999999996,-16.127119864078097,-106.38536538433698,0.0020209784
V52_CPLUS_E8_C12_2T,9.025,total,445,0.5240000000000028,-16.127119864078104,-28.6146346156628,0.0020557551
V52_CPLUS_E8_C12_2T,9.025,total,446,0.5240000000000075,-14.320075862004604,-107.44979564821098,0.006113147
V52_CPLUS_E8_C12_2T,9.025,total,447,0.52400000000001,-14.32007586200458,-30.81685727608508,-0.0065034665
V52_CPLUS_E8_C12_2T,9.025,total,448,0.52400000000001,-12.7261902979327,-108.388665996472,0.009911036
V52_CPLUS_E8_C12_2T,9.025,total,449,0.52400000000001,-12.726190297932698,-26.611334003527517,0.010081652
V52_CPLUS_E8_C12_2T,9.025,total,450,0.52400000000001,-12.513031859931099,-103.11871246004101,-0.010632946
V52_CPLUS_E8_C12_2T,9.025,total,451,0.52400000000001,-12.513031859931058,-31.881287539959136,-0.010710714
V52_CPLUS_E8_C12_2T,9.025,total,452,0.52400000000001,-10.9191462958591,-109.45309626034701,0.01419712
V52_CPLUS_E8_C12_2T,9.025,total,453,0.52400000000001,-10.91914629585914,-25.546903739653438,0.014435264
V52_CPLUS_E8_C12_2T,9.025,total,454,0.52400000000001,-10.7059878578575,-102.05428219616698,-0.015271194
V52_CPLUS_E8_C12_2T,9.025,total,455,0.52400000000001,-10.705987857857497,-32.94571780383322,-0.01534837
V52_CPLUS_E8_C12_2T,9.025,total,456,0.52400000000001,-9.310524288256177,-110.40064703722899,0.017765904
V52_CPLUS_E8_C12_2T,9.025,total,457,0.52400000000001,-9.310524288256172,-33.767708665103314,-0.019489642
V52_CPLUS_E8_C12_2T,9.025,total,458,0.52400000000001,-9.310524288256179,-24.5993529627705,0.018053817
V52_CPLUS_E8_C12_2T,9.025,total,459,0.52400000000001,-9.24307956963641,-100.95832495877299,-0.020884275
V52_CPLUS_E8_C12_2T,9.025,total,460,0.5240000000000034,-8.568745437008012,-111.13546752651,0.020410402
V52_CPLUS_E8_C12_2T,9.025,total,461,0.52400000000001,-8.568745437008044,-23.864532473490385,0.020730723
V52_CPLUS_E8_C12_2T,9.025,total,462,0.5240000000000061,-8.20205205342605,-38.2704203291927,-0.047218017
V52_CPLUS_E8_C12_2T,9.025,total,463,0.524000000000004,-8.092092775020351,-95.67761058463803,-0.053903546
V52_CPLUS_E8_C12_2T,9.025,total,464,0.52400000000001,-8.09209277502036,-87.31261058463801,-0.1023138
V52_CPLUS_E8_C12_2T,9.025,total,465,0.524000000000004,-8.092092775020351,-79.77761058463801,-0.13549286
V52_CPLUS_E8_C12_2T,9.025,total,466,0.52400000000001,-8.09209277502036,-71.412610584638,-0.15520184
V52_CPLUS_E8_C12_2T,9.025,total,467,0.52400000000001,-8.092092775020355,-61.757610584638016,-0.15249108
V52_CPLUS_E8_C12_2T,9.025,total,468,0.52400000000001,-8.092092775020358,-56.45761058463802,-0.13934335
V52_CPLUS_E8_C12_2T,9.025,total,469,0.52400000000001,-8.092092775020362,-51.15761058463802,-0.11875653
V52_CPLUS_E8_C12_2T,9.025,total,470,0.52400000000001,-8.092092775020365,-44.797610584638015,-0.086109534
V52_CPLUS_E8_C12_2T,9.025,total,471,0.52400000000001,-7.243434126255018,-112.44834656610105,0.024824992
V52_CPLUS_E8_C12_2T,9.025,total,472,0.52400000000001,-7.243434126254982,-22.55165343389877,0.025193604
V52_CPLUS_E8_C12_2T,9.025,total,473,0.52400000000001,-6.024666874978042,-21.34431900208669,0.028853612
V52_CPLUS_E8_C12_2T,9.025,total,474,0.52400000000001,-5.918122815501852,-113.76122560569299,0.028738461
V52_CPLUS_E8_C12_2T,9.025,total,475,0.5240000000000179,-4.883360286995657,-114.95853152375214,0.031793565
V52_CPLUS_E8_C12_2T,9.025,total,476,0.52400000000001,-4.88336028699544,-20.0414684762477,0.032242693
V52_CPLUS_E8_C12_2T,9.025,total,477,0.52400000000001,-4.04604638751018,-67.50000000000001,-0.15756236
V52_CPLUS_E8_C12_2T,9.025,total,478,0.5239999999999994,-3.993790743691725,-116.23369955960099,0.034727577
V52_CPLUS_E8_C12_2T,9.025,total,479,0.52400000000001,-3.9937907436917595,-18.766300440398584,0.035214208
V52_CPLUS_E8_C12_2T,9.025,total,480,0.5240000000000047,-3.256617975238949,-17.70958805820711,0.03738802
V52_CPLUS_E8_C12_2T,9.025,total,481,0.5240000000000025,-2.9311933668034116,-118.25018246531604,0.038865436
V52_CPLUS_E8_C12_2T,9.025,total,482,0.52400000000001,-2.4747264620991296,-15.403565687888705,0.041397445
V52_CPLUS_E8_C12_2T,9.025,total,483,0.52400000000001,-2.226,-135.0,3.2782372e-17
V52_CPLUS_E8_C12_2T,9.025,total,484,0.52400000000001,-2.226,-130.22,0.01664056
V52_CPLUS_E8_C12_2T,9.025,total,485,0.52400000000001,-2.226,-120.66,0.041127495
V52_CPLUS_E8_C12_2T,9.025,total,486,0.52400000000001,-2.226,-9.56,0.031331386
V52_CPLUS_E8_C12_2T,9.025,total,487,0.52400000000001,-2.226,-4.78,0.016684745
V52_CPLUS_E8_C12_2T,9.025,total,488,0.52400000000001,-2.226,0.0,0.0
V52_CPLUS_E8_C12_2T,9.025,total,489,0.52400000000001,-1.1129999999999651,-129.025,0.020604568
V52_CPLUS_E8_C12_2T,9.025,total,490,0.52400000000001,-1.1130000000000004,-121.69000000000001,0.039402056
V52_CPLUS_E8_C12_2T,9.025,total,491,0.52400000000001,-1.1129999999999967,-13.310000000000002,0.03978154
V52_CPLUS_E8_C12_2T,9.025,total,492,0.52400000000001,-1.1129999999999893,-5.975000000000001,0.020693537
V52_CPLUS_E8_C12_2T,9.025,total,493,0.52400000000001,2.6484591469634303e-14,-135.0,0.0004939896
V52_CPLUS_E8_C12_2T,9.025,total,494,0.52400000000001,2.6484591469634303e-14,-127.83,0.024241805
V52_CPLUS_E8_C12_2T,9.025,total,495,0.52400000000001,2.2542148975759086e-14,-118.992342,0.039481502
V52_CPLUS_E8_C12_2T,9.025,total,496,0.524000000000004,3.631725115855166e-14,-109.452342,0.015874041
V52_CPLUS_E8_C12_2T,9.025,total,497,0.5240000000000042,3.5404829822303976e-14,-104.15234200000002,-0.0082113845
V52_CPLUS_E8_C12_2T,9.025,total,498,0.5239999999999977,3.449240848605607e-14,-98.85234200000001,-0.03842926
V52_CPLUS_E8_C12_2T,9.025,total,499,0.5240000000000041,3.3579987149808576e-14,-93.55234200000001,-0.07085655
V52_CPLUS_E8_C12_2T,9.025,total,500,0.5240000000000041,3.266756581356102e-14,-88.25234200000001,-0.10079272
V52_CPLUS_E8_C12_2T,9.025,total,501,0.5240000000000041,3.157266021006372e-14,-81.89234200000001,-0.12999892
V52_CPLUS_E8_C12_2T,9.025,total,502,0.52400000000001,2.0497552428013602e-14,-75.647342,-0.14906289
V52_CPLUS_E8_C12_2T,9.025,total,503,0.52400000000001,1.94026468245164e-14,-69.287342,-0.15734069
V52_CPLUS_E8_C12_2T,9.025,total,504,0.52400000000001,1.8307741221019154e-14,-62.927342,-0.15475082
V52_CPLUS_E8_C12_2T,9.025,total,505,0.5240000000000082,2.6645584994326385e-14,-53.27234200000001,-0.13015567
V52_CPLUS_E8_C12_2T,9.025,total,506,0.52400000000001,1.0545898156505152e-14,-43.847342000000005,-0.08435536
V52_CPLUS_E8_C12_2T,9.025,total,507,0.52400000000001,7.480875428692463e-15,-35.367342,-0.033460777
V52_CPLUS_E8_C12_2T,9.025,total,508,0.52400000000001,4.032724859903191e-15,-25.827342,0.01504161
V52_CPLUS_E8_C12_2T,9.025,total,509,0.52400000000001,5.845742911139178e-16,-16.287342,0.03960312
V52_CPLUS_E8_C12_2T,9.025,total,510,0.52400000000001,0.0,-4.78,0.01666242
V52_CPLUS_E8_C12_2T,9.025,total,511,0.52400000000001,0.0,0.0,0.00047279996
