trial_id,variant,case_id,axis,model,derivative_vs_velocity_relative_l2,derivative_vs_velocity_relative_l2_defined,derivative_vs_velocity_rmse_mps
COMMON_FEM,common,BASE_C1_0T,X,FEM_COMSOL_SAVED_GRID_FLOOR,,False,0.0
R4_LHS_03,physics,BASE_C1_0T,X,S10,,False,0.0
COMMON_FEM,common,BASE_C1_0T,Y,FEM_COMSOL_SAVED_GRID_FLOOR,,False,0.0
R4_LHS_03,physics,BASE_C1_0T,Y,S10,,False,0.0
COMMON_FEM,common,BASE_C1_0T,Z,FEM_COMSOL_SAVED_GRID_FLOOR,,False,0.0
R4_LHS_03,physics,BASE_C1_0T,Z,S10,,False,0.0
COMMON_FEM,common,BASE_C2_0T,X,FEM_COMSOL_SAVED_GRID_FLOOR,,False,0.0
R4_LHS_03,physics,BASE_C2_0T,X,S10,,False,0.0
COMMON_FEM,common,BASE_C2_0T,Y,FEM_COMSOL_SAVED_GRID_FLOOR,,False,0.0
R4_LHS_03,physics,BASE_C2_0T,Y,S10,,False,0.0
COMMON_FEM,common,BASE_C2_0T,Z,FEM_COMSOL_SAVED_GRID_FLOOR,,False,0.0
R4_LHS_03,physics,BASE_C2_0T,Z,S10,,False,0.0
COMMON_FEM,common,BASE_C3_0T,X,FEM_COMSOL_SAVED_GRID_FLOOR,,False,0.0
R4_LHS_03,physics,BASE_C3_0T,X,S10,,False,0.0
COMMON_FEM,common,BASE_C3_0T,Y,FEM_COMSOL_SAVED_GRID_FLOOR,,False,0.0
R4_LHS_03,physics,BASE_C3_0T,Y,S10,,False,0.0
COMMON_FEM,common,BASE_C3_0T,Z,FEM_COMSOL_SAVED_GRID_FLOOR,,False,0.0
R4_LHS_03,physics,BASE_C3_0T,Z,S10,,False,0.0
COMMON_FEM,common,BASE_C8_0T,X,FEM_COMSOL_SAVED_GRID_FLOOR,,False,0.0
R4_LHS_03,physics,BASE_C8_0T,X,S10,,False,0.0
COMMON_FEM,common,BASE_C8_0T,Y,FEM_COMSOL_SAVED_GRID_FLOOR,,False,0.0
R4_LHS_03,physics,BASE_C8_0T,Y,S10,,False,0.0
COMMON_FEM,common,BASE_C8_0T,Z,FEM_COMSOL_SAVED_GRID_FLOOR,,False,0.0
R4_LHS_03,physics,BASE_C8_0T,Z,S10,,False,0.0
COMMON_FEM,common,V40_A_E1_C4_2T,X,FEM_COMSOL_SAVED_GRID_FLOOR,0.2773025601726855,True,0.0002132008693370951
R4_LHS_03,physics,V40_A_E1_C4_2T,X,S10,0.8729399311635988,True,0.000678020884831017
COMMON_FEM,common,V40_A_E1_C4_2T,Y,FEM_COMSOL_SAVED_GRID_FLOOR,0.27973546552735423,True,0.001981371700980955
R4_LHS_03,physics,V40_A_E1_C4_2T,Y,S10,0.7565972042857161,True,0.005217876671469386
COMMON_FEM,common,V40_A_E1_C4_2T,Z,FEM_COMSOL_SAVED_GRID_FLOOR,0.2425548863898342,True,0.0013697796908191144
R4_LHS_03,physics,V40_A_E1_C4_2T,Z,S10,0.8325520239137068,True,0.004711518436115698
COMMON_FEM,common,V40_B_E1_C4_2T,X,FEM_COMSOL_SAVED_GRID_FLOOR,0.2739645610791885,True,0.0002662157424017153
R4_LHS_03,physics,V40_B_E1_C4_2T,X,S10,0.8952361733893822,True,0.000854761865130087
COMMON_FEM,common,V40_B_E1_C4_2T,Y,FEM_COMSOL_SAVED_GRID_FLOOR,0.27480315015060963,True,0.002414541776623594
R4_LHS_03,physics,V40_B_E1_C4_2T,Y,S10,0.7110936076807883,True,0.006130880464229044
COMMON_FEM,common,V40_B_E1_C4_2T,Z,FEM_COMSOL_SAVED_GRID_FLOOR,0.24559553385074695,True,0.0017734743330256075
R4_LHS_03,physics,V40_B_E1_C4_2T,Z,S10,0.8373588085214521,True,0.005987739554860745
COMMON_FEM,common,V40_CPLUS_E1_C4_2T,X,FEM_COMSOL_SAVED_GRID_FLOOR,0.2792691982588475,True,0.0003935259804614101
R4_LHS_03,physics,V40_CPLUS_E1_C4_2T,X,S10,0.8984224141093828,True,0.0012193284455975595
COMMON_FEM,common,V40_CPLUS_E1_C4_2T,Y,FEM_COMSOL_SAVED_GRID_FLOOR,0.27835620384289234,True,0.003669177767889427
R4_LHS_03,physics,V40_CPLUS_E1_C4_2T,Y,S10,0.7000688069402846,True,0.009190555240988598
COMMON_FEM,common,V40_CPLUS_E1_C4_2T,Z,FEM_COMSOL_SAVED_GRID_FLOOR,0.25058281344427513,True,0.0027683372873774093
R4_LHS_03,physics,V40_CPLUS_E1_C4_2T,Z,S10,0.8097922443875758,True,0.008681121417569526
COMMON_FEM,common,V40_C_E1_C4_2T,X,FEM_COMSOL_SAVED_GRID_FLOOR,0.2808558901000967,True,0.00033174772814140944
R4_LHS_03,physics,V40_C_E1_C4_2T,X,S10,0.8983311198240339,True,0.0010402298026118014
COMMON_FEM,common,V40_C_E1_C4_2T,Y,FEM_COMSOL_SAVED_GRID_FLOOR,0.27640798661944893,True,0.002905783077350908
R4_LHS_03,physics,V40_C_E1_C4_2T,Y,S10,0.7246910382959847,True,0.0075942669518484565
COMMON_FEM,common,V40_C_E1_C4_2T,Z,FEM_COMSOL_SAVED_GRID_FLOOR,0.2521143288876125,True,0.0022557713863270313
R4_LHS_03,physics,V40_C_E1_C4_2T,Z,S10,0.8515336141449167,True,0.007471705846336023
COMMON_FEM,common,V52_A_E1_C4_2T,X,FEM_COMSOL_SAVED_GRID_FLOOR,0.3393880922124302,True,0.0002586939214876414
R4_LHS_03,physics,V52_A_E1_C4_2T,X,S10,0.9177243013024852,True,0.000665956181509153
COMMON_FEM,common,V52_A_E1_C4_2T,Y,FEM_COMSOL_SAVED_GRID_FLOOR,0.31161851109329053,True,0.0026899287925459875
R4_LHS_03,physics,V52_A_E1_C4_2T,Y,S10,0.7131144710618927,True,0.005917974006919851
COMMON_FEM,common,V52_A_E1_C4_2T,Z,FEM_COMSOL_SAVED_GRID_FLOOR,0.22478779451641992,True,0.001236425374351197
R4_LHS_03,physics,V52_A_E1_C4_2T,Z,S10,0.720872908789636,True,0.00370597670719175
COMMON_FEM,common,V52_B_E1_C4_2T,X,FEM_COMSOL_SAVED_GRID_FLOOR,0.3390894974891429,True,0.0003191335648919658
R4_LHS_03,physics,V52_B_E1_C4_2T,X,S10,0.914835740877226,True,0.0008006867390305692
COMMON_FEM,common,V52_B_E1_C4_2T,Y,FEM_COMSOL_SAVED_GRID_FLOOR,0.3102116179501045,True,0.003309295969386412
R4_LHS_03,physics,V52_B_E1_C4_2T,Y,S10,0.7211519202618183,True,0.007366925387141396
COMMON_FEM,common,V52_B_E1_C4_2T,Z,FEM_COMSOL_SAVED_GRID_FLOOR,0.22278535610464675,True,0.00151585484794251
R4_LHS_03,physics,V52_B_E1_C4_2T,Z,S10,0.7168658359459731,True,0.0046912875716492
COMMON_FEM,common,V52_CPLUS_E1_C4_2T,X,FEM_COMSOL_SAVED_GRID_FLOOR,0.3465127151998475,True,0.00048071721652323475
R4_LHS_03,physics,V52_CPLUS_E1_C4_2T,X,S10,0.9067191822049339,True,0.0011785525063151303
COMMON_FEM,common,V52_CPLUS_E1_C4_2T,Y,FEM_COMSOL_SAVED_GRID_FLOOR,0.3139788765817397,True,0.004974690861622944
R4_LHS_03,physics,V52_CPLUS_E1_C4_2T,Y,S10,0.7012188109371059,True,0.01062405994338862
COMMON_FEM,common,V52_CPLUS_E1_C4_2T,Z,FEM_COMSOL_SAVED_GRID_FLOOR,0.2181386827143002,True,0.002236826540607685
R4_LHS_03,physics,V52_CPLUS_E1_C4_2T,Z,S10,0.7232541502335366,True,0.007050901807102212
COMMON_FEM,common,V52_C_E1_C4_2T,X,FEM_COMSOL_SAVED_GRID_FLOOR,0.3364074849754714,True,0.000377467134108832
R4_LHS_03,physics,V52_C_E1_C4_2T,X,S10,0.9143837402194283,True,0.0009641981291335731
COMMON_FEM,common,V52_C_E1_C4_2T,Y,FEM_COMSOL_SAVED_GRID_FLOOR,0.3118042107027322,True,0.003972093919887395
R4_LHS_03,physics,V52_C_E1_C4_2T,Y,S10,0.7311881190842869,True,0.008892026381344925
COMMON_FEM,common,V52_C_E1_C4_2T,Z,FEM_COMSOL_SAVED_GRID_FLOOR,0.2210866355611207,True,0.0017933478721356855
R4_LHS_03,physics,V52_C_E1_C4_2T,Z,S10,0.7337896817646318,True,0.005717404352706243
COMMON_FEM,common,V40_A_E2_C5_2T,X,FEM_COMSOL_SAVED_GRID_FLOOR,0.6231822549362905,True,0.0006398323712949107
R4_LHS_03,physics,V40_A_E2_C5_2T,X,S10,0.894258950130627,True,0.0010448488794755338
COMMON_FEM,common,V40_A_E2_C5_2T,Y,FEM_COMSOL_SAVED_GRID_FLOOR,0.27730051418113033,True,0.0019487756099371347
R4_LHS_03,physics,V40_A_E2_C5_2T,Y,S10,0.907175412555002,True,0.006136861895543079
COMMON_FEM,common,V40_A_E2_C5_2T,Z,FEM_COMSOL_SAVED_GRID_FLOOR,0.24739235891518757,True,0.0014143881382346793
R4_LHS_03,physics,V40_A_E2_C5_2T,Z,S10,1.0001731018905322,True,0.0056350472575882994
COMMON_FEM,common,V40_B_E2_C5_2T,X,FEM_COMSOL_SAVED_GRID_FLOOR,0.4791302541418472,True,0.0006489633817683717
R4_LHS_03,physics,V40_B_E2_C5_2T,X,S10,0.8943543207319276,True,0.0010014195700723623
COMMON_FEM,common,V40_B_E2_C5_2T,Y,FEM_COMSOL_SAVED_GRID_FLOOR,0.27763391887852606,True,0.002436008630341179
R4_LHS_03,physics,V40_B_E2_C5_2T,Y,S10,0.7735682221846306,True,0.006537151962301165
COMMON_FEM,common,V40_B_E2_C5_2T,Z,FEM_COMSOL_SAVED_GRID_FLOOR,0.2469941012157292,True,0.001794173268863969
R4_LHS_03,physics,V40_B_E2_C5_2T,Z,S10,0.8695453124182015,True,0.005945191701343543
COMMON_FEM,common,V40_CPLUS_E2_C5_2T,X,FEM_COMSOL_SAVED_GRID_FLOOR,0.4351378162184862,True,0.0007060142533350132
R4_LHS_03,physics,V40_CPLUS_E2_C5_2T,X,S10,0.8877613834247804,True,0.001422854367497863
COMMON_FEM,common,V40_CPLUS_E2_C5_2T,Y,FEM_COMSOL_SAVED_GRID_FLOOR,0.2785949221804202,True,0.0036642800469324664
R4_LHS_03,physics,V40_CPLUS_E2_C5_2T,Y,S10,0.7483484639773778,True,0.00960323621727739
COMMON_FEM,common,V40_CPLUS_E2_C5_2T,Z,FEM_COMSOL_SAVED_GRID_FLOOR,0.24601036554523345,True,0.0027734929910154037
R4_LHS_03,physics,V40_CPLUS_E2_C5_2T,Z,S10,0.8662878751888223,True,0.009150446014753684
COMMON_FEM,common,V40_C_E2_C5_2T,X,FEM_COMSOL_SAVED_GRID_FLOOR,0.48694112184778815,True,0.0007113072014380193
R4_LHS_03,physics,V40_C_E2_C5_2T,X,S10,0.8722061885180549,True,0.0012084666423018023
COMMON_FEM,common,V40_C_E2_C5_2T,Y,FEM_COMSOL_SAVED_GRID_FLOOR,0.2720179505209473,True,0.002852588385725527
R4_LHS_03,physics,V40_C_E2_C5_2T,Y,S10,0.8116411347570877,True,0.00837319474128629
COMMON_FEM,common,V40_C_E2_C5_2T,Z,FEM_COMSOL_SAVED_GRID_FLOOR,0.24631721043714275,True,0.0021905698850643684
R4_LHS_03,physics,V40_C_E2_C5_2T,Z,S10,0.9267468245886168,True,0.008119856073135034
COMMON_FEM,common,V52_A_E2_C5_2T,X,FEM_COMSOL_SAVED_GRID_FLOOR,0.7028334142975687,True,0.000700328705761124
R4_LHS_03,physics,V52_A_E2_C5_2T,X,S10,0.9183384889109304,True,0.0008001264379027032
COMMON_FEM,common,V52_A_E2_C5_2T,Y,FEM_COMSOL_SAVED_GRID_FLOOR,0.3159187892301833,True,0.002718581638620731
R4_LHS_03,physics,V52_A_E2_C5_2T,Y,S10,0.7607855930956482,True,0.006255870057330797
COMMON_FEM,common,V52_A_E2_C5_2T,Z,FEM_COMSOL_SAVED_GRID_FLOOR,0.2200141357026011,True,0.0011822432181833712
R4_LHS_03,physics,V52_A_E2_C5_2T,Z,S10,0.7915644187571966,True,0.004090303382974551
COMMON_FEM,common,V52_B_E2_C5_2T,X,FEM_COMSOL_SAVED_GRID_FLOOR,0.5613328422584568,True,0.00066921734163138
R4_LHS_03,physics,V52_B_E2_C5_2T,X,S10,0.9330617050870122,True,0.0008955993233904642
COMMON_FEM,common,V52_B_E2_C5_2T,Y,FEM_COMSOL_SAVED_GRID_FLOOR,0.31354074501700324,True,0.0033463267665270707
R4_LHS_03,physics,V52_B_E2_C5_2T,Y,S10,0.7400153696505798,True,0.007523631318787546
COMMON_FEM,common,V52_B_E2_C5_2T,Z,FEM_COMSOL_SAVED_GRID_FLOOR,0.22511927243920668,True,0.0015112784424274486
R4_LHS_03,physics,V52_B_E2_C5_2T,Z,S10,0.7518192516575696,True,0.004893782751118283
COMMON_FEM,common,V52_CPLUS_E2_C5_2T,X,FEM_COMSOL_SAVED_GRID_FLOOR,0.48928059056350576,True,0.0007650096982992636
R4_LHS_03,physics,V52_CPLUS_E2_C5_2T,X,S10,0.916558917159632,True,0.0012350099786752663
COMMON_FEM,common,V52_CPLUS_E2_C5_2T,Y,FEM_COMSOL_SAVED_GRID_FLOOR,0.3092589969129378,True,0.004904796489436464
R4_LHS_03,physics,V52_CPLUS_E2_C5_2T,Y,S10,0.6748116931536017,True,0.010323156985032854
COMMON_FEM,common,V52_CPLUS_E2_C5_2T,Z,FEM_COMSOL_SAVED_GRID_FLOOR,0.21530079081167655,True,0.002197837742784821
R4_LHS_03,physics,V52_CPLUS_E2_C5_2T,Z,S10,0.6830299395730856,True,0.00675388608701895
COMMON_FEM,common,V52_C_E2_C5_2T,X,FEM_COMSOL_SAVED_GRID_FLOOR,0.5407499798305884,True,0.0007127273631513689
R4_LHS_03,physics,V52_C_E2_C5_2T,X,S10,0.913734033951576,True,0.0010387015807805549
COMMON_FEM,common,V52_C_E2_C5_2T,Y,FEM_COMSOL_SAVED_GRID_FLOOR,0.31223793697490243,True,0.003988574268534122
R4_LHS_03,physics,V52_C_E2_C5_2T,Y,S10,0.6721859105023419,True,0.008284443397634893
COMMON_FEM,common,V52_C_E2_C5_2T,Z,FEM_COMSOL_SAVED_GRID_FLOOR,0.22221425018742175,True,0.0017876702534656093
R4_LHS_03,physics,V52_C_E2_C5_2T,Z,S10,0.6736576844694022,True,0.0052459539547359164
COMMON_FEM,common,V40_A_E3_C6_1T,X,FEM_COMSOL_SAVED_GRID_FLOOR,0.24406438779166806,True,0.00016671946996846314
R4_LHS_03,physics,V40_A_E3_C6_1T,X,S10,0.8412946033300629,True,0.0005498261516873846
COMMON_FEM,common,V40_A_E3_C6_1T,Y,FEM_COMSOL_SAVED_GRID_FLOOR,0.2935344202332273,True,0.0013510744843258956
R4_LHS_03,physics,V40_A_E3_C6_1T,Y,S10,0.890858716969334,True,0.003816902809739034
COMMON_FEM,common,V40_A_E3_C6_1T,Z,FEM_COMSOL_SAVED_GRID_FLOOR,0.1731005210557972,True,0.0009430839384240679
R4_LHS_03,physics,V40_A_E3_C6_1T,Z,S10,0.7097767288289035,True,0.0037402785864322297
COMMON_FEM,common,V40_B_E3_C6_1T,X,FEM_COMSOL_SAVED_GRID_FLOOR,0.2521623988409008,True,0.00021945353389715312
R4_LHS_03,physics,V40_B_E3_C6_1T,X,S10,0.8572007472838925,True,0.0007062249708173251
COMMON_FEM,common,V40_B_E3_C6_1T,Y,FEM_COMSOL_SAVED_GRID_FLOOR,0.32444204853169933,True,0.001823746713738105
R4_LHS_03,physics,V40_B_E3_C6_1T,Y,S10,1.003178806343634,True,0.005249659392381816
COMMON_FEM,common,V40_B_E3_C6_1T,Z,FEM_COMSOL_SAVED_GRID_FLOOR,0.21662961435764996,True,0.001314807130937352
R4_LHS_03,physics,V40_B_E3_C6_1T,Z,S10,0.9376252072144734,True,0.005331018525867362
COMMON_FEM,common,V40_CPLUS_E3_C6_1T,X,FEM_COMSOL_SAVED_GRID_FLOOR,0.23981065837154444,True,0.0003095094245375369
R4_LHS_03,physics,V40_CPLUS_E3_C6_1T,X,S10,0.8757828770591267,True,0.001083415113822492
COMMON_FEM,common,V40_CPLUS_E3_C6_1T,Y,FEM_COMSOL_SAVED_GRID_FLOOR,0.3152041510403604,True,0.0025472054328666187
R4_LHS_03,physics,V40_CPLUS_E3_C6_1T,Y,S10,1.0448368465732683,True,0.008224301084710015
COMMON_FEM,common,V40_CPLUS_E3_C6_1T,Z,FEM_COMSOL_SAVED_GRID_FLOOR,0.23983123308847834,True,0.0018598292004468513
R4_LHS_03,physics,V40_CPLUS_E3_C6_1T,Z,S10,0.9686360090877739,True,0.0072579610201896575
COMMON_FEM,common,V40_C_E3_C6_1T,X,FEM_COMSOL_SAVED_GRID_FLOOR,0.24830941319044644,True,0.000257718873201026
R4_LHS_03,physics,V40_C_E3_C6_1T,X,S10,0.8425738845205978,True,0.0008315135729407867
COMMON_FEM,common,V40_C_E3_C6_1T,Y,FEM_COMSOL_SAVED_GRID_FLOOR,0.3134659060673015,True,0.002056409578146788
R4_LHS_03,physics,V40_C_E3_C6_1T,Y,S10,0.9187868876725849,True,0.005695365772606158
COMMON_FEM,common,V40_C_E3_C6_1T,Z,FEM_COMSOL_SAVED_GRID_FLOOR,0.22889003010399575,True,0.0015222778357435267
R4_LHS_03,physics,V40_C_E3_C6_1T,Z,S10,0.8883366632616266,True,0.005627285032545256
COMMON_FEM,common,V52_A_E3_C6_1T,X,FEM_COMSOL_SAVED_GRID_FLOOR,0.3231880510361588,True,0.0002186746224120622
R4_LHS_03,physics,V52_A_E3_C6_1T,X,S10,0.8633759754205174,True,0.000516875778520671
COMMON_FEM,common,V52_A_E3_C6_1T,Y,FEM_COMSOL_SAVED_GRID_FLOOR,0.364098077007211,True,0.002133418764858724
R4_LHS_03,physics,V52_A_E3_C6_1T,Y,S10,0.8683059456670644,True,0.004638194171919861
COMMON_FEM,common,V52_A_E3_C6_1T,Z,FEM_COMSOL_SAVED_GRID_FLOOR,0.1807271388766811,True,0.001003055829346518
R4_LHS_03,physics,V52_A_E3_C6_1T,Z,S10,0.6814866164691309,True,0.0035650014242491097
COMMON_FEM,common,V52_B_E3_C6_1T,X,FEM_COMSOL_SAVED_GRID_FLOOR,0.29058462489983145,True,0.00024242795179211553
R4_LHS_03,physics,V52_B_E3_C6_1T,X,S10,0.804890426296496,True,0.0006117002138624814
COMMON_FEM,common,V52_B_E3_C6_1T,Y,FEM_COMSOL_SAVED_GRID_FLOOR,0.3487773271746403,True,0.0024491517836631995
R4_LHS_03,physics,V52_B_E3_C6_1T,Y,S10,0.8530803563560837,True,0.005684488673753019
COMMON_FEM,common,V52_B_E3_C6_1T,Z,FEM_COMSOL_SAVED_GRID_FLOOR,0.18747488906071635,True,0.0011163748804860361
R4_LHS_03,physics,V52_B_E3_C6_1T,Z,S10,0.6300542717162004,True,0.0036596026082298095
COMMON_FEM,common,V52_CPLUS_E3_C6_1T,X,FEM_COMSOL_SAVED_GRID_FLOOR,0.28096397790004546,True,0.0003483199593256252
R4_LHS_03,physics,V52_CPLUS_E3_C6_1T,X,S10,0.7986130078408472,True,0.000910505035435269
COMMON_FEM,common,V52_CPLUS_E3_C6_1T,Y,FEM_COMSOL_SAVED_GRID_FLOOR,0.3516991776428601,True,0.003535884122159087
R4_LHS_03,physics,V52_CPLUS_E3_C6_1T,Y,S10,0.8932908617824824,True,0.00853357494172164
COMMON_FEM,common,V52_CPLUS_E3_C6_1T,Z,FEM_COMSOL_SAVED_GRID_FLOOR,0.23889022199520996,True,0.0017541477390868392
R4_LHS_03,physics,V52_CPLUS_E3_C6_1T,Z,S10,0.8702886823676276,True,0.006071676378861956
COMMON_FEM,common,V52_C_E3_C6_1T,X,FEM_COMSOL_SAVED_GRID_FLOOR,0.2985342168068541,True,0.0002970949213945107
R4_LHS_03,physics,V52_C_E3_C6_1T,X,S10,0.798678869559295,True,0.0007408456605564059
COMMON_FEM,common,V52_C_E3_C6_1T,Y,FEM_COMSOL_SAVED_GRID_FLOOR,0.3474141690703797,True,0.0028325799325964436
R4_LHS_03,physics,V52_C_E3_C6_1T,Y,S10,0.8888884138447966,True,0.006961131754170421
COMMON_FEM,common,V52_C_E3_C6_1T,Z,FEM_COMSOL_SAVED_GRID_FLOOR,0.20751284852350144,True,0.001339191845794255
R4_LHS_03,physics,V52_C_E3_C6_1T,Z,S10,0.7667220153560599,True,0.004762676697686631
COMMON_FEM,common,V40_A_E4_C7_1T,X,FEM_COMSOL_SAVED_GRID_FLOOR,0.6722871136619366,True,0.0006354049311506533
R4_LHS_03,physics,V40_A_E4_C7_1T,X,S10,0.8695189051150916,True,0.000694571878743657
COMMON_FEM,common,V40_A_E4_C7_1T,Y,FEM_COMSOL_SAVED_GRID_FLOOR,0.286191169678676,True,0.0013038557221647115
R4_LHS_03,physics,V40_A_E4_C7_1T,Y,S10,1.0090570410615787,True,0.004379735671516391
COMMON_FEM,common,V40_A_E4_C7_1T,Z,FEM_COMSOL_SAVED_GRID_FLOOR,0.15060191923058658,True,0.0008080637544004497
R4_LHS_03,physics,V40_A_E4_C7_1T,Z,S10,0.8104156748371721,True,0.0042338347016253755
COMMON_FEM,common,V40_B_E4_C7_1T,X,FEM_COMSOL_SAVED_GRID_FLOOR,0.5895971029986717,True,0.0006494876427745848
R4_LHS_03,physics,V40_B_E4_C7_1T,X,S10,0.874382649171079,True,0.0008697468503066696
COMMON_FEM,common,V40_B_E4_C7_1T,Y,FEM_COMSOL_SAVED_GRID_FLOOR,0.29456830058995925,True,0.0016262250250404086
R4_LHS_03,physics,V40_B_E4_C7_1T,Y,S10,1.0271693975028438,True,0.005389247209723874
COMMON_FEM,common,V40_B_E4_C7_1T,Z,FEM_COMSOL_SAVED_GRID_FLOOR,0.1719983993577115,True,0.000991685143641672
R4_LHS_03,physics,V40_B_E4_C7_1T,Z,S10,0.9764742799595165,True,0.005620236506911411
COMMON_FEM,common,V40_CPLUS_E4_C7_1T,X,FEM_COMSOL_SAVED_GRID_FLOOR,0.45648666788347925,True,0.0006728410515258959
R4_LHS_03,physics,V40_CPLUS_E4_C7_1T,X,S10,0.8600310933559324,True,0.001154515665588139
COMMON_FEM,common,V40_CPLUS_E4_C7_1T,Y,FEM_COMSOL_SAVED_GRID_FLOOR,0.3157489689203889,True,0.0025475714367381745
R4_LHS_03,physics,V40_CPLUS_E4_C7_1T,Y,S10,0.9516640653889614,True,0.007354128745306462
COMMON_FEM,common,V40_CPLUS_E4_C7_1T,Z,FEM_COMSOL_SAVED_GRID_FLOOR,0.22983168796922476,True,0.0017257329439910429
R4_LHS_03,physics,V40_CPLUS_E4_C7_1T,Z,S10,0.9685659717883551,True,0.0071700222444581515
COMMON_FEM,common,V40_C_E4_C7_1T,X,FEM_COMSOL_SAVED_GRID_FLOOR,0.5041802529638745,True,0.0006691361694725432
R4_LHS_03,physics,V40_C_E4_C7_1T,X,S10,0.8464920921580731,True,0.0009865398958862131
COMMON_FEM,common,V40_C_E4_C7_1T,Y,FEM_COMSOL_SAVED_GRID_FLOOR,0.3067837138536415,True,0.002001594779973065
R4_LHS_03,physics,V40_C_E4_C7_1T,Y,S10,0.9564014876882471,True,0.006129770649494217
COMMON_FEM,common,V40_C_E4_C7_1T,Z,FEM_COMSOL_SAVED_GRID_FLOOR,0.21584121391413702,True,0.0014107831161827473
R4_LHS_03,physics,V40_C_E4_C7_1T,Z,S10,0.9110554873492717,True,0.005935005201416098
COMMON_FEM,common,V52_A_E4_C7_1T,X,FEM_COMSOL_SAVED_GRID_FLOOR,0.5692103683495022,True,0.0005730555716162502
R4_LHS_03,physics,V52_A_E4_C7_1T,X,S10,0.8610452481369602,True,0.0006817081126691714
COMMON_FEM,common,V52_A_E4_C7_1T,Y,FEM_COMSOL_SAVED_GRID_FLOOR,0.3432645963936713,True,0.00197168069079141
R4_LHS_03,physics,V52_A_E4_C7_1T,Y,S10,0.9246755417822168,True,0.005033388720900898
COMMON_FEM,common,V52_A_E4_C7_1T,Z,FEM_COMSOL_SAVED_GRID_FLOOR,0.1574340964349609,True,0.0008701595960006342
R4_LHS_03,physics,V52_A_E4_C7_1T,Z,S10,0.706270956865215,True,0.003772044102230247
COMMON_FEM,common,V52_B_E4_C7_1T,X,FEM_COMSOL_SAVED_GRID_FLOOR,0.57883956694088,True,0.0006521917483739505
R4_LHS_03,physics,V52_B_E4_C7_1T,X,S10,0.8634765577135837,True,0.0008336909091702265
COMMON_FEM,common,V52_B_E4_C7_1T,Y,FEM_COMSOL_SAVED_GRID_FLOOR,0.35248097021734254,True,0.0024699854576708765
R4_LHS_03,physics,V52_B_E4_C7_1T,Y,S10,0.9685070781757963,True,0.006448843718387191
COMMON_FEM,common,V52_B_E4_C7_1T,Z,FEM_COMSOL_SAVED_GRID_FLOOR,0.18447159441996966,True,0.0011015868760204696
R4_LHS_03,physics,V52_B_E4_C7_1T,Z,S10,0.8232641244345145,True,0.004895528773424966
COMMON_FEM,common,V52_CPLUS_E4_C7_1T,X,FEM_COMSOL_SAVED_GRID_FLOOR,0.44997952058815965,True,0.0006400622224697134
R4_LHS_03,physics,V52_CPLUS_E4_C7_1T,X,S10,0.8545137802599477,True,0.0010993328657498585
COMMON_FEM,common,V52_CPLUS_E4_C7_1T,Y,FEM_COMSOL_SAVED_GRID_FLOOR,0.34703656508553865,True,0.0034758142790059883
R4_LHS_03,physics,V52_CPLUS_E4_C7_1T,Y,S10,1.0039341282529257,True,0.009493090057208192
COMMON_FEM,common,V52_CPLUS_E4_C7_1T,Z,FEM_COMSOL_SAVED_GRID_FLOOR,0.21198496538716885,True,0.0015412280433862028
R4_LHS_03,physics,V52_CPLUS_E4_C7_1T,Z,S10,1.0351304142848035,True,0.00732341110736437
COMMON_FEM,common,V52_C_E4_C7_1T,X,FEM_COMSOL_SAVED_GRID_FLOOR,0.46745946120691423,True,0.0006656239358315319
R4_LHS_03,physics,V52_C_E4_C7_1T,X,S10,0.8639743183397954,True,0.0009270427778636992
COMMON_FEM,common,V52_C_E4_C7_1T,Y,FEM_COMSOL_SAVED_GRID_FLOOR,0.35397856142546263,True,0.002921425918914529
R4_LHS_03,physics,V52_C_E4_C7_1T,Y,S10,0.9665719130080604,True,0.007567965161030013
COMMON_FEM,common,V52_C_E4_C7_1T,Z,FEM_COMSOL_SAVED_GRID_FLOOR,0.20729277450347267,True,0.001341302534989149
R4_LHS_03,physics,V52_C_E4_C7_1T,Z,S10,0.8805665284225819,True,0.005621154757508709
COMMON_FEM,common,V40_A_E5_C9_1T,X,FEM_COMSOL_SAVED_GRID_FLOOR,0.5218077638139278,True,0.0006234712441486825
R4_LHS_03,physics,V40_A_E5_C9_1T,X,S10,0.9430086513161489,True,0.0008830225347129528
COMMON_FEM,common,V40_A_E5_C9_1T,Y,FEM_COMSOL_SAVED_GRID_FLOOR,0.28896377053166156,True,0.0013228705863152232
R4_LHS_03,physics,V40_A_E5_C9_1T,Y,S10,1.132873889562612,True,0.004944880073169818
COMMON_FEM,common,V40_A_E5_C9_1T,Z,FEM_COMSOL_SAVED_GRID_FLOOR,0.15325120520283214,True,0.0008217361360441739
R4_LHS_03,physics,V40_A_E5_C9_1T,Z,S10,0.9277605358674028,True,0.004795147175562689
COMMON_FEM,common,V40_B_E5_C9_1T,X,FEM_COMSOL_SAVED_GRID_FLOOR,0.5090958068206605,True,0.0006254474472873714
R4_LHS_03,physics,V40_B_E5_C9_1T,X,S10,0.9106646617524491,True,0.0009817680936281474
COMMON_FEM,common,V40_B_E5_C9_1T,Y,FEM_COMSOL_SAVED_GRID_FLOOR,0.3043162963330788,True,0.0016898130873691816
R4_LHS_03,physics,V40_B_E5_C9_1T,Y,S10,1.0725208004915332,True,0.005736777561314186
COMMON_FEM,common,V40_B_E5_C9_1T,Z,FEM_COMSOL_SAVED_GRID_FLOOR,0.18564027944144318,True,0.0010826854734830552
R4_LHS_03,physics,V40_B_E5_C9_1T,Z,S10,0.945724240621968,True,0.005403922883112969
COMMON_FEM,common,V40_CPLUS_E5_C9_1T,X,FEM_COMSOL_SAVED_GRID_FLOOR,0.38890755400845745,True,0.0006088414488654321
R4_LHS_03,physics,V40_CPLUS_E5_C9_1T,X,S10,0.8811943283393519,True,0.001281303776368998
COMMON_FEM,common,V40_CPLUS_E5_C9_1T,Y,FEM_COMSOL_SAVED_GRID_FLOOR,0.3176385285784703,True,0.0025737564879222312
R4_LHS_03,physics,V40_CPLUS_E5_C9_1T,Y,S10,1.0408865750769267,True,0.00805481816421052
COMMON_FEM,common,V40_CPLUS_E5_C9_1T,Z,FEM_COMSOL_SAVED_GRID_FLOOR,0.23100815114223358,True,0.0017319227376440965
R4_LHS_03,physics,V40_CPLUS_E5_C9_1T,Z,S10,1.0749981508838087,True,0.00794876186314823
COMMON_FEM,common,V40_C_E5_C9_1T,X,FEM_COMSOL_SAVED_GRID_FLOOR,0.45766790160424875,True,0.0006495017337816102
R4_LHS_03,physics,V40_C_E5_C9_1T,X,S10,0.854769792043145,True,0.0010754929956324974
COMMON_FEM,common,V40_C_E5_C9_1T,Y,FEM_COMSOL_SAVED_GRID_FLOOR,0.31187076596048413,True,0.0020437680555224344
R4_LHS_03,physics,V40_C_E5_C9_1T,Y,S10,0.9720641301127589,True,0.006263112687551346
COMMON_FEM,common,V40_C_E5_C9_1T,Z,FEM_COMSOL_SAVED_GRID_FLOOR,0.21849741136978348,True,0.0014396176740514512
R4_LHS_03,physics,V40_C_E5_C9_1T,Z,S10,0.9370263598479035,True,0.006043776939205695
COMMON_FEM,common,V52_A_E5_C9_1T,X,FEM_COMSOL_SAVED_GRID_FLOOR,0.5792034819387368,True,0.0006009967847407711
R4_LHS_03,physics,V52_A_E5_C9_1T,X,S10,0.8941991051259869,True,0.0007540441228084795
COMMON_FEM,common,V52_A_E5_C9_1T,Y,FEM_COMSOL_SAVED_GRID_FLOOR,0.35026414015044816,True,0.0020365275573682247
R4_LHS_03,physics,V52_A_E5_C9_1T,Y,S10,0.9461137930331761,True,0.005203718244974031
COMMON_FEM,common,V52_A_E5_C9_1T,Z,FEM_COMSOL_SAVED_GRID_FLOOR,0.16530779377001867,True,0.0009172240629367688
R4_LHS_03,physics,V52_A_E5_C9_1T,Z,S10,0.7442433397162665,True,0.004022271386170066
COMMON_FEM,common,V52_B_E5_C9_1T,X,FEM_COMSOL_SAVED_GRID_FLOOR,0.5380869465015339,True,0.0006560246294103177
R4_LHS_03,physics,V52_B_E5_C9_1T,X,S10,0.9348768916986819,True,0.0008486480037565621
COMMON_FEM,common,V52_B_E5_C9_1T,Y,FEM_COMSOL_SAVED_GRID_FLOOR,0.3467476215588652,True,0.0024128292640657302
R4_LHS_03,physics,V52_B_E5_C9_1T,Y,S10,0.936677115794539,True,0.006136037168200635
COMMON_FEM,common,V52_B_E5_C9_1T,Z,FEM_COMSOL_SAVED_GRID_FLOOR,0.1799940146679519,True,0.0010720966288561827
R4_LHS_03,physics,V52_B_E5_C9_1T,Z,S10,0.8403787648709569,True,0.0048148382912985245
COMMON_FEM,common,V52_CPLUS_E5_C9_1T,X,FEM_COMSOL_SAVED_GRID_FLOOR,0.4422450653085806,True,0.0006650801715501883
R4_LHS_03,physics,V52_CPLUS_E5_C9_1T,X,S10,0.8779235116704992,True,0.001138803057122975
COMMON_FEM,common,V52_CPLUS_E5_C9_1T,Y,FEM_COMSOL_SAVED_GRID_FLOOR,0.35155681719213444,True,0.0035333182431416792
R4_LHS_03,physics,V52_CPLUS_E5_C9_1T,Y,S10,0.9753823263313115,True,0.009396137056797694
COMMON_FEM,common,V52_CPLUS_E5_C9_1T,Z,FEM_COMSOL_SAVED_GRID_FLOOR,0.2176702557071108,True,0.0015866288511105864
R4_LHS_03,physics,V52_CPLUS_E5_C9_1T,Z,S10,0.985940168993234,True,0.007051237791518085
COMMON_FEM,common,V52_C_E5_C9_1T,X,FEM_COMSOL_SAVED_GRID_FLOOR,0.538777056731104,True,0.000732502146800932
R4_LHS_03,physics,V52_C_E5_C9_1T,X,S10,0.9001026861920146,True,0.0010312528463304487
COMMON_FEM,common,V52_C_E5_C9_1T,Y,FEM_COMSOL_SAVED_GRID_FLOOR,0.35384481919194694,True,0.0029255309859156937
R4_LHS_03,physics,V52_C_E5_C9_1T,Y,S10,1.0116926078838933,True,0.007811226614234341
COMMON_FEM,common,V52_C_E5_C9_1T,Z,FEM_COMSOL_SAVED_GRID_FLOOR,0.19593345004905904,True,0.0012639787944308501
R4_LHS_03,physics,V52_C_E5_C9_1T,Z,S10,0.9967256981057195,True,0.006244068622856164
COMMON_FEM,common,V40_A_E6_C10_1T,X,FEM_COMSOL_SAVED_GRID_FLOOR,0.2514484073665115,True,0.00017282021748657775
R4_LHS_03,physics,V40_A_E6_C10_1T,X,S10,0.8578689705602428,True,0.0005572995265965624
COMMON_FEM,common,V40_A_E6_C10_1T,Y,FEM_COMSOL_SAVED_GRID_FLOOR,0.30106579108825066,True,0.0013871624516117876
R4_LHS_03,physics,V40_A_E6_C10_1T,Y,S10,0.9823211346385812,True,0.004176919058228332
COMMON_FEM,common,V40_A_E6_C10_1T,Z,FEM_COMSOL_SAVED_GRID_FLOOR,0.18027959497499402,True,0.0009872064906934494
R4_LHS_03,physics,V40_A_E6_C10_1T,Z,S10,0.8333754487585657,True,0.004303968061035245
COMMON_FEM,common,V40_B_E6_C10_1T,X,FEM_COMSOL_SAVED_GRID_FLOOR,0.2551981485205145,True,0.00022058431443088109
R4_LHS_03,physics,V40_B_E6_C10_1T,X,S10,0.8290348727320014,True,0.0006693628256485718
COMMON_FEM,common,V40_B_E6_C10_1T,Y,FEM_COMSOL_SAVED_GRID_FLOOR,0.3226274286167135,True,0.0018140510179454367
R4_LHS_03,physics,V40_B_E6_C10_1T,Y,S10,0.8937836718481413,True,0.004668531902624755
COMMON_FEM,common,V40_B_E6_C10_1T,Z,FEM_COMSOL_SAVED_GRID_FLOOR,0.2150030470891058,True,0.0012908976810167645
R4_LHS_03,physics,V40_B_E6_C10_1T,Z,S10,0.7862681907756716,True,0.004461672818419595
COMMON_FEM,common,V40_CPLUS_E6_C10_1T,X,FEM_COMSOL_SAVED_GRID_FLOOR,0.2477825522807994,True,0.000321304524872695
R4_LHS_03,physics,V40_CPLUS_E6_C10_1T,X,S10,0.8890577576237453,True,0.0010988130774103142
COMMON_FEM,common,V40_CPLUS_E6_C10_1T,Y,FEM_COMSOL_SAVED_GRID_FLOOR,0.3146389524480063,True,0.0025335954783555583
R4_LHS_03,physics,V40_CPLUS_E6_C10_1T,Y,S10,1.0441846306089109,True,0.00818431175411339
COMMON_FEM,common,V40_CPLUS_E6_C10_1T,Z,FEM_COMSOL_SAVED_GRID_FLOOR,0.24799988074822196,True,0.001970294616613919
R4_LHS_03,physics,V40_CPLUS_E6_C10_1T,Z,S10,0.9867520286700099,True,0.0073811901719405115
COMMON_FEM,common,V40_C_E6_C10_1T,X,FEM_COMSOL_SAVED_GRID_FLOOR,0.25216316998260385,True,0.0002606103745620893
R4_LHS_03,physics,V40_C_E6_C10_1T,X,S10,0.8673639558224153,True,0.0008665707333102925
COMMON_FEM,common,V40_C_E6_C10_1T,Y,FEM_COMSOL_SAVED_GRID_FLOOR,0.3224615094988178,True,0.0021267811974684196
R4_LHS_03,physics,V40_C_E6_C10_1T,Y,S10,1.0376322065265275,True,0.0064776554922721455
COMMON_FEM,common,V40_C_E6_C10_1T,Z,FEM_COMSOL_SAVED_GRID_FLOOR,0.23501204820253677,True,0.0015692607270754884
R4_LHS_03,physics,V40_C_E6_C10_1T,Z,S10,0.9167307228511853,True,0.005890588474384758
COMMON_FEM,common,V52_A_E6_C10_1T,X,FEM_COMSOL_SAVED_GRID_FLOOR,0.3122483063165952,True,0.0002103556052236931
R4_LHS_03,physics,V52_A_E6_C10_1T,X,S10,0.8225476294162251,True,0.0005064473985663367
COMMON_FEM,common,V52_A_E6_C10_1T,Y,FEM_COMSOL_SAVED_GRID_FLOOR,0.34375899417537215,True,0.0019951551497681803
R4_LHS_03,physics,V52_A_E6_C10_1T,Y,S10,0.8961893151903851,True,0.004860458920263013
COMMON_FEM,common,V52_A_E6_C10_1T,Z,FEM_COMSOL_SAVED_GRID_FLOOR,0.182369988373078,True,0.0010144001556571843
R4_LHS_03,physics,V52_A_E6_C10_1T,Z,S10,0.6200442482787059,True,0.0032420110663524686
COMMON_FEM,common,V52_B_E6_C10_1T,X,FEM_COMSOL_SAVED_GRID_FLOOR,0.2895375618100123,True,0.00024140909991386588
R4_LHS_03,physics,V52_B_E6_C10_1T,X,S10,0.7882106030497341,True,0.0006027650519522678
COMMON_FEM,common,V52_B_E6_C10_1T,Y,FEM_COMSOL_SAVED_GRID_FLOOR,0.3454596883589069,True,0.002420532643258537
R4_LHS_03,physics,V52_B_E6_C10_1T,Y,S10,0.8398067561389948,True,0.005629300904243049
COMMON_FEM,common,V52_B_E6_C10_1T,Z,FEM_COMSOL_SAVED_GRID_FLOOR,0.18594491146976322,True,0.0011068761281458324
R4_LHS_03,physics,V52_B_E6_C10_1T,Z,S10,0.6049144258285865,True,0.003530461233279229
COMMON_FEM,common,V52_CPLUS_E6_C10_1T,X,FEM_COMSOL_SAVED_GRID_FLOOR,0.2767536216133097,True,0.00034248666516068903
R4_LHS_03,physics,V52_CPLUS_E6_C10_1T,X,S10,0.8340155466077398,True,0.0009367918721297669
COMMON_FEM,common,V52_CPLUS_E6_C10_1T,Y,FEM_COMSOL_SAVED_GRID_FLOOR,0.3513881602741251,True,0.0035102442991190893
R4_LHS_03,physics,V52_CPLUS_E6_C10_1T,Y,S10,0.9733905118459262,True,0.00905211453466329
COMMON_FEM,common,V52_CPLUS_E6_C10_1T,Z,FEM_COMSOL_SAVED_GRID_FLOOR,0.22125832187545655,True,0.0016072101901990655
R4_LHS_03,physics,V52_CPLUS_E6_C10_1T,Z,S10,0.9984285775700361,True,0.006973802654032978
COMMON_FEM,common,V52_C_E6_C10_1T,X,FEM_COMSOL_SAVED_GRID_FLOOR,0.2979779772530559,True,0.00029702090853645814
R4_LHS_03,physics,V52_C_E6_C10_1T,X,S10,0.8186163422197088,True,0.0007451758933193321
COMMON_FEM,common,V52_C_E6_C10_1T,Y,FEM_COMSOL_SAVED_GRID_FLOOR,0.35468696827336704,True,0.0029235962863325797
R4_LHS_03,physics,V52_C_E6_C10_1T,Y,S10,0.8561757276193732,True,0.006617023728670423
COMMON_FEM,common,V52_C_E6_C10_1T,Z,FEM_COMSOL_SAVED_GRID_FLOOR,0.22280385363545296,True,0.0014482382617523237
R4_LHS_03,physics,V52_C_E6_C10_1T,Z,S10,0.7732519646023419,True,0.004815075127756459
COMMON_FEM,common,V40_A_E7_C11_2T,X,FEM_COMSOL_SAVED_GRID_FLOOR,0.44995340867680256,True,0.0006247989759279243
R4_LHS_03,physics,V40_A_E7_C11_2T,X,S10,0.9262559639144262,True,0.0010194559637038297
COMMON_FEM,common,V40_A_E7_C11_2T,Y,FEM_COMSOL_SAVED_GRID_FLOOR,0.27170565595142265,True,0.001906709531965207
R4_LHS_03,physics,V40_A_E7_C11_2T,Y,S10,0.8709944228431573,True,0.006001588065419164
COMMON_FEM,common,V40_A_E7_C11_2T,Z,FEM_COMSOL_SAVED_GRID_FLOOR,0.24222634993688247,True,0.0014032933642845482
R4_LHS_03,physics,V40_A_E7_C11_2T,Z,S10,0.9313263775102306,True,0.005212638888561013
COMMON_FEM,common,V40_B_E7_C11_2T,X,FEM_COMSOL_SAVED_GRID_FLOOR,0.4912365277532375,True,0.0006672909282894954
R4_LHS_03,physics,V40_B_E7_C11_2T,X,S10,0.8796685875341523,True,0.0011423094936904561
COMMON_FEM,common,V40_B_E7_C11_2T,Y,FEM_COMSOL_SAVED_GRID_FLOOR,0.27748466903736874,True,0.002434503265016265
R4_LHS_03,physics,V40_B_E7_C11_2T,Y,S10,0.7661679287329298,True,0.006693162201847534
COMMON_FEM,common,V40_B_E7_C11_2T,Z,FEM_COMSOL_SAVED_GRID_FLOOR,0.24642617114820317,True,0.0017877961841769134
R4_LHS_03,physics,V40_B_E7_C11_2T,Z,S10,0.8596018903441259,True,0.006025115392855047
COMMON_FEM,common,V40_CPLUS_E7_C11_2T,X,FEM_COMSOL_SAVED_GRID_FLOOR,0.4014215974934809,True,0.0007129168242467713
R4_LHS_03,physics,V40_CPLUS_E7_C11_2T,X,S10,0.8983852799716605,True,0.0014161571326133928
COMMON_FEM,common,V40_CPLUS_E7_C11_2T,Y,FEM_COMSOL_SAVED_GRID_FLOOR,0.27483014376402654,True,0.003612553406049901
R4_LHS_03,physics,V40_CPLUS_E7_C11_2T,Y,S10,0.785568669078857,True,0.010361810294695555
COMMON_FEM,common,V40_CPLUS_E7_C11_2T,Z,FEM_COMSOL_SAVED_GRID_FLOOR,0.24708231533372788,True,0.0027800640179260366
R4_LHS_03,physics,V40_CPLUS_E7_C11_2T,Z,S10,0.8589934578871581,True,0.009249612359598747
COMMON_FEM,common,V40_C_E7_C11_2T,X,FEM_COMSOL_SAVED_GRID_FLOOR,0.44799682860559276,True,0.0007133538856732754
R4_LHS_03,physics,V40_C_E7_C11_2T,X,S10,0.8944113167538713,True,0.0012263975642967052
COMMON_FEM,common,V40_C_E7_C11_2T,Y,FEM_COMSOL_SAVED_GRID_FLOOR,0.2794295066681906,True,0.002942675504107379
R4_LHS_03,physics,V40_C_E7_C11_2T,Y,S10,0.8042746957873403,True,0.008352850032640961
COMMON_FEM,common,V40_C_E7_C11_2T,Z,FEM_COMSOL_SAVED_GRID_FLOOR,0.24760000726714468,True,0.0022141557235801934
R4_LHS_03,physics,V40_C_E7_C11_2T,Z,S10,0.873783828895374,True,0.007388862860650382
COMMON_FEM,common,V52_A_E7_C11_2T,X,FEM_COMSOL_SAVED_GRID_FLOOR,0.6048414777334554,True,0.0006276345258784098
R4_LHS_03,physics,V52_A_E7_C11_2T,X,S10,0.9692193251753604,True,0.0010111276697072503
COMMON_FEM,common,V52_A_E7_C11_2T,Y,FEM_COMSOL_SAVED_GRID_FLOOR,0.31612829705479234,True,0.0027168344029078603
R4_LHS_03,physics,V52_A_E7_C11_2T,Y,S10,0.8508166791094864,True,0.007130599980059373
COMMON_FEM,common,V52_A_E7_C11_2T,Z,FEM_COMSOL_SAVED_GRID_FLOOR,0.23292666461835038,True,0.001258144822814931
R4_LHS_03,physics,V52_A_E7_C11_2T,Z,S10,0.9140130235260902,True,0.00490352830473413
COMMON_FEM,common,V52_B_E7_C11_2T,X,FEM_COMSOL_SAVED_GRID_FLOOR,0.508599632959499,True,0.0006612902597882212
R4_LHS_03,physics,V52_B_E7_C11_2T,X,S10,0.9293996388395968,True,0.0009399440225381558
COMMON_FEM,common,V52_B_E7_C11_2T,Y,FEM_COMSOL_SAVED_GRID_FLOOR,0.308366516210555,True,0.003277030623968897
R4_LHS_03,physics,V52_B_E7_C11_2T,Y,S10,0.7501870605808205,True,0.007608246039630496
COMMON_FEM,common,V52_B_E7_C11_2T,Z,FEM_COMSOL_SAVED_GRID_FLOOR,0.23299638940671183,True,0.001572114020201608
R4_LHS_03,physics,V52_B_E7_C11_2T,Z,S10,0.7618410030387358,True,0.004958229161535018
COMMON_FEM,common,V52_CPLUS_E7_C11_2T,X,FEM_COMSOL_SAVED_GRID_FLOOR,0.49726522936920897,True,0.0008087653220354185
R4_LHS_03,physics,V52_CPLUS_E7_C11_2T,X,S10,0.9285088142065286,True,0.001283325061755055
COMMON_FEM,common,V52_CPLUS_E7_C11_2T,Y,FEM_COMSOL_SAVED_GRID_FLOOR,0.30668491302685374,True,0.004843427486787483
R4_LHS_03,physics,V52_CPLUS_E7_C11_2T,Y,S10,0.7394023277636118,True,0.011160521570026373
COMMON_FEM,common,V52_CPLUS_E7_C11_2T,Z,FEM_COMSOL_SAVED_GRID_FLOOR,0.21846167546554315,True,0.0022333002974733052
R4_LHS_03,physics,V52_CPLUS_E7_C11_2T,Z,S10,0.760997317007354,True,0.007525563414568994
COMMON_FEM,common,V52_C_E7_C11_2T,X,FEM_COMSOL_SAVED_GRID_FLOOR,0.4810009350147779,True,0.0006675827762535102
R4_LHS_03,physics,V52_C_E7_C11_2T,X,S10,0.9139402332336516,True,0.0011220161370538119
COMMON_FEM,common,V52_C_E7_C11_2T,Y,FEM_COMSOL_SAVED_GRID_FLOOR,0.30471057303212196,True,0.0038438778816804577
R4_LHS_03,physics,V52_C_E7_C11_2T,Y,S10,0.7385395787095069,True,0.009050888747182658
COMMON_FEM,common,V52_C_E7_C11_2T,Z,FEM_COMSOL_SAVED_GRID_FLOOR,0.2101508900617944,True,0.0016782129175644763
R4_LHS_03,physics,V52_C_E7_C11_2T,Z,S10,0.779056930698323,True,0.005987793362907481
COMMON_FEM,common,V40_A_E8_C12_2T,X,FEM_COMSOL_SAVED_GRID_FLOOR,0.27179694062353593,True,0.0002126801079398463
R4_LHS_03,physics,V40_A_E8_C12_2T,X,S10,0.8598260735900505,True,0.0006439699700946427
COMMON_FEM,common,V40_A_E8_C12_2T,Y,FEM_COMSOL_SAVED_GRID_FLOOR,0.27335914385409527,True,0.0019244354975732967
R4_LHS_03,physics,V40_A_E8_C12_2T,Y,S10,0.6818458575987212,True,0.004762373976636157
COMMON_FEM,common,V40_A_E8_C12_2T,Z,FEM_COMSOL_SAVED_GRID_FLOOR,0.24649387885072224,True,0.0014295670038141314
R4_LHS_03,physics,V40_A_E8_C12_2T,Z,S10,0.7839449099861288,True,0.004385535723178788
COMMON_FEM,common,V40_B_E8_C12_2T,X,FEM_COMSOL_SAVED_GRID_FLOOR,0.274099434768615,True,0.0002662709015543657
R4_LHS_03,physics,V40_B_E8_C12_2T,X,S10,0.8283918080547317,True,0.0008000844153828737
COMMON_FEM,common,V40_B_E8_C12_2T,Y,FEM_COMSOL_SAVED_GRID_FLOOR,0.2723785770924684,True,0.0023919025520355536
R4_LHS_03,physics,V40_B_E8_C12_2T,Y,S10,0.7487280478529584,True,0.006473019864047305
COMMON_FEM,common,V40_B_E8_C12_2T,Z,FEM_COMSOL_SAVED_GRID_FLOOR,0.2470814688456059,True,0.0017866182604049246
R4_LHS_03,physics,V40_B_E8_C12_2T,Z,S10,0.8749152261940543,True,0.006367939223470633
COMMON_FEM,common,V40_CPLUS_E8_C12_2T,X,FEM_COMSOL_SAVED_GRID_FLOOR,0.28127007127955744,True,0.00039844137168052905
R4_LHS_03,physics,V40_CPLUS_E8_C12_2T,X,S10,0.9222959624139314,True,0.0012968452697945708
COMMON_FEM,common,V40_CPLUS_E8_C12_2T,Y,FEM_COMSOL_SAVED_GRID_FLOOR,0.27622376504692553,True,0.0036321963399357634
R4_LHS_03,physics,V40_CPLUS_E8_C12_2T,Y,S10,0.7394186673177203,True,0.009689266318094119
COMMON_FEM,common,V40_CPLUS_E8_C12_2T,Z,FEM_COMSOL_SAVED_GRID_FLOOR,0.249502374970309,True,0.002767652531850223
R4_LHS_03,physics,V40_CPLUS_E8_C12_2T,Z,S10,0.8541678374638737,True,0.00949060086229624
COMMON_FEM,common,V40_C_E8_C12_2T,X,FEM_COMSOL_SAVED_GRID_FLOOR,0.2791922938911152,True,0.0003271758873555897
R4_LHS_03,physics,V40_C_E8_C12_2T,X,S10,0.8398898213082817,True,0.0009802902232142635
COMMON_FEM,common,V40_C_E8_C12_2T,Y,FEM_COMSOL_SAVED_GRID_FLOOR,0.2826075709920986,True,0.0029834881140961165
R4_LHS_03,physics,V40_C_E8_C12_2T,Y,S10,0.7179663218459377,True,0.0073842308623247675
COMMON_FEM,common,V40_C_E8_C12_2T,Z,FEM_COMSOL_SAVED_GRID_FLOOR,0.2553318114825708,True,0.0022644595639919273
R4_LHS_03,physics,V40_C_E8_C12_2T,Z,S10,0.849366342802744,True,0.007307517417088865
COMMON_FEM,common,V52_A_E8_C12_2T,X,FEM_COMSOL_SAVED_GRID_FLOOR,0.34733499545120233,True,0.00026702780495718465
R4_LHS_03,physics,V52_A_E8_C12_2T,X,S10,0.9543745765374045,True,0.0007178489582723998
COMMON_FEM,common,V52_A_E8_C12_2T,Y,FEM_COMSOL_SAVED_GRID_FLOOR,0.3155815584591782,True,0.0027444900247796684
R4_LHS_03,physics,V52_A_E8_C12_2T,Y,S10,0.7373397815808398,True,0.006169970012315046
COMMON_FEM,common,V52_A_E8_C12_2T,Z,FEM_COMSOL_SAVED_GRID_FLOOR,0.22632692520210793,True,0.0012456662677680771
R4_LHS_03,physics,V52_A_E8_C12_2T,Z,S10,0.7715801276653607,True,0.004099964463075237
COMMON_FEM,common,V52_B_E8_C12_2T,X,FEM_COMSOL_SAVED_GRID_FLOOR,0.342422439417423,True,0.00032387618106025177
R4_LHS_03,physics,V52_B_E8_C12_2T,X,S10,0.9221942405348708,True,0.0008184173342444383
COMMON_FEM,common,V52_B_E8_C12_2T,Y,FEM_COMSOL_SAVED_GRID_FLOOR,0.31403713898000013,True,0.0033647657739280263
R4_LHS_03,physics,V52_B_E8_C12_2T,Y,S10,0.7303690550439816,True,0.0075420557484397535
COMMON_FEM,common,V52_B_E8_C12_2T,Z,FEM_COMSOL_SAVED_GRID_FLOOR,0.22281412691718716,True,0.001514016883658253
R4_LHS_03,physics,V52_B_E8_C12_2T,Z,S10,0.7341015256383566,True,0.004805120077936167
COMMON_FEM,common,V52_CPLUS_E8_C12_2T,X,FEM_COMSOL_SAVED_GRID_FLOOR,0.3404135369899519,True,0.0004732870287512648
R4_LHS_03,physics,V52_CPLUS_E8_C12_2T,X,S10,0.9044870202082609,True,0.001150915948202019
COMMON_FEM,common,V52_CPLUS_E8_C12_2T,Y,FEM_COMSOL_SAVED_GRID_FLOOR,0.31177752581400786,True,0.004957204215089904
R4_LHS_03,physics,V52_CPLUS_E8_C12_2T,Y,S10,0.6582527746386533,True,0.010046686076180183
COMMON_FEM,common,V52_CPLUS_E8_C12_2T,Z,FEM_COMSOL_SAVED_GRID_FLOOR,0.21665265839194683,True,0.0022236121629682507
R4_LHS_03,physics,V52_CPLUS_E8_C12_2T,Z,S10,0.6362215671335412,True,0.006337104563832062
COMMON_FEM,common,V52_C_E8_C12_2T,X,FEM_COMSOL_SAVED_GRID_FLOOR,0.335679089662268,True,0.00037666510607231075
R4_LHS_03,physics,V52_C_E8_C12_2T,X,S10,0.9242736761829332,True,0.0009632192757180285
COMMON_FEM,common,V52_C_E8_C12_2T,Y,FEM_COMSOL_SAVED_GRID_FLOOR,0.30953900316401195,True,0.003938277334787021
R4_LHS_03,physics,V52_C_E8_C12_2T,Y,S10,0.7152437978662173,True,0.008704000107522048
COMMON_FEM,common,V52_C_E8_C12_2T,Z,FEM_COMSOL_SAVED_GRID_FLOOR,0.21621964425215073,True,0.001747416022863121
R4_LHS_03,physics,V52_C_E8_C12_2T,Z,S10,0.7367240731121741,True,0.0057724670829680256
R4_LHS_03,control,BASE_C1_0T,X,S10,,False,0.0
R4_LHS_03,control,BASE_C1_0T,Y,S10,,False,0.0
R4_LHS_03,control,BASE_C1_0T,Z,S10,,False,0.0
R4_LHS_03,control,BASE_C2_0T,X,S10,,False,0.0
R4_LHS_03,control,BASE_C2_0T,Y,S10,,False,0.0
R4_LHS_03,control,BASE_C2_0T,Z,S10,,False,0.0
R4_LHS_03,control,BASE_C3_0T,X,S10,,False,0.0
R4_LHS_03,control,BASE_C3_0T,Y,S10,,False,0.0
R4_LHS_03,control,BASE_C3_0T,Z,S10,,False,0.0
R4_LHS_03,control,BASE_C8_0T,X,S10,,False,0.0
R4_LHS_03,control,BASE_C8_0T,Y,S10,,False,0.0
R4_LHS_03,control,BASE_C8_0T,Z,S10,,False,0.0
R4_LHS_03,control,V40_A_E1_C4_2T,X,S10,0.8568269932265362,True,0.0006303740216818881
R4_LHS_03,control,V40_A_E1_C4_2T,Y,S10,0.7596676854220056,True,0.005126105729722729
R4_LHS_03,control,V40_A_E1_C4_2T,Z,S10,0.9041825346030951,True,0.004924566656273074
R4_LHS_03,control,V40_B_E1_C4_2T,X,S10,0.8445387969962254,True,0.0008144771612334396
R4_LHS_03,control,V40_B_E1_C4_2T,Y,S10,0.7450636355261495,True,0.006395576895778458
R4_LHS_03,control,V40_B_E1_C4_2T,Z,S10,0.8883383829459125,True,0.006313939417817145
R4_LHS_03,control,V40_CPLUS_E1_C4_2T,X,S10,0.8590896482503231,True,0.0011573352226106725
R4_LHS_03,control,V40_CPLUS_E1_C4_2T,Y,S10,0.6973284930846354,True,0.008930832300359308
R4_LHS_03,control,V40_CPLUS_E1_C4_2T,Z,S10,0.8298375315407909,True,0.008802056898830811
R4_LHS_03,control,V40_C_E1_C4_2T,X,S10,0.8540216123290967,True,0.0009992528785220365
R4_LHS_03,control,V40_C_E1_C4_2T,Y,S10,0.7487596960040824,True,0.0077712270382678155
R4_LHS_03,control,V40_C_E1_C4_2T,Z,S10,0.8943096559075664,True,0.007784494862127975
R4_LHS_03,control,V52_A_E1_C4_2T,X,S10,0.8790530761481966,True,0.0006370136773384985
R4_LHS_03,control,V52_A_E1_C4_2T,Y,S10,0.6928494254142957,True,0.005797830502898322
R4_LHS_03,control,V52_A_E1_C4_2T,Z,S10,0.7599311944126761,True,0.004036870493079997
R4_LHS_03,control,V52_B_E1_C4_2T,X,S10,0.8991800033427728,True,0.0007903434321509853
R4_LHS_03,control,V52_B_E1_C4_2T,Y,S10,0.7208128100759499,True,0.00737262812332007
R4_LHS_03,control,V52_B_E1_C4_2T,Z,S10,0.7805522072893764,True,0.005108239605728358
R4_LHS_03,control,V52_CPLUS_E1_C4_2T,X,S10,0.8672688353965939,True,0.0011440187046205894
R4_LHS_03,control,V52_CPLUS_E1_C4_2T,Y,S10,0.6787193616843524,True,0.010532971500795109
R4_LHS_03,control,V52_CPLUS_E1_C4_2T,Z,S10,0.7109978188591143,True,0.007168651093477603
R4_LHS_03,control,V52_C_E1_C4_2T,X,S10,0.9275235159636805,True,0.0009469735463623944
R4_LHS_03,control,V52_C_E1_C4_2T,Y,S10,0.7505967459747761,True,0.008917759516350248
R4_LHS_03,control,V52_C_E1_C4_2T,Z,S10,0.8154099928085677,True,0.006092204480163479
R4_LHS_03,control,V40_A_E2_C5_2T,X,S10,0.9021988305480895,True,0.0008987169098269581
R4_LHS_03,control,V40_A_E2_C5_2T,Y,S10,0.9345129081837137,True,0.006633578448886227
R4_LHS_03,control,V40_A_E2_C5_2T,Z,S10,1.0388622662434588,True,0.005975693058489545
R4_LHS_03,control,V40_B_E2_C5_2T,X,S10,0.838411098375,True,0.0009093919351744008
R4_LHS_03,control,V40_B_E2_C5_2T,Y,S10,0.765506131264557,True,0.006653627105532794
R4_LHS_03,control,V40_B_E2_C5_2T,Z,S10,0.9098505758613866,True,0.006396352281862647
R4_LHS_03,control,V40_CPLUS_E2_C5_2T,X,S10,0.8405118172842986,True,0.001306132448558168
R4_LHS_03,control,V40_CPLUS_E2_C5_2T,Y,S10,0.7397308556912441,True,0.009793651175893736
R4_LHS_03,control,V40_CPLUS_E2_C5_2T,Z,S10,0.863189597060135,True,0.009396352913352187
R4_LHS_03,control,V40_C_E2_C5_2T,X,S10,0.8465810228162076,True,0.0011468421243656039
R4_LHS_03,control,V40_C_E2_C5_2T,Y,S10,0.8114587007782278,True,0.008580364063800014
R4_LHS_03,control,V40_C_E2_C5_2T,Z,S10,0.9257795057393653,True,0.008065145882152378
R4_LHS_03,control,V52_A_E2_C5_2T,X,S10,0.9744671949178395,True,0.0007708664993037477
R4_LHS_03,control,V52_A_E2_C5_2T,Y,S10,0.855736429531086,True,0.006868380643790978
R4_LHS_03,control,V52_A_E2_C5_2T,Z,S10,0.9754716813851672,True,0.00491329005398664
R4_LHS_03,control,V52_B_E2_C5_2T,X,S10,0.9306575182301497,True,0.0009162549131981472
R4_LHS_03,control,V52_B_E2_C5_2T,Y,S10,0.7682991272904559,True,0.0079487566401477
R4_LHS_03,control,V52_B_E2_C5_2T,Z,S10,0.8319819803352693,True,0.005434924262977095
R4_LHS_03,control,V52_CPLUS_E2_C5_2T,X,S10,0.9669602521818649,True,0.0013329562789927414
R4_LHS_03,control,V52_CPLUS_E2_C5_2T,Y,S10,0.7417099689128698,True,0.011022503602906377
R4_LHS_03,control,V52_CPLUS_E2_C5_2T,Z,S10,0.836071172674659,True,0.007912467103728466
R4_LHS_03,control,V52_C_E2_C5_2T,X,S10,0.9519799700766287,True,0.0011123516003307002
R4_LHS_03,control,V52_C_E2_C5_2T,Y,S10,0.7588192470868841,True,0.009076449664651529
R4_LHS_03,control,V52_C_E2_C5_2T,Z,S10,0.8604770261050804,True,0.006463571560547944
R4_LHS_03,control,V40_A_E3_C6_1T,X,S10,0.8808269643215748,True,0.0005707049507483505
R4_LHS_03,control,V40_A_E3_C6_1T,Y,S10,0.9847975839780505,True,0.004146638229627627
R4_LHS_03,control,V40_A_E3_C6_1T,Z,S10,0.8840633220430799,True,0.004372661271207036
R4_LHS_03,control,V40_B_E3_C6_1T,X,S10,0.8812935513205797,True,0.0007045625266352042
R4_LHS_03,control,V40_B_E3_C6_1T,Y,S10,1.0202117268717197,True,0.005256090090954849
R4_LHS_03,control,V40_B_E3_C6_1T,Z,S10,0.9472989126931799,True,0.005197306506239172
R4_LHS_03,control,V40_CPLUS_E3_C6_1T,X,S10,0.8348895935887878,True,0.0010210468603466998
R4_LHS_03,control,V40_CPLUS_E3_C6_1T,Y,S10,1.0161579705397814,True,0.007772800443472282
R4_LHS_03,control,V40_CPLUS_E3_C6_1T,Z,S10,1.1460843722470977,True,0.008179210842933167
R4_LHS_03,control,V40_C_E3_C6_1T,X,S10,0.825648992636031,True,0.0008413108127770276
R4_LHS_03,control,V40_C_E3_C6_1T,Y,S10,0.9730244824282566,True,0.00619792765213101
R4_LHS_03,control,V40_C_E3_C6_1T,Z,S10,1.0101342487734222,True,0.006456853138543161
R4_LHS_03,control,V52_A_E3_C6_1T,X,S10,0.8307209263449697,True,0.0005411659048630361
R4_LHS_03,control,V52_A_E3_C6_1T,Y,S10,0.8880144396474877,True,0.004898020273031493
R4_LHS_03,control,V52_A_E3_C6_1T,Z,S10,0.7103069562887458,True,0.00381770793755078
R4_LHS_03,control,V52_B_E3_C6_1T,X,S10,0.8503778345279622,True,0.0006541527720436708
R4_LHS_03,control,V52_B_E3_C6_1T,Y,S10,0.899314782982421,True,0.005861849662542035
R4_LHS_03,control,V52_B_E3_C6_1T,Z,S10,0.8541201531217615,True,0.004570051928233666
R4_LHS_03,control,V52_CPLUS_E3_C6_1T,X,S10,0.8362451657950926,True,0.0009607478710638274
R4_LHS_03,control,V52_CPLUS_E3_C6_1T,Y,S10,0.9700787368925133,True,0.009158991907013159
R4_LHS_03,control,V52_CPLUS_E3_C6_1T,Z,S10,0.948666408777261,True,0.006693680781727441
R4_LHS_03,control,V52_C_E3_C6_1T,X,S10,0.8381709498744235,True,0.0007890843365736619
R4_LHS_03,control,V52_C_E3_C6_1T,Y,S10,0.9541542415122843,True,0.007434491722737124
R4_LHS_03,control,V52_C_E3_C6_1T,Z,S10,0.8599804063867401,True,0.0054621097141344015
R4_LHS_03,control,V40_A_E4_C7_1T,X,S10,0.9106286160972676,True,0.0007207720169518108
R4_LHS_03,control,V40_A_E4_C7_1T,Y,S10,1.1741637026029559,True,0.005259219002580637
R4_LHS_03,control,V40_A_E4_C7_1T,Z,S10,0.9881874057538448,True,0.0052294787314885755
R4_LHS_03,control,V40_B_E4_C7_1T,X,S10,0.934396982252387,True,0.0008446848627379497
R4_LHS_03,control,V40_B_E4_C7_1T,Y,S10,1.171411123342836,True,0.006067659974056083
R4_LHS_03,control,V40_B_E4_C7_1T,Z,S10,1.089704886601862,True,0.006050777773715264
R4_LHS_03,control,V40_CPLUS_E4_C7_1T,X,S10,0.863997153247762,True,0.001184997652307788
R4_LHS_03,control,V40_CPLUS_E4_C7_1T,Y,S10,1.0378468827571388,True,0.008177750574167208
R4_LHS_03,control,V40_CPLUS_E4_C7_1T,Z,S10,1.2077989857466862,True,0.008937864721767663
R4_LHS_03,control,V40_C_E4_C7_1T,X,S10,0.9090272447069998,True,0.0010392694662824835
R4_LHS_03,control,V40_C_E4_C7_1T,Y,S10,1.1243803118828104,True,0.0071055562820083575
R4_LHS_03,control,V40_C_E4_C7_1T,Z,S10,1.149377228424729,True,0.007150614127526707
R4_LHS_03,control,V52_A_E4_C7_1T,X,S10,1.0284568835030998,True,0.0008312410704028214
R4_LHS_03,control,V52_A_E4_C7_1T,Y,S10,1.1494211787514075,True,0.006219525254635993
R4_LHS_03,control,V52_A_E4_C7_1T,Z,S10,1.111083947277332,True,0.0055568423201448796
R4_LHS_03,control,V52_B_E4_C7_1T,X,S10,0.9105271535058641,True,0.0008383576441321358
R4_LHS_03,control,V52_B_E4_C7_1T,Y,S10,1.0688195523362034,True,0.007010638567686533
R4_LHS_03,control,V52_B_E4_C7_1T,Z,S10,1.033124069809448,True,0.00592589795851435
R4_LHS_03,control,V52_CPLUS_E4_C7_1T,X,S10,0.9152512867688438,True,0.0011003930480069596
R4_LHS_03,control,V52_CPLUS_E4_C7_1T,Y,S10,1.0441046116043713,True,0.009633245018513505
R4_LHS_03,control,V52_CPLUS_E4_C7_1T,Z,S10,1.2987221168541272,True,0.008561558924257914
R4_LHS_03,control,V52_C_E4_C7_1T,X,S10,0.8936001496401017,True,0.0009424311311280379
R4_LHS_03,control,V52_C_E4_C7_1T,Y,S10,1.0371342163574149,True,0.008011809651995399
R4_LHS_03,control,V52_C_E4_C7_1T,Z,S10,1.0697179821101117,True,0.006687144248180401
R4_LHS_03,control,V40_A_E5_C9_1T,X,S10,0.9357284793284673,True,0.0009160119781000262
R4_LHS_03,control,V40_A_E5_C9_1T,Y,S10,1.3550472385534924,True,0.0061671646045484895
R4_LHS_03,control,V40_A_E5_C9_1T,Z,S10,1.1980061305594174,True,0.006395952535968893
R4_LHS_03,control,V40_B_E5_C9_1T,X,S10,0.8871374217542344,True,0.0009918430026376278
R4_LHS_03,control,V40_B_E5_C9_1T,Y,S10,1.2141345998906712,True,0.006660366908577023
R4_LHS_03,control,V40_B_E5_C9_1T,Z,S10,1.1383405351763098,True,0.006667439507653367
R4_LHS_03,control,V40_CPLUS_E5_C9_1T,X,S10,0.924301529005244,True,0.0013122135528524845
R4_LHS_03,control,V40_CPLUS_E5_C9_1T,Y,S10,1.19976243124171,True,0.009053140179310989
R4_LHS_03,control,V40_CPLUS_E5_C9_1T,Z,S10,1.3670282329560877,True,0.009883665453904896
R4_LHS_03,control,V40_C_E5_C9_1T,X,S10,0.9265806296192759,True,0.0011733856345706114
R4_LHS_03,control,V40_C_E5_C9_1T,Y,S10,1.2176661159033009,True,0.007742239627312175
R4_LHS_03,control,V40_C_E5_C9_1T,Z,S10,1.2695956709897367,True,0.007914395716912844
R4_LHS_03,control,V52_A_E5_C9_1T,X,S10,1.0473807065583618,True,0.0009138975968624216
R4_LHS_03,control,V52_A_E5_C9_1T,Y,S10,1.257157996587485,True,0.0068230432945560375
R4_LHS_03,control,V52_A_E5_C9_1T,Z,S10,1.2268543096331237,True,0.006116441883041824
R4_LHS_03,control,V52_B_E5_C9_1T,X,S10,0.8929629284811558,True,0.0009258304769485738
R4_LHS_03,control,V52_B_E5_C9_1T,Y,S10,1.038649717692999,True,0.007039470690871115
R4_LHS_03,control,V52_B_E5_C9_1T,Z,S10,1.0246078380548571,True,0.006015438115858045
R4_LHS_03,control,V52_CPLUS_E5_C9_1T,X,S10,0.8970634377654461,True,0.0011763558514413656
R4_LHS_03,control,V52_CPLUS_E5_C9_1T,Y,S10,1.0634539600687023,True,0.010011273357905531
R4_LHS_03,control,V52_CPLUS_E5_C9_1T,Z,S10,1.1827671235091672,True,0.008215177066931869
R4_LHS_03,control,V52_C_E5_C9_1T,X,S10,0.9388602539596768,True,0.0010045443054256785
R4_LHS_03,control,V52_C_E5_C9_1T,Y,S10,1.1114740897103395,True,0.008447627096533308
R4_LHS_03,control,V52_C_E5_C9_1T,Z,S10,1.242647564903928,True,0.007380728131869112
R4_LHS_03,control,V40_A_E6_C10_1T,X,S10,0.8890261889362202,True,0.0005579076164092265
R4_LHS_03,control,V40_A_E6_C10_1T,Y,S10,1.0366254323731112,True,0.004216038136871009
R4_LHS_03,control,V40_A_E6_C10_1T,Z,S10,0.8791805398693285,True,0.004245378872439045
R4_LHS_03,control,V40_B_E6_C10_1T,X,S10,0.8305756006128464,True,0.0006995966129460049
R4_LHS_03,control,V40_B_E6_C10_1T,Y,S10,0.989163386926298,True,0.005331941745894629
R4_LHS_03,control,V40_B_E6_C10_1T,Z,S10,0.9530652386739483,True,0.005456012436837949
R4_LHS_03,control,V40_CPLUS_E6_C10_1T,X,S10,0.8354727266459244,True,0.001026005362083189
R4_LHS_03,control,V40_CPLUS_E6_C10_1T,Y,S10,1.0281908064142307,True,0.007891228160227613
R4_LHS_03,control,V40_CPLUS_E6_C10_1T,Z,S10,1.1742470560045424,True,0.008386039275843799
R4_LHS_03,control,V40_C_E6_C10_1T,X,S10,0.8297946689969515,True,0.0008349648952820415
R4_LHS_03,control,V40_C_E6_C10_1T,Y,S10,1.0020280845791616,True,0.00628399136580211
R4_LHS_03,control,V40_C_E6_C10_1T,Z,S10,1.0506010760497995,True,0.006536931994646451
R4_LHS_03,control,V52_A_E6_C10_1T,X,S10,0.8382394098960179,True,0.0005427380395240004
R4_LHS_03,control,V52_A_E6_C10_1T,Y,S10,0.9410882435715572,True,0.005226069946711882
R4_LHS_03,control,V52_A_E6_C10_1T,Z,S10,0.7276118830412227,True,0.003923919426954575
R4_LHS_03,control,V52_B_E6_C10_1T,X,S10,0.8491810293519351,True,0.0006503458906031668
R4_LHS_03,control,V52_B_E6_C10_1T,Y,S10,0.8961294654926854,True,0.005877392795164446
R4_LHS_03,control,V52_B_E6_C10_1T,Z,S10,0.8242045051224732,True,0.004431907968705335
R4_LHS_03,control,V52_CPLUS_E6_C10_1T,X,S10,0.8630972717101769,True,0.0009482623623954718
R4_LHS_03,control,V52_CPLUS_E6_C10_1T,Y,S10,0.9664089676799504,True,0.008813762654171865
R4_LHS_03,control,V52_CPLUS_E6_C10_1T,Z,S10,1.0932919954597242,True,0.007114979235033101
R4_LHS_03,control,V52_C_E6_C10_1T,X,S10,0.8221369859179678,True,0.0007703428433942924
R4_LHS_03,control,V52_C_E6_C10_1T,Y,S10,0.9079387486568978,True,0.007164065640647415
R4_LHS_03,control,V52_C_E6_C10_1T,Z,S10,0.8776606990930239,True,0.0054790055392990355
R4_LHS_03,control,V40_A_E7_C11_2T,X,S10,0.920327658999977,True,0.0009947390121558444
R4_LHS_03,control,V40_A_E7_C11_2T,Y,S10,0.9316135064840027,True,0.006502150204623984
R4_LHS_03,control,V40_A_E7_C11_2T,Z,S10,1.094941599642966,True,0.006154700447275092
R4_LHS_03,control,V40_B_E7_C11_2T,X,S10,0.8923303070513615,True,0.0011417144279562046
R4_LHS_03,control,V40_B_E7_C11_2T,Y,S10,0.8979395310395597,True,0.0076789883168257075
R4_LHS_03,control,V40_B_E7_C11_2T,Z,S10,1.0317116548951566,True,0.007208121893398041
R4_LHS_03,control,V40_CPLUS_E7_C11_2T,X,S10,0.9043104906552007,True,0.0013936098605772896
R4_LHS_03,control,V40_CPLUS_E7_C11_2T,Y,S10,0.8275118255129796,True,0.01064146480747316
R4_LHS_03,control,V40_CPLUS_E7_C11_2T,Z,S10,0.9421496337132573,True,0.009820167390658241
R4_LHS_03,control,V40_C_E7_C11_2T,X,S10,0.9017315433406032,True,0.0012236748358415196
R4_LHS_03,control,V40_C_E7_C11_2T,Y,S10,0.8724203590750919,True,0.00895195758586646
R4_LHS_03,control,V40_C_E7_C11_2T,Z,S10,0.9713986739255658,True,0.00810461405716609
R4_LHS_03,control,V52_A_E7_C11_2T,X,S10,0.9860558047288899,True,0.0009240605823242079
R4_LHS_03,control,V52_A_E7_C11_2T,Y,S10,0.9276221233447823,True,0.007746419284800034
R4_LHS_03,control,V52_A_E7_C11_2T,Z,S10,1.1528506795798579,True,0.006105763971485308
R4_LHS_03,control,V52_B_E7_C11_2T,X,S10,0.9407323367150372,True,0.0009936743434041271
R4_LHS_03,control,V52_B_E7_C11_2T,Y,S10,0.7978919657963902,True,0.008259334511992488
R4_LHS_03,control,V52_B_E7_C11_2T,Z,S10,0.8991577130958374,True,0.005870982704633248
R4_LHS_03,control,V52_CPLUS_E7_C11_2T,X,S10,0.9384534449373783,True,0.0013152177326986435
R4_LHS_03,control,V52_CPLUS_E7_C11_2T,Y,S10,0.7648624909277864,True,0.011740940505993011
R4_LHS_03,control,V52_CPLUS_E7_C11_2T,Z,S10,0.8211445143529948,True,0.008179065531631325
R4_LHS_03,control,V52_C_E7_C11_2T,X,S10,0.8986691901946356,True,0.0011129007108044973
R4_LHS_03,control,V52_C_E7_C11_2T,Y,S10,0.7445435823646156,True,0.009359058085563643
R4_LHS_03,control,V52_C_E7_C11_2T,Z,S10,0.8108825294156793,True,0.006500320798981331
R4_LHS_03,control,V40_A_E8_C12_2T,X,S10,0.8343716459927027,True,0.0006180129433621031
R4_LHS_03,control,V40_A_E8_C12_2T,Y,S10,0.7020892871421025,True,0.004770927633404861
R4_LHS_03,control,V40_A_E8_C12_2T,Z,S10,0.8705321823122074,True,0.004848917889812103
R4_LHS_03,control,V40_B_E8_C12_2T,X,S10,0.8359100413427907,True,0.0007940937283626
R4_LHS_03,control,V40_B_E8_C12_2T,Y,S10,0.7197126144728074,True,0.006273064004112837
R4_LHS_03,control,V40_B_E8_C12_2T,Z,S10,0.8566230260523896,True,0.006186583928942771
R4_LHS_03,control,V40_CPLUS_E8_C12_2T,X,S10,0.8739254227868557,True,0.0012360925557608473
R4_LHS_03,control,V40_CPLUS_E8_C12_2T,Y,S10,0.7452220608839054,True,0.009646672276463684
R4_LHS_03,control,V40_CPLUS_E8_C12_2T,Z,S10,0.8819516709825007,True,0.009692417496856811
R4_LHS_03,control,V40_C_E8_C12_2T,X,S10,0.8036410726151738,True,0.0009257733956302931
R4_LHS_03,control,V40_C_E8_C12_2T,Y,S10,0.7035145049740462,True,0.007430835199154436
R4_LHS_03,control,V40_C_E8_C12_2T,Z,S10,0.8686301792510287,True,0.007589527294298418
R4_LHS_03,control,V52_A_E8_C12_2T,X,S10,0.9457048088085229,True,0.0006749826147952479
R4_LHS_03,control,V52_A_E8_C12_2T,Y,S10,0.7481807800855896,True,0.0062301786750005705
R4_LHS_03,control,V52_A_E8_C12_2T,Z,S10,0.861384288480842,True,0.0045610621443408226
R4_LHS_03,control,V52_B_E8_C12_2T,X,S10,0.9206192882854712,True,0.0007925447001477735
R4_LHS_03,control,V52_B_E8_C12_2T,Y,S10,0.7429473238107827,True,0.00748645734658642
R4_LHS_03,control,V52_B_E8_C12_2T,Z,S10,0.7918937929268841,True,0.005030689083595189
R4_LHS_03,control,V52_CPLUS_E8_C12_2T,X,S10,0.945338675565239,True,0.0011748580553625966
R4_LHS_03,control,V52_CPLUS_E8_C12_2T,Y,S10,0.6901786695686318,True,0.010142754695362171
R4_LHS_03,control,V52_CPLUS_E8_C12_2T,Z,S10,0.7501402521867861,True,0.007058800910793047
R4_LHS_03,control,V52_C_E8_C12_2T,X,S10,0.9135228490058092,True,0.0009704658711555808
R4_LHS_03,control,V52_C_E8_C12_2T,Y,S10,0.7256040383270224,True,0.008927220982533565
R4_LHS_03,control,V52_C_E8_C12_2T,Z,S10,0.7514884320125644,True,0.005905191060728692
R2_LHS_02,physics,BASE_C1_0T,X,S10,,False,0.0
R2_LHS_02,physics,BASE_C1_0T,Y,S10,,False,0.0
R2_LHS_02,physics,BASE_C1_0T,Z,S10,,False,0.0
R2_LHS_02,physics,BASE_C2_0T,X,S10,,False,0.0
R2_LHS_02,physics,BASE_C2_0T,Y,S10,,False,0.0
R2_LHS_02,physics,BASE_C2_0T,Z,S10,,False,0.0
R2_LHS_02,physics,BASE_C3_0T,X,S10,,False,0.0
R2_LHS_02,physics,BASE_C3_0T,Y,S10,,False,0.0
R2_LHS_02,physics,BASE_C3_0T,Z,S10,,False,0.0
R2_LHS_02,physics,BASE_C8_0T,X,S10,,False,0.0
R2_LHS_02,physics,BASE_C8_0T,Y,S10,,False,0.0
R2_LHS_02,physics,BASE_C8_0T,Z,S10,,False,0.0
R2_LHS_02,physics,V40_A_E1_C4_2T,X,S10,0.9090322580299235,True,0.0006952144218876675
R2_LHS_02,physics,V40_A_E1_C4_2T,Y,S10,0.783340327480203,True,0.005555314737244275
R2_LHS_02,physics,V40_A_E1_C4_2T,Z,S10,0.9654940161033997,True,0.005594361597584261
R2_LHS_02,physics,V40_B_E1_C4_2T,X,S10,0.846878267901604,True,0.0008143337214379525
R2_LHS_02,physics,V40_B_E1_C4_2T,Y,S10,0.7275513897636572,True,0.006353149105322946
R2_LHS_02,physics,V40_B_E1_C4_2T,Z,S10,0.8986793380696786,True,0.006391623130359977
R2_LHS_02,physics,V40_CPLUS_E1_C4_2T,X,S10,0.9044391257187238,True,0.001230774903757208
R2_LHS_02,physics,V40_CPLUS_E1_C4_2T,Y,S10,0.7317435739655371,True,0.009792830849242443
R2_LHS_02,physics,V40_CPLUS_E1_C4_2T,Z,S10,0.8977418102429127,True,0.009630816769548085
R2_LHS_02,physics,V40_C_E1_C4_2T,X,S10,0.8401276320648761,True,0.0009742388831969614
R2_LHS_02,physics,V40_C_E1_C4_2T,Y,S10,0.726988657340589,True,0.007652816343985162
R2_LHS_02,physics,V40_C_E1_C4_2T,Z,S10,0.8919653864251151,True,0.007704095453622905
R2_LHS_02,physics,V52_A_E1_C4_2T,X,S10,0.9886109992070374,True,0.0006770478366545732
R2_LHS_02,physics,V52_A_E1_C4_2T,Y,S10,0.7854843633862624,True,0.006305159732898278
R2_LHS_02,physics,V52_A_E1_C4_2T,Z,S10,0.9031021128430532,True,0.004564341757775839
R2_LHS_02,physics,V52_B_E1_C4_2T,X,S10,0.8831266960501485,True,0.000782538642683092
R2_LHS_02,physics,V52_B_E1_C4_2T,Y,S10,0.6934905397484954,True,0.007044078266138822
R2_LHS_02,physics,V52_B_E1_C4_2T,Z,S10,0.7661007674162481,True,0.004960206504045847
R2_LHS_02,physics,V52_CPLUS_E1_C4_2T,X,S10,0.9751633949856002,True,0.0012118341185122818
R2_LHS_02,physics,V52_CPLUS_E1_C4_2T,Y,S10,0.7687594802631865,True,0.011445519899991005
R2_LHS_02,physics,V52_CPLUS_E1_C4_2T,Z,S10,0.8507748670698992,True,0.008143245423913844
R2_LHS_02,physics,V52_C_E1_C4_2T,X,S10,0.9746794995456988,True,0.0009943339222290616
R2_LHS_02,physics,V52_C_E1_C4_2T,Y,S10,0.7810995954756297,True,0.009591333557652739
R2_LHS_02,physics,V52_C_E1_C4_2T,Z,S10,0.8824084446391107,True,0.0068994481756373405
R2_LHS_02,physics,V40_A_E2_C5_2T,X,S10,0.9216137226784324,True,0.0008488310209810529
R2_LHS_02,physics,V40_A_E2_C5_2T,Y,S10,0.8862669116001756,True,0.006250726029809364
R2_LHS_02,physics,V40_A_E2_C5_2T,Z,S10,1.0418556371419465,True,0.005910568228857229
R2_LHS_02,physics,V40_B_E2_C5_2T,X,S10,0.9560688829236347,True,0.0009611259680207225
R2_LHS_02,physics,V40_B_E2_C5_2T,Y,S10,0.8723009495148837,True,0.007388158224269125
R2_LHS_02,physics,V40_B_E2_C5_2T,Z,S10,1.0351342470910545,True,0.0071457754592046336
R2_LHS_02,physics,V40_CPLUS_E2_C5_2T,X,S10,0.9428255068616468,True,0.0013401767860532982
R2_LHS_02,physics,V40_CPLUS_E2_C5_2T,Y,S10,0.8207099149555941,True,0.010508903131858052
R2_LHS_02,physics,V40_CPLUS_E2_C5_2T,Z,S10,0.9828322867070209,True,0.010330311537832024
R2_LHS_02,physics,V40_C_E2_C5_2T,X,S10,0.8621532115875311,True,0.0011147316077506893
R2_LHS_02,physics,V40_C_E2_C5_2T,Y,S10,0.77948909631479,True,0.008307582630936226
R2_LHS_02,physics,V40_C_E2_C5_2T,Z,S10,0.9306781722651286,True,0.00802774269690584
R2_LHS_02,physics,V52_A_E2_C5_2T,X,S10,1.019873517125941,True,0.0008063979506565132
R2_LHS_02,physics,V52_A_E2_C5_2T,Y,S10,0.8386731541436271,True,0.007025537646548957
R2_LHS_02,physics,V52_A_E2_C5_2T,Z,S10,0.9855123014118143,True,0.005244379916686926
R2_LHS_02,physics,V52_B_E2_C5_2T,X,S10,0.9153128694165121,True,0.0008950223673433333
R2_LHS_02,physics,V52_B_E2_C5_2T,Y,S10,0.7452601731608914,True,0.00781688547614002
R2_LHS_02,physics,V52_B_E2_C5_2T,Z,S10,0.8258398178002365,True,0.00543799917329071
R2_LHS_02,physics,V52_CPLUS_E2_C5_2T,X,S10,0.9476236919945654,True,0.001254730666095923
R2_LHS_02,physics,V52_CPLUS_E2_C5_2T,Y,S10,0.7255102516663134,True,0.011192096586929488
R2_LHS_02,physics,V52_CPLUS_E2_C5_2T,Z,S10,0.8092484275724107,True,0.007955846867546015
R2_LHS_02,physics,V52_C_E2_C5_2T,X,S10,0.9393222068546498,True,0.00103722770262824
R2_LHS_02,physics,V52_C_E2_C5_2T,Y,S10,0.7349356901389554,True,0.009181957389061832
R2_LHS_02,physics,V52_C_E2_C5_2T,Z,S10,0.825342692596773,True,0.006468539822807131
R2_LHS_02,physics,V40_A_E3_C6_1T,X,S10,0.8292030658665545,True,0.0005594513804284625
R2_LHS_02,physics,V40_A_E3_C6_1T,Y,S10,0.9258244283411221,True,0.004010768487351134
R2_LHS_02,physics,V40_A_E3_C6_1T,Z,S10,0.7698538529579363,True,0.004033440910886458
R2_LHS_02,physics,V40_B_E3_C6_1T,X,S10,0.8490506859200665,True,0.0007086442940827402
R2_LHS_02,physics,V40_B_E3_C6_1T,Y,S10,0.9129460176208484,True,0.005004825702328314
R2_LHS_02,physics,V40_B_E3_C6_1T,Z,S10,0.875606984199591,True,0.005227541317251534
R2_LHS_02,physics,V40_CPLUS_E3_C6_1T,X,S10,0.8385347810836015,True,0.0010130211569341046
R2_LHS_02,physics,V40_CPLUS_E3_C6_1T,Y,S10,0.9762956023779962,True,0.007506218298450817
R2_LHS_02,physics,V40_CPLUS_E3_C6_1T,Z,S10,1.161374442360004,True,0.008037961250485368
R2_LHS_02,physics,V40_C_E3_C6_1T,X,S10,0.8326083937064135,True,0.0008263353005074143
R2_LHS_02,physics,V40_C_E3_C6_1T,Y,S10,1.0005189400500107,True,0.006206920707293653
R2_LHS_02,physics,V40_C_E3_C6_1T,Z,S10,1.0264422038338903,True,0.00632634985338137
R2_LHS_02,physics,V52_A_E3_C6_1T,X,S10,0.8481197621957939,True,0.0005266843745797386
R2_LHS_02,physics,V52_A_E3_C6_1T,Y,S10,0.8986507223595156,True,0.004794806872482352
R2_LHS_02,physics,V52_A_E3_C6_1T,Z,S10,0.7188761729623624,True,0.0038178272417922444
R2_LHS_02,physics,V52_B_E3_C6_1T,X,S10,0.779601247973232,True,0.0006462585120462738
R2_LHS_02,physics,V52_B_E3_C6_1T,Y,S10,0.8571110381121179,True,0.005725278812100979
R2_LHS_02,physics,V52_B_E3_C6_1T,Z,S10,0.7370937324546221,True,0.004328542317166386
R2_LHS_02,physics,V52_CPLUS_E3_C6_1T,X,S10,0.8396684665076927,True,0.0009654193462485304
R2_LHS_02,physics,V52_CPLUS_E3_C6_1T,Y,S10,0.9061350246888555,True,0.0086794349990744
R2_LHS_02,physics,V52_CPLUS_E3_C6_1T,Z,S10,0.910566950079704,True,0.00647637027430148
R2_LHS_02,physics,V52_C_E3_C6_1T,X,S10,0.8291783716538764,True,0.0007767796528785236
R2_LHS_02,physics,V52_C_E3_C6_1T,Y,S10,0.8904932785896298,True,0.007011830699152508
R2_LHS_02,physics,V52_C_E3_C6_1T,Z,S10,0.7854105389732517,True,0.00505900594593979
R2_LHS_02,physics,V40_A_E4_C7_1T,X,S10,0.9710347425182825,True,0.0007138297875475049
R2_LHS_02,physics,V40_A_E4_C7_1T,Y,S10,1.1315842737331956,True,0.004962134004507656
R2_LHS_02,physics,V40_A_E4_C7_1T,Z,S10,0.9519317198933461,True,0.005279060538183704
R2_LHS_02,physics,V40_B_E4_C7_1T,X,S10,0.9098828052176048,True,0.0008256912579078968
R2_LHS_02,physics,V40_B_E4_C7_1T,Y,S10,1.0595590658944716,True,0.005830524003630432
R2_LHS_02,physics,V40_B_E4_C7_1T,Z,S10,1.0235742188636694,True,0.0061324966225603916
R2_LHS_02,physics,V40_CPLUS_E4_C7_1T,X,S10,0.8694101814265704,True,0.0011252066971237365
R2_LHS_02,physics,V40_CPLUS_E4_C7_1T,Y,S10,1.0654283737363988,True,0.008263925692903044
R2_LHS_02,physics,V40_CPLUS_E4_C7_1T,Z,S10,1.1979663950637454,True,0.008588370222939365
R2_LHS_02,physics,V40_C_E4_C7_1T,X,S10,0.8570711741905245,True,0.0009647105004849539
R2_LHS_02,physics,V40_C_E4_C7_1T,Y,S10,1.036114799018777,True,0.006698333223351625
R2_LHS_02,physics,V40_C_E4_C7_1T,Z,S10,1.023167151202164,True,0.006602752909960185
R2_LHS_02,physics,V52_A_E4_C7_1T,X,S10,0.9308535768045288,True,0.0006983189824105585
R2_LHS_02,physics,V52_A_E4_C7_1T,Y,S10,1.024378408484881,True,0.00570099265017274
R2_LHS_02,physics,V52_A_E4_C7_1T,Z,S10,0.8745419267363602,True,0.004864859522623464
R2_LHS_02,physics,V52_B_E4_C7_1T,X,S10,0.9229207198273448,True,0.0007592379566807758
R2_LHS_02,physics,V52_B_E4_C7_1T,Y,S10,0.992270064058408,True,0.006336280045031868
R2_LHS_02,physics,V52_B_E4_C7_1T,Z,S10,0.9623491594741806,True,0.005109991467879451
R2_LHS_02,physics,V52_CPLUS_E4_C7_1T,X,S10,0.8841241725198418,True,0.0010423644753655094
R2_LHS_02,physics,V52_CPLUS_E4_C7_1T,Y,S10,0.9700700961259977,True,0.009219228371483526
R2_LHS_02,physics,V52_CPLUS_E4_C7_1T,Z,S10,1.0578346569825876,True,0.0074513375666201975
R2_LHS_02,physics,V52_C_E4_C7_1T,X,S10,0.8818744205722432,True,0.0008521360857416927
R2_LHS_02,physics,V52_C_E4_C7_1T,Y,S10,0.9620591078452033,True,0.007281927347775335
R2_LHS_02,physics,V52_C_E4_C7_1T,Z,S10,1.0014178513956102,True,0.005801629913450008
R2_LHS_02,physics,V40_A_E5_C9_1T,X,S10,0.9573721597457312,True,0.0008139307441691703
R2_LHS_02,physics,V40_A_E5_C9_1T,Y,S10,1.2207526024183157,True,0.00542547540518371
R2_LHS_02,physics,V40_A_E5_C9_1T,Z,S10,1.0985015278698336,True,0.006035483308059426
R2_LHS_02,physics,V40_B_E5_C9_1T,X,S10,0.914607945993192,True,0.000943239653204531
R2_LHS_02,physics,V40_B_E5_C9_1T,Y,S10,1.132755151370161,True,0.0061878085860533295
R2_LHS_02,physics,V40_B_E5_C9_1T,Z,S10,1.0959924577819788,True,0.006654552698768844
R2_LHS_02,physics,V40_CPLUS_E5_C9_1T,X,S10,0.8928615136464565,True,0.0012013129816946244
R2_LHS_02,physics,V40_CPLUS_E5_C9_1T,Y,S10,1.0439151994669078,True,0.00844312849976968
R2_LHS_02,physics,V40_CPLUS_E5_C9_1T,Z,S10,1.1745590254689418,True,0.008965101420852729
R2_LHS_02,physics,V40_C_E5_C9_1T,X,S10,0.8789072949738996,True,0.0010589015776943773
R2_LHS_02,physics,V40_C_E5_C9_1T,Y,S10,1.094713848298484,True,0.007152406699044003
R2_LHS_02,physics,V40_C_E5_C9_1T,Z,S10,1.1036625999162957,True,0.007118420638383591
R2_LHS_02,physics,V52_A_E5_C9_1T,X,S10,0.9681899074121748,True,0.0007692995330145996
R2_LHS_02,physics,V52_A_E5_C9_1T,Y,S10,1.0559100934080647,True,0.005969431500691742
R2_LHS_02,physics,V52_A_E5_C9_1T,Z,S10,0.9173659794763381,True,0.005100813749597034
R2_LHS_02,physics,V52_B_E5_C9_1T,X,S10,0.8971101430348726,True,0.0007450496355861398
R2_LHS_02,physics,V52_B_E5_C9_1T,Y,S10,0.9926070886543159,True,0.0065676046140716975
R2_LHS_02,physics,V52_B_E5_C9_1T,Z,S10,0.9660287818682818,True,0.005501151502942003
R2_LHS_02,physics,V52_CPLUS_E5_C9_1T,X,S10,0.8797324649150158,True,0.0010767854816922686
R2_LHS_02,physics,V52_CPLUS_E5_C9_1T,Y,S10,0.9623819045790187,True,0.008977582638465252
R2_LHS_02,physics,V52_CPLUS_E5_C9_1T,Z,S10,1.117164281708522,True,0.007292005572146075
R2_LHS_02,physics,V52_C_E5_C9_1T,X,S10,0.8953396342854408,True,0.0008734310281013134
R2_LHS_02,physics,V52_C_E5_C9_1T,Y,S10,0.9653930946667852,True,0.0075663866448918175
R2_LHS_02,physics,V52_C_E5_C9_1T,Z,S10,0.962180592109329,True,0.0062064450070760625
R2_LHS_02,physics,V40_A_E6_C10_1T,X,S10,0.8562420793968811,True,0.0005814934938455338
R2_LHS_02,physics,V40_A_E6_C10_1T,Y,S10,0.8975886914268555,True,0.0040712861776839
R2_LHS_02,physics,V40_A_E6_C10_1T,Z,S10,0.7789015256853714,True,0.004266298414535676
R2_LHS_02,physics,V40_B_E6_C10_1T,X,S10,0.817503842085916,True,0.0006747956487837656
R2_LHS_02,physics,V40_B_E6_C10_1T,Y,S10,0.9816720377287843,True,0.005179743961826385
R2_LHS_02,physics,V40_B_E6_C10_1T,Z,S10,0.9175479090742025,True,0.005225558833158589
R2_LHS_02,physics,V40_CPLUS_E6_C10_1T,X,S10,0.8427225133486415,True,0.0010283073087762142
R2_LHS_02,physics,V40_CPLUS_E6_C10_1T,Y,S10,0.9858135811698271,True,0.007607527460047961
R2_LHS_02,physics,V40_CPLUS_E6_C10_1T,Z,S10,1.1711302075635042,True,0.008123078510782323
R2_LHS_02,physics,V40_C_E6_C10_1T,X,S10,0.8437203136027062,True,0.0008282788068221474
R2_LHS_02,physics,V40_C_E6_C10_1T,Y,S10,0.9799432928871898,True,0.0060627836075841735
R2_LHS_02,physics,V40_C_E6_C10_1T,Z,S10,1.0436692592153838,True,0.006228879918098775
R2_LHS_02,physics,V52_A_E6_C10_1T,X,S10,0.8371188889322706,True,0.0005429451965747975
R2_LHS_02,physics,V52_A_E6_C10_1T,Y,S10,0.8753776134907457,True,0.004907156055865198
R2_LHS_02,physics,V52_A_E6_C10_1T,Z,S10,0.6177456459313176,True,0.003461295431391986
R2_LHS_02,physics,V52_B_E6_C10_1T,X,S10,0.7874795153848374,True,0.0006551118759083013
R2_LHS_02,physics,V52_B_E6_C10_1T,Y,S10,0.8580066062396325,True,0.0058016060048501775
R2_LHS_02,physics,V52_B_E6_C10_1T,Z,S10,0.7475881469192184,True,0.004391234360805989
R2_LHS_02,physics,V52_CPLUS_E6_C10_1T,X,S10,0.8300326795310725,True,0.0009357520543357887
R2_LHS_02,physics,V52_CPLUS_E6_C10_1T,Y,S10,0.9136215187137703,True,0.008708493252270114
R2_LHS_02,physics,V52_CPLUS_E6_C10_1T,Z,S10,0.9753975449871459,True,0.00693229396382921
R2_LHS_02,physics,V52_C_E6_C10_1T,X,S10,0.8177460931531357,True,0.000749447802351507
R2_LHS_02,physics,V52_C_E6_C10_1T,Y,S10,0.9069841759868454,True,0.006971525627618119
R2_LHS_02,physics,V52_C_E6_C10_1T,Z,S10,0.8690271777331338,True,0.005277436733019641
R2_LHS_02,physics,V40_A_E7_C11_2T,X,S10,0.9726528528101949,True,0.0008365364447121567
R2_LHS_02,physics,V40_A_E7_C11_2T,Y,S10,0.9240984431174111,True,0.006323549707374571
R2_LHS_02,physics,V40_A_E7_C11_2T,Z,S10,1.1011786161844417,True,0.006184651796963079
R2_LHS_02,physics,V40_B_E7_C11_2T,X,S10,0.9189888105768044,True,0.001026910143017797
R2_LHS_02,physics,V40_B_E7_C11_2T,Y,S10,0.8207997870723371,True,0.007314117661701722
R2_LHS_02,physics,V40_B_E7_C11_2T,Z,S10,0.9872320369205501,True,0.006990402491722766
R2_LHS_02,physics,V40_CPLUS_E7_C11_2T,X,S10,0.919128028798914,True,0.001394065583393708
R2_LHS_02,physics,V40_CPLUS_E7_C11_2T,Y,S10,0.8241700060353822,True,0.011073806249770184
R2_LHS_02,physics,V40_CPLUS_E7_C11_2T,Z,S10,0.9754771820879424,True,0.01081768085412315
R2_LHS_02,physics,V40_C_E7_C11_2T,X,S10,0.9160047832141947,True,0.0011710555493249656
R2_LHS_02,physics,V40_C_E7_C11_2T,Y,S10,0.8351005297855612,True,0.008997476257181565
R2_LHS_02,physics,V40_C_E7_C11_2T,Z,S10,0.9902846178463792,True,0.008822407357066702
R2_LHS_02,physics,V52_A_E7_C11_2T,X,S10,0.9479890907756849,True,0.0008334963345005947
R2_LHS_02,physics,V52_A_E7_C11_2T,Y,S10,0.798895915256244,True,0.006716086394274647
R2_LHS_02,physics,V52_A_E7_C11_2T,Z,S10,0.9636215904840493,True,0.005185597961907598
R2_LHS_02,physics,V52_B_E7_C11_2T,X,S10,0.9286481564484468,True,0.0009502002814551801
R2_LHS_02,physics,V52_B_E7_C11_2T,Y,S10,0.7561549942105792,True,0.007902596071038385
R2_LHS_02,physics,V52_B_E7_C11_2T,Z,S10,0.8658892645676203,True,0.005677359735586708
R2_LHS_02,physics,V52_CPLUS_E7_C11_2T,X,S10,0.9125973414532149,True,0.001273201299253893
R2_LHS_02,physics,V52_CPLUS_E7_C11_2T,Y,S10,0.7297844871116569,True,0.011236517739387554
R2_LHS_02,physics,V52_CPLUS_E7_C11_2T,Z,S10,0.8060377548218444,True,0.007935125952837435
R2_LHS_02,physics,V52_C_E7_C11_2T,X,S10,0.9875475855556052,True,0.001072256244512941
R2_LHS_02,physics,V52_C_E7_C11_2T,Y,S10,0.8180353212178738,True,0.009981986274276463
R2_LHS_02,physics,V52_C_E7_C11_2T,Z,S10,0.9486724191735838,True,0.007270059014924817
R2_LHS_02,physics,V40_A_E8_C12_2T,X,S10,0.8964636872717556,True,0.0006619117946898387
R2_LHS_02,physics,V40_A_E8_C12_2T,Y,S10,0.7334491697597086,True,0.0052077188834892775
R2_LHS_02,physics,V40_A_E8_C12_2T,Z,S10,0.9061652592561634,True,0.005062246218578228
R2_LHS_02,physics,V40_B_E8_C12_2T,X,S10,0.8409692278568867,True,0.0008223712259405897
R2_LHS_02,physics,V40_B_E8_C12_2T,Y,S10,0.7323403679273957,True,0.00647447118709164
R2_LHS_02,physics,V40_B_E8_C12_2T,Z,S10,0.8893991402347385,True,0.00635245548727061
R2_LHS_02,physics,V40_CPLUS_E8_C12_2T,X,S10,0.8775950631475529,True,0.0012448676666372315
R2_LHS_02,physics,V40_CPLUS_E8_C12_2T,Y,S10,0.7374746810640268,True,0.009673464493174721
R2_LHS_02,physics,V40_CPLUS_E8_C12_2T,Z,S10,0.8932320551831151,True,0.009730729463446225
R2_LHS_02,physics,V40_C_E8_C12_2T,X,S10,0.905520939673168,True,0.0010051823060988488
R2_LHS_02,physics,V40_C_E8_C12_2T,Y,S10,0.7996388380864597,True,0.008200919763330441
R2_LHS_02,physics,V40_C_E8_C12_2T,Z,S10,0.9635637530080551,True,0.008133204682018348
R2_LHS_02,physics,V52_A_E8_C12_2T,X,S10,0.8988969878316366,True,0.000664796888341169
R2_LHS_02,physics,V52_A_E8_C12_2T,Y,S10,0.7060150243844032,True,0.005879263904564733
R2_LHS_02,physics,V52_A_E8_C12_2T,Z,S10,0.8103150491773097,True,0.004290504940609532
R2_LHS_02,physics,V52_B_E8_C12_2T,X,S10,0.9695933916839045,True,0.0008402306905444757
R2_LHS_02,physics,V52_B_E8_C12_2T,Y,S10,0.7754025594886158,True,0.008004581848223011
R2_LHS_02,physics,V52_B_E8_C12_2T,Z,S10,0.8789688003124629,True,0.00578971026944927
R2_LHS_02,physics,V52_CPLUS_E8_C12_2T,X,S10,0.9233253930362225,True,0.0011689630198641722
R2_LHS_02,physics,V52_CPLUS_E8_C12_2T,Y,S10,0.69658874030944,True,0.010744259981812294
R2_LHS_02,physics,V52_CPLUS_E8_C12_2T,Z,S10,0.7857025200920608,True,0.007714691486359102
R2_LHS_02,physics,V52_C_E8_C12_2T,X,S10,0.8875119755289644,True,0.0009459000766431405
R2_LHS_02,physics,V52_C_E8_C12_2T,Y,S10,0.6919040330375861,True,0.008552559623959087
R2_LHS_02,physics,V52_C_E8_C12_2T,Z,S10,0.7669477686155809,True,0.005953565177070865
R2_LHS_02,control,BASE_C1_0T,X,S10,,False,0.0
R2_LHS_02,control,BASE_C1_0T,Y,S10,,False,0.0
R2_LHS_02,control,BASE_C1_0T,Z,S10,,False,0.0
R2_LHS_02,control,BASE_C2_0T,X,S10,,False,0.0
R2_LHS_02,control,BASE_C2_0T,Y,S10,,False,0.0
R2_LHS_02,control,BASE_C2_0T,Z,S10,,False,0.0
R2_LHS_02,control,BASE_C3_0T,X,S10,,False,0.0
R2_LHS_02,control,BASE_C3_0T,Y,S10,,False,0.0
R2_LHS_02,control,BASE_C3_0T,Z,S10,,False,0.0
R2_LHS_02,control,BASE_C8_0T,X,S10,,False,0.0
R2_LHS_02,control,BASE_C8_0T,Y,S10,,False,0.0
R2_LHS_02,control,BASE_C8_0T,Z,S10,,False,0.0
R2_LHS_02,control,V40_A_E1_C4_2T,X,S10,0.8997067634831876,True,0.0006673576659972649
R2_LHS_02,control,V40_A_E1_C4_2T,Y,S10,0.7734062738275463,True,0.005359776632594437
R2_LHS_02,control,V40_A_E1_C4_2T,Z,S10,0.9325484504042014,True,0.0052172189308491365
R2_LHS_02,control,V40_B_E1_C4_2T,X,S10,0.9773666355212774,True,0.0008678319898139588
R2_LHS_02,control,V40_B_E1_C4_2T,Y,S10,0.7975192528982125,True,0.006843338957246238
R2_LHS_02,control,V40_B_E1_C4_2T,Z,S10,0.9392586526332817,True,0.006459504122391432
R2_LHS_02,control,V40_CPLUS_E1_C4_2T,X,S10,0.8843869485427288,True,0.001221573535986565
R2_LHS_02,control,V40_CPLUS_E1_C4_2T,Y,S10,0.7453587563570205,True,0.00968425225714797
R2_LHS_02,control,V40_CPLUS_E1_C4_2T,Z,S10,0.8728814483671805,True,0.009394791317068978
R2_LHS_02,control,V40_C_E1_C4_2T,X,S10,0.9663022807752489,True,0.0010313368800162284
R2_LHS_02,control,V40_C_E1_C4_2T,Y,S10,0.7923800396785093,True,0.008144636368651918
R2_LHS_02,control,V40_C_E1_C4_2T,Z,S10,0.9320649007662146,True,0.0077677188049831486
R2_LHS_02,control,V52_A_E1_C4_2T,X,S10,1.0008545640207305,True,0.0006909012703136723
R2_LHS_02,control,V52_A_E1_C4_2T,Y,S10,0.7992917975159324,True,0.006551996921749153
R2_LHS_02,control,V52_A_E1_C4_2T,Z,S10,0.8526725922656633,True,0.004428302327903199
R2_LHS_02,control,V52_B_E1_C4_2T,X,S10,0.8872631193413337,True,0.0007995465445729622
R2_LHS_02,control,V52_B_E1_C4_2T,Y,S10,0.7056964963629843,True,0.007408834272100401
R2_LHS_02,control,V52_B_E1_C4_2T,Z,S10,0.7725044994650407,True,0.005067334366687452
R2_LHS_02,control,V52_CPLUS_E1_C4_2T,X,S10,1.0075044372660766,True,0.0012673202885033067
R2_LHS_02,control,V52_CPLUS_E1_C4_2T,Y,S10,0.7987992988205685,True,0.012078382833746015
R2_LHS_02,control,V52_CPLUS_E1_C4_2T,Z,S10,0.8396245737811384,True,0.008219119376861308
R2_LHS_02,control,V52_C_E1_C4_2T,X,S10,0.9365523748595582,True,0.0009584671088886888
R2_LHS_02,control,V52_C_E1_C4_2T,Y,S10,0.7532844704773305,True,0.009145110896847806
R2_LHS_02,control,V52_C_E1_C4_2T,Z,S10,0.8219663967348306,True,0.006320083749958095
R2_LHS_02,control,V40_A_E2_C5_2T,X,S10,0.9251097832852088,True,0.0008469422482653883
R2_LHS_02,control,V40_A_E2_C5_2T,Y,S10,0.8613421557832096,True,0.0061466432276519834
R2_LHS_02,control,V40_A_E2_C5_2T,Z,S10,1.0124725260918876,True,0.005714599705719503
R2_LHS_02,control,V40_B_E2_C5_2T,X,S10,0.949252083017899,True,0.000997017057318573
R2_LHS_02,control,V40_B_E2_C5_2T,Y,S10,0.8810203017058637,True,0.00758099856136041
R2_LHS_02,control,V40_B_E2_C5_2T,Z,S10,1.0304595098151215,True,0.007225877379999468
R2_LHS_02,control,V40_CPLUS_E2_C5_2T,X,S10,0.9471217761242263,True,0.0013984166011446401
R2_LHS_02,control,V40_CPLUS_E2_C5_2T,Y,S10,0.8573675273550407,True,0.011122017795373109
R2_LHS_02,control,V40_CPLUS_E2_C5_2T,Z,S10,0.9937956701369306,True,0.010635162516459302
R2_LHS_02,control,V40_C_E2_C5_2T,X,S10,0.8616414927333403,True,0.0011230911585507679
R2_LHS_02,control,V40_C_E2_C5_2T,Y,S10,0.7629353924263601,True,0.008248131040381568
R2_LHS_02,control,V40_C_E2_C5_2T,Z,S10,0.9065644950061027,True,0.007886406525442846
R2_LHS_02,control,V52_A_E2_C5_2T,X,S10,1.0022749485572593,True,0.0007780491078500821
R2_LHS_02,control,V52_A_E2_C5_2T,Y,S10,0.8318226537211723,True,0.006817696531380299
R2_LHS_02,control,V52_A_E2_C5_2T,Z,S10,0.9607326104087466,True,0.0050331129366204186
R2_LHS_02,control,V52_B_E2_C5_2T,X,S10,1.0327271847489043,True,0.0009490359202960777
R2_LHS_02,control,V52_B_E2_C5_2T,Y,S10,0.8567245906179543,True,0.00867160793160312
R2_LHS_02,control,V52_B_E2_C5_2T,Z,S10,0.967688945523217,True,0.006352729285033107
R2_LHS_02,control,V52_CPLUS_E2_C5_2T,X,S10,0.9730801791033389,True,0.0012996266058986925
R2_LHS_02,control,V52_CPLUS_E2_C5_2T,Y,S10,0.7476512146458434,True,0.011369491303189342
R2_LHS_02,control,V52_CPLUS_E2_C5_2T,Z,S10,0.8182063493758707,True,0.008016736113214662
R2_LHS_02,control,V52_C_E2_C5_2T,X,S10,0.9549188012788259,True,0.001058703170466014
R2_LHS_02,control,V52_C_E2_C5_2T,Y,S10,0.7447348765250709,True,0.009172209414145921
R2_LHS_02,control,V52_C_E2_C5_2T,Z,S10,0.8360409568649811,True,0.006504379197238821
R2_LHS_02,control,V40_A_E3_C6_1T,X,S10,0.8624950892696016,True,0.0005553358406078092
R2_LHS_02,control,V40_A_E3_C6_1T,Y,S10,0.9491476109074803,True,0.004058980832976675
R2_LHS_02,control,V40_A_E3_C6_1T,Z,S10,0.8421961473801749,True,0.004258372415155548
R2_LHS_02,control,V40_B_E3_C6_1T,X,S10,0.8269675016858911,True,0.0006756967286262464
R2_LHS_02,control,V40_B_E3_C6_1T,Y,S10,0.9413212564897505,True,0.005033902062794697
R2_LHS_02,control,V40_B_E3_C6_1T,Z,S10,0.8903175342278329,True,0.0051269379873182365
R2_LHS_02,control,V40_CPLUS_E3_C6_1T,X,S10,0.8253198911127368,True,0.001008208087769373
R2_LHS_02,control,V40_CPLUS_E3_C6_1T,Y,S10,0.9591081887477761,True,0.007331972497336099
R2_LHS_02,control,V40_CPLUS_E3_C6_1T,Z,S10,1.0966440086078635,True,0.00757719628465462
R2_LHS_02,control,V40_C_E3_C6_1T,X,S10,0.8425352755708355,True,0.0008304483447917715
R2_LHS_02,control,V40_C_E3_C6_1T,Y,S10,1.0100258496214842,True,0.006376242454162049
R2_LHS_02,control,V40_C_E3_C6_1T,Z,S10,0.9889250691816721,True,0.00625228218869413
R2_LHS_02,control,V52_A_E3_C6_1T,X,S10,0.8818761767834661,True,0.0005368704363142279
R2_LHS_02,control,V52_A_E3_C6_1T,Y,S10,0.9082920314849006,True,0.00489018822187586
R2_LHS_02,control,V52_A_E3_C6_1T,Z,S10,0.7196897323723949,True,0.0038898491955746558
R2_LHS_02,control,V52_B_E3_C6_1T,X,S10,0.8160610423618748,True,0.0006415957944207205
R2_LHS_02,control,V52_B_E3_C6_1T,Y,S10,0.8743485076083064,True,0.005781173000281475
R2_LHS_02,control,V52_B_E3_C6_1T,Z,S10,0.7877632834401992,True,0.004433653882111062
R2_LHS_02,control,V52_CPLUS_E3_C6_1T,X,S10,0.8555160350887772,True,0.0009441880019409337
R2_LHS_02,control,V52_CPLUS_E3_C6_1T,Y,S10,0.9772599832335922,True,0.00877154671117996
R2_LHS_02,control,V52_CPLUS_E3_C6_1T,Z,S10,1.1238496315710123,True,0.007560691151168568
R2_LHS_02,control,V52_C_E3_C6_1T,X,S10,0.8496640139571116,True,0.0007646979836839598
R2_LHS_02,control,V52_C_E3_C6_1T,Y,S10,0.9703014629812227,True,0.007138072895717187
R2_LHS_02,control,V52_C_E3_C6_1T,Z,S10,0.9847178818625824,True,0.005983239769815836
R2_LHS_02,control,V40_A_E4_C7_1T,X,S10,1.0365585675990867,True,0.0006997638552481976
R2_LHS_02,control,V40_A_E4_C7_1T,Y,S10,1.2364224097603844,True,0.004997979183013196
R2_LHS_02,control,V40_A_E4_C7_1T,Z,S10,1.028129099187459,True,0.005411731712004613
R2_LHS_02,control,V40_B_E4_C7_1T,X,S10,0.8741971104600196,True,0.0007813489863140239
R2_LHS_02,control,V40_B_E4_C7_1T,Y,S10,1.0583666706527552,True,0.005705763052982259
R2_LHS_02,control,V40_B_E4_C7_1T,Z,S10,1.0216193903256034,True,0.005939785357951978
R2_LHS_02,control,V40_CPLUS_E4_C7_1T,X,S10,0.8572071281725187,True,0.0011065021606335788
R2_LHS_02,control,V40_CPLUS_E4_C7_1T,Y,S10,1.0632386713180508,True,0.008369200951513143
R2_LHS_02,control,V40_CPLUS_E4_C7_1T,Z,S10,1.1476271421022337,True,0.008441731696119191
R2_LHS_02,control,V40_C_E4_C7_1T,X,S10,0.8850640379937756,True,0.0009476751921480983
R2_LHS_02,control,V40_C_E4_C7_1T,Y,S10,1.045995840431942,True,0.006668029197172186
R2_LHS_02,control,V40_C_E4_C7_1T,Z,S10,1.1399253740138922,True,0.007187542066090096
R2_LHS_02,control,V52_A_E4_C7_1T,X,S10,0.9702704603786857,True,0.0006872682880822351
R2_LHS_02,control,V52_A_E4_C7_1T,Y,S10,1.0175258711445905,True,0.005677544563017192
R2_LHS_02,control,V52_A_E4_C7_1T,Z,S10,0.9511252031050874,True,0.005076129293408504
R2_LHS_02,control,V52_B_E4_C7_1T,X,S10,0.8803518758080443,True,0.0007449840712274186
R2_LHS_02,control,V52_B_E4_C7_1T,Y,S10,0.9970219212269726,True,0.006515343477717912
R2_LHS_02,control,V52_B_E4_C7_1T,Z,S10,0.9185329753821938,True,0.0049898739201495795
R2_LHS_02,control,V52_CPLUS_E4_C7_1T,X,S10,0.848551829594495,True,0.0009932110304601814
R2_LHS_02,control,V52_CPLUS_E4_C7_1T,Y,S10,0.9681137533424509,True,0.009154594820273696
R2_LHS_02,control,V52_CPLUS_E4_C7_1T,Z,S10,1.0315254123852111,True,0.0072050072570639685
R2_LHS_02,control,V52_C_E4_C7_1T,X,S10,0.8574501806851356,True,0.0008559093000357855
R2_LHS_02,control,V52_C_E4_C7_1T,Y,S10,0.975783852663897,True,0.007586192380080151
R2_LHS_02,control,V52_C_E4_C7_1T,Z,S10,0.9688000796275641,True,0.005733845490820762
R2_LHS_02,control,V40_A_E5_C9_1T,X,S10,1.0644001201008702,True,0.000794692809473747
R2_LHS_02,control,V40_A_E5_C9_1T,Y,S10,1.2737801359763425,True,0.005358522170914973
R2_LHS_02,control,V40_A_E5_C9_1T,Z,S10,1.0694657877168543,True,0.005767470474104003
R2_LHS_02,control,V40_B_E5_C9_1T,X,S10,0.9768021474302012,True,0.0008958599686001704
R2_LHS_02,control,V40_B_E5_C9_1T,Y,S10,1.182112179094464,True,0.006126089152848135
R2_LHS_02,control,V40_B_E5_C9_1T,Z,S10,1.0922733857010538,True,0.006481022660292624
R2_LHS_02,control,V40_CPLUS_E5_C9_1T,X,S10,0.8451676142923783,True,0.001112623233135246
R2_LHS_02,control,V40_CPLUS_E5_C9_1T,Y,S10,1.013795858166155,True,0.008105596101383304
R2_LHS_02,control,V40_CPLUS_E5_C9_1T,Z,S10,1.1548774207575803,True,0.008524551134381778
R2_LHS_02,control,V40_C_E5_C9_1T,X,S10,0.8937494532861936,True,0.0010189420678535378
R2_LHS_02,control,V40_C_E5_C9_1T,Y,S10,1.0710530521486699,True,0.0069109446299700375
R2_LHS_02,control,V40_C_E5_C9_1T,Z,S10,1.1815454015238809,True,0.007533356384543909
R2_LHS_02,control,V52_A_E5_C9_1T,X,S10,0.9576761191936928,True,0.00072893402961457
R2_LHS_02,control,V52_A_E5_C9_1T,Y,S10,1.0354752248988144,True,0.005851330249923511
R2_LHS_02,control,V52_A_E5_C9_1T,Z,S10,1.0087215696025231,True,0.005344002887473154
R2_LHS_02,control,V52_B_E5_C9_1T,X,S10,0.9498330715914473,True,0.0008130659915658688
R2_LHS_02,control,V52_B_E5_C9_1T,Y,S10,1.0221224966633966,True,0.0068572348784770205
R2_LHS_02,control,V52_B_E5_C9_1T,Z,S10,0.9953687860776063,True,0.0057651080277921615
R2_LHS_02,control,V52_CPLUS_E5_C9_1T,X,S10,0.8517677697161399,True,0.0010597285036348667
R2_LHS_02,control,V52_CPLUS_E5_C9_1T,Y,S10,0.9702332148593601,True,0.0093307779880955
R2_LHS_02,control,V52_CPLUS_E5_C9_1T,Z,S10,1.160058944999051,True,0.007561399586327825
R2_LHS_02,control,V52_C_E5_C9_1T,X,S10,0.8646284086909486,True,0.0008466801380586719
R2_LHS_02,control,V52_C_E5_C9_1T,Y,S10,0.9623583001494032,True,0.007564827823525528
R2_LHS_02,control,V52_C_E5_C9_1T,Z,S10,0.9371090676587649,True,0.00594734693865274
R2_LHS_02,control,V40_A_E6_C10_1T,X,S10,0.824526813920197,True,0.0005458960430566477
R2_LHS_02,control,V40_A_E6_C10_1T,Y,S10,0.9055385073263795,True,0.004090317599208555
R2_LHS_02,control,V40_A_E6_C10_1T,Z,S10,0.7766570893278466,True,0.004148504537996853
R2_LHS_02,control,V40_B_E6_C10_1T,X,S10,0.8411420458580766,True,0.0006895149846679527
R2_LHS_02,control,V40_B_E6_C10_1T,Y,S10,0.9803868786223157,True,0.005263668187710669
R2_LHS_02,control,V40_B_E6_C10_1T,Z,S10,0.8752635960203768,True,0.0050781963700032105
R2_LHS_02,control,V40_CPLUS_E6_C10_1T,X,S10,0.8347966770064341,True,0.0010319805242042014
R2_LHS_02,control,V40_CPLUS_E6_C10_1T,Y,S10,0.9757307448852833,True,0.007554383466389823
R2_LHS_02,control,V40_CPLUS_E6_C10_1T,Z,S10,1.1482574170870514,True,0.007976341773252344
R2_LHS_02,control,V40_C_E6_C10_1T,X,S10,0.8373769716378628,True,0.0008394350855985528
R2_LHS_02,control,V40_C_E6_C10_1T,Y,S10,0.9568344070734878,True,0.005970821573703424
R2_LHS_02,control,V40_C_E6_C10_1T,Z,S10,0.9794626570463593,True,0.005875906279361959
R2_LHS_02,control,V52_A_E6_C10_1T,X,S10,0.8810696001265548,True,0.0005354196271821401
R2_LHS_02,control,V52_A_E6_C10_1T,Y,S10,0.9426817874194424,True,0.004894142153351081
R2_LHS_02,control,V52_A_E6_C10_1T,Z,S10,0.7851013159779311,True,0.004221646487170052
R2_LHS_02,control,V52_B_E6_C10_1T,X,S10,0.8117190325407913,True,0.0006439430666196294
R2_LHS_02,control,V52_B_E6_C10_1T,Y,S10,0.8687799220116952,True,0.00582423228622336
R2_LHS_02,control,V52_B_E6_C10_1T,Z,S10,0.795043516711468,True,0.0044464222600937185
R2_LHS_02,control,V52_CPLUS_E6_C10_1T,X,S10,0.8048913845080299,True,0.0009044987236677141
R2_LHS_02,control,V52_CPLUS_E6_C10_1T,Y,S10,0.926724210837572,True,0.008827838559466476
R2_LHS_02,control,V52_CPLUS_E6_C10_1T,Z,S10,0.9780033023043183,True,0.006808238074520408
R2_LHS_02,control,V52_C_E6_C10_1T,X,S10,0.8614498337574324,True,0.0007903205480885431
R2_LHS_02,control,V52_C_E6_C10_1T,Y,S10,0.9364163172219383,True,0.007401399654519264
R2_LHS_02,control,V52_C_E6_C10_1T,Z,S10,0.955609579676042,True,0.005959403192274114
R2_LHS_02,control,V40_A_E7_C11_2T,X,S10,0.9943392485484657,True,0.0009206241397349331
R2_LHS_02,control,V40_A_E7_C11_2T,Y,S10,0.9631294702947285,True,0.006699198150014182
R2_LHS_02,control,V40_A_E7_C11_2T,Z,S10,1.1314841739366244,True,0.006486812725420021
R2_LHS_02,control,V40_B_E7_C11_2T,X,S10,0.8979659867162711,True,0.0010327707270836384
R2_LHS_02,control,V40_B_E7_C11_2T,Y,S10,0.8388356718518254,True,0.007411667588131905
R2_LHS_02,control,V40_B_E7_C11_2T,Z,S10,0.9565023788773341,True,0.006826446501545127
R2_LHS_02,control,V40_CPLUS_E7_C11_2T,X,S10,0.9068744169268396,True,0.0013447666131955107
R2_LHS_02,control,V40_CPLUS_E7_C11_2T,Y,S10,0.8054908972441192,True,0.010722012149490557
R2_LHS_02,control,V40_CPLUS_E7_C11_2T,Z,S10,0.9638318665374063,True,0.010307270900620976
R2_LHS_02,control,V40_C_E7_C11_2T,X,S10,0.8924015186099253,True,0.0011146115677196837
R2_LHS_02,control,V40_C_E7_C11_2T,Y,S10,0.8124229240210536,True,0.008634009776269663
R2_LHS_02,control,V40_C_E7_C11_2T,Z,S10,0.9709176299867095,True,0.008277545289252283
R2_LHS_02,control,V52_A_E7_C11_2T,X,S10,0.9772310615989374,True,0.0008668724167391632
R2_LHS_02,control,V52_A_E7_C11_2T,Y,S10,0.8178832941067741,True,0.007204692905074577
R2_LHS_02,control,V52_A_E7_C11_2T,Z,S10,0.9578689912851688,True,0.005200521390511706
R2_LHS_02,control,V52_B_E7_C11_2T,X,S10,1.023572468570504,True,0.0009766199461394244
R2_LHS_02,control,V52_B_E7_C11_2T,Y,S10,0.8922390977413446,True,0.00896766191229092
R2_LHS_02,control,V52_B_E7_C11_2T,Z,S10,1.0136393919294933,True,0.00654592726649428
R2_LHS_02,control,V52_CPLUS_E7_C11_2T,X,S10,0.9968679744416069,True,0.0013103165118955365
R2_LHS_02,control,V52_CPLUS_E7_C11_2T,Y,S10,0.8393469496139778,True,0.012372927394248699
R2_LHS_02,control,V52_CPLUS_E7_C11_2T,Z,S10,0.9332913945301723,True,0.00897545056753125
R2_LHS_02,control,V52_C_E7_C11_2T,X,S10,1.0099533684389426,True,0.0011219508091197445
R2_LHS_02,control,V52_C_E7_C11_2T,Y,S10,0.8385591561858101,True,0.010307154511459657
R2_LHS_02,control,V52_C_E7_C11_2T,Z,S10,0.9247320668030246,True,0.007232170244352757
R2_LHS_02,control,V40_A_E8_C12_2T,X,S10,0.9013720831906528,True,0.0006819282060947174
R2_LHS_02,control,V40_A_E8_C12_2T,Y,S10,0.7593261294265754,True,0.005286613929524496
R2_LHS_02,control,V40_A_E8_C12_2T,Z,S10,0.9006589930550672,True,0.004991493606557465
R2_LHS_02,control,V40_B_E8_C12_2T,X,S10,0.8297275331831694,True,0.000814998989545172
R2_LHS_02,control,V40_B_E8_C12_2T,Y,S10,0.7048399468707034,True,0.006356053902137741
R2_LHS_02,control,V40_B_E8_C12_2T,Z,S10,0.8547830001720013,True,0.006166663412110985
R2_LHS_02,control,V40_CPLUS_E8_C12_2T,X,S10,0.9834234075645898,True,0.001275161359916786
R2_LHS_02,control,V40_CPLUS_E8_C12_2T,Y,S10,0.8426309052063224,True,0.010572578564487227
R2_LHS_02,control,V40_CPLUS_E8_C12_2T,Z,S10,0.9737572683177561,True,0.01006474603803578
R2_LHS_02,control,V40_C_E8_C12_2T,X,S10,0.9223530368887347,True,0.0010410320287308397
R2_LHS_02,control,V40_C_E8_C12_2T,Y,S10,0.8236065926655359,True,0.008510478742023006
R2_LHS_02,control,V40_C_E8_C12_2T,Z,S10,0.9690771672375158,True,0.00829471785658493
R2_LHS_02,control,V52_A_E8_C12_2T,X,S10,0.9029468778672455,True,0.0006773275430550329
R2_LHS_02,control,V52_A_E8_C12_2T,Y,S10,0.7221440448998434,True,0.006273711722318068
R2_LHS_02,control,V52_A_E8_C12_2T,Z,S10,0.8060411666125593,True,0.0043065278793260105
R2_LHS_02,control,V52_B_E8_C12_2T,X,S10,0.9340180158381216,True,0.0008037604498190334
R2_LHS_02,control,V52_B_E8_C12_2T,Y,S10,0.7484225343884756,True,0.007642443577246217
R2_LHS_02,control,V52_B_E8_C12_2T,Z,S10,0.8232321247988432,True,0.005310283874053762
R2_LHS_02,control,V52_CPLUS_E8_C12_2T,X,S10,0.971409024665132,True,0.0012365741211292644
R2_LHS_02,control,V52_CPLUS_E8_C12_2T,Y,S10,0.7316466627103516,True,0.011161878846119525
R2_LHS_02,control,V52_CPLUS_E8_C12_2T,Z,S10,0.8019451621748376,True,0.007875638133190813
R2_LHS_02,control,V52_C_E8_C12_2T,X,S10,0.9784721920153251,True,0.0009865610098285084
R2_LHS_02,control,V52_C_E8_C12_2T,Y,S10,0.790434937355807,True,0.009374137514704001
R2_LHS_02,control,V52_C_E8_C12_2T,Z,S10,0.8982558124572819,True,0.006813821671973726
R6_LHS_04,physics,BASE_C1_0T,X,S10,,False,0.0
R6_LHS_04,physics,BASE_C1_0T,Y,S10,,False,0.0
R6_LHS_04,physics,BASE_C1_0T,Z,S10,,False,0.0
R6_LHS_04,physics,BASE_C2_0T,X,S10,,False,0.0
R6_LHS_04,physics,BASE_C2_0T,Y,S10,,False,0.0
R6_LHS_04,physics,BASE_C2_0T,Z,S10,,False,0.0
R6_LHS_04,physics,BASE_C3_0T,X,S10,,False,0.0
R6_LHS_04,physics,BASE_C3_0T,Y,S10,,False,0.0
R6_LHS_04,physics,BASE_C3_0T,Z,S10,,False,0.0
R6_LHS_04,physics,BASE_C8_0T,X,S10,,False,0.0
R6_LHS_04,physics,BASE_C8_0T,Y,S10,,False,0.0
R6_LHS_04,physics,BASE_C8_0T,Z,S10,,False,0.0
R6_LHS_04,physics,V40_A_E1_C4_2T,X,S10,1.0257730659332844,True,0.0007830050666020694
R6_LHS_04,physics,V40_A_E1_C4_2T,Y,S10,0.8425792021404149,True,0.0058507684038347834
R6_LHS_04,physics,V40_A_E1_C4_2T,Z,S10,0.9075535547399465,True,0.005236575558194594
R6_LHS_04,physics,V40_B_E1_C4_2T,X,S10,0.9664688662225461,True,0.0009265179013751945
R6_LHS_04,physics,V40_B_E1_C4_2T,Y,S10,0.7811755308813688,True,0.0067609485489343035
R6_LHS_04,physics,V40_B_E1_C4_2T,Z,S10,0.8865933289649689,True,0.006340757018006799
R6_LHS_04,physics,V40_CPLUS_E1_C4_2T,X,S10,1.0041771913031268,True,0.0014069389328535819
R6_LHS_04,physics,V40_CPLUS_E1_C4_2T,Y,S10,0.7786101300428246,True,0.010282111171415004
R6_LHS_04,physics,V40_CPLUS_E1_C4_2T,Z,S10,0.8373620402181783,True,0.009089683615326253
R6_LHS_04,physics,V40_C_E1_C4_2T,X,S10,0.9533056343818984,True,0.0011087554835751585
R6_LHS_04,physics,V40_C_E1_C4_2T,Y,S10,0.7800820717500978,True,0.008177511471963042
R6_LHS_04,physics,V40_C_E1_C4_2T,Z,S10,0.8894185832315353,True,0.007786728818058687
R6_LHS_04,physics,V52_A_E1_C4_2T,X,S10,1.1071351234782534,True,0.0008105890805507582
R6_LHS_04,physics,V52_A_E1_C4_2T,Y,S10,0.7859067741130726,True,0.006497076230558858
R6_LHS_04,physics,V52_A_E1_C4_2T,Z,S10,0.8608226570789408,True,0.004518110906082703
R6_LHS_04,physics,V52_B_E1_C4_2T,X,S10,1.037452808493996,True,0.0009377724793344319
R6_LHS_04,physics,V52_B_E1_C4_2T,Y,S10,0.7651143895841153,True,0.007885663601129762
R6_LHS_04,physics,V52_B_E1_C4_2T,Z,S10,0.7761162625860624,True,0.005142638898061925
R6_LHS_04,physics,V52_CPLUS_E1_C4_2T,X,S10,1.067909836675151,True,0.0014139679385774574
R6_LHS_04,physics,V52_CPLUS_E1_C4_2T,Y,S10,0.772958676129244,True,0.011730551947970076
R6_LHS_04,physics,V52_CPLUS_E1_C4_2T,Z,S10,0.8893540447050676,True,0.008775122400924533
R6_LHS_04,physics,V52_C_E1_C4_2T,X,S10,1.0790000454189277,True,0.001150766821843377
R6_LHS_04,physics,V52_C_E1_C4_2T,Y,S10,0.7849900017591419,True,0.009811713689830219
R6_LHS_04,physics,V52_C_E1_C4_2T,Z,S10,0.8632143050752571,True,0.006943788369635441
R6_LHS_04,physics,V40_A_E2_C5_2T,X,S10,1.0233422636887815,True,0.0009916716259969986
R6_LHS_04,physics,V40_A_E2_C5_2T,Y,S10,0.9789517322588319,True,0.006718552657907893
R6_LHS_04,physics,V40_A_E2_C5_2T,Z,S10,0.9613186833453398,True,0.005340633049476536
R6_LHS_04,physics,V40_B_E2_C5_2T,X,S10,0.9798602953941148,True,0.001087371550757578
R6_LHS_04,physics,V40_B_E2_C5_2T,Y,S10,0.8572242665518702,True,0.007462153075772552
R6_LHS_04,physics,V40_B_E2_C5_2T,Z,S10,0.9399925297181285,True,0.00669899799468465
R6_LHS_04,physics,V40_CPLUS_E2_C5_2T,X,S10,0.9683332611724546,True,0.001507553502519935
R6_LHS_04,physics,V40_CPLUS_E2_C5_2T,Y,S10,0.8389129731128696,True,0.011035100578157387
R6_LHS_04,physics,V40_CPLUS_E2_C5_2T,Z,S10,0.9419382537020117,True,0.01026295187420799
R6_LHS_04,physics,V40_C_E2_C5_2T,X,S10,0.955633549023154,True,0.0012733588892235824
R6_LHS_04,physics,V40_C_E2_C5_2T,Y,S10,0.8666112732703873,True,0.009029604918046595
R6_LHS_04,physics,V40_C_E2_C5_2T,Z,S10,0.8922886827800944,True,0.007618701989104705
R6_LHS_04,physics,V52_A_E2_C5_2T,X,S10,1.1514784874603026,True,0.0009963145769477813
R6_LHS_04,physics,V52_A_E2_C5_2T,Y,S10,0.9171972750318051,True,0.0078412077217157
R6_LHS_04,physics,V52_A_E2_C5_2T,Z,S10,0.9877937424754994,True,0.005419071257087256
R6_LHS_04,physics,V52_B_E2_C5_2T,X,S10,1.081642353362188,True,0.0010874054392280808
R6_LHS_04,physics,V52_B_E2_C5_2T,Y,S10,0.8357683407444181,True,0.008707510053523701
R6_LHS_04,physics,V52_B_E2_C5_2T,Z,S10,0.9045459396856271,True,0.005988171495458947
R6_LHS_04,physics,V52_CPLUS_E2_C5_2T,X,S10,1.105161405184447,True,0.0015648997466974094
R6_LHS_04,physics,V52_CPLUS_E2_C5_2T,Y,S10,0.8260502883043577,True,0.012837138915448323
R6_LHS_04,physics,V52_CPLUS_E2_C5_2T,Z,S10,0.8219822030652522,True,0.008328171870077197
R6_LHS_04,physics,V52_C_E2_C5_2T,X,S10,1.089429443486501,True,0.0013058831277146783
R6_LHS_04,physics,V52_C_E2_C5_2T,Y,S10,0.8200298316534764,True,0.010424221993808104
R6_LHS_04,physics,V52_C_E2_C5_2T,Z,S10,0.8401267521258445,True,0.006798272975342715
R6_LHS_04,physics,V40_A_E3_C6_1T,X,S10,0.9902189647148841,True,0.0006267483072786509
R6_LHS_04,physics,V40_A_E3_C6_1T,Y,S10,1.1447148663416549,True,0.004935986138614762
R6_LHS_04,physics,V40_A_E3_C6_1T,Z,S10,0.8388315908364534,True,0.0043819140491862295
R6_LHS_04,physics,V40_B_E3_C6_1T,X,S10,0.96398652196113,True,0.0008175107431516799
R6_LHS_04,physics,V40_B_E3_C6_1T,Y,S10,1.1155960980754138,True,0.006062104458269083
R6_LHS_04,physics,V40_B_E3_C6_1T,Z,S10,0.9512905111268336,True,0.0056841457935386435
R6_LHS_04,physics,V40_CPLUS_E3_C6_1T,X,S10,0.9710200760374799,True,0.0011954419830675583
R6_LHS_04,physics,V40_CPLUS_E3_C6_1T,Y,S10,1.0416654861137267,True,0.008165916171396585
R6_LHS_04,physics,V40_CPLUS_E3_C6_1T,Z,S10,1.0838115526523575,True,0.0080188303616297
R6_LHS_04,physics,V40_C_E3_C6_1T,X,S10,0.9276823488326521,True,0.0009387445742946982
R6_LHS_04,physics,V40_C_E3_C6_1T,Y,S10,1.0426974668277917,True,0.006539114446514173
R6_LHS_04,physics,V40_C_E3_C6_1T,Z,S10,0.9901741147233896,True,0.006378706709550585
R6_LHS_04,physics,V52_A_E3_C6_1T,X,S10,1.0425455473778698,True,0.0006573498789037537
R6_LHS_04,physics,V52_A_E3_C6_1T,Y,S10,1.0047861093196344,True,0.005373381395599741
R6_LHS_04,physics,V52_A_E3_C6_1T,Z,S10,0.8074702592068855,True,0.004284339533728801
R6_LHS_04,physics,V52_B_E3_C6_1T,X,S10,0.9800845921443893,True,0.0007650263270174778
R6_LHS_04,physics,V52_B_E3_C6_1T,Y,S10,0.9914102293668856,True,0.006625760487861136
R6_LHS_04,physics,V52_B_E3_C6_1T,Z,S10,0.9184071479388638,True,0.0053026534003602676
R6_LHS_04,physics,V52_CPLUS_E3_C6_1T,X,S10,0.9631423066441916,True,0.001114389233054466
R6_LHS_04,physics,V52_CPLUS_E3_C6_1T,Y,S10,1.0203838441093886,True,0.009550626271441907
R6_LHS_04,physics,V52_CPLUS_E3_C6_1T,Z,S10,1.066380325480202,True,0.007287438259975549
R6_LHS_04,physics,V52_C_E3_C6_1T,X,S10,0.9868894273491262,True,0.0009283339325954557
R6_LHS_04,physics,V52_C_E3_C6_1T,Y,S10,1.0216512937921487,True,0.00787514990344076
R6_LHS_04,physics,V52_C_E3_C6_1T,Z,S10,0.9211348545053873,True,0.005617456679547445
R6_LHS_04,physics,V40_A_E4_C7_1T,X,S10,1.150408966758933,True,0.0008728975470099115
R6_LHS_04,physics,V40_A_E4_C7_1T,Y,S10,1.2383632375781406,True,0.005248261798124092
R6_LHS_04,physics,V40_A_E4_C7_1T,Z,S10,0.9240527813290974,True,0.004820137528635209
R6_LHS_04,physics,V40_B_E4_C7_1T,X,S10,1.0449099475035468,True,0.001007562278308884
R6_LHS_04,physics,V40_B_E4_C7_1T,Y,S10,1.2644665478664343,True,0.0070247031716324125
R6_LHS_04,physics,V40_B_E4_C7_1T,Z,S10,1.0988341185209,True,0.006614733133269118
R6_LHS_04,physics,V40_CPLUS_E4_C7_1T,X,S10,0.9798941764543546,True,0.0013164581517391318
R6_LHS_04,physics,V40_CPLUS_E4_C7_1T,Y,S10,1.0948709312011125,True,0.00857500422509292
R6_LHS_04,physics,V40_CPLUS_E4_C7_1T,Z,S10,1.154810065426107,True,0.00863887721544104
R6_LHS_04,physics,V40_C_E4_C7_1T,X,S10,0.9824991508733171,True,0.001102361608408598
R6_LHS_04,physics,V40_C_E4_C7_1T,Y,S10,1.1500249390024102,True,0.007662558204721357
R6_LHS_04,physics,V40_C_E4_C7_1T,Z,S10,1.0801691214668263,True,0.007063337888879338
R6_LHS_04,physics,V52_A_E4_C7_1T,X,S10,1.2617822283061002,True,0.0010423412195294634
R6_LHS_04,physics,V52_A_E4_C7_1T,Y,S10,1.2933789488166356,True,0.0072877508837930595
R6_LHS_04,physics,V52_A_E4_C7_1T,Z,S10,1.0404430336190384,True,0.005643237832913863
R6_LHS_04,physics,V52_B_E4_C7_1T,X,S10,1.1361577651172727,True,0.0010384566648308597
R6_LHS_04,physics,V52_B_E4_C7_1T,Y,S10,1.1022422499631697,True,0.007411626655419597
R6_LHS_04,physics,V52_B_E4_C7_1T,Z,S10,0.9953508444345979,True,0.005979132673627172
R6_LHS_04,physics,V52_CPLUS_E4_C7_1T,X,S10,1.0895751472935025,True,0.0013739375178133265
R6_LHS_04,physics,V52_CPLUS_E4_C7_1T,Y,S10,1.154202950765154,True,0.011294234936416793
R6_LHS_04,physics,V52_CPLUS_E4_C7_1T,Z,S10,1.303935531419386,True,0.009427841153273452
R6_LHS_04,physics,V52_C_E4_C7_1T,X,S10,1.073834119715769,True,0.0011350855880603282
R6_LHS_04,physics,V52_C_E4_C7_1T,Y,S10,1.051906737312545,True,0.008337493485835845
R6_LHS_04,physics,V52_C_E4_C7_1T,Z,S10,1.052819083324602,True,0.00682968274011065
R6_LHS_04,physics,V40_A_E5_C9_1T,X,S10,1.0834359312670505,True,0.0010226378081945153
R6_LHS_04,physics,V40_A_E5_C9_1T,Y,S10,1.3631380064653462,True,0.005861548722746172
R6_LHS_04,physics,V40_A_E5_C9_1T,Z,S10,1.0092121742558897,True,0.0053234132290459766
R6_LHS_04,physics,V40_B_E5_C9_1T,X,S10,1.0267849507564946,True,0.001125724283477857
R6_LHS_04,physics,V40_B_E5_C9_1T,Y,S10,1.2245631950112665,True,0.0064657379817642645
R6_LHS_04,physics,V40_B_E5_C9_1T,Z,S10,1.0491032929103166,True,0.006018000518958141
R6_LHS_04,physics,V40_CPLUS_E5_C9_1T,X,S10,1.0079939684726982,True,0.0015101001105919216
R6_LHS_04,physics,V40_CPLUS_E5_C9_1T,Y,S10,1.2460085389451376,True,0.010174588555644008
R6_LHS_04,physics,V40_CPLUS_E5_C9_1T,Z,S10,1.306404626397886,True,0.010132690081128909
R6_LHS_04,physics,V40_C_E5_C9_1T,X,S10,1.001968651962118,True,0.001279453913440052
R6_LHS_04,physics,V40_C_E5_C9_1T,Y,S10,1.2182675022682405,True,0.008148937169368178
R6_LHS_04,physics,V40_C_E5_C9_1T,Z,S10,1.1231910502062814,True,0.007403408753257182
R6_LHS_04,physics,V52_A_E5_C9_1T,X,S10,1.2173122620063188,True,0.0010744034966271821
R6_LHS_04,physics,V52_A_E5_C9_1T,Y,S10,1.3160194863074917,True,0.007494891667921312
R6_LHS_04,physics,V52_A_E5_C9_1T,Z,S10,1.0692794881789593,True,0.0058711900207271284
R6_LHS_04,physics,V52_B_E5_C9_1T,X,S10,1.0614840392828582,True,0.0010393445577155619
R6_LHS_04,physics,V52_B_E5_C9_1T,Y,S10,1.0987061302953565,True,0.007367569101093696
R6_LHS_04,physics,V52_B_E5_C9_1T,Z,S10,1.053363395463573,True,0.006110082549050104
R6_LHS_04,physics,V52_CPLUS_E5_C9_1T,X,S10,1.0285072586526898,True,0.0013909743506410061
R6_LHS_04,physics,V52_CPLUS_E5_C9_1T,Y,S10,1.0411679654969137,True,0.01009831748695101
R6_LHS_04,physics,V52_CPLUS_E5_C9_1T,Z,S10,1.1607135339246843,True,0.00844440969428394
R6_LHS_04,physics,V52_C_E5_C9_1T,X,S10,1.132985772679675,True,0.001280698519893985
R6_LHS_04,physics,V52_C_E5_C9_1T,Y,S10,1.2438371041695067,True,0.010016593625533263
R6_LHS_04,physics,V52_C_E5_C9_1T,Z,S10,1.251710979434799,True,0.00812454538225376
R6_LHS_04,physics,V40_A_E6_C10_1T,X,S10,1.0266087755284712,True,0.0006870734565681267
R6_LHS_04,physics,V40_A_E6_C10_1T,Y,S10,1.140577314530985,True,0.004995065154239935
R6_LHS_04,physics,V40_A_E6_C10_1T,Z,S10,0.8440667298639214,True,0.004591372838294693
R6_LHS_04,physics,V40_B_E6_C10_1T,X,S10,0.9381728050517463,True,0.0007757113739158448
R6_LHS_04,physics,V40_B_E6_C10_1T,Y,S10,1.0695018255658832,True,0.005618484719342337
R6_LHS_04,physics,V40_B_E6_C10_1T,Z,S10,0.9153261152362723,True,0.00533237776270557
R6_LHS_04,physics,V40_CPLUS_E6_C10_1T,X,S10,0.9914089943311444,True,0.001221357842988885
R6_LHS_04,physics,V40_CPLUS_E6_C10_1T,Y,S10,1.0614019360971367,True,0.008360041278562588
R6_LHS_04,physics,V40_CPLUS_E6_C10_1T,Z,S10,1.1042105730753344,True,0.008155988837538309
R6_LHS_04,physics,V40_C_E6_C10_1T,X,S10,0.978751517461943,True,0.0009808638338147518
R6_LHS_04,physics,V40_C_E6_C10_1T,Y,S10,1.06847890783523,True,0.006752084917487459
R6_LHS_04,physics,V40_C_E6_C10_1T,Z,S10,1.0112841825766292,True,0.006507921309583087
R6_LHS_04,physics,V52_A_E6_C10_1T,X,S10,1.0257184756008315,True,0.0006597148146801179
R6_LHS_04,physics,V52_A_E6_C10_1T,Y,S10,1.0394371968283662,True,0.005605988721191952
R6_LHS_04,physics,V52_A_E6_C10_1T,Z,S10,0.7797164629156497,True,0.00413111280770964
R6_LHS_04,physics,V52_B_E6_C10_1T,X,S10,0.9663227825974791,True,0.0007593722745047936
R6_LHS_04,physics,V52_B_E6_C10_1T,Y,S10,0.9886085472825514,True,0.006638183446576729
R6_LHS_04,physics,V52_B_E6_C10_1T,Z,S10,0.9214759594604863,True,0.005364207896678546
R6_LHS_04,physics,V52_CPLUS_E6_C10_1T,X,S10,1.0768385936208011,True,0.0012436339850528098
R6_LHS_04,physics,V52_CPLUS_E6_C10_1T,Y,S10,1.1063401281095515,True,0.010686610119994609
R6_LHS_04,physics,V52_CPLUS_E6_C10_1T,Z,S10,1.1831019424741012,True,0.008520662384517822
R6_LHS_04,physics,V52_C_E6_C10_1T,X,S10,0.9786860434064493,True,0.000913698274451228
R6_LHS_04,physics,V52_C_E6_C10_1T,Y,S10,0.969104526904022,True,0.007566757778887046
R6_LHS_04,physics,V52_C_E6_C10_1T,Z,S10,0.9415592673680718,True,0.0058246233782323536
R6_LHS_04,physics,V40_A_E7_C11_2T,X,S10,1.0075044157203346,True,0.001074732254156043
R6_LHS_04,physics,V40_A_E7_C11_2T,Y,S10,0.9183634356712085,True,0.006435190453345062
R6_LHS_04,physics,V40_A_E7_C11_2T,Z,S10,1.006289604846903,True,0.00579394655792293
R6_LHS_04,physics,V40_B_E7_C11_2T,X,S10,0.9967951360032958,True,0.0012777913218720745
R6_LHS_04,physics,V40_B_E7_C11_2T,Y,S10,0.9502624489771289,True,0.008462339856280343
R6_LHS_04,physics,V40_B_E7_C11_2T,Z,S10,0.9629557574772011,True,0.006806441713998469
R6_LHS_04,physics,V40_CPLUS_E7_C11_2T,X,S10,1.000802804950862,True,0.0016245544895906472
R6_LHS_04,physics,V40_CPLUS_E7_C11_2T,Y,S10,0.9136617877335954,True,0.012383384232801055
R6_LHS_04,physics,V40_CPLUS_E7_C11_2T,Z,S10,0.9754729083029962,True,0.01104634230011139
R6_LHS_04,physics,V40_C_E7_C11_2T,X,S10,1.0068606155292594,True,0.001418893045861554
R6_LHS_04,physics,V40_C_E7_C11_2T,Y,S10,0.940489940150412,True,0.010194897609258308
R6_LHS_04,physics,V40_C_E7_C11_2T,Z,S10,0.992907738920688,True,0.008934608415693568
R6_LHS_04,physics,V52_A_E7_C11_2T,X,S10,1.1017579781166844,True,0.00110481773919551
R6_LHS_04,physics,V52_A_E7_C11_2T,Y,S10,0.9681455137074099,True,0.008128123923297237
R6_LHS_04,physics,V52_A_E7_C11_2T,Z,S10,1.0011305088202564,True,0.005445423734682318
R6_LHS_04,physics,V52_B_E7_C11_2T,X,S10,1.061579167674622,True,0.0011642691123283516
R6_LHS_04,physics,V52_B_E7_C11_2T,Y,S10,0.8681279886778068,True,0.009074599550702502
R6_LHS_04,physics,V52_B_E7_C11_2T,Z,S10,0.9357575305329491,True,0.006199390931263287
R6_LHS_04,physics,V52_CPLUS_E7_C11_2T,X,S10,1.0695460367245806,True,0.0015667789741177032
R6_LHS_04,physics,V52_CPLUS_E7_C11_2T,Y,S10,0.8157312955626775,True,0.01254297887543484
R6_LHS_04,physics,V52_CPLUS_E7_C11_2T,Z,S10,0.8889604206087783,True,0.008919901899192062
R6_LHS_04,physics,V52_C_E7_C11_2T,X,S10,1.0572880662026192,True,0.0013114447511980926
R6_LHS_04,physics,V52_C_E7_C11_2T,Y,S10,0.8264164713105824,True,0.010330626358639341
R6_LHS_04,physics,V52_C_E7_C11_2T,Z,S10,0.9392993121885924,True,0.007481251915782921
R6_LHS_04,physics,V40_A_E8_C12_2T,X,S10,1.0260481999466455,True,0.0007687625421627833
R6_LHS_04,physics,V40_A_E8_C12_2T,Y,S10,0.8114804669209946,True,0.0056409729946156366
R6_LHS_04,physics,V40_A_E8_C12_2T,Z,S10,0.8654426073711156,True,0.00475414590617733
R6_LHS_04,physics,V40_B_E8_C12_2T,X,S10,0.9740178307309886,True,0.0009181434903549792
R6_LHS_04,physics,V40_B_E8_C12_2T,Y,S10,0.7967059230567367,True,0.006823916227875155
R6_LHS_04,physics,V40_B_E8_C12_2T,Z,S10,0.8634855554466794,True,0.00614347260760555
R6_LHS_04,physics,V40_CPLUS_E8_C12_2T,X,S10,0.999603977392619,True,0.0014331504473483606
R6_LHS_04,physics,V40_CPLUS_E8_C12_2T,Y,S10,0.8142296394034736,True,0.010687763421879793
R6_LHS_04,physics,V40_CPLUS_E8_C12_2T,Z,S10,0.9168776291332145,True,0.010175715449393294
R6_LHS_04,physics,V40_C_E8_C12_2T,X,S10,0.9171129038595358,True,0.0010865730761711221
R6_LHS_04,physics,V40_C_E8_C12_2T,Y,S10,0.7738449226174768,True,0.008163242751376193
R6_LHS_04,physics,V40_C_E8_C12_2T,Z,S10,0.9004649122131052,True,0.00784139035333387
R6_LHS_04,physics,V52_A_E8_C12_2T,X,S10,1.0789376370628219,True,0.0007896581132750501
R6_LHS_04,physics,V52_A_E8_C12_2T,Y,S10,0.7582895695471686,True,0.0063393623674062585
R6_LHS_04,physics,V52_A_E8_C12_2T,Z,S10,0.8007121900044096,True,0.004295965285209426
R6_LHS_04,physics,V52_B_E8_C12_2T,X,S10,1.0922412180379826,True,0.0009900043727751739
R6_LHS_04,physics,V52_B_E8_C12_2T,Y,S10,0.8024502417255744,True,0.00847862555252501
R6_LHS_04,physics,V52_B_E8_C12_2T,Z,S10,0.8638140527438916,True,0.005835736444579799
R6_LHS_04,physics,V52_CPLUS_E8_C12_2T,X,S10,1.1034880135218526,True,0.0014514595379793071
R6_LHS_04,physics,V52_CPLUS_E8_C12_2T,Y,S10,0.7863036061698374,True,0.012170561217306704
R6_LHS_04,physics,V52_CPLUS_E8_C12_2T,Z,S10,0.7806776254472855,True,0.007878311717837188
R6_LHS_04,physics,V52_C_E8_C12_2T,X,S10,1.089184670510477,True,0.0011790084997772875
R6_LHS_04,physics,V52_C_E8_C12_2T,Y,S10,0.7822780523204307,True,0.009630634505861374
R6_LHS_04,physics,V52_C_E8_C12_2T,Z,S10,0.8631156923184176,True,0.006808346635349903
R6_LHS_04,control,BASE_C1_0T,X,S10,,False,0.0
R6_LHS_04,control,BASE_C1_0T,Y,S10,,False,0.0
R6_LHS_04,control,BASE_C1_0T,Z,S10,,False,0.0
R6_LHS_04,control,BASE_C2_0T,X,S10,,False,0.0
R6_LHS_04,control,BASE_C2_0T,Y,S10,,False,0.0
R6_LHS_04,control,BASE_C2_0T,Z,S10,,False,0.0
R6_LHS_04,control,BASE_C3_0T,X,S10,,False,0.0
R6_LHS_04,control,BASE_C3_0T,Y,S10,,False,0.0
R6_LHS_04,control,BASE_C3_0T,Z,S10,,False,0.0
R6_LHS_04,control,BASE_C8_0T,X,S10,,False,0.0
R6_LHS_04,control,BASE_C8_0T,Y,S10,,False,0.0
R6_LHS_04,control,BASE_C8_0T,Z,S10,,False,0.0
R6_LHS_04,control,V40_A_E1_C4_2T,X,S10,1.0183515568078876,True,0.0007842457234175778
R6_LHS_04,control,V40_A_E1_C4_2T,Y,S10,0.9038089693422277,True,0.006294918090699029
R6_LHS_04,control,V40_A_E1_C4_2T,Z,S10,1.1067979416612266,True,0.006392013445404371
R6_LHS_04,control,V40_B_E1_C4_2T,X,S10,0.9798526337784704,True,0.0009137858603091599
R6_LHS_04,control,V40_B_E1_C4_2T,Y,S10,0.8838136007793137,True,0.007471401176935737
R6_LHS_04,control,V40_B_E1_C4_2T,Z,S10,1.0253925889340938,True,0.007189508371530131
R6_LHS_04,control,V40_CPLUS_E1_C4_2T,X,S10,0.9736112204029761,True,0.0013702460516084305
R6_LHS_04,control,V40_CPLUS_E1_C4_2T,Y,S10,0.8750677118405641,True,0.011646262549131169
R6_LHS_04,control,V40_CPLUS_E1_C4_2T,Z,S10,0.9893695272237912,True,0.010675181507778948
R6_LHS_04,control,V40_C_E1_C4_2T,X,S10,0.962100568169519,True,0.0010904697609383023
R6_LHS_04,control,V40_C_E1_C4_2T,Y,S10,0.8702507561601835,True,0.008944960314219128
R6_LHS_04,control,V40_C_E1_C4_2T,Z,S10,1.0063948910366596,True,0.008649703823578431
R6_LHS_04,control,V52_A_E1_C4_2T,X,S10,1.0878212191638876,True,0.0007987767328367808
R6_LHS_04,control,V52_A_E1_C4_2T,Y,S10,0.8382978466890837,True,0.007110174875305915
R6_LHS_04,control,V52_A_E1_C4_2T,Z,S10,1.113194420063506,True,0.0058946232225218454
R6_LHS_04,control,V52_B_E1_C4_2T,X,S10,1.0928798249043832,True,0.0009331907950028279
R6_LHS_04,control,V52_B_E1_C4_2T,Y,S10,0.8699842728803265,True,0.008522592035730865
R6_LHS_04,control,V52_B_E1_C4_2T,Z,S10,1.058919210639916,True,0.006689748843503086
R6_LHS_04,control,V52_CPLUS_E1_C4_2T,X,S10,1.0768227759276952,True,0.0014256749140204672
R6_LHS_04,control,V52_CPLUS_E1_C4_2T,Y,S10,0.8378229314727418,True,0.012999079407080656
R6_LHS_04,control,V52_CPLUS_E1_C4_2T,Z,S10,0.9986042272358667,True,0.009955467276138419
R6_LHS_04,control,V52_C_E1_C4_2T,X,S10,1.052835700824963,True,0.0011163848411922914
R6_LHS_04,control,V52_C_E1_C4_2T,Y,S10,0.8301377270012057,True,0.010347345135123824
R6_LHS_04,control,V52_C_E1_C4_2T,Z,S10,1.0017808687341077,True,0.008045716646764916
R6_LHS_04,control,V40_A_E2_C5_2T,X,S10,1.129093688734452,True,0.0010354135263595308
R6_LHS_04,control,V40_A_E2_C5_2T,Y,S10,1.244779207061448,True,0.008126101852809589
R6_LHS_04,control,V40_A_E2_C5_2T,Z,S10,1.4453922947167923,True,0.007859841784654095
R6_LHS_04,control,V40_B_E2_C5_2T,X,S10,1.0689931031131505,True,0.0011456982172560412
R6_LHS_04,control,V40_B_E2_C5_2T,Y,S10,0.984410964960869,True,0.008585159604020828
R6_LHS_04,control,V40_B_E2_C5_2T,Z,S10,1.1433943750137998,True,0.008163087192834463
R6_LHS_04,control,V40_CPLUS_E2_C5_2T,X,S10,1.0416520704504244,True,0.0015729780046414962
R6_LHS_04,control,V40_CPLUS_E2_C5_2T,Y,S10,0.9295330403098853,True,0.01227830096405648
R6_LHS_04,control,V40_CPLUS_E2_C5_2T,Z,S10,1.05071325093819,True,0.011516965957269601
R6_LHS_04,control,V40_C_E2_C5_2T,X,S10,1.0157725919725733,True,0.0013029769382539994
R6_LHS_04,control,V40_C_E2_C5_2T,Y,S10,0.9933114988501806,True,0.00995630469729826
R6_LHS_04,control,V40_C_E2_C5_2T,Z,S10,1.1120074192250489,True,0.00930737068372929
R6_LHS_04,control,V52_A_E2_C5_2T,X,S10,1.1440327992300958,True,0.0009645121933544123
R6_LHS_04,control,V52_A_E2_C5_2T,Y,S10,0.962335148544932,True,0.008240103932773789
R6_LHS_04,control,V52_A_E2_C5_2T,Z,S10,1.2335853018898542,True,0.00673128637308685
R6_LHS_04,control,V52_B_E2_C5_2T,X,S10,1.1160042406945745,True,0.0010765552937172715
R6_LHS_04,control,V52_B_E2_C5_2T,Y,S10,0.9183092357515363,True,0.009401672248532635
R6_LHS_04,control,V52_B_E2_C5_2T,Z,S10,1.0818743241215092,True,0.007124178848501666
R6_LHS_04,control,V52_CPLUS_E2_C5_2T,X,S10,1.0505509259979713,True,0.0014744130206848871
R6_LHS_04,control,V52_CPLUS_E2_C5_2T,Y,S10,0.8616128336531815,True,0.013403813106079306
R6_LHS_04,control,V52_CPLUS_E2_C5_2T,Z,S10,0.9875798777541841,True,0.009831183672782563
R6_LHS_04,control,V52_C_E2_C5_2T,X,S10,1.0437193745611828,True,0.0012270801170635873
R6_LHS_04,control,V52_C_E2_C5_2T,Y,S10,0.8776599521066755,True,0.01109578273102147
R6_LHS_04,control,V52_C_E2_C5_2T,Z,S10,1.0140611849448544,True,0.008069982809897588
R6_LHS_04,control,V40_A_E3_C6_1T,X,S10,0.9889377400687271,True,0.0006570384370399912
R6_LHS_04,control,V40_A_E3_C6_1T,Y,S10,1.194342449955392,True,0.005196407452713574
R6_LHS_04,control,V40_A_E3_C6_1T,Z,S10,1.086569869101585,True,0.005623169933642037
R6_LHS_04,control,V40_B_E3_C6_1T,X,S10,1.0177595872965362,True,0.0008587171302788071
R6_LHS_04,control,V40_B_E3_C6_1T,Y,S10,1.1830002137823477,True,0.006383598421419599
R6_LHS_04,control,V40_B_E3_C6_1T,Z,S10,1.1732816889951843,True,0.006773943286493776
R6_LHS_04,control,V40_CPLUS_E3_C6_1T,X,S10,1.0293317376282085,True,0.0012719902402481959
R6_LHS_04,control,V40_CPLUS_E3_C6_1T,Y,S10,1.1939311418632963,True,0.009138855146945025
R6_LHS_04,control,V40_CPLUS_E3_C6_1T,Z,S10,1.5328089125718491,True,0.01111265428896803
R6_LHS_04,control,V40_C_E3_C6_1T,X,S10,0.9987404207052665,True,0.0010268953034066272
R6_LHS_04,control,V40_C_E3_C6_1T,Y,S10,1.1416223835459312,True,0.007223684634568883
R6_LHS_04,control,V40_C_E3_C6_1T,Z,S10,1.256603296283189,True,0.008050109642010065
R6_LHS_04,control,V52_A_E3_C6_1T,X,S10,1.0042713139281643,True,0.0006771828172944361
R6_LHS_04,control,V52_A_E3_C6_1T,Y,S10,1.0126290537374423,True,0.005615722543804642
R6_LHS_04,control,V52_A_E3_C6_1T,Z,S10,0.9958653628012906,True,0.005404344648387178
R6_LHS_04,control,V52_B_E3_C6_1T,X,S10,0.9403639500229677,True,0.0007838493721291725
R6_LHS_04,control,V52_B_E3_C6_1T,Y,S10,1.0045264358311257,True,0.006857757194714761
R6_LHS_04,control,V52_B_E3_C6_1T,Z,S10,1.0382838980695304,True,0.005935767646559612
R6_LHS_04,control,V52_CPLUS_E3_C6_1T,X,S10,1.0777708810375932,True,0.0012406495794965522
R6_LHS_04,control,V52_CPLUS_E3_C6_1T,Y,S10,1.0619509356651544,True,0.01002500847888714
R6_LHS_04,control,V52_CPLUS_E3_C6_1T,Z,S10,1.3815316121392764,True,0.00947501436116319
R6_LHS_04,control,V52_C_E3_C6_1T,X,S10,1.0464312129322868,True,0.0009878500472449148
R6_LHS_04,control,V52_C_E3_C6_1T,Y,S10,1.0389480012702894,True,0.00813440892450931
R6_LHS_04,control,V52_C_E3_C6_1T,Z,S10,1.2248870340379934,True,0.007510791908043333
R6_LHS_04,control,V40_A_E4_C7_1T,X,S10,1.2049453742133043,True,0.0008866644472825529
R6_LHS_04,control,V40_A_E4_C7_1T,Y,S10,1.5222242359171145,True,0.0065953085589685505
R6_LHS_04,control,V40_A_E4_C7_1T,Z,S10,1.5140902561491658,True,0.008142065748019314
R6_LHS_04,control,V40_B_E4_C7_1T,X,S10,1.1029558820590686,True,0.0010348960360270906
R6_LHS_04,control,V40_B_E4_C7_1T,Y,S10,1.3292021232548974,True,0.007341767136092766
R6_LHS_04,control,V40_B_E4_C7_1T,Z,S10,1.3995255221438998,True,0.00817898500097869
R6_LHS_04,control,V40_CPLUS_E4_C7_1T,X,S10,1.039915910740735,True,0.0013950355314347835
R6_LHS_04,control,V40_CPLUS_E4_C7_1T,Y,S10,1.2183174896600628,True,0.009655029216320778
R6_LHS_04,control,V40_CPLUS_E4_C7_1T,Z,S10,1.4991872863326217,True,0.011351281678292321
R6_LHS_04,control,V40_C_E4_C7_1T,X,S10,1.0304420602070299,True,0.0011817154697524538
R6_LHS_04,control,V40_C_E4_C7_1T,Y,S10,1.2408873564439327,True,0.00824891974491308
R6_LHS_04,control,V40_C_E4_C7_1T,Z,S10,1.424553280354237,True,0.009308787420013677
R6_LHS_04,control,V52_A_E4_C7_1T,X,S10,1.213572086751594,True,0.001004543355600404
R6_LHS_04,control,V52_A_E4_C7_1T,Y,S10,1.261223387115507,True,0.007331022104622465
R6_LHS_04,control,V52_A_E4_C7_1T,Z,S10,1.2426893941484298,True,0.006803902976717592
R6_LHS_04,control,V52_B_E4_C7_1T,X,S10,1.1366082658375276,True,0.0010142908000950425
R6_LHS_04,control,V52_B_E4_C7_1T,Y,S10,1.2181548907335096,True,0.0077990004028821395
R6_LHS_04,control,V52_B_E4_C7_1T,Z,S10,1.3558744057540488,True,0.007672882595344393
R6_LHS_04,control,V52_CPLUS_E4_C7_1T,X,S10,1.1503285056682766,True,0.001428869326554673
R6_LHS_04,control,V52_CPLUS_E4_C7_1T,Y,S10,1.1923792245131442,True,0.011560875496671756
R6_LHS_04,control,V52_CPLUS_E4_C7_1T,Z,S10,1.5868451075634924,True,0.011485844382936504
R6_LHS_04,control,V52_C_E4_C7_1T,X,S10,1.085363808377912,True,0.0011400225961147518
R6_LHS_04,control,V52_C_E4_C7_1T,Y,S10,1.1613548641548357,True,0.008855747985125955
R6_LHS_04,control,V52_C_E4_C7_1T,Z,S10,1.4095918699863492,True,0.008698822893508217
R6_LHS_04,control,V40_A_E5_C9_1T,X,S10,1.1385372285869708,True,0.0010126710241946837
R6_LHS_04,control,V40_A_E5_C9_1T,Y,S10,1.526017779520887,True,0.0067408273474443905
R6_LHS_04,control,V40_A_E5_C9_1T,Z,S10,1.4420929742335309,True,0.007764769729654724
R6_LHS_04,control,V40_B_E5_C9_1T,X,S10,1.056124460354589,True,0.0011105417992515287
R6_LHS_04,control,V40_B_E5_C9_1T,Y,S10,1.3847679910754018,True,0.007418638101182383
R6_LHS_04,control,V40_B_E5_C9_1T,Z,S10,1.4274521838518321,True,0.00839103800580427
R6_LHS_04,control,V40_CPLUS_E5_C9_1T,X,S10,1.0685284393068089,True,0.0015350619025073582
R6_LHS_04,control,V40_CPLUS_E5_C9_1T,Y,S10,1.3157743818027983,True,0.010756202055520631
R6_LHS_04,control,V40_CPLUS_E5_C9_1T,Z,S10,1.6800816060437413,True,0.012902686313764808
R6_LHS_04,control,V40_C_E5_C9_1T,X,S10,1.0341624586143168,True,0.0013118020108851308
R6_LHS_04,control,V40_C_E5_C9_1T,Y,S10,1.2725453903582886,True,0.008504125206020533
R6_LHS_04,control,V40_C_E5_C9_1T,Z,S10,1.464673150261777,True,0.009663349186979068
R6_LHS_04,control,V52_A_E5_C9_1T,X,S10,1.1899675628659248,True,0.0010622089633199954
R6_LHS_04,control,V52_A_E5_C9_1T,Y,S10,1.283574610254966,True,0.007551551123062297
R6_LHS_04,control,V52_A_E5_C9_1T,Z,S10,1.3723104287023744,True,0.007599202743572823
R6_LHS_04,control,V52_B_E5_C9_1T,X,S10,1.104601732066824,True,0.0010651373723395137
R6_LHS_04,control,V52_B_E5_C9_1T,Y,S10,1.1515686012924287,True,0.007801653485472256
R6_LHS_04,control,V52_B_E5_C9_1T,Z,S10,1.2910891741118948,True,0.007713375474845679
R6_LHS_04,control,V52_CPLUS_E5_C9_1T,X,S10,1.1062658226868687,True,0.0014256232232794752
R6_LHS_04,control,V52_CPLUS_E5_C9_1T,Y,S10,1.15626589155051,True,0.010932871007345895
R6_LHS_04,control,V52_CPLUS_E5_C9_1T,Z,S10,1.5613626855901777,True,0.011087109607438129
R6_LHS_04,control,V52_C_E5_C9_1T,X,S10,1.1409552628731534,True,0.0012486840692959383
R6_LHS_04,control,V52_C_E5_C9_1T,Y,S10,1.1835387936803532,True,0.009576174601607153
R6_LHS_04,control,V52_C_E5_C9_1T,Z,S10,1.3648034202309387,True,0.008948059576065641
R6_LHS_04,control,V40_A_E6_C10_1T,X,S10,1.0166818413442176,True,0.0006821460803793731
R6_LHS_04,control,V40_A_E6_C10_1T,Y,S10,1.1356192531627376,True,0.005036931991544492
R6_LHS_04,control,V40_A_E6_C10_1T,Z,S10,1.0921365485308359,True,0.005717103922403091
R6_LHS_04,control,V40_B_E6_C10_1T,X,S10,1.0063788152952495,True,0.0008418208636660063
R6_LHS_04,control,V40_B_E6_C10_1T,Y,S10,1.1040933054544666,True,0.005776198133789804
R6_LHS_04,control,V40_B_E6_C10_1T,Z,S10,1.1543174616215484,True,0.0066103267488420705
R6_LHS_04,control,V40_CPLUS_E6_C10_1T,X,S10,1.0393125850767513,True,0.001309203044801213
R6_LHS_04,control,V40_CPLUS_E6_C10_1T,Y,S10,1.2036317816384727,True,0.009424198440910195
R6_LHS_04,control,V40_CPLUS_E6_C10_1T,Z,S10,1.5408113289312144,True,0.01129603169218473
R6_LHS_04,control,V40_C_E6_C10_1T,X,S10,1.0170756982417075,True,0.0010338023233221402
R6_LHS_04,control,V40_C_E6_C10_1T,Y,S10,1.1438169543193322,True,0.007214701567307915
R6_LHS_04,control,V40_C_E6_C10_1T,Z,S10,1.2798233381154769,True,0.008095822207145428
R6_LHS_04,control,V52_A_E6_C10_1T,X,S10,1.039110826017595,True,0.0006847728151900053
R6_LHS_04,control,V52_A_E6_C10_1T,Y,S10,1.0145300775298292,True,0.005693918063312362
R6_LHS_04,control,V52_A_E6_C10_1T,Z,S10,1.042463684275615,True,0.0055602182712708075
R6_LHS_04,control,V52_B_E6_C10_1T,X,S10,0.9378532672394679,True,0.0007899942065154082
R6_LHS_04,control,V52_B_E6_C10_1T,Y,S10,0.9933767542257824,True,0.006870407020788097
R6_LHS_04,control,V52_B_E6_C10_1T,Z,S10,1.0707051663770124,True,0.006184833567795296
R6_LHS_04,control,V52_CPLUS_E6_C10_1T,X,S10,1.0971760867326816,True,0.0012820603907768232
R6_LHS_04,control,V52_CPLUS_E6_C10_1T,Y,S10,1.1176856055721474,True,0.010776833738060761
R6_LHS_04,control,V52_CPLUS_E6_C10_1T,Z,S10,1.479891232142795,True,0.0106218115680506
R6_LHS_04,control,V52_C_E6_C10_1T,X,S10,0.9925827053896896,True,0.0009519167377821263
R6_LHS_04,control,V52_C_E6_C10_1T,Y,S10,1.012756688358577,True,0.007967742439996832
R6_LHS_04,control,V52_C_E6_C10_1T,Z,S10,1.149719270455198,True,0.0073335614483058306
R6_LHS_04,control,V40_A_E7_C11_2T,X,S10,1.0825686819439864,True,0.0010968131790879462
R6_LHS_04,control,V40_A_E7_C11_2T,Y,S10,1.1196715288602497,True,0.00781120099695813
R6_LHS_04,control,V40_A_E7_C11_2T,Z,S10,1.3693594763779067,True,0.007793622269613814
R6_LHS_04,control,V40_B_E7_C11_2T,X,S10,1.0216889761531205,True,0.0012496125267303718
R6_LHS_04,control,V40_B_E7_C11_2T,Y,S10,1.027368270419446,True,0.009073700825381099
R6_LHS_04,control,V40_B_E7_C11_2T,Z,S10,1.2397546399916881,True,0.008770792622505083
R6_LHS_04,control,V40_CPLUS_E7_C11_2T,X,S10,1.0103947760549756,True,0.001584159316060218
R6_LHS_04,control,V40_CPLUS_E7_C11_2T,Y,S10,0.9478972542929033,True,0.012821925749098708
R6_LHS_04,control,V40_CPLUS_E7_C11_2T,Z,S10,1.0907503460222738,True,0.012221652273269629
R6_LHS_04,control,V40_C_E7_C11_2T,X,S10,0.9937736446998866,True,0.0013333136041662143
R6_LHS_04,control,V40_C_E7_C11_2T,Y,S10,0.9687242173325638,True,0.01043100038424106
R6_LHS_04,control,V40_C_E7_C11_2T,Z,S10,1.11055656107732,True,0.009882211671235753
R6_LHS_04,control,V52_A_E7_C11_2T,X,S10,1.128531033317436,True,0.0010469489236816386
R6_LHS_04,control,V52_A_E7_C11_2T,Y,S10,1.0494937006418839,True,0.008656356274081881
R6_LHS_04,control,V52_A_E7_C11_2T,Z,S10,1.3985260163309718,True,0.007503003574314824
R6_LHS_04,control,V52_B_E7_C11_2T,X,S10,1.0994729988088807,True,0.0011478809686947095
R6_LHS_04,control,V52_B_E7_C11_2T,Y,S10,0.9568096825852855,True,0.009823142683556762
R6_LHS_04,control,V52_B_E7_C11_2T,Z,S10,1.106283978275026,True,0.007348490374786216
R6_LHS_04,control,V52_CPLUS_E7_C11_2T,X,S10,1.0801784505098895,True,0.001523567117844578
R6_LHS_04,control,V52_CPLUS_E7_C11_2T,Y,S10,0.8811553661211564,True,0.01338247217216731
R6_LHS_04,control,V52_CPLUS_E7_C11_2T,Z,S10,1.0254637407443334,True,0.010244804990812002
R6_LHS_04,control,V52_C_E7_C11_2T,X,S10,1.0581338246936298,True,0.0012688731560991416
R6_LHS_04,control,V52_C_E7_C11_2T,Y,S10,0.847687765580283,True,0.010764181068216864
R6_LHS_04,control,V52_C_E7_C11_2T,Z,S10,1.0819739279985203,True,0.008623710419064698
R6_LHS_04,control,V40_A_E8_C12_2T,X,S10,1.0054293425050436,True,0.0007593512379718394
R6_LHS_04,control,V40_A_E8_C12_2T,Y,S10,0.9161727692330411,True,0.006412801485907591
R6_LHS_04,control,V40_A_E8_C12_2T,Z,S10,1.132381497179252,True,0.0063160613300950255
R6_LHS_04,control,V40_B_E8_C12_2T,X,S10,1.00459820116214,True,0.0009315451814623481
R6_LHS_04,control,V40_B_E8_C12_2T,Y,S10,0.8903373136323425,True,0.007513995282424661
R6_LHS_04,control,V40_B_E8_C12_2T,Z,S10,1.052595804867416,True,0.007339288838904385
R6_LHS_04,control,V40_CPLUS_E8_C12_2T,X,S10,0.9838850959128106,True,0.0013778203340579422
R6_LHS_04,control,V40_CPLUS_E8_C12_2T,Y,S10,0.8923424896790402,True,0.01152479344875597
R6_LHS_04,control,V40_CPLUS_E8_C12_2T,Z,S10,1.0147945797794493,True,0.011170878733217551
R6_LHS_04,control,V40_C_E8_C12_2T,X,S10,0.9887265095255385,True,0.001155645266508993
R6_LHS_04,control,V40_C_E8_C12_2T,Y,S10,0.8742203752246037,True,0.009171366764114071
R6_LHS_04,control,V40_C_E8_C12_2T,Z,S10,1.0158650173710577,True,0.008866301343396468
R6_LHS_04,control,V52_A_E8_C12_2T,X,S10,1.0632317292131537,True,0.0007629028337657938
R6_LHS_04,control,V52_A_E8_C12_2T,Y,S10,0.8419725761708612,True,0.0069034710337979935
R6_LHS_04,control,V52_A_E8_C12_2T,Z,S10,1.0736109439546877,True,0.0056647757405157515
R6_LHS_04,control,V52_B_E8_C12_2T,X,S10,1.0793773018208346,True,0.0009689383956831877
R6_LHS_04,control,V52_B_E8_C12_2T,Y,S10,0.827584022184654,True,0.008683613817471549
R6_LHS_04,control,V52_B_E8_C12_2T,Z,S10,0.9858039235906714,True,0.006696573236780086
R6_LHS_04,control,V52_CPLUS_E8_C12_2T,X,S10,1.0587612628471825,True,0.0014011565723934462
R6_LHS_04,control,V52_CPLUS_E8_C12_2T,Y,S10,0.8207378655327678,True,0.01274106523983984
R6_LHS_04,control,V52_CPLUS_E8_C12_2T,Z,S10,0.9657514244464205,True,0.009600091052844295
R6_LHS_04,control,V52_C_E8_C12_2T,X,S10,1.083946833058845,True,0.001143310246648579
R6_LHS_04,control,V52_C_E8_C12_2T,Y,S10,0.8486140375554946,True,0.010375655757296137
R6_LHS_04,control,V52_C_E8_C12_2T,Z,S10,0.9798914942787211,True,0.007749182239516448
