trial_id,variant,case_id,model,quantity,axis,log_psd_l2_distance,target_dominant_frequency_hz,predicted_dominant_frequency_hz,dominant_frequency_abs_error_hz,coherence_at_target_dominant_frequency,phase_at_target_dominant_frequency_rad,coherence_defined,phase_defined,coherence_valid_node_count
R4_LHS_03,physics,BASE_C1_0T,S10_HYBRID,displacement,X,4.275180149198559,1.931723563696909,0.09991673605328841,1.8318068276436206,0.3620225191116333,0.1204480230808258,True,True,496
R4_LHS_03,physics,BASE_C1_0T,S10,velocity,X,0.0,0.0,0.0,0.0,,,False,False,0
COMMON_B2,common,BASE_C1_0T,B2,displacement,X,4.275180149198559,1.931723563696909,0.09991673605328841,1.8318068276436206,0.3620225191116333,0.1204480230808258,True,True,496
R4_LHS_03,physics,BASE_C1_0T,S10_HYBRID,displacement,Y,2.865628247617928,1.931723563696909,0.09991673605328841,1.8318068276436206,0.9378492832183838,0.06918514519929886,True,True,496
R4_LHS_03,physics,BASE_C1_0T,S10,velocity,Y,0.0,0.0,0.0,0.0,,,False,False,0
COMMON_B2,common,BASE_C1_0T,B2,displacement,Y,2.865628247617928,1.931723563696909,0.09991673605328841,1.8318068276436206,0.9378492832183838,0.06918514519929886,True,True,496
R4_LHS_03,physics,BASE_C1_0T,S10_HYBRID,displacement,Z,2.3305174213662263,1.931723563696909,0.09991673605328841,1.8318068276436206,0.9678179025650024,0.06715318560600281,True,True,508
R4_LHS_03,physics,BASE_C1_0T,S10,velocity,Z,0.0,0.0,0.0,0.0,,,False,False,0
COMMON_B2,common,BASE_C1_0T,B2,displacement,Z,2.3305174213662263,1.931723563696909,0.09991673605328841,1.8318068276436206,0.9678179025650024,0.06715318560600281,True,True,508
R4_LHS_03,physics,BASE_C2_0T,S10_HYBRID,displacement,X,3.2312479679069916,1.1990008326394608,1.1990008326394608,0.0,0.999999463558197,-9.863882587524131e-05,True,True,496
R4_LHS_03,physics,BASE_C2_0T,S10,velocity,X,0.0,0.0,0.0,0.0,,,False,False,0
COMMON_B2,common,BASE_C2_0T,B2,displacement,X,3.2312479679069916,1.1990008326394608,1.1990008326394608,0.0,0.999999463558197,-9.863882587524131e-05,True,True,496
R4_LHS_03,physics,BASE_C2_0T,S10_HYBRID,displacement,Y,2.3673889405902644,1.1990008326394608,0.09991673605328841,1.0990840965861723,0.9648148417472839,1.8059774447465315e-05,True,True,496
R4_LHS_03,physics,BASE_C2_0T,S10,velocity,Y,0.0,0.0,0.0,0.0,,,False,False,0
COMMON_B2,common,BASE_C2_0T,B2,displacement,Y,2.3673889405902644,1.1990008326394608,0.09991673605328841,1.0990840965861723,0.9648148417472839,1.8059774447465315e-05,True,True,496
R4_LHS_03,physics,BASE_C2_0T,S10_HYBRID,displacement,Z,2.4500486378404105,1.1990008326394608,0.09991673605328841,1.0990840965861723,0.9857722520828247,-1.3606079846795183e-05,True,True,508
R4_LHS_03,physics,BASE_C2_0T,S10,velocity,Z,0.0,0.0,0.0,0.0,,,False,False,0
COMMON_B2,common,BASE_C2_0T,B2,displacement,Z,2.4500486378404105,1.1990008326394608,0.09991673605328841,1.0990840965861723,0.9857722520828247,-1.3606079846795183e-05,True,True,508
R4_LHS_03,physics,BASE_C3_0T,S10_HYBRID,displacement,X,3.7864962099920496,1.931723563696909,0.09991673605328841,1.8318068276436206,0.3744875490665436,-0.03355186805129051,True,True,496
R4_LHS_03,physics,BASE_C3_0T,S10,velocity,X,0.0,0.0,0.0,0.0,,,False,False,0
COMMON_B2,common,BASE_C3_0T,B2,displacement,X,3.7864962099920496,1.931723563696909,0.09991673605328841,1.8318068276436206,0.3744875490665436,-0.03355186805129051,True,True,496
R4_LHS_03,physics,BASE_C3_0T,S10_HYBRID,displacement,Y,2.020918931807665,1.931723563696909,0.09991673605328841,1.8318068276436206,0.9438705444335938,0.10487684607505798,True,True,496
R4_LHS_03,physics,BASE_C3_0T,S10,velocity,Y,0.0,0.0,0.0,0.0,,,False,False,0
COMMON_B2,common,BASE_C3_0T,B2,displacement,Y,2.020918931807665,1.931723563696909,0.09991673605328841,1.8318068276436206,0.9438705444335938,0.10487684607505798,True,True,496
R4_LHS_03,physics,BASE_C3_0T,S10_HYBRID,displacement,Z,1.9355142077005203,1.931723563696909,1.931723563696909,0.0,0.974271297454834,0.1085531935095787,True,True,508
R4_LHS_03,physics,BASE_C3_0T,S10,velocity,Z,0.0,0.0,0.0,0.0,,,False,False,0
COMMON_B2,common,BASE_C3_0T,B2,displacement,Z,1.9355142077005203,1.931723563696909,1.931723563696909,0.0,0.974271297454834,0.1085531935095787,True,True,508
R4_LHS_03,physics,BASE_C8_0T,S10_HYBRID,displacement,X,3.653527747598065,1.1990008326394608,1.1990008326394608,0.0,0.9999995827674866,0.0002370636648265645,True,True,496
R4_LHS_03,physics,BASE_C8_0T,S10,velocity,X,0.0,0.0,0.0,0.0,,,False,False,0
COMMON_B2,common,BASE_C8_0T,B2,displacement,X,3.653527747598065,1.1990008326394608,1.1990008326394608,0.0,0.9999995827674866,0.0002370636648265645,True,True,496
R4_LHS_03,physics,BASE_C8_0T,S10_HYBRID,displacement,Y,1.9567008100254526,1.1990008326394608,1.1990008326394608,0.0,0.974590539932251,0.00033866867306642234,True,True,496
R4_LHS_03,physics,BASE_C8_0T,S10,velocity,Y,0.0,0.0,0.0,0.0,,,False,False,0
COMMON_B2,common,BASE_C8_0T,B2,displacement,Y,1.9567008100254526,1.1990008326394608,1.1990008326394608,0.0,0.974590539932251,0.00033866867306642234,True,True,496
R4_LHS_03,physics,BASE_C8_0T,S10_HYBRID,displacement,Z,1.9938167343508435,1.1990008326394608,1.1990008326394608,0.0,0.9904072880744934,0.0002583192544989288,True,True,508
R4_LHS_03,physics,BASE_C8_0T,S10,velocity,Z,0.0,0.0,0.0,0.0,,,False,False,0
COMMON_B2,common,BASE_C8_0T,B2,displacement,Z,1.9938167343508435,1.1990008326394608,1.1990008326394608,0.0,0.9904072880744934,0.0002583192544989288,True,True,508
R4_LHS_03,physics,V40_A_E1_C4_2T,S10_HYBRID,displacement,X,1.7494011559732812,0.06661115736885893,0.06661115736885893,0.0,0.982832133769989,0.0,True,True,496
R4_LHS_03,physics,V40_A_E1_C4_2T,S10,velocity,X,1.8895178858538981,0.13322231473771787,0.13322231473771787,0.0,0.8689565062522888,-0.0011862859828397632,True,True,496
COMMON_B2,common,V40_A_E1_C4_2T,B2,displacement,X,1.2270093551018464,0.06661115736885893,0.06661115736885893,0.0,0.992780864238739,0.0,True,True,496
R4_LHS_03,physics,V40_A_E1_C4_2T,S10_HYBRID,displacement,Y,2.201054466972039,0.06661115736885893,0.06661115736885893,0.0,0.9910354614257812,0.0,True,True,496
R4_LHS_03,physics,V40_A_E1_C4_2T,S10,velocity,Y,1.9607709957146906,0.09991673605328841,0.09991673605328841,0.0,0.9641415476799011,0.018069595098495483,True,True,496
COMMON_B2,common,V40_A_E1_C4_2T,B2,displacement,Y,2.015498667376134,0.06661115736885893,0.06661115736885893,0.0,0.9977699518203735,0.0,True,True,496
R4_LHS_03,physics,V40_A_E1_C4_2T,S10_HYBRID,displacement,Z,2.657312490362486,0.06661115736885893,0.06661115736885893,0.0,0.9941425323486328,0.0,True,True,508
R4_LHS_03,physics,V40_A_E1_C4_2T,S10,velocity,Z,3.0306031699725504,0.09991673605328841,0.09991673605328841,0.0,0.9948145151138306,0.012923618778586388,True,True,508
COMMON_B2,common,V40_A_E1_C4_2T,B2,displacement,Z,5.060676386232384,0.06661115736885893,0.06661115736885893,0.0,0.9962407946586609,0.0,True,True,508
R4_LHS_03,physics,V40_B_E1_C4_2T,S10_HYBRID,displacement,X,2.4360572725857383,0.06661115736885893,0.09991673605328841,0.033305578684429474,0.9621589779853821,0.0,True,True,496
R4_LHS_03,physics,V40_B_E1_C4_2T,S10,velocity,X,1.356784427091874,0.13322231473771787,0.13322231473771787,0.0,0.8918451070785522,-0.000683274760376662,True,True,496
COMMON_B2,common,V40_B_E1_C4_2T,B2,displacement,X,1.366139994521786,0.06661115736885893,0.06661115736885893,0.0,0.975879430770874,0.0,True,True,496
R4_LHS_03,physics,V40_B_E1_C4_2T,S10_HYBRID,displacement,Y,2.6344137253272297,0.06661115736885893,0.06661115736885893,0.0,0.983680009841919,0.0,True,True,496
R4_LHS_03,physics,V40_B_E1_C4_2T,S10,velocity,Y,1.6544671922249876,0.09991673605328841,0.09991673605328841,0.0,0.9737918972969055,0.025047972798347473,True,True,496
COMMON_B2,common,V40_B_E1_C4_2T,B2,displacement,Y,2.213495116395459,0.06661115736885893,0.06661115736885893,0.0,0.9932698011398315,0.0,True,True,496
R4_LHS_03,physics,V40_B_E1_C4_2T,S10_HYBRID,displacement,Z,3.168458067019858,0.06661115736885893,0.06661115736885893,0.0,0.9897487163543701,0.0,True,True,508
R4_LHS_03,physics,V40_B_E1_C4_2T,S10,velocity,Z,2.5011888070544654,0.09991673605328841,0.09991673605328841,0.0,0.9949823617935181,0.003439344000071287,True,True,508
COMMON_B2,common,V40_B_E1_C4_2T,B2,displacement,Z,5.281752951215528,0.06661115736885893,0.06661115736885893,0.0,0.9918951988220215,0.0,True,True,508
R4_LHS_03,physics,V40_CPLUS_E1_C4_2T,S10_HYBRID,displacement,X,3.222930056996072,0.06661115736885893,0.06661115736885893,0.0,0.9871019721031189,0.0,True,True,496
R4_LHS_03,physics,V40_CPLUS_E1_C4_2T,S10,velocity,X,1.142791491631883,0.13322231473771787,0.13322231473771787,0.0,0.9033108353614807,-0.028460852801799774,True,True,496
COMMON_B2,common,V40_CPLUS_E1_C4_2T,B2,displacement,X,1.654371126565164,0.06661115736885893,0.06661115736885893,0.0,0.9896298050880432,0.0,True,True,496
R4_LHS_03,physics,V40_CPLUS_E1_C4_2T,S10_HYBRID,displacement,Y,3.5545477192597597,0.06661115736885893,0.06661115736885893,0.0,0.992782473564148,0.0,True,True,496
R4_LHS_03,physics,V40_CPLUS_E1_C4_2T,S10,velocity,Y,1.3982045770444385,0.09991673605328841,0.09991673605328841,0.0,0.9663974046707153,-0.002911010291427374,True,True,496
COMMON_B2,common,V40_CPLUS_E1_C4_2T,B2,displacement,Y,2.6311332562520318,0.06661115736885893,0.06661115736885893,0.0,0.9992525577545166,0.0,True,True,496
R4_LHS_03,physics,V40_CPLUS_E1_C4_2T,S10_HYBRID,displacement,Z,3.9967854464020087,0.06661115736885893,0.06661115736885893,0.0,0.9989475607872009,0.0,True,True,508
R4_LHS_03,physics,V40_CPLUS_E1_C4_2T,S10,velocity,Z,2.123671793432184,0.09991673605328841,0.09991673605328841,0.0,0.9941374063491821,0.011694218032062054,True,True,508
COMMON_B2,common,V40_CPLUS_E1_C4_2T,B2,displacement,Z,6.109462498471359,0.06661115736885893,0.06661115736885893,0.0,0.999557375907898,0.0,True,True,508
R4_LHS_03,physics,V40_C_E1_C4_2T,S10_HYBRID,displacement,X,2.7949109333219377,0.06661115736885893,0.09991673605328841,0.033305578684429474,0.96835857629776,0.0,True,True,496
R4_LHS_03,physics,V40_C_E1_C4_2T,S10,velocity,X,1.2409024967600546,0.13322231473771787,0.13322231473771787,0.0,0.8946117162704468,0.007722772192209959,True,True,496
COMMON_B2,common,V40_C_E1_C4_2T,B2,displacement,X,1.4480396899439558,0.06661115736885893,0.06661115736885893,0.0,0.9774280190467834,0.0,True,True,496
R4_LHS_03,physics,V40_C_E1_C4_2T,S10_HYBRID,displacement,Y,3.156775676977204,0.06661115736885893,0.06661115736885893,0.0,0.9895340204238892,0.0,True,True,496
R4_LHS_03,physics,V40_C_E1_C4_2T,S10,velocity,Y,1.5957641466405954,0.09991673605328841,0.09991673605328841,0.0,0.9747642278671265,0.02165829949080944,True,True,496
COMMON_B2,common,V40_C_E1_C4_2T,B2,displacement,Y,2.4189059128792008,0.06661115736885893,0.06661115736885893,0.0,0.9942269921302795,0.0,True,True,496
R4_LHS_03,physics,V40_C_E1_C4_2T,S10_HYBRID,displacement,Z,3.771997606107242,0.06661115736885893,0.06661115736885893,0.0,0.9930106401443481,0.0,True,True,508
R4_LHS_03,physics,V40_C_E1_C4_2T,S10,velocity,Z,2.3887067426024484,0.09991673605328841,0.09991673605328841,0.0,0.994958221912384,0.004637126810848713,True,True,508
COMMON_B2,common,V40_C_E1_C4_2T,B2,displacement,Z,5.596711746368599,0.06661115736885893,0.06661115736885893,0.0,0.9929171800613403,0.0,True,True,508
R4_LHS_03,physics,V52_A_E1_C4_2T,S10_HYBRID,displacement,X,2.4490026137404524,0.09991673605328841,0.06661115736885893,0.033305578684429474,0.9907550811767578,-0.0014206160558387637,True,True,496
R4_LHS_03,physics,V52_A_E1_C4_2T,S10,velocity,X,1.1277697250099217,0.16652789342214733,0.16652789342214733,0.0,0.9233159422874451,-0.017419414594769478,True,True,496
COMMON_B2,common,V52_A_E1_C4_2T,B2,displacement,X,1.1399118406900797,0.09991673605328841,0.09991673605328841,0.0,0.996892511844635,0.004355747252702713,True,True,496
R4_LHS_03,physics,V52_A_E1_C4_2T,S10_HYBRID,displacement,Y,2.9397768048225306,0.06661115736885893,0.06661115736885893,0.0,0.9961937665939331,0.0,True,True,496
R4_LHS_03,physics,V52_A_E1_C4_2T,S10,velocity,Y,1.0995552049266233,0.13322231473771787,0.13322231473771787,0.0,0.9834696650505066,-0.004517900757491589,True,True,496
COMMON_B2,common,V52_A_E1_C4_2T,B2,displacement,Y,2.257404261846995,0.06661115736885893,0.06661115736885893,0.0,0.9996975660324097,0.0,True,True,496
R4_LHS_03,physics,V52_A_E1_C4_2T,S10_HYBRID,displacement,Z,3.585730696810277,0.09991673605328841,0.09991673605328841,0.0,0.9970706701278687,0.017292378470301628,True,True,508
R4_LHS_03,physics,V52_A_E1_C4_2T,S10,velocity,Z,1.7477554232680974,0.13322231473771787,0.13322231473771787,0.0,0.9962656497955322,-0.021057577803730965,True,True,508
COMMON_B2,common,V52_A_E1_C4_2T,B2,displacement,Z,5.657433665799579,0.09991673605328841,0.09991673605328841,0.0,0.9989413619041443,-0.005240677390247583,True,True,508
R4_LHS_03,physics,V52_B_E1_C4_2T,S10_HYBRID,displacement,X,2.5377608361169743,0.09991673605328841,0.06661115736885893,0.033305578684429474,0.9876172542572021,-0.00882401317358017,True,True,496
R4_LHS_03,physics,V52_B_E1_C4_2T,S10,velocity,X,1.1654907913282364,0.16652789342214733,0.16652789342214733,0.0,0.9286485314369202,-0.004390663467347622,True,True,496
COMMON_B2,common,V52_B_E1_C4_2T,B2,displacement,X,1.516099702043926,0.09991673605328841,0.06661115736885893,0.033305578684429474,0.9859995245933533,-0.002684906590729952,True,True,496
R4_LHS_03,physics,V52_B_E1_C4_2T,S10_HYBRID,displacement,Y,3.226193709341388,0.06661115736885893,0.06661115736885893,0.0,0.9926605224609375,0.0,True,True,496
R4_LHS_03,physics,V52_B_E1_C4_2T,S10,velocity,Y,1.3436312736845488,0.13322231473771787,0.13322231473771787,0.0,0.9865379333496094,-0.009604915976524353,True,True,496
COMMON_B2,common,V52_B_E1_C4_2T,B2,displacement,Y,2.4133135238467083,0.06661115736885893,0.06661115736885893,0.0,0.9992688894271851,0.0,True,True,496
R4_LHS_03,physics,V52_B_E1_C4_2T,S10_HYBRID,displacement,Z,4.138042942436832,0.09991673605328841,0.09991673605328841,0.0,0.9975388646125793,0.01199076883494854,True,True,508
R4_LHS_03,physics,V52_B_E1_C4_2T,S10,velocity,Z,2.006648932030903,0.13322231473771787,0.13322231473771787,0.0,0.9971603155136108,-0.009153756313025951,True,True,508
COMMON_B2,common,V52_B_E1_C4_2T,B2,displacement,Z,6.074944069286586,0.09991673605328841,0.09991673605328841,0.0,0.9991207122802734,0.003008621744811535,True,True,508
R4_LHS_03,physics,V52_CPLUS_E1_C4_2T,S10_HYBRID,displacement,X,3.501502887922702,0.09991673605328841,0.09991673605328841,0.0,0.9953283667564392,0.002363814739510417,True,True,496
R4_LHS_03,physics,V52_CPLUS_E1_C4_2T,S10,velocity,X,1.08780061503509,0.16652789342214733,0.16652789342214733,0.0,0.9471140503883362,-0.011810963973402977,True,True,496
COMMON_B2,common,V52_CPLUS_E1_C4_2T,B2,displacement,X,1.4390906765511158,0.09991673605328841,0.09991673605328841,0.0,0.9958929419517517,0.006636817008256912,True,True,496
R4_LHS_03,physics,V52_CPLUS_E1_C4_2T,S10_HYBRID,displacement,Y,4.0750757691013355,0.06661115736885893,0.06661115736885893,0.0,0.9954515099525452,0.0,True,True,496
R4_LHS_03,physics,V52_CPLUS_E1_C4_2T,S10,velocity,Y,1.199719781638665,0.13322231473771787,0.13322231473771787,0.0,0.9875808358192444,-0.0031149357091635466,True,True,496
COMMON_B2,common,V52_CPLUS_E1_C4_2T,B2,displacement,Y,2.770258825212095,0.06661115736885893,0.06661115736885893,0.0,0.999754011631012,0.0,True,True,496
R4_LHS_03,physics,V52_CPLUS_E1_C4_2T,S10_HYBRID,displacement,Z,4.9227250933675615,0.09991673605328841,0.09991673605328841,0.0,0.9979736804962158,0.007257065735757351,True,True,508
R4_LHS_03,physics,V52_CPLUS_E1_C4_2T,S10,velocity,Z,1.7760516126152397,0.13322231473771787,0.13322231473771787,0.0,0.9975748062133789,-0.00937633402645588,True,True,508
COMMON_B2,common,V52_CPLUS_E1_C4_2T,B2,displacement,Z,6.587755492051965,0.09991673605328841,0.09991673605328841,0.0,0.9995375275611877,0.001685471972450614,True,True,508
R4_LHS_03,physics,V52_C_E1_C4_2T,S10_HYBRID,displacement,X,2.917122005072961,0.09991673605328841,0.09991673605328841,0.0,0.9929877519607544,-0.010033601894974709,True,True,496
R4_LHS_03,physics,V52_C_E1_C4_2T,S10,velocity,X,1.1645719355420963,0.16652789342214733,0.16652789342214733,0.0,0.9550564885139465,0.004370335955172777,True,True,496
COMMON_B2,common,V52_C_E1_C4_2T,B2,displacement,X,1.3372312589229138,0.09991673605328841,0.09991673605328841,0.0,0.9964247941970825,-0.008074126206338406,True,True,496
R4_LHS_03,physics,V52_C_E1_C4_2T,S10_HYBRID,displacement,Y,3.499214539046851,0.06661115736885893,0.06661115736885893,0.0,0.9957242012023926,0.0,True,True,496
R4_LHS_03,physics,V52_C_E1_C4_2T,S10,velocity,Y,1.0533161489914893,0.13322231473771787,0.13322231473771787,0.0,0.9881742000579834,0.006144706625491381,True,True,496
COMMON_B2,common,V52_C_E1_C4_2T,B2,displacement,Y,2.3923296113166312,0.06661115736885893,0.06661115736885893,0.0,0.9994857907295227,0.0,True,True,496
R4_LHS_03,physics,V52_C_E1_C4_2T,S10_HYBRID,displacement,Z,4.508936716190663,0.09991673605328841,0.09991673605328841,0.0,0.9985668659210205,-0.01524027157574892,True,True,508
R4_LHS_03,physics,V52_C_E1_C4_2T,S10,velocity,Z,1.713748322463575,0.13322231473771787,0.13322231473771787,0.0,0.9979099631309509,0.010700227692723274,True,True,508
COMMON_B2,common,V52_C_E1_C4_2T,B2,displacement,Z,5.823050878428228,0.09991673605328841,0.09991673605328841,0.0,0.9993927478790283,-0.01094266027212143,True,True,508
R4_LHS_03,physics,V40_A_E2_C5_2T,S10_HYBRID,displacement,X,1.4656350113927352,1.1990008326394608,1.1990008326394608,0.0,0.9999333620071411,0.0002229835226899013,True,True,496
R4_LHS_03,physics,V40_A_E2_C5_2T,S10,velocity,X,2.771917204382393,0.13322231473771787,1.9650291423813386,1.8318068276436208,0.8431364297866821,-0.01395915076136589,True,True,496
COMMON_B2,common,V40_A_E2_C5_2T,B2,displacement,X,1.5867297662792645,1.1990008326394608,1.1990008326394608,0.0,0.9999600052833557,-3.0806018912699074e-05,True,True,496
R4_LHS_03,physics,V40_A_E2_C5_2T,S10_HYBRID,displacement,Y,2.848826691454787,0.06661115736885893,0.06661115736885893,0.0,0.9834100008010864,0.0,True,True,496
R4_LHS_03,physics,V40_A_E2_C5_2T,S10,velocity,Y,1.8929045645427334,0.09991673605328841,0.09991673605328841,0.0,0.9720147848129272,-0.0010533991735428572,True,True,496
COMMON_B2,common,V40_A_E2_C5_2T,B2,displacement,Y,2.22953200668975,0.06661115736885893,0.06661115736885893,0.0,0.9962419271469116,0.0,True,True,496
R4_LHS_03,physics,V40_A_E2_C5_2T,S10_HYBRID,displacement,Z,3.6077639128502854,0.06661115736885893,0.06661115736885893,0.0,0.989107608795166,0.0,True,True,508
R4_LHS_03,physics,V40_A_E2_C5_2T,S10,velocity,Z,2.5955751379719083,0.09991673605328841,0.09991673605328841,0.0,0.9936747550964355,0.00015272758901119232,True,True,508
COMMON_B2,common,V40_A_E2_C5_2T,B2,displacement,Z,5.449174454976145,0.06661115736885893,0.06661115736885893,0.0,0.9952467679977417,0.0,True,True,508
R4_LHS_03,physics,V40_B_E2_C5_2T,S10_HYBRID,displacement,X,1.5858185549392507,1.1990008326394608,1.1990008326394608,0.0,0.9999219179153442,-0.00024386588484048843,True,True,496
R4_LHS_03,physics,V40_B_E2_C5_2T,S10,velocity,X,1.9555643057568803,1.998334721065768,0.13322231473771787,1.8651124063280502,0.5128703117370605,-0.07336410135030746,True,True,496
COMMON_B2,common,V40_B_E2_C5_2T,B2,displacement,X,1.622225324452131,1.1990008326394608,1.1990008326394608,0.0,0.9999432563781738,0.00011958258255617693,True,True,496
R4_LHS_03,physics,V40_B_E2_C5_2T,S10_HYBRID,displacement,Y,3.2177416492841724,0.06661115736885893,0.06661115736885893,0.0,0.992993175983429,0.0,True,True,496
R4_LHS_03,physics,V40_B_E2_C5_2T,S10,velocity,Y,1.7153807266519123,0.09991673605328841,0.09991673605328841,0.0,0.9785875082015991,0.006772253196686506,True,True,496
COMMON_B2,common,V40_B_E2_C5_2T,B2,displacement,Y,2.118133636000141,0.06661115736885893,0.06661115736885893,0.0,0.9989174604415894,0.0,True,True,496
R4_LHS_03,physics,V40_B_E2_C5_2T,S10_HYBRID,displacement,Z,3.687933199409246,0.06661115736885893,0.06661115736885893,0.0,0.9967848658561707,0.0,True,True,508
R4_LHS_03,physics,V40_B_E2_C5_2T,S10,velocity,Z,2.434850048314042,0.09991673605328841,0.09991673605328841,0.0,0.9943182468414307,-0.0078121814876794815,True,True,508
COMMON_B2,common,V40_B_E2_C5_2T,B2,displacement,Z,5.284457673785303,0.06661115736885893,0.06661115736885893,0.0,0.9993207454681396,0.0,True,True,508
R4_LHS_03,physics,V40_CPLUS_E2_C5_2T,S10_HYBRID,displacement,X,2.302656474905656,1.1990008326394608,1.1990008326394608,0.0,0.9998293519020081,-0.0003953929408453405,True,True,496
R4_LHS_03,physics,V40_CPLUS_E2_C5_2T,S10,velocity,X,1.5627915555253369,0.13322231473771787,0.13322231473771787,0.0,0.894599437713623,-0.023576613515615463,True,True,496
COMMON_B2,common,V40_CPLUS_E2_C5_2T,B2,displacement,X,1.5626733548046792,1.1990008326394608,1.1990008326394608,0.0,0.9998618364334106,-0.0001506026746938005,True,True,496
R4_LHS_03,physics,V40_CPLUS_E2_C5_2T,S10_HYBRID,displacement,Y,4.114709632160751,0.06661115736885893,0.06661115736885893,0.0,0.9953731298446655,0.0,True,True,496
R4_LHS_03,physics,V40_CPLUS_E2_C5_2T,S10,velocity,Y,1.4061213998069915,0.09991673605328841,0.09991673605328841,0.0,0.9821731448173523,-0.0030260432977229357,True,True,496
COMMON_B2,common,V40_CPLUS_E2_C5_2T,B2,displacement,Y,2.615210120366796,0.06661115736885893,0.06661115736885893,0.0,0.9993148446083069,0.0,True,True,496
R4_LHS_03,physics,V40_CPLUS_E2_C5_2T,S10_HYBRID,displacement,Z,4.771283090980988,0.06661115736885893,0.06661115736885893,0.0,0.9978722929954529,0.0,True,True,508
R4_LHS_03,physics,V40_CPLUS_E2_C5_2T,S10,velocity,Z,2.110437377773042,0.09991673605328841,0.09991673605328841,0.0,0.9960966110229492,-0.006067587994039059,True,True,508
COMMON_B2,common,V40_CPLUS_E2_C5_2T,B2,displacement,Z,6.194489345369334,0.06661115736885893,0.06661115736885893,0.0,0.9993525147438049,0.0,True,True,508
R4_LHS_03,physics,V40_C_E2_C5_2T,S10_HYBRID,displacement,X,1.862896255289201,1.1990008326394608,1.1990008326394608,0.0,0.9998779296875,0.0001880829076981172,True,True,496
R4_LHS_03,physics,V40_C_E2_C5_2T,S10,velocity,X,1.8067882300724085,2.0316402997501974,1.9650291423813386,0.06661115736885881,0.44121575355529785,0.6413562893867493,True,True,496
COMMON_B2,common,V40_C_E2_C5_2T,B2,displacement,X,1.6282171878899663,1.1990008326394608,1.1990008326394608,0.0,0.9999147653579712,-0.00012638414045795798,True,True,496
R4_LHS_03,physics,V40_C_E2_C5_2T,S10_HYBRID,displacement,Y,3.6489389150844733,0.06661115736885893,0.06661115736885893,0.0,0.9894693493843079,0.0,True,True,496
R4_LHS_03,physics,V40_C_E2_C5_2T,S10,velocity,Y,1.5347858677262247,0.09991673605328841,0.09991673605328841,0.0,0.9844938516616821,-0.015114863403141499,True,True,496
COMMON_B2,common,V40_C_E2_C5_2T,B2,displacement,Y,2.7002668966480385,0.06661115736885893,0.06661115736885893,0.0,0.9977213740348816,0.0,True,True,496
R4_LHS_03,physics,V40_C_E2_C5_2T,S10_HYBRID,displacement,Z,4.491427404406773,0.06661115736885893,0.06661115736885893,0.0,0.9947301745414734,0.0,True,True,508
R4_LHS_03,physics,V40_C_E2_C5_2T,S10,velocity,Z,2.1766131159465165,0.09991673605328841,0.09991673605328841,0.0,0.994975745677948,-0.011062144301831722,True,True,508
COMMON_B2,common,V40_C_E2_C5_2T,B2,displacement,Z,6.196833117104157,0.06661115736885893,0.06661115736885893,0.0,0.9973495602607727,0.0,True,True,508
R4_LHS_03,physics,V52_A_E2_C5_2T,S10_HYBRID,displacement,X,1.4727982814775198,1.1990008326394608,1.1990008326394608,0.0,0.9999618530273438,0.00021268517593853176,True,True,496
R4_LHS_03,physics,V52_A_E2_C5_2T,S10,velocity,X,2.362824752347392,0.16652789342214733,0.16652789342214733,0.0,0.9265257716178894,0.01906564272940159,True,True,496
COMMON_B2,common,V52_A_E2_C5_2T,B2,displacement,X,1.7599420937254011,1.1990008326394608,1.1990008326394608,0.0,0.999977171421051,0.00015340530080720782,True,True,496
R4_LHS_03,physics,V52_A_E2_C5_2T,S10_HYBRID,displacement,Y,2.607020563136427,0.06661115736885893,0.06661115736885893,0.0,0.9946178793907166,0.0,True,True,496
R4_LHS_03,physics,V52_A_E2_C5_2T,S10,velocity,Y,1.2016181498597482,0.13322231473771787,0.13322231473771787,0.0,0.97931969165802,0.006725423038005829,True,True,496
COMMON_B2,common,V52_A_E2_C5_2T,B2,displacement,Y,1.8303075276514191,0.06661115736885893,0.06661115736885893,0.0,0.998906672000885,0.0,True,True,496
R4_LHS_03,physics,V52_A_E2_C5_2T,S10_HYBRID,displacement,Z,3.5334708908733568,0.09991673605328841,0.09991673605328841,0.0,0.9986717700958252,0.009074908681213856,True,True,508
R4_LHS_03,physics,V52_A_E2_C5_2T,S10,velocity,Z,1.9473534998801487,0.13322231473771787,0.13322231473771787,0.0,0.9958500862121582,0.01567874848842621,True,True,508
COMMON_B2,common,V52_A_E2_C5_2T,B2,displacement,Z,4.885077830918226,0.09991673605328841,0.09991673605328841,0.0,0.9976585507392883,0.011935978196561337,True,True,508
R4_LHS_03,physics,V52_B_E2_C5_2T,S10_HYBRID,displacement,X,1.7137319074615918,1.1990008326394608,1.1990008326394608,0.0,0.9999502301216125,-3.208649286534637e-05,True,True,496
R4_LHS_03,physics,V52_B_E2_C5_2T,S10,velocity,X,1.7761132229809966,0.16652789342214733,0.16652789342214733,0.0,0.9278745055198669,0.01633342169225216,True,True,496
COMMON_B2,common,V52_B_E2_C5_2T,B2,displacement,X,1.5503934633178258,1.1990008326394608,1.1990008326394608,0.0,0.9999608397483826,-0.00012084307672921568,True,True,496
R4_LHS_03,physics,V52_B_E2_C5_2T,S10_HYBRID,displacement,Y,3.142003941700389,0.06661115736885893,0.06661115736885893,0.0,0.9938040971755981,0.0,True,True,496
R4_LHS_03,physics,V52_B_E2_C5_2T,S10,velocity,Y,1.345553411175426,0.13322231473771787,0.13322231473771787,0.0,0.9791314005851746,0.01903671957552433,True,True,496
COMMON_B2,common,V52_B_E2_C5_2T,B2,displacement,Y,2.358261456099908,0.06661115736885893,0.06661115736885893,0.0,0.9982010722160339,0.0,True,True,496
R4_LHS_03,physics,V52_B_E2_C5_2T,S10_HYBRID,displacement,Z,4.020179275287394,0.09991673605328841,0.09991673605328841,0.0,0.9976854920387268,-0.013520583510398865,True,True,508
R4_LHS_03,physics,V52_B_E2_C5_2T,S10,velocity,Z,1.919344622270657,0.13322231473771787,0.13322231473771787,0.0,0.9971365928649902,0.006902975030243397,True,True,508
COMMON_B2,common,V52_B_E2_C5_2T,B2,displacement,Z,5.855925247187453,0.09991673605328841,0.09991673605328841,0.0,0.9979722499847412,-0.010162964463233948,True,True,508
R4_LHS_03,physics,V52_CPLUS_E2_C5_2T,S10_HYBRID,displacement,X,2.2249658283882177,1.1990008326394608,1.1990008326394608,0.0,0.9998719096183777,-7.259885023813695e-05,True,True,496
R4_LHS_03,physics,V52_CPLUS_E2_C5_2T,S10,velocity,X,1.207780075338226,0.16652789342214733,0.16652789342214733,0.0,0.9287029504776001,-0.01660013012588024,True,True,496
COMMON_B2,common,V52_CPLUS_E2_C5_2T,B2,displacement,X,1.4117445141991412,1.1990008326394608,1.1990008326394608,0.0,0.9999009370803833,8.892072855815059e-07,True,True,496
R4_LHS_03,physics,V52_CPLUS_E2_C5_2T,S10_HYBRID,displacement,Y,3.882712924396762,0.06661115736885893,0.06661115736885893,0.0,0.9976486563682556,0.0,True,True,496
R4_LHS_03,physics,V52_CPLUS_E2_C5_2T,S10,velocity,Y,1.228302292901664,0.13322231473771787,0.13322231473771787,0.0,0.9717891812324524,-0.008438339456915855,True,True,496
COMMON_B2,common,V52_CPLUS_E2_C5_2T,B2,displacement,Y,2.665594424867973,0.06661115736885893,0.06661115736885893,0.0,0.9996706247329712,0.0,True,True,496
R4_LHS_03,physics,V52_CPLUS_E2_C5_2T,S10_HYBRID,displacement,Z,4.746230133437475,0.09991673605328841,0.09991673605328841,0.0,0.9994627833366394,-0.0014362800866365433,True,True,508
R4_LHS_03,physics,V52_CPLUS_E2_C5_2T,S10,velocity,Z,1.887109440435198,0.13322231473771787,0.13322231473771787,0.0,0.9958264231681824,0.006003064569085836,True,True,508
COMMON_B2,common,V52_CPLUS_E2_C5_2T,B2,displacement,Z,6.311207612290548,0.09991673605328841,0.09991673605328841,0.0,0.999579668045044,0.00814908929169178,True,True,508
R4_LHS_03,physics,V52_C_E2_C5_2T,S10_HYBRID,displacement,X,1.74459252036988,1.1990008326394608,1.1990008326394608,0.0,0.9999153017997742,-6.904260226292536e-05,True,True,496
R4_LHS_03,physics,V52_C_E2_C5_2T,S10,velocity,X,1.3993279571891002,0.16652789342214733,0.16652789342214733,0.0,0.9211318492889404,-0.014716860838234425,True,True,496
COMMON_B2,common,V52_C_E2_C5_2T,B2,displacement,X,1.5590919785385455,1.1990008326394608,1.1990008326394608,0.0,0.9999446272850037,-0.00012795817747246474,True,True,496
R4_LHS_03,physics,V52_C_E2_C5_2T,S10_HYBRID,displacement,Y,3.3796435113619094,0.06661115736885893,0.06661115736885893,0.0,0.9980356097221375,0.0,True,True,496
R4_LHS_03,physics,V52_C_E2_C5_2T,S10,velocity,Y,1.2457913854851623,0.13322231473771787,0.13322231473771787,0.0,0.9735900163650513,-0.008933012373745441,True,True,496
COMMON_B2,common,V52_C_E2_C5_2T,B2,displacement,Y,2.3645186332425006,0.06661115736885893,0.06661115736885893,0.0,0.9996358752250671,0.0,True,True,496
R4_LHS_03,physics,V52_C_E2_C5_2T,S10_HYBRID,displacement,Z,4.158172985715031,0.09991673605328841,0.09991673605328841,0.0,0.999521791934967,0.004542093724012375,True,True,508
R4_LHS_03,physics,V52_C_E2_C5_2T,S10,velocity,Z,2.022749879628643,0.13322231473771787,0.13322231473771787,0.0,0.9961115121841431,0.00464475154876709,True,True,508
COMMON_B2,common,V52_C_E2_C5_2T,B2,displacement,Z,5.874429549919218,0.09991673605328841,0.09991673605328841,0.0,0.9995617866516113,0.0029623114969581366,True,True,508
R4_LHS_03,physics,V40_A_E3_C6_1T,S10_HYBRID,displacement,X,2.1926332445189565,0.03330557868442947,0.03330557868442947,0.0,0.9684175252914429,0.0,True,True,496
R4_LHS_03,physics,V40_A_E3_C6_1T,S10,velocity,X,2.15629680472498,0.09991673605328841,0.09991673605328841,0.0,0.8206420540809631,0.021152745932340622,True,True,496
COMMON_B2,common,V40_A_E3_C6_1T,B2,displacement,X,1.7708254109469226,0.03330557868442947,0.03330557868442947,0.0,0.9829939603805542,0.0,True,True,496
R4_LHS_03,physics,V40_A_E3_C6_1T,S10_HYBRID,displacement,Y,0.5495842989718075,0.06661115736885893,0.06661115736885893,0.0,0.9635235071182251,0.0,True,True,496
R4_LHS_03,physics,V40_A_E3_C6_1T,S10,velocity,Y,1.756636436850699,0.06661115736885893,0.06661115736885893,0.0,0.927399218082428,0.0,True,True,496
COMMON_B2,common,V40_A_E3_C6_1T,B2,displacement,Y,0.9380543403211912,0.06661115736885893,0.06661115736885893,0.0,0.9904341697692871,0.0,True,True,496
R4_LHS_03,physics,V40_A_E3_C6_1T,S10_HYBRID,displacement,Z,0.3318930944185433,0.06661115736885893,0.06661115736885893,0.0,0.9833071827888489,0.0,True,True,508
R4_LHS_03,physics,V40_A_E3_C6_1T,S10,velocity,Z,3.0361691101974233,0.06661115736885893,0.06661115736885893,0.0,0.9906772971153259,0.0,True,True,508
COMMON_B2,common,V40_A_E3_C6_1T,B2,displacement,Z,1.1171514522196735,0.06661115736885893,0.06661115736885893,0.0,0.9812107682228088,0.0,True,True,508
R4_LHS_03,physics,V40_B_E3_C6_1T,S10_HYBRID,displacement,X,2.24209688110423,0.03330557868442947,0.03330557868442947,0.0,0.9660552144050598,0.0,True,True,496
R4_LHS_03,physics,V40_B_E3_C6_1T,S10,velocity,X,2.103994936369862,0.09991673605328841,0.09991673605328841,0.0,0.8630671501159668,0.0070780199021101,True,True,496
COMMON_B2,common,V40_B_E3_C6_1T,B2,displacement,X,1.4579022994949593,0.03330557868442947,0.03330557868442947,0.0,0.9785729646682739,0.0,True,True,496
R4_LHS_03,physics,V40_B_E3_C6_1T,S10_HYBRID,displacement,Y,0.6566897957736981,0.06661115736885893,0.06661115736885893,0.0,0.969318151473999,0.0,True,True,496
R4_LHS_03,physics,V40_B_E3_C6_1T,S10,velocity,Y,1.827031604615805,0.09991673605328841,0.09991673605328841,0.0,0.9596248865127563,0.016105271875858307,True,True,496
COMMON_B2,common,V40_B_E3_C6_1T,B2,displacement,Y,1.0090631891372295,0.06661115736885893,0.06661115736885893,0.0,0.9933763742446899,0.0,True,True,496
R4_LHS_03,physics,V40_B_E3_C6_1T,S10_HYBRID,displacement,Z,0.4818927108543493,0.06661115736885893,0.06661115736885893,0.0,0.9758243560791016,0.0,True,True,508
R4_LHS_03,physics,V40_B_E3_C6_1T,S10,velocity,Z,2.8168462648111783,0.06661115736885893,0.06661115736885893,0.0,0.9912123680114746,0.0,True,True,508
COMMON_B2,common,V40_B_E3_C6_1T,B2,displacement,Z,1.2651314144112098,0.06661115736885893,0.06661115736885893,0.0,0.98838871717453,0.0,True,True,508
R4_LHS_03,physics,V40_CPLUS_E3_C6_1T,S10_HYBRID,displacement,X,3.1319498062473876,0.03330557868442947,0.03330557868442947,0.0,0.9663109183311462,0.0,True,True,496
R4_LHS_03,physics,V40_CPLUS_E3_C6_1T,S10,velocity,X,1.6493211082738701,0.09991673605328841,0.09991673605328841,0.0,0.8412663340568542,0.008074095472693443,True,True,496
COMMON_B2,common,V40_CPLUS_E3_C6_1T,B2,displacement,X,1.9689432048535873,0.03330557868442947,0.03330557868442947,0.0,0.9793444871902466,0.0,True,True,496
R4_LHS_03,physics,V40_CPLUS_E3_C6_1T,S10_HYBRID,displacement,Y,1.1048522771773481,0.06661115736885893,0.06661115736885893,0.0,0.9706130027770996,0.0,True,True,496
R4_LHS_03,physics,V40_CPLUS_E3_C6_1T,S10,velocity,Y,1.6716792876164106,0.09991673605328841,0.09991673605328841,0.0,0.9571917057037354,-0.023367250338196754,True,True,496
COMMON_B2,common,V40_CPLUS_E3_C6_1T,B2,displacement,Y,1.244891347652322,0.06661115736885893,0.06661115736885893,0.0,0.9936861991882324,0.0,True,True,496
R4_LHS_03,physics,V40_CPLUS_E3_C6_1T,S10_HYBRID,displacement,Z,0.5630754332406385,0.06661115736885893,0.06661115736885893,0.0,0.9850261807441711,0.0,True,True,508
R4_LHS_03,physics,V40_CPLUS_E3_C6_1T,S10,velocity,Z,2.858363096959842,0.06661115736885893,0.06661115736885893,0.0,0.9936937093734741,0.0,True,True,508
COMMON_B2,common,V40_CPLUS_E3_C6_1T,B2,displacement,Z,1.5900794403623684,0.06661115736885893,0.06661115736885893,0.0,0.9911125302314758,0.0,True,True,508
R4_LHS_03,physics,V40_C_E3_C6_1T,S10_HYBRID,displacement,X,2.4006850090416196,0.03330557868442947,0.03330557868442947,0.0,0.9838489890098572,0.0,True,True,496
R4_LHS_03,physics,V40_C_E3_C6_1T,S10,velocity,X,1.7992191748127815,0.09991673605328841,0.09991673605328841,0.0,0.860768735408783,0.03544756770133972,True,True,496
COMMON_B2,common,V40_C_E3_C6_1T,B2,displacement,X,1.344580417254409,0.03330557868442947,0.03330557868442947,0.0,0.9831629395484924,0.0,True,True,496
R4_LHS_03,physics,V40_C_E3_C6_1T,S10_HYBRID,displacement,Y,0.7772643859509852,0.06661115736885893,0.06661115736885893,0.0,0.9858829379081726,0.0,True,True,496
R4_LHS_03,physics,V40_C_E3_C6_1T,S10,velocity,Y,1.6405898389936566,0.09991673605328841,0.09991673605328841,0.0,0.9584152698516846,0.019960129633545876,True,True,496
COMMON_B2,common,V40_C_E3_C6_1T,B2,displacement,Y,1.099069504400224,0.06661115736885893,0.06661115736885893,0.0,0.997665286064148,0.0,True,True,496
R4_LHS_03,physics,V40_C_E3_C6_1T,S10_HYBRID,displacement,Z,0.5341639557827061,0.06661115736885893,0.06661115736885893,0.0,0.9952833652496338,0.0,True,True,508
R4_LHS_03,physics,V40_C_E3_C6_1T,S10,velocity,Z,2.7625888153015734,0.06661115736885893,0.06661115736885893,0.0,0.989372193813324,0.0,True,True,508
COMMON_B2,common,V40_C_E3_C6_1T,B2,displacement,Z,1.3853901529574983,0.06661115736885893,0.06661115736885893,0.0,0.9973026514053345,0.0,True,True,508
R4_LHS_03,physics,V52_A_E3_C6_1T,S10_HYBRID,displacement,X,2.158340182218531,0.03330557868442947,0.03330557868442947,0.0,0.9828033447265625,0.0,True,True,496
R4_LHS_03,physics,V52_A_E3_C6_1T,S10,velocity,X,2.074661577794765,0.09991673605328841,0.09991673605328841,0.0,0.9163786172866821,0.006208679173141718,True,True,496
COMMON_B2,common,V52_A_E3_C6_1T,B2,displacement,X,1.2264456429172435,0.03330557868442947,0.03330557868442947,0.0,0.9960314035415649,0.0,True,True,496
R4_LHS_03,physics,V52_A_E3_C6_1T,S10_HYBRID,displacement,Y,0.6192179089588352,0.06661115736885893,0.06661115736885893,0.0,0.9883177876472473,0.0,True,True,496
R4_LHS_03,physics,V52_A_E3_C6_1T,S10,velocity,Y,2.360938548948061,0.09991673605328841,0.09991673605328841,0.0,0.9764039516448975,-0.009414575062692165,True,True,496
COMMON_B2,common,V52_A_E3_C6_1T,B2,displacement,Y,1.0090179103574204,0.06661115736885893,0.06661115736885893,0.0,0.9987080693244934,0.0,True,True,496
R4_LHS_03,physics,V52_A_E3_C6_1T,S10_HYBRID,displacement,Z,0.47699337016569815,0.06661115736885893,0.06661115736885893,0.0,0.9931968450546265,0.0,True,True,508
R4_LHS_03,physics,V52_A_E3_C6_1T,S10,velocity,Z,3.0048480318628146,0.09991673605328841,0.09991673605328841,0.0,0.9950546622276306,-0.007806611247360706,True,True,508
COMMON_B2,common,V52_A_E3_C6_1T,B2,displacement,Z,1.1739717061532617,0.06661115736885893,0.06661115736885893,0.0,0.9992312788963318,0.0,True,True,508
R4_LHS_03,physics,V52_B_E3_C6_1T,S10_HYBRID,displacement,X,2.7051512734904186,0.03330557868442947,0.03330557868442947,0.0,0.9818915128707886,0.0,True,True,496
R4_LHS_03,physics,V52_B_E3_C6_1T,S10,velocity,X,1.6614852871858672,0.09991673605328841,0.09991673605328841,0.0,0.9357603788375854,0.018262119963765144,True,True,496
COMMON_B2,common,V52_B_E3_C6_1T,B2,displacement,X,1.8398392508153238,0.03330557868442947,0.03330557868442947,0.0,0.9922442436218262,0.0,True,True,496
R4_LHS_03,physics,V52_B_E3_C6_1T,S10_HYBRID,displacement,Y,0.6601016226038503,0.06661115736885893,0.06661115736885893,0.0,0.9910226464271545,0.0,True,True,496
R4_LHS_03,physics,V52_B_E3_C6_1T,S10,velocity,Y,1.276118349849753,0.09991673605328841,0.09991673605328841,0.0,0.9724166393280029,-0.007315014488995075,True,True,496
COMMON_B2,common,V52_B_E3_C6_1T,B2,displacement,Y,1.1064162416237107,0.06661115736885893,0.06661115736885893,0.0,0.992743968963623,0.0,True,True,496
R4_LHS_03,physics,V52_B_E3_C6_1T,S10_HYBRID,displacement,Z,0.3552745460461803,0.06661115736885893,0.06661115736885893,0.0,0.9951757192611694,0.0,True,True,508
R4_LHS_03,physics,V52_B_E3_C6_1T,S10,velocity,Z,2.384061926247569,0.09991673605328841,0.09991673605328841,0.0,0.9950604438781738,-0.004475050140172243,True,True,508
COMMON_B2,common,V52_B_E3_C6_1T,B2,displacement,Z,1.4535503440265896,0.06661115736885893,0.06661115736885893,0.0,0.9934326410293579,0.0,True,True,508
R4_LHS_03,physics,V52_CPLUS_E3_C6_1T,S10_HYBRID,displacement,X,2.983388783993885,0.03330557868442947,0.03330557868442947,0.0,0.9827978610992432,0.0,True,True,496
R4_LHS_03,physics,V52_CPLUS_E3_C6_1T,S10,velocity,X,1.5202724223114,0.09991673605328841,0.13322231473771787,0.03330557868442946,0.9121037721633911,-0.022103551775217056,True,True,496
COMMON_B2,common,V52_CPLUS_E3_C6_1T,B2,displacement,X,1.619290194263318,0.03330557868442947,0.03330557868442947,0.0,0.9755395650863647,0.0,True,True,496
R4_LHS_03,physics,V52_CPLUS_E3_C6_1T,S10_HYBRID,displacement,Y,0.9057523211394376,0.06661115736885893,0.06661115736885893,0.0,0.9787429571151733,0.0,True,True,496
R4_LHS_03,physics,V52_CPLUS_E3_C6_1T,S10,velocity,Y,1.3505392107673575,0.13322231473771787,0.13322231473771787,0.0,0.9574273228645325,-0.011307025328278542,True,True,496
COMMON_B2,common,V52_CPLUS_E3_C6_1T,B2,displacement,Y,1.5158107127639042,0.06661115736885893,0.06661115736885893,0.0,0.9842947721481323,0.0,True,True,496
R4_LHS_03,physics,V52_CPLUS_E3_C6_1T,S10_HYBRID,displacement,Z,0.5954902382605702,0.06661115736885893,0.06661115736885893,0.0,0.9815545082092285,0.0,True,True,508
R4_LHS_03,physics,V52_CPLUS_E3_C6_1T,S10,velocity,Z,2.4325393264230954,0.09991673605328841,0.09991673605328841,0.0,0.9966534972190857,0.013909690082073212,True,True,508
COMMON_B2,common,V52_CPLUS_E3_C6_1T,B2,displacement,Z,1.8640605095730896,0.06661115736885893,0.06661115736885893,0.0,0.9904652237892151,0.0,True,True,508
R4_LHS_03,physics,V52_C_E3_C6_1T,S10_HYBRID,displacement,X,2.6778323602027543,0.03330557868442947,0.03330557868442947,0.0,0.978534460067749,0.0,True,True,496
R4_LHS_03,physics,V52_C_E3_C6_1T,S10,velocity,X,1.7474887734083824,0.09991673605328841,0.09991673605328841,0.0,0.9181076884269714,-0.008276536129415035,True,True,496
COMMON_B2,common,V52_C_E3_C6_1T,B2,displacement,X,1.4684045633896712,0.03330557868442947,0.03330557868442947,0.0,0.9708548784255981,0.0,True,True,496
R4_LHS_03,physics,V52_C_E3_C6_1T,S10_HYBRID,displacement,Y,0.7160288922778402,0.06661115736885893,0.06661115736885893,0.0,0.9793967008590698,0.0,True,True,496
R4_LHS_03,physics,V52_C_E3_C6_1T,S10,velocity,Y,1.559502776439635,0.09991673605328841,0.09991673605328841,0.0,0.965799868106842,-0.005640903487801552,True,True,496
COMMON_B2,common,V52_C_E3_C6_1T,B2,displacement,Y,1.2512861671396383,0.06661115736885893,0.06661115736885893,0.0,0.9766328930854797,0.0,True,True,496
R4_LHS_03,physics,V52_C_E3_C6_1T,S10_HYBRID,displacement,Z,0.49181464457941515,0.06661115736885893,0.06661115736885893,0.0,0.9865589141845703,0.0,True,True,508
R4_LHS_03,physics,V52_C_E3_C6_1T,S10,velocity,Z,2.614615770998689,0.09991673605328841,0.09991673605328841,0.0,0.9960992932319641,0.005502474959939718,True,True,508
COMMON_B2,common,V52_C_E3_C6_1T,B2,displacement,Z,1.547093919242337,0.06661115736885893,0.06661115736885893,0.0,0.9752338528633118,0.0,True,True,508
R4_LHS_03,physics,V40_A_E4_C7_1T,S10_HYBRID,displacement,X,1.6262956399890793,1.1990008326394608,1.1990008326394608,0.0,0.9999540448188782,0.00015281300875358284,True,True,496
R4_LHS_03,physics,V40_A_E4_C7_1T,S10,velocity,X,3.2755715124475318,0.09991673605328841,0.09991673605328841,0.0,0.8167035579681396,0.017450211569666862,True,True,496
COMMON_B2,common,V40_A_E4_C7_1T,B2,displacement,X,1.9350664912386977,1.1990008326394608,1.1990008326394608,0.0,0.9999774694442749,1.1511078810144681e-05,True,True,496
R4_LHS_03,physics,V40_A_E4_C7_1T,S10_HYBRID,displacement,Y,0.5297593183521874,0.06661115736885893,0.06661115736885893,0.0,0.9714653491973877,0.0,True,True,496
R4_LHS_03,physics,V40_A_E4_C7_1T,S10,velocity,Y,1.7234427697938453,0.06661115736885893,0.09991673605328841,0.033305578684429474,0.9108266234397888,0.0,True,True,496
COMMON_B2,common,V40_A_E4_C7_1T,B2,displacement,Y,0.970280546658393,0.06661115736885893,0.06661115736885893,0.0,0.9516881704330444,0.0,True,True,496
R4_LHS_03,physics,V40_A_E4_C7_1T,S10_HYBRID,displacement,Z,0.402326049222121,0.06661115736885893,0.06661115736885893,0.0,0.9754310846328735,0.0,True,True,508
R4_LHS_03,physics,V40_A_E4_C7_1T,S10,velocity,Z,2.8375250965509515,0.06661115736885893,0.06661115736885893,0.0,0.990698516368866,0.0,True,True,508
COMMON_B2,common,V40_A_E4_C7_1T,B2,displacement,Z,1.0619662670410335,0.06661115736885893,0.03330557868442947,0.03330557868442947,0.9294367432594299,0.0,True,True,508
R4_LHS_03,physics,V40_B_E4_C7_1T,S10_HYBRID,displacement,X,1.5635712700479456,1.1990008326394608,1.1990008326394608,0.0,0.9999193549156189,-0.0003913842374458909,True,True,496
R4_LHS_03,physics,V40_B_E4_C7_1T,S10,velocity,X,3.3110217645842934,1.9650291423813386,0.09991673605328841,1.8651124063280502,0.7163246870040894,0.8886789679527283,True,True,496
COMMON_B2,common,V40_B_E4_C7_1T,B2,displacement,X,1.8730160966029887,1.1990008326394608,1.1990008326394608,0.0,0.9999668002128601,-3.340857438161038e-05,True,True,496
R4_LHS_03,physics,V40_B_E4_C7_1T,S10_HYBRID,displacement,Y,0.6956468231127239,0.06661115736885893,0.06661115736885893,0.0,0.9856956601142883,0.0,True,True,496
R4_LHS_03,physics,V40_B_E4_C7_1T,S10,velocity,Y,1.5339444537771019,0.09991673605328841,0.09991673605328841,0.0,0.9594104886054993,0.008650029078125954,True,True,496
COMMON_B2,common,V40_B_E4_C7_1T,B2,displacement,Y,0.9910718797689557,0.06661115736885893,0.06661115736885893,0.0,0.9899121522903442,0.0,True,True,496
R4_LHS_03,physics,V40_B_E4_C7_1T,S10_HYBRID,displacement,Z,0.520754241821749,0.06661115736885893,0.06661115736885893,0.0,0.9953188896179199,0.0,True,True,508
R4_LHS_03,physics,V40_B_E4_C7_1T,S10,velocity,Z,2.7901131890661635,0.06661115736885893,0.06661115736885893,0.0,0.9918804168701172,0.0,True,True,508
COMMON_B2,common,V40_B_E4_C7_1T,B2,displacement,Z,1.265099531068355,0.06661115736885893,0.06661115736885893,0.0,0.9800576567649841,0.0,True,True,508
R4_LHS_03,physics,V40_CPLUS_E4_C7_1T,S10_HYBRID,displacement,X,1.683787434686641,1.1990008326394608,1.1990008326394608,0.0,0.9998556971549988,-0.00032461408409290016,True,True,496
R4_LHS_03,physics,V40_CPLUS_E4_C7_1T,S10,velocity,X,2.3611090471062375,0.09991673605328841,0.09991673605328841,0.0,0.8723316192626953,0.05058106407523155,True,True,496
COMMON_B2,common,V40_CPLUS_E4_C7_1T,B2,displacement,X,1.951261151918561,1.1990008326394608,1.1990008326394608,0.0,0.9999249577522278,0.0004148815933149308,True,True,496
R4_LHS_03,physics,V40_CPLUS_E4_C7_1T,S10_HYBRID,displacement,Y,1.0312344105331972,0.06661115736885893,0.06661115736885893,0.0,0.9831985831260681,0.0,True,True,496
R4_LHS_03,physics,V40_CPLUS_E4_C7_1T,S10,velocity,Y,1.272453139023771,0.09991673605328841,0.09991673605328841,0.0,0.9610259532928467,0.022728826850652695,True,True,496
COMMON_B2,common,V40_CPLUS_E4_C7_1T,B2,displacement,Y,1.3225277910216569,0.06661115736885893,0.06661115736885893,0.0,0.997931718826294,0.0,True,True,496
R4_LHS_03,physics,V40_CPLUS_E4_C7_1T,S10_HYBRID,displacement,Z,0.6899611757711495,0.06661115736885893,0.06661115736885893,0.0,0.9924516677856445,0.0,True,True,508
R4_LHS_03,physics,V40_CPLUS_E4_C7_1T,S10,velocity,Z,2.6099538466760857,0.06661115736885893,0.06661115736885893,0.0,0.989640474319458,0.0,True,True,508
COMMON_B2,common,V40_CPLUS_E4_C7_1T,B2,displacement,Z,1.6976868333679909,0.06661115736885893,0.06661115736885893,0.0,0.9955742359161377,0.0,True,True,508
R4_LHS_03,physics,V40_C_E4_C7_1T,S10_HYBRID,displacement,X,1.7191543688799589,1.1990008326394608,1.1990008326394608,0.0,0.9998959302902222,0.00011402747622923926,True,True,496
R4_LHS_03,physics,V40_C_E4_C7_1T,S10,velocity,X,2.5043966562976463,0.09991673605328841,0.09991673605328841,0.0,0.8579325079917908,0.03723153844475746,True,True,496
COMMON_B2,common,V40_C_E4_C7_1T,B2,displacement,X,1.9053286867803043,1.1990008326394608,1.1990008326394608,0.0,0.9999568462371826,0.0001633448846405372,True,True,496
R4_LHS_03,physics,V40_C_E4_C7_1T,S10_HYBRID,displacement,Y,0.8388592291808227,0.06661115736885893,0.06661115736885893,0.0,0.9873624444007874,0.0,True,True,496
R4_LHS_03,physics,V40_C_E4_C7_1T,S10,velocity,Y,1.3517230082007334,0.09991673605328841,0.09991673605328841,0.0,0.9661493897438049,0.006540507543832064,True,True,496
COMMON_B2,common,V40_C_E4_C7_1T,B2,displacement,Y,1.178848351287956,0.06661115736885893,0.06661115736885893,0.0,0.9968268871307373,0.0,True,True,496
R4_LHS_03,physics,V40_C_E4_C7_1T,S10_HYBRID,displacement,Z,0.5597256749381968,0.06661115736885893,0.06661115736885893,0.0,0.9949147701263428,0.0,True,True,508
R4_LHS_03,physics,V40_C_E4_C7_1T,S10,velocity,Z,2.455300826248589,0.06661115736885893,0.06661115736885893,0.0,0.9905703067779541,0.0,True,True,508
COMMON_B2,common,V40_C_E4_C7_1T,B2,displacement,Z,1.4205390289727866,0.06661115736885893,0.06661115736885893,0.0,0.9955540895462036,0.0,True,True,508
R4_LHS_03,physics,V52_A_E4_C7_1T,S10_HYBRID,displacement,X,1.6240314187732527,1.1990008326394608,1.1990008326394608,0.0,0.9999768733978271,-7.627972081536427e-05,True,True,496
R4_LHS_03,physics,V52_A_E4_C7_1T,S10,velocity,X,2.7711456464782525,1.998334721065768,0.09991673605328841,1.8984179850124796,0.4873064160346985,0.2177916318178177,True,True,496
COMMON_B2,common,V52_A_E4_C7_1T,B2,displacement,X,1.9892348249821372,1.1990008326394608,1.1990008326394608,0.0,0.9999914765357971,7.6215663284529e-05,True,True,496
R4_LHS_03,physics,V52_A_E4_C7_1T,S10_HYBRID,displacement,Y,0.5829008061952718,0.06661115736885893,0.06661115736885893,0.0,0.9836134314537048,0.0,True,True,496
R4_LHS_03,physics,V52_A_E4_C7_1T,S10,velocity,Y,1.4487866963445364,0.09991673605328841,0.09991673605328841,0.0,0.9616280794143677,-0.012180296704173088,True,True,496
COMMON_B2,common,V52_A_E4_C7_1T,B2,displacement,Y,1.0007735919443825,0.06661115736885893,0.06661115736885893,0.0,0.9980084896087646,0.0,True,True,496
R4_LHS_03,physics,V52_A_E4_C7_1T,S10_HYBRID,displacement,Z,0.36628739707950325,0.06661115736885893,0.06661115736885893,0.0,0.9902514219284058,0.0,True,True,508
R4_LHS_03,physics,V52_A_E4_C7_1T,S10,velocity,Z,2.555635452030175,0.09991673605328841,0.09991673605328841,0.0,0.9948684573173523,0.002559741260483861,True,True,508
COMMON_B2,common,V52_A_E4_C7_1T,B2,displacement,Z,1.2928800272751793,0.06661115736885893,0.06661115736885893,0.0,0.9981451034545898,0.0,True,True,508
R4_LHS_03,physics,V52_B_E4_C7_1T,S10_HYBRID,displacement,X,1.5237229009122244,1.1990008326394608,1.1990008326394608,0.0,0.9999644160270691,-0.0001690560020506382,True,True,496
R4_LHS_03,physics,V52_B_E4_C7_1T,S10,velocity,X,2.735338658137483,1.9650291423813386,1.998334721065768,0.033305578684429404,0.5668785572052002,0.5835549235343933,True,True,496
COMMON_B2,common,V52_B_E4_C7_1T,B2,displacement,X,1.8116346238690186,1.1990008326394608,1.1990008326394608,0.0,0.9999840259552002,5.596972187049687e-05,True,True,496
R4_LHS_03,physics,V52_B_E4_C7_1T,S10_HYBRID,displacement,Y,0.6530206447234731,0.06661115736885893,0.06661115736885893,0.0,0.981107771396637,0.0,True,True,496
R4_LHS_03,physics,V52_B_E4_C7_1T,S10,velocity,Y,1.4488754280372897,0.09991673605328841,0.09991673605328841,0.0,0.9754275679588318,-0.016545966267585754,True,True,496
COMMON_B2,common,V52_B_E4_C7_1T,B2,displacement,Y,1.099390720090887,0.06661115736885893,0.06661115736885893,0.0,0.9852533936500549,0.0,True,True,496
R4_LHS_03,physics,V52_B_E4_C7_1T,S10_HYBRID,displacement,Z,0.519945106435826,0.06661115736885893,0.06661115736885893,0.0,0.9923345446586609,0.0,True,True,508
R4_LHS_03,physics,V52_B_E4_C7_1T,S10,velocity,Z,2.4299286804571185,0.09991673605328841,0.09991673605328841,0.0,0.9941067695617676,-0.009518403559923172,True,True,508
COMMON_B2,common,V52_B_E4_C7_1T,B2,displacement,Z,1.3815567811273077,0.06661115736885893,0.06661115736885893,0.0,0.9883496165275574,0.0,True,True,508
R4_LHS_03,physics,V52_CPLUS_E4_C7_1T,S10_HYBRID,displacement,X,1.652497911531294,1.1990008326394608,1.1990008326394608,0.0,0.9999118447303772,2.4271401343867183e-05,True,True,496
R4_LHS_03,physics,V52_CPLUS_E4_C7_1T,S10,velocity,X,1.9532610011662146,0.09991673605328841,0.13322231473771787,0.03330557868442946,0.9328335523605347,-0.02388695254921913,True,True,496
COMMON_B2,common,V52_CPLUS_E4_C7_1T,B2,displacement,X,1.6109427737773152,1.1990008326394608,1.1990008326394608,0.0,0.9999619722366333,0.00023312584380619228,True,True,496
R4_LHS_03,physics,V52_CPLUS_E4_C7_1T,S10_HYBRID,displacement,Y,1.062230644100313,0.06661115736885893,0.06661115736885893,0.0,0.9825950264930725,0.0,True,True,496
R4_LHS_03,physics,V52_CPLUS_E4_C7_1T,S10,velocity,Y,1.193419881133316,0.13322231473771787,0.13322231473771787,0.0,0.971489667892456,-0.011498009786009789,True,True,496
COMMON_B2,common,V52_CPLUS_E4_C7_1T,B2,displacement,Y,1.2103995385881419,0.06661115736885893,0.06661115736885893,0.0,0.9951395988464355,0.0,True,True,496
R4_LHS_03,physics,V52_CPLUS_E4_C7_1T,S10_HYBRID,displacement,Z,0.7226801444728331,0.06661115736885893,0.06661115736885893,0.0,0.986329197883606,0.0,True,True,508
R4_LHS_03,physics,V52_CPLUS_E4_C7_1T,S10,velocity,Z,1.9979363222799047,0.09991673605328841,0.09991673605328841,0.0,0.9951985478401184,0.011272849515080452,True,True,508
COMMON_B2,common,V52_CPLUS_E4_C7_1T,B2,displacement,Z,1.6541273699338148,0.06661115736885893,0.06661115736885893,0.0,0.9997683763504028,0.0,True,True,508
R4_LHS_03,physics,V52_C_E4_C7_1T,S10_HYBRID,displacement,X,1.6005576996102737,1.1990008326394608,1.1990008326394608,0.0,0.9999526143074036,-0.00020955792570021003,True,True,496
R4_LHS_03,physics,V52_C_E4_C7_1T,S10,velocity,X,2.0776176638464956,1.998334721065768,0.09991673605328841,1.8984179850124796,0.3742837607860565,-0.2513188123703003,True,True,496
COMMON_B2,common,V52_C_E4_C7_1T,B2,displacement,X,1.5990623183087938,1.1990008326394608,1.1990008326394608,0.0,0.9999765753746033,0.0001275122194783762,True,True,496
R4_LHS_03,physics,V52_C_E4_C7_1T,S10_HYBRID,displacement,Y,0.7884889360691546,0.06661115736885893,0.06661115736885893,0.0,0.9802531599998474,0.0,True,True,496
R4_LHS_03,physics,V52_C_E4_C7_1T,S10,velocity,Y,1.402870804147947,0.09991673605328841,0.09991673605328841,0.0,0.9745643138885498,-0.016296396031975746,True,True,496
COMMON_B2,common,V52_C_E4_C7_1T,B2,displacement,Y,1.1710407954712656,0.06661115736885893,0.06661115736885893,0.0,0.9867685437202454,0.0,True,True,496
R4_LHS_03,physics,V52_C_E4_C7_1T,S10_HYBRID,displacement,Z,0.5952450803939435,0.06661115736885893,0.06661115736885893,0.0,0.9918855428695679,0.0,True,True,508
R4_LHS_03,physics,V52_C_E4_C7_1T,S10,velocity,Z,2.409698299408364,0.09991673605328841,0.09991673605328841,0.0,0.9950346350669861,-0.012246975675225258,True,True,508
COMMON_B2,common,V52_C_E4_C7_1T,B2,displacement,Z,1.4804258775109553,0.06661115736885893,0.06661115736885893,0.0,0.9905516505241394,0.0,True,True,508
R4_LHS_03,physics,V40_A_E5_C9_1T,S10_HYBRID,displacement,X,1.537965532598197,1.1990008326394608,1.1990008326394608,0.0,0.9999452829360962,0.0011146918404847383,True,True,496
R4_LHS_03,physics,V40_A_E5_C9_1T,S10,velocity,X,2.9109163377395877,1.931723563696909,0.09991673605328841,1.8318068276436206,0.7011087536811829,-0.20851987600326538,True,True,496
COMMON_B2,common,V40_A_E5_C9_1T,B2,displacement,X,1.873473646289041,1.1990008326394608,1.1990008326394608,0.0,0.9999768733978271,0.0004501039220485836,True,True,496
R4_LHS_03,physics,V40_A_E5_C9_1T,S10_HYBRID,displacement,Y,0.5912250118403447,0.06661115736885893,0.06661115736885893,0.0,0.9103585481643677,0.0,True,True,496
R4_LHS_03,physics,V40_A_E5_C9_1T,S10,velocity,Y,1.5502895437107316,0.06661115736885893,0.06661115736885893,0.0,0.9005581736564636,0.0,True,True,496
COMMON_B2,common,V40_A_E5_C9_1T,B2,displacement,Y,0.932809766050983,0.06661115736885893,0.06661115736885893,0.0,0.9386386871337891,0.0,True,True,496
R4_LHS_03,physics,V40_A_E5_C9_1T,S10_HYBRID,displacement,Z,0.4523121299755792,0.06661115736885893,0.06661115736885893,0.0,0.8995298743247986,0.0,True,True,508
R4_LHS_03,physics,V40_A_E5_C9_1T,S10,velocity,Z,2.7279063117401052,0.06661115736885893,0.06661115736885893,0.0,0.9898603558540344,0.0,True,True,508
COMMON_B2,common,V40_A_E5_C9_1T,B2,displacement,Z,1.049752252858122,0.06661115736885893,0.06661115736885893,0.0,0.9118310213088989,0.0,True,True,508
R4_LHS_03,physics,V40_B_E5_C9_1T,S10_HYBRID,displacement,X,1.5951208707776612,1.1990008326394608,1.1990008326394608,0.0,0.9999198913574219,0.0011167424963787198,True,True,496
R4_LHS_03,physics,V40_B_E5_C9_1T,S10,velocity,X,2.665976557660733,1.931723563696909,0.09991673605328841,1.8318068276436206,0.6505815386772156,-0.0729343444108963,True,True,496
COMMON_B2,common,V40_B_E5_C9_1T,B2,displacement,X,2.1843966323197477,1.1990008326394608,1.1990008326394608,0.0,0.99996417760849,0.0005349507555365562,True,True,496
R4_LHS_03,physics,V40_B_E5_C9_1T,S10_HYBRID,displacement,Y,0.6828748499649391,0.06661115736885893,0.06661115736885893,0.0,0.9412717223167419,0.0,True,True,496
R4_LHS_03,physics,V40_B_E5_C9_1T,S10,velocity,Y,1.3782338689497742,0.09991673605328841,0.09991673605328841,0.0,0.9592399597167969,0.0032067333813756704,True,True,496
COMMON_B2,common,V40_B_E5_C9_1T,B2,displacement,Y,0.9960200129004065,0.06661115736885893,0.06661115736885893,0.0,0.9591683149337769,0.0,True,True,496
R4_LHS_03,physics,V40_B_E5_C9_1T,S10_HYBRID,displacement,Z,0.48522460253489624,0.06661115736885893,0.06661115736885893,0.0,0.9234718084335327,0.0,True,True,508
R4_LHS_03,physics,V40_B_E5_C9_1T,S10,velocity,Z,2.634231129051321,0.06661115736885893,0.06661115736885893,0.0,0.991749107837677,0.0,True,True,508
COMMON_B2,common,V40_B_E5_C9_1T,B2,displacement,Z,1.2111796615818002,0.06661115736885893,0.06661115736885893,0.0,0.9249715805053711,0.0,True,True,508
R4_LHS_03,physics,V40_CPLUS_E5_C9_1T,S10_HYBRID,displacement,X,1.8883830876466088,1.1990008326394608,1.1990008326394608,0.0,0.9998085498809814,0.00011736711167031899,True,True,496
R4_LHS_03,physics,V40_CPLUS_E5_C9_1T,S10,velocity,X,2.1511629449489718,0.09991673605328841,0.09991673605328841,0.0,0.8697939515113831,-0.008993895724415779,True,True,496
COMMON_B2,common,V40_CPLUS_E5_C9_1T,B2,displacement,X,1.771654902679117,1.1990008326394608,1.1990008326394608,0.0,0.9999192357063293,0.00046681766980327666,True,True,496
R4_LHS_03,physics,V40_CPLUS_E5_C9_1T,S10_HYBRID,displacement,Y,1.1200003622130796,0.06661115736885893,0.06661115736885893,0.0,0.9753884077072144,0.0,True,True,496
R4_LHS_03,physics,V40_CPLUS_E5_C9_1T,S10,velocity,Y,1.3590769993495149,0.09991673605328841,0.09991673605328841,0.0,0.9538267850875854,0.0022700524423271418,True,True,496
COMMON_B2,common,V40_CPLUS_E5_C9_1T,B2,displacement,Y,1.253964728962752,0.06661115736885893,0.06661115736885893,0.0,0.9906795620918274,0.0,True,True,496
R4_LHS_03,physics,V40_CPLUS_E5_C9_1T,S10_HYBRID,displacement,Z,0.7001302443763996,0.06661115736885893,0.06661115736885893,0.0,0.9927203059196472,0.0,True,True,508
R4_LHS_03,physics,V40_CPLUS_E5_C9_1T,S10,velocity,Z,2.5456780209727268,0.06661115736885893,0.06661115736885893,0.0,0.9947960376739502,0.0,True,True,508
COMMON_B2,common,V40_CPLUS_E5_C9_1T,B2,displacement,Z,1.5610966601522245,0.06661115736885893,0.06661115736885893,0.0,0.9664943218231201,0.0,True,True,508
R4_LHS_03,physics,V40_C_E5_C9_1T,S10_HYBRID,displacement,X,1.8030571838969318,1.1990008326394608,1.1990008326394608,0.0,0.9998965859413147,-2.7242282158113085e-05,True,True,496
R4_LHS_03,physics,V40_C_E5_C9_1T,S10,velocity,X,2.301370403949512,0.09991673605328841,0.09991673605328841,0.0,0.8587861657142639,0.04292532429099083,True,True,496
COMMON_B2,common,V40_C_E5_C9_1T,B2,displacement,X,1.868805121316317,1.1990008326394608,1.1990008326394608,0.0,0.9999569654464722,8.885018178261817e-05,True,True,496
R4_LHS_03,physics,V40_C_E5_C9_1T,S10_HYBRID,displacement,Y,0.819831834768082,0.06661115736885893,0.06661115736885893,0.0,0.9853680729866028,0.0,True,True,496
R4_LHS_03,physics,V40_C_E5_C9_1T,S10,velocity,Y,1.3815263055205198,0.09991673605328841,0.09991673605328841,0.0,0.9608238935470581,0.016703087836503983,True,True,496
COMMON_B2,common,V40_C_E5_C9_1T,B2,displacement,Y,1.1456558992679566,0.06661115736885893,0.06661115736885893,0.0,0.9930978417396545,0.0,True,True,496
R4_LHS_03,physics,V40_C_E5_C9_1T,S10_HYBRID,displacement,Z,0.5707431770746388,0.06661115736885893,0.06661115736885893,0.0,0.992441713809967,0.0,True,True,508
R4_LHS_03,physics,V40_C_E5_C9_1T,S10,velocity,Z,2.67145151468589,0.06661115736885893,0.06661115736885893,0.0,0.9898427128791809,0.0,True,True,508
COMMON_B2,common,V40_C_E5_C9_1T,B2,displacement,Z,1.4720675870419777,0.06661115736885893,0.06661115736885893,0.0,0.9777554273605347,0.0,True,True,508
R4_LHS_03,physics,V52_A_E5_C9_1T,S10_HYBRID,displacement,X,1.5073054004537494,1.1990008326394608,1.1990008326394608,0.0,0.9999749064445496,-0.00016535690519958735,True,True,496
R4_LHS_03,physics,V52_A_E5_C9_1T,S10,velocity,X,2.8120880714501557,0.09991673605328841,0.09991673605328841,0.0,0.8996657133102417,0.004926918540149927,True,True,496
COMMON_B2,common,V52_A_E5_C9_1T,B2,displacement,X,1.880108346037949,1.1990008326394608,1.1990008326394608,0.0,0.9999892711639404,3.737287624971941e-05,True,True,496
R4_LHS_03,physics,V52_A_E5_C9_1T,S10_HYBRID,displacement,Y,0.584478606453109,0.06661115736885893,0.06661115736885893,0.0,0.9860331416130066,0.0,True,True,496
R4_LHS_03,physics,V52_A_E5_C9_1T,S10,velocity,Y,1.3515736354798136,0.09991673605328841,0.09991673605328841,0.0,0.9569848775863647,-0.0055364444851875305,True,True,496
COMMON_B2,common,V52_A_E5_C9_1T,B2,displacement,Y,0.8842077866223101,0.06661115736885893,0.06661115736885893,0.0,0.9951568245887756,0.0,True,True,496
R4_LHS_03,physics,V52_A_E5_C9_1T,S10_HYBRID,displacement,Z,0.389945331840497,0.06661115736885893,0.06661115736885893,0.0,0.9956555962562561,0.0,True,True,508
R4_LHS_03,physics,V52_A_E5_C9_1T,S10,velocity,Z,2.4739584373148222,0.09991673605328841,0.09991673605328841,0.0,0.9939980506896973,0.0060738371685147285,True,True,508
COMMON_B2,common,V52_A_E5_C9_1T,B2,displacement,Z,1.0917867482357602,0.06661115736885893,0.06661115736885893,0.0,0.994627833366394,0.0,True,True,508
R4_LHS_03,physics,V52_B_E5_C9_1T,S10_HYBRID,displacement,X,1.3835438553169621,1.1990008326394608,1.1990008326394608,0.0,0.9999688267707825,-0.0001542404352221638,True,True,496
R4_LHS_03,physics,V52_B_E5_C9_1T,S10,velocity,X,2.0482313459694934,0.09991673605328841,0.13322231473771787,0.03330557868442946,0.9283811450004578,0.010950660333037376,True,True,496
COMMON_B2,common,V52_B_E5_C9_1T,B2,displacement,X,1.8931824788780605,1.1990008326394608,1.1990008326394608,0.0,0.9999825358390808,8.715334115549922e-05,True,True,496
R4_LHS_03,physics,V52_B_E5_C9_1T,S10_HYBRID,displacement,Y,0.7783111706656858,0.06661115736885893,0.06661115736885893,0.0,0.989007830619812,0.0,True,True,496
R4_LHS_03,physics,V52_B_E5_C9_1T,S10,velocity,Y,1.0642392628347839,0.09991673605328841,0.09991673605328841,0.0,0.9722759127616882,-0.00022601311502512544,True,True,496
COMMON_B2,common,V52_B_E5_C9_1T,B2,displacement,Y,1.0538696612206278,0.06661115736885893,0.06661115736885893,0.0,0.9887136816978455,0.0,True,True,496
R4_LHS_03,physics,V52_B_E5_C9_1T,S10_HYBRID,displacement,Z,0.6064585260056832,0.06661115736885893,0.06661115736885893,0.0,0.9976183772087097,0.0,True,True,508
R4_LHS_03,physics,V52_B_E5_C9_1T,S10,velocity,Z,1.789733434169069,0.09991673605328841,0.09991673605328841,0.0,0.9958188533782959,0.002480659866705537,True,True,508
COMMON_B2,common,V52_B_E5_C9_1T,B2,displacement,Z,1.2920686871461704,0.06661115736885893,0.06661115736885893,0.0,0.9882405400276184,0.0,True,True,508
R4_LHS_03,physics,V52_CPLUS_E5_C9_1T,S10_HYBRID,displacement,X,1.8301433761511763,1.1990008326394608,1.1990008326394608,0.0,0.9999165534973145,-0.00015126707148738205,True,True,496
R4_LHS_03,physics,V52_CPLUS_E5_C9_1T,S10,velocity,X,1.7626936085512637,0.09991673605328841,0.09991673605328841,0.0,0.8878207206726074,-0.03048769384622574,True,True,496
COMMON_B2,common,V52_CPLUS_E5_C9_1T,B2,displacement,X,1.7041608838866245,1.1990008326394608,1.1990008326394608,0.0,0.9999539852142334,0.00034399188007228076,True,True,496
R4_LHS_03,physics,V52_CPLUS_E5_C9_1T,S10_HYBRID,displacement,Y,1.1088037825340615,0.06661115736885893,0.06661115736885893,0.0,0.979041576385498,0.0,True,True,496
R4_LHS_03,physics,V52_CPLUS_E5_C9_1T,S10,velocity,Y,1.2458191060630412,0.13322231473771787,0.09991673605328841,0.03330557868442946,0.9760158658027649,-0.017618564888834953,True,True,496
COMMON_B2,common,V52_CPLUS_E5_C9_1T,B2,displacement,Y,1.2462729385882148,0.06661115736885893,0.06661115736885893,0.0,0.990106999874115,0.0,True,True,496
R4_LHS_03,physics,V52_CPLUS_E5_C9_1T,S10_HYBRID,displacement,Z,0.7435767006318265,0.06661115736885893,0.06661115736885893,0.0,0.9946647882461548,0.0,True,True,508
R4_LHS_03,physics,V52_CPLUS_E5_C9_1T,S10,velocity,Z,1.8822762578027625,0.09991673605328841,0.09991673605328841,0.0,0.9946506023406982,-0.012596086598932743,True,True,508
COMMON_B2,common,V52_CPLUS_E5_C9_1T,B2,displacement,Z,1.676776234664904,0.06661115736885893,0.06661115736885893,0.0,0.9948225021362305,0.0,True,True,508
R4_LHS_03,physics,V52_C_E5_C9_1T,S10_HYBRID,displacement,X,1.703858824275857,1.1990008326394608,1.1990008326394608,0.0,0.9999500513076782,0.00013145063712727278,True,True,496
R4_LHS_03,physics,V52_C_E5_C9_1T,S10,velocity,X,2.2937053496589135,0.09991673605328841,0.09991673605328841,0.0,0.9283300042152405,0.0014222020981833339,True,True,496
COMMON_B2,common,V52_C_E5_C9_1T,B2,displacement,X,1.8694504172596489,1.1990008326394608,1.1990008326394608,0.0,0.999975860118866,-5.4151754738995805e-05,True,True,496
R4_LHS_03,physics,V52_C_E5_C9_1T,S10_HYBRID,displacement,Y,0.8326226856184744,0.06661115736885893,0.06661115736885893,0.0,0.985266387462616,0.0,True,True,496
R4_LHS_03,physics,V52_C_E5_C9_1T,S10,velocity,Y,1.2314862573661411,0.09991673605328841,0.13322231473771787,0.03330557868442946,0.9678065180778503,-0.012779537588357925,True,True,496
COMMON_B2,common,V52_C_E5_C9_1T,B2,displacement,Y,0.9904280627472349,0.06661115736885893,0.06661115736885893,0.0,0.9906874895095825,0.0,True,True,496
R4_LHS_03,physics,V52_C_E5_C9_1T,S10_HYBRID,displacement,Z,0.6281757307528094,0.06661115736885893,0.06661115736885893,0.0,0.9878835678100586,0.0,True,True,508
R4_LHS_03,physics,V52_C_E5_C9_1T,S10,velocity,Z,2.2622049173965713,0.09991673605328841,0.09991673605328841,0.0,0.9964541792869568,0.005143927410244942,True,True,508
COMMON_B2,common,V52_C_E5_C9_1T,B2,displacement,Z,1.2202474343024425,0.06661115736885893,0.06661115736885893,0.0,0.9938294291496277,0.0,True,True,508
R4_LHS_03,physics,V40_A_E6_C10_1T,S10_HYBRID,displacement,X,1.9504546141963925,0.03330557868442947,0.03330557868442947,0.0,0.9760168194770813,0.0,True,True,496
R4_LHS_03,physics,V40_A_E6_C10_1T,S10,velocity,X,2.4707017366212423,0.09991673605328841,0.09991673605328841,0.0,0.8289106488227844,0.014356939122080803,True,True,496
COMMON_B2,common,V40_A_E6_C10_1T,B2,displacement,X,1.5179943223968873,0.03330557868442947,0.03330557868442947,0.0,0.9835480451583862,0.0,True,True,496
R4_LHS_03,physics,V40_A_E6_C10_1T,S10_HYBRID,displacement,Y,0.5506430194436703,0.06661115736885893,0.06661115736885893,0.0,0.976474404335022,0.0,True,True,496
R4_LHS_03,physics,V40_A_E6_C10_1T,S10,velocity,Y,2.0208431938428344,0.06661115736885893,0.06661115736885893,0.0,0.9109624028205872,0.0,True,True,496
COMMON_B2,common,V40_A_E6_C10_1T,B2,displacement,Y,0.870084154340313,0.06661115736885893,0.06661115736885893,0.0,0.9897640347480774,0.0,True,True,496
R4_LHS_03,physics,V40_A_E6_C10_1T,S10_HYBRID,displacement,Z,0.3839058385122269,0.06661115736885893,0.06661115736885893,0.0,0.9955169558525085,0.0,True,True,508
R4_LHS_03,physics,V40_A_E6_C10_1T,S10,velocity,Z,3.22809160249748,0.06661115736885893,0.06661115736885893,0.0,0.9919294118881226,0.0,True,True,508
COMMON_B2,common,V40_A_E6_C10_1T,B2,displacement,Z,1.0313453457454567,0.06661115736885893,0.06661115736885893,0.0,0.9763076901435852,0.0,True,True,508
R4_LHS_03,physics,V40_B_E6_C10_1T,S10_HYBRID,displacement,X,1.9854544773245695,0.03330557868442947,0.03330557868442947,0.0,0.9852831363677979,0.0,True,True,496
R4_LHS_03,physics,V40_B_E6_C10_1T,S10,velocity,X,1.9236028100857507,0.09991673605328841,0.09991673605328841,0.0,0.8614593148231506,0.031261712312698364,True,True,496
COMMON_B2,common,V40_B_E6_C10_1T,B2,displacement,X,1.2938321151264511,0.03330557868442947,0.03330557868442947,0.0,0.9851725101470947,0.0,True,True,496
R4_LHS_03,physics,V40_B_E6_C10_1T,S10_HYBRID,displacement,Y,0.6076127948193132,0.06661115736885893,0.06661115736885893,0.0,0.985811173915863,0.0,True,True,496
R4_LHS_03,physics,V40_B_E6_C10_1T,S10,velocity,Y,1.6108841986332543,0.09991673605328841,0.09991673605328841,0.0,0.9563691020011902,0.03813658654689789,True,True,496
COMMON_B2,common,V40_B_E6_C10_1T,B2,displacement,Y,0.9604086927665472,0.06661115736885893,0.06661115736885893,0.0,0.9926930069923401,0.0,True,True,496
R4_LHS_03,physics,V40_B_E6_C10_1T,S10_HYBRID,displacement,Z,0.4248048862856378,0.06661115736885893,0.06661115736885893,0.0,0.9936051964759827,0.0,True,True,508
R4_LHS_03,physics,V40_B_E6_C10_1T,S10,velocity,Z,2.4501121943346345,0.06661115736885893,0.06661115736885893,0.0,0.9899734258651733,0.0,True,True,508
COMMON_B2,common,V40_B_E6_C10_1T,B2,displacement,Z,1.245349435581968,0.06661115736885893,0.06661115736885893,0.0,0.9775014519691467,0.0,True,True,508
R4_LHS_03,physics,V40_CPLUS_E6_C10_1T,S10_HYBRID,displacement,X,3.145862316199456,0.03330557868442947,0.03330557868442947,0.0,0.9601923227310181,0.0,True,True,496
R4_LHS_03,physics,V40_CPLUS_E6_C10_1T,S10,velocity,X,1.954229413600053,0.09991673605328841,0.09991673605328841,0.0,0.838064968585968,0.006342976354062557,True,True,496
COMMON_B2,common,V40_CPLUS_E6_C10_1T,B2,displacement,X,1.9231220131959266,0.03330557868442947,0.03330557868442947,0.0,0.9744915962219238,0.0,True,True,496
R4_LHS_03,physics,V40_CPLUS_E6_C10_1T,S10_HYBRID,displacement,Y,1.088972627269936,0.06661115736885893,0.06661115736885893,0.0,0.9624322652816772,0.0,True,True,496
R4_LHS_03,physics,V40_CPLUS_E6_C10_1T,S10,velocity,Y,2.0269969891634396,0.09991673605328841,0.09991673605328841,0.0,0.9586178064346313,-0.019067304208874702,True,True,496
COMMON_B2,common,V40_CPLUS_E6_C10_1T,B2,displacement,Y,1.256563815465998,0.06661115736885893,0.06661115736885893,0.0,0.9888038635253906,0.0,True,True,496
R4_LHS_03,physics,V40_CPLUS_E6_C10_1T,S10_HYBRID,displacement,Z,0.5578854784143515,0.06661115736885893,0.06661115736885893,0.0,0.9754928350448608,0.0,True,True,508
R4_LHS_03,physics,V40_CPLUS_E6_C10_1T,S10,velocity,Z,3.0099095533762,0.06661115736885893,0.06661115736885893,0.0,0.9937906265258789,0.0,True,True,508
COMMON_B2,common,V40_CPLUS_E6_C10_1T,B2,displacement,Z,1.5906029693554453,0.06661115736885893,0.06661115736885893,0.0,0.985782265663147,0.0,True,True,508
R4_LHS_03,physics,V40_C_E6_C10_1T,S10_HYBRID,displacement,X,2.7773987569372762,0.03330557868442947,0.03330557868442947,0.0,0.9627684354782104,0.0,True,True,496
R4_LHS_03,physics,V40_C_E6_C10_1T,S10,velocity,X,2.1763378360483805,0.09991673605328841,0.09991673605328841,0.0,0.8500181436538696,0.0010241370182484388,True,True,496
COMMON_B2,common,V40_C_E6_C10_1T,B2,displacement,X,1.9395181902686451,0.03330557868442947,0.03330557868442947,0.0,0.9697835445404053,0.0,True,True,496
R4_LHS_03,physics,V40_C_E6_C10_1T,S10_HYBRID,displacement,Y,0.8485850324117518,0.06661115736885893,0.06661115736885893,0.0,0.9645301103591919,0.0,True,True,496
R4_LHS_03,physics,V40_C_E6_C10_1T,S10,velocity,Y,2.219835594619958,0.09991673605328841,0.09991673605328841,0.0,0.9614308476448059,-0.017457140609622,True,True,496
COMMON_B2,common,V40_C_E6_C10_1T,B2,displacement,Y,1.1686649010370034,0.06661115736885893,0.06661115736885893,0.0,0.9853692054748535,0.0,True,True,496
R4_LHS_03,physics,V40_C_E6_C10_1T,S10_HYBRID,displacement,Z,0.4399692666942893,0.06661115736885893,0.06661115736885893,0.0,0.9797108769416809,0.0,True,True,508
R4_LHS_03,physics,V40_C_E6_C10_1T,S10,velocity,Z,3.144681026472393,0.06661115736885893,0.06661115736885893,0.0,0.9924778938293457,0.0,True,True,508
COMMON_B2,common,V40_C_E6_C10_1T,B2,displacement,Z,1.4690596995864422,0.06661115736885893,0.06661115736885893,0.0,0.9739557504653931,0.0,True,True,508
R4_LHS_03,physics,V52_A_E6_C10_1T,S10_HYBRID,displacement,X,2.041925531005464,0.03330557868442947,0.03330557868442947,0.0,0.9839686155319214,0.0,True,True,496
R4_LHS_03,physics,V52_A_E6_C10_1T,S10,velocity,X,2.40607142181762,0.09991673605328841,0.13322231473771787,0.03330557868442946,0.897774875164032,-0.007322491612285376,True,True,496
COMMON_B2,common,V52_A_E6_C10_1T,B2,displacement,X,1.300259844697552,0.03330557868442947,0.03330557868442947,0.0,0.9778282642364502,0.0,True,True,496
R4_LHS_03,physics,V52_A_E6_C10_1T,S10_HYBRID,displacement,Y,0.5093148669292012,0.06661115736885893,0.06661115736885893,0.0,0.9855166077613831,0.0,True,True,496
R4_LHS_03,physics,V52_A_E6_C10_1T,S10,velocity,Y,1.871970110945504,0.09991673605328841,0.09991673605328841,0.0,0.9641698598861694,-0.0030906947795301676,True,True,496
COMMON_B2,common,V52_A_E6_C10_1T,B2,displacement,Y,0.9854330537453652,0.06661115736885893,0.06661115736885893,0.0,0.9804860949516296,0.0,True,True,496
R4_LHS_03,physics,V52_A_E6_C10_1T,S10_HYBRID,displacement,Z,0.3431132875557205,0.06661115736885893,0.06661115736885893,0.0,0.996570348739624,0.0,True,True,508
R4_LHS_03,physics,V52_A_E6_C10_1T,S10,velocity,Z,3.213647119744892,0.09991673605328841,0.09991673605328841,0.0,0.9960030317306519,-0.0028347615152597427,True,True,508
COMMON_B2,common,V52_A_E6_C10_1T,B2,displacement,Z,1.1296606365633655,0.06661115736885893,0.06661115736885893,0.0,0.9840966463088989,0.0,True,True,508
R4_LHS_03,physics,V52_B_E6_C10_1T,S10_HYBRID,displacement,X,2.7369228419060003,0.03330557868442947,0.03330557868442947,0.0,0.9739415645599365,0.0,True,True,496
R4_LHS_03,physics,V52_B_E6_C10_1T,S10,velocity,X,1.7786038642894457,0.09991673605328841,0.09991673605328841,0.0,0.9346432685852051,0.009854459203779697,True,True,496
COMMON_B2,common,V52_B_E6_C10_1T,B2,displacement,X,1.8185352279985572,0.03330557868442947,0.03330557868442947,0.0,0.9870030879974365,0.0,True,True,496
R4_LHS_03,physics,V52_B_E6_C10_1T,S10_HYBRID,displacement,Y,0.626683240643632,0.06661115736885893,0.06661115736885893,0.0,0.9883492588996887,0.0,True,True,496
R4_LHS_03,physics,V52_B_E6_C10_1T,S10,velocity,Y,1.334090516996264,0.09991673605328841,0.09991673605328841,0.0,0.9748150110244751,-0.005572852678596973,True,True,496
COMMON_B2,common,V52_B_E6_C10_1T,B2,displacement,Y,1.025619321639623,0.06661115736885893,0.06661115736885893,0.0,0.9896587133407593,0.0,True,True,496
R4_LHS_03,physics,V52_B_E6_C10_1T,S10_HYBRID,displacement,Z,0.3467165382205572,0.06661115736885893,0.06661115736885893,0.0,0.9962915778160095,0.0,True,True,508
R4_LHS_03,physics,V52_B_E6_C10_1T,S10,velocity,Z,2.584527391976194,0.09991673605328841,0.09991673605328841,0.0,0.9959679841995239,-0.005303356796503067,True,True,508
COMMON_B2,common,V52_B_E6_C10_1T,B2,displacement,Z,1.3470413698973964,0.06661115736885893,0.06661115736885893,0.0,0.9906909465789795,0.0,True,True,508
R4_LHS_03,physics,V52_CPLUS_E6_C10_1T,S10_HYBRID,displacement,X,2.9292434578826785,0.03330557868442947,0.03330557868442947,0.0,0.9877021908760071,0.0,True,True,496
R4_LHS_03,physics,V52_CPLUS_E6_C10_1T,S10,velocity,X,1.6051773904348345,0.09991673605328841,0.09991673605328841,0.0,0.9295524954795837,-0.026026152074337006,True,True,496
COMMON_B2,common,V52_CPLUS_E6_C10_1T,B2,displacement,X,1.6202249330579304,0.03330557868442947,0.03330557868442947,0.0,0.9911673069000244,0.0,True,True,496
R4_LHS_03,physics,V52_CPLUS_E6_C10_1T,S10_HYBRID,displacement,Y,1.0544662409113013,0.06661115736885893,0.06661115736885893,0.0,0.9797931909561157,0.0,True,True,496
R4_LHS_03,physics,V52_CPLUS_E6_C10_1T,S10,velocity,Y,1.2940309857209502,0.13322231473771787,0.13322231473771787,0.0,0.966244101524353,-0.00811928603798151,True,True,496
COMMON_B2,common,V52_CPLUS_E6_C10_1T,B2,displacement,Y,1.2047171326927282,0.06661115736885893,0.06661115736885893,0.0,0.9887290000915527,0.0,True,True,496
R4_LHS_03,physics,V52_CPLUS_E6_C10_1T,S10_HYBRID,displacement,Z,0.7234788183344809,0.06661115736885893,0.06661115736885893,0.0,0.9865284562110901,0.0,True,True,508
R4_LHS_03,physics,V52_CPLUS_E6_C10_1T,S10,velocity,Z,2.4502994359367314,0.09991673605328841,0.09991673605328841,0.0,0.9963533878326416,0.010737171396613121,True,True,508
COMMON_B2,common,V52_CPLUS_E6_C10_1T,B2,displacement,Z,1.6172177205670841,0.06661115736885893,0.06661115736885893,0.0,0.9757707118988037,0.0,True,True,508
R4_LHS_03,physics,V52_C_E6_C10_1T,S10_HYBRID,displacement,X,2.5961771626429475,0.03330557868442947,0.03330557868442947,0.0,0.9924411773681641,0.0,True,True,496
R4_LHS_03,physics,V52_C_E6_C10_1T,S10,velocity,X,1.5976722676448536,0.09991673605328841,0.09991673605328841,0.0,0.9363462328910828,-0.0060838358476758,True,True,496
COMMON_B2,common,V52_C_E6_C10_1T,B2,displacement,X,1.2151958828058806,0.03330557868442947,0.03330557868442947,0.0,0.9939191341400146,0.0,True,True,496
R4_LHS_03,physics,V52_C_E6_C10_1T,S10_HYBRID,displacement,Y,0.8626806238841725,0.06661115736885893,0.06661115736885893,0.0,0.9907621741294861,0.0,True,True,496
R4_LHS_03,physics,V52_C_E6_C10_1T,S10,velocity,Y,1.4188991774547093,0.09991673605328841,0.09991673605328841,0.0,0.9699512720108032,-0.014890852384269238,True,True,496
COMMON_B2,common,V52_C_E6_C10_1T,B2,displacement,Y,1.182580026778264,0.06661115736885893,0.06661115736885893,0.0,0.994005024433136,0.0,True,True,496
R4_LHS_03,physics,V52_C_E6_C10_1T,S10_HYBRID,displacement,Z,0.6301038515361347,0.06661115736885893,0.06661115736885893,0.0,0.9976430535316467,0.0,True,True,508
R4_LHS_03,physics,V52_C_E6_C10_1T,S10,velocity,Z,2.3799262656011417,0.09991673605328841,0.09991673605328841,0.0,0.99514240026474,0.005978608503937721,True,True,508
COMMON_B2,common,V52_C_E6_C10_1T,B2,displacement,Z,1.5135627519774504,0.06661115736885893,0.06661115736885893,0.0,0.9893543720245361,0.0,True,True,508
R4_LHS_03,physics,V40_A_E7_C11_2T,S10_HYBRID,displacement,X,1.5090738289988719,1.1990008326394608,1.1990008326394608,0.0,0.9999510049819946,-0.00046945709618739784,True,True,496
R4_LHS_03,physics,V40_A_E7_C11_2T,S10,velocity,X,1.6953393781987043,1.9650291423813386,0.13322231473771787,1.8318068276436208,0.5202783942222595,0.6318018436431885,True,True,496
COMMON_B2,common,V40_A_E7_C11_2T,B2,displacement,X,2.1067389750160572,1.1990008326394608,1.1990008326394608,0.0,0.9999601244926453,3.977931555709802e-06,True,True,496
R4_LHS_03,physics,V40_A_E7_C11_2T,S10_HYBRID,displacement,Y,3.043973389213646,0.06661115736885893,0.06661115736885893,0.0,0.9883800745010376,0.0,True,True,496
R4_LHS_03,physics,V40_A_E7_C11_2T,S10,velocity,Y,1.590662035228466,0.09991673605328841,0.09991673605328841,0.0,0.9745038747787476,0.011735755950212479,True,True,496
COMMON_B2,common,V40_A_E7_C11_2T,B2,displacement,Y,1.9167467738575925,0.06661115736885893,0.06661115736885893,0.0,0.9982426166534424,0.0,True,True,496
R4_LHS_03,physics,V40_A_E7_C11_2T,S10_HYBRID,displacement,Z,3.4419107294224673,0.06661115736885893,0.06661115736885893,0.0,0.989629864692688,0.0,True,True,508
R4_LHS_03,physics,V40_A_E7_C11_2T,S10,velocity,Z,2.449715886356092,0.09991673605328841,0.09991673605328841,0.0,0.9928388595581055,-0.005045223515480757,True,True,508
COMMON_B2,common,V40_A_E7_C11_2T,B2,displacement,Z,4.871834282351793,0.06661115736885893,0.06661115736885893,0.0,0.9976438283920288,0.0,True,True,508
R4_LHS_03,physics,V40_B_E7_C11_2T,S10_HYBRID,displacement,X,1.5857847500262685,1.1990008326394608,1.1990008326394608,0.0,0.9999143481254578,0.000221812428208068,True,True,496
R4_LHS_03,physics,V40_B_E7_C11_2T,S10,velocity,X,2.3401038526894262,4.629475437135696,1.9650291423813386,2.6644462947543572,0.6605852246284485,0.5629740357398987,True,True,496
COMMON_B2,common,V40_B_E7_C11_2T,B2,displacement,X,1.6284313239715091,1.1990008326394608,1.1990008326394608,0.0,0.9999403953552246,-2.641227729327511e-05,True,True,496
R4_LHS_03,physics,V40_B_E7_C11_2T,S10_HYBRID,displacement,Y,2.831411341622135,0.06661115736885893,0.06661115736885893,0.0,0.9962761402130127,0.0,True,True,496
R4_LHS_03,physics,V40_B_E7_C11_2T,S10,velocity,Y,1.6432543068029146,0.09991673605328841,0.09991673605328841,0.0,0.9611331820487976,0.0021623612847179174,True,True,496
COMMON_B2,common,V40_B_E7_C11_2T,B2,displacement,Y,2.0031303230675848,0.06661115736885893,0.06661115736885893,0.0,0.9993277788162231,0.0,True,True,496
R4_LHS_03,physics,V40_B_E7_C11_2T,S10_HYBRID,displacement,Z,3.2540810317982882,0.06661115736885893,0.06661115736885893,0.0,0.9992076754570007,0.0,True,True,508
R4_LHS_03,physics,V40_B_E7_C11_2T,S10,velocity,Z,2.627020234431781,0.09991673605328841,0.09991673605328841,0.0,0.9933005571365356,0.0006612479337491095,True,True,508
COMMON_B2,common,V40_B_E7_C11_2T,B2,displacement,Z,5.07943359835227,0.06661115736885893,0.06661115736885893,0.0,0.999580442905426,0.0,True,True,508
R4_LHS_03,physics,V40_CPLUS_E7_C11_2T,S10_HYBRID,displacement,X,2.100944895502598,1.1990008326394608,1.1990008326394608,0.0,0.99972003698349,-0.00016304074961226434,True,True,496
R4_LHS_03,physics,V40_CPLUS_E7_C11_2T,S10,velocity,X,1.5024699786595623,0.13322231473771787,0.13322231473771787,0.0,0.8998680114746094,0.01605827920138836,True,True,496
COMMON_B2,common,V40_CPLUS_E7_C11_2T,B2,displacement,X,1.6273236801702124,1.1990008326394608,1.1990008326394608,0.0,0.9998529553413391,-0.00018861015269067138,True,True,496
R4_LHS_03,physics,V40_CPLUS_E7_C11_2T,S10_HYBRID,displacement,Y,3.99120553028567,0.06661115736885893,0.06661115736885893,0.0,0.9939684271812439,0.0,True,True,496
R4_LHS_03,physics,V40_CPLUS_E7_C11_2T,S10,velocity,Y,1.541707959074512,0.09991673605328841,0.09991673605328841,0.0,0.9820529818534851,0.018595367670059204,True,True,496
COMMON_B2,common,V40_CPLUS_E7_C11_2T,B2,displacement,Y,2.8676933348848253,0.06661115736885893,0.06661115736885893,0.0,0.9983970522880554,0.0,True,True,496
R4_LHS_03,physics,V40_CPLUS_E7_C11_2T,S10_HYBRID,displacement,Z,4.846754498508524,0.06661115736885893,0.06661115736885893,0.0,0.9969649910926819,0.0,True,True,508
R4_LHS_03,physics,V40_CPLUS_E7_C11_2T,S10,velocity,Z,2.294073321025504,0.09991673605328841,0.09991673605328841,0.0,0.9934190511703491,0.0038694138638675213,True,True,508
COMMON_B2,common,V40_CPLUS_E7_C11_2T,B2,displacement,Z,6.375692483569607,0.06661115736885893,0.06661115736885893,0.0,0.9971542954444885,0.0,True,True,508
R4_LHS_03,physics,V40_C_E7_C11_2T,S10_HYBRID,displacement,X,1.723568302637165,1.1990008326394608,1.1990008326394608,0.0,0.9998352527618408,-7.270489004440606e-05,True,True,496
R4_LHS_03,physics,V40_C_E7_C11_2T,S10,velocity,X,1.841384881088149,1.9650291423813386,0.13322231473771787,1.8318068276436208,0.594785749912262,-0.49431779980659485,True,True,496
COMMON_B2,common,V40_C_E7_C11_2T,B2,displacement,X,1.773832929090157,1.1990008326394608,1.1990008326394608,0.0,0.9999085664749146,-0.00012829338083975017,True,True,496
R4_LHS_03,physics,V40_C_E7_C11_2T,S10_HYBRID,displacement,Y,3.5748915006148083,0.06661115736885893,0.06661115736885893,0.0,0.9927060008049011,0.0,True,True,496
R4_LHS_03,physics,V40_C_E7_C11_2T,S10,velocity,Y,1.5356336074584922,0.09991673605328841,0.09991673605328841,0.0,0.9848070740699768,0.015679150819778442,True,True,496
COMMON_B2,common,V40_C_E7_C11_2T,B2,displacement,Y,2.6315059556586484,0.06661115736885893,0.06661115736885893,0.0,0.9977249503135681,0.0,True,True,496
R4_LHS_03,physics,V40_C_E7_C11_2T,S10_HYBRID,displacement,Z,4.319481912645527,0.06661115736885893,0.06661115736885893,0.0,0.9960424304008484,0.0,True,True,508
R4_LHS_03,physics,V40_C_E7_C11_2T,S10,velocity,Z,2.185931511536193,0.09991673605328841,0.09991673605328841,0.0,0.9945841431617737,0.002446414902806282,True,True,508
COMMON_B2,common,V40_C_E7_C11_2T,B2,displacement,Z,5.994206745973682,0.06661115736885893,0.06661115736885893,0.0,0.997265100479126,0.0,True,True,508
R4_LHS_03,physics,V52_A_E7_C11_2T,S10_HYBRID,displacement,X,1.5391685829485744,1.1990008326394608,1.1990008326394608,0.0,0.9999673962593079,-0.0002600871375761926,True,True,496
R4_LHS_03,physics,V52_A_E7_C11_2T,S10,velocity,X,2.2691785345715783,0.16652789342214733,1.9650291423813386,1.7985012489591914,0.89077228307724,-0.0060570864006876945,True,True,496
COMMON_B2,common,V52_A_E7_C11_2T,B2,displacement,X,1.6587031355545607,1.1990008326394608,1.1990008326394608,0.0,0.9999755620956421,-7.319240103242919e-05,True,True,496
R4_LHS_03,physics,V52_A_E7_C11_2T,S10_HYBRID,displacement,Y,3.1103520569413075,0.06661115736885893,0.06661115736885893,0.0,0.9898926615715027,0.0,True,True,496
R4_LHS_03,physics,V52_A_E7_C11_2T,S10,velocity,Y,1.4998531161006203,0.13322231473771787,0.13322231473771787,0.0,0.9787293672561646,0.0036110554356127977,True,True,496
COMMON_B2,common,V52_A_E7_C11_2T,B2,displacement,Y,2.0448335404806963,0.06661115736885893,0.06661115736885893,0.0,0.9991739392280579,0.0,True,True,496
R4_LHS_03,physics,V52_A_E7_C11_2T,S10_HYBRID,displacement,Z,4.096789293913396,0.09991673605328841,0.09991673605328841,0.0,0.9975460767745972,0.0064742667600512505,True,True,508
R4_LHS_03,physics,V52_A_E7_C11_2T,S10,velocity,Z,2.199278612306705,0.13322231473771787,0.13322231473771787,0.0,0.9962460994720459,-0.0001433819707017392,True,True,508
COMMON_B2,common,V52_A_E7_C11_2T,B2,displacement,Z,5.414759077947455,0.09991673605328841,0.09991673605328841,0.0,0.9962051510810852,0.0018652839353308082,True,True,508
R4_LHS_03,physics,V52_B_E7_C11_2T,S10_HYBRID,displacement,X,1.7180693429052425,1.1990008326394608,1.1990008326394608,0.0,0.9999474883079529,9.165315714199096e-05,True,True,496
R4_LHS_03,physics,V52_B_E7_C11_2T,S10,velocity,X,1.5796425383037538,0.16652789342214733,0.16652789342214733,0.0,0.9232204556465149,0.004417702089995146,True,True,496
COMMON_B2,common,V52_B_E7_C11_2T,B2,displacement,X,1.5174005399441308,1.1990008326394608,1.1990008326394608,0.0,0.9999563694000244,-7.957341586006805e-05,True,True,496
R4_LHS_03,physics,V52_B_E7_C11_2T,S10_HYBRID,displacement,Y,3.306741392737344,0.06661115736885893,0.06661115736885893,0.0,0.9917224049568176,0.0,True,True,496
R4_LHS_03,physics,V52_B_E7_C11_2T,S10,velocity,Y,1.2183323801769352,0.13322231473771787,0.13322231473771787,0.0,0.9799995422363281,0.01452869176864624,True,True,496
COMMON_B2,common,V52_B_E7_C11_2T,B2,displacement,Y,2.2600308958087743,0.06661115736885893,0.06661115736885893,0.0,0.99810791015625,0.0,True,True,496
R4_LHS_03,physics,V52_B_E7_C11_2T,S10_HYBRID,displacement,Z,4.251562800243032,0.09991673605328841,0.09991673605328841,0.0,0.9944329857826233,-0.014877496287226677,True,True,508
R4_LHS_03,physics,V52_B_E7_C11_2T,S10,velocity,Z,1.8706840209482392,0.13322231473771787,0.13322231473771787,0.0,0.9965389966964722,0.0041399989277124405,True,True,508
COMMON_B2,common,V52_B_E7_C11_2T,B2,displacement,Z,5.616541134482049,0.09991673605328841,0.09991673605328841,0.0,0.9980436563491821,0.005684827920049429,True,True,508
R4_LHS_03,physics,V52_CPLUS_E7_C11_2T,S10_HYBRID,displacement,X,2.0568831381682275,1.1990008326394608,1.1990008326394608,0.0,0.9998841881752014,0.00014361525245476514,True,True,496
R4_LHS_03,physics,V52_CPLUS_E7_C11_2T,S10,velocity,X,1.3969363009589117,0.16652789342214733,0.16652789342214733,0.0,0.923941433429718,0.02026991918683052,True,True,496
COMMON_B2,common,V52_CPLUS_E7_C11_2T,B2,displacement,X,1.54127662894654,1.1990008326394608,1.1990008326394608,0.0,0.9998930096626282,0.0001360610476695001,True,True,496
R4_LHS_03,physics,V52_CPLUS_E7_C11_2T,S10_HYBRID,displacement,Y,4.034146877162178,0.06661115736885893,0.06661115736885893,0.0,0.9950253963470459,0.0,True,True,496
R4_LHS_03,physics,V52_CPLUS_E7_C11_2T,S10,velocity,Y,1.1849888526157348,0.13322231473771787,0.13322231473771787,0.0,0.9824644327163696,0.01399179920554161,True,True,496
COMMON_B2,common,V52_CPLUS_E7_C11_2T,B2,displacement,Y,2.658603794571168,0.06661115736885893,0.06661115736885893,0.0,0.9988180994987488,0.0,True,True,496
R4_LHS_03,physics,V52_CPLUS_E7_C11_2T,S10_HYBRID,displacement,Z,5.077084950111289,0.09991673605328841,0.09991673605328841,0.0,0.9975308179855347,-0.012308771722018719,True,True,508
R4_LHS_03,physics,V52_CPLUS_E7_C11_2T,S10,velocity,Z,1.7005790686413105,0.13322231473771787,0.13322231473771787,0.0,0.996932864189148,0.006391704548150301,True,True,508
COMMON_B2,common,V52_CPLUS_E7_C11_2T,B2,displacement,Z,6.385015370068161,0.09991673605328841,0.09991673605328841,0.0,0.9989481568336487,-0.0037399204447865486,True,True,508
R4_LHS_03,physics,V52_C_E7_C11_2T,S10_HYBRID,displacement,X,1.9252053287844577,1.1990008326394608,1.1990008326394608,0.0,0.9999596476554871,-0.00020221366139594465,True,True,496
R4_LHS_03,physics,V52_C_E7_C11_2T,S10,velocity,X,1.2445526261186417,0.16652789342214733,0.16652789342214733,0.0,0.9456008076667786,-0.023379161953926086,True,True,496
COMMON_B2,common,V52_C_E7_C11_2T,B2,displacement,X,1.3917945274152568,1.1990008326394608,1.1990008326394608,0.0,0.9999476075172424,-0.00022411336249206215,True,True,496
R4_LHS_03,physics,V52_C_E7_C11_2T,S10_HYBRID,displacement,Y,3.925941704568175,0.06661115736885893,0.06661115736885893,0.0,0.9978529810905457,0.0,True,True,496
R4_LHS_03,physics,V52_C_E7_C11_2T,S10,velocity,Y,1.1968111362962928,0.13322231473771787,0.13322231473771787,0.0,0.9802695512771606,6.845808820798993e-05,True,True,496
COMMON_B2,common,V52_C_E7_C11_2T,B2,displacement,Y,2.4372321407859068,0.06661115736885893,0.06661115736885893,0.0,0.9996091723442078,0.0,True,True,496
R4_LHS_03,physics,V52_C_E7_C11_2T,S10_HYBRID,displacement,Z,4.721416887800417,0.09991673605328841,0.09991673605328841,0.0,0.997710645198822,0.0006564250215888023,True,True,508
R4_LHS_03,physics,V52_C_E7_C11_2T,S10,velocity,Z,1.822207713731537,0.13322231473771787,0.13322231473771787,0.0,0.9973304271697998,-0.014395326375961304,True,True,508
COMMON_B2,common,V52_C_E7_C11_2T,B2,displacement,Z,6.062069124417036,0.09991673605328841,0.09991673605328841,0.0,0.9995167851448059,0.015545513480901718,True,True,508
R4_LHS_03,physics,V40_A_E8_C12_2T,S10_HYBRID,displacement,X,2.302340762046909,0.06661115736885893,0.06661115736885893,0.0,0.9760021567344666,0.0,True,True,496
R4_LHS_03,physics,V40_A_E8_C12_2T,S10,velocity,X,1.590485444007232,0.13322231473771787,0.13322231473771787,0.0,0.8785348534584045,-0.018056640401482582,True,True,496
COMMON_B2,common,V40_A_E8_C12_2T,B2,displacement,X,1.7094371856353356,0.06661115736885893,0.06661115736885893,0.0,0.9834749698638916,0.0,True,True,496
R4_LHS_03,physics,V40_A_E8_C12_2T,S10_HYBRID,displacement,Y,2.133485116369082,0.06661115736885893,0.06661115736885893,0.0,0.990411102771759,0.0,True,True,496
R4_LHS_03,physics,V40_A_E8_C12_2T,S10,velocity,Y,1.8051470489592016,0.09991673605328841,0.09991673605328841,0.0,0.9686599373817444,0.003746449714526534,True,True,496
COMMON_B2,common,V40_A_E8_C12_2T,B2,displacement,Y,1.8417608003816544,0.06661115736885893,0.06661115736885893,0.0,0.9977023005485535,0.0,True,True,496
R4_LHS_03,physics,V40_A_E8_C12_2T,S10_HYBRID,displacement,Z,2.383051752550174,0.06661115736885893,0.06661115736885893,0.0,0.9942607879638672,0.0,True,True,508
R4_LHS_03,physics,V40_A_E8_C12_2T,S10,velocity,Z,2.914886587719937,0.09991673605328841,0.09991673605328841,0.0,0.9930537939071655,-0.00045799827785231173,True,True,508
COMMON_B2,common,V40_A_E8_C12_2T,B2,displacement,Z,4.745015428625877,0.06661115736885893,0.06661115736885893,0.0,0.9969662427902222,0.0,True,True,508
R4_LHS_03,physics,V40_B_E8_C12_2T,S10_HYBRID,displacement,X,2.2398658498084187,0.06661115736885893,0.06661115736885893,0.0,0.9688447117805481,0.0,True,True,496
R4_LHS_03,physics,V40_B_E8_C12_2T,S10,velocity,X,1.3068425391000003,0.13322231473771787,0.13322231473771787,0.0,0.9062601923942566,0.0017394665628671646,True,True,496
COMMON_B2,common,V40_B_E8_C12_2T,B2,displacement,X,1.5363945975572613,0.06661115736885893,0.06661115736885893,0.0,0.9833551645278931,0.0,True,True,496
R4_LHS_03,physics,V40_B_E8_C12_2T,S10_HYBRID,displacement,Y,2.722043268457143,0.06661115736885893,0.06661115736885893,0.0,0.9901624917984009,0.0,True,True,496
R4_LHS_03,physics,V40_B_E8_C12_2T,S10,velocity,Y,1.6433322308727372,0.09991673605328841,0.09991673605328841,0.0,0.9783599376678467,-0.014957334846258163,True,True,496
COMMON_B2,common,V40_B_E8_C12_2T,B2,displacement,Y,2.5302433283238916,0.06661115736885893,0.06661115736885893,0.0,0.997760534286499,0.0,True,True,496
R4_LHS_03,physics,V40_B_E8_C12_2T,S10_HYBRID,displacement,Z,3.2781762429744563,0.06661115736885893,0.06661115736885893,0.0,0.9954836964607239,0.0,True,True,508
R4_LHS_03,physics,V40_B_E8_C12_2T,S10,velocity,Z,2.594884408294859,0.09991673605328841,0.09991673605328841,0.0,0.994809627532959,-0.019054370000958443,True,True,508
COMMON_B2,common,V40_B_E8_C12_2T,B2,displacement,Z,5.869788045769676,0.06661115736885893,0.06661115736885893,0.0,0.9963538646697998,0.0,True,True,508
R4_LHS_03,physics,V40_CPLUS_E8_C12_2T,S10_HYBRID,displacement,X,3.2181986833981124,0.06661115736885893,0.06661115736885893,0.0,0.985583484172821,0.0,True,True,496
R4_LHS_03,physics,V40_CPLUS_E8_C12_2T,S10,velocity,X,1.3356055805951694,0.13322231473771787,0.13322231473771787,0.0,0.8660337328910828,0.02069970779120922,True,True,496
COMMON_B2,common,V40_CPLUS_E8_C12_2T,B2,displacement,X,1.552364218466848,0.06661115736885893,0.06661115736885893,0.0,0.9808418154716492,0.0,True,True,496
R4_LHS_03,physics,V40_CPLUS_E8_C12_2T,S10_HYBRID,displacement,Y,3.714859936368875,0.06661115736885893,0.06661115736885893,0.0,0.9957625269889832,0.0,True,True,496
R4_LHS_03,physics,V40_CPLUS_E8_C12_2T,S10,velocity,Y,1.507378240902729,0.09991673605328841,0.09991673605328841,0.0,0.975714921951294,0.016885612159967422,True,True,496
COMMON_B2,common,V40_CPLUS_E8_C12_2T,B2,displacement,Y,2.778714345857222,0.06661115736885893,0.06661115736885893,0.0,0.9964011311531067,0.0,True,True,496
R4_LHS_03,physics,V40_CPLUS_E8_C12_2T,S10_HYBRID,displacement,Z,4.2724726262105275,0.06661115736885893,0.06661115736885893,0.0,0.9979299902915955,0.0,True,True,508
R4_LHS_03,physics,V40_CPLUS_E8_C12_2T,S10,velocity,Z,2.433265263812403,0.09991673605328841,0.09991673605328841,0.0,0.9945890307426453,0.007977161556482315,True,True,508
COMMON_B2,common,V40_CPLUS_E8_C12_2T,B2,displacement,Z,6.13567374212461,0.06661115736885893,0.06661115736885893,0.0,0.9936836957931519,0.0,True,True,508
R4_LHS_03,physics,V40_C_E8_C12_2T,S10_HYBRID,displacement,X,2.804748142239778,0.06661115736885893,0.06661115736885893,0.0,0.9837093949317932,0.0,True,True,496
R4_LHS_03,physics,V40_C_E8_C12_2T,S10,velocity,X,1.2759178284624808,0.13322231473771787,0.13322231473771787,0.0,0.9015863537788391,-0.024850333109498024,True,True,496
COMMON_B2,common,V40_C_E8_C12_2T,B2,displacement,X,1.3265908204645933,0.06661115736885893,0.06661115736885893,0.0,0.9905579090118408,0.0,True,True,496
R4_LHS_03,physics,V40_C_E8_C12_2T,S10_HYBRID,displacement,Y,3.3277718301200117,0.06661115736885893,0.06661115736885893,0.0,0.995463490486145,0.0,True,True,496
R4_LHS_03,physics,V40_C_E8_C12_2T,S10,velocity,Y,1.3710877573439804,0.09991673605328841,0.09991673605328841,0.0,0.9781754016876221,0.00241479417309165,True,True,496
COMMON_B2,common,V40_C_E8_C12_2T,B2,displacement,Y,2.4682225974202043,0.06661115736885893,0.06661115736885893,0.0,0.9994291663169861,0.0,True,True,496
R4_LHS_03,physics,V40_C_E8_C12_2T,S10_HYBRID,displacement,Z,3.7265558732530293,0.06661115736885893,0.06661115736885893,0.0,0.9988070726394653,0.0,True,True,508
R4_LHS_03,physics,V40_C_E8_C12_2T,S10,velocity,Z,2.0600925451558116,0.09991673605328841,0.09991673605328841,0.0,0.9957661032676697,-0.007587647996842861,True,True,508
COMMON_B2,common,V40_C_E8_C12_2T,B2,displacement,Z,5.617318756009847,0.06661115736885893,0.06661115736885893,0.0,0.9996651411056519,0.0,True,True,508
R4_LHS_03,physics,V52_A_E8_C12_2T,S10_HYBRID,displacement,X,2.3245446551503464,0.09991673605328841,0.06661115736885893,0.033305578684429474,0.9638239741325378,-0.020216183736920357,True,True,496
R4_LHS_03,physics,V52_A_E8_C12_2T,S10,velocity,X,1.4023722088356316,0.16652789342214733,0.16652789342214733,0.0,0.8980996012687683,-0.00954664871096611,True,True,496
COMMON_B2,common,V52_A_E8_C12_2T,B2,displacement,X,1.3747546202062442,0.09991673605328841,0.06661115736885893,0.033305578684429474,0.9797584414482117,-0.0061518666334450245,True,True,496
R4_LHS_03,physics,V52_A_E8_C12_2T,S10_HYBRID,displacement,Y,2.8717878311571856,0.06661115736885893,0.06661115736885893,0.0,0.9881484508514404,0.0,True,True,496
R4_LHS_03,physics,V52_A_E8_C12_2T,S10,velocity,Y,1.445642922895967,0.13322231473771787,0.13322231473771787,0.0,0.9794328212738037,0.0013367446372285485,True,True,496
COMMON_B2,common,V52_A_E8_C12_2T,B2,displacement,Y,2.119565489926171,0.06661115736885893,0.06661115736885893,0.0,0.9985049962997437,0.0,True,True,496
R4_LHS_03,physics,V52_A_E8_C12_2T,S10_HYBRID,displacement,Z,3.7917082140256464,0.09991673605328841,0.09991673605328841,0.0,0.9937892556190491,0.004623713903129101,True,True,508
R4_LHS_03,physics,V52_A_E8_C12_2T,S10,velocity,Z,2.0249167709956803,0.13322231473771787,0.13322231473771787,0.0,0.9972600936889648,-0.0037386929616332054,True,True,508
COMMON_B2,common,V52_A_E8_C12_2T,B2,displacement,Z,5.569784361047183,0.09991673605328841,0.09991673605328841,0.0,0.997063159942627,-0.003984939772635698,True,True,508
R4_LHS_03,physics,V52_B_E8_C12_2T,S10_HYBRID,displacement,X,2.516233470657851,0.09991673605328841,0.09991673605328841,0.0,0.9946725964546204,-0.0038512791506946087,True,True,496
R4_LHS_03,physics,V52_B_E8_C12_2T,S10,velocity,X,1.4094531036203233,0.16652789342214733,0.16652789342214733,0.0,0.9426309466362,-0.005209410097450018,True,True,496
COMMON_B2,common,V52_B_E8_C12_2T,B2,displacement,X,1.2146001009044134,0.09991673605328841,0.09991673605328841,0.0,0.9964792728424072,-0.00880804006010294,True,True,496
R4_LHS_03,physics,V52_B_E8_C12_2T,S10_HYBRID,displacement,Y,3.0316668325550866,0.06661115736885893,0.06661115736885893,0.0,0.9967882633209229,0.0,True,True,496
R4_LHS_03,physics,V52_B_E8_C12_2T,S10,velocity,Y,1.3316661374800147,0.13322231473771787,0.13322231473771787,0.0,0.9849246740341187,-0.00021867796021979302,True,True,496
COMMON_B2,common,V52_B_E8_C12_2T,B2,displacement,Y,2.119958123982349,0.06661115736885893,0.06661115736885893,0.0,0.9994701147079468,0.0,True,True,496
R4_LHS_03,physics,V52_B_E8_C12_2T,S10_HYBRID,displacement,Z,3.927521426790141,0.09991673605328841,0.09991673605328841,0.0,0.9990715384483337,0.0013915031449869275,True,True,508
R4_LHS_03,physics,V52_B_E8_C12_2T,S10,velocity,Z,2.1570154075507038,0.13322231473771787,0.13322231473771787,0.0,0.9972021579742432,0.007687608245760202,True,True,508
COMMON_B2,common,V52_B_E8_C12_2T,B2,displacement,Z,5.418606640748934,0.09991673605328841,0.09991673605328841,0.0,0.9992527365684509,-0.010073574259877205,True,True,508
R4_LHS_03,physics,V52_CPLUS_E8_C12_2T,S10_HYBRID,displacement,X,3.207411508245827,0.09991673605328841,0.09991673605328841,0.0,0.9937182068824768,-0.029014812782406807,True,True,496
R4_LHS_03,physics,V52_CPLUS_E8_C12_2T,S10,velocity,X,1.0937108757734453,0.16652789342214733,0.16652789342214733,0.0,0.9289509057998657,-0.024001533165574074,True,True,496
COMMON_B2,common,V52_CPLUS_E8_C12_2T,B2,displacement,X,1.613144198707437,0.09991673605328841,0.09991673605328841,0.0,0.9966158866882324,0.006562727503478527,True,True,496
R4_LHS_03,physics,V52_CPLUS_E8_C12_2T,S10_HYBRID,displacement,Y,3.668439052044677,0.06661115736885893,0.06661115736885893,0.0,0.997977614402771,0.0,True,True,496
R4_LHS_03,physics,V52_CPLUS_E8_C12_2T,S10,velocity,Y,1.189230351699646,0.13322231473771787,0.13322231473771787,0.0,0.970264732837677,-0.007563725113868713,True,True,496
COMMON_B2,common,V52_CPLUS_E8_C12_2T,B2,displacement,Y,2.604011107429696,0.06661115736885893,0.06661115736885893,0.0,0.9996256828308105,0.0,True,True,496
R4_LHS_03,physics,V52_CPLUS_E8_C12_2T,S10_HYBRID,displacement,Z,4.417752405208328,0.09991673605328841,0.09991673605328841,0.0,0.9993085861206055,0.0030073169618844986,True,True,508
R4_LHS_03,physics,V52_CPLUS_E8_C12_2T,S10,velocity,Z,1.8015836905721831,0.13322231473771787,0.13322231473771787,0.0,0.9959176182746887,0.004622464068233967,True,True,508
COMMON_B2,common,V52_CPLUS_E8_C12_2T,B2,displacement,Z,6.217665254746494,0.09991673605328841,0.09991673605328841,0.0,0.9996563196182251,0.01302120927721262,True,True,508
R4_LHS_03,physics,V52_C_E8_C12_2T,S10_HYBRID,displacement,X,2.8717010709128927,0.09991673605328841,0.09991673605328841,0.0,0.9946746230125427,0.025903334841132164,True,True,496
R4_LHS_03,physics,V52_C_E8_C12_2T,S10,velocity,X,1.268965219085361,0.16652789342214733,0.16652789342214733,0.0,0.9253237247467041,0.017667099833488464,True,True,496
COMMON_B2,common,V52_C_E8_C12_2T,B2,displacement,X,1.2035240275720875,0.09991673605328841,0.09991673605328841,0.0,0.9938227534294128,0.00690242787823081,True,True,496
R4_LHS_03,physics,V52_C_E8_C12_2T,S10_HYBRID,displacement,Y,3.470886083447668,0.06661115736885893,0.06661115736885893,0.0,0.9969258308410645,0.0,True,True,496
R4_LHS_03,physics,V52_C_E8_C12_2T,S10,velocity,Y,1.1849788360035733,0.13322231473771787,0.13322231473771787,0.0,0.9769445657730103,0.010751605965197086,True,True,496
COMMON_B2,common,V52_C_E8_C12_2T,B2,displacement,Y,2.300973711417173,0.06661115736885893,0.06661115736885893,0.0,0.9983845353126526,0.0,True,True,496
R4_LHS_03,physics,V52_C_E8_C12_2T,S10_HYBRID,displacement,Z,4.377094927496038,0.09991673605328841,0.09991673605328841,0.0,0.9983139038085938,0.010113676078617573,True,True,508
R4_LHS_03,physics,V52_C_E8_C12_2T,S10,velocity,Z,1.811317688335878,0.13322231473771787,0.13322231473771787,0.0,0.9966698884963989,0.0009987689554691315,True,True,508
COMMON_B2,common,V52_C_E8_C12_2T,B2,displacement,Z,5.768140884265107,0.09991673605328841,0.09991673605328841,0.0,0.9982461333274841,0.03221258148550987,True,True,508
R4_LHS_03,control,BASE_C1_0T,S10_HYBRID,displacement,X,4.275180149198559,1.931723563696909,0.09991673605328841,1.8318068276436206,0.3620225191116333,0.1204480230808258,True,True,496
R4_LHS_03,control,BASE_C1_0T,S10,velocity,X,0.0,0.0,0.0,0.0,,,False,False,0
R4_LHS_03,control,BASE_C1_0T,S10_HYBRID,displacement,Y,2.865628247617928,1.931723563696909,0.09991673605328841,1.8318068276436206,0.9378492832183838,0.06918514519929886,True,True,496
R4_LHS_03,control,BASE_C1_0T,S10,velocity,Y,0.0,0.0,0.0,0.0,,,False,False,0
R4_LHS_03,control,BASE_C1_0T,S10_HYBRID,displacement,Z,2.3305174213662263,1.931723563696909,0.09991673605328841,1.8318068276436206,0.9678179025650024,0.06715318560600281,True,True,508
R4_LHS_03,control,BASE_C1_0T,S10,velocity,Z,0.0,0.0,0.0,0.0,,,False,False,0
R4_LHS_03,control,BASE_C2_0T,S10_HYBRID,displacement,X,3.2312479679069916,1.1990008326394608,1.1990008326394608,0.0,0.999999463558197,-9.863882587524131e-05,True,True,496
R4_LHS_03,control,BASE_C2_0T,S10,velocity,X,0.0,0.0,0.0,0.0,,,False,False,0
R4_LHS_03,control,BASE_C2_0T,S10_HYBRID,displacement,Y,2.3673889405902644,1.1990008326394608,0.09991673605328841,1.0990840965861723,0.9648148417472839,1.8059774447465315e-05,True,True,496
R4_LHS_03,control,BASE_C2_0T,S10,velocity,Y,0.0,0.0,0.0,0.0,,,False,False,0
R4_LHS_03,control,BASE_C2_0T,S10_HYBRID,displacement,Z,2.4500486378404105,1.1990008326394608,0.09991673605328841,1.0990840965861723,0.9857722520828247,-1.3606079846795183e-05,True,True,508
R4_LHS_03,control,BASE_C2_0T,S10,velocity,Z,0.0,0.0,0.0,0.0,,,False,False,0
R4_LHS_03,control,BASE_C3_0T,S10_HYBRID,displacement,X,3.7864962099920496,1.931723563696909,0.09991673605328841,1.8318068276436206,0.3744875490665436,-0.03355186805129051,True,True,496
R4_LHS_03,control,BASE_C3_0T,S10,velocity,X,0.0,0.0,0.0,0.0,,,False,False,0
R4_LHS_03,control,BASE_C3_0T,S10_HYBRID,displacement,Y,2.020918931807665,1.931723563696909,0.09991673605328841,1.8318068276436206,0.9438705444335938,0.10487684607505798,True,True,496
R4_LHS_03,control,BASE_C3_0T,S10,velocity,Y,0.0,0.0,0.0,0.0,,,False,False,0
R4_LHS_03,control,BASE_C3_0T,S10_HYBRID,displacement,Z,1.9355142077005203,1.931723563696909,1.931723563696909,0.0,0.974271297454834,0.1085531935095787,True,True,508
R4_LHS_03,control,BASE_C3_0T,S10,velocity,Z,0.0,0.0,0.0,0.0,,,False,False,0
R4_LHS_03,control,BASE_C8_0T,S10_HYBRID,displacement,X,3.653527747598065,1.1990008326394608,1.1990008326394608,0.0,0.9999995827674866,0.0002370636648265645,True,True,496
R4_LHS_03,control,BASE_C8_0T,S10,velocity,X,0.0,0.0,0.0,0.0,,,False,False,0
R4_LHS_03,control,BASE_C8_0T,S10_HYBRID,displacement,Y,1.9567008100254526,1.1990008326394608,1.1990008326394608,0.0,0.974590539932251,0.00033866867306642234,True,True,496
R4_LHS_03,control,BASE_C8_0T,S10,velocity,Y,0.0,0.0,0.0,0.0,,,False,False,0
R4_LHS_03,control,BASE_C8_0T,S10_HYBRID,displacement,Z,1.9938167343508435,1.1990008326394608,1.1990008326394608,0.0,0.9904072880744934,0.0002583192544989288,True,True,508
R4_LHS_03,control,BASE_C8_0T,S10,velocity,Z,0.0,0.0,0.0,0.0,,,False,False,0
R4_LHS_03,control,V40_A_E1_C4_2T,S10_HYBRID,displacement,X,1.723313746931656,0.06661115736885893,0.06661115736885893,0.0,0.9814582467079163,0.0,True,True,496
R4_LHS_03,control,V40_A_E1_C4_2T,S10,velocity,X,1.5943939362000377,0.13322231473771787,0.13322231473771787,0.0,0.8736923933029175,-0.019823947921395302,True,True,496
R4_LHS_03,control,V40_A_E1_C4_2T,S10_HYBRID,displacement,Y,2.460622648035577,0.06661115736885893,0.06661115736885893,0.0,0.9840622544288635,0.0,True,True,496
R4_LHS_03,control,V40_A_E1_C4_2T,S10,velocity,Y,2.0475450426320507,0.09991673605328841,0.09991673605328841,0.0,0.9806644320487976,-0.03402336686849594,True,True,496
R4_LHS_03,control,V40_A_E1_C4_2T,S10_HYBRID,displacement,Z,3.2108431089154843,0.06661115736885893,0.06661115736885893,0.0,0.9896889328956604,0.0,True,True,508
R4_LHS_03,control,V40_A_E1_C4_2T,S10,velocity,Z,3.114199333843696,0.09991673605328841,0.09991673605328841,0.0,0.9942466616630554,-0.028199445456266403,True,True,508
R4_LHS_03,control,V40_B_E1_C4_2T,S10_HYBRID,displacement,X,2.334072044132253,0.06661115736885893,0.09991673605328841,0.033305578684429474,0.9698042273521423,0.0,True,True,496
R4_LHS_03,control,V40_B_E1_C4_2T,S10,velocity,X,1.3273145753448625,0.13322231473771787,0.13322231473771787,0.0,0.8894336819648743,0.014516204595565796,True,True,496
R4_LHS_03,control,V40_B_E1_C4_2T,S10_HYBRID,displacement,Y,2.929137722280216,0.06661115736885893,0.03330557868442947,0.03330557868442947,0.9871658682823181,0.0,True,True,496
R4_LHS_03,control,V40_B_E1_C4_2T,S10,velocity,Y,1.7582308894928351,0.09991673605328841,0.09991673605328841,0.0,0.9778130650520325,0.009253074415028095,True,True,496
R4_LHS_03,control,V40_B_E1_C4_2T,S10_HYBRID,displacement,Z,3.820428649362701,0.06661115736885893,0.06661115736885893,0.0,0.9888964295387268,0.0,True,True,508
R4_LHS_03,control,V40_B_E1_C4_2T,S10,velocity,Z,2.386607087123876,0.09991673605328841,0.09991673605328841,0.0,0.9956178069114685,-0.008333265781402588,True,True,508
R4_LHS_03,control,V40_CPLUS_E1_C4_2T,S10_HYBRID,displacement,X,3.247456194148617,0.06661115736885893,0.06661115736885893,0.0,0.9710005521774292,0.0,True,True,496
R4_LHS_03,control,V40_CPLUS_E1_C4_2T,S10,velocity,X,1.1242424288588773,0.13322231473771787,0.13322231473771787,0.0,0.8745834231376648,-0.017868772149086,True,True,496
R4_LHS_03,control,V40_CPLUS_E1_C4_2T,S10_HYBRID,displacement,Y,3.770623322009399,0.06661115736885893,0.06661115736885893,0.0,0.9821090698242188,0.0,True,True,496
R4_LHS_03,control,V40_CPLUS_E1_C4_2T,S10,velocity,Y,1.4165732826462942,0.09991673605328841,0.09991673605328841,0.0,0.9677881002426147,-0.01620754599571228,True,True,496
R4_LHS_03,control,V40_CPLUS_E1_C4_2T,S10_HYBRID,displacement,Z,4.581722328602977,0.06661115736885893,0.06661115736885893,0.0,0.9974345564842224,0.0,True,True,508
R4_LHS_03,control,V40_CPLUS_E1_C4_2T,S10,velocity,Z,1.950285467164071,0.09991673605328841,0.09991673605328841,0.0,0.9918141961097717,-0.020914867520332336,True,True,508
R4_LHS_03,control,V40_C_E1_C4_2T,S10_HYBRID,displacement,X,2.7765096851732176,0.06661115736885893,0.09991673605328841,0.033305578684429474,0.9747765064239502,0.0,True,True,496
R4_LHS_03,control,V40_C_E1_C4_2T,S10,velocity,X,1.1582235557386442,0.13322231473771787,0.13322231473771787,0.0,0.8901877999305725,0.016324613243341446,True,True,496
R4_LHS_03,control,V40_C_E1_C4_2T,S10_HYBRID,displacement,Y,3.3613072321068738,0.06661115736885893,0.03330557868442947,0.03330557868442947,0.9890137910842896,0.0,True,True,496
R4_LHS_03,control,V40_C_E1_C4_2T,S10,velocity,Y,1.7120830759116181,0.09991673605328841,0.09991673605328841,0.0,0.9765370488166809,0.009905247017741203,True,True,496
R4_LHS_03,control,V40_C_E1_C4_2T,S10_HYBRID,displacement,Z,4.401885153953874,0.06661115736885893,0.06661115736885893,0.0,0.9917871952056885,0.0,True,True,508
R4_LHS_03,control,V40_C_E1_C4_2T,S10,velocity,Z,2.298851531598317,0.09991673605328841,0.09991673605328841,0.0,0.9956486821174622,-0.007432345766574144,True,True,508
R4_LHS_03,control,V52_A_E1_C4_2T,S10_HYBRID,displacement,X,2.2201031381617784,0.09991673605328841,0.09991673605328841,0.0,0.9923649430274963,0.01804109662771225,True,True,496
R4_LHS_03,control,V52_A_E1_C4_2T,S10,velocity,X,1.0315041610579223,0.16652789342214733,0.16652789342214733,0.0,0.9254723191261292,-0.0315689817070961,True,True,496
R4_LHS_03,control,V52_A_E1_C4_2T,S10_HYBRID,displacement,Y,2.996953956838641,0.06661115736885893,0.06661115736885893,0.0,0.9976441860198975,0.0,True,True,496
R4_LHS_03,control,V52_A_E1_C4_2T,S10,velocity,Y,1.187839327143755,0.13322231473771787,0.13322231473771787,0.0,0.9860661625862122,0.012105941772460938,True,True,496
R4_LHS_03,control,V52_A_E1_C4_2T,S10_HYBRID,displacement,Z,3.959566013712888,0.09991673605328841,0.09991673605328841,0.0,0.9988972544670105,0.01541778352111578,True,True,508
R4_LHS_03,control,V52_A_E1_C4_2T,S10,velocity,Z,1.7541699208201709,0.13322231473771787,0.13322231473771787,0.0,0.9965012669563293,0.014940180815756321,True,True,508
R4_LHS_03,control,V52_B_E1_C4_2T,S10_HYBRID,displacement,X,2.8024197518713434,0.09991673605328841,0.09991673605328841,0.0,0.9886641502380371,0.00368882087059319,True,True,496
R4_LHS_03,control,V52_B_E1_C4_2T,S10,velocity,X,1.0725120354796174,0.16652789342214733,0.16652789342214733,0.0,0.8881678581237793,-0.003331452142447233,True,True,496
R4_LHS_03,control,V52_B_E1_C4_2T,S10_HYBRID,displacement,Y,3.449671531967647,0.06661115736885893,0.06661115736885893,0.0,0.996991753578186,0.0,True,True,496
R4_LHS_03,control,V52_B_E1_C4_2T,S10,velocity,Y,1.2811355763437575,0.13322231473771787,0.13322231473771787,0.0,0.9857136607170105,-0.001302074990235269,True,True,496
R4_LHS_03,control,V52_B_E1_C4_2T,S10_HYBRID,displacement,Z,4.488283515643797,0.09991673605328841,0.09991673605328841,0.0,0.9985217452049255,-0.005174517631530762,True,True,508
R4_LHS_03,control,V52_B_E1_C4_2T,S10,velocity,Z,1.7336131796355647,0.13322231473771787,0.13322231473771787,0.0,0.9955552220344543,0.006316235288977623,True,True,508
R4_LHS_03,control,V52_CPLUS_E1_C4_2T,S10_HYBRID,displacement,X,3.2975297125223646,0.09991673605328841,0.09991673605328841,0.0,0.9975762367248535,0.010083707980811596,True,True,496
R4_LHS_03,control,V52_CPLUS_E1_C4_2T,S10,velocity,X,0.9937649761365371,0.16652789342214733,0.16652789342214733,0.0,0.9290791153907776,-0.01946752890944481,True,True,496
R4_LHS_03,control,V52_CPLUS_E1_C4_2T,S10_HYBRID,displacement,Y,4.029586502532568,0.06661115736885893,0.06661115736885893,0.0,0.9987617135047913,0.0,True,True,496
R4_LHS_03,control,V52_CPLUS_E1_C4_2T,S10,velocity,Y,1.1398186077029688,0.13322231473771787,0.13322231473771787,0.0,0.9877490401268005,0.007351650390774012,True,True,496
R4_LHS_03,control,V52_CPLUS_E1_C4_2T,S10_HYBRID,displacement,Z,5.110039148167626,0.09991673605328841,0.09991673605328841,0.0,0.9995182156562805,0.003672906896099448,True,True,508
R4_LHS_03,control,V52_CPLUS_E1_C4_2T,S10,velocity,Z,1.7148339593727089,0.13322231473771787,0.13322231473771787,0.0,0.9967963695526123,0.012440710328519344,True,True,508
R4_LHS_03,control,V52_C_E1_C4_2T,S10_HYBRID,displacement,X,2.845144624417674,0.09991673605328841,0.06661115736885893,0.033305578684429474,0.9929695129394531,-0.03411877155303955,True,True,496
R4_LHS_03,control,V52_C_E1_C4_2T,S10,velocity,X,0.9938393002273092,0.16652789342214733,0.16652789342214733,0.0,0.9452036023139954,-0.027780964970588684,True,True,496
R4_LHS_03,control,V52_C_E1_C4_2T,S10_HYBRID,displacement,Y,3.7466602674950877,0.06661115736885893,0.06661115736885893,0.0,0.9941055774688721,0.0,True,True,496
R4_LHS_03,control,V52_C_E1_C4_2T,S10,velocity,Y,1.1192232949858545,0.13322231473771787,0.13322231473771787,0.0,0.9867444634437561,-0.03183227777481079,True,True,496
R4_LHS_03,control,V52_C_E1_C4_2T,S10_HYBRID,displacement,Z,4.936190371870252,0.09991673605328841,0.09991673605328841,0.0,0.9983963966369629,-0.029889028519392014,True,True,508
R4_LHS_03,control,V52_C_E1_C4_2T,S10,velocity,Z,1.641182961974257,0.13322231473771787,0.13322231473771787,0.0,0.9976774454116821,-0.025750739499926567,True,True,508
R4_LHS_03,control,V40_A_E2_C5_2T,S10_HYBRID,displacement,X,1.453700233004208,1.1990008326394608,1.1990008326394608,0.0,0.9999396800994873,0.00010216130613116547,True,True,496
R4_LHS_03,control,V40_A_E2_C5_2T,S10,velocity,X,2.2077102117358076,0.13322231473771787,1.9650291423813386,1.8318068276436208,0.814322292804718,-0.02488991804420948,True,True,496
R4_LHS_03,control,V40_A_E2_C5_2T,S10_HYBRID,displacement,Y,3.2081386728325167,0.06661115736885893,0.06661115736885893,0.0,0.9867175817489624,0.0,True,True,496
R4_LHS_03,control,V40_A_E2_C5_2T,S10,velocity,Y,1.730612336591526,0.09991673605328841,0.09991673605328841,0.0,0.9752037525177002,0.005133106838911772,True,True,496
R4_LHS_03,control,V40_A_E2_C5_2T,S10_HYBRID,displacement,Z,4.383381479376237,0.06661115736885893,0.06661115736885893,0.0,0.9975728988647461,0.0,True,True,508
R4_LHS_03,control,V40_A_E2_C5_2T,S10,velocity,Z,2.3461445396589413,0.09991673605328841,0.09991673605328841,0.0,0.9890400767326355,0.009934483096003532,True,True,508
R4_LHS_03,control,V40_B_E2_C5_2T,S10_HYBRID,displacement,X,1.5022470227086013,1.1990008326394608,1.1990008326394608,0.0,0.9999254941940308,0.00023170828353613615,True,True,496
R4_LHS_03,control,V40_B_E2_C5_2T,S10,velocity,X,1.6022465621079673,1.998334721065768,0.13322231473771787,1.8651124063280502,0.5369182825088501,-0.045373305678367615,True,True,496
R4_LHS_03,control,V40_B_E2_C5_2T,S10_HYBRID,displacement,Y,3.4553450612320726,0.06661115736885893,0.06661115736885893,0.0,0.9943134188652039,0.0,True,True,496
R4_LHS_03,control,V40_B_E2_C5_2T,S10,velocity,Y,1.5853964124883577,0.09991673605328841,0.09991673605328841,0.0,0.9759727716445923,0.004772340878844261,True,True,496
R4_LHS_03,control,V40_B_E2_C5_2T,S10_HYBRID,displacement,Z,4.392169112804834,0.06661115736885893,0.06661115736885893,0.0,0.99871826171875,0.0,True,True,508
R4_LHS_03,control,V40_B_E2_C5_2T,S10,velocity,Z,2.2250364001517338,0.09991673605328841,0.09991673605328841,0.0,0.9965189695358276,-0.0034373889211565256,True,True,508
R4_LHS_03,control,V40_CPLUS_E2_C5_2T,S10_HYBRID,displacement,X,2.26298052200509,1.1990008326394608,1.1990008326394608,0.0,0.9998288154602051,0.00032634069793857634,True,True,496
R4_LHS_03,control,V40_CPLUS_E2_C5_2T,S10,velocity,X,1.2032199389074467,0.13322231473771787,0.13322231473771787,0.0,0.8931331634521484,-0.02145470678806305,True,True,496
R4_LHS_03,control,V40_CPLUS_E2_C5_2T,S10_HYBRID,displacement,Y,4.401727461994073,0.06661115736885893,0.06661115736885893,0.0,0.9967036247253418,0.0,True,True,496
R4_LHS_03,control,V40_CPLUS_E2_C5_2T,S10,velocity,Y,1.2575649163496485,0.09991673605328841,0.09991673605328841,0.0,0.9789841175079346,0.005616731941699982,True,True,496
R4_LHS_03,control,V40_CPLUS_E2_C5_2T,S10_HYBRID,displacement,Z,5.297514390293239,0.06661115736885893,0.06661115736885893,0.0,0.9993525743484497,0.0,True,True,508
R4_LHS_03,control,V40_CPLUS_E2_C5_2T,S10,velocity,Z,1.9378267159849922,0.09991673605328841,0.09991673605328841,0.0,0.995788037776947,0.0046837511472404,True,True,508
R4_LHS_03,control,V40_C_E2_C5_2T,S10_HYBRID,displacement,X,1.859099607187672,1.1990008326394608,1.1990008326394608,0.0,0.9998923540115356,-8.544309821445495e-05,True,True,496
R4_LHS_03,control,V40_C_E2_C5_2T,S10,velocity,X,1.6165326906568034,2.0316402997501974,0.13322231473771787,1.8984179850124796,0.5202571749687195,0.41746917366981506,True,True,496
R4_LHS_03,control,V40_C_E2_C5_2T,S10_HYBRID,displacement,Y,3.944449864452304,0.06661115736885893,0.06661115736885893,0.0,0.9903333187103271,0.0,True,True,496
R4_LHS_03,control,V40_C_E2_C5_2T,S10,velocity,Y,1.4212019906599926,0.09991673605328841,0.09991673605328841,0.0,0.9798918962478638,-0.0023227788042277098,True,True,496
R4_LHS_03,control,V40_C_E2_C5_2T,S10_HYBRID,displacement,Z,5.068593511483914,0.06661115736885893,0.06661115736885893,0.0,0.9988909363746643,0.0,True,True,508
R4_LHS_03,control,V40_C_E2_C5_2T,S10,velocity,Z,1.9449973310360575,0.09991673605328841,0.09991673605328841,0.0,0.992925763130188,-0.003813857911154628,True,True,508
R4_LHS_03,control,V52_A_E2_C5_2T,S10_HYBRID,displacement,X,1.2828962778011421,1.1990008326394608,1.1990008326394608,0.0,0.9999744296073914,2.5691573682706803e-05,True,True,496
R4_LHS_03,control,V52_A_E2_C5_2T,S10,velocity,X,1.8468870858219686,0.16652789342214733,0.16652789342214733,0.0,0.9262768626213074,0.0014465315034613013,True,True,496
R4_LHS_03,control,V52_A_E2_C5_2T,S10_HYBRID,displacement,Y,3.2809845408720277,0.06661115736885893,0.06661115736885893,0.0,0.996748149394989,0.0,True,True,496
R4_LHS_03,control,V52_A_E2_C5_2T,S10,velocity,Y,1.3102858901826382,0.13322231473771787,0.13322231473771787,0.0,0.9891406893730164,-0.03179370239377022,True,True,496
R4_LHS_03,control,V52_A_E2_C5_2T,S10_HYBRID,displacement,Z,4.373626790831294,0.09991673605328841,0.09991673605328841,0.0,0.9982539415359497,-0.014191359281539917,True,True,508
R4_LHS_03,control,V52_A_E2_C5_2T,S10,velocity,Z,1.9272917443506081,0.13322231473771787,0.13322231473771787,0.0,0.9966105818748474,-0.025167282670736313,True,True,508
R4_LHS_03,control,V52_B_E2_C5_2T,S10_HYBRID,displacement,X,1.6580314043890934,1.1990008326394608,1.1990008326394608,0.0,0.9999502301216125,-0.00037449138471856713,True,True,496
R4_LHS_03,control,V52_B_E2_C5_2T,S10,velocity,X,1.571816207926422,0.16652789342214733,0.16652789342214733,0.0,0.9134734272956848,0.03887920826673508,True,True,496
R4_LHS_03,control,V52_B_E2_C5_2T,S10_HYBRID,displacement,Y,3.4847375325580336,0.06661115736885893,0.06661115736885893,0.0,0.9950574040412903,0.0,True,True,496
R4_LHS_03,control,V52_B_E2_C5_2T,S10,velocity,Y,1.2634967181822432,0.13322231473771787,0.13322231473771787,0.0,0.9848547577857971,0.009500625543296337,True,True,496
R4_LHS_03,control,V52_B_E2_C5_2T,S10_HYBRID,displacement,Z,4.760226104702105,0.09991673605328841,0.09991673605328841,0.0,0.9974229335784912,-0.02977992780506611,True,True,508
R4_LHS_03,control,V52_B_E2_C5_2T,S10,velocity,Z,1.8076776761833755,0.13322231473771787,0.13322231473771787,0.0,0.9974814653396606,-0.004465957637876272,True,True,508
R4_LHS_03,control,V52_CPLUS_E2_C5_2T,S10_HYBRID,displacement,X,2.3859281315574696,1.1990008326394608,1.1990008326394608,0.0,0.99988853931427,-0.0002840785891748965,True,True,496
R4_LHS_03,control,V52_CPLUS_E2_C5_2T,S10,velocity,X,1.1263138148769862,0.16652789342214733,0.16652789342214733,0.0,0.8992182612419128,-0.011869397945702076,True,True,496
R4_LHS_03,control,V52_CPLUS_E2_C5_2T,S10_HYBRID,displacement,Y,4.312037258118472,0.06661115736885893,0.06661115736885893,0.0,0.985746443271637,0.0,True,True,496
R4_LHS_03,control,V52_CPLUS_E2_C5_2T,S10,velocity,Y,1.162451567042393,0.13322231473771787,0.13322231473771787,0.0,0.9703067541122437,-0.012159232050180435,True,True,496
R4_LHS_03,control,V52_CPLUS_E2_C5_2T,S10_HYBRID,displacement,Z,5.461244986075548,0.09991673605328841,0.09991673605328841,0.0,0.9989082217216492,0.006670917849987745,True,True,508
R4_LHS_03,control,V52_CPLUS_E2_C5_2T,S10,velocity,Z,1.6866710645533816,0.13322231473771787,0.13322231473771787,0.0,0.9952468872070312,-0.023385874927043915,True,True,508
R4_LHS_03,control,V52_C_E2_C5_2T,S10_HYBRID,displacement,X,1.842563865125255,1.1990008326394608,1.1990008326394608,0.0,0.9999364018440247,-0.00031251227483153343,True,True,496
R4_LHS_03,control,V52_C_E2_C5_2T,S10,velocity,X,1.3803478338699138,0.16652789342214733,0.16652789342214733,0.0,0.9060478210449219,-0.018340351060032845,True,True,496
R4_LHS_03,control,V52_C_E2_C5_2T,S10_HYBRID,displacement,Y,3.9209430843285973,0.06661115736885893,0.06661115736885893,0.0,0.993787944316864,0.0,True,True,496
R4_LHS_03,control,V52_C_E2_C5_2T,S10,velocity,Y,1.1263061739757214,0.13322231473771787,0.13322231473771787,0.0,0.9703312516212463,-0.014004155062139034,True,True,496
R4_LHS_03,control,V52_C_E2_C5_2T,S10_HYBRID,displacement,Z,4.988362865963321,0.09991673605328841,0.09991673605328841,0.0,0.9987979531288147,0.008828632533550262,True,True,508
R4_LHS_03,control,V52_C_E2_C5_2T,S10,velocity,Z,1.7362215352242194,0.13322231473771787,0.13322231473771787,0.0,0.9954403042793274,-0.029658254235982895,True,True,508
R4_LHS_03,control,V40_A_E3_C6_1T,S10_HYBRID,displacement,X,2.3378700156120216,0.03330557868442947,0.03330557868442947,0.0,0.9757272005081177,0.0,True,True,496
R4_LHS_03,control,V40_A_E3_C6_1T,S10,velocity,X,1.720652999321802,0.09991673605328841,0.09991673605328841,0.0,0.8303029537200928,0.026859188452363014,True,True,496
R4_LHS_03,control,V40_A_E3_C6_1T,S10_HYBRID,displacement,Y,0.6510661114510766,0.06661115736885893,0.06661115736885893,0.0,0.98601233959198,0.0,True,True,496
R4_LHS_03,control,V40_A_E3_C6_1T,S10,velocity,Y,1.8558031531151062,0.06661115736885893,0.06661115736885893,0.0,0.9241061806678772,0.0,True,True,496
R4_LHS_03,control,V40_A_E3_C6_1T,S10_HYBRID,displacement,Z,0.5197698405834695,0.06661115736885893,0.06661115736885893,0.0,0.9927917122840881,0.0,True,True,508
R4_LHS_03,control,V40_A_E3_C6_1T,S10,velocity,Z,2.308819405855008,0.06661115736885893,0.06661115736885893,0.0,0.9830955266952515,0.0,True,True,508
R4_LHS_03,control,V40_B_E3_C6_1T,S10_HYBRID,displacement,X,2.2905669497755863,0.03330557868442947,0.03330557868442947,0.0,0.9583852291107178,0.0,True,True,496
R4_LHS_03,control,V40_B_E3_C6_1T,S10,velocity,X,1.762432255177382,0.09991673605328841,0.09991673605328841,0.0,0.8514872193336487,-0.02053428255021572,True,True,496
R4_LHS_03,control,V40_B_E3_C6_1T,S10_HYBRID,displacement,Y,0.754518957641102,0.06661115736885893,0.06661115736885893,0.0,0.9593941569328308,0.0,True,True,496
R4_LHS_03,control,V40_B_E3_C6_1T,S10,velocity,Y,1.803953651563766,0.09991673605328841,0.09991673605328841,0.0,0.9677978157997131,-0.021209275349974632,True,True,496
R4_LHS_03,control,V40_B_E3_C6_1T,S10_HYBRID,displacement,Z,0.5738937929668131,0.06661115736885893,0.06661115736885893,0.0,0.9639763832092285,0.0,True,True,508
R4_LHS_03,control,V40_B_E3_C6_1T,S10,velocity,Z,2.745710005032036,0.06661115736885893,0.06661115736885893,0.0,0.990043580532074,0.0,True,True,508
R4_LHS_03,control,V40_CPLUS_E3_C6_1T,S10_HYBRID,displacement,X,3.382319674314365,0.03330557868442947,0.03330557868442947,0.0,0.9750860929489136,0.0,True,True,496
R4_LHS_03,control,V40_CPLUS_E3_C6_1T,S10,velocity,X,1.4395889605947332,0.09991673605328841,0.09991673605328841,0.0,0.8520558476448059,0.0389954037964344,True,True,496
R4_LHS_03,control,V40_CPLUS_E3_C6_1T,S10_HYBRID,displacement,Y,1.2057306497667286,0.06661115736885893,0.06661115736885893,0.0,0.9853163957595825,0.0,True,True,496
R4_LHS_03,control,V40_CPLUS_E3_C6_1T,S10,velocity,Y,1.4982314492847202,0.09991673605328841,0.09991673605328841,0.0,0.9602285623550415,0.02310056984424591,True,True,496
R4_LHS_03,control,V40_CPLUS_E3_C6_1T,S10_HYBRID,displacement,Z,0.8918015256016477,0.06661115736885893,0.06661115736885893,0.0,0.9947121739387512,0.0,True,True,508
R4_LHS_03,control,V40_CPLUS_E3_C6_1T,S10,velocity,Z,2.408746769235915,0.06661115736885893,0.06661115736885893,0.0,0.9912750720977783,0.0,True,True,508
R4_LHS_03,control,V40_C_E3_C6_1T,S10_HYBRID,displacement,X,2.6426527174148946,0.03330557868442947,0.03330557868442947,0.0,0.9909681677818298,0.0,True,True,496
R4_LHS_03,control,V40_C_E3_C6_1T,S10,velocity,X,1.4917627183430469,0.09991673605328841,0.09991673605328841,0.0,0.8630175590515137,0.008557355962693691,True,True,496
R4_LHS_03,control,V40_C_E3_C6_1T,S10_HYBRID,displacement,Y,0.9066766997283167,0.06661115736885893,0.06661115736885893,0.0,0.9918904304504395,0.0,True,True,496
R4_LHS_03,control,V40_C_E3_C6_1T,S10,velocity,Y,1.64820145425248,0.09991673605328841,0.09991673605328841,0.0,0.9655376672744751,0.010390504263341427,True,True,496
R4_LHS_03,control,V40_C_E3_C6_1T,S10_HYBRID,displacement,Z,0.6602031967406125,0.06661115736885893,0.06661115736885893,0.0,0.9985418319702148,0.0,True,True,508
R4_LHS_03,control,V40_C_E3_C6_1T,S10,velocity,Z,2.4648735030789886,0.06661115736885893,0.06661115736885893,0.0,0.9945698976516724,0.0,True,True,508
R4_LHS_03,control,V52_A_E3_C6_1T,S10_HYBRID,displacement,X,2.002334031774303,0.03330557868442947,0.03330557868442947,0.0,0.9871450662612915,0.0,True,True,496
R4_LHS_03,control,V52_A_E3_C6_1T,S10,velocity,X,1.9593155350176268,0.09991673605328841,0.09991673605328841,0.0,0.8989091515541077,0.005093839950859547,True,True,496
R4_LHS_03,control,V52_A_E3_C6_1T,S10_HYBRID,displacement,Y,0.6787477208871843,0.06661115736885893,0.06661115736885893,0.0,0.9870789051055908,0.0,True,True,496
R4_LHS_03,control,V52_A_E3_C6_1T,S10,velocity,Y,2.2504393706698393,0.09991673605328841,0.09991673605328841,0.0,0.971089243888855,0.009787162765860558,True,True,496
R4_LHS_03,control,V52_A_E3_C6_1T,S10_HYBRID,displacement,Z,0.479279080166906,0.06661115736885893,0.06661115736885893,0.0,0.9942584037780762,0.0,True,True,508
R4_LHS_03,control,V52_A_E3_C6_1T,S10,velocity,Z,2.6992168404653887,0.09991673605328841,0.09991673605328841,0.0,0.9962999820709229,-0.004030266311019659,True,True,508
R4_LHS_03,control,V52_B_E3_C6_1T,S10_HYBRID,displacement,X,2.780692343066039,0.03330557868442947,0.03330557868442947,0.0,0.9814261198043823,0.0,True,True,496
R4_LHS_03,control,V52_B_E3_C6_1T,S10,velocity,X,1.3693897050425436,0.09991673605328841,0.09991673605328841,0.0,0.900536298751831,0.007970564067363739,True,True,496
R4_LHS_03,control,V52_B_E3_C6_1T,S10_HYBRID,displacement,Y,0.8041528659358277,0.06661115736885893,0.06661115736885893,0.0,0.9855766296386719,0.0,True,True,496
R4_LHS_03,control,V52_B_E3_C6_1T,S10,velocity,Y,1.1597692417630336,0.09991673605328841,0.09991673605328841,0.0,0.9690160155296326,-0.03528321161866188,True,True,496
R4_LHS_03,control,V52_B_E3_C6_1T,S10_HYBRID,displacement,Z,0.650202253174857,0.06661115736885893,0.06661115736885893,0.0,0.9929360151290894,0.0,True,True,508
R4_LHS_03,control,V52_B_E3_C6_1T,S10,velocity,Z,1.7287917707159741,0.09991673605328841,0.09991673605328841,0.0,0.9941783547401428,-0.08413055539131165,True,True,508
R4_LHS_03,control,V52_CPLUS_E3_C6_1T,S10_HYBRID,displacement,X,3.261232881578737,0.03330557868442947,0.03330557868442947,0.0,0.9836792349815369,0.0,True,True,496
R4_LHS_03,control,V52_CPLUS_E3_C6_1T,S10,velocity,X,1.36262094754364,0.09991673605328841,0.13322231473771787,0.03330557868442946,0.9219411015510559,-0.0208429042249918,True,True,496
R4_LHS_03,control,V52_CPLUS_E3_C6_1T,S10_HYBRID,displacement,Y,1.0468337085247306,0.06661115736885893,0.06661115736885893,0.0,0.9827982187271118,0.0,True,True,496
R4_LHS_03,control,V52_CPLUS_E3_C6_1T,S10,velocity,Y,1.3221677011578161,0.13322231473771787,0.09991673605328841,0.03330557868442946,0.9854025840759277,-0.0012860649731010199,True,True,496
R4_LHS_03,control,V52_CPLUS_E3_C6_1T,S10_HYBRID,displacement,Z,0.7204631887717059,0.06661115736885893,0.06661115736885893,0.0,0.9754243493080139,0.0,True,True,508
R4_LHS_03,control,V52_CPLUS_E3_C6_1T,S10,velocity,Z,2.108353669172789,0.09991673605328841,0.09991673605328841,0.0,0.9952066540718079,0.001035606605000794,True,True,508
R4_LHS_03,control,V52_C_E3_C6_1T,S10_HYBRID,displacement,X,3.038830324069335,0.03330557868442947,0.03330557868442947,0.0,0.9756932258605957,0.0,True,True,496
R4_LHS_03,control,V52_C_E3_C6_1T,S10,velocity,X,1.5462510885204124,0.09991673605328841,0.13322231473771787,0.03330557868442946,0.9250060319900513,-0.025014886632561684,True,True,496
R4_LHS_03,control,V52_C_E3_C6_1T,S10_HYBRID,displacement,Y,0.8919743593642169,0.06661115736885893,0.06661115736885893,0.0,0.9805864095687866,0.0,True,True,496
R4_LHS_03,control,V52_C_E3_C6_1T,S10,velocity,Y,1.5482111164758339,0.09991673605328841,0.09991673605328841,0.0,0.9868303537368774,-0.003587896004319191,True,True,496
R4_LHS_03,control,V52_C_E3_C6_1T,S10_HYBRID,displacement,Z,0.6077860656586804,0.06661115736885893,0.06661115736885893,0.0,0.9773979783058167,0.0,True,True,508
R4_LHS_03,control,V52_C_E3_C6_1T,S10,velocity,Z,2.2639230821712,0.09991673605328841,0.09991673605328841,0.0,0.9963913559913635,0.004269037861377001,True,True,508
R4_LHS_03,control,V40_A_E4_C7_1T,S10_HYBRID,displacement,X,1.6235595565276322,1.1990008326394608,1.1990008326394608,0.0,0.9999537467956543,-0.0004192896594759077,True,True,496
R4_LHS_03,control,V40_A_E4_C7_1T,S10,velocity,X,2.689810868704711,0.09991673605328841,0.09991673605328841,0.0,0.8461531400680542,-0.0018207705579698086,True,True,496
R4_LHS_03,control,V40_A_E4_C7_1T,S10_HYBRID,displacement,Y,0.725937132921443,0.06661115736885893,0.06661115736885893,0.0,0.9627777338027954,0.0,True,True,496
R4_LHS_03,control,V40_A_E4_C7_1T,S10,velocity,Y,1.6218142017428903,0.06661115736885893,0.06661115736885893,0.0,0.9528799653053284,0.0,True,True,496
R4_LHS_03,control,V40_A_E4_C7_1T,S10_HYBRID,displacement,Z,0.5385530229636535,0.06661115736885893,0.06661115736885893,0.0,0.9588221311569214,0.0,True,True,508
R4_LHS_03,control,V40_A_E4_C7_1T,S10,velocity,Z,2.6153411083021143,0.06661115736885893,0.06661115736885893,0.0,0.9938003420829773,0.0,True,True,508
R4_LHS_03,control,V40_B_E4_C7_1T,S10_HYBRID,displacement,X,1.4304195798368975,1.1990008326394608,1.1990008326394608,0.0,0.9999200105667114,-0.0003323000855743885,True,True,496
R4_LHS_03,control,V40_B_E4_C7_1T,S10,velocity,X,2.614088086240659,1.9650291423813386,0.09991673605328841,1.8651124063280502,0.5811814069747925,1.0816231966018677,True,True,496
R4_LHS_03,control,V40_B_E4_C7_1T,S10_HYBRID,displacement,Y,0.8895493770734523,0.06661115736885893,0.06661115736885893,0.0,0.9876150488853455,0.0,True,True,496
R4_LHS_03,control,V40_B_E4_C7_1T,S10,velocity,Y,1.3013919983623499,0.09991673605328841,0.09991673605328841,0.0,0.9719135761260986,-0.010369613766670227,True,True,496
R4_LHS_03,control,V40_B_E4_C7_1T,S10_HYBRID,displacement,Z,0.6490727361328545,0.06661115736885893,0.06661115736885893,0.0,0.9953605532646179,0.0,True,True,508
R4_LHS_03,control,V40_B_E4_C7_1T,S10,velocity,Z,2.3836430527599055,0.06661115736885893,0.06661115736885893,0.0,0.9925365447998047,0.0,True,True,508
R4_LHS_03,control,V40_CPLUS_E4_C7_1T,S10_HYBRID,displacement,X,1.8265528283995283,1.1990008326394608,1.1990008326394608,0.0,0.9998427629470825,0.00025897729210555553,True,True,496
R4_LHS_03,control,V40_CPLUS_E4_C7_1T,S10,velocity,X,1.8713524477168009,0.09991673605328841,0.09991673605328841,0.0,0.8685534596443176,0.012561003677546978,True,True,496
R4_LHS_03,control,V40_CPLUS_E4_C7_1T,S10_HYBRID,displacement,Y,1.1682711078604926,0.06661115736885893,0.06661115736885893,0.0,0.9884597063064575,0.0,True,True,496
R4_LHS_03,control,V40_CPLUS_E4_C7_1T,S10,velocity,Y,1.1230024531583387,0.09991673605328841,0.09991673605328841,0.0,0.9648950695991516,0.010962920263409615,True,True,496
R4_LHS_03,control,V40_CPLUS_E4_C7_1T,S10_HYBRID,displacement,Z,1.0288798152344047,0.06661115736885893,0.06661115736885893,0.0,0.9977536201477051,0.0,True,True,508
R4_LHS_03,control,V40_CPLUS_E4_C7_1T,S10,velocity,Z,2.1572105720584385,0.06661115736885893,0.06661115736885893,0.0,0.9948985576629639,0.0,True,True,508
R4_LHS_03,control,V40_C_E4_C7_1T,S10_HYBRID,displacement,X,1.6439137896811693,1.1990008326394608,1.1990008326394608,0.0,0.9999052286148071,-3.304727579234168e-05,True,True,496
R4_LHS_03,control,V40_C_E4_C7_1T,S10,velocity,X,2.0535427253982994,0.09991673605328841,0.09991673605328841,0.0,0.8510612845420837,0.027403494343161583,True,True,496
R4_LHS_03,control,V40_C_E4_C7_1T,S10_HYBRID,displacement,Y,0.91769329521973,0.06661115736885893,0.06661115736885893,0.0,0.9878019690513611,0.0,True,True,496
R4_LHS_03,control,V40_C_E4_C7_1T,S10,velocity,Y,1.297081051824771,0.09991673605328841,0.09991673605328841,0.0,0.9611459374427795,0.0021433522924780846,True,True,496
R4_LHS_03,control,V40_C_E4_C7_1T,S10_HYBRID,displacement,Z,0.7496485669442614,0.06661115736885893,0.06661115736885893,0.0,0.9928918480873108,0.0,True,True,508
R4_LHS_03,control,V40_C_E4_C7_1T,S10,velocity,Z,2.0990062542194967,0.06661115736885893,0.06661115736885893,0.0,0.9876825213432312,0.0,True,True,508
R4_LHS_03,control,V52_A_E4_C7_1T,S10_HYBRID,displacement,X,1.398487958450834,1.1990008326394608,1.1990008326394608,0.0,0.9999709725379944,-0.00023898888321127743,True,True,496
R4_LHS_03,control,V52_A_E4_C7_1T,S10,velocity,X,2.0369053439181846,1.998334721065768,0.09991673605328841,1.8984179850124796,0.6453201770782471,0.4735988974571228,True,True,496
R4_LHS_03,control,V52_A_E4_C7_1T,S10_HYBRID,displacement,Y,0.9205890182517806,0.06661115736885893,0.06661115736885893,0.0,0.9850574135780334,0.0,True,True,496
R4_LHS_03,control,V52_A_E4_C7_1T,S10,velocity,Y,1.2566299805527954,0.09991673605328841,0.09991673605328841,0.0,0.9646479487419128,-0.012030689045786858,True,True,496
R4_LHS_03,control,V52_A_E4_C7_1T,S10_HYBRID,displacement,Z,0.7333399355542999,0.06661115736885893,0.06661115736885893,0.0,0.9916946291923523,0.0,True,True,508
R4_LHS_03,control,V52_A_E4_C7_1T,S10,velocity,Z,1.9212346755916914,0.09991673605328841,0.09991673605328841,0.0,0.9920302629470825,-0.08076948672533035,True,True,508
R4_LHS_03,control,V52_B_E4_C7_1T,S10_HYBRID,displacement,X,1.5189353058898183,1.1990008326394608,1.1990008326394608,0.0,0.9999634623527527,-0.00022327309125103056,True,True,496
R4_LHS_03,control,V52_B_E4_C7_1T,S10,velocity,X,2.2372064355641226,1.9650291423813386,0.09991673605328841,1.8651124063280502,0.6040728092193604,0.4660409092903137,True,True,496
R4_LHS_03,control,V52_B_E4_C7_1T,S10_HYBRID,displacement,Y,0.9011198254712157,0.06661115736885893,0.06661115736885893,0.0,0.988031268119812,0.0,True,True,496
R4_LHS_03,control,V52_B_E4_C7_1T,S10,velocity,Y,1.2602734761076706,0.09991673605328841,0.09991673605328841,0.0,0.9668891429901123,-0.006443597376346588,True,True,496
R4_LHS_03,control,V52_B_E4_C7_1T,S10_HYBRID,displacement,Z,0.6858987836876127,0.06661115736885893,0.06661115736885893,0.0,0.9954404830932617,0.0,True,True,508
R4_LHS_03,control,V52_B_E4_C7_1T,S10,velocity,Z,2.1859247164156606,0.09991673605328841,0.09991673605328841,0.0,0.9946230053901672,-0.01538514532148838,True,True,508
R4_LHS_03,control,V52_CPLUS_E4_C7_1T,S10_HYBRID,displacement,X,1.7365962542988649,1.1990008326394608,1.1990008326394608,0.0,0.9999173879623413,-0.00017224236216861755,True,True,496
R4_LHS_03,control,V52_CPLUS_E4_C7_1T,S10,velocity,X,1.4415450640106013,0.09991673605328841,0.13322231473771787,0.03330557868442946,0.9036877751350403,-0.03574836999177933,True,True,496
R4_LHS_03,control,V52_CPLUS_E4_C7_1T,S10_HYBRID,displacement,Y,1.2392641461285017,0.06661115736885893,0.06661115736885893,0.0,0.9762275218963623,0.0,True,True,496
R4_LHS_03,control,V52_CPLUS_E4_C7_1T,S10,velocity,Y,1.1382905236327534,0.13322231473771787,0.13322231473771787,0.0,0.9753965735435486,-0.04841633141040802,True,True,496
R4_LHS_03,control,V52_CPLUS_E4_C7_1T,S10_HYBRID,displacement,Z,1.0211619256004758,0.06661115736885893,0.06661115736885893,0.0,0.9722236394882202,0.0,True,True,508
R4_LHS_03,control,V52_CPLUS_E4_C7_1T,S10,velocity,Z,1.8589073938329972,0.09991673605328841,0.09991673605328841,0.0,0.9876081347465515,-0.09796509891748428,True,True,508
R4_LHS_03,control,V52_C_E4_C7_1T,S10_HYBRID,displacement,X,1.7296823230246043,1.1990008326394608,1.1990008326394608,0.0,0.999950647354126,-0.00016714271623641253,True,True,496
R4_LHS_03,control,V52_C_E4_C7_1T,S10,velocity,X,1.7088787228741975,1.998334721065768,0.09991673605328841,1.8984179850124796,0.4396025538444519,-0.3590075969696045,True,True,496
R4_LHS_03,control,V52_C_E4_C7_1T,S10_HYBRID,displacement,Y,1.0471169414106234,0.06661115736885893,0.06661115736885893,0.0,0.9889659285545349,0.0,True,True,496
R4_LHS_03,control,V52_C_E4_C7_1T,S10,velocity,Y,1.2164171457915645,0.09991673605328841,0.09991673605328841,0.0,0.9660860300064087,-0.008410983718931675,True,True,496
R4_LHS_03,control,V52_C_E4_C7_1T,S10_HYBRID,displacement,Z,0.7727425192082962,0.06661115736885893,0.06661115736885893,0.0,0.9959028959274292,0.0,True,True,508
R4_LHS_03,control,V52_C_E4_C7_1T,S10,velocity,Z,2.1911064882537503,0.09991673605328841,0.09991673605328841,0.0,0.9939557313919067,-0.022527972236275673,True,True,508
R4_LHS_03,control,V40_A_E5_C9_1T,S10_HYBRID,displacement,X,1.52868081496679,1.1990008326394608,1.1990008326394608,0.0,0.9999487400054932,-0.00014688751252833754,True,True,496
R4_LHS_03,control,V40_A_E5_C9_1T,S10,velocity,X,2.3488734724875413,1.931723563696909,0.09991673605328841,1.8318068276436206,0.6777368187904358,-0.3248436748981476,True,True,496
R4_LHS_03,control,V40_A_E5_C9_1T,S10_HYBRID,displacement,Y,0.8099717864180067,0.06661115736885893,0.06661115736885893,0.0,0.9169291853904724,0.0,True,True,496
R4_LHS_03,control,V40_A_E5_C9_1T,S10,velocity,Y,1.372214625994827,0.06661115736885893,0.06661115736885893,0.0,0.9429184198379517,0.0,True,True,496
R4_LHS_03,control,V40_A_E5_C9_1T,S10_HYBRID,displacement,Z,0.6059019323715388,0.06661115736885893,0.06661115736885893,0.0,0.8831661343574524,0.0,True,True,508
R4_LHS_03,control,V40_A_E5_C9_1T,S10,velocity,Z,2.544786458674651,0.06661115736885893,0.06661115736885893,0.0,0.9903867244720459,0.0,True,True,508
R4_LHS_03,control,V40_B_E5_C9_1T,S10_HYBRID,displacement,X,1.6310437655081946,1.1990008326394608,1.1990008326394608,0.0,0.9999274015426636,-1.734875149850268e-05,True,True,496
R4_LHS_03,control,V40_B_E5_C9_1T,S10,velocity,X,2.2402677134035796,1.931723563696909,0.09991673605328841,1.8318068276436206,0.6245325207710266,-0.14772769808769226,True,True,496
R4_LHS_03,control,V40_B_E5_C9_1T,S10_HYBRID,displacement,Y,0.8359288651465462,0.06661115736885893,0.06661115736885893,0.0,0.9471642374992371,0.0,True,True,496
R4_LHS_03,control,V40_B_E5_C9_1T,S10,velocity,Y,1.2847900696021475,0.09991673605328841,0.06661115736885893,0.033305578684429474,0.9706282019615173,0.028439363464713097,True,True,496
R4_LHS_03,control,V40_B_E5_C9_1T,S10_HYBRID,displacement,Z,0.6239805301487237,0.06661115736885893,0.06661115736885893,0.0,0.9197225570678711,0.0,True,True,508
R4_LHS_03,control,V40_B_E5_C9_1T,S10,velocity,Z,2.546827374339363,0.06661115736885893,0.06661115736885893,0.0,0.9911345839500427,0.0,True,True,508
R4_LHS_03,control,V40_CPLUS_E5_C9_1T,S10_HYBRID,displacement,X,2.062938397460717,1.1990008326394608,1.1990008326394608,0.0,0.9998120069503784,-2.0421215594979003e-05,True,True,496
R4_LHS_03,control,V40_CPLUS_E5_C9_1T,S10,velocity,X,1.641941969141159,0.09991673605328841,0.09991673605328841,0.0,0.8667091131210327,0.01546718180179596,True,True,496
R4_LHS_03,control,V40_CPLUS_E5_C9_1T,S10_HYBRID,displacement,Y,1.400637180168305,0.06661115736885893,0.06661115736885893,0.0,0.9749694466590881,0.0,True,True,496
R4_LHS_03,control,V40_CPLUS_E5_C9_1T,S10,velocity,Y,1.3003879386014239,0.09991673605328841,0.09991673605328841,0.0,0.9672868847846985,-0.018655655905604362,True,True,496
R4_LHS_03,control,V40_CPLUS_E5_C9_1T,S10_HYBRID,displacement,Z,0.9923418025845421,0.06661115736885893,0.06661115736885893,0.0,0.9897041916847229,0.0,True,True,508
R4_LHS_03,control,V40_CPLUS_E5_C9_1T,S10,velocity,Z,2.362369428322687,0.06661115736885893,0.06661115736885893,0.0,0.988067090511322,0.0,True,True,508
R4_LHS_03,control,V40_C_E5_C9_1T,S10_HYBRID,displacement,X,1.9591081319761623,1.1990008326394608,1.1990008326394608,0.0,0.9999037981033325,0.0002479666727595031,True,True,496
R4_LHS_03,control,V40_C_E5_C9_1T,S10,velocity,X,1.688376409553004,0.09991673605328841,0.09991673605328841,0.0,0.8449786901473999,0.03541210666298866,True,True,496
R4_LHS_03,control,V40_C_E5_C9_1T,S10_HYBRID,displacement,Y,1.0127134453535198,0.06661115736885893,0.06661115736885893,0.0,0.9906954169273376,0.0,True,True,496
R4_LHS_03,control,V40_C_E5_C9_1T,S10,velocity,Y,1.2052908305999745,0.09991673605328841,0.09991673605328841,0.0,0.9620327949523926,-0.009516434744000435,True,True,496
R4_LHS_03,control,V40_C_E5_C9_1T,S10_HYBRID,displacement,Z,0.8617607779537512,0.06661115736885893,0.06661115736885893,0.0,0.9939238429069519,0.0,True,True,508
R4_LHS_03,control,V40_C_E5_C9_1T,S10,velocity,Z,2.200925504483115,0.06661115736885893,0.06661115736885893,0.0,0.9879197478294373,0.0,True,True,508
R4_LHS_03,control,V52_A_E5_C9_1T,S10_HYBRID,displacement,X,1.4351110733024504,1.1990008326394608,1.1990008326394608,0.0,0.9999656677246094,-0.00030963102472014725,True,True,496
R4_LHS_03,control,V52_A_E5_C9_1T,S10,velocity,X,2.057503708097219,0.09991673605328841,0.09991673605328841,0.0,0.8505278825759888,0.014497650787234306,True,True,496
R4_LHS_03,control,V52_A_E5_C9_1T,S10_HYBRID,displacement,Y,0.9728464925656217,0.06661115736885893,0.06661115736885893,0.0,0.9872040152549744,0.0,True,True,496
R4_LHS_03,control,V52_A_E5_C9_1T,S10,velocity,Y,1.2227954023928953,0.09991673605328841,0.09991673605328841,0.0,0.9642861485481262,-0.016487032175064087,True,True,496
R4_LHS_03,control,V52_A_E5_C9_1T,S10_HYBRID,displacement,Z,0.7494408922907975,0.06661115736885893,0.06661115736885893,0.0,0.9956638813018799,0.0,True,True,508
R4_LHS_03,control,V52_A_E5_C9_1T,S10,velocity,Z,1.995408352964739,0.09991673605328841,0.09991673605328841,0.0,0.9924784898757935,-0.07097840309143066,True,True,508
R4_LHS_03,control,V52_B_E5_C9_1T,S10_HYBRID,displacement,X,1.4216255155722652,1.1990008326394608,1.1990008326394608,0.0,0.9999686479568481,-0.00014277806621976197,True,True,496
R4_LHS_03,control,V52_B_E5_C9_1T,S10,velocity,X,1.800212933533518,0.09991673605328841,0.09991673605328841,0.0,0.9361579418182373,0.004826052580028772,True,True,496
R4_LHS_03,control,V52_B_E5_C9_1T,S10_HYBRID,displacement,Y,0.9541693487877924,0.06661115736885893,0.06661115736885893,0.0,0.9927375316619873,0.0,True,True,496
R4_LHS_03,control,V52_B_E5_C9_1T,S10,velocity,Y,1.048042033613178,0.09991673605328841,0.09991673605328841,0.0,0.9639335870742798,0.005938056390732527,True,True,496
R4_LHS_03,control,V52_B_E5_C9_1T,S10_HYBRID,displacement,Z,0.7029568406366109,0.06661115736885893,0.06661115736885893,0.0,0.9971243739128113,0.0,True,True,508
R4_LHS_03,control,V52_B_E5_C9_1T,S10,velocity,Z,1.675376453295562,0.09991673605328841,0.09991673605328841,0.0,0.9967920780181885,-0.013704471290111542,True,True,508
R4_LHS_03,control,V52_CPLUS_E5_C9_1T,S10_HYBRID,displacement,X,2.02873736414076,1.1990008326394608,1.1990008326394608,0.0,0.9999172687530518,-4.5880588004365563e-05,True,True,496
R4_LHS_03,control,V52_CPLUS_E5_C9_1T,S10,velocity,X,1.6083986347888468,0.09991673605328841,0.09991673605328841,0.0,0.8682069182395935,0.012767430394887924,True,True,496
R4_LHS_03,control,V52_CPLUS_E5_C9_1T,S10_HYBRID,displacement,Y,1.3842660622664225,0.06661115736885893,0.06661115736885893,0.0,0.9911454916000366,0.0,True,True,496
R4_LHS_03,control,V52_CPLUS_E5_C9_1T,S10,velocity,Y,1.0775187211530108,0.13322231473771787,0.13322231473771787,0.0,0.9702361226081848,-0.002464929362758994,True,True,496
R4_LHS_03,control,V52_CPLUS_E5_C9_1T,S10_HYBRID,displacement,Z,0.9233521341500153,0.06661115736885893,0.06661115736885893,0.0,0.9966000318527222,0.0,True,True,508
R4_LHS_03,control,V52_CPLUS_E5_C9_1T,S10,velocity,Z,1.7841730477921394,0.09991673605328841,0.09991673605328841,0.0,0.9901193976402283,-0.017395000904798508,True,True,508
R4_LHS_03,control,V52_C_E5_C9_1T,S10_HYBRID,displacement,X,1.7097682400115222,1.1990008326394608,1.1990008326394608,0.0,0.9999515414237976,-9.204560228681657e-06,True,True,496
R4_LHS_03,control,V52_C_E5_C9_1T,S10,velocity,X,1.6664365584788636,0.09991673605328841,0.13322231473771787,0.03330557868442946,0.9112211465835571,-0.023539993911981583,True,True,496
R4_LHS_03,control,V52_C_E5_C9_1T,S10_HYBRID,displacement,Y,1.0664189976993266,0.06661115736885893,0.06661115736885893,0.0,0.9796271920204163,0.0,True,True,496
R4_LHS_03,control,V52_C_E5_C9_1T,S10,velocity,Y,1.0768791099556043,0.09991673605328841,0.13322231473771787,0.03330557868442946,0.974211573600769,-0.04378591850399971,True,True,496
R4_LHS_03,control,V52_C_E5_C9_1T,S10_HYBRID,displacement,Z,0.888954785716017,0.06661115736885893,0.06661115736885893,0.0,0.9843311309814453,0.0,True,True,508
R4_LHS_03,control,V52_C_E5_C9_1T,S10,velocity,Z,1.9343467714756495,0.09991673605328841,0.09991673605328841,0.0,0.9903026223182678,-0.06928641349077225,True,True,508
R4_LHS_03,control,V40_A_E6_C10_1T,S10_HYBRID,displacement,X,1.8144851225016219,0.03330557868442947,0.03330557868442947,0.0,0.9585380554199219,0.0,True,True,496
R4_LHS_03,control,V40_A_E6_C10_1T,S10,velocity,X,2.131214011925006,0.09991673605328841,0.09991673605328841,0.0,0.823941707611084,-0.006193876266479492,True,True,496
R4_LHS_03,control,V40_A_E6_C10_1T,S10_HYBRID,displacement,Y,0.6314964507812848,0.06661115736885893,0.06661115736885893,0.0,0.9765820503234863,0.0,True,True,496
R4_LHS_03,control,V40_A_E6_C10_1T,S10,velocity,Y,2.0310041575793583,0.06661115736885893,0.09991673605328841,0.033305578684429474,0.9381267428398132,0.0,True,True,496
R4_LHS_03,control,V40_A_E6_C10_1T,S10_HYBRID,displacement,Z,0.4668900978623888,0.06661115736885893,0.06661115736885893,0.0,0.9941727519035339,0.0,True,True,508
R4_LHS_03,control,V40_A_E6_C10_1T,S10,velocity,Z,3.036769440776551,0.06661115736885893,0.06661115736885893,0.0,0.9914271235466003,0.0,True,True,508
R4_LHS_03,control,V40_B_E6_C10_1T,S10_HYBRID,displacement,X,2.2544954234973136,0.03330557868442947,0.03330557868442947,0.0,0.986388623714447,0.0,True,True,496
R4_LHS_03,control,V40_B_E6_C10_1T,S10,velocity,X,1.6441294691305721,0.09991673605328841,0.09991673605328841,0.0,0.8543451428413391,-0.002511912025511265,True,True,496
R4_LHS_03,control,V40_B_E6_C10_1T,S10_HYBRID,displacement,Y,0.7722608589378176,0.06661115736885893,0.06661115736885893,0.0,0.991692066192627,0.0,True,True,496
R4_LHS_03,control,V40_B_E6_C10_1T,S10,velocity,Y,1.6638795131693904,0.09991673605328841,0.09991673605328841,0.0,0.9645593166351318,0.002452671527862549,True,True,496
R4_LHS_03,control,V40_B_E6_C10_1T,S10_HYBRID,displacement,Z,0.5551636838165656,0.06661115736885893,0.06661115736885893,0.0,0.9953592419624329,0.0,True,True,508
R4_LHS_03,control,V40_B_E6_C10_1T,S10,velocity,Z,2.1573131109756294,0.06661115736885893,0.06661115736885893,0.0,0.9913960099220276,0.0,True,True,508
R4_LHS_03,control,V40_CPLUS_E6_C10_1T,S10_HYBRID,displacement,X,3.3893548856417053,0.03330557868442947,0.03330557868442947,0.0,0.9693254232406616,0.0,True,True,496
R4_LHS_03,control,V40_CPLUS_E6_C10_1T,S10,velocity,X,1.687429224956796,0.09991673605328841,0.09991673605328841,0.0,0.8548452258110046,0.04173089563846588,True,True,496
R4_LHS_03,control,V40_CPLUS_E6_C10_1T,S10_HYBRID,displacement,Y,1.1647333038697418,0.06661115736885893,0.06661115736885893,0.0,0.9798248410224915,0.0,True,True,496
R4_LHS_03,control,V40_CPLUS_E6_C10_1T,S10,velocity,Y,1.8513698606479774,0.09991673605328841,0.09991673605328841,0.0,0.9594844579696655,0.014967095106840134,True,True,496
R4_LHS_03,control,V40_CPLUS_E6_C10_1T,S10_HYBRID,displacement,Z,0.8941032851507222,0.06661115736885893,0.06661115736885893,0.0,0.9926396012306213,0.0,True,True,508
R4_LHS_03,control,V40_CPLUS_E6_C10_1T,S10,velocity,Z,2.564537694239748,0.06661115736885893,0.06661115736885893,0.0,0.9910092949867249,0.0,True,True,508
R4_LHS_03,control,V40_C_E6_C10_1T,S10_HYBRID,displacement,X,3.0529859339022285,0.03330557868442947,0.03330557868442947,0.0,0.9698383212089539,0.0,True,True,496
R4_LHS_03,control,V40_C_E6_C10_1T,S10,velocity,X,1.7990139975981965,0.09991673605328841,0.06661115736885893,0.033305578684429474,0.8648902773857117,0.04047175869345665,True,True,496
R4_LHS_03,control,V40_C_E6_C10_1T,S10_HYBRID,displacement,Y,0.8949932962950391,0.06661115736885893,0.06661115736885893,0.0,0.9835636019706726,0.0,True,True,496
R4_LHS_03,control,V40_C_E6_C10_1T,S10,velocity,Y,1.9685755174541242,0.09991673605328841,0.09991673605328841,0.0,0.9617663025856018,0.00292070466093719,True,True,496
R4_LHS_03,control,V40_C_E6_C10_1T,S10_HYBRID,displacement,Z,0.7236165226660376,0.06661115736885893,0.06661115736885893,0.0,0.9929358959197998,0.0,True,True,508
R4_LHS_03,control,V40_C_E6_C10_1T,S10,velocity,Z,2.540355147046856,0.06661115736885893,0.06661115736885893,0.0,0.9899042248725891,0.0,True,True,508
R4_LHS_03,control,V52_A_E6_C10_1T,S10_HYBRID,displacement,X,2.1477836298896094,0.03330557868442947,0.03330557868442947,0.0,0.987282931804657,0.0,True,True,496
R4_LHS_03,control,V52_A_E6_C10_1T,S10,velocity,X,2.037017756096595,0.09991673605328841,0.13322231473771787,0.03330557868442946,0.9221026301383972,-0.021974962204694748,True,True,496
R4_LHS_03,control,V52_A_E6_C10_1T,S10_HYBRID,displacement,Y,0.6715647370475034,0.06661115736885893,0.06661115736885893,0.0,0.992182195186615,0.0,True,True,496
R4_LHS_03,control,V52_A_E6_C10_1T,S10,velocity,Y,1.8017993470099505,0.09991673605328841,0.09991673605328841,0.0,0.9830285906791687,0.00369148887693882,True,True,496
R4_LHS_03,control,V52_A_E6_C10_1T,S10_HYBRID,displacement,Z,0.4811844685419739,0.06661115736885893,0.06661115736885893,0.0,0.9930557012557983,0.0,True,True,508
R4_LHS_03,control,V52_A_E6_C10_1T,S10,velocity,Z,2.8366975411464024,0.09991673605328841,0.09991673605328841,0.0,0.9963258504867554,-0.002663868945091963,True,True,508
R4_LHS_03,control,V52_B_E6_C10_1T,S10_HYBRID,displacement,X,2.873950818705392,0.03330557868442947,0.03330557868442947,0.0,0.9804643392562866,0.0,True,True,496
R4_LHS_03,control,V52_B_E6_C10_1T,S10,velocity,X,1.4147279405340691,0.09991673605328841,0.09991673605328841,0.0,0.8934635519981384,0.006866535171866417,True,True,496
R4_LHS_03,control,V52_B_E6_C10_1T,S10_HYBRID,displacement,Y,0.7990482247790631,0.06661115736885893,0.06661115736885893,0.0,0.9836437106132507,0.0,True,True,496
R4_LHS_03,control,V52_B_E6_C10_1T,S10,velocity,Y,1.3024366656263313,0.09991673605328841,0.09991673605328841,0.0,0.9707753658294678,-0.04376357048749924,True,True,496
R4_LHS_03,control,V52_B_E6_C10_1T,S10_HYBRID,displacement,Z,0.6402696894685116,0.06661115736885893,0.06661115736885893,0.0,0.9912546277046204,0.0,True,True,508
R4_LHS_03,control,V52_B_E6_C10_1T,S10,velocity,Z,1.9344658832772366,0.09991673605328841,0.09991673605328841,0.0,0.9932372570037842,-0.0903557538986206,True,True,508
R4_LHS_03,control,V52_CPLUS_E6_C10_1T,S10_HYBRID,displacement,X,3.199841046764746,0.03330557868442947,0.03330557868442947,0.0,0.9860596656799316,0.0,True,True,496
R4_LHS_03,control,V52_CPLUS_E6_C10_1T,S10,velocity,X,1.3652965405641628,0.09991673605328841,0.13322231473771787,0.03330557868442946,0.8889734745025635,-0.044395722448825836,True,True,496
R4_LHS_03,control,V52_CPLUS_E6_C10_1T,S10_HYBRID,displacement,Y,1.124962321955427,0.06661115736885893,0.06661115736885893,0.0,0.9736533761024475,0.0,True,True,496
R4_LHS_03,control,V52_CPLUS_E6_C10_1T,S10,velocity,Y,1.2920436740477441,0.13322231473771787,0.13322231473771787,0.0,0.9726980924606323,-0.05528392642736435,True,True,496
R4_LHS_03,control,V52_CPLUS_E6_C10_1T,S10_HYBRID,displacement,Z,0.847433892964059,0.06661115736885893,0.06661115736885893,0.0,0.967915415763855,0.0,True,True,508
R4_LHS_03,control,V52_CPLUS_E6_C10_1T,S10,velocity,Z,2.073308974290768,0.09991673605328841,0.09991673605328841,0.0,0.9894736409187317,-0.11006021499633789,True,True,508
R4_LHS_03,control,V52_C_E6_C10_1T,S10_HYBRID,displacement,X,2.8431061253990917,0.03330557868442947,0.03330557868442947,0.0,0.9968859553337097,0.0,True,True,496
R4_LHS_03,control,V52_C_E6_C10_1T,S10,velocity,X,1.2969164058619413,0.09991673605328841,0.09991673605328841,0.0,0.9390614628791809,-0.005170712247490883,True,True,496
R4_LHS_03,control,V52_C_E6_C10_1T,S10_HYBRID,displacement,Y,0.9846920177709962,0.06661115736885893,0.06661115736885893,0.0,0.99448561668396,0.0,True,True,496
R4_LHS_03,control,V52_C_E6_C10_1T,S10,velocity,Y,1.2064040281959414,0.09991673605328841,0.09991673605328841,0.0,0.9589444398880005,0.0055414848029613495,True,True,496
R4_LHS_03,control,V52_C_E6_C10_1T,S10_HYBRID,displacement,Z,0.679184856595856,0.06661115736885893,0.06661115736885893,0.0,0.9981067776679993,0.0,True,True,508
R4_LHS_03,control,V52_C_E6_C10_1T,S10,velocity,Z,2.0255903964003807,0.09991673605328841,0.09991673605328841,0.0,0.9964684844017029,-0.008202934637665749,True,True,508
R4_LHS_03,control,V40_A_E7_C11_2T,S10_HYBRID,displacement,X,1.4482659401644953,1.1990008326394608,1.1990008326394608,0.0,0.9999486804008484,0.00015363184502348304,True,True,496
R4_LHS_03,control,V40_A_E7_C11_2T,S10,velocity,X,1.464319200020749,1.9650291423813386,0.13322231473771787,1.8318068276436208,0.5707728862762451,0.4818390905857086,True,True,496
R4_LHS_03,control,V40_A_E7_C11_2T,S10_HYBRID,displacement,Y,3.606845515761019,0.06661115736885893,0.06661115736885893,0.0,0.9919742941856384,0.0,True,True,496
R4_LHS_03,control,V40_A_E7_C11_2T,S10,velocity,Y,1.6302288805075404,0.09991673605328841,0.09991673605328841,0.0,0.9754840731620789,0.014596079476177692,True,True,496
R4_LHS_03,control,V40_A_E7_C11_2T,S10_HYBRID,displacement,Z,4.669037086569148,0.06661115736885893,0.06661115736885893,0.0,0.9965108633041382,0.0,True,True,508
R4_LHS_03,control,V40_A_E7_C11_2T,S10,velocity,Z,2.431285323243626,0.09991673605328841,0.09991673605328841,0.0,0.9953926205635071,0.0012878269189968705,True,True,508
R4_LHS_03,control,V40_B_E7_C11_2T,S10_HYBRID,displacement,X,1.6718614853627374,1.1990008326394608,1.1990008326394608,0.0,0.9999257326126099,0.00036487498437054455,True,True,496
R4_LHS_03,control,V40_B_E7_C11_2T,S10,velocity,X,1.87641886908445,4.629475437135696,0.13322231473771787,4.496253122397978,0.7200571894645691,0.5018072724342346,True,True,496
R4_LHS_03,control,V40_B_E7_C11_2T,S10_HYBRID,displacement,Y,3.7958768863413477,0.06661115736885893,0.06661115736885893,0.0,0.9917831420898438,0.0,True,True,496
R4_LHS_03,control,V40_B_E7_C11_2T,S10,velocity,Y,1.5336296286590358,0.09991673605328841,0.09991673605328841,0.0,0.963429868221283,-0.012271693907678127,True,True,496
R4_LHS_03,control,V40_B_E7_C11_2T,S10_HYBRID,displacement,Z,4.857737611471821,0.06661115736885893,0.06661115736885893,0.0,0.9988248348236084,0.0,True,True,508
R4_LHS_03,control,V40_B_E7_C11_2T,S10,velocity,Z,2.3999868905630635,0.09991673605328841,0.09991673605328841,0.0,0.9936562776565552,-0.020800231024622917,True,True,508
R4_LHS_03,control,V40_CPLUS_E7_C11_2T,S10_HYBRID,displacement,X,2.1013278391436274,1.1990008326394608,1.1990008326394608,0.0,0.9998276233673096,-0.00022140836517792195,True,True,496
R4_LHS_03,control,V40_CPLUS_E7_C11_2T,S10,velocity,X,1.2410156117194755,0.13322231473771787,0.13322231473771787,0.0,0.9096247553825378,-0.02059236168861389,True,True,496
R4_LHS_03,control,V40_CPLUS_E7_C11_2T,S10_HYBRID,displacement,Y,4.576670253337222,0.06661115736885893,0.06661115736885893,0.0,0.9874074459075928,0.0,True,True,496
R4_LHS_03,control,V40_CPLUS_E7_C11_2T,S10,velocity,Y,1.435838628936587,0.09991673605328841,0.09991673605328841,0.0,0.9802665114402771,-0.019775792956352234,True,True,496
R4_LHS_03,control,V40_CPLUS_E7_C11_2T,S10_HYBRID,displacement,Z,5.755916044853061,0.06661115736885893,0.06661115736885893,0.0,0.9969167113304138,0.0,True,True,508
R4_LHS_03,control,V40_CPLUS_E7_C11_2T,S10,velocity,Z,2.1406888702859885,0.09991673605328841,0.09991673605328841,0.0,0.995703399181366,-0.013818512670695782,True,True,508
R4_LHS_03,control,V40_C_E7_C11_2T,S10_HYBRID,displacement,X,1.6921658991532886,1.1990008326394608,1.1990008326394608,0.0,0.9998989105224609,-9.797494567465037e-05,True,True,496
R4_LHS_03,control,V40_C_E7_C11_2T,S10,velocity,X,1.443955713045522,1.9650291423813386,0.13322231473771787,1.8318068276436208,0.641838788986206,-0.48514068126678467,True,True,496
R4_LHS_03,control,V40_C_E7_C11_2T,S10_HYBRID,displacement,Y,4.3144566752506766,0.06661115736885893,0.06661115736885893,0.0,0.9843077063560486,0.0,True,True,496
R4_LHS_03,control,V40_C_E7_C11_2T,S10,velocity,Y,1.3795146013396136,0.09991673605328841,0.09991673605328841,0.0,0.983967661857605,-0.02251923829317093,True,True,496
R4_LHS_03,control,V40_C_E7_C11_2T,S10_HYBRID,displacement,Z,5.41629151023457,0.06661115736885893,0.06661115736885893,0.0,0.9952009916305542,0.0,True,True,508
R4_LHS_03,control,V40_C_E7_C11_2T,S10,velocity,Z,2.106209148166542,0.09991673605328841,0.09991673605328841,0.0,0.9951207041740417,-0.018626036122441292,True,True,508
R4_LHS_03,control,V52_A_E7_C11_2T,S10_HYBRID,displacement,X,1.5056570801102263,1.1990008326394608,1.1990008326394608,0.0,0.9999662637710571,-0.00012580033217091113,True,True,496
R4_LHS_03,control,V52_A_E7_C11_2T,S10,velocity,X,1.7960490917538867,0.16652789342214733,0.16652789342214733,0.0,0.8855003714561462,-0.0005024771671742201,True,True,496
R4_LHS_03,control,V52_A_E7_C11_2T,S10_HYBRID,displacement,Y,3.822242206145603,0.06661115736885893,0.06661115736885893,0.0,0.9943026900291443,0.0,True,True,496
R4_LHS_03,control,V52_A_E7_C11_2T,S10,velocity,Y,1.3709727410379422,0.13322231473771787,0.13322231473771787,0.0,0.9821968674659729,0.021699417382478714,True,True,496
R4_LHS_03,control,V52_A_E7_C11_2T,S10_HYBRID,displacement,Z,5.135291717317807,0.09991673605328841,0.09991673605328841,0.0,0.9981398582458496,-0.0037953180726617575,True,True,508
R4_LHS_03,control,V52_A_E7_C11_2T,S10,velocity,Z,1.9251141766664575,0.13322231473771787,0.13322231473771787,0.0,0.9943056702613831,0.009598364122211933,True,True,508
R4_LHS_03,control,V52_B_E7_C11_2T,S10_HYBRID,displacement,X,1.7289349203184101,1.1990008326394608,1.1990008326394608,0.0,0.9999446272850037,-0.00019295034871902317,True,True,496
R4_LHS_03,control,V52_B_E7_C11_2T,S10,velocity,X,1.3691549079168321,0.16652789342214733,0.16652789342214733,0.0,0.9042653441429138,0.012454417534172535,True,True,496
R4_LHS_03,control,V52_B_E7_C11_2T,S10_HYBRID,displacement,Y,3.7930462525074846,0.06661115736885893,0.06661115736885893,0.0,0.9931226968765259,0.0,True,True,496
R4_LHS_03,control,V52_B_E7_C11_2T,S10,velocity,Y,1.1554643874451263,0.13322231473771787,0.13322231473771787,0.0,0.9823571443557739,0.016077812761068344,True,True,496
R4_LHS_03,control,V52_B_E7_C11_2T,S10_HYBRID,displacement,Z,5.136407252401195,0.09991673605328841,0.09991673605328841,0.0,0.9942190647125244,-0.02289208397269249,True,True,508
R4_LHS_03,control,V52_B_E7_C11_2T,S10,velocity,Z,1.7663845788036938,0.13322231473771787,0.13322231473771787,0.0,0.9972108602523804,0.004391057416796684,True,True,508
R4_LHS_03,control,V52_CPLUS_E7_C11_2T,S10_HYBRID,displacement,X,2.0549108975728596,1.1990008326394608,1.1990008326394608,0.0,0.9998719692230225,-0.00032394335721619427,True,True,496
R4_LHS_03,control,V52_CPLUS_E7_C11_2T,S10,velocity,X,1.150390542153711,0.16652789342214733,0.16652789342214733,0.0,0.9174016714096069,0.018056116998195648,True,True,496
R4_LHS_03,control,V52_CPLUS_E7_C11_2T,S10_HYBRID,displacement,Y,4.313239854250168,0.06661115736885893,0.06661115736885893,0.0,0.9956067204475403,0.0,True,True,496
R4_LHS_03,control,V52_CPLUS_E7_C11_2T,S10,velocity,Y,1.109722877445749,0.13322231473771787,0.13322231473771787,0.0,0.9794157147407532,0.006041104905307293,True,True,496
R4_LHS_03,control,V52_CPLUS_E7_C11_2T,S10_HYBRID,displacement,Z,5.7526592193050385,0.09991673605328841,0.09991673605328841,0.0,0.9978108406066895,-0.022618776187300682,True,True,508
R4_LHS_03,control,V52_CPLUS_E7_C11_2T,S10,velocity,Z,1.6290519229797127,0.13322231473771787,0.13322231473771787,0.0,0.9973312616348267,0.0014719904866069555,True,True,508
R4_LHS_03,control,V52_C_E7_C11_2T,S10_HYBRID,displacement,X,1.7518304231445103,1.1990008326394608,1.1990008326394608,0.0,0.9999557137489319,0.00014166257460601628,True,True,496
R4_LHS_03,control,V52_C_E7_C11_2T,S10,velocity,X,1.0940242993732983,0.16652789342214733,0.16652789342214733,0.0,0.9497082829475403,-0.020204534754157066,True,True,496
R4_LHS_03,control,V52_C_E7_C11_2T,S10_HYBRID,displacement,Y,4.034226735670979,0.06661115736885893,0.06661115736885893,0.0,0.9989259839057922,0.0,True,True,496
R4_LHS_03,control,V52_C_E7_C11_2T,S10,velocity,Y,1.0785364502804622,0.13322231473771787,0.13322231473771787,0.0,0.9877791404724121,0.007716087158769369,True,True,496
R4_LHS_03,control,V52_C_E7_C11_2T,S10_HYBRID,displacement,Z,5.193649849648005,0.09991673605328841,0.09991673605328841,0.0,0.999302864074707,0.0010113759199157357,True,True,508
R4_LHS_03,control,V52_C_E7_C11_2T,S10,velocity,Z,1.5959478380573406,0.13322231473771787,0.13322231473771787,0.0,0.9966766834259033,0.008284657262265682,True,True,508
R4_LHS_03,control,V40_A_E8_C12_2T,S10_HYBRID,displacement,X,2.279320662472074,0.06661115736885893,0.06661115736885893,0.0,0.9561368823051453,0.0,True,True,496
R4_LHS_03,control,V40_A_E8_C12_2T,S10,velocity,X,1.353090294249532,0.13322231473771787,0.13322231473771787,0.0,0.8292335271835327,-0.016006074845790863,True,True,496
R4_LHS_03,control,V40_A_E8_C12_2T,S10_HYBRID,displacement,Y,2.4695844094669583,0.06661115736885893,0.06661115736885893,0.0,0.9863680005073547,0.0,True,True,496
R4_LHS_03,control,V40_A_E8_C12_2T,S10,velocity,Y,1.8094937609788613,0.09991673605328841,0.09991673605328841,0.0,0.9642854332923889,-0.00956807378679514,True,True,496
R4_LHS_03,control,V40_A_E8_C12_2T,S10_HYBRID,displacement,Z,3.2696240254703417,0.06661115736885893,0.06661115736885893,0.0,0.9922899603843689,0.0,True,True,508
R4_LHS_03,control,V40_A_E8_C12_2T,S10,velocity,Z,2.5980450912135282,0.09991673605328841,0.09991673605328841,0.0,0.992658793926239,-0.032419353723526,True,True,508
R4_LHS_03,control,V40_B_E8_C12_2T,S10_HYBRID,displacement,X,2.3732505182716417,0.06661115736885893,0.06661115736885893,0.0,0.9759819507598877,0.0,True,True,496
R4_LHS_03,control,V40_B_E8_C12_2T,S10,velocity,X,1.201465586185267,0.13322231473771787,0.13322231473771787,0.0,0.9062299132347107,-0.005564792547374964,True,True,496
R4_LHS_03,control,V40_B_E8_C12_2T,S10_HYBRID,displacement,Y,2.9328732594641296,0.06661115736885893,0.06661115736885893,0.0,0.9906576871871948,0.0,True,True,496
R4_LHS_03,control,V40_B_E8_C12_2T,S10,velocity,Y,1.5952511198862491,0.09991673605328841,0.09991673605328841,0.0,0.9815832376480103,0.008000294677913189,True,True,496
R4_LHS_03,control,V40_B_E8_C12_2T,S10_HYBRID,displacement,Z,3.94060428357081,0.06661115736885893,0.06661115736885893,0.0,0.9947746396064758,0.0,True,True,508
R4_LHS_03,control,V40_B_E8_C12_2T,S10,velocity,Z,2.2218746507978553,0.09991673605328841,0.09991673605328841,0.0,0.9947327971458435,0.0008433284237980843,True,True,508
R4_LHS_03,control,V40_CPLUS_E8_C12_2T,S10_HYBRID,displacement,X,3.199979141953665,0.06661115736885893,0.06661115736885893,0.0,0.9908162951469421,0.0,True,True,496
R4_LHS_03,control,V40_CPLUS_E8_C12_2T,S10,velocity,X,1.1111172013290342,0.13322231473771787,0.13322231473771787,0.0,0.8889870047569275,0.014392437413334846,True,True,496
R4_LHS_03,control,V40_CPLUS_E8_C12_2T,S10_HYBRID,displacement,Y,3.9164167224735165,0.06661115736885893,0.06661115736885893,0.0,0.993885338306427,0.0,True,True,496
R4_LHS_03,control,V40_CPLUS_E8_C12_2T,S10,velocity,Y,1.3995062590770948,0.09991673605328841,0.09991673605328841,0.0,0.9747956991195679,0.013281822204589844,True,True,496
R4_LHS_03,control,V40_CPLUS_E8_C12_2T,S10_HYBRID,displacement,Z,5.052331321383462,0.06661115736885893,0.06661115736885893,0.0,0.998879611492157,0.0,True,True,508
R4_LHS_03,control,V40_CPLUS_E8_C12_2T,S10,velocity,Z,2.229243014773306,0.09991673605328841,0.09991673605328841,0.0,0.9959507584571838,0.0015869607450440526,True,True,508
R4_LHS_03,control,V40_C_E8_C12_2T,S10_HYBRID,displacement,X,2.72998843391377,0.06661115736885893,0.06661115736885893,0.0,0.9939196705818176,0.0,True,True,496
R4_LHS_03,control,V40_C_E8_C12_2T,S10,velocity,X,1.161870012082216,0.13322231473771787,0.13322231473771787,0.0,0.8997395038604736,-0.012956964783370495,True,True,496
R4_LHS_03,control,V40_C_E8_C12_2T,S10_HYBRID,displacement,Y,3.52358713863355,0.06661115736885893,0.06661115736885893,0.0,0.9972953796386719,0.0,True,True,496
R4_LHS_03,control,V40_C_E8_C12_2T,S10,velocity,Y,1.5146207986952902,0.09991673605328841,0.09991673605328841,0.0,0.9804667830467224,0.013998910784721375,True,True,496
R4_LHS_03,control,V40_C_E8_C12_2T,S10_HYBRID,displacement,Z,4.337627216024436,0.06661115736885893,0.06661115736885893,0.0,0.9994572997093201,0.0,True,True,508
R4_LHS_03,control,V40_C_E8_C12_2T,S10,velocity,Z,2.0717280745127886,0.09991673605328841,0.09991673605328841,0.0,0.9950175881385803,0.010011115111410618,True,True,508
R4_LHS_03,control,V52_A_E8_C12_2T,S10_HYBRID,displacement,X,2.561236124306569,0.09991673605328841,0.06661115736885893,0.033305578684429474,0.9619182348251343,0.003473116084933281,True,True,496
R4_LHS_03,control,V52_A_E8_C12_2T,S10,velocity,X,1.1120745971278752,0.16652789342214733,0.16652789342214733,0.0,0.8943897485733032,0.0038793832063674927,True,True,496
R4_LHS_03,control,V52_A_E8_C12_2T,S10_HYBRID,displacement,Y,3.282318191759365,0.06661115736885893,0.06661115736885893,0.0,0.9898802042007446,0.0,True,True,496
R4_LHS_03,control,V52_A_E8_C12_2T,S10,velocity,Y,1.2890506429344282,0.13322231473771787,0.13322231473771787,0.0,0.9823256134986877,0.015188779681921005,True,True,496
R4_LHS_03,control,V52_A_E8_C12_2T,S10_HYBRID,displacement,Z,4.4308762034439875,0.09991673605328841,0.09991673605328841,0.0,0.9947370290756226,-0.010516481474041939,True,True,508
R4_LHS_03,control,V52_A_E8_C12_2T,S10,velocity,Z,1.7445357783814683,0.13322231473771787,0.13322231473771787,0.0,0.9944238066673279,0.010196371003985405,True,True,508
R4_LHS_03,control,V52_B_E8_C12_2T,S10_HYBRID,displacement,X,2.4738674259299125,0.09991673605328841,0.09991673605328841,0.0,0.995362401008606,-0.010073601268231869,True,True,496
R4_LHS_03,control,V52_B_E8_C12_2T,S10,velocity,X,1.2220929690471638,0.16652789342214733,0.16652789342214733,0.0,0.9394017457962036,-0.01447556633502245,True,True,496
R4_LHS_03,control,V52_B_E8_C12_2T,S10_HYBRID,displacement,Y,3.306249508219433,0.06661115736885893,0.06661115736885893,0.0,0.9967273473739624,0.0,True,True,496
R4_LHS_03,control,V52_B_E8_C12_2T,S10,velocity,Y,1.3955937989884935,0.13322231473771787,0.13322231473771787,0.0,0.9818567037582397,-0.026972588151693344,True,True,496
R4_LHS_03,control,V52_B_E8_C12_2T,S10_HYBRID,displacement,Z,4.322394248102104,0.09991673605328841,0.09991673605328841,0.0,0.9989412426948547,-0.013510891236364841,True,True,508
R4_LHS_03,control,V52_B_E8_C12_2T,S10,velocity,Z,2.040960857221464,0.13322231473771787,0.13322231473771787,0.0,0.9975194931030273,-0.016519494354724884,True,True,508
R4_LHS_03,control,V52_CPLUS_E8_C12_2T,S10_HYBRID,displacement,X,3.4939258063624252,0.09991673605328841,0.09991673605328841,0.0,0.9860294461250305,0.0014482293045148253,True,True,496
R4_LHS_03,control,V52_CPLUS_E8_C12_2T,S10,velocity,X,0.9430333678695464,0.16652789342214733,0.16652789342214733,0.0,0.8878320455551147,-0.008056980557739735,True,True,496
R4_LHS_03,control,V52_CPLUS_E8_C12_2T,S10_HYBRID,displacement,Y,4.001586046968466,0.06661115736885893,0.06661115736885893,0.0,0.9870806336402893,0.0,True,True,496
R4_LHS_03,control,V52_CPLUS_E8_C12_2T,S10,velocity,Y,1.1297315544183808,0.13322231473771787,0.13322231473771787,0.0,0.9785187840461731,-0.013986538164317608,True,True,496
R4_LHS_03,control,V52_CPLUS_E8_C12_2T,S10_HYBRID,displacement,Z,5.032968530108809,0.09991673605328841,0.09991673605328841,0.0,0.9990478157997131,0.006444221828132868,True,True,508
R4_LHS_03,control,V52_CPLUS_E8_C12_2T,S10,velocity,Z,1.5789038673545217,0.13322231473771787,0.13322231473771787,0.0,0.9948206543922424,-0.017664724960923195,True,True,508
R4_LHS_03,control,V52_C_E8_C12_2T,S10_HYBRID,displacement,X,2.920688736873576,0.09991673605328841,0.09991673605328841,0.0,0.9966376423835754,0.008956043049693108,True,True,496
R4_LHS_03,control,V52_C_E8_C12_2T,S10,velocity,X,1.0084454505209286,0.16652789342214733,0.16652789342214733,0.0,0.9117624759674072,0.0292852520942688,True,True,496
R4_LHS_03,control,V52_C_E8_C12_2T,S10_HYBRID,displacement,Y,3.5178218384813977,0.06661115736885893,0.06661115736885893,0.0,0.9982360005378723,0.0,True,True,496
R4_LHS_03,control,V52_C_E8_C12_2T,S10,velocity,Y,1.1576626808212946,0.13322231473771787,0.13322231473771787,0.0,0.9778411984443665,0.006384111940860748,True,True,496
R4_LHS_03,control,V52_C_E8_C12_2T,S10_HYBRID,displacement,Z,4.747121983378888,0.09991673605328841,0.09991673605328841,0.0,0.9990201592445374,-0.0006841000868007541,True,True,508
R4_LHS_03,control,V52_C_E8_C12_2T,S10,velocity,Z,1.5769510957021513,0.13322231473771787,0.13322231473771787,0.0,0.9974004626274109,-0.0010033963480964303,True,True,508
R2_LHS_02,physics,BASE_C1_0T,S10_HYBRID,displacement,X,4.275180149198559,1.931723563696909,0.09991673605328841,1.8318068276436206,0.3620225191116333,0.1204480230808258,True,True,496
R2_LHS_02,physics,BASE_C1_0T,S10,velocity,X,0.0,0.0,0.0,0.0,,,False,False,0
R2_LHS_02,physics,BASE_C1_0T,S10_HYBRID,displacement,Y,2.865628247617928,1.931723563696909,0.09991673605328841,1.8318068276436206,0.9378492832183838,0.06918514519929886,True,True,496
R2_LHS_02,physics,BASE_C1_0T,S10,velocity,Y,0.0,0.0,0.0,0.0,,,False,False,0
R2_LHS_02,physics,BASE_C1_0T,S10_HYBRID,displacement,Z,2.3305174213662263,1.931723563696909,0.09991673605328841,1.8318068276436206,0.9678179025650024,0.06715318560600281,True,True,508
R2_LHS_02,physics,BASE_C1_0T,S10,velocity,Z,0.0,0.0,0.0,0.0,,,False,False,0
R2_LHS_02,physics,BASE_C2_0T,S10_HYBRID,displacement,X,3.2312479679069916,1.1990008326394608,1.1990008326394608,0.0,0.999999463558197,-9.863882587524131e-05,True,True,496
R2_LHS_02,physics,BASE_C2_0T,S10,velocity,X,0.0,0.0,0.0,0.0,,,False,False,0
R2_LHS_02,physics,BASE_C2_0T,S10_HYBRID,displacement,Y,2.3673889405902644,1.1990008326394608,0.09991673605328841,1.0990840965861723,0.9648148417472839,1.8059774447465315e-05,True,True,496
R2_LHS_02,physics,BASE_C2_0T,S10,velocity,Y,0.0,0.0,0.0,0.0,,,False,False,0
R2_LHS_02,physics,BASE_C2_0T,S10_HYBRID,displacement,Z,2.4500486378404105,1.1990008326394608,0.09991673605328841,1.0990840965861723,0.9857722520828247,-1.3606079846795183e-05,True,True,508
R2_LHS_02,physics,BASE_C2_0T,S10,velocity,Z,0.0,0.0,0.0,0.0,,,False,False,0
R2_LHS_02,physics,BASE_C3_0T,S10_HYBRID,displacement,X,3.7864962099920496,1.931723563696909,0.09991673605328841,1.8318068276436206,0.3744875490665436,-0.03355186805129051,True,True,496
R2_LHS_02,physics,BASE_C3_0T,S10,velocity,X,0.0,0.0,0.0,0.0,,,False,False,0
R2_LHS_02,physics,BASE_C3_0T,S10_HYBRID,displacement,Y,2.020918931807665,1.931723563696909,0.09991673605328841,1.8318068276436206,0.9438705444335938,0.10487684607505798,True,True,496
R2_LHS_02,physics,BASE_C3_0T,S10,velocity,Y,0.0,0.0,0.0,0.0,,,False,False,0
R2_LHS_02,physics,BASE_C3_0T,S10_HYBRID,displacement,Z,1.9355142077005203,1.931723563696909,1.931723563696909,0.0,0.974271297454834,0.1085531935095787,True,True,508
R2_LHS_02,physics,BASE_C3_0T,S10,velocity,Z,0.0,0.0,0.0,0.0,,,False,False,0
R2_LHS_02,physics,BASE_C8_0T,S10_HYBRID,displacement,X,3.653527747598065,1.1990008326394608,1.1990008326394608,0.0,0.9999995827674866,0.0002370636648265645,True,True,496
R2_LHS_02,physics,BASE_C8_0T,S10,velocity,X,0.0,0.0,0.0,0.0,,,False,False,0
R2_LHS_02,physics,BASE_C8_0T,S10_HYBRID,displacement,Y,1.9567008100254526,1.1990008326394608,1.1990008326394608,0.0,0.974590539932251,0.00033866867306642234,True,True,496
R2_LHS_02,physics,BASE_C8_0T,S10,velocity,Y,0.0,0.0,0.0,0.0,,,False,False,0
R2_LHS_02,physics,BASE_C8_0T,S10_HYBRID,displacement,Z,1.9938167343508435,1.1990008326394608,1.1990008326394608,0.0,0.9904072880744934,0.0002583192544989288,True,True,508
R2_LHS_02,physics,BASE_C8_0T,S10,velocity,Z,0.0,0.0,0.0,0.0,,,False,False,0
R2_LHS_02,physics,V40_A_E1_C4_2T,S10_HYBRID,displacement,X,1.982200718607639,0.06661115736885893,0.06661115736885893,0.0,0.9873160719871521,0.0,True,True,496
R2_LHS_02,physics,V40_A_E1_C4_2T,S10,velocity,X,1.4955490482916045,0.13322231473771787,0.13322231473771787,0.0,0.9050816893577576,0.008622797206044197,True,True,496
R2_LHS_02,physics,V40_A_E1_C4_2T,S10_HYBRID,displacement,Y,2.5355694432948743,0.06661115736885893,0.06661115736885893,0.0,0.9869504570960999,0.0,True,True,496
R2_LHS_02,physics,V40_A_E1_C4_2T,S10,velocity,Y,1.8994287279562028,0.09991673605328841,0.09991673605328841,0.0,0.9763951897621155,0.018783874809741974,True,True,496
R2_LHS_02,physics,V40_A_E1_C4_2T,S10_HYBRID,displacement,Z,3.5777339198663247,0.06661115736885893,0.06661115736885893,0.0,0.9922593235969543,0.0,True,True,508
R2_LHS_02,physics,V40_A_E1_C4_2T,S10,velocity,Z,2.926694311406958,0.09991673605328841,0.09991673605328841,0.0,0.9936557412147522,0.00403100810945034,True,True,508
R2_LHS_02,physics,V40_B_E1_C4_2T,S10_HYBRID,displacement,X,2.5320048578820913,0.06661115736885893,0.09991673605328841,0.033305578684429474,0.9709676504135132,0.0,True,True,496
R2_LHS_02,physics,V40_B_E1_C4_2T,S10,velocity,X,1.2122354055704934,0.13322231473771787,0.13322231473771787,0.0,0.8760637044906616,0.006083507556468248,True,True,496
R2_LHS_02,physics,V40_B_E1_C4_2T,S10_HYBRID,displacement,Y,3.2737261545742906,0.06661115736885893,0.06661115736885893,0.0,0.9892532825469971,0.0,True,True,496
R2_LHS_02,physics,V40_B_E1_C4_2T,S10,velocity,Y,1.6542527404352825,0.09991673605328841,0.09991673605328841,0.0,0.9742616415023804,0.012543966993689537,True,True,496
R2_LHS_02,physics,V40_B_E1_C4_2T,S10_HYBRID,displacement,Z,4.173007176610172,0.06661115736885893,0.06661115736885893,0.0,0.9882619976997375,0.0,True,True,508
R2_LHS_02,physics,V40_B_E1_C4_2T,S10,velocity,Z,2.1783037194860952,0.09991673605328841,0.09991673605328841,0.0,0.9956175088882446,0.0010722186416387558,True,True,508
R2_LHS_02,physics,V40_CPLUS_E1_C4_2T,S10_HYBRID,displacement,X,3.1624968640599795,0.06661115736885893,0.06661115736885893,0.0,0.9823017120361328,0.0,True,True,496
R2_LHS_02,physics,V40_CPLUS_E1_C4_2T,S10,velocity,X,1.200169042293186,0.13322231473771787,0.13322231473771787,0.0,0.8037844300270081,-0.024815458804368973,True,True,496
R2_LHS_02,physics,V40_CPLUS_E1_C4_2T,S10_HYBRID,displacement,Y,4.151282205132388,0.06661115736885893,0.06661115736885893,0.0,0.981728196144104,0.0,True,True,496
R2_LHS_02,physics,V40_CPLUS_E1_C4_2T,S10,velocity,Y,1.4886954408058533,0.09991673605328841,0.09991673605328841,0.0,0.9735732674598694,0.022995343431830406,True,True,496
R2_LHS_02,physics,V40_CPLUS_E1_C4_2T,S10_HYBRID,displacement,Z,5.198420095773684,0.06661115736885893,0.06661115736885893,0.0,0.996378481388092,0.0,True,True,508
R2_LHS_02,physics,V40_CPLUS_E1_C4_2T,S10,velocity,Z,2.0255495135289485,0.09991673605328841,0.09991673605328841,0.0,0.991924524307251,0.006509407889097929,True,True,508
R2_LHS_02,physics,V40_C_E1_C4_2T,S10_HYBRID,displacement,X,2.873961954535892,0.06661115736885893,0.09991673605328841,0.033305578684429474,0.9750475883483887,0.0,True,True,496
R2_LHS_02,physics,V40_C_E1_C4_2T,S10,velocity,X,1.1014551123320908,0.13322231473771787,0.13322231473771787,0.0,0.8811810612678528,0.004014838021248579,True,True,496
R2_LHS_02,physics,V40_C_E1_C4_2T,S10_HYBRID,displacement,Y,3.646548253671636,0.06661115736885893,0.06661115736885893,0.0,0.9913610816001892,0.0,True,True,496
R2_LHS_02,physics,V40_C_E1_C4_2T,S10,velocity,Y,1.6521788574041743,0.09991673605328841,0.09991673605328841,0.0,0.9774638414382935,0.012441907078027725,True,True,496
R2_LHS_02,physics,V40_C_E1_C4_2T,S10_HYBRID,displacement,Z,4.664777563265374,0.06661115736885893,0.06661115736885893,0.0,0.9910632967948914,0.0,True,True,508
R2_LHS_02,physics,V40_C_E1_C4_2T,S10,velocity,Z,2.16982052005932,0.09991673605328841,0.09991673605328841,0.0,0.995651125907898,0.004483191296458244,True,True,508
R2_LHS_02,physics,V52_A_E1_C4_2T,S10_HYBRID,displacement,X,2.3133799840447207,0.09991673605328841,0.09991673605328841,0.0,0.9906498193740845,-0.009476243518292904,True,True,496
R2_LHS_02,physics,V52_A_E1_C4_2T,S10,velocity,X,1.2513796949248146,0.16652789342214733,0.16652789342214733,0.0,0.8582707047462463,-0.028568608686327934,True,True,496
R2_LHS_02,physics,V52_A_E1_C4_2T,S10_HYBRID,displacement,Y,3.174991121853412,0.06661115736885893,0.06661115736885893,0.0,0.9961963295936584,0.0,True,True,496
R2_LHS_02,physics,V52_A_E1_C4_2T,S10,velocity,Y,1.3601428509926323,0.13322231473771787,0.13322231473771787,0.0,0.984870970249176,-0.015185767784714699,True,True,496
R2_LHS_02,physics,V52_A_E1_C4_2T,S10_HYBRID,displacement,Z,4.4888635571331,0.09991673605328841,0.09991673605328841,0.0,0.9989096522331238,-0.0019953642040491104,True,True,508
R2_LHS_02,physics,V52_A_E1_C4_2T,S10,velocity,Z,2.1598013621686736,0.13322231473771787,0.13322231473771787,0.0,0.996718168258667,-0.0019236650550737977,True,True,508
R2_LHS_02,physics,V52_B_E1_C4_2T,S10_HYBRID,displacement,X,2.805931143243641,0.09991673605328841,0.06661115736885893,0.033305578684429474,0.9902085661888123,0.0036844934802502394,True,True,496
R2_LHS_02,physics,V52_B_E1_C4_2T,S10,velocity,X,1.091751474414484,0.16652789342214733,0.16652789342214733,0.0,0.8819101452827454,-0.05547628551721573,True,True,496
R2_LHS_02,physics,V52_B_E1_C4_2T,S10_HYBRID,displacement,Y,3.554903500787252,0.06661115736885893,0.06661115736885893,0.0,0.9959375858306885,0.0,True,True,496
R2_LHS_02,physics,V52_B_E1_C4_2T,S10,velocity,Y,1.2848926055090555,0.13322231473771787,0.13322231473771787,0.0,0.9791865348815918,-0.009181591682136059,True,True,496
R2_LHS_02,physics,V52_B_E1_C4_2T,S10_HYBRID,displacement,Z,4.559438897890216,0.09991673605328841,0.09991673605328841,0.0,0.9983026385307312,0.0227448008954525,True,True,508
R2_LHS_02,physics,V52_B_E1_C4_2T,S10,velocity,Z,1.8439085169128617,0.13322231473771787,0.13322231473771787,0.0,0.9941505789756775,-0.01954576000571251,True,True,508
R2_LHS_02,physics,V52_CPLUS_E1_C4_2T,S10_HYBRID,displacement,X,3.334116312373477,0.09991673605328841,0.09991673605328841,0.0,0.99625563621521,-0.009507031179964542,True,True,496
R2_LHS_02,physics,V52_CPLUS_E1_C4_2T,S10,velocity,X,1.2164483240241395,0.16652789342214733,0.16652789342214733,0.0,0.88310706615448,-0.008618155494332314,True,True,496
R2_LHS_02,physics,V52_CPLUS_E1_C4_2T,S10_HYBRID,displacement,Y,4.170504250305492,0.06661115736885893,0.06661115736885893,0.0,0.9986688494682312,0.0,True,True,496
R2_LHS_02,physics,V52_CPLUS_E1_C4_2T,S10,velocity,Y,1.324677936215891,0.13322231473771787,0.13322231473771787,0.0,0.9853638410568237,-0.012476164847612381,True,True,496
R2_LHS_02,physics,V52_CPLUS_E1_C4_2T,S10_HYBRID,displacement,Z,5.634839437168375,0.09991673605328841,0.09991673605328841,0.0,0.9981255531311035,-0.00663567753508687,True,True,508
R2_LHS_02,physics,V52_CPLUS_E1_C4_2T,S10,velocity,Z,2.067757883919364,0.13322231473771787,0.13322231473771787,0.0,0.9975497722625732,-0.005986349657177925,True,True,508
R2_LHS_02,physics,V52_C_E1_C4_2T,S10_HYBRID,displacement,X,3.206905841503026,0.09991673605328841,0.09991673605328841,0.0,0.9953855872154236,-0.007167980074882507,True,True,496
R2_LHS_02,physics,V52_C_E1_C4_2T,S10,velocity,X,1.1060735157412032,0.16652789342214733,0.16652789342214733,0.0,0.9545474648475647,-0.0007773946854285896,True,True,496
R2_LHS_02,physics,V52_C_E1_C4_2T,S10_HYBRID,displacement,Y,4.07013684471544,0.06661115736885893,0.06661115736885893,0.0,0.9970312714576721,0.0,True,True,496
R2_LHS_02,physics,V52_C_E1_C4_2T,S10,velocity,Y,1.2749313027815568,0.13322231473771787,0.13322231473771787,0.0,0.9860360026359558,0.002619383158162236,True,True,496
R2_LHS_02,physics,V52_C_E1_C4_2T,S10_HYBRID,displacement,Z,5.5052360108459535,0.09991673605328841,0.09991673605328841,0.0,0.9987977743148804,-0.018054109066724777,True,True,508
R2_LHS_02,physics,V52_C_E1_C4_2T,S10,velocity,Z,2.0175356877740183,0.13322231473771787,0.13322231473771787,0.0,0.9967175722122192,-0.0011727173114195466,True,True,508
R2_LHS_02,physics,V40_A_E2_C5_2T,S10_HYBRID,displacement,X,1.4430949562293007,1.1990008326394608,1.1990008326394608,0.0,0.9999575614929199,-6.709100125590339e-05,True,True,496
R2_LHS_02,physics,V40_A_E2_C5_2T,S10,velocity,X,1.8069440031369148,0.13322231473771787,0.13322231473771787,0.0,0.8335579037666321,-0.06911448389291763,True,True,496
R2_LHS_02,physics,V40_A_E2_C5_2T,S10_HYBRID,displacement,Y,3.5545728192811685,0.06661115736885893,0.06661115736885893,0.0,0.9769780039787292,0.0,True,True,496
R2_LHS_02,physics,V40_A_E2_C5_2T,S10,velocity,Y,1.6420003766768034,0.09991673605328841,0.09991673605328841,0.0,0.9681581258773804,-0.0014044170966371894,True,True,496
R2_LHS_02,physics,V40_A_E2_C5_2T,S10_HYBRID,displacement,Z,4.712616592407196,0.06661115736885893,0.06661115736885893,0.0,0.9888163805007935,0.0,True,True,508
R2_LHS_02,physics,V40_A_E2_C5_2T,S10,velocity,Z,2.3460278926357137,0.09991673605328841,0.09991673605328841,0.0,0.9885914921760559,-0.028601249679923058,True,True,508
R2_LHS_02,physics,V40_B_E2_C5_2T,S10_HYBRID,displacement,X,1.5100769215010803,1.1990008326394608,1.1990008326394608,0.0,0.9999300837516785,0.0002490619954187423,True,True,496
R2_LHS_02,physics,V40_B_E2_C5_2T,S10,velocity,X,1.7948478517260984,1.998334721065768,0.13322231473771787,1.8651124063280502,0.3869171142578125,0.47684475779533386,True,True,496
R2_LHS_02,physics,V40_B_E2_C5_2T,S10_HYBRID,displacement,Y,3.6138923476152214,0.06661115736885893,0.06661115736885893,0.0,0.9969342350959778,0.0,True,True,496
R2_LHS_02,physics,V40_B_E2_C5_2T,S10,velocity,Y,1.762376215146849,0.09991673605328841,0.09991673605328841,0.0,0.9832698702812195,0.007195598911494017,True,True,496
R2_LHS_02,physics,V40_B_E2_C5_2T,S10_HYBRID,displacement,Z,4.905239557225094,0.06661115736885893,0.06661115736885893,0.0,0.9992887377738953,0.0,True,True,508
R2_LHS_02,physics,V40_B_E2_C5_2T,S10,velocity,Z,2.644580538047956,0.09991673605328841,0.09991673605328841,0.0,0.9952885508537292,0.009502069093286991,True,True,508
R2_LHS_02,physics,V40_CPLUS_E2_C5_2T,S10_HYBRID,displacement,X,2.2072453592824646,1.1990008326394608,1.1990008326394608,0.0,0.9998342394828796,0.0001227984466822818,True,True,496
R2_LHS_02,physics,V40_CPLUS_E2_C5_2T,S10,velocity,X,1.4511979859625934,0.13322231473771787,0.13322231473771787,0.0,0.8821083307266235,-0.01788315549492836,True,True,496
R2_LHS_02,physics,V40_CPLUS_E2_C5_2T,S10_HYBRID,displacement,Y,4.343238854025061,0.06661115736885893,0.06661115736885893,0.0,0.9978269338607788,0.0,True,True,496
R2_LHS_02,physics,V40_CPLUS_E2_C5_2T,S10,velocity,Y,1.4404840570350688,0.09991673605328841,0.09991673605328841,0.0,0.9825683236122131,0.008871150203049183,True,True,496
R2_LHS_02,physics,V40_CPLUS_E2_C5_2T,S10_HYBRID,displacement,Z,5.786728214166973,0.06661115736885893,0.06661115736885893,0.0,0.9985925555229187,0.0,True,True,508
R2_LHS_02,physics,V40_CPLUS_E2_C5_2T,S10,velocity,Z,2.335041215081708,0.09991673605328841,0.09991673605328841,0.0,0.9956833124160767,0.009014515206217766,True,True,508
R2_LHS_02,physics,V40_C_E2_C5_2T,S10_HYBRID,displacement,X,1.8823243975386046,1.1990008326394608,1.1990008326394608,0.0,0.999914824962616,-0.0002699687029235065,True,True,496
R2_LHS_02,physics,V40_C_E2_C5_2T,S10,velocity,X,1.4688526178966754,2.0316402997501974,0.13322231473771787,1.8984179850124796,0.4169723689556122,0.9719838500022888,True,True,496
R2_LHS_02,physics,V40_C_E2_C5_2T,S10_HYBRID,displacement,Y,4.160120659898384,0.06661115736885893,0.06661115736885893,0.0,0.9885200262069702,0.0,True,True,496
R2_LHS_02,physics,V40_C_E2_C5_2T,S10,velocity,Y,1.4339378344747604,0.09991673605328841,0.09991673605328841,0.0,0.9745641946792603,-0.003155435435473919,True,True,496
R2_LHS_02,physics,V40_C_E2_C5_2T,S10_HYBRID,displacement,Z,5.206745139758673,0.06661115736885893,0.06661115736885893,0.0,0.9938640594482422,0.0,True,True,508
R2_LHS_02,physics,V40_C_E2_C5_2T,S10,velocity,Z,2.1745166797398117,0.09991673605328841,0.09991673605328841,0.0,0.991084098815918,-0.026883482933044434,True,True,508
R2_LHS_02,physics,V52_A_E2_C5_2T,S10_HYBRID,displacement,X,1.4019676034986202,1.1990008326394608,1.1990008326394608,0.0,0.9999706745147705,0.00013377626601140946,True,True,496
R2_LHS_02,physics,V52_A_E2_C5_2T,S10,velocity,X,1.8577962611540746,0.16652789342214733,0.16652789342214733,0.0,0.9422149658203125,0.026560459285974503,True,True,496
R2_LHS_02,physics,V52_A_E2_C5_2T,S10_HYBRID,displacement,Y,3.3672661685355703,0.06661115736885893,0.06661115736885893,0.0,0.994361400604248,0.0,True,True,496
R2_LHS_02,physics,V52_A_E2_C5_2T,S10,velocity,Y,1.2835769254676725,0.13322231473771787,0.13322231473771787,0.0,0.9804245829582214,-0.0025940740015357733,True,True,496
R2_LHS_02,physics,V52_A_E2_C5_2T,S10_HYBRID,displacement,Z,4.7385761536062425,0.09991673605328841,0.09991673605328841,0.0,0.9983113408088684,0.0061136530712246895,True,True,508
R2_LHS_02,physics,V52_A_E2_C5_2T,S10,velocity,Z,2.1612247044908512,0.13322231473771787,0.13322231473771787,0.0,0.9973493218421936,0.0005632587126456201,True,True,508
R2_LHS_02,physics,V52_B_E2_C5_2T,S10_HYBRID,displacement,X,1.578898746816205,1.1990008326394608,1.1990008326394608,0.0,0.9999610781669617,-0.00021991535322740674,True,True,496
R2_LHS_02,physics,V52_B_E2_C5_2T,S10,velocity,X,1.5927514204157989,0.16652789342214733,0.16652789342214733,0.0,0.921149492263794,0.01639985293149948,True,True,496
R2_LHS_02,physics,V52_B_E2_C5_2T,S10_HYBRID,displacement,Y,3.6699617033530045,0.06661115736885893,0.06661115736885893,0.0,0.9954826831817627,0.0,True,True,496
R2_LHS_02,physics,V52_B_E2_C5_2T,S10,velocity,Y,1.2472123647664273,0.13322231473771787,0.13322231473771787,0.0,0.9789341688156128,-0.004651990253478289,True,True,496
R2_LHS_02,physics,V52_B_E2_C5_2T,S10_HYBRID,displacement,Z,4.787930980610255,0.09991673605328841,0.09991673605328841,0.0,0.9985166192054749,-0.022494319826364517,True,True,508
R2_LHS_02,physics,V52_B_E2_C5_2T,S10,velocity,Z,1.9497597717725945,0.13322231473771787,0.13322231473771787,0.0,0.9970529079437256,0.00877438671886921,True,True,508
R2_LHS_02,physics,V52_CPLUS_E2_C5_2T,S10_HYBRID,displacement,X,2.186244907920369,1.1990008326394608,1.1990008326394608,0.0,0.9999023079872131,-0.00035505491541698575,True,True,496
R2_LHS_02,physics,V52_CPLUS_E2_C5_2T,S10,velocity,X,1.2105569918576597,0.16652789342214733,0.16652789342214733,0.0,0.8389720916748047,-0.011233492754399776,True,True,496
R2_LHS_02,physics,V52_CPLUS_E2_C5_2T,S10_HYBRID,displacement,Y,4.4970380028109,0.06661115736885893,0.06661115736885893,0.0,0.9905450344085693,0.0,True,True,496
R2_LHS_02,physics,V52_CPLUS_E2_C5_2T,S10,velocity,Y,1.1354563885116253,0.13322231473771787,0.13322231473771787,0.0,0.9825888872146606,0.0013528944691643119,True,True,496
R2_LHS_02,physics,V52_CPLUS_E2_C5_2T,S10_HYBRID,displacement,Z,5.801546716608428,0.09991673605328841,0.09991673605328841,0.0,0.9980045557022095,-0.009779836982488632,True,True,508
R2_LHS_02,physics,V52_CPLUS_E2_C5_2T,S10,velocity,Z,1.8476691032353254,0.13322231473771787,0.13322231473771787,0.0,0.9955493807792664,0.005740921013057232,True,True,508
R2_LHS_02,physics,V52_C_E2_C5_2T,S10_HYBRID,displacement,X,1.7594439040219172,1.1990008326394608,1.1990008326394608,0.0,0.9999405741691589,-0.00043614316382445395,True,True,496
R2_LHS_02,physics,V52_C_E2_C5_2T,S10,velocity,X,1.3665688455460947,0.16652789342214733,0.16652789342214733,0.0,0.8590162396430969,-0.0355764739215374,True,True,496
R2_LHS_02,physics,V52_C_E2_C5_2T,S10_HYBRID,displacement,Y,4.111768965151051,0.06661115736885893,0.06661115736885893,0.0,0.9933480024337769,0.0,True,True,496
R2_LHS_02,physics,V52_C_E2_C5_2T,S10,velocity,Y,1.2002540211886152,0.13322231473771787,0.13322231473771787,0.0,0.9844066500663757,-0.0029227908235043287,True,True,496
R2_LHS_02,physics,V52_C_E2_C5_2T,S10_HYBRID,displacement,Z,5.283103760284693,0.09991673605328841,0.09991673605328841,0.0,0.9979222416877747,-0.008951769210398197,True,True,508
R2_LHS_02,physics,V52_C_E2_C5_2T,S10,velocity,Z,1.9074224019220953,0.13322231473771787,0.13322231473771787,0.0,0.9955313205718994,-0.002067368011921644,True,True,508
R2_LHS_02,physics,V40_A_E3_C6_1T,S10_HYBRID,displacement,X,2.2634505091411747,0.03330557868442947,0.03330557868442947,0.0,0.9661194086074829,0.0,True,True,496
R2_LHS_02,physics,V40_A_E3_C6_1T,S10,velocity,X,2.070439996788785,0.09991673605328841,0.06661115736885893,0.033305578684429474,0.7888136506080627,0.10870685428380966,True,True,496
R2_LHS_02,physics,V40_A_E3_C6_1T,S10_HYBRID,displacement,Y,0.7372540922333636,0.06661115736885893,0.06661115736885893,0.0,0.9562453627586365,0.0,True,True,496
R2_LHS_02,physics,V40_A_E3_C6_1T,S10,velocity,Y,1.9475099421954878,0.06661115736885893,0.06661115736885893,0.0,0.9404178857803345,0.0,True,True,496
R2_LHS_02,physics,V40_A_E3_C6_1T,S10_HYBRID,displacement,Z,0.4774813911661804,0.06661115736885893,0.03330557868442947,0.03330557868442947,0.9703270792961121,0.0,True,True,508
R2_LHS_02,physics,V40_A_E3_C6_1T,S10,velocity,Z,2.667105411630999,0.06661115736885893,0.06661115736885893,0.0,0.9835339784622192,0.0,True,True,508
R2_LHS_02,physics,V40_B_E3_C6_1T,S10_HYBRID,displacement,X,2.011184772347669,0.03330557868442947,0.03330557868442947,0.0,0.9745835065841675,0.0,True,True,496
R2_LHS_02,physics,V40_B_E3_C6_1T,S10,velocity,X,2.0830358625899694,0.09991673605328841,0.09991673605328841,0.0,0.8805968761444092,0.05388368293642998,True,True,496
R2_LHS_02,physics,V40_B_E3_C6_1T,S10_HYBRID,displacement,Y,0.6175564458365219,0.06661115736885893,0.06661115736885893,0.0,0.9716492891311646,0.0,True,True,496
R2_LHS_02,physics,V40_B_E3_C6_1T,S10,velocity,Y,2.184155830361545,0.09991673605328841,0.09991673605328841,0.0,0.9488387703895569,0.0619504414498806,True,True,496
R2_LHS_02,physics,V40_B_E3_C6_1T,S10_HYBRID,displacement,Z,0.46944046993911137,0.06661115736885893,0.06661115736885893,0.0,0.9711757898330688,0.0,True,True,508
R2_LHS_02,physics,V40_B_E3_C6_1T,S10,velocity,Z,3.1294193543192597,0.06661115736885893,0.06661115736885893,0.0,0.9913589954376221,0.0,True,True,508
R2_LHS_02,physics,V40_CPLUS_E3_C6_1T,S10_HYBRID,displacement,X,3.1212186008155696,0.03330557868442947,0.03330557868442947,0.0,0.9849358797073364,0.0,True,True,496
R2_LHS_02,physics,V40_CPLUS_E3_C6_1T,S10,velocity,X,1.4102510483544748,0.09991673605328841,0.09991673605328841,0.0,0.8613364696502686,0.025564266368746758,True,True,496
R2_LHS_02,physics,V40_CPLUS_E3_C6_1T,S10_HYBRID,displacement,Y,1.0366509004893774,0.06661115736885893,0.06661115736885893,0.0,0.9791962504386902,0.0,True,True,496
R2_LHS_02,physics,V40_CPLUS_E3_C6_1T,S10,velocity,Y,1.439207459251197,0.09991673605328841,0.09991673605328841,0.0,0.9668987393379211,0.024453869089484215,True,True,496
R2_LHS_02,physics,V40_CPLUS_E3_C6_1T,S10_HYBRID,displacement,Z,0.9177980338355466,0.06661115736885893,0.06661115736885893,0.0,0.9910585284233093,0.0,True,True,508
R2_LHS_02,physics,V40_CPLUS_E3_C6_1T,S10,velocity,Z,2.573039945683044,0.06661115736885893,0.06661115736885893,0.0,0.9950515031814575,0.0,True,True,508
R2_LHS_02,physics,V40_C_E3_C6_1T,S10_HYBRID,displacement,X,2.259812536212268,0.03330557868442947,0.03330557868442947,0.0,0.9841170310974121,0.0,True,True,496
R2_LHS_02,physics,V40_C_E3_C6_1T,S10,velocity,X,1.8999826529801185,0.09991673605328841,0.09991673605328841,0.0,0.8084505796432495,0.043967582285404205,True,True,496
R2_LHS_02,physics,V40_C_E3_C6_1T,S10_HYBRID,displacement,Y,0.8450632490398808,0.06661115736885893,0.06661115736885893,0.0,0.9854587912559509,0.0,True,True,496
R2_LHS_02,physics,V40_C_E3_C6_1T,S10,velocity,Y,2.018234709957821,0.09991673605328841,0.09991673605328841,0.0,0.957509458065033,0.014155782759189606,True,True,496
R2_LHS_02,physics,V40_C_E3_C6_1T,S10_HYBRID,displacement,Z,0.5852998812748851,0.06661115736885893,0.06661115736885893,0.0,0.9965737462043762,0.0,True,True,508
R2_LHS_02,physics,V40_C_E3_C6_1T,S10,velocity,Z,2.925455268796201,0.06661115736885893,0.06661115736885893,0.0,0.9888132810592651,0.0,True,True,508
R2_LHS_02,physics,V52_A_E3_C6_1T,S10_HYBRID,displacement,X,2.01091310707429,0.03330557868442947,0.03330557868442947,0.0,0.9859552979469299,0.0,True,True,496
R2_LHS_02,physics,V52_A_E3_C6_1T,S10,velocity,X,2.382343067992058,0.09991673605328841,0.09991673605328841,0.0,0.7896639704704285,0.009803608991205692,True,True,496
R2_LHS_02,physics,V52_A_E3_C6_1T,S10_HYBRID,displacement,Y,0.6081630294298981,0.06661115736885893,0.06661115736885893,0.0,0.9840733408927917,0.0,True,True,496
R2_LHS_02,physics,V52_A_E3_C6_1T,S10,velocity,Y,2.64313122581327,0.09991673605328841,0.09991673605328841,0.0,0.9733624458312988,-0.013930915854871273,True,True,496
R2_LHS_02,physics,V52_A_E3_C6_1T,S10_HYBRID,displacement,Z,0.4893939030091513,0.06661115736885893,0.06661115736885893,0.0,0.9967079758644104,0.0,True,True,508
R2_LHS_02,physics,V52_A_E3_C6_1T,S10,velocity,Z,3.3260740914479516,0.09991673605328841,0.09991673605328841,0.0,0.9960586428642273,-0.007488826755434275,True,True,508
R2_LHS_02,physics,V52_B_E3_C6_1T,S10_HYBRID,displacement,X,2.738429459909492,0.03330557868442947,0.03330557868442947,0.0,0.9687241315841675,0.0,True,True,496
R2_LHS_02,physics,V52_B_E3_C6_1T,S10,velocity,X,1.7621063240244568,0.09991673605328841,0.09991673605328841,0.0,0.8416520357131958,0.0821133479475975,True,True,496
R2_LHS_02,physics,V52_B_E3_C6_1T,S10_HYBRID,displacement,Y,0.8038974634761573,0.06661115736885893,0.06661115736885893,0.0,0.9791499972343445,0.0,True,True,496
R2_LHS_02,physics,V52_B_E3_C6_1T,S10,velocity,Y,1.4516684749929392,0.09991673605328841,0.09991673605328841,0.0,0.9679322838783264,0.043986935168504715,True,True,496
R2_LHS_02,physics,V52_B_E3_C6_1T,S10_HYBRID,displacement,Z,0.5933425015013097,0.06661115736885893,0.06661115736885893,0.0,0.9927438497543335,0.0,True,True,508
R2_LHS_02,physics,V52_B_E3_C6_1T,S10,velocity,Z,2.2084013965171163,0.09991673605328841,0.09991673605328841,0.0,0.9853382110595703,0.04256574437022209,True,True,508
R2_LHS_02,physics,V52_CPLUS_E3_C6_1T,S10_HYBRID,displacement,X,3.1288589784495477,0.03330557868442947,0.03330557868442947,0.0,0.9734744429588318,0.0,True,True,496
R2_LHS_02,physics,V52_CPLUS_E3_C6_1T,S10,velocity,X,1.4251949721048494,0.09991673605328841,0.09991673605328841,0.0,0.8733359575271606,-0.04400002583861351,True,True,496
R2_LHS_02,physics,V52_CPLUS_E3_C6_1T,S10_HYBRID,displacement,Y,0.9028715859486206,0.06661115736885893,0.06661115736885893,0.0,0.9674356579780579,0.0,True,True,496
R2_LHS_02,physics,V52_CPLUS_E3_C6_1T,S10,velocity,Y,1.4128145365288638,0.13322231473771787,0.13322231473771787,0.0,0.9606406688690186,-0.020227700471878052,True,True,496
R2_LHS_02,physics,V52_CPLUS_E3_C6_1T,S10_HYBRID,displacement,Z,0.7744345289972543,0.06661115736885893,0.06661115736885893,0.0,0.9735708832740784,0.0,True,True,508
R2_LHS_02,physics,V52_CPLUS_E3_C6_1T,S10,velocity,Z,2.3844220614104032,0.09991673605328841,0.09991673605328841,0.0,0.994074285030365,-0.001360565423965454,True,True,508
R2_LHS_02,physics,V52_C_E3_C6_1T,S10_HYBRID,displacement,X,2.9293765886897662,0.03330557868442947,0.03330557868442947,0.0,0.9738680124282837,0.0,True,True,496
R2_LHS_02,physics,V52_C_E3_C6_1T,S10,velocity,X,1.5517321575808416,0.09991673605328841,0.09991673605328841,0.0,0.8533002734184265,-0.025382336229085922,True,True,496
R2_LHS_02,physics,V52_C_E3_C6_1T,S10_HYBRID,displacement,Y,0.757945215571255,0.06661115736885893,0.06661115736885893,0.0,0.9703518152236938,0.0,True,True,496
R2_LHS_02,physics,V52_C_E3_C6_1T,S10,velocity,Y,1.5891466880356908,0.09991673605328841,0.09991673605328841,0.0,0.9667984843254089,-0.01596526987850666,True,True,496
R2_LHS_02,physics,V52_C_E3_C6_1T,S10_HYBRID,displacement,Z,0.6184122010237959,0.06661115736885893,0.06661115736885893,0.0,0.9714844226837158,0.0,True,True,508
R2_LHS_02,physics,V52_C_E3_C6_1T,S10,velocity,Z,2.5653796201676196,0.09991673605328841,0.09991673605328841,0.0,0.9951658844947815,0.0032112114131450653,True,True,508
R2_LHS_02,physics,V40_A_E4_C7_1T,S10_HYBRID,displacement,X,1.5268689102972508,1.1990008326394608,1.1990008326394608,0.0,0.9999595284461975,-0.00039959896821528673,True,True,496
R2_LHS_02,physics,V40_A_E4_C7_1T,S10,velocity,X,2.6630647928115705,0.09991673605328841,0.09991673605328841,0.0,0.7807794213294983,0.028611185029149055,True,True,496
R2_LHS_02,physics,V40_A_E4_C7_1T,S10_HYBRID,displacement,Y,0.6345747998453282,0.06661115736885893,0.06661115736885893,0.0,0.9464840888977051,0.0,True,True,496
R2_LHS_02,physics,V40_A_E4_C7_1T,S10,velocity,Y,1.5948426264178461,0.06661115736885893,0.06661115736885893,0.0,0.927622377872467,0.0,True,True,496
R2_LHS_02,physics,V40_A_E4_C7_1T,S10_HYBRID,displacement,Z,0.5275024472134747,0.06661115736885893,0.06661115736885893,0.0,0.9451898336410522,0.0,True,True,508
R2_LHS_02,physics,V40_A_E4_C7_1T,S10,velocity,Z,2.750071146580244,0.06661115736885893,0.06661115736885893,0.0,0.991073727607727,0.0,True,True,508
R2_LHS_02,physics,V40_B_E4_C7_1T,S10_HYBRID,displacement,X,1.4507490117553545,1.1990008326394608,1.1990008326394608,0.0,0.9999212622642517,-0.00029709309455938637,True,True,496
R2_LHS_02,physics,V40_B_E4_C7_1T,S10,velocity,X,3.0089719869105265,1.9650291423813386,0.09991673605328841,1.8651124063280502,0.33360499143600464,2.420945405960083,True,True,496
R2_LHS_02,physics,V40_B_E4_C7_1T,S10_HYBRID,displacement,Y,0.7409799922076176,0.06661115736885893,0.06661115736885893,0.0,0.9836186170578003,0.0,True,True,496
R2_LHS_02,physics,V40_B_E4_C7_1T,S10,velocity,Y,1.5417743553826897,0.09991673605328841,0.06661115736885893,0.033305578684429474,0.9529517292976379,0.05314161628484726,True,True,496
R2_LHS_02,physics,V40_B_E4_C7_1T,S10_HYBRID,displacement,Z,0.5901510487891006,0.06661115736885893,0.06661115736885893,0.0,0.9940109848976135,0.0,True,True,508
R2_LHS_02,physics,V40_B_E4_C7_1T,S10,velocity,Z,2.6278077080413946,0.06661115736885893,0.06661115736885893,0.0,0.9919576048851013,0.0,True,True,508
R2_LHS_02,physics,V40_CPLUS_E4_C7_1T,S10_HYBRID,displacement,X,1.5626950647773348,1.1990008326394608,1.1990008326394608,0.0,0.9998405575752258,-0.0002630346280056983,True,True,496
R2_LHS_02,physics,V40_CPLUS_E4_C7_1T,S10,velocity,X,2.306263395099665,0.09991673605328841,0.09991673605328841,0.0,0.8157647848129272,0.05581960454583168,True,True,496
R2_LHS_02,physics,V40_CPLUS_E4_C7_1T,S10_HYBRID,displacement,Y,1.0899469087260054,0.06661115736885893,0.06661115736885893,0.0,0.9846871495246887,0.0,True,True,496
R2_LHS_02,physics,V40_CPLUS_E4_C7_1T,S10,velocity,Y,1.4309978492716247,0.09991673605328841,0.09991673605328841,0.0,0.959171712398529,0.02536688931286335,True,True,496
R2_LHS_02,physics,V40_CPLUS_E4_C7_1T,S10_HYBRID,displacement,Z,0.801003644205566,0.06661115736885893,0.06661115736885893,0.0,0.9970317482948303,0.0,True,True,508
R2_LHS_02,physics,V40_CPLUS_E4_C7_1T,S10,velocity,Z,2.835869080912931,0.06661115736885893,0.06661115736885893,0.0,0.9849931597709656,0.0,True,True,508
R2_LHS_02,physics,V40_C_E4_C7_1T,S10_HYBRID,displacement,X,1.5897808357485026,1.1990008326394608,1.1990008326394608,0.0,0.9999073147773743,-0.00012771949695888907,True,True,496
R2_LHS_02,physics,V40_C_E4_C7_1T,S10,velocity,X,2.2684310272161463,0.09991673605328841,0.09991673605328841,0.0,0.7731271386146545,0.13081350922584534,True,True,496
R2_LHS_02,physics,V40_C_E4_C7_1T,S10_HYBRID,displacement,Y,1.0775452352809258,0.06661115736885893,0.06661115736885893,0.0,0.965074896812439,0.0,True,True,496
R2_LHS_02,physics,V40_C_E4_C7_1T,S10,velocity,Y,1.2370655157466934,0.09991673605328841,0.06661115736885893,0.033305578684429474,0.9554508328437805,0.07478740811347961,True,True,496
R2_LHS_02,physics,V40_C_E4_C7_1T,S10_HYBRID,displacement,Z,0.7486348244267361,0.06661115736885893,0.06661115736885893,0.0,0.9753905534744263,0.0,True,True,508
R2_LHS_02,physics,V40_C_E4_C7_1T,S10,velocity,Z,2.3177889107859246,0.06661115736885893,0.06661115736885893,0.0,0.9798976182937622,0.0,True,True,508
R2_LHS_02,physics,V52_A_E4_C7_1T,S10_HYBRID,displacement,X,1.5142445932415958,1.1990008326394608,1.1990008326394608,0.0,0.9999766945838928,-1.817693919292651e-05,True,True,496
R2_LHS_02,physics,V52_A_E4_C7_1T,S10,velocity,X,2.3124335275747128,1.998334721065768,0.09991673605328841,1.8984179850124796,0.5223215222358704,0.4490354657173157,True,True,496
R2_LHS_02,physics,V52_A_E4_C7_1T,S10_HYBRID,displacement,Y,0.8928721206816216,0.06661115736885893,0.06661115736885893,0.0,0.9679954051971436,0.0,True,True,496
R2_LHS_02,physics,V52_A_E4_C7_1T,S10,velocity,Y,1.4196886667277167,0.09991673605328841,0.09991673605328841,0.0,0.9629666209220886,0.03458380699157715,True,True,496
R2_LHS_02,physics,V52_A_E4_C7_1T,S10_HYBRID,displacement,Z,0.6033870169107242,0.06661115736885893,0.06661115736885893,0.0,0.9831562042236328,0.0,True,True,508
R2_LHS_02,physics,V52_A_E4_C7_1T,S10,velocity,Z,2.3144770748055854,0.09991673605328841,0.09991673605328841,0.0,0.9897305965423584,-0.0007242829306051135,True,True,508
R2_LHS_02,physics,V52_B_E4_C7_1T,S10_HYBRID,displacement,X,1.505718708472318,1.1990008326394608,1.1990008326394608,0.0,0.9999632239341736,0.00039973939419724047,True,True,496
R2_LHS_02,physics,V52_B_E4_C7_1T,S10,velocity,X,2.209449509516202,1.9650291423813386,0.09991673605328841,1.8651124063280502,0.49722912907600403,0.6184884905815125,True,True,496
R2_LHS_02,physics,V52_B_E4_C7_1T,S10_HYBRID,displacement,Y,0.7946026974976999,0.06661115736885893,0.06661115736885893,0.0,0.9897114038467407,0.0,True,True,496
R2_LHS_02,physics,V52_B_E4_C7_1T,S10,velocity,Y,1.2411600781180756,0.09991673605328841,0.09991673605328841,0.0,0.9674784541130066,-0.018988771364092827,True,True,496
R2_LHS_02,physics,V52_B_E4_C7_1T,S10_HYBRID,displacement,Z,0.6732280447102755,0.06661115736885893,0.06661115736885893,0.0,0.9927610754966736,0.0,True,True,508
R2_LHS_02,physics,V52_B_E4_C7_1T,S10,velocity,Z,2.3334103372702795,0.09991673605328841,0.09991673605328841,0.0,0.9967927932739258,-0.04520615562796593,True,True,508
R2_LHS_02,physics,V52_CPLUS_E4_C7_1T,S10_HYBRID,displacement,X,1.6648029430263724,1.1990008326394608,1.1990008326394608,0.0,0.9999080896377563,0.0005156841943971813,True,True,496
R2_LHS_02,physics,V52_CPLUS_E4_C7_1T,S10,velocity,X,1.7161902042413895,0.09991673605328841,0.13322231473771787,0.03330557868442946,0.9238609671592712,-0.02718539349734783,True,True,496
R2_LHS_02,physics,V52_CPLUS_E4_C7_1T,S10_HYBRID,displacement,Y,1.0570133041355108,0.06661115736885893,0.06661115736885893,0.0,0.9870184659957886,0.0,True,True,496
R2_LHS_02,physics,V52_CPLUS_E4_C7_1T,S10,velocity,Y,1.141658728667177,0.13322231473771787,0.09991673605328841,0.03330557868442946,0.9708290100097656,0.006366449873894453,True,True,496
R2_LHS_02,physics,V52_CPLUS_E4_C7_1T,S10_HYBRID,displacement,Z,0.8125520762437572,0.06661115736885893,0.06661115736885893,0.0,0.9963975548744202,0.0,True,True,508
R2_LHS_02,physics,V52_CPLUS_E4_C7_1T,S10,velocity,Z,2.077291341194979,0.09991673605328841,0.09991673605328841,0.0,0.9910041689872742,0.0163606945425272,True,True,508
R2_LHS_02,physics,V52_C_E4_C7_1T,S10_HYBRID,displacement,X,1.680443676824329,1.1990008326394608,1.1990008326394608,0.0,0.9999484419822693,0.0003150197444483638,True,True,496
R2_LHS_02,physics,V52_C_E4_C7_1T,S10,velocity,X,1.7566958007587068,1.998334721065768,0.09991673605328841,1.8984179850124796,0.37379685044288635,-0.07728856056928635,True,True,496
R2_LHS_02,physics,V52_C_E4_C7_1T,S10_HYBRID,displacement,Y,0.8946695324220313,0.06661115736885893,0.06661115736885893,0.0,0.98752760887146,0.0,True,True,496
R2_LHS_02,physics,V52_C_E4_C7_1T,S10,velocity,Y,1.1914879860541896,0.09991673605328841,0.13322231473771787,0.03330557868442946,0.9720292687416077,-0.021784286946058273,True,True,496
R2_LHS_02,physics,V52_C_E4_C7_1T,S10_HYBRID,displacement,Z,0.7572516026550298,0.06661115736885893,0.06661115736885893,0.0,0.9934953451156616,0.0,True,True,508
R2_LHS_02,physics,V52_C_E4_C7_1T,S10,velocity,Z,2.2997472379999944,0.09991673605328841,0.09991673605328841,0.0,0.9969097971916199,-0.04204118996858597,True,True,508
R2_LHS_02,physics,V40_A_E5_C9_1T,S10_HYBRID,displacement,X,1.5329856597264362,1.1990008326394608,1.1990008326394608,0.0,0.9999566078186035,-0.0004896976752206683,True,True,496
R2_LHS_02,physics,V40_A_E5_C9_1T,S10,velocity,X,2.4129322936264956,1.931723563696909,0.09991673605328841,1.8318068276436206,0.6031566858291626,-0.537208616733551,True,True,496
R2_LHS_02,physics,V40_A_E5_C9_1T,S10_HYBRID,displacement,Y,0.7164800068871765,0.06661115736885893,0.06661115736885893,0.0,0.8987008929252625,0.0,True,True,496
R2_LHS_02,physics,V40_A_E5_C9_1T,S10,velocity,Y,1.4351370092539668,0.06661115736885893,0.06661115736885893,0.0,0.938498318195343,0.0,True,True,496
R2_LHS_02,physics,V40_A_E5_C9_1T,S10_HYBRID,displacement,Z,0.6117913011111419,0.06661115736885893,0.06661115736885893,0.0,0.8807176351547241,0.0,True,True,508
R2_LHS_02,physics,V40_A_E5_C9_1T,S10,velocity,Z,2.6146452560530844,0.06661115736885893,0.06661115736885893,0.0,0.9932748675346375,0.0,True,True,508
R2_LHS_02,physics,V40_B_E5_C9_1T,S10_HYBRID,displacement,X,1.572538857702306,1.1990008326394608,1.1990008326394608,0.0,0.9999377131462097,-0.000357284297933802,True,True,496
R2_LHS_02,physics,V40_B_E5_C9_1T,S10,velocity,X,2.2224451427456073,1.931723563696909,0.09991673605328841,1.8318068276436206,0.5577436089515686,-0.32965561747550964,True,True,496
R2_LHS_02,physics,V40_B_E5_C9_1T,S10_HYBRID,displacement,Y,0.7832775131959201,0.06661115736885893,0.06661115736885893,0.0,0.9239743947982788,0.0,True,True,496
R2_LHS_02,physics,V40_B_E5_C9_1T,S10,velocity,Y,1.366639978550372,0.09991673605328841,0.09991673605328841,0.0,0.9603089094161987,0.015155158936977386,True,True,496
R2_LHS_02,physics,V40_B_E5_C9_1T,S10_HYBRID,displacement,Z,0.6468894754393181,0.06661115736885893,0.06661115736885893,0.0,0.9034020900726318,0.0,True,True,508
R2_LHS_02,physics,V40_B_E5_C9_1T,S10,velocity,Z,2.545223180829923,0.06661115736885893,0.06661115736885893,0.0,0.9945176839828491,0.0,True,True,508
R2_LHS_02,physics,V40_CPLUS_E5_C9_1T,S10_HYBRID,displacement,X,1.867356824104962,1.1990008326394608,1.1990008326394608,0.0,0.9998225569725037,7.602558616781607e-05,True,True,496
R2_LHS_02,physics,V40_CPLUS_E5_C9_1T,S10,velocity,X,1.854379801756511,0.09991673605328841,0.09991673605328841,0.0,0.8766210079193115,0.02524440363049507,True,True,496
R2_LHS_02,physics,V40_CPLUS_E5_C9_1T,S10_HYBRID,displacement,Y,1.1228716458082888,0.06661115736885893,0.06661115736885893,0.0,0.9765265583992004,0.0,True,True,496
R2_LHS_02,physics,V40_CPLUS_E5_C9_1T,S10,velocity,Y,1.510528522185894,0.09991673605328841,0.09991673605328841,0.0,0.9496374726295471,0.04122484102845192,True,True,496
R2_LHS_02,physics,V40_CPLUS_E5_C9_1T,S10_HYBRID,displacement,Z,0.8717903772124616,0.06661115736885893,0.06661115736885893,0.0,0.9858750104904175,0.0,True,True,508
R2_LHS_02,physics,V40_CPLUS_E5_C9_1T,S10,velocity,Z,2.5600452611578164,0.06661115736885893,0.06661115736885893,0.0,0.9887585043907166,0.0,True,True,508
R2_LHS_02,physics,V40_C_E5_C9_1T,S10_HYBRID,displacement,X,1.7782386503794605,1.1990008326394608,1.1990008326394608,0.0,0.9999094605445862,3.255583578720689e-05,True,True,496
R2_LHS_02,physics,V40_C_E5_C9_1T,S10,velocity,X,1.8811679275313156,0.09991673605328841,0.09991673605328841,0.0,0.7300269603729248,0.13061536848545074,True,True,496
R2_LHS_02,physics,V40_C_E5_C9_1T,S10_HYBRID,displacement,Y,1.1425059409332843,0.06661115736885893,0.06661115736885893,0.0,0.9597191214561462,0.0,True,True,496
R2_LHS_02,physics,V40_C_E5_C9_1T,S10,velocity,Y,1.2124803682215495,0.09991673605328841,0.06661115736885893,0.033305578684429474,0.944070041179657,0.080253005027771,True,True,496
R2_LHS_02,physics,V40_C_E5_C9_1T,S10_HYBRID,displacement,Z,0.8067563847550405,0.06661115736885893,0.06661115736885893,0.0,0.9728392362594604,0.0,True,True,508
R2_LHS_02,physics,V40_C_E5_C9_1T,S10,velocity,Z,2.4324488345276825,0.06661115736885893,0.06661115736885893,0.0,0.9824358224868774,0.0,True,True,508
R2_LHS_02,physics,V52_A_E5_C9_1T,S10_HYBRID,displacement,X,1.4402621551975983,1.1990008326394608,1.1990008326394608,0.0,0.9999765157699585,0.0001710585638647899,True,True,496
R2_LHS_02,physics,V52_A_E5_C9_1T,S10,velocity,X,2.3378612877430838,0.09991673605328841,0.09991673605328841,0.0,0.7779200673103333,0.08547858148813248,True,True,496
R2_LHS_02,physics,V52_A_E5_C9_1T,S10_HYBRID,displacement,Y,0.8752964395338423,0.06661115736885893,0.06661115736885893,0.0,0.9769722819328308,0.0,True,True,496
R2_LHS_02,physics,V52_A_E5_C9_1T,S10,velocity,Y,1.2625044480696062,0.09991673605328841,0.09991673605328841,0.0,0.9602754712104797,0.033549271523952484,True,True,496
R2_LHS_02,physics,V52_A_E5_C9_1T,S10_HYBRID,displacement,Z,0.6246730684053943,0.06661115736885893,0.06661115736885893,0.0,0.9913612008094788,0.0,True,True,508
R2_LHS_02,physics,V52_A_E5_C9_1T,S10,velocity,Z,2.2232767663631514,0.09991673605328841,0.09991673605328841,0.0,0.9917274117469788,0.0023024389520287514,True,True,508
R2_LHS_02,physics,V52_B_E5_C9_1T,S10_HYBRID,displacement,X,1.3472179562810802,1.1990008326394608,1.1990008326394608,0.0,0.9999659657478333,-0.00022418964363168925,True,True,496
R2_LHS_02,physics,V52_B_E5_C9_1T,S10,velocity,X,2.2666628448456967,0.09991673605328841,0.09991673605328841,0.0,0.8372148275375366,0.0189089123159647,True,True,496
R2_LHS_02,physics,V52_B_E5_C9_1T,S10_HYBRID,displacement,Y,0.7970662118726786,0.06661115736885893,0.06661115736885893,0.0,0.9888085126876831,0.0,True,True,496
R2_LHS_02,physics,V52_B_E5_C9_1T,S10,velocity,Y,1.336937777964924,0.09991673605328841,0.09991673605328841,0.0,0.9752358198165894,-0.01375330425798893,True,True,496
R2_LHS_02,physics,V52_B_E5_C9_1T,S10_HYBRID,displacement,Z,0.6259290710763754,0.06661115736885893,0.06661115736885893,0.0,0.9930399656295776,0.0,True,True,508
R2_LHS_02,physics,V52_B_E5_C9_1T,S10,velocity,Z,2.3032020351711773,0.09991673605328841,0.09991673605328841,0.0,0.9961851239204407,-0.024087989702820778,True,True,508
R2_LHS_02,physics,V52_CPLUS_E5_C9_1T,S10_HYBRID,displacement,X,1.8754759794547227,1.1990008326394608,1.1990008326394608,0.0,0.9999135732650757,-0.0002589177747722715,True,True,496
R2_LHS_02,physics,V52_CPLUS_E5_C9_1T,S10,velocity,X,1.4434646790751038,0.09991673605328841,0.09991673605328841,0.0,0.9150978922843933,-0.019090119749307632,True,True,496
R2_LHS_02,physics,V52_CPLUS_E5_C9_1T,S10_HYBRID,displacement,Y,1.152419329124602,0.06661115736885893,0.06661115736885893,0.0,0.9859226942062378,0.0,True,True,496
R2_LHS_02,physics,V52_CPLUS_E5_C9_1T,S10,velocity,Y,1.0516677719263432,0.13322231473771787,0.13322231473771787,0.0,0.9765409231185913,-0.02828088589012623,True,True,496
R2_LHS_02,physics,V52_CPLUS_E5_C9_1T,S10_HYBRID,displacement,Z,0.907954583881483,0.06661115736885893,0.06661115736885893,0.0,0.992565393447876,0.0,True,True,508
R2_LHS_02,physics,V52_CPLUS_E5_C9_1T,S10,velocity,Z,1.8774024228694024,0.09991673605328841,0.09991673605328841,0.0,0.9945486187934875,-0.05961309373378754,True,True,508
R2_LHS_02,physics,V52_C_E5_C9_1T,S10_HYBRID,displacement,X,1.6756932405580822,1.1990008326394608,1.1990008326394608,0.0,0.9999469518661499,7.806000212440267e-05,True,True,496
R2_LHS_02,physics,V52_C_E5_C9_1T,S10,velocity,X,1.9853215687120158,0.09991673605328841,0.13322231473771787,0.03330557868442946,0.916086733341217,-0.0072296541184186935,True,True,496
R2_LHS_02,physics,V52_C_E5_C9_1T,S10_HYBRID,displacement,Y,0.845295914049744,0.06661115736885893,0.06661115736885893,0.0,0.9903252124786377,0.0,True,True,496
R2_LHS_02,physics,V52_C_E5_C9_1T,S10,velocity,Y,1.1555945989476233,0.09991673605328841,0.09991673605328841,0.0,0.9702066779136658,0.013505098409950733,True,True,496
R2_LHS_02,physics,V52_C_E5_C9_1T,S10_HYBRID,displacement,Z,0.661717691749269,0.06661115736885893,0.06661115736885893,0.0,0.9932761788368225,0.0,True,True,508
R2_LHS_02,physics,V52_C_E5_C9_1T,S10,velocity,Z,2.4371880615097807,0.09991673605328841,0.09991673605328841,0.0,0.9934825301170349,0.025764038786292076,True,True,508
R2_LHS_02,physics,V40_A_E6_C10_1T,S10_HYBRID,displacement,X,1.7863301811089987,0.03330557868442947,0.03330557868442947,0.0,0.9756826758384705,0.0,True,True,496
R2_LHS_02,physics,V40_A_E6_C10_1T,S10,velocity,X,2.3580748981996456,0.09991673605328841,0.09991673605328841,0.0,0.8677338361740112,0.06994856148958206,True,True,496
R2_LHS_02,physics,V40_A_E6_C10_1T,S10_HYBRID,displacement,Y,0.5359321092229128,0.06661115736885893,0.06661115736885893,0.0,0.9772354960441589,0.0,True,True,496
R2_LHS_02,physics,V40_A_E6_C10_1T,S10,velocity,Y,2.3202646506427964,0.06661115736885893,0.06661115736885893,0.0,0.9295570850372314,0.0,True,True,496
R2_LHS_02,physics,V40_A_E6_C10_1T,S10_HYBRID,displacement,Z,0.387283095944597,0.06661115736885893,0.06661115736885893,0.0,0.9926565289497375,0.0,True,True,508
R2_LHS_02,physics,V40_A_E6_C10_1T,S10,velocity,Z,3.2921259634521887,0.06661115736885893,0.06661115736885893,0.0,0.9916277527809143,0.0,True,True,508
R2_LHS_02,physics,V40_B_E6_C10_1T,S10_HYBRID,displacement,X,1.8796577711840003,0.03330557868442947,0.03330557868442947,0.0,0.9811488389968872,0.0,True,True,496
R2_LHS_02,physics,V40_B_E6_C10_1T,S10,velocity,X,2.0044348042011197,0.09991673605328841,0.09991673605328841,0.0,0.8084491491317749,0.051657263189554214,True,True,496
R2_LHS_02,physics,V40_B_E6_C10_1T,S10_HYBRID,displacement,Y,0.6980068932753737,0.06661115736885893,0.06661115736885893,0.0,0.985241174697876,0.0,True,True,496
R2_LHS_02,physics,V40_B_E6_C10_1T,S10,velocity,Y,1.916457206842979,0.09991673605328841,0.09991673605328841,0.0,0.9587771892547607,0.017851117998361588,True,True,496
R2_LHS_02,physics,V40_B_E6_C10_1T,S10_HYBRID,displacement,Z,0.46983184299896014,0.06661115736885893,0.06661115736885893,0.0,0.9955761432647705,0.0,True,True,508
R2_LHS_02,physics,V40_B_E6_C10_1T,S10,velocity,Z,2.684502029362264,0.06661115736885893,0.06661115736885893,0.0,0.9914824962615967,0.0,True,True,508
R2_LHS_02,physics,V40_CPLUS_E6_C10_1T,S10_HYBRID,displacement,X,3.2676938988720283,0.03330557868442947,0.03330557868442947,0.0,0.9779273271560669,0.0,True,True,496
R2_LHS_02,physics,V40_CPLUS_E6_C10_1T,S10,velocity,X,1.5923985618299408,0.09991673605328841,0.09991673605328841,0.0,0.8525480628013611,0.03270495682954788,True,True,496
R2_LHS_02,physics,V40_CPLUS_E6_C10_1T,S10_HYBRID,displacement,Y,1.0516093819936854,0.06661115736885893,0.06661115736885893,0.0,0.971594512462616,0.0,True,True,496
R2_LHS_02,physics,V40_CPLUS_E6_C10_1T,S10,velocity,Y,1.8078912207675704,0.09991673605328841,0.09991673605328841,0.0,0.9670044779777527,0.023844238370656967,True,True,496
R2_LHS_02,physics,V40_CPLUS_E6_C10_1T,S10_HYBRID,displacement,Z,0.9347210164597339,0.06661115736885893,0.06661115736885893,0.0,0.9705949425697327,0.0,True,True,508
R2_LHS_02,physics,V40_CPLUS_E6_C10_1T,S10,velocity,Z,2.7232513259287896,0.06661115736885893,0.06661115736885893,0.0,0.9946687817573547,0.0,True,True,508
R2_LHS_02,physics,V40_C_E6_C10_1T,S10_HYBRID,displacement,X,2.9928791512984363,0.03330557868442947,0.03330557868442947,0.0,0.9773040413856506,0.0,True,True,496
R2_LHS_02,physics,V40_C_E6_C10_1T,S10,velocity,X,1.6850933891250945,0.09991673605328841,0.09991673605328841,0.0,0.8368974328041077,0.03558392450213432,True,True,496
R2_LHS_02,physics,V40_C_E6_C10_1T,S10_HYBRID,displacement,Y,0.8629794819523706,0.06661115736885893,0.06661115736885893,0.0,0.9726359844207764,0.0,True,True,496
R2_LHS_02,physics,V40_C_E6_C10_1T,S10,velocity,Y,1.9921685105012576,0.09991673605328841,0.09991673605328841,0.0,0.9680221080780029,0.024113662540912628,True,True,496
R2_LHS_02,physics,V40_C_E6_C10_1T,S10_HYBRID,displacement,Z,0.7085681059771634,0.06661115736885893,0.06661115736885893,0.0,0.9687001705169678,0.0,True,True,508
R2_LHS_02,physics,V40_C_E6_C10_1T,S10,velocity,Z,2.775076357037573,0.06661115736885893,0.06661115736885893,0.0,0.9938470125198364,0.0,True,True,508
R2_LHS_02,physics,V52_A_E6_C10_1T,S10_HYBRID,displacement,X,2.225094484398031,0.03330557868442947,0.03330557868442947,0.0,0.9839128255844116,0.0,True,True,496
R2_LHS_02,physics,V52_A_E6_C10_1T,S10,velocity,X,2.027868263945739,0.09991673605328841,0.09991673605328841,0.0,0.8460648059844971,-0.014140126295387745,True,True,496
R2_LHS_02,physics,V52_A_E6_C10_1T,S10_HYBRID,displacement,Y,0.5986379683864369,0.06661115736885893,0.06661115736885893,0.0,0.9845821261405945,0.0,True,True,496
R2_LHS_02,physics,V52_A_E6_C10_1T,S10,velocity,Y,1.8416565703236047,0.09991673605328841,0.09991673605328841,0.0,0.9711773991584778,-0.0060904622077941895,True,True,496
R2_LHS_02,physics,V52_A_E6_C10_1T,S10_HYBRID,displacement,Z,0.4559819595215909,0.06661115736885893,0.06661115736885893,0.0,0.9928345680236816,0.0,True,True,508
R2_LHS_02,physics,V52_A_E6_C10_1T,S10,velocity,Z,3.124326361678993,0.09991673605328841,0.09991673605328841,0.0,0.9943757057189941,0.029872698709368706,True,True,508
R2_LHS_02,physics,V52_B_E6_C10_1T,S10_HYBRID,displacement,X,2.8658407329703426,0.03330557868442947,0.03330557868442947,0.0,0.9604904055595398,0.0,True,True,496
R2_LHS_02,physics,V52_B_E6_C10_1T,S10,velocity,X,1.7607043312810096,0.09991673605328841,0.09991673605328841,0.0,0.8100405335426331,0.07896489650011063,True,True,496
R2_LHS_02,physics,V52_B_E6_C10_1T,S10_HYBRID,displacement,Y,0.7697452393487684,0.06661115736885893,0.06661115736885893,0.0,0.9800984859466553,0.0,True,True,496
R2_LHS_02,physics,V52_B_E6_C10_1T,S10,velocity,Y,1.4832457337997136,0.09991673605328841,0.09991673605328841,0.0,0.9661356806755066,0.043481964617967606,True,True,496
R2_LHS_02,physics,V52_B_E6_C10_1T,S10_HYBRID,displacement,Z,0.6028812174849503,0.06661115736885893,0.06661115736885893,0.0,0.9946726560592651,0.0,True,True,508
R2_LHS_02,physics,V52_B_E6_C10_1T,S10,velocity,Z,2.370225117253946,0.09991673605328841,0.09991673605328841,0.0,0.9873024225234985,0.03847917169332504,True,True,508
R2_LHS_02,physics,V52_CPLUS_E6_C10_1T,S10_HYBRID,displacement,X,2.9097809449795036,0.03330557868442947,0.03330557868442947,0.0,0.9935587048530579,0.0,True,True,496
R2_LHS_02,physics,V52_CPLUS_E6_C10_1T,S10,velocity,X,1.588124757110904,0.09991673605328841,0.13322231473771787,0.03330557868442946,0.900352954864502,-0.02660498023033142,True,True,496
R2_LHS_02,physics,V52_CPLUS_E6_C10_1T,S10_HYBRID,displacement,Y,1.0000807424561562,0.06661115736885893,0.06661115736885893,0.0,0.9895240068435669,0.0,True,True,496
R2_LHS_02,physics,V52_CPLUS_E6_C10_1T,S10,velocity,Y,1.5101567897096118,0.13322231473771787,0.09991673605328841,0.03330557868442946,0.9696118831634521,0.009130160324275494,True,True,496
R2_LHS_02,physics,V52_CPLUS_E6_C10_1T,S10_HYBRID,displacement,Z,0.8032987047369012,0.06661115736885893,0.06661115736885893,0.0,0.9956725835800171,0.0,True,True,508
R2_LHS_02,physics,V52_CPLUS_E6_C10_1T,S10,velocity,Z,2.5482604164879303,0.09991673605328841,0.09991673605328841,0.0,0.9890801310539246,0.02935515157878399,True,True,508
R2_LHS_02,physics,V52_C_E6_C10_1T,S10_HYBRID,displacement,X,2.6346702728322713,0.03330557868442947,0.03330557868442947,0.0,0.9943373799324036,0.0,True,True,496
R2_LHS_02,physics,V52_C_E6_C10_1T,S10,velocity,X,1.839359189361724,0.09991673605328841,0.09991673605328841,0.0,0.8247652649879456,0.005933657288551331,True,True,496
R2_LHS_02,physics,V52_C_E6_C10_1T,S10_HYBRID,displacement,Y,0.8162883411618976,0.06661115736885893,0.06661115736885893,0.0,0.9940792918205261,0.0,True,True,496
R2_LHS_02,physics,V52_C_E6_C10_1T,S10,velocity,Y,1.6638113254374676,0.09991673605328841,0.09991673605328841,0.0,0.9771651029586792,-0.016954194754362106,True,True,496
R2_LHS_02,physics,V52_C_E6_C10_1T,S10_HYBRID,displacement,Z,0.6269539283423186,0.06661115736885893,0.06661115736885893,0.0,0.9982103705406189,0.0,True,True,508
R2_LHS_02,physics,V52_C_E6_C10_1T,S10,velocity,Z,2.7545311700903246,0.09991673605328841,0.09991673605328841,0.0,0.9963448643684387,-0.015135767869651318,True,True,508
R2_LHS_02,physics,V40_A_E7_C11_2T,S10_HYBRID,displacement,X,1.4624237050418598,1.1990008326394608,1.1990008326394608,0.0,0.999953031539917,0.00018126092618331313,True,True,496
R2_LHS_02,physics,V40_A_E7_C11_2T,S10,velocity,X,1.8734200423957736,1.9650291423813386,0.13322231473771787,1.8318068276436208,0.6177772283554077,0.4039953052997589,True,True,496
R2_LHS_02,physics,V40_A_E7_C11_2T,S10_HYBRID,displacement,Y,3.294332716740423,0.06661115736885893,0.06661115736885893,0.0,0.9944417476654053,0.0,True,True,496
R2_LHS_02,physics,V40_A_E7_C11_2T,S10,velocity,Y,1.5619915205290251,0.09991673605328841,0.09991673605328841,0.0,0.9789959192276001,0.006423382554203272,True,True,496
R2_LHS_02,physics,V40_A_E7_C11_2T,S10_HYBRID,displacement,Z,4.563412074560312,0.06661115736885893,0.06661115736885893,0.0,0.9963777661323547,0.0,True,True,508
R2_LHS_02,physics,V40_A_E7_C11_2T,S10,velocity,Z,2.5914846570598877,0.09991673605328841,0.09991673605328841,0.0,0.9945122003555298,0.006062256172299385,True,True,508
R2_LHS_02,physics,V40_B_E7_C11_2T,S10_HYBRID,displacement,X,1.5242321388318345,1.1990008326394608,1.1990008326394608,0.0,0.999939501285553,5.5570839322172105e-05,True,True,496
R2_LHS_02,physics,V40_B_E7_C11_2T,S10,velocity,X,1.6511454884656387,4.629475437135696,0.13322231473771787,4.496253122397978,0.7202103137969971,0.5648863911628723,True,True,496
R2_LHS_02,physics,V40_B_E7_C11_2T,S10_HYBRID,displacement,Y,3.656662413286321,0.06661115736885893,0.06661115736885893,0.0,0.9841040372848511,0.0,True,True,496
R2_LHS_02,physics,V40_B_E7_C11_2T,S10,velocity,Y,1.4989857966657834,0.09991673605328841,0.09991673605328841,0.0,0.9683208465576172,0.024754462763667107,True,True,496
R2_LHS_02,physics,V40_B_E7_C11_2T,S10_HYBRID,displacement,Z,4.642679059772248,0.06661115736885893,0.06661115736885893,0.0,0.9963659048080444,0.0,True,True,508
R2_LHS_02,physics,V40_B_E7_C11_2T,S10,velocity,Z,2.430644373624973,0.09991673605328841,0.09991673605328841,0.0,0.9928989410400391,0.004697725176811218,True,True,508
R2_LHS_02,physics,V40_CPLUS_E7_C11_2T,S10_HYBRID,displacement,X,2.2506469484464726,1.1990008326394608,1.1990008326394608,0.0,0.9997979402542114,7.175033533712849e-05,True,True,496
R2_LHS_02,physics,V40_CPLUS_E7_C11_2T,S10,velocity,X,1.3097403489214048,0.13322231473771787,0.13322231473771787,0.0,0.9188839793205261,0.009561724960803986,True,True,496
R2_LHS_02,physics,V40_CPLUS_E7_C11_2T,S10_HYBRID,displacement,Y,4.498824269260071,0.06661115736885893,0.06661115736885893,0.0,0.9948094487190247,0.0,True,True,496
R2_LHS_02,physics,V40_CPLUS_E7_C11_2T,S10,velocity,Y,1.4291213724862366,0.09991673605328841,0.09991673605328841,0.0,0.9823764562606812,0.022538194432854652,True,True,496
R2_LHS_02,physics,V40_CPLUS_E7_C11_2T,S10_HYBRID,displacement,Z,5.913935923067305,0.06661115736885893,0.06661115736885893,0.0,0.9976983070373535,0.0,True,True,508
R2_LHS_02,physics,V40_CPLUS_E7_C11_2T,S10,velocity,Z,2.206744066056473,0.09991673605328841,0.09991673605328841,0.0,0.9946282505989075,0.004807161632925272,True,True,508
R2_LHS_02,physics,V40_C_E7_C11_2T,S10_HYBRID,displacement,X,1.8931274404291807,1.1990008326394608,1.1990008326394608,0.0,0.9998703598976135,8.786709804553539e-05,True,True,496
R2_LHS_02,physics,V40_C_E7_C11_2T,S10,velocity,X,1.53508546292414,1.9650291423813386,0.13322231473771787,1.8318068276436208,0.6256045699119568,-0.35661497712135315,True,True,496
R2_LHS_02,physics,V40_C_E7_C11_2T,S10_HYBRID,displacement,Y,4.081933137498905,0.06661115736885893,0.06661115736885893,0.0,0.9936646223068237,0.0,True,True,496
R2_LHS_02,physics,V40_C_E7_C11_2T,S10,velocity,Y,1.373439506960874,0.09991673605328841,0.09991673605328841,0.0,0.9799190759658813,0.021764017641544342,True,True,496
R2_LHS_02,physics,V40_C_E7_C11_2T,S10_HYBRID,displacement,Z,5.477317851131464,0.06661115736885893,0.06661115736885893,0.0,0.9970293045043945,0.0,True,True,508
R2_LHS_02,physics,V40_C_E7_C11_2T,S10,velocity,Z,2.2798499287521086,0.09991673605328841,0.09991673605328841,0.0,0.994489848613739,0.0026657357811927795,True,True,508
R2_LHS_02,physics,V52_A_E7_C11_2T,S10_HYBRID,displacement,X,1.4860540693575255,1.1990008326394608,1.1990008326394608,0.0,0.9999704957008362,-0.00026934483321383595,True,True,496
R2_LHS_02,physics,V52_A_E7_C11_2T,S10,velocity,X,1.7196227017814647,0.16652789342214733,0.16652789342214733,0.0,0.8767168521881104,-0.07518119364976883,True,True,496
R2_LHS_02,physics,V52_A_E7_C11_2T,S10_HYBRID,displacement,Y,3.611907543126119,0.06661115736885893,0.06661115736885893,0.0,0.9915450811386108,0.0,True,True,496
R2_LHS_02,physics,V52_A_E7_C11_2T,S10,velocity,Y,1.365473801420106,0.13322231473771787,0.13322231473771787,0.0,0.9694331884384155,-0.013088050298392773,True,True,496
R2_LHS_02,physics,V52_A_E7_C11_2T,S10_HYBRID,displacement,Z,4.754589185023649,0.09991673605328841,0.09991673605328841,0.0,0.9988647103309631,0.024699348956346512,True,True,508
R2_LHS_02,physics,V52_A_E7_C11_2T,S10,velocity,Z,1.9100964716519486,0.13322231473771787,0.13322231473771787,0.0,0.9923439621925354,-0.028845323249697685,True,True,508
R2_LHS_02,physics,V52_B_E7_C11_2T,S10_HYBRID,displacement,X,1.684226884569037,1.1990008326394608,1.1990008326394608,0.0,0.9999575614929199,-9.996810695156455e-05,True,True,496
R2_LHS_02,physics,V52_B_E7_C11_2T,S10,velocity,X,1.4157113058622048,0.16652789342214733,0.16652789342214733,0.0,0.9106894135475159,-0.0027295693289488554,True,True,496
R2_LHS_02,physics,V52_B_E7_C11_2T,S10_HYBRID,displacement,Y,3.838593380610639,0.06661115736885893,0.06661115736885893,0.0,0.9922007918357849,0.0,True,True,496
R2_LHS_02,physics,V52_B_E7_C11_2T,S10,velocity,Y,1.1055098354088777,0.13322231473771787,0.13322231473771787,0.0,0.9752039909362793,0.0003753427881747484,True,True,496
R2_LHS_02,physics,V52_B_E7_C11_2T,S10_HYBRID,displacement,Z,5.067756526445411,0.09991673605328841,0.09991673605328841,0.0,0.9958017468452454,-0.023339904844760895,True,True,508
R2_LHS_02,physics,V52_B_E7_C11_2T,S10,velocity,Z,1.8713266894869869,0.13322231473771787,0.13322231473771787,0.0,0.9967160224914551,0.018640166148543358,True,True,508
R2_LHS_02,physics,V52_CPLUS_E7_C11_2T,S10_HYBRID,displacement,X,2.048064241432896,1.1990008326394608,1.1990008326394608,0.0,0.9999135136604309,1.3101761169309611e-06,True,True,496
R2_LHS_02,physics,V52_CPLUS_E7_C11_2T,S10,velocity,X,1.241945110595493,0.16652789342214733,0.16652789342214733,0.0,0.898307204246521,0.027875924482941628,True,True,496
R2_LHS_02,physics,V52_CPLUS_E7_C11_2T,S10_HYBRID,displacement,Y,4.303698716218573,0.06661115736885893,0.06661115736885893,0.0,0.9916540384292603,0.0,True,True,496
R2_LHS_02,physics,V52_CPLUS_E7_C11_2T,S10,velocity,Y,1.1415289058372502,0.13322231473771787,0.13322231473771787,0.0,0.9743977189064026,0.003977876156568527,True,True,496
R2_LHS_02,physics,V52_CPLUS_E7_C11_2T,S10_HYBRID,displacement,Z,5.613144170349403,0.09991673605328841,0.09991673605328841,0.0,0.9974321722984314,-0.0206180140376091,True,True,508
R2_LHS_02,physics,V52_CPLUS_E7_C11_2T,S10,velocity,Z,1.7528739848972192,0.13322231473771787,0.13322231473771787,0.0,0.9974857568740845,0.012256407178938389,True,True,508
R2_LHS_02,physics,V52_C_E7_C11_2T,S10_HYBRID,displacement,X,1.8211184795710598,1.1990008326394608,1.1990008326394608,0.0,0.9999485611915588,-0.00021345927962101996,True,True,496
R2_LHS_02,physics,V52_C_E7_C11_2T,S10,velocity,X,1.579998163930537,0.16652789342214733,0.16652789342214733,0.0,0.912977397441864,-0.0035260915756225586,True,True,496
R2_LHS_02,physics,V52_C_E7_C11_2T,S10_HYBRID,displacement,Y,4.093214517260505,0.06661115736885893,0.06661115736885893,0.0,0.9980443120002747,0.0,True,True,496
R2_LHS_02,physics,V52_C_E7_C11_2T,S10,velocity,Y,1.2008624015453044,0.13322231473771787,0.13322231473771787,0.0,0.983156681060791,-0.011972933076322079,True,True,496
R2_LHS_02,physics,V52_C_E7_C11_2T,S10_HYBRID,displacement,Z,5.6007732341358425,0.09991673605328841,0.09991673605328841,0.0,0.9979152679443359,-0.010541369207203388,True,True,508
R2_LHS_02,physics,V52_C_E7_C11_2T,S10,velocity,Z,2.004558234720242,0.13322231473771787,0.13322231473771787,0.0,0.9976730942726135,-0.006685728207230568,True,True,508
R2_LHS_02,physics,V40_A_E8_C12_2T,S10_HYBRID,displacement,X,2.2992452107707124,0.06661115736885893,0.06661115736885893,0.0,0.9742863774299622,0.0,True,True,496
R2_LHS_02,physics,V40_A_E8_C12_2T,S10,velocity,X,1.2763311478384998,0.13322231473771787,0.13322231473771787,0.0,0.8170852661132812,-0.05189688131213188,True,True,496
R2_LHS_02,physics,V40_A_E8_C12_2T,S10_HYBRID,displacement,Y,2.7719326397190582,0.06661115736885893,0.06661115736885893,0.0,0.9819978475570679,0.0,True,True,496
R2_LHS_02,physics,V40_A_E8_C12_2T,S10,velocity,Y,1.8002924620067355,0.09991673605328841,0.09991673605328841,0.0,0.9684920907020569,0.024752406403422356,True,True,496
R2_LHS_02,physics,V40_A_E8_C12_2T,S10_HYBRID,displacement,Z,3.507198819375586,0.06661115736885893,0.06661115736885893,0.0,0.9926629066467285,0.0,True,True,508
R2_LHS_02,physics,V40_A_E8_C12_2T,S10,velocity,Z,2.5498739891535114,0.09991673605328841,0.09991673605328841,0.0,0.9918032288551331,-0.0013281089486554265,True,True,508
R2_LHS_02,physics,V40_B_E8_C12_2T,S10_HYBRID,displacement,X,2.4400076074112116,0.06661115736885893,0.06661115736885893,0.0,0.9737856388092041,0.0,True,True,496
R2_LHS_02,physics,V40_B_E8_C12_2T,S10,velocity,X,1.1972533890102401,0.13322231473771787,0.13322231473771787,0.0,0.8306745290756226,-0.064177006483078,True,True,496
R2_LHS_02,physics,V40_B_E8_C12_2T,S10_HYBRID,displacement,Y,3.2978466017292654,0.06661115736885893,0.06661115736885893,0.0,0.9874035120010376,0.0,True,True,496
R2_LHS_02,physics,V40_B_E8_C12_2T,S10,velocity,Y,1.5042789263523517,0.09991673605328841,0.09991673605328841,0.0,0.974660336971283,0.004271170124411583,True,True,496
R2_LHS_02,physics,V40_B_E8_C12_2T,S10_HYBRID,displacement,Z,4.2433573096671005,0.06661115736885893,0.06661115736885893,0.0,0.9977056980133057,0.0,True,True,508
R2_LHS_02,physics,V40_B_E8_C12_2T,S10,velocity,Z,2.2034902631296216,0.09991673605328841,0.09991673605328841,0.0,0.9924629330635071,-0.032864801585674286,True,True,508
R2_LHS_02,physics,V40_CPLUS_E8_C12_2T,S10_HYBRID,displacement,X,3.327363796155742,0.06661115736885893,0.06661115736885893,0.0,0.9872267842292786,0.0,True,True,496
R2_LHS_02,physics,V40_CPLUS_E8_C12_2T,S10,velocity,X,1.1420369655521543,0.13322231473771787,0.13322231473771787,0.0,0.8613566160202026,0.034909337759017944,True,True,496
R2_LHS_02,physics,V40_CPLUS_E8_C12_2T,S10_HYBRID,displacement,Y,4.096706641506521,0.06661115736885893,0.06661115736885893,0.0,0.9950209259986877,0.0,True,True,496
R2_LHS_02,physics,V40_CPLUS_E8_C12_2T,S10,velocity,Y,1.4399036740450402,0.09991673605328841,0.09991673605328841,0.0,0.9693138599395752,0.021441830322146416,True,True,496
R2_LHS_02,physics,V40_CPLUS_E8_C12_2T,S10_HYBRID,displacement,Z,5.137402617380532,0.06661115736885893,0.06661115736885893,0.0,0.9970675110816956,0.0,True,True,508
R2_LHS_02,physics,V40_CPLUS_E8_C12_2T,S10,velocity,Z,2.1232424254107762,0.09991673605328841,0.09991673605328841,0.0,0.9952689409255981,0.01545217540115118,True,True,508
R2_LHS_02,physics,V40_C_E8_C12_2T,S10_HYBRID,displacement,X,2.68264564481486,0.06661115736885893,0.06661115736885893,0.0,0.9944636821746826,0.0,True,True,496
R2_LHS_02,physics,V40_C_E8_C12_2T,S10,velocity,X,1.3017034201525792,0.13322231473771787,0.13322231473771787,0.0,0.9098454117774963,-0.023932822048664093,True,True,496
R2_LHS_02,physics,V40_C_E8_C12_2T,S10_HYBRID,displacement,Y,3.6803530989656656,0.06661115736885893,0.06661115736885893,0.0,0.9967718720436096,0.0,True,True,496
R2_LHS_02,physics,V40_C_E8_C12_2T,S10,velocity,Y,1.5358186423394782,0.09991673605328841,0.09991673605328841,0.0,0.9852227568626404,0.008345061913132668,True,True,496
R2_LHS_02,physics,V40_C_E8_C12_2T,S10_HYBRID,displacement,Z,4.880576658625046,0.06661115736885893,0.06661115736885893,0.0,0.999147891998291,0.0,True,True,508
R2_LHS_02,physics,V40_C_E8_C12_2T,S10,velocity,Z,2.354617606410059,0.09991673605328841,0.09991673605328841,0.0,0.9958367347717285,0.001860857824794948,True,True,508
R2_LHS_02,physics,V52_A_E8_C12_2T,S10_HYBRID,displacement,X,2.4887523140498,0.09991673605328841,0.06661115736885893,0.033305578684429474,0.9668627381324768,-0.009920209646224976,True,True,496
R2_LHS_02,physics,V52_A_E8_C12_2T,S10,velocity,X,1.2236214834299692,0.16652789342214733,0.16652789342214733,0.0,0.8635806441307068,-0.07527539134025574,True,True,496
R2_LHS_02,physics,V52_A_E8_C12_2T,S10_HYBRID,displacement,Y,3.290314781763496,0.06661115736885893,0.06661115736885893,0.0,0.9879037141799927,0.0,True,True,496
R2_LHS_02,physics,V52_A_E8_C12_2T,S10,velocity,Y,1.3353095997399134,0.13322231473771787,0.13322231473771787,0.0,0.9756340384483337,-0.011148206889629364,True,True,496
R2_LHS_02,physics,V52_A_E8_C12_2T,S10_HYBRID,displacement,Z,4.353835201597754,0.09991673605328841,0.09991673605328841,0.0,0.994978666305542,0.011701007373631,True,True,508
R2_LHS_02,physics,V52_A_E8_C12_2T,S10,velocity,Z,1.8504441146732413,0.13322231473771787,0.13322231473771787,0.0,0.9938940405845642,-0.032011017203330994,True,True,508
R2_LHS_02,physics,V52_B_E8_C12_2T,S10_HYBRID,displacement,X,2.7979984906883995,0.09991673605328841,0.09991673605328841,0.0,0.9972202181816101,0.008053791709244251,True,True,496
R2_LHS_02,physics,V52_B_E8_C12_2T,S10,velocity,X,1.2592295187573082,0.16652789342214733,0.16652789342214733,0.0,0.9447049498558044,0.0027803312987089157,True,True,496
R2_LHS_02,physics,V52_B_E8_C12_2T,S10_HYBRID,displacement,Y,3.620609502692397,0.06661115736885893,0.06661115736885893,0.0,0.9984225630760193,0.0,True,True,496
R2_LHS_02,physics,V52_B_E8_C12_2T,S10,velocity,Y,1.5198192731758513,0.13322231473771787,0.13322231473771787,0.0,0.9865986704826355,0.0061039999127388,True,True,496
R2_LHS_02,physics,V52_B_E8_C12_2T,S10_HYBRID,displacement,Z,4.970513363544606,0.09991673605328841,0.09991673605328841,0.0,0.9992086887359619,0.002337237587198615,True,True,508
R2_LHS_02,physics,V52_B_E8_C12_2T,S10,velocity,Z,2.405183377692046,0.13322231473771787,0.13322231473771787,0.0,0.9967419505119324,0.010888705961406231,True,True,508
R2_LHS_02,physics,V52_CPLUS_E8_C12_2T,S10_HYBRID,displacement,X,3.2758570184690123,0.09991673605328841,0.09991673605328841,0.0,0.981677234172821,0.013238778337836266,True,True,496
R2_LHS_02,physics,V52_CPLUS_E8_C12_2T,S10,velocity,X,1.0817355058819824,0.16652789342214733,0.16652789342214733,0.0,0.8224357962608337,-0.009280703961849213,True,True,496
R2_LHS_02,physics,V52_CPLUS_E8_C12_2T,S10_HYBRID,displacement,Y,4.256659243184016,0.06661115736885893,0.06661115736885893,0.0,0.9922827482223511,0.0,True,True,496
R2_LHS_02,physics,V52_CPLUS_E8_C12_2T,S10,velocity,Y,1.1307419238549774,0.13322231473771787,0.13322231473771787,0.0,0.9790013432502747,0.005998862907290459,True,True,496
R2_LHS_02,physics,V52_CPLUS_E8_C12_2T,S10_HYBRID,displacement,Z,5.594096935768087,0.09991673605328841,0.09991673605328841,0.0,0.9977846741676331,-0.007136765401810408,True,True,508
R2_LHS_02,physics,V52_CPLUS_E8_C12_2T,S10,velocity,Z,1.7079162392736855,0.13322231473771787,0.13322231473771787,0.0,0.9958956241607666,0.013396332040429115,True,True,508
R2_LHS_02,physics,V52_C_E8_C12_2T,S10_HYBRID,displacement,X,2.8836593478971597,0.09991673605328841,0.09991673605328841,0.0,0.9948250651359558,0.008280815556645393,True,True,496
R2_LHS_02,physics,V52_C_E8_C12_2T,S10,velocity,X,1.118416708535746,0.16652789342214733,0.16652789342214733,0.0,0.9179125428199768,0.007085088174790144,True,True,496
R2_LHS_02,physics,V52_C_E8_C12_2T,S10_HYBRID,displacement,Y,3.624172493271798,0.06661115736885893,0.06661115736885893,0.0,0.9941886067390442,0.0,True,True,496
R2_LHS_02,physics,V52_C_E8_C12_2T,S10,velocity,Y,1.1205024798114063,0.13322231473771787,0.13322231473771787,0.0,0.9727484583854675,-0.0008976110257208347,True,True,496
R2_LHS_02,physics,V52_C_E8_C12_2T,S10_HYBRID,displacement,Z,4.806045015625002,0.09991673605328841,0.09991673605328841,0.0,0.998876690864563,0.0014737168094143271,True,True,508
R2_LHS_02,physics,V52_C_E8_C12_2T,S10,velocity,Z,1.745869561585234,0.13322231473771787,0.13322231473771787,0.0,0.9967947006225586,0.016395775601267815,True,True,508
R2_LHS_02,control,BASE_C1_0T,S10_HYBRID,displacement,X,4.275180149198559,1.931723563696909,0.09991673605328841,1.8318068276436206,0.3620225191116333,0.1204480230808258,True,True,496
R2_LHS_02,control,BASE_C1_0T,S10,velocity,X,0.0,0.0,0.0,0.0,,,False,False,0
R2_LHS_02,control,BASE_C1_0T,S10_HYBRID,displacement,Y,2.865628247617928,1.931723563696909,0.09991673605328841,1.8318068276436206,0.9378492832183838,0.06918514519929886,True,True,496
R2_LHS_02,control,BASE_C1_0T,S10,velocity,Y,0.0,0.0,0.0,0.0,,,False,False,0
R2_LHS_02,control,BASE_C1_0T,S10_HYBRID,displacement,Z,2.3305174213662263,1.931723563696909,0.09991673605328841,1.8318068276436206,0.9678179025650024,0.06715318560600281,True,True,508
R2_LHS_02,control,BASE_C1_0T,S10,velocity,Z,0.0,0.0,0.0,0.0,,,False,False,0
R2_LHS_02,control,BASE_C2_0T,S10_HYBRID,displacement,X,3.2312479679069916,1.1990008326394608,1.1990008326394608,0.0,0.999999463558197,-9.863882587524131e-05,True,True,496
R2_LHS_02,control,BASE_C2_0T,S10,velocity,X,0.0,0.0,0.0,0.0,,,False,False,0
R2_LHS_02,control,BASE_C2_0T,S10_HYBRID,displacement,Y,2.3673889405902644,1.1990008326394608,0.09991673605328841,1.0990840965861723,0.9648148417472839,1.8059774447465315e-05,True,True,496
R2_LHS_02,control,BASE_C2_0T,S10,velocity,Y,0.0,0.0,0.0,0.0,,,False,False,0
R2_LHS_02,control,BASE_C2_0T,S10_HYBRID,displacement,Z,2.4500486378404105,1.1990008326394608,0.09991673605328841,1.0990840965861723,0.9857722520828247,-1.3606079846795183e-05,True,True,508
R2_LHS_02,control,BASE_C2_0T,S10,velocity,Z,0.0,0.0,0.0,0.0,,,False,False,0
R2_LHS_02,control,BASE_C3_0T,S10_HYBRID,displacement,X,3.7864962099920496,1.931723563696909,0.09991673605328841,1.8318068276436206,0.3744875490665436,-0.03355186805129051,True,True,496
R2_LHS_02,control,BASE_C3_0T,S10,velocity,X,0.0,0.0,0.0,0.0,,,False,False,0
R2_LHS_02,control,BASE_C3_0T,S10_HYBRID,displacement,Y,2.020918931807665,1.931723563696909,0.09991673605328841,1.8318068276436206,0.9438705444335938,0.10487684607505798,True,True,496
R2_LHS_02,control,BASE_C3_0T,S10,velocity,Y,0.0,0.0,0.0,0.0,,,False,False,0
R2_LHS_02,control,BASE_C3_0T,S10_HYBRID,displacement,Z,1.9355142077005203,1.931723563696909,1.931723563696909,0.0,0.974271297454834,0.1085531935095787,True,True,508
R2_LHS_02,control,BASE_C3_0T,S10,velocity,Z,0.0,0.0,0.0,0.0,,,False,False,0
R2_LHS_02,control,BASE_C8_0T,S10_HYBRID,displacement,X,3.653527747598065,1.1990008326394608,1.1990008326394608,0.0,0.9999995827674866,0.0002370636648265645,True,True,496
R2_LHS_02,control,BASE_C8_0T,S10,velocity,X,0.0,0.0,0.0,0.0,,,False,False,0
R2_LHS_02,control,BASE_C8_0T,S10_HYBRID,displacement,Y,1.9567008100254526,1.1990008326394608,1.1990008326394608,0.0,0.974590539932251,0.00033866867306642234,True,True,496
R2_LHS_02,control,BASE_C8_0T,S10,velocity,Y,0.0,0.0,0.0,0.0,,,False,False,0
R2_LHS_02,control,BASE_C8_0T,S10_HYBRID,displacement,Z,1.9938167343508435,1.1990008326394608,1.1990008326394608,0.0,0.9904072880744934,0.0002583192544989288,True,True,508
R2_LHS_02,control,BASE_C8_0T,S10,velocity,Z,0.0,0.0,0.0,0.0,,,False,False,0
R2_LHS_02,control,V40_A_E1_C4_2T,S10_HYBRID,displacement,X,1.9113889778382476,0.06661115736885893,0.06661115736885893,0.0,0.9869009852409363,0.0,True,True,496
R2_LHS_02,control,V40_A_E1_C4_2T,S10,velocity,X,1.5545879197416217,0.13322231473771787,0.13322231473771787,0.0,0.8926742076873779,0.0003170809359289706,True,True,496
R2_LHS_02,control,V40_A_E1_C4_2T,S10_HYBRID,displacement,Y,2.5965449633310262,0.06661115736885893,0.06661115736885893,0.0,0.9799429178237915,0.0,True,True,496
R2_LHS_02,control,V40_A_E1_C4_2T,S10,velocity,Y,1.9161277146699223,0.09991673605328841,0.09991673605328841,0.0,0.974372386932373,0.011854755692183971,True,True,496
R2_LHS_02,control,V40_A_E1_C4_2T,S10_HYBRID,displacement,Z,3.484155319912119,0.06661115736885893,0.06661115736885893,0.0,0.9917103052139282,0.0,True,True,508
R2_LHS_02,control,V40_A_E1_C4_2T,S10,velocity,Z,2.8493321389917816,0.09991673605328841,0.09991673605328841,0.0,0.9932571649551392,0.005443200469017029,True,True,508
R2_LHS_02,control,V40_B_E1_C4_2T,S10_HYBRID,displacement,X,2.3135702544849437,0.06661115736885893,0.06661115736885893,0.0,0.9070910811424255,0.0,True,True,496
R2_LHS_02,control,V40_B_E1_C4_2T,S10,velocity,X,1.2729127412828904,0.13322231473771787,0.13322231473771787,0.0,0.7817126512527466,0.04348991438746452,True,True,496
R2_LHS_02,control,V40_B_E1_C4_2T,S10_HYBRID,displacement,Y,3.162084486389251,0.06661115736885893,0.06661115736885893,0.0,0.9634262919425964,0.0,True,True,496
R2_LHS_02,control,V40_B_E1_C4_2T,S10,velocity,Y,1.7932083044421125,0.09991673605328841,0.09991673605328841,0.0,0.9579294919967651,0.020947672426700592,True,True,496
R2_LHS_02,control,V40_B_E1_C4_2T,S10_HYBRID,displacement,Z,4.07503096215992,0.06661115736885893,0.06661115736885893,0.0,0.9837871193885803,0.0,True,True,508
R2_LHS_02,control,V40_B_E1_C4_2T,S10,velocity,Z,2.4646028432758516,0.09991673605328841,0.09991673605328841,0.0,0.9849013686180115,-0.021675417199730873,True,True,508
R2_LHS_02,control,V40_CPLUS_E1_C4_2T,S10_HYBRID,displacement,X,3.361873073516401,0.06661115736885893,0.06661115736885893,0.0,0.9922562837600708,0.0,True,True,496
R2_LHS_02,control,V40_CPLUS_E1_C4_2T,S10,velocity,X,1.1826663760432203,0.13322231473771787,0.13322231473771787,0.0,0.8859502673149109,-0.012463483959436417,True,True,496
R2_LHS_02,control,V40_CPLUS_E1_C4_2T,S10_HYBRID,displacement,Y,4.171956879338875,0.06661115736885893,0.06661115736885893,0.0,0.9947901964187622,0.0,True,True,496
R2_LHS_02,control,V40_CPLUS_E1_C4_2T,S10,velocity,Y,1.4419142190065535,0.09991673605328841,0.09991673605328841,0.0,0.9808031916618347,-0.006642214488238096,True,True,496
R2_LHS_02,control,V40_CPLUS_E1_C4_2T,S10_HYBRID,displacement,Z,5.2017372433211895,0.06661115736885893,0.06661115736885893,0.0,0.9985422492027283,0.0,True,True,508
R2_LHS_02,control,V40_CPLUS_E1_C4_2T,S10,velocity,Z,2.123958732609835,0.09991673605328841,0.09991673605328841,0.0,0.9948831796646118,-0.02318629063665867,True,True,508
R2_LHS_02,control,V40_C_E1_C4_2T,S10_HYBRID,displacement,X,2.7120309564011813,0.06661115736885893,0.06661115736885893,0.0,0.9127451777458191,0.0,True,True,496
R2_LHS_02,control,V40_C_E1_C4_2T,S10,velocity,X,1.121337000772621,0.13322231473771787,0.13322231473771787,0.0,0.7966129183769226,0.04048508033156395,True,True,496
R2_LHS_02,control,V40_C_E1_C4_2T,S10_HYBRID,displacement,Y,3.555495566521194,0.06661115736885893,0.06661115736885893,0.0,0.964967668056488,0.0,True,True,496
R2_LHS_02,control,V40_C_E1_C4_2T,S10,velocity,Y,1.7417260228877702,0.09991673605328841,0.09991673605328841,0.0,0.9597162008285522,0.01891886629164219,True,True,496
R2_LHS_02,control,V40_C_E1_C4_2T,S10_HYBRID,displacement,Z,4.5873510741894625,0.06661115736885893,0.06661115736885893,0.0,0.9864099621772766,0.0,True,True,508
R2_LHS_02,control,V40_C_E1_C4_2T,S10,velocity,Z,2.373153693205037,0.09991673605328841,0.09991673605328841,0.0,0.9873582124710083,-0.018572449684143066,True,True,508
R2_LHS_02,control,V52_A_E1_C4_2T,S10_HYBRID,displacement,X,2.3822382146682304,0.09991673605328841,0.09991673605328841,0.0,0.9911763668060303,-0.012327211908996105,True,True,496
R2_LHS_02,control,V52_A_E1_C4_2T,S10,velocity,X,1.1590364511358906,0.16652789342214733,0.16652789342214733,0.0,0.9248014092445374,-0.029766911640763283,True,True,496
R2_LHS_02,control,V52_A_E1_C4_2T,S10_HYBRID,displacement,Y,3.2277668613733197,0.06661115736885893,0.06661115736885893,0.0,0.9953539371490479,0.0,True,True,496
R2_LHS_02,control,V52_A_E1_C4_2T,S10,velocity,Y,1.3705468098994888,0.13322231473771787,0.13322231473771787,0.0,0.9820988178253174,-0.01597333885729313,True,True,496
R2_LHS_02,control,V52_A_E1_C4_2T,S10_HYBRID,displacement,Z,4.409497768523455,0.09991673605328841,0.09991673605328841,0.0,0.9991130232810974,-0.003337153233587742,True,True,508
R2_LHS_02,control,V52_A_E1_C4_2T,S10,velocity,Z,2.1712293643066976,0.13322231473771787,0.13322231473771787,0.0,0.9959087371826172,-0.005280054174363613,True,True,508
R2_LHS_02,control,V52_B_E1_C4_2T,S10_HYBRID,displacement,X,2.636358212387324,0.09991673605328841,0.09991673605328841,0.0,0.9873444437980652,0.02366797812283039,True,True,496
R2_LHS_02,control,V52_B_E1_C4_2T,S10,velocity,X,1.0912071151601057,0.16652789342214733,0.16652789342214733,0.0,0.8260266184806824,-0.10089810937643051,True,True,496
R2_LHS_02,control,V52_B_E1_C4_2T,S10_HYBRID,displacement,Y,3.40475634083798,0.06661115736885893,0.06661115736885893,0.0,0.9956334233283997,0.0,True,True,496
R2_LHS_02,control,V52_B_E1_C4_2T,S10,velocity,Y,1.3181048048862711,0.13322231473771787,0.13322231473771787,0.0,0.9779760241508484,-0.0025965257082134485,True,True,496
R2_LHS_02,control,V52_B_E1_C4_2T,S10_HYBRID,displacement,Z,4.618672743296098,0.09991673605328841,0.09991673605328841,0.0,0.9986020922660828,0.01640908047556877,True,True,508
R2_LHS_02,control,V52_B_E1_C4_2T,S10,velocity,Z,1.7867097140168255,0.13322231473771787,0.13322231473771787,0.0,0.9898054599761963,-0.021828163415193558,True,True,508
R2_LHS_02,control,V52_CPLUS_E1_C4_2T,S10_HYBRID,displacement,X,3.3944870217185423,0.09991673605328841,0.09991673605328841,0.0,0.9959082007408142,-0.008368140086531639,True,True,496
R2_LHS_02,control,V52_CPLUS_E1_C4_2T,S10,velocity,X,1.1224592465700658,0.16652789342214733,0.16652789342214733,0.0,0.9309040307998657,-0.005187148228287697,True,True,496
R2_LHS_02,control,V52_CPLUS_E1_C4_2T,S10_HYBRID,displacement,Y,4.111149229929027,0.06661115736885893,0.06661115736885893,0.0,0.9980073571205139,0.0,True,True,496
R2_LHS_02,control,V52_CPLUS_E1_C4_2T,S10,velocity,Y,1.3080603786616176,0.13322231473771787,0.13322231473771787,0.0,0.9776211380958557,-0.018970564007759094,True,True,496
R2_LHS_02,control,V52_CPLUS_E1_C4_2T,S10_HYBRID,displacement,Z,5.618353550146106,0.09991673605328841,0.09991673605328841,0.0,0.9976481199264526,-0.006312304176390171,True,True,508
R2_LHS_02,control,V52_CPLUS_E1_C4_2T,S10,velocity,Z,2.181862405541762,0.13322231473771787,0.13322231473771787,0.0,0.9960687160491943,-0.0004801512404810637,True,True,508
R2_LHS_02,control,V52_C_E1_C4_2T,S10_HYBRID,displacement,X,3.044173133383795,0.09991673605328841,0.09991673605328841,0.0,0.9960178136825562,-0.013461722992360592,True,True,496
R2_LHS_02,control,V52_C_E1_C4_2T,S10,velocity,X,1.1070471111074056,0.16652789342214733,0.16652789342214733,0.0,0.9608137011528015,-0.008504490368068218,True,True,496
R2_LHS_02,control,V52_C_E1_C4_2T,S10_HYBRID,displacement,Y,3.8618105367152156,0.06661115736885893,0.06661115736885893,0.0,0.9978242516517639,0.0,True,True,496
R2_LHS_02,control,V52_C_E1_C4_2T,S10,velocity,Y,1.2193225199239404,0.13322231473771787,0.13322231473771787,0.0,0.9861441254615784,-0.004204073455184698,True,True,496
R2_LHS_02,control,V52_C_E1_C4_2T,S10_HYBRID,displacement,Z,5.202439834915266,0.09991673605328841,0.09991673605328841,0.0,0.9984556436538696,-0.014553618617355824,True,True,508
R2_LHS_02,control,V52_C_E1_C4_2T,S10,velocity,Z,1.8351240105672895,0.13322231473771787,0.13322231473771787,0.0,0.9974979162216187,-0.000241813191678375,True,True,508
R2_LHS_02,control,V40_A_E2_C5_2T,S10_HYBRID,displacement,X,1.493849637594428,1.1990008326394608,1.1990008326394608,0.0,0.9999435544013977,0.00011502648703753948,True,True,496
R2_LHS_02,control,V40_A_E2_C5_2T,S10,velocity,X,1.958241898217018,0.13322231473771787,0.13322231473771787,0.0,0.8023754954338074,-0.10177741944789886,True,True,496
R2_LHS_02,control,V40_A_E2_C5_2T,S10_HYBRID,displacement,Y,3.2622963376090697,0.06661115736885893,0.06661115736885893,0.0,0.9841963052749634,0.0,True,True,496
R2_LHS_02,control,V40_A_E2_C5_2T,S10,velocity,Y,1.6286790173455217,0.09991673605328841,0.09991673605328841,0.0,0.9621807336807251,0.005471612326800823,True,True,496
R2_LHS_02,control,V40_A_E2_C5_2T,S10_HYBRID,displacement,Z,4.2455918081961945,0.06661115736885893,0.06661115736885893,0.0,0.9925222396850586,0.0,True,True,508
R2_LHS_02,control,V40_A_E2_C5_2T,S10,velocity,Z,2.3428956606451874,0.09991673605328841,0.09991673605328841,0.0,0.9775435924530029,-0.026395151391625404,True,True,508
R2_LHS_02,control,V40_B_E2_C5_2T,S10_HYBRID,displacement,X,1.5366042083514826,1.1990008326394608,1.1990008326394608,0.0,0.9999063611030579,0.0002445261925458908,True,True,496
R2_LHS_02,control,V40_B_E2_C5_2T,S10,velocity,X,1.7159800099050908,1.998334721065768,0.13322231473771787,1.8651124063280502,0.36702099442481995,0.5926041007041931,True,True,496
R2_LHS_02,control,V40_B_E2_C5_2T,S10_HYBRID,displacement,Y,3.6086531002321975,0.06661115736885893,0.06661115736885893,0.0,0.9955864548683167,0.0,True,True,496
R2_LHS_02,control,V40_B_E2_C5_2T,S10,velocity,Y,1.6927471157092455,0.09991673605328841,0.09991673605328841,0.0,0.9784168004989624,-0.003934294916689396,True,True,496
R2_LHS_02,control,V40_B_E2_C5_2T,S10_HYBRID,displacement,Z,4.86801102958039,0.06661115736885893,0.06661115736885893,0.0,0.9991358518600464,0.0,True,True,508
R2_LHS_02,control,V40_B_E2_C5_2T,S10,velocity,Z,2.5330334856986716,0.09991673605328841,0.09991673605328841,0.0,0.9953699707984924,-0.015276958234608173,True,True,508
R2_LHS_02,control,V40_CPLUS_E2_C5_2T,S10_HYBRID,displacement,X,2.2553640310445835,1.1990008326394608,1.1990008326394608,0.0,0.9997823238372803,-3.615168316173367e-05,True,True,496
R2_LHS_02,control,V40_CPLUS_E2_C5_2T,S10,velocity,X,1.3786856419610816,0.13322231473771787,0.13322231473771787,0.0,0.9170636534690857,-0.014911369420588017,True,True,496
R2_LHS_02,control,V40_CPLUS_E2_C5_2T,S10_HYBRID,displacement,Y,4.448324505553885,0.06661115736885893,0.06661115736885893,0.0,0.9937894344329834,0.0,True,True,496
R2_LHS_02,control,V40_CPLUS_E2_C5_2T,S10,velocity,Y,1.4388817404403047,0.09991673605328841,0.09991673605328841,0.0,0.9741467833518982,-0.002687878906726837,True,True,496
R2_LHS_02,control,V40_CPLUS_E2_C5_2T,S10_HYBRID,displacement,Z,5.806277365551743,0.06661115736885893,0.06661115736885893,0.0,0.9976258873939514,0.0,True,True,508
R2_LHS_02,control,V40_CPLUS_E2_C5_2T,S10,velocity,Z,2.3165009608663576,0.09991673605328841,0.09991673605328841,0.0,0.995816707611084,-0.006552719045430422,True,True,508
R2_LHS_02,control,V40_C_E2_C5_2T,S10_HYBRID,displacement,X,1.9035413902573013,1.1990008326394608,1.1990008326394608,0.0,0.9998966455459595,-0.00016985030379146338,True,True,496
R2_LHS_02,control,V40_C_E2_C5_2T,S10,velocity,X,1.5683789876718144,2.0316402997501974,0.13322231473771787,1.8984179850124796,0.42317458987236023,0.8919171094894409,True,True,496
R2_LHS_02,control,V40_C_E2_C5_2T,S10_HYBRID,displacement,Y,3.855941769330947,0.06661115736885893,0.06661115736885893,0.0,0.989269495010376,0.0,True,True,496
R2_LHS_02,control,V40_C_E2_C5_2T,S10,velocity,Y,1.3872750641343887,0.09991673605328841,0.09991673605328841,0.0,0.9727504253387451,0.005172001663595438,True,True,496
R2_LHS_02,control,V40_C_E2_C5_2T,S10_HYBRID,displacement,Z,4.933548766937177,0.06661115736885893,0.06661115736885893,0.0,0.9956124424934387,0.0,True,True,508
R2_LHS_02,control,V40_C_E2_C5_2T,S10,velocity,Z,2.1753860599023254,0.09991673605328841,0.09991673605328841,0.0,0.9813109636306763,-0.028755025938153267,True,True,508
R2_LHS_02,control,V52_A_E2_C5_2T,S10_HYBRID,displacement,X,1.3936371018781561,1.1990008326394608,1.1990008326394608,0.0,0.999970018863678,-5.0303897296544164e-05,True,True,496
R2_LHS_02,control,V52_A_E2_C5_2T,S10,velocity,X,1.771904504486848,0.16652789342214733,0.16652789342214733,0.0,0.9454395174980164,0.017485486343503,True,True,496
R2_LHS_02,control,V52_A_E2_C5_2T,S10_HYBRID,displacement,Y,3.3803896247896597,0.06661115736885893,0.06661115736885893,0.0,0.9968302249908447,0.0,True,True,496
R2_LHS_02,control,V52_A_E2_C5_2T,S10,velocity,Y,1.2247930903847373,0.13322231473771787,0.13322231473771787,0.0,0.9700153470039368,-0.004009656608104706,True,True,496
R2_LHS_02,control,V52_A_E2_C5_2T,S10_HYBRID,displacement,Z,4.644612112429986,0.09991673605328841,0.09991673605328841,0.0,0.9973976612091064,0.008810705505311489,True,True,508
R2_LHS_02,control,V52_A_E2_C5_2T,S10,velocity,Z,2.074707597040951,0.13322231473771787,0.13322231473771787,0.0,0.9963511824607849,0.0061555420979857445,True,True,508
R2_LHS_02,control,V52_B_E2_C5_2T,S10_HYBRID,displacement,X,1.713164203739946,1.1990008326394608,1.1990008326394608,0.0,0.9999539852142334,-0.000395153125282377,True,True,496
R2_LHS_02,control,V52_B_E2_C5_2T,S10,velocity,X,1.54136272235279,0.16652789342214733,0.16652789342214733,0.0,0.8443179130554199,0.05261034518480301,True,True,496
R2_LHS_02,control,V52_B_E2_C5_2T,S10_HYBRID,displacement,Y,3.949747194941023,0.06661115736885893,0.06661115736885893,0.0,0.9861114025115967,0.0,True,True,496
R2_LHS_02,control,V52_B_E2_C5_2T,S10,velocity,Y,1.3399812586789155,0.13322231473771787,0.13322231473771787,0.0,0.9632219076156616,0.0034923467319458723,True,True,496
R2_LHS_02,control,V52_B_E2_C5_2T,S10_HYBRID,displacement,Z,5.113619105189104,0.09991673605328841,0.09991673605328841,0.0,0.9938698410987854,-0.02000281773507595,True,True,508
R2_LHS_02,control,V52_B_E2_C5_2T,S10,velocity,Z,2.14473230126431,0.13322231473771787,0.13322231473771787,0.0,0.9914526343345642,-0.021012477576732635,True,True,508
R2_LHS_02,control,V52_CPLUS_E2_C5_2T,S10_HYBRID,displacement,X,2.420658466158146,1.1990008326394608,1.1990008326394608,0.0,0.9999250769615173,3.1644056434743106e-05,True,True,496
R2_LHS_02,control,V52_CPLUS_E2_C5_2T,S10,velocity,X,1.1550676534018582,0.16652789342214733,0.16652789342214733,0.0,0.9045214653015137,0.011453570798039436,True,True,496
R2_LHS_02,control,V52_CPLUS_E2_C5_2T,S10_HYBRID,displacement,Y,4.563606337153733,0.06661115736885893,0.06661115736885893,0.0,0.9970293641090393,0.0,True,True,496
R2_LHS_02,control,V52_CPLUS_E2_C5_2T,S10,velocity,Y,1.1334000578679981,0.13322231473771787,0.13322231473771787,0.0,0.9870245456695557,-0.020986009389162064,True,True,496
R2_LHS_02,control,V52_CPLUS_E2_C5_2T,S10_HYBRID,displacement,Z,5.888677098539036,0.09991673605328841,0.09991673605328841,0.0,0.999387264251709,-0.004923368338495493,True,True,508
R2_LHS_02,control,V52_CPLUS_E2_C5_2T,S10,velocity,Z,1.8539392913203074,0.13322231473771787,0.13322231473771787,0.0,0.9961203336715698,-0.024349460378289223,True,True,508
R2_LHS_02,control,V52_C_E2_C5_2T,S10_HYBRID,displacement,X,1.927243228093286,1.1990008326394608,1.1990008326394608,0.0,0.9999515414237976,-5.556167889153585e-05,True,True,496
R2_LHS_02,control,V52_C_E2_C5_2T,S10,velocity,X,1.2942825027863858,0.16652789342214733,0.16652789342214733,0.0,0.9081053137779236,-0.0009708055295050144,True,True,496
R2_LHS_02,control,V52_C_E2_C5_2T,S10_HYBRID,displacement,Y,4.144427650813143,0.06661115736885893,0.06661115736885893,0.0,0.9980347752571106,0.0,True,True,496
R2_LHS_02,control,V52_C_E2_C5_2T,S10,velocity,Y,1.0941444031750511,0.13322231473771787,0.13322231473771787,0.0,0.98332679271698,-0.017189932987093925,True,True,496
R2_LHS_02,control,V52_C_E2_C5_2T,S10_HYBRID,displacement,Z,5.403750352437988,0.09991673605328841,0.09991673605328841,0.0,0.9994208812713623,-0.00126542616635561,True,True,508
R2_LHS_02,control,V52_C_E2_C5_2T,S10,velocity,Z,1.8211343199075316,0.13322231473771787,0.13322231473771787,0.0,0.9966030716896057,-0.018865998834371567,True,True,508
R2_LHS_02,control,V40_A_E3_C6_1T,S10_HYBRID,displacement,X,2.1874804365200986,0.03330557868442947,0.03330557868442947,0.0,0.9737678170204163,0.0,True,True,496
R2_LHS_02,control,V40_A_E3_C6_1T,S10,velocity,X,1.9375320616114136,0.09991673605328841,0.09991673605328841,0.0,0.8319746255874634,-0.017954975366592407,True,True,496
R2_LHS_02,control,V40_A_E3_C6_1T,S10_HYBRID,displacement,Y,0.6392437452202743,0.06661115736885893,0.06661115736885893,0.0,0.9756140112876892,0.0,True,True,496
R2_LHS_02,control,V40_A_E3_C6_1T,S10,velocity,Y,1.8902459579797752,0.06661115736885893,0.09991673605328841,0.033305578684429474,0.9350733757019043,0.0,True,True,496
R2_LHS_02,control,V40_A_E3_C6_1T,S10_HYBRID,displacement,Z,0.4804219274252357,0.06661115736885893,0.06661115736885893,0.0,0.9870087504386902,0.0,True,True,508
R2_LHS_02,control,V40_A_E3_C6_1T,S10,velocity,Z,2.6067726366012667,0.06661115736885893,0.06661115736885893,0.0,0.9921831488609314,0.0,True,True,508
R2_LHS_02,control,V40_B_E3_C6_1T,S10_HYBRID,displacement,X,2.1073461494656276,0.03330557868442947,0.03330557868442947,0.0,0.977446973323822,0.0,True,True,496
R2_LHS_02,control,V40_B_E3_C6_1T,S10,velocity,X,1.9603068842586846,0.09991673605328841,0.09991673605328841,0.0,0.8537437915802002,0.04175185412168503,True,True,496
R2_LHS_02,control,V40_B_E3_C6_1T,S10_HYBRID,displacement,Y,0.6272436834818876,0.06661115736885893,0.06661115736885893,0.0,0.9733406901359558,0.0,True,True,496
R2_LHS_02,control,V40_B_E3_C6_1T,S10,velocity,Y,1.8911814135747766,0.09991673605328841,0.06661115736885893,0.033305578684429474,0.9600278735160828,0.04258637875318527,True,True,496
R2_LHS_02,control,V40_B_E3_C6_1T,S10_HYBRID,displacement,Z,0.43505319969588363,0.06661115736885893,0.06661115736885893,0.0,0.9706907272338867,0.0,True,True,508
R2_LHS_02,control,V40_B_E3_C6_1T,S10,velocity,Z,2.914516720439019,0.06661115736885893,0.06661115736885893,0.0,0.9920981526374817,0.0,True,True,508
R2_LHS_02,control,V40_CPLUS_E3_C6_1T,S10_HYBRID,displacement,X,2.907515310243497,0.03330557868442947,0.03330557868442947,0.0,0.980087399482727,0.0,True,True,496
R2_LHS_02,control,V40_CPLUS_E3_C6_1T,S10,velocity,X,1.5405781676382484,0.09991673605328841,0.09991673605328841,0.0,0.863385796546936,0.03197484835982323,True,True,496
R2_LHS_02,control,V40_CPLUS_E3_C6_1T,S10_HYBRID,displacement,Y,1.032551504954767,0.06661115736885893,0.06661115736885893,0.0,0.9770642518997192,0.0,True,True,496
R2_LHS_02,control,V40_CPLUS_E3_C6_1T,S10,velocity,Y,1.489251343104902,0.09991673605328841,0.09991673605328841,0.0,0.9592004418373108,0.036058273166418076,True,True,496
R2_LHS_02,control,V40_CPLUS_E3_C6_1T,S10_HYBRID,displacement,Z,0.9343360024154493,0.06661115736885893,0.06661115736885893,0.0,0.9930785894393921,0.0,True,True,508
R2_LHS_02,control,V40_CPLUS_E3_C6_1T,S10,velocity,Z,2.6274941476272295,0.06661115736885893,0.06661115736885893,0.0,0.9913119673728943,0.0,True,True,508
R2_LHS_02,control,V40_C_E3_C6_1T,S10_HYBRID,displacement,X,2.3635939513068704,0.03330557868442947,0.03330557868442947,0.0,0.9800403714179993,0.0,True,True,496
R2_LHS_02,control,V40_C_E3_C6_1T,S10,velocity,X,1.734228346111419,0.09991673605328841,0.09991673605328841,0.0,0.8480328917503357,0.019840937107801437,True,True,496
R2_LHS_02,control,V40_C_E3_C6_1T,S10_HYBRID,displacement,Y,0.8287167075073423,0.06661115736885893,0.06661115736885893,0.0,0.9862738847732544,0.0,True,True,496
R2_LHS_02,control,V40_C_E3_C6_1T,S10,velocity,Y,1.903069917854821,0.09991673605328841,0.09991673605328841,0.0,0.9606906175613403,0.01837777905166149,True,True,496
R2_LHS_02,control,V40_C_E3_C6_1T,S10_HYBRID,displacement,Z,0.6142426271474989,0.06661115736885893,0.06661115736885893,0.0,0.9950834512710571,0.0,True,True,508
R2_LHS_02,control,V40_C_E3_C6_1T,S10,velocity,Z,2.8596830488334546,0.06661115736885893,0.06661115736885893,0.0,0.9850749969482422,0.0,True,True,508
R2_LHS_02,control,V52_A_E3_C6_1T,S10_HYBRID,displacement,X,2.09229858898953,0.03330557868442947,0.03330557868442947,0.0,0.9779434204101562,0.0,True,True,496
R2_LHS_02,control,V52_A_E3_C6_1T,S10,velocity,X,2.218952071609733,0.09991673605328841,0.13322231473771787,0.03330557868442946,0.8491669297218323,-0.045840710401535034,True,True,496
R2_LHS_02,control,V52_A_E3_C6_1T,S10_HYBRID,displacement,Y,0.6230401695376088,0.06661115736885893,0.06661115736885893,0.0,0.9826034903526306,0.0,True,True,496
R2_LHS_02,control,V52_A_E3_C6_1T,S10,velocity,Y,2.543445917999073,0.09991673605328841,0.09991673605328841,0.0,0.9701029658317566,-0.015846747905015945,True,True,496
R2_LHS_02,control,V52_A_E3_C6_1T,S10_HYBRID,displacement,Z,0.480493574198503,0.06661115736885893,0.06661115736885893,0.0,0.9938231706619263,0.0,True,True,508
R2_LHS_02,control,V52_A_E3_C6_1T,S10,velocity,Z,3.1656385373808527,0.09991673605328841,0.09991673605328841,0.0,0.9942158460617065,0.004297161474823952,True,True,508
R2_LHS_02,control,V52_B_E3_C6_1T,S10_HYBRID,displacement,X,2.6967912475073934,0.03330557868442947,0.03330557868442947,0.0,0.9801634550094604,0.0,True,True,496
R2_LHS_02,control,V52_B_E3_C6_1T,S10,velocity,X,1.598013659319902,0.09991673605328841,0.09991673605328841,0.0,0.8697142004966736,-0.028251396492123604,True,True,496
R2_LHS_02,control,V52_B_E3_C6_1T,S10_HYBRID,displacement,Y,0.7288965073714154,0.06661115736885893,0.06661115736885893,0.0,0.9896551370620728,0.0,True,True,496
R2_LHS_02,control,V52_B_E3_C6_1T,S10,velocity,Y,1.2865412081424787,0.09991673605328841,0.09991673605328841,0.0,0.9839423298835754,-0.026875751093029976,True,True,496
R2_LHS_02,control,V52_B_E3_C6_1T,S10_HYBRID,displacement,Z,0.6180567863728905,0.06661115736885893,0.06661115736885893,0.0,0.9974302649497986,0.0,True,True,508
R2_LHS_02,control,V52_B_E3_C6_1T,S10,velocity,Z,2.1045741727206226,0.09991673605328841,0.09991673605328841,0.0,0.9945120811462402,-0.04910069704055786,True,True,508
R2_LHS_02,control,V52_CPLUS_E3_C6_1T,S10_HYBRID,displacement,X,3.0456910163406548,0.03330557868442947,0.03330557868442947,0.0,0.9292779564857483,0.0,True,True,496
R2_LHS_02,control,V52_CPLUS_E3_C6_1T,S10,velocity,X,1.3878097381646226,0.09991673605328841,0.13322231473771787,0.03330557868442946,0.8539944291114807,-0.03923463076353073,True,True,496
R2_LHS_02,control,V52_CPLUS_E3_C6_1T,S10_HYBRID,displacement,Y,1.0166338370706178,0.06661115736885893,0.06661115736885893,0.0,0.9288715124130249,0.0,True,True,496
R2_LHS_02,control,V52_CPLUS_E3_C6_1T,S10,velocity,Y,1.3332908130816972,0.13322231473771787,0.13322231473771787,0.0,0.975639283657074,-0.038725558668375015,True,True,496
R2_LHS_02,control,V52_CPLUS_E3_C6_1T,S10_HYBRID,displacement,Z,0.97282346229349,0.06661115736885893,0.06661115736885893,0.0,0.8662551641464233,0.0,True,True,508
R2_LHS_02,control,V52_CPLUS_E3_C6_1T,S10,velocity,Z,2.2647792067427157,0.09991673605328841,0.09991673605328841,0.0,0.9873563647270203,0.026201453059911728,True,True,508
R2_LHS_02,control,V52_C_E3_C6_1T,S10_HYBRID,displacement,X,2.7071703897788053,0.03330557868442947,0.03330557868442947,0.0,0.9328740835189819,0.0,True,True,496
R2_LHS_02,control,V52_C_E3_C6_1T,S10,velocity,X,1.553959043118433,0.09991673605328841,0.09991673605328841,0.0,0.8604955077171326,-0.03265216946601868,True,True,496
R2_LHS_02,control,V52_C_E3_C6_1T,S10_HYBRID,displacement,Y,0.8596346970418371,0.06661115736885893,0.06661115736885893,0.0,0.9261620044708252,0.0,True,True,496
R2_LHS_02,control,V52_C_E3_C6_1T,S10,velocity,Y,1.5638495188850448,0.09991673605328841,0.09991673605328841,0.0,0.9786339998245239,-0.03178282454609871,True,True,496
R2_LHS_02,control,V52_C_E3_C6_1T,S10_HYBRID,displacement,Z,0.7924238629909932,0.06661115736885893,0.06661115736885893,0.0,0.8613165616989136,0.0,True,True,508
R2_LHS_02,control,V52_C_E3_C6_1T,S10,velocity,Z,2.487312175007684,0.09991673605328841,0.09991673605328841,0.0,0.993026852607727,0.04145035520195961,True,True,508
R2_LHS_02,control,V40_A_E4_C7_1T,S10_HYBRID,displacement,X,1.5486600691556185,1.1990008326394608,1.1990008326394608,0.0,0.9999483227729797,-0.0006375366356223822,True,True,496
R2_LHS_02,control,V40_A_E4_C7_1T,S10,velocity,X,2.7009804388482954,0.09991673605328841,0.09991673605328841,0.0,0.753402054309845,-0.006211182568222284,True,True,496
R2_LHS_02,control,V40_A_E4_C7_1T,S10_HYBRID,displacement,Y,0.6961211875379458,0.06661115736885893,0.06661115736885893,0.0,0.9089407920837402,0.0,True,True,496
R2_LHS_02,control,V40_A_E4_C7_1T,S10,velocity,Y,1.6022888973332226,0.06661115736885893,0.06661115736885893,0.0,0.9156271815299988,0.0,True,True,496
R2_LHS_02,control,V40_A_E4_C7_1T,S10_HYBRID,displacement,Z,0.6125970373054251,0.06661115736885893,0.06661115736885893,0.0,0.8485784530639648,0.0,True,True,508
R2_LHS_02,control,V40_A_E4_C7_1T,S10,velocity,Z,2.9232019615192324,0.06661115736885893,0.06661115736885893,0.0,0.9836105108261108,0.0,True,True,508
R2_LHS_02,control,V40_B_E4_C7_1T,S10_HYBRID,displacement,X,1.4978204919927045,1.1990008326394608,1.1990008326394608,0.0,0.9999224543571472,-0.00019378949946258217,True,True,496
R2_LHS_02,control,V40_B_E4_C7_1T,S10,velocity,X,2.8711290776033445,1.9650291423813386,0.09991673605328841,1.8651124063280502,0.27432963252067566,2.191535711288452,True,True,496
R2_LHS_02,control,V40_B_E4_C7_1T,S10_HYBRID,displacement,Y,0.7187138319045795,0.06661115736885893,0.06661115736885893,0.0,0.9849326610565186,0.0,True,True,496
R2_LHS_02,control,V40_B_E4_C7_1T,S10,velocity,Y,1.417398613076751,0.09991673605328841,0.06661115736885893,0.033305578684429474,0.9594458341598511,0.046647511422634125,True,True,496
R2_LHS_02,control,V40_B_E4_C7_1T,S10_HYBRID,displacement,Z,0.5320630765839728,0.06661115736885893,0.06661115736885893,0.0,0.9956297278404236,0.0,True,True,508
R2_LHS_02,control,V40_B_E4_C7_1T,S10,velocity,Z,2.491701998410666,0.06661115736885893,0.06661115736885893,0.0,0.9921357035636902,0.0,True,True,508
R2_LHS_02,control,V40_CPLUS_E4_C7_1T,S10_HYBRID,displacement,X,1.6822808846690758,1.1990008326394608,1.1990008326394608,0.0,0.9998432397842407,-0.0001530592708149925,True,True,496
R2_LHS_02,control,V40_CPLUS_E4_C7_1T,S10,velocity,X,2.1618846753086705,0.09991673605328841,0.09991673605328841,0.0,0.8308447599411011,0.03126866742968559,True,True,496
R2_LHS_02,control,V40_CPLUS_E4_C7_1T,S10_HYBRID,displacement,Y,1.0865465344446477,0.06661115736885893,0.06661115736885893,0.0,0.9766542911529541,0.0,True,True,496
R2_LHS_02,control,V40_CPLUS_E4_C7_1T,S10,velocity,Y,1.3687770394118213,0.09991673605328841,0.09991673605328841,0.0,0.9672879576683044,0.019450893625617027,True,True,496
R2_LHS_02,control,V40_CPLUS_E4_C7_1T,S10_HYBRID,displacement,Z,0.8785454516553448,0.06661115736885893,0.06661115736885893,0.0,0.9938293099403381,0.0,True,True,508
R2_LHS_02,control,V40_CPLUS_E4_C7_1T,S10,velocity,Z,2.5780240633565015,0.06661115736885893,0.06661115736885893,0.0,0.9831493496894836,0.0,True,True,508
R2_LHS_02,control,V40_C_E4_C7_1T,S10_HYBRID,displacement,X,1.6593186090525394,1.1990008326394608,1.1990008326394608,0.0,0.9998971223831177,-0.00024850317277014256,True,True,496
R2_LHS_02,control,V40_C_E4_C7_1T,S10,velocity,X,2.1826332949794143,0.09991673605328841,0.09991673605328841,0.0,0.8241539001464844,-0.019575055688619614,True,True,496
R2_LHS_02,control,V40_C_E4_C7_1T,S10_HYBRID,displacement,Y,0.9627373869977708,0.06661115736885893,0.06661115736885893,0.0,0.9808996319770813,0.0,True,True,496
R2_LHS_02,control,V40_C_E4_C7_1T,S10,velocity,Y,1.2182785763820998,0.09991673605328841,0.09991673605328841,0.0,0.9693555235862732,0.008428706787526608,True,True,496
R2_LHS_02,control,V40_C_E4_C7_1T,S10_HYBRID,displacement,Z,0.8089294869672123,0.06661115736885893,0.06661115736885893,0.0,0.9957244396209717,0.0,True,True,508
R2_LHS_02,control,V40_C_E4_C7_1T,S10,velocity,Z,2.183269632054216,0.06661115736885893,0.06661115736885893,0.0,0.992171049118042,0.0,True,True,508
R2_LHS_02,control,V52_A_E4_C7_1T,S10_HYBRID,displacement,X,1.4714245835782618,1.1990008326394608,1.1990008326394608,0.0,0.9999793171882629,-3.3760734368115664e-05,True,True,496
R2_LHS_02,control,V52_A_E4_C7_1T,S10,velocity,X,2.2823904369888686,1.998334721065768,0.09991673605328841,1.8984179850124796,0.626288652420044,0.5280032157897949,True,True,496
R2_LHS_02,control,V52_A_E4_C7_1T,S10_HYBRID,displacement,Y,0.8214573852361716,0.06661115736885893,0.06661115736885893,0.0,0.9860068559646606,0.0,True,True,496
R2_LHS_02,control,V52_A_E4_C7_1T,S10,velocity,Y,1.358036761112749,0.09991673605328841,0.09991673605328841,0.0,0.9803992509841919,-0.010783032514154911,True,True,496
R2_LHS_02,control,V52_A_E4_C7_1T,S10_HYBRID,displacement,Z,0.6653937886702093,0.06661115736885893,0.06661115736885893,0.0,0.9937162399291992,0.0,True,True,508
R2_LHS_02,control,V52_A_E4_C7_1T,S10,velocity,Z,2.4198529646268887,0.09991673605328841,0.09991673605328841,0.0,0.9944491386413574,-0.05796965956687927,True,True,508
R2_LHS_02,control,V52_B_E4_C7_1T,S10_HYBRID,displacement,X,1.5412011709478985,1.1990008326394608,1.1990008326394608,0.0,0.9999582767486572,0.0003976475854869932,True,True,496
R2_LHS_02,control,V52_B_E4_C7_1T,S10,velocity,X,2.162905058737086,1.9650291423813386,0.09991673605328841,1.8651124063280502,0.45444628596305847,0.6718224287033081,True,True,496
R2_LHS_02,control,V52_B_E4_C7_1T,S10_HYBRID,displacement,Y,0.7936172952319056,0.06661115736885893,0.06661115736885893,0.0,0.9889261722564697,0.0,True,True,496
R2_LHS_02,control,V52_B_E4_C7_1T,S10,velocity,Y,1.2069896291141522,0.09991673605328841,0.09991673605328841,0.0,0.9738489985466003,0.00619784789159894,True,True,496
R2_LHS_02,control,V52_B_E4_C7_1T,S10_HYBRID,displacement,Z,0.6029786507112808,0.06661115736885893,0.06661115736885893,0.0,0.9929654598236084,0.0,True,True,508
R2_LHS_02,control,V52_B_E4_C7_1T,S10,velocity,Z,2.2001778869009727,0.09991673605328841,0.09991673605328841,0.0,0.9970492720603943,0.03972097113728523,True,True,508
R2_LHS_02,control,V52_CPLUS_E4_C7_1T,S10_HYBRID,displacement,X,1.5261912863981972,1.1990008326394608,1.1990008326394608,0.0,0.9999058842658997,0.00017902700346894562,True,True,496
R2_LHS_02,control,V52_CPLUS_E4_C7_1T,S10,velocity,X,1.8189730385332623,0.09991673605328841,0.09991673605328841,0.0,0.9151446223258972,-0.015944011509418488,True,True,496
R2_LHS_02,control,V52_CPLUS_E4_C7_1T,S10_HYBRID,displacement,Y,1.008135159825391,0.06661115736885893,0.06661115736885893,0.0,0.9857892394065857,0.0,True,True,496
R2_LHS_02,control,V52_CPLUS_E4_C7_1T,S10,velocity,Y,1.235686084411204,0.13322231473771787,0.09991673605328841,0.03330557868442946,0.9774082899093628,-0.010957238264381886,True,True,496
R2_LHS_02,control,V52_CPLUS_E4_C7_1T,S10_HYBRID,displacement,Z,0.7892382739538361,0.06661115736885893,0.06661115736885893,0.0,0.997849702835083,0.0,True,True,508
R2_LHS_02,control,V52_CPLUS_E4_C7_1T,S10,velocity,Z,2.2281022619769284,0.09991673605328841,0.09991673605328841,0.0,0.9888778924942017,0.03415101766586304,True,True,508
R2_LHS_02,control,V52_C_E4_C7_1T,S10_HYBRID,displacement,X,1.648094772767253,1.1990008326394608,1.1990008326394608,0.0,0.9999451041221619,0.00038980867248028517,True,True,496
R2_LHS_02,control,V52_C_E4_C7_1T,S10,velocity,X,1.7583599307731552,1.998334721065768,0.09991673605328841,1.8984179850124796,0.3134389817714691,-0.016736241057515144,True,True,496
R2_LHS_02,control,V52_C_E4_C7_1T,S10_HYBRID,displacement,Y,0.8980469614681507,0.06661115736885893,0.06661115736885893,0.0,0.9879517555236816,0.0,True,True,496
R2_LHS_02,control,V52_C_E4_C7_1T,S10,velocity,Y,1.2358187934975229,0.09991673605328841,0.09991673605328841,0.0,0.9710022807121277,0.003030500840395689,True,True,496
R2_LHS_02,control,V52_C_E4_C7_1T,S10_HYBRID,displacement,Z,0.696783226316123,0.06661115736885893,0.06661115736885893,0.0,0.994216799736023,0.0,True,True,508
R2_LHS_02,control,V52_C_E4_C7_1T,S10,velocity,Z,2.222185407421557,0.09991673605328841,0.09991673605328841,0.0,0.9970824122428894,0.030758796259760857,True,True,508
R2_LHS_02,control,V40_A_E5_C9_1T,S10_HYBRID,displacement,X,1.5748222010076525,1.1990008326394608,1.1990008326394608,0.0,0.999946117401123,-0.0005653531407006085,True,True,496
R2_LHS_02,control,V40_A_E5_C9_1T,S10,velocity,X,2.393314010903811,1.931723563696909,0.09991673605328841,1.8318068276436206,0.6034191250801086,-0.6482021808624268,True,True,496
R2_LHS_02,control,V40_A_E5_C9_1T,S10_HYBRID,displacement,Y,0.7295680994446289,0.06661115736885893,0.06661115736885893,0.0,0.8449743986129761,0.0,True,True,496
R2_LHS_02,control,V40_A_E5_C9_1T,S10,velocity,Y,1.484459224105289,0.06661115736885893,0.06661115736885893,0.0,0.9076631665229797,0.0,True,True,496
R2_LHS_02,control,V40_A_E5_C9_1T,S10_HYBRID,displacement,Z,0.6397778210519575,0.06661115736885893,0.06661115736885893,0.0,0.7419459819793701,0.0,True,True,508
R2_LHS_02,control,V40_A_E5_C9_1T,S10,velocity,Z,2.6840945524809756,0.06661115736885893,0.06661115736885893,0.0,0.9780623912811279,0.0,True,True,508
R2_LHS_02,control,V40_B_E5_C9_1T,S10_HYBRID,displacement,X,1.634860393481182,1.1990008326394608,1.1990008326394608,0.0,0.9999225735664368,-0.0004747747734654695,True,True,496
R2_LHS_02,control,V40_B_E5_C9_1T,S10,velocity,X,2.1318407860579285,1.931723563696909,0.09991673605328841,1.8318068276436206,0.5405834317207336,-0.48276594281196594,True,True,496
R2_LHS_02,control,V40_B_E5_C9_1T,S10_HYBRID,displacement,Y,0.8037698463519759,0.06661115736885893,0.06661115736885893,0.0,0.8655763864517212,0.0,True,True,496
R2_LHS_02,control,V40_B_E5_C9_1T,S10,velocity,Y,1.3205348317638081,0.09991673605328841,0.06661115736885893,0.033305578684429474,0.953407883644104,0.022567268460989,True,True,496
R2_LHS_02,control,V40_B_E5_C9_1T,S10_HYBRID,displacement,Z,0.705991684772193,0.06661115736885893,0.06661115736885893,0.0,0.7222853302955627,0.0,True,True,508
R2_LHS_02,control,V40_B_E5_C9_1T,S10,velocity,Z,2.620191752693395,0.06661115736885893,0.06661115736885893,0.0,0.9832975268363953,0.0,True,True,508
R2_LHS_02,control,V40_CPLUS_E5_C9_1T,S10_HYBRID,displacement,X,1.699375834884995,1.1990008326394608,1.1990008326394608,0.0,0.9998173117637634,0.00012203950609546155,True,True,496
R2_LHS_02,control,V40_CPLUS_E5_C9_1T,S10,velocity,X,1.864118650873597,0.09991673605328841,0.09991673605328841,0.0,0.8738980293273926,0.029282771050930023,True,True,496
R2_LHS_02,control,V40_CPLUS_E5_C9_1T,S10_HYBRID,displacement,Y,1.0742699232170565,0.06661115736885893,0.06661115736885893,0.0,0.9772053360939026,0.0,True,True,496
R2_LHS_02,control,V40_CPLUS_E5_C9_1T,S10,velocity,Y,1.434638380569387,0.09991673605328841,0.09991673605328841,0.0,0.9610556364059448,0.040869876742362976,True,True,496
R2_LHS_02,control,V40_CPLUS_E5_C9_1T,S10_HYBRID,displacement,Z,0.7885767665342067,0.06661115736885893,0.06661115736885893,0.0,0.981006920337677,0.0,True,True,508
R2_LHS_02,control,V40_CPLUS_E5_C9_1T,S10,velocity,Z,2.542656723837613,0.06661115736885893,0.06661115736885893,0.0,0.9897419810295105,0.0,True,True,508
R2_LHS_02,control,V40_C_E5_C9_1T,S10_HYBRID,displacement,X,1.8010686363564188,1.1990008326394608,1.1990008326394608,0.0,0.9998971223831177,-0.0005429175798781216,True,True,496
R2_LHS_02,control,V40_C_E5_C9_1T,S10,velocity,X,1.9214995929400087,0.09991673605328841,0.09991673605328841,0.0,0.8200067281723022,-0.010676013305783272,True,True,496
R2_LHS_02,control,V40_C_E5_C9_1T,S10_HYBRID,displacement,Y,0.9805459322853611,0.06661115736885893,0.06661115736885893,0.0,0.9818118810653687,0.0,True,True,496
R2_LHS_02,control,V40_C_E5_C9_1T,S10,velocity,Y,1.156763515351906,0.09991673605328841,0.09991673605328841,0.0,0.9663647413253784,0.009756706655025482,True,True,496
R2_LHS_02,control,V40_C_E5_C9_1T,S10_HYBRID,displacement,Z,0.8566990221908306,0.06661115736885893,0.06661115736885893,0.0,0.9950197339057922,0.0,True,True,508
R2_LHS_02,control,V40_C_E5_C9_1T,S10,velocity,Z,2.3738028382958016,0.06661115736885893,0.06661115736885893,0.0,0.9908343553543091,0.0,True,True,508
R2_LHS_02,control,V52_A_E5_C9_1T,S10_HYBRID,displacement,X,1.4085554430832365,1.1990008326394608,1.1990008326394608,0.0,0.9999792575836182,-0.0002106783795170486,True,True,496
R2_LHS_02,control,V52_A_E5_C9_1T,S10,velocity,X,2.2702855342685146,0.09991673605328841,0.09991673605328841,0.0,0.8512985706329346,-0.015567202121019363,True,True,496
R2_LHS_02,control,V52_A_E5_C9_1T,S10_HYBRID,displacement,Y,0.8157839939861867,0.06661115736885893,0.06661115736885893,0.0,0.9892783164978027,0.0,True,True,496
R2_LHS_02,control,V52_A_E5_C9_1T,S10,velocity,Y,1.1208510939920697,0.09991673605328841,0.09991673605328841,0.0,0.9767930507659912,-0.011940998025238514,True,True,496
R2_LHS_02,control,V52_A_E5_C9_1T,S10_HYBRID,displacement,Z,0.7011223797469791,0.06661115736885893,0.06661115736885893,0.0,0.9978801012039185,0.0,True,True,508
R2_LHS_02,control,V52_A_E5_C9_1T,S10,velocity,Z,2.3597578272131488,0.09991673605328841,0.09991673605328841,0.0,0.9899967312812805,-0.07222936302423477,True,True,508
R2_LHS_02,control,V52_B_E5_C9_1T,S10_HYBRID,displacement,X,1.47989286888326,1.1990008326394608,1.1990008326394608,0.0,0.9999662041664124,5.213532131165266e-05,True,True,496
R2_LHS_02,control,V52_B_E5_C9_1T,S10,velocity,X,2.084310549863904,0.09991673605328841,0.09991673605328841,0.0,0.8970787525177002,-0.01107153482735157,True,True,496
R2_LHS_02,control,V52_B_E5_C9_1T,S10_HYBRID,displacement,Y,0.8309684475842257,0.06661115736885893,0.06661115736885893,0.0,0.9879778027534485,0.0,True,True,496
R2_LHS_02,control,V52_B_E5_C9_1T,S10,velocity,Y,1.166654834703734,0.09991673605328841,0.09991673605328841,0.0,0.9735593199729919,-0.01926278881728649,True,True,496
R2_LHS_02,control,V52_B_E5_C9_1T,S10_HYBRID,displacement,Z,0.6658268435878474,0.06661115736885893,0.06661115736885893,0.0,0.9947651624679565,0.0,True,True,508
R2_LHS_02,control,V52_B_E5_C9_1T,S10,velocity,Z,2.1441552290890318,0.09991673605328841,0.09991673605328841,0.0,0.9948096871376038,-0.023512491956353188,True,True,508
R2_LHS_02,control,V52_CPLUS_E5_C9_1T,S10_HYBRID,displacement,X,1.8734709514103336,1.1990008326394608,1.1990008326394608,0.0,0.9999127388000488,0.000325309723848477,True,True,496
R2_LHS_02,control,V52_CPLUS_E5_C9_1T,S10,velocity,X,1.5310844436428384,0.09991673605328841,0.09991673605328841,0.0,0.9009644389152527,-0.02345660701394081,True,True,496
R2_LHS_02,control,V52_CPLUS_E5_C9_1T,S10_HYBRID,displacement,Y,1.1340728845710804,0.06661115736885893,0.06661115736885893,0.0,0.9873469471931458,0.0,True,True,496
R2_LHS_02,control,V52_CPLUS_E5_C9_1T,S10,velocity,Y,1.0826859837270921,0.13322231473771787,0.13322231473771787,0.0,0.9753756523132324,0.004130012355744839,True,True,496
R2_LHS_02,control,V52_CPLUS_E5_C9_1T,S10_HYBRID,displacement,Z,0.9866610788120052,0.06661115736885893,0.06661115736885893,0.0,0.9951906800270081,0.0,True,True,508
R2_LHS_02,control,V52_CPLUS_E5_C9_1T,S10,velocity,Z,1.88982544054485,0.09991673605328841,0.09991673605328841,0.0,0.9930422306060791,-0.01361703872680664,True,True,508
R2_LHS_02,control,V52_C_E5_C9_1T,S10_HYBRID,displacement,X,1.5696513190827521,1.1990008326394608,1.1990008326394608,0.0,0.9999485015869141,-4.559442459139973e-05,True,True,496
R2_LHS_02,control,V52_C_E5_C9_1T,S10,velocity,X,2.144786514596147,0.09991673605328841,0.09991673605328841,0.0,0.917146623134613,0.0076657915487885475,True,True,496
R2_LHS_02,control,V52_C_E5_C9_1T,S10_HYBRID,displacement,Y,0.78638799710529,0.06661115736885893,0.06661115736885893,0.0,0.9876759052276611,0.0,True,True,496
R2_LHS_02,control,V52_C_E5_C9_1T,S10,velocity,Y,1.3759174474704727,0.09991673605328841,0.09991673605328841,0.0,0.9748536348342896,-0.001617001136764884,True,True,496
R2_LHS_02,control,V52_C_E5_C9_1T,S10_HYBRID,displacement,Z,0.6581956160593282,0.06661115736885893,0.06661115736885893,0.0,0.9940705299377441,0.0,True,True,508
R2_LHS_02,control,V52_C_E5_C9_1T,S10,velocity,Z,2.3728992917307767,0.09991673605328841,0.09991673605328841,0.0,0.9924147129058838,0.03089742176234722,True,True,508
R2_LHS_02,control,V40_A_E6_C10_1T,S10_HYBRID,displacement,X,1.856895635133737,0.03330557868442947,0.03330557868442947,0.0,0.9759040474891663,0.0,True,True,496
R2_LHS_02,control,V40_A_E6_C10_1T,S10,velocity,X,2.243641900587483,0.09991673605328841,0.09991673605328841,0.0,0.8154923915863037,0.03739074990153313,True,True,496
R2_LHS_02,control,V40_A_E6_C10_1T,S10_HYBRID,displacement,Y,0.5368536905110647,0.06661115736885893,0.06661115736885893,0.0,0.9823838472366333,0.0,True,True,496
R2_LHS_02,control,V40_A_E6_C10_1T,S10,velocity,Y,2.046393258364578,0.06661115736885893,0.06661115736885893,0.0,0.9292168021202087,0.0,True,True,496
R2_LHS_02,control,V40_A_E6_C10_1T,S10_HYBRID,displacement,Z,0.3675389855350113,0.06661115736885893,0.06661115736885893,0.0,0.9953100681304932,0.0,True,True,508
R2_LHS_02,control,V40_A_E6_C10_1T,S10,velocity,Z,3.159105109310821,0.06661115736885893,0.06661115736885893,0.0,0.9935036301612854,0.0,True,True,508
R2_LHS_02,control,V40_B_E6_C10_1T,S10_HYBRID,displacement,X,1.9580554082302242,0.03330557868442947,0.03330557868442947,0.0,0.9788496494293213,0.0,True,True,496
R2_LHS_02,control,V40_B_E6_C10_1T,S10,velocity,X,1.8848749117583081,0.09991673605328841,0.09991673605328841,0.0,0.840318500995636,0.013439505361020565,True,True,496
R2_LHS_02,control,V40_B_E6_C10_1T,S10_HYBRID,displacement,Y,0.6367343160876328,0.06661115736885893,0.06661115736885893,0.0,0.9872199892997742,0.0,True,True,496
R2_LHS_02,control,V40_B_E6_C10_1T,S10,velocity,Y,1.8197557633700383,0.09991673605328841,0.09991673605328841,0.0,0.9570662379264832,0.03065461665391922,True,True,496
R2_LHS_02,control,V40_B_E6_C10_1T,S10_HYBRID,displacement,Z,0.4932328861435894,0.06661115736885893,0.06661115736885893,0.0,0.9942811727523804,0.0,True,True,508
R2_LHS_02,control,V40_B_E6_C10_1T,S10,velocity,Z,2.6203102178994957,0.06661115736885893,0.06661115736885893,0.0,0.9880948066711426,0.0,True,True,508
R2_LHS_02,control,V40_CPLUS_E6_C10_1T,S10_HYBRID,displacement,X,2.9289114716700597,0.03330557868442947,0.03330557868442947,0.0,0.9708499908447266,0.0,True,True,496
R2_LHS_02,control,V40_CPLUS_E6_C10_1T,S10,velocity,X,1.7986380432611757,0.09991673605328841,0.09991673605328841,0.0,0.8723334074020386,0.023135121911764145,True,True,496
R2_LHS_02,control,V40_CPLUS_E6_C10_1T,S10_HYBRID,displacement,Y,1.0522714066367886,0.06661115736885893,0.06661115736885893,0.0,0.964044988155365,0.0,True,True,496
R2_LHS_02,control,V40_CPLUS_E6_C10_1T,S10,velocity,Y,1.9355384806091827,0.09991673605328841,0.09991673605328841,0.0,0.9612727165222168,0.03646296262741089,True,True,496
R2_LHS_02,control,V40_CPLUS_E6_C10_1T,S10_HYBRID,displacement,Z,1.0021799697543494,0.06661115736885893,0.06661115736885893,0.0,0.9735822081565857,0.0,True,True,508
R2_LHS_02,control,V40_CPLUS_E6_C10_1T,S10,velocity,Z,2.8091689085241387,0.06661115736885893,0.06661115736885893,0.0,0.9929207563400269,0.0,True,True,508
R2_LHS_02,control,V40_C_E6_C10_1T,S10_HYBRID,displacement,X,2.6973241822428036,0.03330557868442947,0.03330557868442947,0.0,0.972044050693512,0.0,True,True,496
R2_LHS_02,control,V40_C_E6_C10_1T,S10,velocity,X,1.8308954200886915,0.09991673605328841,0.09991673605328841,0.0,0.8644156455993652,0.02626080811023712,True,True,496
R2_LHS_02,control,V40_C_E6_C10_1T,S10_HYBRID,displacement,Y,0.8633808133573683,0.06661115736885893,0.06661115736885893,0.0,0.973999559879303,0.0,True,True,496
R2_LHS_02,control,V40_C_E6_C10_1T,S10,velocity,Y,1.9805105403021959,0.09991673605328841,0.09991673605328841,0.0,0.9648772478103638,0.03420698642730713,True,True,496
R2_LHS_02,control,V40_C_E6_C10_1T,S10_HYBRID,displacement,Z,0.7476706938118902,0.06661115736885893,0.06661115736885893,0.0,0.9737907648086548,0.0,True,True,508
R2_LHS_02,control,V40_C_E6_C10_1T,S10,velocity,Z,2.7289111312723344,0.06661115736885893,0.06661115736885893,0.0,0.9908889532089233,0.0,True,True,508
R2_LHS_02,control,V52_A_E6_C10_1T,S10_HYBRID,displacement,X,2.0670575472000494,0.03330557868442947,0.03330557868442947,0.0,0.9409202933311462,0.0,True,True,496
R2_LHS_02,control,V52_A_E6_C10_1T,S10,velocity,X,2.0429513493827662,0.09991673605328841,0.09991673605328841,0.0,0.8663986921310425,-0.026729030534625053,True,True,496
R2_LHS_02,control,V52_A_E6_C10_1T,S10_HYBRID,displacement,Y,0.662743509467645,0.06661115736885893,0.06661115736885893,0.0,0.9457443952560425,0.0,True,True,496
R2_LHS_02,control,V52_A_E6_C10_1T,S10,velocity,Y,1.8658034545750517,0.09991673605328841,0.09991673605328841,0.0,0.9631351232528687,-0.026081426069140434,True,True,496
R2_LHS_02,control,V52_A_E6_C10_1T,S10_HYBRID,displacement,Z,0.5602883604366689,0.06661115736885893,0.06661115736885893,0.0,0.9218372106552124,0.0,True,True,508
R2_LHS_02,control,V52_A_E6_C10_1T,S10,velocity,Z,3.049628986821409,0.09991673605328841,0.09991673605328841,0.0,0.994029700756073,0.04095787554979324,True,True,508
R2_LHS_02,control,V52_B_E6_C10_1T,S10_HYBRID,displacement,X,2.8474359643417864,0.03330557868442947,0.03330557868442947,0.0,0.973471462726593,0.0,True,True,496
R2_LHS_02,control,V52_B_E6_C10_1T,S10,velocity,X,1.6736922860875831,0.09991673605328841,0.09991673605328841,0.0,0.8636702299118042,-0.03887132927775383,True,True,496
R2_LHS_02,control,V52_B_E6_C10_1T,S10_HYBRID,displacement,Y,0.6957497874653338,0.06661115736885893,0.06661115736885893,0.0,0.9859280586242676,0.0,True,True,496
R2_LHS_02,control,V52_B_E6_C10_1T,S10,velocity,Y,1.4209341861862925,0.09991673605328841,0.09991673605328841,0.0,0.982881486415863,-0.029344510287046432,True,True,496
R2_LHS_02,control,V52_B_E6_C10_1T,S10_HYBRID,displacement,Z,0.6119453392803083,0.06661115736885893,0.06661115736885893,0.0,0.9945075511932373,0.0,True,True,508
R2_LHS_02,control,V52_B_E6_C10_1T,S10,velocity,Z,2.2551727772909294,0.09991673605328841,0.09991673605328841,0.0,0.989749550819397,-0.07489126175642014,True,True,508
R2_LHS_02,control,V52_CPLUS_E6_C10_1T,S10_HYBRID,displacement,X,2.8246894725181697,0.03330557868442947,0.03330557868442947,0.0,0.9896820783615112,0.0,True,True,496
R2_LHS_02,control,V52_CPLUS_E6_C10_1T,S10,velocity,X,1.7841944874950069,0.09991673605328841,0.09991673605328841,0.0,0.914955735206604,-0.02185203693807125,True,True,496
R2_LHS_02,control,V52_CPLUS_E6_C10_1T,S10_HYBRID,displacement,Y,0.9973457997261803,0.06661115736885893,0.06661115736885893,0.0,0.9857507348060608,0.0,True,True,496
R2_LHS_02,control,V52_CPLUS_E6_C10_1T,S10,velocity,Y,1.7045478631515583,0.13322231473771787,0.09991673605328841,0.03330557868442946,0.9758546352386475,-0.011558465659618378,True,True,496
R2_LHS_02,control,V52_CPLUS_E6_C10_1T,S10_HYBRID,displacement,Z,0.7778470834304249,0.06661115736885893,0.06661115736885893,0.0,0.9971083402633667,0.0,True,True,508
R2_LHS_02,control,V52_CPLUS_E6_C10_1T,S10,velocity,Z,2.703416582644595,0.09991673605328841,0.09991673605328841,0.0,0.9889854788780212,0.023841120302677155,True,True,508
R2_LHS_02,control,V52_C_E6_C10_1T,S10_HYBRID,displacement,X,2.7914600957298332,0.03330557868442947,0.03330557868442947,0.0,0.9845329523086548,0.0,True,True,496
R2_LHS_02,control,V52_C_E6_C10_1T,S10,velocity,X,1.6780275444178818,0.09991673605328841,0.13322231473771787,0.03330557868442946,0.8943021297454834,-0.027378840371966362,True,True,496
R2_LHS_02,control,V52_C_E6_C10_1T,S10_HYBRID,displacement,Y,0.9193437643696355,0.06661115736885893,0.06661115736885893,0.0,0.9889464974403381,0.0,True,True,496
R2_LHS_02,control,V52_C_E6_C10_1T,S10,velocity,Y,1.6062510393252873,0.09991673605328841,0.09991673605328841,0.0,0.9758960604667664,-0.018702201545238495,True,True,496
R2_LHS_02,control,V52_C_E6_C10_1T,S10_HYBRID,displacement,Z,0.7377294965443675,0.06661115736885893,0.06661115736885893,0.0,0.995582103729248,0.0,True,True,508
R2_LHS_02,control,V52_C_E6_C10_1T,S10,velocity,Z,2.630114772662451,0.09991673605328841,0.09991673605328841,0.0,0.9943400621414185,-0.012331495992839336,True,True,508
R2_LHS_02,control,V40_A_E7_C11_2T,S10_HYBRID,displacement,X,1.5145922739579245,1.1990008326394608,1.1990008326394608,0.0,0.9999374151229858,0.00027636854792945087,True,True,496
R2_LHS_02,control,V40_A_E7_C11_2T,S10,velocity,X,1.7225321043448374,1.9650291423813386,0.13322231473771787,1.8318068276436208,0.5742327570915222,0.49263665080070496,True,True,496
R2_LHS_02,control,V40_A_E7_C11_2T,S10_HYBRID,displacement,Y,3.4223362722868584,0.06661115736885893,0.06661115736885893,0.0,0.985787570476532,0.0,True,True,496
R2_LHS_02,control,V40_A_E7_C11_2T,S10,velocity,Y,1.6414477229202324,0.09991673605328841,0.09991673605328841,0.0,0.9637851119041443,0.002058797748759389,True,True,496
R2_LHS_02,control,V40_A_E7_C11_2T,S10_HYBRID,displacement,Z,4.748952428972873,0.06661115736885893,0.06661115736885893,0.0,0.9961127638816833,0.0,True,True,508
R2_LHS_02,control,V40_A_E7_C11_2T,S10,velocity,Z,2.4760062216539334,0.09991673605328841,0.09991673605328841,0.0,0.9938898086547852,-0.016011610627174377,True,True,508
R2_LHS_02,control,V40_B_E7_C11_2T,S10_HYBRID,displacement,X,1.655691922010951,1.1990008326394608,1.1990008326394608,0.0,0.9999393224716187,0.00024959430447779596,True,True,496
R2_LHS_02,control,V40_B_E7_C11_2T,S10,velocity,X,1.7469540348470736,4.629475437135696,0.13322231473771787,4.496253122397978,0.7826357483863831,0.5741367936134338,True,True,496
R2_LHS_02,control,V40_B_E7_C11_2T,S10_HYBRID,displacement,Y,3.6533015265887117,0.06661115736885893,0.06661115736885893,0.0,0.994642436504364,0.0,True,True,496
R2_LHS_02,control,V40_B_E7_C11_2T,S10,velocity,Y,1.5154151935587954,0.09991673605328841,0.09991673605328841,0.0,0.9807104468345642,-0.002934386720880866,True,True,496
R2_LHS_02,control,V40_B_E7_C11_2T,S10_HYBRID,displacement,Z,4.603067118201822,0.06661115736885893,0.06661115736885893,0.0,0.9991174936294556,0.0,True,True,508
R2_LHS_02,control,V40_B_E7_C11_2T,S10,velocity,Z,2.470253872464586,0.09991673605328841,0.09991673605328841,0.0,0.9957547187805176,-0.02569448947906494,True,True,508
R2_LHS_02,control,V40_CPLUS_E7_C11_2T,S10_HYBRID,displacement,X,2.163061778390575,1.1990008326394608,1.1990008326394608,0.0,0.9997977018356323,-0.0003445628099143505,True,True,496
R2_LHS_02,control,V40_CPLUS_E7_C11_2T,S10,velocity,X,1.4219281708086513,0.13322231473771787,0.13322231473771787,0.0,0.9096111059188843,0.04796377941966057,True,True,496
R2_LHS_02,control,V40_CPLUS_E7_C11_2T,S10_HYBRID,displacement,Y,4.44319972404031,0.06661115736885893,0.06661115736885893,0.0,0.9919269680976868,0.0,True,True,496
R2_LHS_02,control,V40_CPLUS_E7_C11_2T,S10,velocity,Y,1.382308744211779,0.09991673605328841,0.09991673605328841,0.0,0.9816065430641174,0.028850678354501724,True,True,496
R2_LHS_02,control,V40_CPLUS_E7_C11_2T,S10_HYBRID,displacement,Z,5.7578886798447755,0.06661115736885893,0.06661115736885893,0.0,0.996135950088501,0.0,True,True,508
R2_LHS_02,control,V40_CPLUS_E7_C11_2T,S10,velocity,Z,2.255448467362915,0.09991673605328841,0.09991673605328841,0.0,0.9958587288856506,0.013932892121374607,True,True,508
R2_LHS_02,control,V40_C_E7_C11_2T,S10_HYBRID,displacement,X,1.7582704089223742,1.1990008326394608,1.1990008326394608,0.0,0.9998677372932434,-0.0003102647024206817,True,True,496
R2_LHS_02,control,V40_C_E7_C11_2T,S10,velocity,X,1.6357783483543655,1.9650291423813386,0.13322231473771787,1.8318068276436208,0.6163651347160339,-0.3988465964794159,True,True,496
R2_LHS_02,control,V40_C_E7_C11_2T,S10_HYBRID,displacement,Y,3.999532547867261,0.06661115736885893,0.06661115736885893,0.0,0.9906622171401978,0.0,True,True,496
R2_LHS_02,control,V40_C_E7_C11_2T,S10,velocity,Y,1.3422180646237039,0.09991673605328841,0.09991673605328841,0.0,0.9837416410446167,0.022857332602143288,True,True,496
R2_LHS_02,control,V40_C_E7_C11_2T,S10_HYBRID,displacement,Z,5.247545525546387,0.06661115736885893,0.06661115736885893,0.0,0.9947820901870728,0.0,True,True,508
R2_LHS_02,control,V40_C_E7_C11_2T,S10,velocity,Z,2.2540655577799145,0.09991673605328841,0.09991673605328841,0.0,0.995500922203064,0.012119303457438946,True,True,508
R2_LHS_02,control,V52_A_E7_C11_2T,S10_HYBRID,displacement,X,1.4820388681042256,1.1990008326394608,1.1990008326394608,0.0,0.9999739527702332,0.0001234446099260822,True,True,496
R2_LHS_02,control,V52_A_E7_C11_2T,S10,velocity,X,1.6656519549183053,0.16652789342214733,0.16652789342214733,0.0,0.8231995105743408,-0.11027154326438904,True,True,496
R2_LHS_02,control,V52_A_E7_C11_2T,S10_HYBRID,displacement,Y,3.5286275696288008,0.06661115736885893,0.06661115736885893,0.0,0.9952072501182556,0.0,True,True,496
R2_LHS_02,control,V52_A_E7_C11_2T,S10,velocity,Y,1.3256697500306642,0.13322231473771787,0.13322231473771787,0.0,0.9719375371932983,-0.0011650754604488611,True,True,496
R2_LHS_02,control,V52_A_E7_C11_2T,S10_HYBRID,displacement,Z,4.708109499591107,0.09991673605328841,0.09991673605328841,0.0,0.9987932443618774,0.022479351609945297,True,True,508
R2_LHS_02,control,V52_A_E7_C11_2T,S10,velocity,Z,1.9432819200967038,0.13322231473771787,0.13322231473771787,0.0,0.9860884547233582,-0.026617955416440964,True,True,508
R2_LHS_02,control,V52_B_E7_C11_2T,S10_HYBRID,displacement,X,1.804265054288341,1.1990008326394608,1.1990008326394608,0.0,0.9999500513076782,-0.0003509105881676078,True,True,496
R2_LHS_02,control,V52_B_E7_C11_2T,S10,velocity,X,1.4570607087396612,0.16652789342214733,0.16652789342214733,0.0,0.8741247057914734,0.029155343770980835,True,True,496
R2_LHS_02,control,V52_B_E7_C11_2T,S10_HYBRID,displacement,Y,4.415066892856734,0.06661115736885893,0.06661115736885893,0.0,0.9804512858390808,0.0,True,True,496
R2_LHS_02,control,V52_B_E7_C11_2T,S10,velocity,Y,1.2055735131416367,0.13322231473771787,0.13322231473771787,0.0,0.9645565748214722,0.019468335434794426,True,True,496
R2_LHS_02,control,V52_B_E7_C11_2T,S10_HYBRID,displacement,Z,5.609049489600874,0.09991673605328841,0.09991673605328841,0.0,0.9900996685028076,-0.02729087509214878,True,True,508
R2_LHS_02,control,V52_B_E7_C11_2T,S10,velocity,Z,1.9500643585162631,0.13322231473771787,0.13322231473771787,0.0,0.9942020177841187,0.01113547757267952,True,True,508
R2_LHS_02,control,V52_CPLUS_E7_C11_2T,S10_HYBRID,displacement,X,2.0469575355778495,1.1990008326394608,1.1990008326394608,0.0,0.999858558177948,-0.0003343313583172858,True,True,496
R2_LHS_02,control,V52_CPLUS_E7_C11_2T,S10,velocity,X,1.2644522904351663,0.16652789342214733,0.16652789342214733,0.0,0.8657935261726379,0.0412631593644619,True,True,496
R2_LHS_02,control,V52_CPLUS_E7_C11_2T,S10_HYBRID,displacement,Y,4.765704220501495,0.06661115736885893,0.06661115736885893,0.0,0.9775407910346985,0.0,True,True,496
R2_LHS_02,control,V52_CPLUS_E7_C11_2T,S10,velocity,Y,1.1965754073548187,0.13322231473771787,0.13322231473771787,0.0,0.9641672968864441,0.006290881894528866,True,True,496
R2_LHS_02,control,V52_CPLUS_E7_C11_2T,S10_HYBRID,displacement,Z,6.039072984388531,0.09991673605328841,0.09991673605328841,0.0,0.9918702244758606,-0.029576988890767097,True,True,508
R2_LHS_02,control,V52_CPLUS_E7_C11_2T,S10,velocity,Z,1.720143860616498,0.13322231473771787,0.13322231473771787,0.0,0.9938364624977112,-0.0032288460060954094,True,True,508
R2_LHS_02,control,V52_C_E7_C11_2T,S10_HYBRID,displacement,X,1.9247416100725294,1.1990008326394608,1.1990008326394608,0.0,0.9999077320098877,5.961999704595655e-05,True,True,496
R2_LHS_02,control,V52_C_E7_C11_2T,S10,velocity,X,1.4218750565937661,0.16652789342214733,0.16652789342214733,0.0,0.9401476383209229,-0.02009543962776661,True,True,496
R2_LHS_02,control,V52_C_E7_C11_2T,S10_HYBRID,displacement,Y,4.124281480248311,0.06661115736885893,0.06661115736885893,0.0,0.9985069632530212,0.0,True,True,496
R2_LHS_02,control,V52_C_E7_C11_2T,S10,velocity,Y,1.1792267584706069,0.13322231473771787,0.13322231473771787,0.0,0.9742631316184998,-0.0186961330473423,True,True,496
R2_LHS_02,control,V52_C_E7_C11_2T,S10_HYBRID,displacement,Z,5.633614611768803,0.09991673605328841,0.09991673605328841,0.0,0.9985361099243164,-0.005819242913275957,True,True,508
R2_LHS_02,control,V52_C_E7_C11_2T,S10,velocity,Z,1.8773285816450698,0.13322231473771787,0.13322231473771787,0.0,0.9963434338569641,-0.0034737498499453068,True,True,508
R2_LHS_02,control,V40_A_E8_C12_2T,S10_HYBRID,displacement,X,2.4672290054785324,0.06661115736885893,0.09991673605328841,0.033305578684429474,0.9795815944671631,0.0,True,True,496
R2_LHS_02,control,V40_A_E8_C12_2T,S10,velocity,X,1.2525140794327125,0.13322231473771787,0.13322231473771787,0.0,0.8885958790779114,-0.021817106753587723,True,True,496
R2_LHS_02,control,V40_A_E8_C12_2T,S10_HYBRID,displacement,Y,2.7904582589424423,0.06661115736885893,0.06661115736885893,0.0,0.9917830228805542,0.0,True,True,496
R2_LHS_02,control,V40_A_E8_C12_2T,S10,velocity,Y,1.768759376314426,0.09991673605328841,0.09991673605328841,0.0,0.9795361757278442,-0.007059523835778236,True,True,496
R2_LHS_02,control,V40_A_E8_C12_2T,S10_HYBRID,displacement,Z,3.6270267438795414,0.06661115736885893,0.06661115736885893,0.0,0.9944140911102295,0.0,True,True,508
R2_LHS_02,control,V40_A_E8_C12_2T,S10,velocity,Z,2.5490903025082337,0.09991673605328841,0.09991673605328841,0.0,0.9941282272338867,-0.0267128087580204,True,True,508
R2_LHS_02,control,V40_B_E8_C12_2T,S10_HYBRID,displacement,X,2.2649559356725857,0.06661115736885893,0.06661115736885893,0.0,0.9704587459564209,0.0,True,True,496
R2_LHS_02,control,V40_B_E8_C12_2T,S10,velocity,X,1.2425476296724502,0.13322231473771787,0.13322231473771787,0.0,0.8081321120262146,-0.08948197960853577,True,True,496
R2_LHS_02,control,V40_B_E8_C12_2T,S10_HYBRID,displacement,Y,2.9149009695938832,0.06661115736885893,0.06661115736885893,0.0,0.9856857657432556,0.0,True,True,496
R2_LHS_02,control,V40_B_E8_C12_2T,S10,velocity,Y,1.5140981950036716,0.09991673605328841,0.09991673605328841,0.0,0.9673212170600891,0.002997265662997961,True,True,496
R2_LHS_02,control,V40_B_E8_C12_2T,S10_HYBRID,displacement,Z,3.7506073294595623,0.06661115736885893,0.06661115736885893,0.0,0.9978123903274536,0.0,True,True,508
R2_LHS_02,control,V40_B_E8_C12_2T,S10,velocity,Z,2.2274548810950083,0.09991673605328841,0.09991673605328841,0.0,0.9808672070503235,-0.0336751863360405,True,True,508
R2_LHS_02,control,V40_CPLUS_E8_C12_2T,S10_HYBRID,displacement,X,3.2297551529922335,0.06661115736885893,0.06661115736885893,0.0,0.9212874174118042,0.0,True,True,496
R2_LHS_02,control,V40_CPLUS_E8_C12_2T,S10,velocity,X,1.2112033665121336,0.13322231473771787,0.13322231473771787,0.0,0.8105255961418152,0.06743908673524857,True,True,496
R2_LHS_02,control,V40_CPLUS_E8_C12_2T,S10_HYBRID,displacement,Y,4.185902988668028,0.06661115736885893,0.06661115736885893,0.0,0.9730561375617981,0.0,True,True,496
R2_LHS_02,control,V40_CPLUS_E8_C12_2T,S10,velocity,Y,1.5289854317548588,0.09991673605328841,0.09991673605328841,0.0,0.9518142342567444,0.028966546058654785,True,True,496
R2_LHS_02,control,V40_CPLUS_E8_C12_2T,S10_HYBRID,displacement,Z,5.317311707449657,0.06661115736885893,0.06661115736885893,0.0,0.9955615997314453,0.0,True,True,508
R2_LHS_02,control,V40_CPLUS_E8_C12_2T,S10,velocity,Z,2.25315698534863,0.09991673605328841,0.09991673605328841,0.0,0.9899735450744629,-0.011398715898394585,True,True,508
R2_LHS_02,control,V40_C_E8_C12_2T,S10_HYBRID,displacement,X,2.661865241711544,0.06661115736885893,0.06661115736885893,0.0,0.9948210120201111,0.0,True,True,496
R2_LHS_02,control,V40_C_E8_C12_2T,S10,velocity,X,1.3083162812880311,0.13322231473771787,0.13322231473771787,0.0,0.9253388047218323,-0.023145444691181183,True,True,496
R2_LHS_02,control,V40_C_E8_C12_2T,S10_HYBRID,displacement,Y,3.6646556535903634,0.06661115736885893,0.06661115736885893,0.0,0.996222972869873,0.0,True,True,496
R2_LHS_02,control,V40_C_E8_C12_2T,S10,velocity,Y,1.595457201586027,0.09991673605328841,0.09991673605328841,0.0,0.9750704765319824,0.004040070343762636,True,True,496
R2_LHS_02,control,V40_C_E8_C12_2T,S10_HYBRID,displacement,Z,4.871925655175991,0.06661115736885893,0.06661115736885893,0.0,0.9987788200378418,0.0,True,True,508
R2_LHS_02,control,V40_C_E8_C12_2T,S10,velocity,Z,2.2760013143542914,0.09991673605328841,0.09991673605328841,0.0,0.9954342842102051,-0.0039762211963534355,True,True,508
R2_LHS_02,control,V52_A_E8_C12_2T,S10_HYBRID,displacement,X,2.367623983804389,0.09991673605328841,0.06661115736885893,0.033305578684429474,0.9641716480255127,0.01038773451000452,True,True,496
R2_LHS_02,control,V52_A_E8_C12_2T,S10,velocity,X,1.1158431992456594,0.16652789342214733,0.16652789342214733,0.0,0.8346756100654602,-0.11104517430067062,True,True,496
R2_LHS_02,control,V52_A_E8_C12_2T,S10_HYBRID,displacement,Y,3.1621952559889324,0.06661115736885893,0.06661115736885893,0.0,0.9919666051864624,0.0,True,True,496
R2_LHS_02,control,V52_A_E8_C12_2T,S10,velocity,Y,1.3479493865284953,0.13322231473771787,0.13322231473771787,0.0,0.9788322448730469,-0.003304402343928814,True,True,496
R2_LHS_02,control,V52_A_E8_C12_2T,S10_HYBRID,displacement,Z,4.387006383520449,0.09991673605328841,0.09991673605328841,0.0,0.9952306747436523,0.011050190776586533,True,True,508
R2_LHS_02,control,V52_A_E8_C12_2T,S10,velocity,Z,1.7928473402365277,0.13322231473771787,0.13322231473771787,0.0,0.9887192249298096,-0.024062061682343483,True,True,508
R2_LHS_02,control,V52_B_E8_C12_2T,S10_HYBRID,displacement,X,2.6081797884835924,0.09991673605328841,0.09991673605328841,0.0,0.9976370334625244,-0.003063599346205592,True,True,496
R2_LHS_02,control,V52_B_E8_C12_2T,S10,velocity,X,1.2735778526326296,0.16652789342214733,0.16652789342214733,0.0,0.9637829065322876,-0.0054896194487810135,True,True,496
R2_LHS_02,control,V52_B_E8_C12_2T,S10_HYBRID,displacement,Y,3.4261781547548087,0.06661115736885893,0.06661115736885893,0.0,0.9986893534660339,0.0,True,True,496
R2_LHS_02,control,V52_B_E8_C12_2T,S10,velocity,Y,1.4577198390602286,0.13322231473771787,0.13322231473771787,0.0,0.9857556819915771,-0.0008874315535649657,True,True,496
R2_LHS_02,control,V52_B_E8_C12_2T,S10_HYBRID,displacement,Z,4.61674769897853,0.09991673605328841,0.09991673605328841,0.0,0.9985681176185608,0.003732620971277356,True,True,508
R2_LHS_02,control,V52_B_E8_C12_2T,S10,velocity,Z,2.2359872193445542,0.13322231473771787,0.13322231473771787,0.0,0.9975000619888306,0.005019887816160917,True,True,508
R2_LHS_02,control,V52_CPLUS_E8_C12_2T,S10_HYBRID,displacement,X,3.6607542284898167,0.09991673605328841,0.09991673605328841,0.0,0.9907820820808411,-0.006924826186150312,True,True,496
R2_LHS_02,control,V52_CPLUS_E8_C12_2T,S10,velocity,X,1.0831517234043058,0.16652789342214733,0.16652789342214733,0.0,0.9070476293563843,0.007178463041782379,True,True,496
R2_LHS_02,control,V52_CPLUS_E8_C12_2T,S10_HYBRID,displacement,Y,4.421692793004173,0.06661115736885893,0.06661115736885893,0.0,0.9965158700942993,0.0,True,True,496
R2_LHS_02,control,V52_CPLUS_E8_C12_2T,S10,velocity,Y,1.1528393015242262,0.13322231473771787,0.13322231473771787,0.0,0.9838787317276001,-0.02352701500058174,True,True,496
R2_LHS_02,control,V52_CPLUS_E8_C12_2T,S10_HYBRID,displacement,Z,5.731645213828026,0.09991673605328841,0.09991673605328841,0.0,0.9989755153656006,-0.00503573939204216,True,True,508
R2_LHS_02,control,V52_CPLUS_E8_C12_2T,S10,velocity,Z,1.6837804652215034,0.13322231473771787,0.13322231473771787,0.0,0.996234118938446,-0.029876817017793655,True,True,508
R2_LHS_02,control,V52_C_E8_C12_2T,S10_HYBRID,displacement,X,3.1003050352661905,0.09991673605328841,0.09991673605328841,0.0,0.9658687114715576,-0.010738245211541653,True,True,496
R2_LHS_02,control,V52_C_E8_C12_2T,S10,velocity,X,1.1281492114978726,0.16652789342214733,0.16652789342214733,0.0,0.871143102645874,0.026068178936839104,True,True,496
R2_LHS_02,control,V52_C_E8_C12_2T,S10_HYBRID,displacement,Y,4.059914726764284,0.06661115736885893,0.06661115736885893,0.0,0.9855271577835083,0.0,True,True,496
R2_LHS_02,control,V52_C_E8_C12_2T,S10,velocity,Y,1.3161801187226732,0.13322231473771787,0.13322231473771787,0.0,0.966986894607544,0.01561175286769867,True,True,496
R2_LHS_02,control,V52_C_E8_C12_2T,S10_HYBRID,displacement,Z,5.350803269187599,0.09991673605328841,0.09991673605328841,0.0,0.9943631887435913,-0.0025399893056601286,True,True,508
R2_LHS_02,control,V52_C_E8_C12_2T,S10,velocity,Z,1.8118278264385257,0.13322231473771787,0.13322231473771787,0.0,0.994321882724762,0.006526509765535593,True,True,508
R6_LHS_04,physics,BASE_C1_0T,S10_HYBRID,displacement,X,4.275180149198559,1.931723563696909,0.09991673605328841,1.8318068276436206,0.3620225191116333,0.1204480230808258,True,True,496
R6_LHS_04,physics,BASE_C1_0T,S10,velocity,X,0.0,0.0,0.0,0.0,,,False,False,0
R6_LHS_04,physics,BASE_C1_0T,S10_HYBRID,displacement,Y,2.865628247617928,1.931723563696909,0.09991673605328841,1.8318068276436206,0.9378492832183838,0.06918514519929886,True,True,496
R6_LHS_04,physics,BASE_C1_0T,S10,velocity,Y,0.0,0.0,0.0,0.0,,,False,False,0
R6_LHS_04,physics,BASE_C1_0T,S10_HYBRID,displacement,Z,2.3305174213662263,1.931723563696909,0.09991673605328841,1.8318068276436206,0.9678179025650024,0.06715318560600281,True,True,508
R6_LHS_04,physics,BASE_C1_0T,S10,velocity,Z,0.0,0.0,0.0,0.0,,,False,False,0
R6_LHS_04,physics,BASE_C2_0T,S10_HYBRID,displacement,X,3.2312479679069916,1.1990008326394608,1.1990008326394608,0.0,0.999999463558197,-9.863882587524131e-05,True,True,496
R6_LHS_04,physics,BASE_C2_0T,S10,velocity,X,0.0,0.0,0.0,0.0,,,False,False,0
R6_LHS_04,physics,BASE_C2_0T,S10_HYBRID,displacement,Y,2.3673889405902644,1.1990008326394608,0.09991673605328841,1.0990840965861723,0.9648148417472839,1.8059774447465315e-05,True,True,496
R6_LHS_04,physics,BASE_C2_0T,S10,velocity,Y,0.0,0.0,0.0,0.0,,,False,False,0
R6_LHS_04,physics,BASE_C2_0T,S10_HYBRID,displacement,Z,2.4500486378404105,1.1990008326394608,0.09991673605328841,1.0990840965861723,0.9857722520828247,-1.3606079846795183e-05,True,True,508
R6_LHS_04,physics,BASE_C2_0T,S10,velocity,Z,0.0,0.0,0.0,0.0,,,False,False,0
R6_LHS_04,physics,BASE_C3_0T,S10_HYBRID,displacement,X,3.7864962099920496,1.931723563696909,0.09991673605328841,1.8318068276436206,0.3744875490665436,-0.03355186805129051,True,True,496
R6_LHS_04,physics,BASE_C3_0T,S10,velocity,X,0.0,0.0,0.0,0.0,,,False,False,0
R6_LHS_04,physics,BASE_C3_0T,S10_HYBRID,displacement,Y,2.020918931807665,1.931723563696909,0.09991673605328841,1.8318068276436206,0.9438705444335938,0.10487684607505798,True,True,496
R6_LHS_04,physics,BASE_C3_0T,S10,velocity,Y,0.0,0.0,0.0,0.0,,,False,False,0
R6_LHS_04,physics,BASE_C3_0T,S10_HYBRID,displacement,Z,1.9355142077005203,1.931723563696909,1.931723563696909,0.0,0.974271297454834,0.1085531935095787,True,True,508
R6_LHS_04,physics,BASE_C3_0T,S10,velocity,Z,0.0,0.0,0.0,0.0,,,False,False,0
R6_LHS_04,physics,BASE_C8_0T,S10_HYBRID,displacement,X,3.653527747598065,1.1990008326394608,1.1990008326394608,0.0,0.9999995827674866,0.0002370636648265645,True,True,496
R6_LHS_04,physics,BASE_C8_0T,S10,velocity,X,0.0,0.0,0.0,0.0,,,False,False,0
R6_LHS_04,physics,BASE_C8_0T,S10_HYBRID,displacement,Y,1.9567008100254526,1.1990008326394608,1.1990008326394608,0.0,0.974590539932251,0.00033866867306642234,True,True,496
R6_LHS_04,physics,BASE_C8_0T,S10,velocity,Y,0.0,0.0,0.0,0.0,,,False,False,0
R6_LHS_04,physics,BASE_C8_0T,S10_HYBRID,displacement,Z,1.9938167343508435,1.1990008326394608,1.1990008326394608,0.0,0.9904072880744934,0.0002583192544989288,True,True,508
R6_LHS_04,physics,BASE_C8_0T,S10,velocity,Z,0.0,0.0,0.0,0.0,,,False,False,0
R6_LHS_04,physics,V40_A_E1_C4_2T,S10_HYBRID,displacement,X,2.511249686023275,0.06661115736885893,0.06661115736885893,0.0,0.9888263940811157,0.0,True,True,496
R6_LHS_04,physics,V40_A_E1_C4_2T,S10,velocity,X,1.4354129399342979,0.13322231473771787,0.13322231473771787,0.0,0.8936721086502075,0.011831147596240044,True,True,496
R6_LHS_04,physics,V40_A_E1_C4_2T,S10_HYBRID,displacement,Y,3.1343530347333597,0.06661115736885893,0.06661115736885893,0.0,0.9878973364830017,0.0,True,True,496
R6_LHS_04,physics,V40_A_E1_C4_2T,S10,velocity,Y,1.7718102335399413,0.09991673605328841,0.09991673605328841,0.0,0.9708581566810608,0.015085282735526562,True,True,496
R6_LHS_04,physics,V40_A_E1_C4_2T,S10_HYBRID,displacement,Z,3.5560639743871314,0.06661115736885893,0.06661115736885893,0.0,0.9922506809234619,0.0,True,True,508
R6_LHS_04,physics,V40_A_E1_C4_2T,S10,velocity,Z,2.677022379645534,0.09991673605328841,0.09991673605328841,0.0,0.9944620132446289,-0.007826896384358406,True,True,508
R6_LHS_04,physics,V40_B_E1_C4_2T,S10_HYBRID,displacement,X,3.239387049206602,0.06661115736885893,0.06661115736885893,0.0,0.9714764952659607,0.0,True,True,496
R6_LHS_04,physics,V40_B_E1_C4_2T,S10,velocity,X,1.1202314649916403,0.13322231473771787,0.13322231473771787,0.0,0.8772686123847961,0.009405940771102905,True,True,496
R6_LHS_04,physics,V40_B_E1_C4_2T,S10_HYBRID,displacement,Y,3.593539812568134,0.06661115736885893,0.06661115736885893,0.0,0.99032062292099,0.0,True,True,496
R6_LHS_04,physics,V40_B_E1_C4_2T,S10,velocity,Y,1.5492322727074195,0.09991673605328841,0.09991673605328841,0.0,0.9804829359054565,-0.004460154566913843,True,True,496
R6_LHS_04,physics,V40_B_E1_C4_2T,S10_HYBRID,displacement,Z,4.058450068361727,0.06661115736885893,0.06661115736885893,0.0,0.991346001625061,0.0,True,True,508
R6_LHS_04,physics,V40_B_E1_C4_2T,S10,velocity,Z,2.015657263084735,0.09991673605328841,0.09991673605328841,0.0,0.9951363801956177,-0.007050422020256519,True,True,508
R6_LHS_04,physics,V40_CPLUS_E1_C4_2T,S10_HYBRID,displacement,X,4.044852500684596,0.06661115736885893,0.06661115736885893,0.0,0.9840856790542603,0.0,True,True,496
R6_LHS_04,physics,V40_CPLUS_E1_C4_2T,S10,velocity,X,1.0512299447989009,0.13322231473771787,0.13322231473771787,0.0,0.8455398082733154,-0.002020171843469143,True,True,496
R6_LHS_04,physics,V40_CPLUS_E1_C4_2T,S10_HYBRID,displacement,Y,4.641389121466878,0.06661115736885893,0.06661115736885893,0.0,0.9875987768173218,0.0,True,True,496
R6_LHS_04,physics,V40_CPLUS_E1_C4_2T,S10,velocity,Y,1.4503670358543468,0.09991673605328841,0.09991673605328841,0.0,0.9742122888565063,0.012751619331538677,True,True,496
R6_LHS_04,physics,V40_CPLUS_E1_C4_2T,S10_HYBRID,displacement,Z,5.038439397935257,0.06661115736885893,0.06661115736885893,0.0,0.9985377788543701,0.0,True,True,508
R6_LHS_04,physics,V40_CPLUS_E1_C4_2T,S10,velocity,Z,1.8045747237983731,0.09991673605328841,0.09991673605328841,0.0,0.9933770895004272,0.011789287440478802,True,True,508
R6_LHS_04,physics,V40_C_E1_C4_2T,S10_HYBRID,displacement,X,3.6553755251638083,0.06661115736885893,0.09991673605328841,0.033305578684429474,0.9775040745735168,0.0,True,True,496
R6_LHS_04,physics,V40_C_E1_C4_2T,S10,velocity,X,0.9890777568633949,0.13322231473771787,0.13322231473771787,0.0,0.8859685063362122,0.015308680012822151,True,True,496
R6_LHS_04,physics,V40_C_E1_C4_2T,S10_HYBRID,displacement,Y,4.055143428517933,0.06661115736885893,0.06661115736885893,0.0,0.9939094185829163,0.0,True,True,496
R6_LHS_04,physics,V40_C_E1_C4_2T,S10,velocity,Y,1.514702775785333,0.09991673605328841,0.09991673605328841,0.0,0.985054612159729,0.00021827546879649162,True,True,496
R6_LHS_04,physics,V40_C_E1_C4_2T,S10_HYBRID,displacement,Z,4.66584288732558,0.06661115736885893,0.06661115736885893,0.0,0.9939174056053162,0.0,True,True,508
R6_LHS_04,physics,V40_C_E1_C4_2T,S10,velocity,Z,2.009451592993952,0.09991673605328841,0.09991673605328841,0.0,0.9951108694076538,-0.004931955598294735,True,True,508
R6_LHS_04,physics,V52_A_E1_C4_2T,S10_HYBRID,displacement,X,2.966226712851287,0.09991673605328841,0.09991673605328841,0.0,0.9920542240142822,0.0037711060140281916,True,True,496
R6_LHS_04,physics,V52_A_E1_C4_2T,S10,velocity,X,1.087298927862209,0.16652789342214733,0.16652789342214733,0.0,0.8997917175292969,0.0026267273351550102,True,True,496
R6_LHS_04,physics,V52_A_E1_C4_2T,S10_HYBRID,displacement,Y,3.3212798580619793,0.06661115736885893,0.06661115736885893,0.0,0.9966712594032288,0.0,True,True,496
R6_LHS_04,physics,V52_A_E1_C4_2T,S10,velocity,Y,1.197496836281138,0.13322231473771787,0.13322231473771787,0.0,0.9730802178382874,0.001306976075284183,True,True,496
R6_LHS_04,physics,V52_A_E1_C4_2T,S10_HYBRID,displacement,Z,4.22466109778317,0.09991673605328841,0.09991673605328841,0.0,0.9978359341621399,0.010660243220627308,True,True,508
R6_LHS_04,physics,V52_A_E1_C4_2T,S10,velocity,Z,1.7213506196616988,0.13322231473771787,0.13322231473771787,0.0,0.9966484904289246,0.00407559284940362,True,True,508
R6_LHS_04,physics,V52_B_E1_C4_2T,S10_HYBRID,displacement,X,3.344541286719269,0.09991673605328841,0.09991673605328841,0.0,0.9841887950897217,-0.01191637758165598,True,True,496
R6_LHS_04,physics,V52_B_E1_C4_2T,S10,velocity,X,1.0245794515001494,0.16652789342214733,0.16652789342214733,0.0,0.9290146231651306,-0.028291422873735428,True,True,496
R6_LHS_04,physics,V52_B_E1_C4_2T,S10_HYBRID,displacement,Y,3.9983158881847976,0.06661115736885893,0.06661115736885893,0.0,0.987105131149292,0.0,True,True,496
R6_LHS_04,physics,V52_B_E1_C4_2T,S10,velocity,Y,1.2739718590753768,0.13322231473771787,0.13322231473771787,0.0,0.9821227788925171,-0.005380236078053713,True,True,496
R6_LHS_04,physics,V52_B_E1_C4_2T,S10_HYBRID,displacement,Z,4.620564018420879,0.09991673605328841,0.09991673605328841,0.0,0.9991192817687988,-0.00273022148758173,True,True,508
R6_LHS_04,physics,V52_B_E1_C4_2T,S10,velocity,Z,1.666553231688404,0.13322231473771787,0.13322231473771787,0.0,0.9978718757629395,-0.007163729518651962,True,True,508
R6_LHS_04,physics,V52_CPLUS_E1_C4_2T,S10_HYBRID,displacement,X,4.0367295213008045,0.09991673605328841,0.09991673605328841,0.0,0.995765209197998,-0.003976022824645042,True,True,496
R6_LHS_04,physics,V52_CPLUS_E1_C4_2T,S10,velocity,X,1.0075049208716744,0.16652789342214733,0.16652789342214733,0.0,0.9160271286964417,0.004387874621897936,True,True,496
R6_LHS_04,physics,V52_CPLUS_E1_C4_2T,S10_HYBRID,displacement,Y,4.6052139424974,0.06661115736885893,0.06661115736885893,0.0,0.9968519806861877,0.0,True,True,496
R6_LHS_04,physics,V52_CPLUS_E1_C4_2T,S10,velocity,Y,1.1748296753785663,0.13322231473771787,0.13322231473771787,0.0,0.9784247875213623,-0.007021429017186165,True,True,496
R6_LHS_04,physics,V52_CPLUS_E1_C4_2T,S10_HYBRID,displacement,Z,5.643910346299634,0.09991673605328841,0.09991673605328841,0.0,0.9983959197998047,0.006157976109534502,True,True,508
R6_LHS_04,physics,V52_CPLUS_E1_C4_2T,S10,velocity,Z,1.674964565235112,0.13322231473771787,0.13322231473771787,0.0,0.9974367618560791,-0.004467523191124201,True,True,508
R6_LHS_04,physics,V52_C_E1_C4_2T,S10_HYBRID,displacement,X,3.9390027204153526,0.09991673605328841,0.06661115736885893,0.033305578684429474,0.9952785968780518,-0.004680124577134848,True,True,496
R6_LHS_04,physics,V52_C_E1_C4_2T,S10,velocity,X,0.966574131099237,0.16652789342214733,0.16652789342214733,0.0,0.9638137221336365,-0.0019666485022753477,True,True,496
R6_LHS_04,physics,V52_C_E1_C4_2T,S10_HYBRID,displacement,Y,4.541448232093986,0.06661115736885893,0.06661115736885893,0.0,0.9980800151824951,0.0,True,True,496
R6_LHS_04,physics,V52_C_E1_C4_2T,S10,velocity,Y,1.0333048470453596,0.13322231473771787,0.13322231473771787,0.0,0.9843019843101501,0.004307620692998171,True,True,496
R6_LHS_04,physics,V52_C_E1_C4_2T,S10_HYBRID,displacement,Z,5.588628756958478,0.09991673605328841,0.09991673605328841,0.0,0.9990131258964539,-0.011042474769055843,True,True,508
R6_LHS_04,physics,V52_C_E1_C4_2T,S10,velocity,Z,1.48259753671744,0.13322231473771787,0.13322231473771787,0.0,0.9975247979164124,-0.00488258944824338,True,True,508
R6_LHS_04,physics,V40_A_E2_C5_2T,S10_HYBRID,displacement,X,1.873782931729508,1.1990008326394608,1.1990008326394608,0.0,0.9999502301216125,-0.00022057599562685937,True,True,496
R6_LHS_04,physics,V40_A_E2_C5_2T,S10,velocity,X,1.9115970359536607,0.13322231473771787,0.13322231473771787,0.0,0.8744425773620605,-0.045584581792354584,True,True,496
R6_LHS_04,physics,V40_A_E2_C5_2T,S10_HYBRID,displacement,Y,3.696610629496551,0.06661115736885893,0.06661115736885893,0.0,0.9805341958999634,0.0,True,True,496
R6_LHS_04,physics,V40_A_E2_C5_2T,S10,velocity,Y,1.711529718300183,0.09991673605328841,0.09991673605328841,0.0,0.9636394381523132,0.0005535809323191643,True,True,496
R6_LHS_04,physics,V40_A_E2_C5_2T,S10_HYBRID,displacement,Z,4.203347273960425,0.06661115736885893,0.06661115736885893,0.0,0.9961675405502319,0.0,True,True,508
R6_LHS_04,physics,V40_A_E2_C5_2T,S10,velocity,Z,2.031753676088167,0.09991673605328841,0.09991673605328841,0.0,0.9946520328521729,-0.004850134719163179,True,True,508
R6_LHS_04,physics,V40_B_E2_C5_2T,S10_HYBRID,displacement,X,1.9757164799111295,1.1990008326394608,1.1990008326394608,0.0,0.9999346733093262,0.0003006478655152023,True,True,496
R6_LHS_04,physics,V40_B_E2_C5_2T,S10,velocity,X,1.6529553031660316,1.998334721065768,0.13322231473771787,1.8651124063280502,0.5273221135139465,-0.14078179001808167,True,True,496
R6_LHS_04,physics,V40_B_E2_C5_2T,S10_HYBRID,displacement,Y,3.8250844434297475,0.06661115736885893,0.06661115736885893,0.0,0.9955679178237915,0.0,True,True,496
R6_LHS_04,physics,V40_B_E2_C5_2T,S10,velocity,Y,1.6053051682724182,0.09991673605328841,0.09991673605328841,0.0,0.9716708064079285,0.01276404969394207,True,True,496
R6_LHS_04,physics,V40_B_E2_C5_2T,S10_HYBRID,displacement,Z,4.561140183093237,0.06661115736885893,0.06661115736885893,0.0,0.9977317452430725,0.0,True,True,508
R6_LHS_04,physics,V40_B_E2_C5_2T,S10,velocity,Z,2.160737328261368,0.09991673605328841,0.09991673605328841,0.0,0.9954031705856323,-0.00476270355284214,True,True,508
R6_LHS_04,physics,V40_CPLUS_E2_C5_2T,S10_HYBRID,displacement,X,2.82685534918749,1.1990008326394608,1.1990008326394608,0.0,0.9998437166213989,0.00013725650205742568,True,True,496
R6_LHS_04,physics,V40_CPLUS_E2_C5_2T,S10,velocity,X,1.260253061448088,0.13322231473771787,0.13322231473771787,0.0,0.895521342754364,-0.00046855039545334876,True,True,496
R6_LHS_04,physics,V40_CPLUS_E2_C5_2T,S10_HYBRID,displacement,Y,4.751839190591353,0.06661115736885893,0.06661115736885893,0.0,0.997170090675354,0.0,True,True,496
R6_LHS_04,physics,V40_CPLUS_E2_C5_2T,S10,velocity,Y,1.263302397910628,0.09991673605328841,0.09991673605328841,0.0,0.9746774435043335,0.0065912893041968346,True,True,496
R6_LHS_04,physics,V40_CPLUS_E2_C5_2T,S10_HYBRID,displacement,Z,5.6311391333273075,0.06661115736885893,0.06661115736885893,0.0,0.9983217716217041,0.0,True,True,508
R6_LHS_04,physics,V40_CPLUS_E2_C5_2T,S10,velocity,Z,1.8336861881469293,0.09991673605328841,0.09991673605328841,0.0,0.9960077404975891,-0.0027110588271170855,True,True,508
R6_LHS_04,physics,V40_C_E2_C5_2T,S10_HYBRID,displacement,X,2.4714569145468297,1.1990008326394608,1.1990008326394608,0.0,0.9999136328697205,-0.0002404295519227162,True,True,496
R6_LHS_04,physics,V40_C_E2_C5_2T,S10,velocity,X,1.5043715477561497,2.0316402997501974,0.13322231473771787,1.8984179850124796,0.4699007570743561,0.5427850484848022,True,True,496
R6_LHS_04,physics,V40_C_E2_C5_2T,S10_HYBRID,displacement,Y,4.537237350579472,0.06661115736885893,0.06661115736885893,0.0,0.9895064830780029,0.0,True,True,496
R6_LHS_04,physics,V40_C_E2_C5_2T,S10,velocity,Y,1.4923484568029142,0.09991673605328841,0.09991673605328841,0.0,0.9803359508514404,-0.004652312025427818,True,True,496
R6_LHS_04,physics,V40_C_E2_C5_2T,S10_HYBRID,displacement,Z,5.02431708042337,0.06661115736885893,0.06661115736885893,0.0,0.9987520575523376,0.0,True,True,508
R6_LHS_04,physics,V40_C_E2_C5_2T,S10,velocity,Z,1.9102961889023822,0.09991673605328841,0.09991673605328841,0.0,0.9954574108123779,-0.01363252755254507,True,True,508
R6_LHS_04,physics,V52_A_E2_C5_2T,S10_HYBRID,displacement,X,1.8872746542302024,1.1990008326394608,1.1990008326394608,0.0,0.9999638199806213,7.698488479945809e-05,True,True,496
R6_LHS_04,physics,V52_A_E2_C5_2T,S10,velocity,X,1.7937317884035011,0.16652789342214733,0.16652789342214733,0.0,0.9322945475578308,0.016182173043489456,True,True,496
R6_LHS_04,physics,V52_A_E2_C5_2T,S10_HYBRID,displacement,Y,4.102869461142666,0.06661115736885893,0.06661115736885893,0.0,0.9955992698669434,0.0,True,True,496
R6_LHS_04,physics,V52_A_E2_C5_2T,S10,velocity,Y,1.2445210514458012,0.13322231473771787,0.13322231473771787,0.0,0.9803693294525146,-0.0019669083412736654,True,True,496
R6_LHS_04,physics,V52_A_E2_C5_2T,S10_HYBRID,displacement,Z,4.84554747286837,0.09991673605328841,0.09991673605328841,0.0,0.9991120100021362,0.007454652804881334,True,True,508
R6_LHS_04,physics,V52_A_E2_C5_2T,S10,velocity,Z,1.7233246421080006,0.13322231473771787,0.13322231473771787,0.0,0.9969554543495178,0.0023563422728329897,True,True,508
R6_LHS_04,physics,V52_B_E2_C5_2T,S10_HYBRID,displacement,X,2.211982436930274,1.1990008326394608,1.1990008326394608,0.0,0.9999701976776123,-0.0003138330648653209,True,True,496
R6_LHS_04,physics,V52_B_E2_C5_2T,S10,velocity,X,1.370484016929257,0.16652789342214733,0.16652789342214733,0.0,0.935272216796875,-0.0012023239396512508,True,True,496
R6_LHS_04,physics,V52_B_E2_C5_2T,S10_HYBRID,displacement,Y,4.493774476175495,0.06661115736885893,0.06661115736885893,0.0,0.9967252612113953,0.0,True,True,496
R6_LHS_04,physics,V52_B_E2_C5_2T,S10,velocity,Y,1.2390179310712077,0.13322231473771787,0.13322231473771787,0.0,0.9876259565353394,-0.012816033326089382,True,True,496
R6_LHS_04,physics,V52_B_E2_C5_2T,S10_HYBRID,displacement,Z,5.160548044586698,0.09991673605328841,0.09991673605328841,0.0,0.9981180429458618,-0.02106417343020439,True,True,508
R6_LHS_04,physics,V52_B_E2_C5_2T,S10,velocity,Z,1.6639551513903232,0.13322231473771787,0.13322231473771787,0.0,0.9973315000534058,-0.012338337488472462,True,True,508
R6_LHS_04,physics,V52_CPLUS_E2_C5_2T,S10_HYBRID,displacement,X,3.010370908879428,1.1990008326394608,1.1990008326394608,0.0,0.9999262690544128,8.262145274784416e-05,True,True,496
R6_LHS_04,physics,V52_CPLUS_E2_C5_2T,S10,velocity,X,1.0434330527167395,0.16652789342214733,0.16652789342214733,0.0,0.8665696978569031,0.013762423768639565,True,True,496
R6_LHS_04,physics,V52_CPLUS_E2_C5_2T,S10_HYBRID,displacement,Y,5.11236468184607,0.06661115736885893,0.06661115736885893,0.0,0.9912620186805725,0.0,True,True,496
R6_LHS_04,physics,V52_CPLUS_E2_C5_2T,S10,velocity,Y,1.1148861661239438,0.13322231473771787,0.13322231473771787,0.0,0.9721599817276001,0.0021352465264499187,True,True,496
R6_LHS_04,physics,V52_CPLUS_E2_C5_2T,S10_HYBRID,displacement,Z,5.918372044804004,0.09991673605328841,0.09991673605328841,0.0,0.9988396763801575,-0.007618902716785669,True,True,508
R6_LHS_04,physics,V52_CPLUS_E2_C5_2T,S10,velocity,Z,1.6343889817747912,0.13322231473771787,0.13322231473771787,0.0,0.9954550266265869,0.007128805387765169,True,True,508
R6_LHS_04,physics,V52_C_E2_C5_2T,S10_HYBRID,displacement,X,2.49447486915287,1.1990008326394608,1.1990008326394608,0.0,0.9999551177024841,8.394799806410447e-05,True,True,496
R6_LHS_04,physics,V52_C_E2_C5_2T,S10,velocity,X,1.2344162345198257,0.16652789342214733,0.16652789342214733,0.0,0.8743957877159119,0.0022320470307022333,True,True,496
R6_LHS_04,physics,V52_C_E2_C5_2T,S10_HYBRID,displacement,Y,4.717252343591266,0.06661115736885893,0.06661115736885893,0.0,0.9924367070198059,0.0,True,True,496
R6_LHS_04,physics,V52_C_E2_C5_2T,S10,velocity,Y,1.1713940036244974,0.13322231473771787,0.13322231473771787,0.0,0.9700608849525452,0.0065117948688566685,True,True,496
R6_LHS_04,physics,V52_C_E2_C5_2T,S10_HYBRID,displacement,Z,5.5142198841858665,0.09991673605328841,0.09991673605328841,0.0,0.9989250898361206,-0.0021040947176516056,True,True,508
R6_LHS_04,physics,V52_C_E2_C5_2T,S10,velocity,Z,1.6225875531123615,0.13322231473771787,0.13322231473771787,0.0,0.9954200983047485,0.011389489285647869,True,True,508
R6_LHS_04,physics,V40_A_E3_C6_1T,S10_HYBRID,displacement,X,2.742293180611075,0.03330557868442947,0.03330557868442947,0.0,0.9616156816482544,0.0,True,True,496
R6_LHS_04,physics,V40_A_E3_C6_1T,S10,velocity,X,1.5583988562377733,0.09991673605328841,0.09991673605328841,0.0,0.8629674315452576,0.04561063274741173,True,True,496
R6_LHS_04,physics,V40_A_E3_C6_1T,S10_HYBRID,displacement,Y,0.8173638974783055,0.06661115736885893,0.06661115736885893,0.0,0.968698263168335,0.0,True,True,496
R6_LHS_04,physics,V40_A_E3_C6_1T,S10,velocity,Y,1.533368404328237,0.06661115736885893,0.06661115736885893,0.0,0.942879855632782,0.0,True,True,496
R6_LHS_04,physics,V40_A_E3_C6_1T,S10_HYBRID,displacement,Z,0.5402187435002466,0.06661115736885893,0.06661115736885893,0.0,0.9919627904891968,0.0,True,True,508
R6_LHS_04,physics,V40_A_E3_C6_1T,S10,velocity,Z,2.301754408355116,0.06661115736885893,0.06661115736885893,0.0,0.9892416596412659,0.0,True,True,508
R6_LHS_04,physics,V40_B_E3_C6_1T,S10_HYBRID,displacement,X,2.991465626779898,0.03330557868442947,0.03330557868442947,0.0,0.978336751461029,0.0,True,True,496
R6_LHS_04,physics,V40_B_E3_C6_1T,S10,velocity,X,1.545136795471928,0.09991673605328841,0.09991673605328841,0.0,0.8743452429771423,0.017883479595184326,True,True,496
R6_LHS_04,physics,V40_B_E3_C6_1T,S10_HYBRID,displacement,Y,0.9430979679380452,0.06661115736885893,0.06661115736885893,0.0,0.9779300093650818,0.0,True,True,496
R6_LHS_04,physics,V40_B_E3_C6_1T,S10,velocity,Y,1.6001597525916968,0.09991673605328841,0.06661115736885893,0.033305578684429474,0.9571800231933594,0.03260224312543869,True,True,496
R6_LHS_04,physics,V40_B_E3_C6_1T,S10_HYBRID,displacement,Z,0.636650475426115,0.06661115736885893,0.06661115736885893,0.0,0.970794677734375,0.0,True,True,508
R6_LHS_04,physics,V40_B_E3_C6_1T,S10,velocity,Z,2.357746334842026,0.06661115736885893,0.06661115736885893,0.0,0.9930601119995117,0.0,True,True,508
R6_LHS_04,physics,V40_CPLUS_E3_C6_1T,S10_HYBRID,displacement,X,3.8511341916105537,0.03330557868442947,0.03330557868442947,0.0,0.9778544902801514,0.0,True,True,496
R6_LHS_04,physics,V40_CPLUS_E3_C6_1T,S10,velocity,X,1.306703154968684,0.09991673605328841,0.09991673605328841,0.0,0.8851548433303833,-0.025890564545989037,True,True,496
R6_LHS_04,physics,V40_CPLUS_E3_C6_1T,S10_HYBRID,displacement,Y,1.2809891829516982,0.06661115736885893,0.06661115736885893,0.0,0.9800965785980225,0.0,True,True,496
R6_LHS_04,physics,V40_CPLUS_E3_C6_1T,S10,velocity,Y,1.2924353121454015,0.09991673605328841,0.09991673605328841,0.0,0.9731336236000061,-0.0039419690147042274,True,True,496
R6_LHS_04,physics,V40_CPLUS_E3_C6_1T,S10_HYBRID,displacement,Z,0.8617774732449303,0.06661115736885893,0.06661115736885893,0.0,0.988474428653717,0.0,True,True,508
R6_LHS_04,physics,V40_CPLUS_E3_C6_1T,S10,velocity,Z,2.2385466527801214,0.06661115736885893,0.06661115736885893,0.0,0.9951652884483337,0.0,True,True,508
R6_LHS_04,physics,V40_C_E3_C6_1T,S10_HYBRID,displacement,X,3.224595240085679,0.03330557868442947,0.03330557868442947,0.0,0.9894565343856812,0.0,True,True,496
R6_LHS_04,physics,V40_C_E3_C6_1T,S10,velocity,X,1.3945291660012227,0.09991673605328841,0.09991673605328841,0.0,0.8872482776641846,-0.014974022284150124,True,True,496
R6_LHS_04,physics,V40_C_E3_C6_1T,S10_HYBRID,displacement,Y,0.9988198128303054,0.06661115736885893,0.06661115736885893,0.0,0.9921914339065552,0.0,True,True,496
R6_LHS_04,physics,V40_C_E3_C6_1T,S10,velocity,Y,1.5292432302137824,0.09991673605328841,0.09991673605328841,0.0,0.9707505106925964,-0.0008269387762993574,True,True,496
R6_LHS_04,physics,V40_C_E3_C6_1T,S10_HYBRID,displacement,Z,0.6270924708961009,0.06661115736885893,0.06661115736885893,0.0,0.9950093030929565,0.0,True,True,508
R6_LHS_04,physics,V40_C_E3_C6_1T,S10,velocity,Z,2.351524932595315,0.06661115736885893,0.06661115736885893,0.0,0.994828462600708,0.0,True,True,508
R6_LHS_04,physics,V52_A_E3_C6_1T,S10_HYBRID,displacement,X,2.7007217630112867,0.03330557868442947,0.03330557868442947,0.0,0.9888896942138672,0.0,True,True,496
R6_LHS_04,physics,V52_A_E3_C6_1T,S10,velocity,X,1.8422163503715707,0.09991673605328841,0.09991673605328841,0.0,0.9220764636993408,0.010432180017232895,True,True,496
R6_LHS_04,physics,V52_A_E3_C6_1T,S10_HYBRID,displacement,Y,0.72518284668079,0.06661115736885893,0.06661115736885893,0.0,0.9925580620765686,0.0,True,True,496
R6_LHS_04,physics,V52_A_E3_C6_1T,S10,velocity,Y,2.233698539932344,0.09991673605328841,0.09991673605328841,0.0,0.9800521731376648,0.00971297174692154,True,True,496
R6_LHS_04,physics,V52_A_E3_C6_1T,S10_HYBRID,displacement,Z,0.5309206736075163,0.06661115736885893,0.06661115736885893,0.0,0.9985309839248657,0.0,True,True,508
R6_LHS_04,physics,V52_A_E3_C6_1T,S10,velocity,Z,2.6556455109694297,0.09991673605328841,0.09991673605328841,0.0,0.9973086714744568,0.02694036439061165,True,True,508
R6_LHS_04,physics,V52_B_E3_C6_1T,S10_HYBRID,displacement,X,3.3498552400103496,0.03330557868442947,0.03330557868442947,0.0,0.9716731905937195,0.0,True,True,496
R6_LHS_04,physics,V52_B_E3_C6_1T,S10,velocity,X,1.3406085371654939,0.09991673605328841,0.13322231473771787,0.03330557868442946,0.9199619889259338,0.01891729049384594,True,True,496
R6_LHS_04,physics,V52_B_E3_C6_1T,S10_HYBRID,displacement,Y,0.9973313140450415,0.06661115736885893,0.06661115736885893,0.0,0.9772811532020569,0.0,True,True,496
R6_LHS_04,physics,V52_B_E3_C6_1T,S10,velocity,Y,1.1658760022346095,0.09991673605328841,0.09991673605328841,0.0,0.9803028106689453,0.009339992888271809,True,True,496
R6_LHS_04,physics,V52_B_E3_C6_1T,S10_HYBRID,displacement,Z,0.6998587999492916,0.06661115736885893,0.06661115736885893,0.0,0.9867548942565918,0.0,True,True,508
R6_LHS_04,physics,V52_B_E3_C6_1T,S10,velocity,Z,1.8472110920178044,0.09991673605328841,0.09991673605328841,0.0,0.9955769777297974,0.014615279622375965,True,True,508
R6_LHS_04,physics,V52_CPLUS_E3_C6_1T,S10_HYBRID,displacement,X,4.073608609571343,0.03330557868442947,0.03330557868442947,0.0,0.9852396249771118,0.0,True,True,496
R6_LHS_04,physics,V52_CPLUS_E3_C6_1T,S10,velocity,X,1.2002843463289814,0.09991673605328841,0.13322231473771787,0.03330557868442946,0.9339205026626587,-0.02423897199332714,True,True,496
R6_LHS_04,physics,V52_CPLUS_E3_C6_1T,S10_HYBRID,displacement,Y,1.3016068614888634,0.06661115736885893,0.06661115736885893,0.0,0.9858565926551819,0.0,True,True,496
R6_LHS_04,physics,V52_CPLUS_E3_C6_1T,S10,velocity,Y,1.2380380166212532,0.13322231473771787,0.13322231473771787,0.0,0.9816527962684631,-0.008155428804457188,True,True,496
R6_LHS_04,physics,V52_CPLUS_E3_C6_1T,S10_HYBRID,displacement,Z,0.8054500569702088,0.06661115736885893,0.06661115736885893,0.0,0.9857568144798279,0.0,True,True,508
R6_LHS_04,physics,V52_CPLUS_E3_C6_1T,S10,velocity,Z,1.7973312110948494,0.09991673605328841,0.09991673605328841,0.0,0.9952287077903748,-0.01222382765263319,True,True,508
R6_LHS_04,physics,V52_C_E3_C6_1T,S10_HYBRID,displacement,X,3.7326172954471386,0.03330557868442947,0.03330557868442947,0.0,0.9813562035560608,0.0,True,True,496
R6_LHS_04,physics,V52_C_E3_C6_1T,S10,velocity,X,1.2161242945502138,0.09991673605328841,0.13322231473771787,0.03330557868442946,0.9283548593521118,-0.02395196631550789,True,True,496
R6_LHS_04,physics,V52_C_E3_C6_1T,S10_HYBRID,displacement,Y,1.023704615872479,0.06661115736885893,0.06661115736885893,0.0,0.9823681116104126,0.0,True,True,496
R6_LHS_04,physics,V52_C_E3_C6_1T,S10,velocity,Y,1.3185847422479147,0.09991673605328841,0.09991673605328841,0.0,0.983549177646637,-0.008565053343772888,True,True,496
R6_LHS_04,physics,V52_C_E3_C6_1T,S10_HYBRID,displacement,Z,0.6355029901439108,0.06661115736885893,0.06661115736885893,0.0,0.9831636548042297,0.0,True,True,508
R6_LHS_04,physics,V52_C_E3_C6_1T,S10,velocity,Z,1.916019698570466,0.09991673605328841,0.09991673605328841,0.0,0.9962618350982666,-0.01505833026021719,True,True,508
R6_LHS_04,physics,V40_A_E4_C7_1T,S10_HYBRID,displacement,X,1.7284954056858695,1.1990008326394608,1.1990008326394608,0.0,0.9999603629112244,-0.00013583098188973963,True,True,496
R6_LHS_04,physics,V40_A_E4_C7_1T,S10,velocity,X,2.3293753443106557,0.09991673605328841,0.09991673605328841,0.0,0.8441077470779419,-0.003658057190477848,True,True,496
R6_LHS_04,physics,V40_A_E4_C7_1T,S10_HYBRID,displacement,Y,0.7399323920143611,0.06661115736885893,0.06661115736885893,0.0,0.9578682780265808,0.0,True,True,496
R6_LHS_04,physics,V40_A_E4_C7_1T,S10,velocity,Y,1.4718963431110437,0.06661115736885893,0.06661115736885893,0.0,0.9453175663948059,0.0,True,True,496
R6_LHS_04,physics,V40_A_E4_C7_1T,S10_HYBRID,displacement,Z,0.45316013021114127,0.06661115736885893,0.06661115736885893,0.0,0.9534637331962585,0.0,True,True,508
R6_LHS_04,physics,V40_A_E4_C7_1T,S10,velocity,Z,2.1648410644857115,0.06661115736885893,0.06661115736885893,0.0,0.9946963787078857,0.0,True,True,508
R6_LHS_04,physics,V40_B_E4_C7_1T,S10_HYBRID,displacement,X,1.8981622286239792,1.1990008326394608,1.1990008326394608,0.0,0.999931812286377,-0.00019258531392551959,True,True,496
R6_LHS_04,physics,V40_B_E4_C7_1T,S10,velocity,X,2.413564459213738,1.9650291423813386,0.09991673605328841,1.8651124063280502,0.538065493106842,1.1621170043945312,True,True,496
R6_LHS_04,physics,V40_B_E4_C7_1T,S10_HYBRID,displacement,Y,1.1032796028352239,0.06661115736885893,0.06661115736885893,0.0,0.9931482672691345,0.0,True,True,496
R6_LHS_04,physics,V40_B_E4_C7_1T,S10,velocity,Y,1.1958554163319792,0.09991673605328841,0.06661115736885893,0.033305578684429474,0.9596183896064758,0.03777788579463959,True,True,496
R6_LHS_04,physics,V40_B_E4_C7_1T,S10_HYBRID,displacement,Z,0.7121685871637929,0.06661115736885893,0.06661115736885893,0.0,0.9972293972969055,0.0,True,True,508
R6_LHS_04,physics,V40_B_E4_C7_1T,S10,velocity,Z,2.1606220629318273,0.06661115736885893,0.06661115736885893,0.0,0.9924906492233276,0.0,True,True,508
R6_LHS_04,physics,V40_CPLUS_E4_C7_1T,S10_HYBRID,displacement,X,2.244753067952455,1.1990008326394608,1.1990008326394608,0.0,0.9998676776885986,4.723588426713832e-05,True,True,496
R6_LHS_04,physics,V40_CPLUS_E4_C7_1T,S10,velocity,X,1.7726820418335165,0.09991673605328841,0.09991673605328841,0.0,0.8806620836257935,-0.01790323294699192,True,True,496
R6_LHS_04,physics,V40_CPLUS_E4_C7_1T,S10_HYBRID,displacement,Y,1.3060529405739358,0.06661115736885893,0.06661115736885893,0.0,0.9906795620918274,0.0,True,True,496
R6_LHS_04,physics,V40_CPLUS_E4_C7_1T,S10,velocity,Y,1.1550615469567214,0.09991673605328841,0.09991673605328841,0.0,0.9639075994491577,0.00012504711048677564,True,True,496
R6_LHS_04,physics,V40_CPLUS_E4_C7_1T,S10_HYBRID,displacement,Z,0.8239382180567065,0.06661115736885893,0.06661115736885893,0.0,0.9980176687240601,0.0,True,True,508
R6_LHS_04,physics,V40_CPLUS_E4_C7_1T,S10,velocity,Z,2.190909111797592,0.06661115736885893,0.06661115736885893,0.0,0.9943893551826477,0.0,True,True,508
R6_LHS_04,physics,V40_C_E4_C7_1T,S10_HYBRID,displacement,X,2.1459322530649567,1.1990008326394608,1.1990008326394608,0.0,0.9999150633811951,-3.602779906941578e-05,True,True,496
R6_LHS_04,physics,V40_C_E4_C7_1T,S10,velocity,X,1.8468420607054101,0.09991673605328841,0.09991673605328841,0.0,0.8858968615531921,0.028107136487960815,True,True,496
R6_LHS_04,physics,V40_C_E4_C7_1T,S10_HYBRID,displacement,Y,1.118496852391056,0.06661115736885893,0.06661115736885893,0.0,0.9756859540939331,0.0,True,True,496
R6_LHS_04,physics,V40_C_E4_C7_1T,S10,velocity,Y,1.1351920798417043,0.09991673605328841,0.09991673605328841,0.0,0.9698439836502075,0.029416870325803757,True,True,496
R6_LHS_04,physics,V40_C_E4_C7_1T,S10_HYBRID,displacement,Z,0.7710600344029396,0.06661115736885893,0.06661115736885893,0.0,0.9833584427833557,0.0,True,True,508
R6_LHS_04,physics,V40_C_E4_C7_1T,S10,velocity,Z,1.8257983576879993,0.06661115736885893,0.06661115736885893,0.0,0.9878475666046143,0.0,True,True,508
R6_LHS_04,physics,V52_A_E4_C7_1T,S10_HYBRID,displacement,X,1.740777819023614,1.1990008326394608,1.1990008326394608,0.0,0.9999781250953674,8.463720587315038e-05,True,True,496
R6_LHS_04,physics,V52_A_E4_C7_1T,S10,velocity,X,2.0359343335207143,1.998334721065768,0.13322231473771787,1.8651124063280502,0.7013412117958069,0.5476950407028198,True,True,496
R6_LHS_04,physics,V52_A_E4_C7_1T,S10_HYBRID,displacement,Y,1.0484722110324676,0.06661115736885893,0.06661115736885893,0.0,0.9796578884124756,0.0,True,True,496
R6_LHS_04,physics,V52_A_E4_C7_1T,S10,velocity,Y,1.2798390250852636,0.09991673605328841,0.09991673605328841,0.0,0.9789453148841858,0.023663906380534172,True,True,496
R6_LHS_04,physics,V52_A_E4_C7_1T,S10_HYBRID,displacement,Z,0.6755439350594138,0.06661115736885893,0.06661115736885893,0.0,0.9929289817810059,0.0,True,True,508
R6_LHS_04,physics,V52_A_E4_C7_1T,S10,velocity,Z,1.9012885747009785,0.09991673605328841,0.09991673605328841,0.0,0.9945615530014038,0.0003258498618379235,True,True,508
R6_LHS_04,physics,V52_B_E4_C7_1T,S10_HYBRID,displacement,X,2.0941895590100894,1.1990008326394608,1.1990008326394608,0.0,0.9999673962593079,0.0007535277400165796,True,True,496
R6_LHS_04,physics,V52_B_E4_C7_1T,S10,velocity,X,1.9553938860198228,1.9650291423813386,0.13322231473771787,1.8318068276436208,0.6364919543266296,0.456424742937088,True,True,496
R6_LHS_04,physics,V52_B_E4_C7_1T,S10_HYBRID,displacement,Y,1.0201959822393782,0.06661115736885893,0.06661115736885893,0.0,0.9730298519134521,0.0,True,True,496
R6_LHS_04,physics,V52_B_E4_C7_1T,S10,velocity,Y,1.2238186207980843,0.09991673605328841,0.09991673605328841,0.0,0.9750996828079224,-0.01910191774368286,True,True,496
R6_LHS_04,physics,V52_B_E4_C7_1T,S10_HYBRID,displacement,Z,0.7069905478819325,0.06661115736885893,0.06661115736885893,0.0,0.9867062568664551,0.0,True,True,508
R6_LHS_04,physics,V52_B_E4_C7_1T,S10,velocity,Z,1.8823111221383426,0.09991673605328841,0.09991673605328841,0.0,0.9954457879066467,-0.0194753035902977,True,True,508
R6_LHS_04,physics,V52_CPLUS_E4_C7_1T,S10_HYBRID,displacement,X,2.6958404348618,1.1990008326394608,1.1990008326394608,0.0,0.9999143481254578,-0.0003065357741434127,True,True,496
R6_LHS_04,physics,V52_CPLUS_E4_C7_1T,S10,velocity,X,1.3674827817670905,0.09991673605328841,0.13322231473771787,0.03330557868442946,0.9223282933235168,-0.008012626320123672,True,True,496
R6_LHS_04,physics,V52_CPLUS_E4_C7_1T,S10_HYBRID,displacement,Y,1.7941572946801945,0.06661115736885893,0.06661115736885893,0.0,0.987691342830658,0.0,True,True,496
R6_LHS_04,physics,V52_CPLUS_E4_C7_1T,S10,velocity,Y,1.0054892618248614,0.13322231473771787,0.09991673605328841,0.03330557868442946,0.9804486632347107,0.015416028909385204,True,True,496
R6_LHS_04,physics,V52_CPLUS_E4_C7_1T,S10_HYBRID,displacement,Z,1.0740486751932645,0.06661115736885893,0.06661115736885893,0.0,0.9953222870826721,0.0,True,True,508
R6_LHS_04,physics,V52_CPLUS_E4_C7_1T,S10,velocity,Z,1.5380159570017846,0.09991673605328841,0.09991673605328841,0.0,0.9955759644508362,0.006706257350742817,True,True,508
R6_LHS_04,physics,V52_C_E4_C7_1T,S10_HYBRID,displacement,X,2.4077814654813667,1.1990008326394608,1.1990008326394608,0.0,0.999961256980896,0.0005586626357398927,True,True,496
R6_LHS_04,physics,V52_C_E4_C7_1T,S10,velocity,X,1.529970858310832,1.998334721065768,0.13322231473771787,1.8651124063280502,0.5336540937423706,-0.4076331555843353,True,True,496
R6_LHS_04,physics,V52_C_E4_C7_1T,S10_HYBRID,displacement,Y,1.1972541228341966,0.06661115736885893,0.06661115736885893,0.0,0.9738954305648804,0.0,True,True,496
R6_LHS_04,physics,V52_C_E4_C7_1T,S10,velocity,Y,1.1919699043755971,0.09991673605328841,0.09991673605328841,0.0,0.977241575717926,-0.022762896493077278,True,True,496
R6_LHS_04,physics,V52_C_E4_C7_1T,S10_HYBRID,displacement,Z,0.8049878193765356,0.06661115736885893,0.06661115736885893,0.0,0.9872722625732422,0.0,True,True,508
R6_LHS_04,physics,V52_C_E4_C7_1T,S10,velocity,Z,1.828013444778524,0.09991673605328841,0.09991673605328841,0.0,0.996223509311676,-0.015483818016946316,True,True,508
R6_LHS_04,physics,V40_A_E5_C9_1T,S10_HYBRID,displacement,X,1.7945183449319424,1.1990008326394608,1.1990008326394608,0.0,0.9999552369117737,0.0006705551058985293,True,True,496
R6_LHS_04,physics,V40_A_E5_C9_1T,S10,velocity,X,2.32156049460638,1.931723563696909,0.09991673605328841,1.8318068276436206,0.6579196453094482,-0.4992806315422058,True,True,496
R6_LHS_04,physics,V40_A_E5_C9_1T,S10_HYBRID,displacement,Y,0.8127706393859703,0.06661115736885893,0.06661115736885893,0.0,0.9000632166862488,0.0,True,True,496
R6_LHS_04,physics,V40_A_E5_C9_1T,S10,velocity,Y,1.2158760298051663,0.06661115736885893,0.06661115736885893,0.0,0.9392287731170654,0.0,True,True,496
R6_LHS_04,physics,V40_A_E5_C9_1T,S10_HYBRID,displacement,Z,0.4767042026296552,0.06661115736885893,0.06661115736885893,0.0,0.8638795018196106,0.0,True,True,508
R6_LHS_04,physics,V40_A_E5_C9_1T,S10,velocity,Z,2.0866139190947486,0.06661115736885893,0.06661115736885893,0.0,0.9910528659820557,0.0,True,True,508
R6_LHS_04,physics,V40_B_E5_C9_1T,S10_HYBRID,displacement,X,1.8902551785498845,1.1990008326394608,1.1990008326394608,0.0,0.9999411702156067,0.000777987006586045,True,True,496
R6_LHS_04,physics,V40_B_E5_C9_1T,S10,velocity,X,2.1237290092150243,1.931723563696909,0.09991673605328841,1.8318068276436206,0.6413530111312866,-0.26923060417175293,True,True,496
R6_LHS_04,physics,V40_B_E5_C9_1T,S10_HYBRID,displacement,Y,0.8795819206761262,0.06661115736885893,0.06661115736885893,0.0,0.9361358284950256,0.0,True,True,496
R6_LHS_04,physics,V40_B_E5_C9_1T,S10,velocity,Y,1.1346887934115808,0.09991673605328841,0.09991673605328841,0.0,0.959728479385376,-0.00819175411015749,True,True,496
R6_LHS_04,physics,V40_B_E5_C9_1T,S10_HYBRID,displacement,Z,0.5361798240890163,0.06661115736885893,0.06661115736885893,0.0,0.8975838422775269,0.0,True,True,508
R6_LHS_04,physics,V40_B_E5_C9_1T,S10,velocity,Z,2.0698995300197516,0.06661115736885893,0.06661115736885893,0.0,0.9921676516532898,0.0,True,True,508
R6_LHS_04,physics,V40_CPLUS_E5_C9_1T,S10_HYBRID,displacement,X,2.7207391441173163,1.1990008326394608,1.1990008326394608,0.0,0.9998506307601929,3.270715183134598e-07,True,True,496
R6_LHS_04,physics,V40_CPLUS_E5_C9_1T,S10,velocity,X,1.4985882878427175,0.09991673605328841,0.09991673605328841,0.0,0.8906786441802979,0.010966685600578785,True,True,496
R6_LHS_04,physics,V40_CPLUS_E5_C9_1T,S10_HYBRID,displacement,Y,1.7685641430410284,0.06661115736885893,0.06661115736885893,0.0,0.9803861379623413,0.0,True,True,496
R6_LHS_04,physics,V40_CPLUS_E5_C9_1T,S10,velocity,Y,1.1303860698559387,0.09991673605328841,0.09991673605328841,0.0,0.9557468295097351,0.029187416657805443,True,True,496
R6_LHS_04,physics,V40_CPLUS_E5_C9_1T,S10_HYBRID,displacement,Z,1.0541678632082008,0.06661115736885893,0.06661115736885893,0.0,0.9872307777404785,0.0,True,True,508
R6_LHS_04,physics,V40_CPLUS_E5_C9_1T,S10,velocity,Z,2.024512252526232,0.06661115736885893,0.06661115736885893,0.0,0.9932648539543152,0.0,True,True,508
R6_LHS_04,physics,V40_C_E5_C9_1T,S10_HYBRID,displacement,X,2.4145934209320066,1.1990008326394608,1.1990008326394608,0.0,0.9999148845672607,0.00037133428850211203,True,True,496
R6_LHS_04,physics,V40_C_E5_C9_1T,S10,velocity,X,1.6945474813070178,0.09991673605328841,0.09991673605328841,0.0,0.8749693632125854,0.03315897658467293,True,True,496
R6_LHS_04,physics,V40_C_E5_C9_1T,S10_HYBRID,displacement,Y,1.194371129035397,0.06661115736885893,0.06661115736885893,0.0,0.983105480670929,0.0,True,True,496
R6_LHS_04,physics,V40_C_E5_C9_1T,S10,velocity,Y,1.0754800850732573,0.09991673605328841,0.09991673605328841,0.0,0.9685412049293518,0.02785484492778778,True,True,496
R6_LHS_04,physics,V40_C_E5_C9_1T,S10_HYBRID,displacement,Z,0.8154709941640099,0.06661115736885893,0.06661115736885893,0.0,0.9901772737503052,0.0,True,True,508
R6_LHS_04,physics,V40_C_E5_C9_1T,S10,velocity,Z,2.02831242105901,0.06661115736885893,0.06661115736885893,0.0,0.9865824580192566,0.0,True,True,508
R6_LHS_04,physics,V52_A_E5_C9_1T,S10_HYBRID,displacement,X,1.8841738391151264,1.1990008326394608,1.1990008326394608,0.0,0.999979555606842,0.00048198812874034047,True,True,496
R6_LHS_04,physics,V52_A_E5_C9_1T,S10,velocity,X,2.0887117021312154,0.09991673605328841,0.13322231473771787,0.03330557868442946,0.881077229976654,0.029860297217965126,True,True,496
R6_LHS_04,physics,V52_A_E5_C9_1T,S10_HYBRID,displacement,Y,1.0105418772170773,0.06661115736885893,0.06661115736885893,0.0,0.9775084257125854,0.0,True,True,496
R6_LHS_04,physics,V52_A_E5_C9_1T,S10,velocity,Y,1.0391201191490682,0.09991673605328841,0.09991673605328841,0.0,0.9783703088760376,0.013015965931117535,True,True,496
R6_LHS_04,physics,V52_A_E5_C9_1T,S10_HYBRID,displacement,Z,0.7086896760301309,0.06661115736885893,0.06661115736885893,0.0,0.9917746186256409,0.0,True,True,508
R6_LHS_04,physics,V52_A_E5_C9_1T,S10,velocity,Z,1.810506368113251,0.09991673605328841,0.09991673605328841,0.0,0.9944246411323547,0.0017804342787712812,True,True,508
R6_LHS_04,physics,V52_B_E5_C9_1T,S10_HYBRID,displacement,X,1.9508073594977344,1.1990008326394608,1.1990008326394608,0.0,0.9999707341194153,-0.00048131737275980413,True,True,496
R6_LHS_04,physics,V52_B_E5_C9_1T,S10,velocity,X,1.642199904321325,0.09991673605328841,0.09991673605328841,0.0,0.9218531847000122,-0.010728945955634117,True,True,496
R6_LHS_04,physics,V52_B_E5_C9_1T,S10_HYBRID,displacement,Y,0.9374895474812975,0.06661115736885893,0.06661115736885893,0.0,0.9890601634979248,0.0,True,True,496
R6_LHS_04,physics,V52_B_E5_C9_1T,S10,velocity,Y,1.0283614436077995,0.09991673605328841,0.09991673605328841,0.0,0.9750247001647949,0.0024942411109805107,True,True,496
R6_LHS_04,physics,V52_B_E5_C9_1T,S10_HYBRID,displacement,Z,0.6583524024944709,0.06661115736885893,0.06661115736885893,0.0,0.9959303140640259,0.0,True,True,508
R6_LHS_04,physics,V52_B_E5_C9_1T,S10,velocity,Z,1.531691665070212,0.09991673605328841,0.09991673605328841,0.0,0.9966567754745483,0.009158629924058914,True,True,508
R6_LHS_04,physics,V52_CPLUS_E5_C9_1T,S10_HYBRID,displacement,X,2.4942607371364036,1.1990008326394608,1.1990008326394608,0.0,0.9999398589134216,-0.00011896002251887694,True,True,496
R6_LHS_04,physics,V52_CPLUS_E5_C9_1T,S10,velocity,X,1.358319210742797,0.09991673605328841,0.13322231473771787,0.03330557868442946,0.896158754825592,-0.0413961187005043,True,True,496
R6_LHS_04,physics,V52_CPLUS_E5_C9_1T,S10_HYBRID,displacement,Y,1.4983832436903952,0.06661115736885893,0.06661115736885893,0.0,0.9782974720001221,0.0,True,True,496
R6_LHS_04,physics,V52_CPLUS_E5_C9_1T,S10,velocity,Y,1.0772753741923764,0.13322231473771787,0.09991673605328841,0.03330557868442946,0.9783304929733276,-0.0068591381423175335,True,True,496
R6_LHS_04,physics,V52_CPLUS_E5_C9_1T,S10_HYBRID,displacement,Z,0.9345656350907438,0.06661115736885893,0.06661115736885893,0.0,0.99106365442276,0.0,True,True,508
R6_LHS_04,physics,V52_CPLUS_E5_C9_1T,S10,velocity,Z,1.5573997992394875,0.09991673605328841,0.09991673605328841,0.0,0.9953816533088684,-0.012300502508878708,True,True,508
R6_LHS_04,physics,V52_C_E5_C9_1T,S10_HYBRID,displacement,X,2.527704969054799,1.1990008326394608,1.1990008326394608,0.0,0.9999510645866394,3.1585364922648296e-05,True,True,496
R6_LHS_04,physics,V52_C_E5_C9_1T,S10,velocity,X,1.58611324230368,0.09991673605328841,0.13322231473771787,0.03330557868442946,0.9264008402824402,0.005516932811588049,True,True,496
R6_LHS_04,physics,V52_C_E5_C9_1T,S10_HYBRID,displacement,Y,1.4825283553880493,0.06661115736885893,0.06661115736885893,0.0,0.9806948304176331,0.0,True,True,496
R6_LHS_04,physics,V52_C_E5_C9_1T,S10,velocity,Y,1.0115154591967956,0.09991673605328841,0.09991673605328841,0.0,0.973107099533081,0.005317764822393656,True,True,496
R6_LHS_04,physics,V52_C_E5_C9_1T,S10_HYBRID,displacement,Z,0.9204082218428723,0.06661115736885893,0.06661115736885893,0.0,0.985711932182312,0.0,True,True,508
R6_LHS_04,physics,V52_C_E5_C9_1T,S10,velocity,Z,1.630950655024664,0.09991673605328841,0.09991673605328841,0.0,0.9958863854408264,-0.006994412746280432,True,True,508
R6_LHS_04,physics,V40_A_E6_C10_1T,S10_HYBRID,displacement,X,2.6257765660303267,0.03330557868442947,0.03330557868442947,0.0,0.9825592041015625,0.0,True,True,496
R6_LHS_04,physics,V40_A_E6_C10_1T,S10,velocity,X,1.8018365057682482,0.09991673605328841,0.09991673605328841,0.0,0.8545830845832825,0.018398664891719818,True,True,496
R6_LHS_04,physics,V40_A_E6_C10_1T,S10_HYBRID,displacement,Y,0.8112191613423974,0.06661115736885893,0.06661115736885893,0.0,0.9872793555259705,0.0,True,True,496
R6_LHS_04,physics,V40_A_E6_C10_1T,S10,velocity,Y,1.6967975764062553,0.06661115736885893,0.06661115736885893,0.0,0.9383392333984375,0.0,True,True,496
R6_LHS_04,physics,V40_A_E6_C10_1T,S10_HYBRID,displacement,Z,0.5004583718322474,0.06661115736885893,0.06661115736885893,0.0,0.9953000545501709,0.0,True,True,508
R6_LHS_04,physics,V40_A_E6_C10_1T,S10,velocity,Z,2.515886190160102,0.06661115736885893,0.06661115736885893,0.0,0.9939021468162537,0.0,True,True,508
R6_LHS_04,physics,V40_B_E6_C10_1T,S10_HYBRID,displacement,X,2.6812895328956703,0.03330557868442947,0.03330557868442947,0.0,0.9889603853225708,0.0,True,True,496
R6_LHS_04,physics,V40_B_E6_C10_1T,S10,velocity,X,1.5072052120861748,0.09991673605328841,0.09991673605328841,0.0,0.8792092800140381,-0.0066856928169727325,True,True,496
R6_LHS_04,physics,V40_B_E6_C10_1T,S10_HYBRID,displacement,Y,0.8329644431839053,0.06661115736885893,0.06661115736885893,0.0,0.9924954771995544,0.0,True,True,496
R6_LHS_04,physics,V40_B_E6_C10_1T,S10,velocity,Y,1.456866878824202,0.09991673605328841,0.09991673605328841,0.0,0.9631730318069458,-0.009312250651419163,True,True,496
R6_LHS_04,physics,V40_B_E6_C10_1T,S10_HYBRID,displacement,Z,0.5218496087645922,0.06661115736885893,0.06661115736885893,0.0,0.9964969754219055,0.0,True,True,508
R6_LHS_04,physics,V40_B_E6_C10_1T,S10,velocity,Z,2.1141329030148746,0.06661115736885893,0.06661115736885893,0.0,0.9939866065979004,0.0,True,True,508
R6_LHS_04,physics,V40_CPLUS_E6_C10_1T,S10_HYBRID,displacement,X,3.8638114117875815,0.03330557868442947,0.03330557868442947,0.0,0.9675388336181641,0.0,True,True,496
R6_LHS_04,physics,V40_CPLUS_E6_C10_1T,S10,velocity,X,1.5116186960657525,0.09991673605328841,0.09991673605328841,0.0,0.8874254822731018,-0.015970876440405846,True,True,496
R6_LHS_04,physics,V40_CPLUS_E6_C10_1T,S10_HYBRID,displacement,Y,1.2888845225071681,0.06661115736885893,0.06661115736885893,0.0,0.973514199256897,0.0,True,True,496
R6_LHS_04,physics,V40_CPLUS_E6_C10_1T,S10,velocity,Y,1.7268690476906614,0.09991673605328841,0.09991673605328841,0.0,0.9695963859558105,-0.005475223064422607,True,True,496
R6_LHS_04,physics,V40_CPLUS_E6_C10_1T,S10_HYBRID,displacement,Z,0.8390758380934659,0.06661115736885893,0.06661115736885893,0.0,0.9750690460205078,0.0,True,True,508
R6_LHS_04,physics,V40_CPLUS_E6_C10_1T,S10,velocity,Z,2.402951901775894,0.06661115736885893,0.06661115736885893,0.0,0.9950968027114868,0.0,True,True,508
R6_LHS_04,physics,V40_C_E6_C10_1T,S10_HYBRID,displacement,X,3.5502272146542424,0.03330557868442947,0.03330557868442947,0.0,0.9725598692893982,0.0,True,True,496
R6_LHS_04,physics,V40_C_E6_C10_1T,S10,velocity,X,1.6426012253909892,0.09991673605328841,0.09991673605328841,0.0,0.8859681487083435,-0.01850409060716629,True,True,496
R6_LHS_04,physics,V40_C_E6_C10_1T,S10_HYBRID,displacement,Y,1.0776286029209867,0.06661115736885893,0.06661115736885893,0.0,0.9760826826095581,0.0,True,True,496
R6_LHS_04,physics,V40_C_E6_C10_1T,S10,velocity,Y,1.799820114239132,0.09991673605328841,0.09991673605328841,0.0,0.9717975854873657,-0.016115672886371613,True,True,496
R6_LHS_04,physics,V40_C_E6_C10_1T,S10_HYBRID,displacement,Z,0.6830330896663335,0.06661115736885893,0.06661115736885893,0.0,0.9756964445114136,0.0,True,True,508
R6_LHS_04,physics,V40_C_E6_C10_1T,S10,velocity,Z,2.455912707692604,0.06661115736885893,0.06661115736885893,0.0,0.9946078658103943,0.0,True,True,508
R6_LHS_04,physics,V52_A_E6_C10_1T,S10_HYBRID,displacement,X,2.91207906300747,0.03330557868442947,0.03330557868442947,0.0,0.9914023876190186,0.0,True,True,496
R6_LHS_04,physics,V52_A_E6_C10_1T,S10,velocity,X,1.7283764151834773,0.09991673605328841,0.09991673605328841,0.0,0.8809228539466858,-0.017118558287620544,True,True,496
R6_LHS_04,physics,V52_A_E6_C10_1T,S10_HYBRID,displacement,Y,0.7609150181170158,0.06661115736885893,0.06661115736885893,0.0,0.9869811534881592,0.0,True,True,496
R6_LHS_04,physics,V52_A_E6_C10_1T,S10,velocity,Y,1.5785242129707515,0.09991673605328841,0.09991673605328841,0.0,0.9791327118873596,-0.022789929062128067,True,True,496
R6_LHS_04,physics,V52_A_E6_C10_1T,S10_HYBRID,displacement,Z,0.49531669178119303,0.06661115736885893,0.06661115736885893,0.0,0.993739902973175,0.0,True,True,508
R6_LHS_04,physics,V52_A_E6_C10_1T,S10,velocity,Z,2.506244909284281,0.09991673605328841,0.09991673605328841,0.0,0.9960055351257324,-0.012706787325441837,True,True,508
R6_LHS_04,physics,V52_B_E6_C10_1T,S10_HYBRID,displacement,X,3.4035664170987374,0.03330557868442947,0.03330557868442947,0.0,0.9684850573539734,0.0,True,True,496
R6_LHS_04,physics,V52_B_E6_C10_1T,S10,velocity,X,1.4059523120737019,0.09991673605328841,0.13322231473771787,0.03330557868442946,0.9234152436256409,0.0040632677264511585,True,True,496
R6_LHS_04,physics,V52_B_E6_C10_1T,S10_HYBRID,displacement,Y,0.9377217805553648,0.06661115736885893,0.06661115736885893,0.0,0.9709218144416809,0.0,True,True,496
R6_LHS_04,physics,V52_B_E6_C10_1T,S10,velocity,Y,1.2400859223848486,0.09991673605328841,0.09991673605328841,0.0,0.981525182723999,-0.002057114150375128,True,True,496
R6_LHS_04,physics,V52_B_E6_C10_1T,S10_HYBRID,displacement,Z,0.713764276595482,0.06661115736885893,0.06661115736885893,0.0,0.9801226258277893,0.0,True,True,508
R6_LHS_04,physics,V52_B_E6_C10_1T,S10,velocity,Z,2.0740478552716874,0.09991673605328841,0.09991673605328841,0.0,0.9953837394714355,0.00642810482531786,True,True,508
R6_LHS_04,physics,V52_CPLUS_E6_C10_1T,S10_HYBRID,displacement,X,4.270308203003556,0.03330557868442947,0.03330557868442947,0.0,0.9907853007316589,0.0,True,True,496
R6_LHS_04,physics,V52_CPLUS_E6_C10_1T,S10,velocity,X,1.367547603591005,0.09991673605328841,0.13322231473771787,0.03330557868442946,0.9155399203300476,-0.01831934228539467,True,True,496
R6_LHS_04,physics,V52_CPLUS_E6_C10_1T,S10_HYBRID,displacement,Y,1.761630853050844,0.06661115736885893,0.06661115736885893,0.0,0.9853430986404419,0.0,True,True,496
R6_LHS_04,physics,V52_CPLUS_E6_C10_1T,S10,velocity,Y,1.2046257597917018,0.13322231473771787,0.09991673605328841,0.03330557868442946,0.9798306822776794,0.0055268509313464165,True,True,496
R6_LHS_04,physics,V52_CPLUS_E6_C10_1T,S10_HYBRID,displacement,Z,1.050620703032583,0.06661115736885893,0.06661115736885893,0.0,0.9953747391700745,0.0,True,True,508
R6_LHS_04,physics,V52_CPLUS_E6_C10_1T,S10,velocity,Z,2.011218359445814,0.09991673605328841,0.09991673605328841,0.0,0.9951271414756775,-0.00570871913805604,True,True,508
R6_LHS_04,physics,V52_C_E6_C10_1T,S10_HYBRID,displacement,X,3.6057490891015225,0.03330557868442947,0.03330557868442947,0.0,0.9895595908164978,0.0,True,True,496
R6_LHS_04,physics,V52_C_E6_C10_1T,S10,velocity,X,1.326719452024536,0.09991673605328841,0.09991673605328841,0.0,0.9345349669456482,-0.013097217306494713,True,True,496
R6_LHS_04,physics,V52_C_E6_C10_1T,S10_HYBRID,displacement,Y,1.0447146066450308,0.06661115736885893,0.06661115736885893,0.0,0.9921050667762756,0.0,True,True,496
R6_LHS_04,physics,V52_C_E6_C10_1T,S10,velocity,Y,1.3308948965814031,0.09991673605328841,0.09991673605328841,0.0,0.9727032780647278,-0.005271498579531908,True,True,496
R6_LHS_04,physics,V52_C_E6_C10_1T,S10_HYBRID,displacement,Z,0.6711183533737106,0.06661115736885893,0.06661115736885893,0.0,0.9992147088050842,0.0,True,True,508
R6_LHS_04,physics,V52_C_E6_C10_1T,S10,velocity,Z,2.057282358350195,0.09991673605328841,0.09991673605328841,0.0,0.9956527948379517,0.008988144807517529,True,True,508
R6_LHS_04,physics,V40_A_E7_C11_2T,S10_HYBRID,displacement,X,1.5894543572241409,1.1990008326394608,1.1990008326394608,0.0,0.9999527335166931,0.00013874865544494241,True,True,496
R6_LHS_04,physics,V40_A_E7_C11_2T,S10,velocity,X,1.5783665512064136,1.9650291423813386,0.13322231473771787,1.8318068276436208,0.6217511296272278,0.44009503722190857,True,True,496
R6_LHS_04,physics,V40_A_E7_C11_2T,S10_HYBRID,displacement,Y,3.627979745463732,0.06661115736885893,0.06661115736885893,0.0,0.9910092353820801,0.0,True,True,496
R6_LHS_04,physics,V40_A_E7_C11_2T,S10,velocity,Y,1.4678138848881395,0.09991673605328841,0.09991673605328841,0.0,0.969431459903717,0.012402665801346302,True,True,496
R6_LHS_04,physics,V40_A_E7_C11_2T,S10_HYBRID,displacement,Z,4.398380144399665,0.06661115736885893,0.06661115736885893,0.0,0.993710458278656,0.0,True,True,508
R6_LHS_04,physics,V40_A_E7_C11_2T,S10,velocity,Z,2.1598016847508776,0.09991673605328841,0.09991673605328841,0.0,0.9948976635932922,0.0043622590601444244,True,True,508
R6_LHS_04,physics,V40_B_E7_C11_2T,S10_HYBRID,displacement,X,2.174545631216633,1.1990008326394608,1.1990008326394608,0.0,0.999941885471344,6.947370275156572e-05,True,True,496
R6_LHS_04,physics,V40_B_E7_C11_2T,S10,velocity,X,1.8057468670953232,4.629475437135696,0.13322231473771787,4.496253122397978,0.7809166312217712,0.5212222933769226,True,True,496
R6_LHS_04,physics,V40_B_E7_C11_2T,S10_HYBRID,displacement,Y,4.525203662312664,0.06661115736885893,0.06661115736885893,0.0,0.988892674446106,0.0,True,True,496
R6_LHS_04,physics,V40_B_E7_C11_2T,S10,velocity,Y,1.4411411313104048,0.09991673605328841,0.09991673605328841,0.0,0.9748072624206543,0.017957907170057297,True,True,496
R6_LHS_04,physics,V40_B_E7_C11_2T,S10_HYBRID,displacement,Z,4.730259266768596,0.06661115736885893,0.06661115736885893,0.0,0.9985895156860352,0.0,True,True,508
R6_LHS_04,physics,V40_B_E7_C11_2T,S10,velocity,Z,2.2087772095229594,0.09991673605328841,0.09991673605328841,0.0,0.9929672479629517,0.02261541597545147,True,True,508
R6_LHS_04,physics,V40_CPLUS_E7_C11_2T,S10_HYBRID,displacement,X,2.9236776271742757,1.1990008326394608,1.1990008326394608,0.0,0.9998350739479065,-0.0004830278630834073,True,True,496
R6_LHS_04,physics,V40_CPLUS_E7_C11_2T,S10,velocity,X,1.1524702639798554,0.13322231473771787,0.13322231473771787,0.0,0.9304041266441345,0.03192215412855148,True,True,496
R6_LHS_04,physics,V40_CPLUS_E7_C11_2T,S10_HYBRID,displacement,Y,5.323374788523981,0.06661115736885893,0.06661115736885893,0.0,0.9938280582427979,0.0,True,True,496
R6_LHS_04,physics,V40_CPLUS_E7_C11_2T,S10,velocity,Y,1.4047893591748801,0.09991673605328841,0.09991673605328841,0.0,0.9791136980056763,0.020524758845567703,True,True,496
R6_LHS_04,physics,V40_CPLUS_E7_C11_2T,S10_HYBRID,displacement,Z,6.0229870541555846,0.06661115736885893,0.06661115736885893,0.0,0.9968453049659729,0.0,True,True,508
R6_LHS_04,physics,V40_CPLUS_E7_C11_2T,S10,velocity,Z,1.9270937132419568,0.09991673605328841,0.09991673605328841,0.0,0.9954469799995422,0.0036966600455343723,True,True,508
R6_LHS_04,physics,V40_C_E7_C11_2T,S10_HYBRID,displacement,X,2.4144742910732373,1.1990008326394608,1.1990008326394608,0.0,0.9998975396156311,-0.0001328487414866686,True,True,496
R6_LHS_04,physics,V40_C_E7_C11_2T,S10,velocity,X,1.3689996243944909,1.9650291423813386,0.13322231473771787,1.8318068276436208,0.5825864672660828,-0.3823566138744354,True,True,496
R6_LHS_04,physics,V40_C_E7_C11_2T,S10_HYBRID,displacement,Y,4.913894044869986,0.06661115736885893,0.06661115736885893,0.0,0.9934441447257996,0.0,True,True,496
R6_LHS_04,physics,V40_C_E7_C11_2T,S10,velocity,Y,1.3402796978999223,0.09991673605328841,0.09991673605328841,0.0,0.9848615527153015,0.020334908738732338,True,True,496
R6_LHS_04,physics,V40_C_E7_C11_2T,S10_HYBRID,displacement,Z,5.5497223657196075,0.06661115736885893,0.06661115736885893,0.0,0.9954524636268616,0.0,True,True,508
R6_LHS_04,physics,V40_C_E7_C11_2T,S10,velocity,Z,1.8412167405972775,0.09991673605328841,0.09991673605328841,0.0,0.9951903223991394,0.0015715688932687044,True,True,508
R6_LHS_04,physics,V52_A_E7_C11_2T,S10_HYBRID,displacement,X,1.9668742737434874,1.1990008326394608,1.1990008326394608,0.0,0.9999691247940063,-0.0001257226977031678,True,True,496
R6_LHS_04,physics,V52_A_E7_C11_2T,S10,velocity,X,1.711254850289742,0.16652789342214733,0.16652789342214733,0.0,0.9193196296691895,-0.05038311704993248,True,True,496
R6_LHS_04,physics,V52_A_E7_C11_2T,S10_HYBRID,displacement,Y,4.235469726424782,0.06661115736885893,0.06661115736885893,0.0,0.9881076216697693,0.0,True,True,496
R6_LHS_04,physics,V52_A_E7_C11_2T,S10,velocity,Y,1.3478877836337628,0.13322231473771787,0.13322231473771787,0.0,0.9817259907722473,0.00042313142330385745,True,True,496
R6_LHS_04,physics,V52_A_E7_C11_2T,S10_HYBRID,displacement,Z,4.804638890882216,0.09991673605328841,0.09991673605328841,0.0,0.9989345073699951,0.004135871306061745,True,True,508
R6_LHS_04,physics,V52_A_E7_C11_2T,S10,velocity,Z,1.793609031912197,0.13322231473771787,0.13322231473771787,0.0,0.9962118864059448,0.000778592424467206,True,True,508
R6_LHS_04,physics,V52_B_E7_C11_2T,S10_HYBRID,displacement,X,2.318464659146526,1.1990008326394608,1.1990008326394608,0.0,0.9999679923057556,-0.00031060396577231586,True,True,496
R6_LHS_04,physics,V52_B_E7_C11_2T,S10,velocity,X,1.2091887149804068,0.16652789342214733,0.16652789342214733,0.0,0.915976881980896,-0.014108223840594292,True,True,496
R6_LHS_04,physics,V52_B_E7_C11_2T,S10_HYBRID,displacement,Y,4.677807828773628,0.06661115736885893,0.06661115736885893,0.0,0.9943807721138,0.0,True,True,496
R6_LHS_04,physics,V52_B_E7_C11_2T,S10,velocity,Y,1.109664707001153,0.13322231473771787,0.13322231473771787,0.0,0.9840967655181885,-0.00751559529453516,True,True,496
R6_LHS_04,physics,V52_B_E7_C11_2T,S10_HYBRID,displacement,Z,5.414431954751436,0.09991673605328841,0.09991673605328841,0.0,0.9949330687522888,-0.02166994847357273,True,True,508
R6_LHS_04,physics,V52_B_E7_C11_2T,S10,velocity,Z,1.5971927832590571,0.13322231473771787,0.13322231473771787,0.0,0.9971487522125244,-0.011879418976604939,True,True,508
R6_LHS_04,physics,V52_CPLUS_E7_C11_2T,S10_HYBRID,displacement,X,2.76759414324974,1.1990008326394608,1.1990008326394608,0.0,0.9999268054962158,-0.00011507324234116822,True,True,496
R6_LHS_04,physics,V52_CPLUS_E7_C11_2T,S10,velocity,X,1.0180240612462663,0.16652789342214733,0.16652789342214733,0.0,0.9257087707519531,0.01688862405717373,True,True,496
R6_LHS_04,physics,V52_CPLUS_E7_C11_2T,S10_HYBRID,displacement,Y,5.2589828036793556,0.06661115736885893,0.06661115736885893,0.0,0.9965780377388,0.0,True,True,496
R6_LHS_04,physics,V52_CPLUS_E7_C11_2T,S10,velocity,Y,1.1936746669657898,0.13322231473771787,0.13322231473771787,0.0,0.9869571924209595,-0.005480419844388962,True,True,496
R6_LHS_04,physics,V52_CPLUS_E7_C11_2T,S10_HYBRID,displacement,Z,6.18091621356271,0.09991673605328841,0.09991673605328841,0.0,0.9976192116737366,-0.018548928201198578,True,True,508
R6_LHS_04,physics,V52_CPLUS_E7_C11_2T,S10,velocity,Z,1.5368369409368012,0.13322231473771787,0.13322231473771787,0.0,0.9974682331085205,-0.011686027981340885,True,True,508
R6_LHS_04,physics,V52_C_E7_C11_2T,S10_HYBRID,displacement,X,2.508769561317935,1.1990008326394608,1.1990008326394608,0.0,0.9999501705169678,2.1674141237326694e-07,True,True,496
R6_LHS_04,physics,V52_C_E7_C11_2T,S10,velocity,X,1.1725994970767786,0.16652789342214733,0.16652789342214733,0.0,0.9255573153495789,-0.0015899582067504525,True,True,496
R6_LHS_04,physics,V52_C_E7_C11_2T,S10_HYBRID,displacement,Y,4.523983037651951,0.06661115736885893,0.06661115736885893,0.0,0.9968051314353943,0.0,True,True,496
R6_LHS_04,physics,V52_C_E7_C11_2T,S10,velocity,Y,1.0792457179794694,0.13322231473771787,0.13322231473771787,0.0,0.9861813187599182,-0.00347429933026433,True,True,496
R6_LHS_04,physics,V52_C_E7_C11_2T,S10_HYBRID,displacement,Z,5.560037426345203,0.09991673605328841,0.09991673605328841,0.0,0.9992580413818359,0.0018861476564779878,True,True,508
R6_LHS_04,physics,V52_C_E7_C11_2T,S10,velocity,Z,1.5689708961272208,0.13322231473771787,0.13322231473771787,0.0,0.9977800846099854,0.0031382846646010876,True,True,508
R6_LHS_04,physics,V40_A_E8_C12_2T,S10_HYBRID,displacement,X,2.9724599924905566,0.06661115736885893,0.06661115736885893,0.0,0.9669345617294312,0.0,True,True,496
R6_LHS_04,physics,V40_A_E8_C12_2T,S10,velocity,X,1.161670337156105,0.13322231473771787,0.13322231473771787,0.0,0.8239400386810303,-0.02348318323493004,True,True,496
R6_LHS_04,physics,V40_A_E8_C12_2T,S10_HYBRID,displacement,Y,3.333735154623442,0.06661115736885893,0.06661115736885893,0.0,0.9815820455551147,0.0,True,True,496
R6_LHS_04,physics,V40_A_E8_C12_2T,S10,velocity,Y,1.6531618831902797,0.09991673605328841,0.09991673605328841,0.0,0.9669716358184814,0.012602277100086212,True,True,496
R6_LHS_04,physics,V40_A_E8_C12_2T,S10_HYBRID,displacement,Z,3.428149523312246,0.06661115736885893,0.06661115736885893,0.0,0.9940381646156311,0.0,True,True,508
R6_LHS_04,physics,V40_A_E8_C12_2T,S10,velocity,Z,2.296563966454034,0.09991673605328841,0.09991673605328841,0.0,0.992534339427948,0.017965933308005333,True,True,508
R6_LHS_04,physics,V40_B_E8_C12_2T,S10_HYBRID,displacement,X,2.9186220366176143,0.06661115736885893,0.06661115736885893,0.0,0.9686512351036072,0.0,True,True,496
R6_LHS_04,physics,V40_B_E8_C12_2T,S10,velocity,X,1.1064919337467893,0.13322231473771787,0.13322231473771787,0.0,0.9185326099395752,-0.037999264895915985,True,True,496
R6_LHS_04,physics,V40_B_E8_C12_2T,S10_HYBRID,displacement,Y,3.6012193233233574,0.06661115736885893,0.06661115736885893,0.0,0.9895392656326294,0.0,True,True,496
R6_LHS_04,physics,V40_B_E8_C12_2T,S10,velocity,Y,1.489486998990501,0.09991673605328841,0.09991673605328841,0.0,0.9868512749671936,3.180255589541048e-05,True,True,496
R6_LHS_04,physics,V40_B_E8_C12_2T,S10_HYBRID,displacement,Z,4.022636708976419,0.06661115736885893,0.06661115736885893,0.0,0.9941055178642273,0.0,True,True,508
R6_LHS_04,physics,V40_B_E8_C12_2T,S10,velocity,Z,2.0365355079463434,0.09991673605328841,0.09991673605328841,0.0,0.9960537552833557,-0.008899307809770107,True,True,508
R6_LHS_04,physics,V40_CPLUS_E8_C12_2T,S10_HYBRID,displacement,X,4.141471094617259,0.06661115736885893,0.06661115736885893,0.0,0.9915706515312195,0.0,True,True,496
R6_LHS_04,physics,V40_CPLUS_E8_C12_2T,S10,velocity,X,1.065186750945419,0.13322231473771787,0.13322231473771787,0.0,0.8856786489486694,0.03314130753278732,True,True,496
R6_LHS_04,physics,V40_CPLUS_E8_C12_2T,S10_HYBRID,displacement,Y,4.673362687288766,0.06661115736885893,0.06661115736885893,0.0,0.9942027926445007,0.0,True,True,496
R6_LHS_04,physics,V40_CPLUS_E8_C12_2T,S10,velocity,Y,1.2753893782642038,0.09991673605328841,0.09991673605328841,0.0,0.9853039383888245,0.004202583339065313,True,True,496
R6_LHS_04,physics,V40_CPLUS_E8_C12_2T,S10_HYBRID,displacement,Z,5.372392084860647,0.06661115736885893,0.06661115736885893,0.0,0.9991456270217896,0.0,True,True,508
R6_LHS_04,physics,V40_CPLUS_E8_C12_2T,S10,velocity,Z,1.9532651781829222,0.09991673605328841,0.09991673605328841,0.0,0.9952899813652039,0.0022068084217607975,True,True,508
R6_LHS_04,physics,V40_C_E8_C12_2T,S10_HYBRID,displacement,X,3.377107355281338,0.06661115736885893,0.06661115736885893,0.0,0.9921013712882996,0.0,True,True,496
R6_LHS_04,physics,V40_C_E8_C12_2T,S10,velocity,X,1.2015687576688334,0.13322231473771787,0.13322231473771787,0.0,0.8933165669441223,-0.002660574158653617,True,True,496
R6_LHS_04,physics,V40_C_E8_C12_2T,S10_HYBRID,displacement,Y,3.928821202174676,0.06661115736885893,0.06661115736885893,0.0,0.9956706762313843,0.0,True,True,496
R6_LHS_04,physics,V40_C_E8_C12_2T,S10,velocity,Y,1.4291286573553525,0.09991673605328841,0.09991673605328841,0.0,0.9792163372039795,0.0026849464047700167,True,True,496
R6_LHS_04,physics,V40_C_E8_C12_2T,S10_HYBRID,displacement,Z,4.671916665861509,0.06661115736885893,0.06661115736885893,0.0,0.9979695677757263,0.0,True,True,508
R6_LHS_04,physics,V40_C_E8_C12_2T,S10,velocity,Z,1.9830273791952537,0.09991673605328841,0.09991673605328841,0.0,0.9964547753334045,-0.0015410622581839561,True,True,508
R6_LHS_04,physics,V52_A_E8_C12_2T,S10_HYBRID,displacement,X,2.997943681182833,0.09991673605328841,0.06661115736885893,0.033305578684429474,0.9612943530082703,-0.011893472634255886,True,True,496
R6_LHS_04,physics,V52_A_E8_C12_2T,S10,velocity,X,1.0520302650011253,0.16652789342214733,0.16652789342214733,0.0,0.9270700216293335,-0.03159860149025917,True,True,496
R6_LHS_04,physics,V52_A_E8_C12_2T,S10_HYBRID,displacement,Y,3.646287650271049,0.06661115736885893,0.06661115736885893,0.0,0.9857611656188965,0.0,True,True,496
R6_LHS_04,physics,V52_A_E8_C12_2T,S10,velocity,Y,1.2778414342832305,0.13322231473771787,0.13322231473771787,0.0,0.9858107566833496,0.0055245645344257355,True,True,496
R6_LHS_04,physics,V52_A_E8_C12_2T,S10_HYBRID,displacement,Z,4.360989186067659,0.09991673605328841,0.09991673605328841,0.0,0.9963818192481995,-0.006554615683853626,True,True,508
R6_LHS_04,physics,V52_A_E8_C12_2T,S10,velocity,Z,1.6944952077800475,0.13322231473771787,0.13322231473771787,0.0,0.997081995010376,0.0003726181457750499,True,True,508
R6_LHS_04,physics,V52_B_E8_C12_2T,S10_HYBRID,displacement,X,3.4765490996264456,0.09991673605328841,0.09991673605328841,0.0,0.9969667196273804,0.011916364543139935,True,True,496
R6_LHS_04,physics,V52_B_E8_C12_2T,S10,velocity,X,1.0709357997414468,0.16652789342214733,0.16652789342214733,0.0,0.9608108997344971,-0.0031037521548569202,True,True,496
R6_LHS_04,physics,V52_B_E8_C12_2T,S10_HYBRID,displacement,Y,4.129956444404646,0.06661115736885893,0.06661115736885893,0.0,0.9987044930458069,0.0,True,True,496
R6_LHS_04,physics,V52_B_E8_C12_2T,S10,velocity,Y,1.3155037655927322,0.13322231473771787,0.13322231473771787,0.0,0.9838081002235413,0.007314364425837994,True,True,496
R6_LHS_04,physics,V52_B_E8_C12_2T,S10_HYBRID,displacement,Z,4.987916451536821,0.09991673605328841,0.09991673605328841,0.0,0.9992719292640686,0.004017263185232878,True,True,508
R6_LHS_04,physics,V52_B_E8_C12_2T,S10,velocity,Z,1.7164619261606742,0.13322231473771787,0.13322231473771787,0.0,0.9972216486930847,0.00483529269695282,True,True,508
R6_LHS_04,physics,V52_CPLUS_E8_C12_2T,S10_HYBRID,displacement,X,4.272305981632173,0.09991673605328841,0.09991673605328841,0.0,0.9876677989959717,-0.014596464112401009,True,True,496
R6_LHS_04,physics,V52_CPLUS_E8_C12_2T,S10,velocity,X,0.9400586887909333,0.16652789342214733,0.16652789342214733,0.0,0.8724846839904785,0.012291266582906246,True,True,496
R6_LHS_04,physics,V52_CPLUS_E8_C12_2T,S10_HYBRID,displacement,Y,4.875283289376459,0.06661115736885893,0.06661115736885893,0.0,0.9918094873428345,0.0,True,True,496
R6_LHS_04,physics,V52_CPLUS_E8_C12_2T,S10,velocity,Y,1.1031554180479197,0.13322231473771787,0.13322231473771787,0.0,0.9758850932121277,0.002023660345003009,True,True,496
R6_LHS_04,physics,V52_CPLUS_E8_C12_2T,S10_HYBRID,displacement,Z,5.616554325957197,0.09991673605328841,0.09991673605328841,0.0,0.9981601238250732,-0.008162305690348148,True,True,508
R6_LHS_04,physics,V52_CPLUS_E8_C12_2T,S10,velocity,Z,1.5072563983727305,0.13322231473771787,0.13322231473771787,0.0,0.995257556438446,0.006329705938696861,True,True,508
R6_LHS_04,physics,V52_C_E8_C12_2T,S10_HYBRID,displacement,X,3.9133463224227985,0.09991673605328841,0.09991673605328841,0.0,0.9967555999755859,0.00047593138879165053,True,True,496
R6_LHS_04,physics,V52_C_E8_C12_2T,S10,velocity,X,1.0626428242848447,0.16652789342214733,0.16652789342214733,0.0,0.9258958101272583,0.015627838671207428,True,True,496
R6_LHS_04,physics,V52_C_E8_C12_2T,S10_HYBRID,displacement,Y,4.541552997095615,0.06661115736885893,0.06661115736885893,0.0,0.9988002777099609,0.0,True,True,496
R6_LHS_04,physics,V52_C_E8_C12_2T,S10,velocity,Y,1.063803879789936,0.13322231473771787,0.13322231473771787,0.0,0.9896081686019897,-0.004483994096517563,True,True,496
R6_LHS_04,physics,V52_C_E8_C12_2T,S10_HYBRID,displacement,Z,5.397132834805856,0.09991673605328841,0.09991673605328841,0.0,0.9991186857223511,0.002535472856834531,True,True,508
R6_LHS_04,physics,V52_C_E8_C12_2T,S10,velocity,Z,1.4298291863956083,0.13322231473771787,0.13322231473771787,0.0,0.998115062713623,-0.010723323561251163,True,True,508
R6_LHS_04,control,BASE_C1_0T,S10_HYBRID,displacement,X,4.275180149198559,1.931723563696909,0.09991673605328841,1.8318068276436206,0.3620225191116333,0.1204480230808258,True,True,496
R6_LHS_04,control,BASE_C1_0T,S10,velocity,X,0.0,0.0,0.0,0.0,,,False,False,0
R6_LHS_04,control,BASE_C1_0T,S10_HYBRID,displacement,Y,2.865628247617928,1.931723563696909,0.09991673605328841,1.8318068276436206,0.9378492832183838,0.06918514519929886,True,True,496
R6_LHS_04,control,BASE_C1_0T,S10,velocity,Y,0.0,0.0,0.0,0.0,,,False,False,0
R6_LHS_04,control,BASE_C1_0T,S10_HYBRID,displacement,Z,2.3305174213662263,1.931723563696909,0.09991673605328841,1.8318068276436206,0.9678179025650024,0.06715318560600281,True,True,508
R6_LHS_04,control,BASE_C1_0T,S10,velocity,Z,0.0,0.0,0.0,0.0,,,False,False,0
R6_LHS_04,control,BASE_C2_0T,S10_HYBRID,displacement,X,3.2312479679069916,1.1990008326394608,1.1990008326394608,0.0,0.999999463558197,-9.863882587524131e-05,True,True,496
R6_LHS_04,control,BASE_C2_0T,S10,velocity,X,0.0,0.0,0.0,0.0,,,False,False,0
R6_LHS_04,control,BASE_C2_0T,S10_HYBRID,displacement,Y,2.3673889405902644,1.1990008326394608,0.09991673605328841,1.0990840965861723,0.9648148417472839,1.8059774447465315e-05,True,True,496
R6_LHS_04,control,BASE_C2_0T,S10,velocity,Y,0.0,0.0,0.0,0.0,,,False,False,0
R6_LHS_04,control,BASE_C2_0T,S10_HYBRID,displacement,Z,2.4500486378404105,1.1990008326394608,0.09991673605328841,1.0990840965861723,0.9857722520828247,-1.3606079846795183e-05,True,True,508
R6_LHS_04,control,BASE_C2_0T,S10,velocity,Z,0.0,0.0,0.0,0.0,,,False,False,0
R6_LHS_04,control,BASE_C3_0T,S10_HYBRID,displacement,X,3.7864962099920496,1.931723563696909,0.09991673605328841,1.8318068276436206,0.3744875490665436,-0.03355186805129051,True,True,496
R6_LHS_04,control,BASE_C3_0T,S10,velocity,X,0.0,0.0,0.0,0.0,,,False,False,0
R6_LHS_04,control,BASE_C3_0T,S10_HYBRID,displacement,Y,2.020918931807665,1.931723563696909,0.09991673605328841,1.8318068276436206,0.9438705444335938,0.10487684607505798,True,True,496
R6_LHS_04,control,BASE_C3_0T,S10,velocity,Y,0.0,0.0,0.0,0.0,,,False,False,0
R6_LHS_04,control,BASE_C3_0T,S10_HYBRID,displacement,Z,1.9355142077005203,1.931723563696909,1.931723563696909,0.0,0.974271297454834,0.1085531935095787,True,True,508
R6_LHS_04,control,BASE_C3_0T,S10,velocity,Z,0.0,0.0,0.0,0.0,,,False,False,0
R6_LHS_04,control,BASE_C8_0T,S10_HYBRID,displacement,X,3.653527747598065,1.1990008326394608,1.1990008326394608,0.0,0.9999995827674866,0.0002370636648265645,True,True,496
R6_LHS_04,control,BASE_C8_0T,S10,velocity,X,0.0,0.0,0.0,0.0,,,False,False,0
R6_LHS_04,control,BASE_C8_0T,S10_HYBRID,displacement,Y,1.9567008100254526,1.1990008326394608,1.1990008326394608,0.0,0.974590539932251,0.00033866867306642234,True,True,496
R6_LHS_04,control,BASE_C8_0T,S10,velocity,Y,0.0,0.0,0.0,0.0,,,False,False,0
R6_LHS_04,control,BASE_C8_0T,S10_HYBRID,displacement,Z,1.9938167343508435,1.1990008326394608,1.1990008326394608,0.0,0.9904072880744934,0.0002583192544989288,True,True,508
R6_LHS_04,control,BASE_C8_0T,S10,velocity,Z,0.0,0.0,0.0,0.0,,,False,False,0
R6_LHS_04,control,V40_A_E1_C4_2T,S10_HYBRID,displacement,X,2.6614536528084325,0.06661115736885893,0.06661115736885893,0.0,0.9910356998443604,0.0,True,True,496
R6_LHS_04,control,V40_A_E1_C4_2T,S10,velocity,X,1.3954748801197496,0.13322231473771787,0.13322231473771787,0.0,0.9038268327713013,0.005821858998388052,True,True,496
R6_LHS_04,control,V40_A_E1_C4_2T,S10_HYBRID,displacement,Y,3.6204797233103294,0.06661115736885893,0.06661115736885893,0.0,0.9854172468185425,0.0,True,True,496
R6_LHS_04,control,V40_A_E1_C4_2T,S10,velocity,Y,1.7920905759072234,0.09991673605328841,0.09991673605328841,0.0,0.9762345552444458,0.00947368424385786,True,True,496
R6_LHS_04,control,V40_A_E1_C4_2T,S10_HYBRID,displacement,Z,4.865855840683238,0.06661115736885893,0.06661115736885893,0.0,0.9932123422622681,0.0,True,True,508
R6_LHS_04,control,V40_A_E1_C4_2T,S10,velocity,Z,2.6928937270597664,0.09991673605328841,0.09991673605328841,0.0,0.9940459728240967,-0.0017092102207243443,True,True,508
R6_LHS_04,control,V40_B_E1_C4_2T,S10_HYBRID,displacement,X,3.075430200896413,0.06661115736885893,0.09991673605328841,0.033305578684429474,0.9730402231216431,0.0,True,True,496
R6_LHS_04,control,V40_B_E1_C4_2T,S10,velocity,X,1.1842444075875984,0.13322231473771787,0.13322231473771787,0.0,0.8943660259246826,-0.015863992273807526,True,True,496
R6_LHS_04,control,V40_B_E1_C4_2T,S10_HYBRID,displacement,Y,4.056379760113878,0.06661115736885893,0.06661115736885893,0.0,0.9916847944259644,0.0,True,True,496
R6_LHS_04,control,V40_B_E1_C4_2T,S10,velocity,Y,1.5369023763883967,0.09991673605328841,0.09991673605328841,0.0,0.976978063583374,0.0005436135688796639,True,True,496
R6_LHS_04,control,V40_B_E1_C4_2T,S10_HYBRID,displacement,Z,5.1158040631714465,0.06661115736885893,0.06661115736885893,0.0,0.9902981519699097,0.0,True,True,508
R6_LHS_04,control,V40_B_E1_C4_2T,S10,velocity,Z,1.944488145994511,0.09991673605328841,0.09991673605328841,0.0,0.9956530332565308,-0.002427813597023487,True,True,508
R6_LHS_04,control,V40_CPLUS_E1_C4_2T,S10_HYBRID,displacement,X,4.069112669983678,0.06661115736885893,0.06661115736885893,0.0,0.9862374067306519,0.0,True,True,496
R6_LHS_04,control,V40_CPLUS_E1_C4_2T,S10,velocity,X,1.063647054264072,0.13322231473771787,0.13322231473771787,0.0,0.8612990975379944,0.022400813177227974,True,True,496
R6_LHS_04,control,V40_CPLUS_E1_C4_2T,S10_HYBRID,displacement,Y,5.117333817317413,0.06661115736885893,0.06661115736885893,0.0,0.993882417678833,0.0,True,True,496
R6_LHS_04,control,V40_CPLUS_E1_C4_2T,S10,velocity,Y,1.3396376475811937,0.09991673605328841,0.09991673605328841,0.0,0.9728628993034363,0.003192902309820056,True,True,496
R6_LHS_04,control,V40_CPLUS_E1_C4_2T,S10_HYBRID,displacement,Z,6.224217347338221,0.06661115736885893,0.06661115736885893,0.0,0.9981457591056824,0.0,True,True,508
R6_LHS_04,control,V40_CPLUS_E1_C4_2T,S10,velocity,Z,1.8427550831522908,0.09991673605328841,0.09991673605328841,0.0,0.9949274063110352,0.0021074831020087004,True,True,508
R6_LHS_04,control,V40_C_E1_C4_2T,S10_HYBRID,displacement,X,3.4468376043602826,0.06661115736885893,0.06661115736885893,0.0,0.9800987243652344,0.0,True,True,496
R6_LHS_04,control,V40_C_E1_C4_2T,S10,velocity,X,1.008489152598796,0.13322231473771787,0.13322231473771787,0.0,0.8969370722770691,-0.009804322384297848,True,True,496
R6_LHS_04,control,V40_C_E1_C4_2T,S10_HYBRID,displacement,Y,4.475841039806469,0.06661115736885893,0.06661115736885893,0.0,0.9941340088844299,0.0,True,True,496
R6_LHS_04,control,V40_C_E1_C4_2T,S10,velocity,Y,1.5071092931182968,0.09991673605328841,0.09991673605328841,0.0,0.9783985018730164,0.002380323363468051,True,True,496
R6_LHS_04,control,V40_C_E1_C4_2T,S10_HYBRID,displacement,Z,5.649376515663475,0.06661115736885893,0.06661115736885893,0.0,0.9939361214637756,0.0,True,True,508
R6_LHS_04,control,V40_C_E1_C4_2T,S10,velocity,Z,1.9419548677637433,0.09991673605328841,0.09991673605328841,0.0,0.9964047074317932,0.0020288070663809776,True,True,508
R6_LHS_04,control,V52_A_E1_C4_2T,S10_HYBRID,displacement,X,2.9608650442563054,0.09991673605328841,0.09991673605328841,0.0,0.99295574426651,-0.0030959455762058496,True,True,496
R6_LHS_04,control,V52_A_E1_C4_2T,S10,velocity,X,0.9969021604643071,0.16652789342214733,0.16652789342214733,0.0,0.8822517991065979,-0.019160637632012367,True,True,496
R6_LHS_04,control,V52_A_E1_C4_2T,S10_HYBRID,displacement,Y,3.933998776186237,0.06661115736885893,0.06661115736885893,0.0,0.9973397850990295,0.0,True,True,496
R6_LHS_04,control,V52_A_E1_C4_2T,S10,velocity,Y,1.265850341521985,0.13322231473771787,0.13322231473771787,0.0,0.9770605564117432,-0.010395540855824947,True,True,496
R6_LHS_04,control,V52_A_E1_C4_2T,S10_HYBRID,displacement,Z,5.246237471655681,0.09991673605328841,0.09991673605328841,0.0,0.997749388217926,0.0009623675723560154,True,True,508
R6_LHS_04,control,V52_A_E1_C4_2T,S10,velocity,Z,1.7524458486448016,0.13322231473771787,0.13322231473771787,0.0,0.9961480498313904,-0.002117837080731988,True,True,508
R6_LHS_04,control,V52_B_E1_C4_2T,S10_HYBRID,displacement,X,3.3946697558071333,0.09991673605328841,0.09991673605328841,0.0,0.9835352897644043,-0.0348421111702919,True,True,496
R6_LHS_04,control,V52_B_E1_C4_2T,S10,velocity,X,1.0115607886739055,0.16652789342214733,0.16652789342214733,0.0,0.8174434900283813,-0.023174095898866653,True,True,496
R6_LHS_04,control,V52_B_E1_C4_2T,S10_HYBRID,displacement,Y,4.5357150765406375,0.06661115736885893,0.06661115736885893,0.0,0.9860072135925293,0.0,True,True,496
R6_LHS_04,control,V52_B_E1_C4_2T,S10,velocity,Y,1.226325224604657,0.13322231473771787,0.13322231473771787,0.0,0.9861899614334106,-0.03319643810391426,True,True,496
R6_LHS_04,control,V52_B_E1_C4_2T,S10_HYBRID,displacement,Z,5.793033817281428,0.09991673605328841,0.09991673605328841,0.0,0.9983832836151123,-0.017109572887420654,True,True,508
R6_LHS_04,control,V52_B_E1_C4_2T,S10,velocity,Z,1.6535386102258753,0.13322231473771787,0.13322231473771787,0.0,0.9949097037315369,-0.035754669457674026,True,True,508
R6_LHS_04,control,V52_CPLUS_E1_C4_2T,S10_HYBRID,displacement,X,4.096460622161092,0.09991673605328841,0.09991673605328841,0.0,0.9959638714790344,-0.0023900491651147604,True,True,496
R6_LHS_04,control,V52_CPLUS_E1_C4_2T,S10,velocity,X,1.031017687435875,0.16652789342214733,0.16652789342214733,0.0,0.8904168009757996,-0.01274287048727274,True,True,496
R6_LHS_04,control,V52_CPLUS_E1_C4_2T,S10_HYBRID,displacement,Y,4.9333011802123385,0.06661115736885893,0.06661115736885893,0.0,0.997199535369873,0.0,True,True,496
R6_LHS_04,control,V52_CPLUS_E1_C4_2T,S10,velocity,Y,1.1428322642945035,0.13322231473771787,0.13322231473771787,0.0,0.9869754314422607,-0.015680823475122452,True,True,496
R6_LHS_04,control,V52_CPLUS_E1_C4_2T,S10_HYBRID,displacement,Z,6.1869666780578125,0.09991673605328841,0.09991673605328841,0.0,0.9991446137428284,-0.004114093258976936,True,True,508
R6_LHS_04,control,V52_CPLUS_E1_C4_2T,S10,velocity,Z,1.7834114805485424,0.13322231473771787,0.13322231473771787,0.0,0.9967272877693176,0.0008865240961313248,True,True,508
R6_LHS_04,control,V52_C_E1_C4_2T,S10_HYBRID,displacement,X,3.796066306240136,0.09991673605328841,0.09991673605328841,0.0,0.9958106279373169,-0.012554538436233997,True,True,496
R6_LHS_04,control,V52_C_E1_C4_2T,S10,velocity,X,0.9631432311420897,0.16652789342214733,0.16652789342214733,0.0,0.954770028591156,-0.008210649713873863,True,True,496
R6_LHS_04,control,V52_C_E1_C4_2T,S10_HYBRID,displacement,Y,4.839863331326323,0.06661115736885893,0.06661115736885893,0.0,0.998197078704834,0.0,True,True,496
R6_LHS_04,control,V52_C_E1_C4_2T,S10,velocity,Y,1.0531676075982122,0.13322231473771787,0.13322231473771787,0.0,0.9833232760429382,0.0026685360353440046,True,True,496
R6_LHS_04,control,V52_C_E1_C4_2T,S10_HYBRID,displacement,Z,6.3410007526300065,0.09991673605328841,0.09991673605328841,0.0,0.9988188743591309,-0.007252042181789875,True,True,508
R6_LHS_04,control,V52_C_E1_C4_2T,S10,velocity,Z,1.5636224856463379,0.13322231473771787,0.13322231473771787,0.0,0.9965093731880188,0.0027363523840904236,True,True,508
R6_LHS_04,control,V40_A_E2_C5_2T,S10_HYBRID,displacement,X,1.9418222158852088,1.1990008326394608,1.1990008326394608,0.0,0.999945342540741,0.00026028358843177557,True,True,496
R6_LHS_04,control,V40_A_E2_C5_2T,S10,velocity,X,1.9165790323624017,0.13322231473771787,0.13322231473771787,0.0,0.7666782140731812,-0.036435503512620926,True,True,496
R6_LHS_04,control,V40_A_E2_C5_2T,S10_HYBRID,displacement,Y,4.5628885992744666,0.06661115736885893,0.06661115736885893,0.0,0.9776576161384583,0.0,True,True,496
R6_LHS_04,control,V40_A_E2_C5_2T,S10,velocity,Y,1.6241334802609828,0.09991673605328841,0.09991673605328841,0.0,0.978238046169281,-0.02349887602031231,True,True,496
R6_LHS_04,control,V40_A_E2_C5_2T,S10_HYBRID,displacement,Z,5.867408724997319,0.06661115736885893,0.06661115736885893,0.0,0.9951652884483337,0.0,True,True,508
R6_LHS_04,control,V40_A_E2_C5_2T,S10,velocity,Z,2.3589878483530486,0.09991673605328841,0.09991673605328841,0.0,0.987398624420166,-0.028652707114815712,True,True,508
R6_LHS_04,control,V40_B_E2_C5_2T,S10_HYBRID,displacement,X,2.0964238703852707,1.1990008326394608,1.1990008326394608,0.0,0.9999386668205261,0.0003472073585726321,True,True,496
R6_LHS_04,control,V40_B_E2_C5_2T,S10,velocity,X,1.600732385494164,1.998334721065768,0.13322231473771787,1.8651124063280502,0.5659605264663696,-0.13005207479000092,True,True,496
R6_LHS_04,control,V40_B_E2_C5_2T,S10_HYBRID,displacement,Y,4.472524684145571,0.06661115736885893,0.06661115736885893,0.0,0.9946797490119934,0.0,True,True,496
R6_LHS_04,control,V40_B_E2_C5_2T,S10,velocity,Y,1.6288738339686568,0.09991673605328841,0.09991673605328841,0.0,0.9817942380905151,-0.006696993950754404,True,True,496
R6_LHS_04,control,V40_B_E2_C5_2T,S10_HYBRID,displacement,Z,5.58755714009972,0.06661115736885893,0.06661115736885893,0.0,0.9967237710952759,0.0,True,True,508
R6_LHS_04,control,V40_B_E2_C5_2T,S10,velocity,Z,2.251433011003082,0.09991673605328841,0.09991673605328841,0.0,0.9961037039756775,-0.019091367721557617,True,True,508
R6_LHS_04,control,V40_CPLUS_E2_C5_2T,S10_HYBRID,displacement,X,2.985809421027631,1.1990008326394608,1.1990008326394608,0.0,0.9998468160629272,-4.556740168482065e-05,True,True,496
R6_LHS_04,control,V40_CPLUS_E2_C5_2T,S10,velocity,X,1.187027794658037,0.13322231473771787,0.13322231473771787,0.0,0.8834909200668335,0.000669349217787385,True,True,496
R6_LHS_04,control,V40_CPLUS_E2_C5_2T,S10_HYBRID,displacement,Y,5.335336455840455,0.06661115736885893,0.06661115736885893,0.0,0.9952060580253601,0.0,True,True,496
R6_LHS_04,control,V40_CPLUS_E2_C5_2T,S10,velocity,Y,1.2565486639023649,0.09991673605328841,0.09991673605328841,0.0,0.9842731356620789,-0.006704910192638636,True,True,496
R6_LHS_04,control,V40_CPLUS_E2_C5_2T,S10_HYBRID,displacement,Z,6.374932263116893,0.06661115736885893,0.06661115736885893,0.0,0.9979366660118103,0.0,True,True,508
R6_LHS_04,control,V40_CPLUS_E2_C5_2T,S10,velocity,Z,2.053450817476666,0.09991673605328841,0.09991673605328841,0.0,0.9960370063781738,-0.0046320282854139805,True,True,508
R6_LHS_04,control,V40_C_E2_C5_2T,S10_HYBRID,displacement,X,2.489320182786094,1.1990008326394608,1.1990008326394608,0.0,0.9999204277992249,7.07678627804853e-05,True,True,496
R6_LHS_04,control,V40_C_E2_C5_2T,S10,velocity,X,1.5091164981252438,2.0316402997501974,0.13322231473771787,1.8984179850124796,0.48977071046829224,0.6875303387641907,True,True,496
R6_LHS_04,control,V40_C_E2_C5_2T,S10_HYBRID,displacement,Y,5.023020814721162,0.06661115736885893,0.06661115736885893,0.0,0.9833666682243347,0.0,True,True,496
R6_LHS_04,control,V40_C_E2_C5_2T,S10,velocity,Y,1.4365229060641804,0.09991673605328841,0.09991673605328841,0.0,0.9852723479270935,-0.02320917882025242,True,True,496
R6_LHS_04,control,V40_C_E2_C5_2T,S10_HYBRID,displacement,Z,6.184794316550811,0.06661115736885893,0.06661115736885893,0.0,0.9987642168998718,0.0,True,True,508
R6_LHS_04,control,V40_C_E2_C5_2T,S10,velocity,Z,2.095591161261393,0.09991673605328841,0.09991673605328841,0.0,0.9922377467155457,-0.031293876469135284,True,True,508
R6_LHS_04,control,V52_A_E2_C5_2T,S10_HYBRID,displacement,X,1.8105176619353178,1.1990008326394608,1.1990008326394608,0.0,0.9999656677246094,-0.00014015180931892246,True,True,496
R6_LHS_04,control,V52_A_E2_C5_2T,S10,velocity,X,1.6677447164347874,0.16652789342214733,0.16652789342214733,0.0,0.9362202286720276,0.03017668053507805,True,True,496
R6_LHS_04,control,V52_A_E2_C5_2T,S10_HYBRID,displacement,Y,4.418225233587611,0.06661115736885893,0.06661115736885893,0.0,0.995661199092865,0.0,True,True,496
R6_LHS_04,control,V52_A_E2_C5_2T,S10,velocity,Y,1.216034428348529,0.13322231473771787,0.13322231473771787,0.0,0.9821799397468567,0.020527226850390434,True,True,496
R6_LHS_04,control,V52_A_E2_C5_2T,S10_HYBRID,displacement,Z,5.732516313353541,0.09991673605328841,0.09991673605328841,0.0,0.9989748001098633,0.027354886755347252,True,True,508
R6_LHS_04,control,V52_A_E2_C5_2T,S10,velocity,Z,1.8604745493315535,0.13322231473771787,0.13322231473771787,0.0,0.996335506439209,0.013431101106107235,True,True,508
R6_LHS_04,control,V52_B_E2_C5_2T,S10_HYBRID,displacement,X,2.113502387572266,1.1990008326394608,1.1990008326394608,0.0,0.9999622702598572,-0.00012697845522779971,True,True,496
R6_LHS_04,control,V52_B_E2_C5_2T,S10,velocity,X,1.445246161444845,0.16652789342214733,0.16652789342214733,0.0,0.9153758883476257,-0.009899341501295567,True,True,496
R6_LHS_04,control,V52_B_E2_C5_2T,S10_HYBRID,displacement,Y,4.540766867015481,0.06661115736885893,0.06661115736885893,0.0,0.9959160685539246,0.0,True,True,496
R6_LHS_04,control,V52_B_E2_C5_2T,S10,velocity,Y,1.1674997819007102,0.13322231473771787,0.13322231473771787,0.0,0.9867364764213562,0.0024959822185337543,True,True,496
R6_LHS_04,control,V52_B_E2_C5_2T,S10_HYBRID,displacement,Z,5.8452522585973465,0.09991673605328841,0.09991673605328841,0.0,0.9985132813453674,-0.023218302056193352,True,True,508
R6_LHS_04,control,V52_B_E2_C5_2T,S10,velocity,Z,1.6109914280588764,0.13322231473771787,0.13322231473771787,0.0,0.9975321888923645,0.014764340594410896,True,True,508
R6_LHS_04,control,V52_CPLUS_E2_C5_2T,S10_HYBRID,displacement,X,2.7505218727670853,1.1990008326394608,1.1990008326394608,0.0,0.9999469518661499,6.250924343476072e-05,True,True,496
R6_LHS_04,control,V52_CPLUS_E2_C5_2T,S10,velocity,X,1.0965996663230584,0.16652789342214733,0.16652789342214733,0.0,0.8716177344322205,0.002803744515404105,True,True,496
R6_LHS_04,control,V52_CPLUS_E2_C5_2T,S10_HYBRID,displacement,Y,5.198270216724313,0.06661115736885893,0.06661115736885893,0.0,0.9965155720710754,0.0,True,True,496
R6_LHS_04,control,V52_CPLUS_E2_C5_2T,S10,velocity,Y,1.15116372743164,0.13322231473771787,0.13322231473771787,0.0,0.9814058542251587,-0.013476964086294174,True,True,496
R6_LHS_04,control,V52_CPLUS_E2_C5_2T,S10_HYBRID,displacement,Z,6.439827552231364,0.09991673605328841,0.09991673605328841,0.0,0.9985016584396362,-0.02065245248377323,True,True,508
R6_LHS_04,control,V52_CPLUS_E2_C5_2T,S10,velocity,Z,1.6013560121106953,0.13322231473771787,0.13322231473771787,0.0,0.996761679649353,-0.00037286581937223673,True,True,508
R6_LHS_04,control,V52_C_E2_C5_2T,S10_HYBRID,displacement,X,2.199654894028951,1.1990008326394608,1.1990008326394608,0.0,0.9999721646308899,-1.1100344636361115e-05,True,True,496
R6_LHS_04,control,V52_C_E2_C5_2T,S10,velocity,X,1.2471687565783125,0.16652789342214733,0.16652789342214733,0.0,0.8691295385360718,-0.012286066077649593,True,True,496
R6_LHS_04,control,V52_C_E2_C5_2T,S10_HYBRID,displacement,Y,4.8358685745112995,0.06661115736885893,0.06661115736885893,0.0,0.9972198009490967,0.0,True,True,496
R6_LHS_04,control,V52_C_E2_C5_2T,S10,velocity,Y,1.1063033847915356,0.13322231473771787,0.13322231473771787,0.0,0.9811537265777588,-0.012851734645664692,True,True,496
R6_LHS_04,control,V52_C_E2_C5_2T,S10_HYBRID,displacement,Z,5.995656238452783,0.09991673605328841,0.09991673605328841,0.0,0.9987938404083252,-0.02206876315176487,True,True,508
R6_LHS_04,control,V52_C_E2_C5_2T,S10,velocity,Z,1.6683964688738213,0.13322231473771787,0.13322231473771787,0.0,0.9968928694725037,-0.00014449296577367932,True,True,508
R6_LHS_04,control,V40_A_E3_C6_1T,S10_HYBRID,displacement,X,2.9166020739821152,0.03330557868442947,0.03330557868442947,0.0,0.9746991991996765,0.0,True,True,496
R6_LHS_04,control,V40_A_E3_C6_1T,S10,velocity,X,1.516176462255035,0.09991673605328841,0.09991673605328841,0.0,0.8410925269126892,0.014097383245825768,True,True,496
R6_LHS_04,control,V40_A_E3_C6_1T,S10_HYBRID,displacement,Y,0.9918533957853841,0.06661115736885893,0.06661115736885893,0.0,0.9699703454971313,0.0,True,True,496
R6_LHS_04,control,V40_A_E3_C6_1T,S10,velocity,Y,1.5546941299462969,0.06661115736885893,0.09991673605328841,0.033305578684429474,0.9465025067329407,0.0,True,True,496
R6_LHS_04,control,V40_A_E3_C6_1T,S10_HYBRID,displacement,Z,0.8314474594015127,0.06661115736885893,0.06661115736885893,0.0,0.9823523163795471,0.0,True,True,508
R6_LHS_04,control,V40_A_E3_C6_1T,S10,velocity,Z,2.076470767116454,0.06661115736885893,0.06661115736885893,0.0,0.9912829995155334,0.0,True,True,508
R6_LHS_04,control,V40_B_E3_C6_1T,S10_HYBRID,displacement,X,2.9344243966693035,0.03330557868442947,0.03330557868442947,0.0,0.9810450673103333,0.0,True,True,496
R6_LHS_04,control,V40_B_E3_C6_1T,S10,velocity,X,1.5694992983348905,0.09991673605328841,0.09991673605328841,0.0,0.8258023262023926,0.03259638324379921,True,True,496
R6_LHS_04,control,V40_B_E3_C6_1T,S10_HYBRID,displacement,Y,0.9825653286553999,0.06661115736885893,0.06661115736885893,0.0,0.9751108288764954,0.0,True,True,496
R6_LHS_04,control,V40_B_E3_C6_1T,S10,velocity,Y,1.843473820067919,0.09991673605328841,0.09991673605328841,0.0,0.9688542485237122,0.03373665362596512,True,True,496
R6_LHS_04,control,V40_B_E3_C6_1T,S10_HYBRID,displacement,Z,0.8550523284909042,0.06661115736885893,0.06661115736885893,0.0,0.9762834906578064,0.0,True,True,508
R6_LHS_04,control,V40_B_E3_C6_1T,S10,velocity,Z,2.2931757569805953,0.06661115736885893,0.06661115736885893,0.0,0.9941376447677612,0.0,True,True,508
R6_LHS_04,control,V40_CPLUS_E3_C6_1T,S10_HYBRID,displacement,X,4.098156625069067,0.03330557868442947,0.03330557868442947,0.0,0.9741982221603394,0.0,True,True,496
R6_LHS_04,control,V40_CPLUS_E3_C6_1T,S10,velocity,X,1.2820301641462917,0.09991673605328841,0.09991673605328841,0.0,0.7658021450042725,0.01343812607228756,True,True,496
R6_LHS_04,control,V40_CPLUS_E3_C6_1T,S10_HYBRID,displacement,Y,1.6589291267509658,0.06661115736885893,0.06661115736885893,0.0,0.9823987483978271,0.0,True,True,496
R6_LHS_04,control,V40_CPLUS_E3_C6_1T,S10,velocity,Y,1.3458500889056821,0.09991673605328841,0.09991673605328841,0.0,0.9611386656761169,-8.320852793985978e-05,True,True,496
R6_LHS_04,control,V40_CPLUS_E3_C6_1T,S10_HYBRID,displacement,Z,1.3665010597788274,0.06661115736885893,0.06661115736885893,0.0,0.9952105283737183,0.0,True,True,508
R6_LHS_04,control,V40_CPLUS_E3_C6_1T,S10,velocity,Z,2.1391030004530993,0.06661115736885893,0.06661115736885893,0.0,0.9812843203544617,0.0,True,True,508
R6_LHS_04,control,V40_C_E3_C6_1T,S10_HYBRID,displacement,X,3.317509002337897,0.03330557868442947,0.03330557868442947,0.0,0.9891290068626404,0.0,True,True,496
R6_LHS_04,control,V40_C_E3_C6_1T,S10,velocity,X,1.3871625954079805,0.09991673605328841,0.09991673605328841,0.0,0.8447988033294678,0.017693644389510155,True,True,496
R6_LHS_04,control,V40_C_E3_C6_1T,S10_HYBRID,displacement,Y,1.1643364068608406,0.06661115736885893,0.06661115736885893,0.0,0.9889980554580688,0.0,True,True,496
R6_LHS_04,control,V40_C_E3_C6_1T,S10,velocity,Y,1.620428120591234,0.09991673605328841,0.09991673605328841,0.0,0.9786654114723206,-0.0005478498642332852,True,True,496
R6_LHS_04,control,V40_C_E3_C6_1T,S10_HYBRID,displacement,Z,0.9883491112946049,0.06661115736885893,0.06661115736885893,0.0,0.9955121278762817,0.0,True,True,508
R6_LHS_04,control,V40_C_E3_C6_1T,S10,velocity,Z,2.3484996223809027,0.06661115736885893,0.06661115736885893,0.0,0.9936192035675049,0.0,True,True,508
R6_LHS_04,control,V52_A_E3_C6_1T,S10_HYBRID,displacement,X,2.5497452483099807,0.03330557868442947,0.03330557868442947,0.0,0.9877384901046753,0.0,True,True,496
R6_LHS_04,control,V52_A_E3_C6_1T,S10,velocity,X,1.8937413857968006,0.09991673605328841,0.09991673605328841,0.0,0.8651980757713318,-0.01817234419286251,True,True,496
R6_LHS_04,control,V52_A_E3_C6_1T,S10_HYBRID,displacement,Y,0.9520484332937994,0.06661115736885893,0.06661115736885893,0.0,0.9881712198257446,0.0,True,True,496
R6_LHS_04,control,V52_A_E3_C6_1T,S10,velocity,Y,2.249396200617026,0.09991673605328841,0.09991673605328841,0.0,0.9817920923233032,-0.019744591787457466,True,True,496
R6_LHS_04,control,V52_A_E3_C6_1T,S10_HYBRID,displacement,Z,0.8364461320641353,0.06661115736885893,0.06661115736885893,0.0,0.9980298280715942,0.0,True,True,508
R6_LHS_04,control,V52_A_E3_C6_1T,S10,velocity,Z,2.6166055666035493,0.09991673605328841,0.09991673605328841,0.0,0.9946103692054749,-0.0014642650494351983,True,True,508
R6_LHS_04,control,V52_B_E3_C6_1T,S10_HYBRID,displacement,X,3.424128228745252,0.03330557868442947,0.03330557868442947,0.0,0.9775704145431519,0.0,True,True,496
R6_LHS_04,control,V52_B_E3_C6_1T,S10,velocity,X,1.2604341367781702,0.09991673605328841,0.09991673605328841,0.0,0.8821889758110046,0.008159122429788113,True,True,496
R6_LHS_04,control,V52_B_E3_C6_1T,S10_HYBRID,displacement,Y,1.076602095725892,0.06661115736885893,0.06661115736885893,0.0,0.9808540940284729,0.0,True,True,496
R6_LHS_04,control,V52_B_E3_C6_1T,S10,velocity,Y,1.0599097249299982,0.09991673605328841,0.09991673605328841,0.0,0.9787871837615967,0.015865622088313103,True,True,496
R6_LHS_04,control,V52_B_E3_C6_1T,S10_HYBRID,displacement,Z,0.9471269395983644,0.06661115736885893,0.06661115736885893,0.0,0.9923850297927856,0.0,True,True,508
R6_LHS_04,control,V52_B_E3_C6_1T,S10,velocity,Z,1.6418723750423674,0.09991673605328841,0.09991673605328841,0.0,0.9937252998352051,0.013315817341208458,True,True,508
R6_LHS_04,control,V52_CPLUS_E3_C6_1T,S10_HYBRID,displacement,X,4.318062869394745,0.03330557868442947,0.03330557868442947,0.0,0.984442412853241,0.0,True,True,496
R6_LHS_04,control,V52_CPLUS_E3_C6_1T,S10,velocity,X,1.1887999961031988,0.09991673605328841,0.13322231473771787,0.03330557868442946,0.9409869909286499,-0.008534868247807026,True,True,496
R6_LHS_04,control,V52_CPLUS_E3_C6_1T,S10_HYBRID,displacement,Y,1.4963375683909492,0.06661115736885893,0.06661115736885893,0.0,0.9861065149307251,0.0,True,True,496
R6_LHS_04,control,V52_CPLUS_E3_C6_1T,S10,velocity,Y,1.1220107629749858,0.13322231473771787,0.09991673605328841,0.03330557868442946,0.9789031744003296,-0.014156678691506386,True,True,496
R6_LHS_04,control,V52_CPLUS_E3_C6_1T,S10_HYBRID,displacement,Z,1.2914952081329991,0.06661115736885893,0.06661115736885893,0.0,0.9857983589172363,0.0,True,True,508
R6_LHS_04,control,V52_CPLUS_E3_C6_1T,S10,velocity,Z,1.6202596167088452,0.09991673605328841,0.09991673605328841,0.0,0.9957557916641235,0.003434971906244755,True,True,508
R6_LHS_04,control,V52_C_E3_C6_1T,S10_HYBRID,displacement,X,3.893359202137498,0.03330557868442947,0.03330557868442947,0.0,0.9811950922012329,0.0,True,True,496
R6_LHS_04,control,V52_C_E3_C6_1T,S10,velocity,X,1.1929817569446455,0.09991673605328841,0.13322231473771787,0.03330557868442946,0.9253093004226685,0.004891088232398033,True,True,496
R6_LHS_04,control,V52_C_E3_C6_1T,S10_HYBRID,displacement,Y,1.1912408837575108,0.06661115736885893,0.06661115736885893,0.0,0.9867072701454163,0.0,True,True,496
R6_LHS_04,control,V52_C_E3_C6_1T,S10,velocity,Y,1.252089761077825,0.09991673605328841,0.09991673605328841,0.0,0.979037880897522,-0.00951547920703888,True,True,496
R6_LHS_04,control,V52_C_E3_C6_1T,S10_HYBRID,displacement,Z,1.1129764527860375,0.06661115736885893,0.06661115736885893,0.0,0.9809951186180115,0.0,True,True,508
R6_LHS_04,control,V52_C_E3_C6_1T,S10,velocity,Z,1.7128357924588495,0.09991673605328841,0.09991673605328841,0.0,0.997207522392273,-0.0002760142961051315,True,True,508
R6_LHS_04,control,V40_A_E4_C7_1T,S10_HYBRID,displacement,X,1.8247058918222114,1.1990008326394608,1.1990008326394608,0.0,0.999955952167511,0.0001334060070803389,True,True,496
R6_LHS_04,control,V40_A_E4_C7_1T,S10,velocity,X,2.2962524914996827,0.09991673605328841,0.09991673605328841,0.0,0.8618053197860718,0.022535132244229317,True,True,496
R6_LHS_04,control,V40_A_E4_C7_1T,S10_HYBRID,displacement,Y,1.013088119651123,0.06661115736885893,0.06661115736885893,0.0,0.9652382731437683,0.0,True,True,496
R6_LHS_04,control,V40_A_E4_C7_1T,S10,velocity,Y,1.4194324480594909,0.06661115736885893,0.06661115736885893,0.0,0.9533653259277344,0.0,True,True,496
R6_LHS_04,control,V40_A_E4_C7_1T,S10_HYBRID,displacement,Z,1.07511222863143,0.06661115736885893,0.06661115736885893,0.0,0.9559708833694458,0.0,True,True,508
R6_LHS_04,control,V40_A_E4_C7_1T,S10,velocity,Z,2.334629419847083,0.06661115736885893,0.06661115736885893,0.0,0.9917358756065369,0.0,True,True,508
R6_LHS_04,control,V40_B_E4_C7_1T,S10_HYBRID,displacement,X,1.9499864516275314,1.1990008326394608,1.1990008326394608,0.0,0.9999381899833679,-0.00012885787873528898,True,True,496
R6_LHS_04,control,V40_B_E4_C7_1T,S10,velocity,X,2.347859827647128,1.9650291423813386,0.09991673605328841,1.8651124063280502,0.3228723406791687,1.525367021560669,True,True,496
R6_LHS_04,control,V40_B_E4_C7_1T,S10_HYBRID,displacement,Y,1.1687681044171834,0.06661115736885893,0.06661115736885893,0.0,0.9895223379135132,0.0,True,True,496
R6_LHS_04,control,V40_B_E4_C7_1T,S10,velocity,Y,1.2575148211006726,0.09991673605328841,0.09991673605328841,0.0,0.9659634232521057,0.041104406118392944,True,True,496
R6_LHS_04,control,V40_B_E4_C7_1T,S10_HYBRID,displacement,Z,1.1045444768962038,0.06661115736885893,0.06661115736885893,0.0,0.9973328709602356,0.0,True,True,508
R6_LHS_04,control,V40_B_E4_C7_1T,S10,velocity,Z,2.0352852761195073,0.06661115736885893,0.06661115736885893,0.0,0.9910141229629517,0.0,True,True,508
R6_LHS_04,control,V40_CPLUS_E4_C7_1T,S10_HYBRID,displacement,X,2.439660626679416,1.1990008326394608,1.1990008326394608,0.0,0.9998614192008972,-0.0008735824376344681,True,True,496
R6_LHS_04,control,V40_CPLUS_E4_C7_1T,S10,velocity,X,1.6764313120611585,0.09991673605328841,0.09991673605328841,0.0,0.8507668972015381,0.024882351979613304,True,True,496
R6_LHS_04,control,V40_CPLUS_E4_C7_1T,S10_HYBRID,displacement,Y,1.6255524754779032,0.06661115736885893,0.06661115736885893,0.0,0.9884376525878906,0.0,True,True,496
R6_LHS_04,control,V40_CPLUS_E4_C7_1T,S10,velocity,Y,1.1828749522030475,0.09991673605328841,0.09991673605328841,0.0,0.9766556620597839,0.006200988776981831,True,True,496
R6_LHS_04,control,V40_CPLUS_E4_C7_1T,S10_HYBRID,displacement,Z,1.40953579972288,0.06661115736885893,0.06661115736885893,0.0,0.9965862035751343,0.0,True,True,508
R6_LHS_04,control,V40_CPLUS_E4_C7_1T,S10,velocity,Z,2.205980350548796,0.06661115736885893,0.06661115736885893,0.0,0.9898395538330078,0.0,True,True,508
R6_LHS_04,control,V40_C_E4_C7_1T,S10_HYBRID,displacement,X,2.272655249509581,1.1990008326394608,1.1990008326394608,0.0,0.9998955726623535,-0.00016411101387348026,True,True,496
R6_LHS_04,control,V40_C_E4_C7_1T,S10,velocity,X,1.7788595830037157,0.09991673605328841,0.09991673605328841,0.0,0.8433761596679688,0.0267269778996706,True,True,496
R6_LHS_04,control,V40_C_E4_C7_1T,S10_HYBRID,displacement,Y,1.4177612446218422,0.06661115736885893,0.06661115736885893,0.0,0.9830186367034912,0.0,True,True,496
R6_LHS_04,control,V40_C_E4_C7_1T,S10,velocity,Y,1.1479856656832093,0.09991673605328841,0.09991673605328841,0.0,0.9645931720733643,0.03659036383032799,True,True,496
R6_LHS_04,control,V40_C_E4_C7_1T,S10_HYBRID,displacement,Z,1.2965133230662316,0.06661115736885893,0.06661115736885893,0.0,0.992132306098938,0.0,True,True,508
R6_LHS_04,control,V40_C_E4_C7_1T,S10,velocity,Z,1.8143400491289166,0.06661115736885893,0.06661115736885893,0.0,0.9924921989440918,0.0,True,True,508
R6_LHS_04,control,V52_A_E4_C7_1T,S10_HYBRID,displacement,X,1.8684909876088092,1.1990008326394608,1.1990008326394608,0.0,0.999976396560669,-4.12803674407769e-05,True,True,496
R6_LHS_04,control,V52_A_E4_C7_1T,S10,velocity,X,2.023923697482618,1.998334721065768,0.09991673605328841,1.8984179850124796,0.6624926924705505,0.5138257741928101,True,True,496
R6_LHS_04,control,V52_A_E4_C7_1T,S10_HYBRID,displacement,Y,1.2253451593928804,0.06661115736885893,0.06661115736885893,0.0,0.9794101119041443,0.0,True,True,496
R6_LHS_04,control,V52_A_E4_C7_1T,S10,velocity,Y,1.2590541867342224,0.09991673605328841,0.09991673605328841,0.0,0.9745514392852783,0.0020476235076785088,True,True,496
R6_LHS_04,control,V52_A_E4_C7_1T,S10_HYBRID,displacement,Z,1.0050276749354279,0.06661115736885893,0.06661115736885893,0.0,0.9931886792182922,0.0,True,True,508
R6_LHS_04,control,V52_A_E4_C7_1T,S10,velocity,Z,1.8478052458675152,0.09991673605328841,0.09991673605328841,0.0,0.9931016564369202,-0.03914090618491173,True,True,508
R6_LHS_04,control,V52_B_E4_C7_1T,S10_HYBRID,displacement,X,2.0380258833071734,1.1990008326394608,1.1990008326394608,0.0,0.9999657869338989,0.000469240389065817,True,True,496
R6_LHS_04,control,V52_B_E4_C7_1T,S10,velocity,X,1.9988744150877695,1.9650291423813386,0.09991673605328841,1.8651124063280502,0.45050472021102905,0.6291218996047974,True,True,496
R6_LHS_04,control,V52_B_E4_C7_1T,S10_HYBRID,displacement,Y,1.181122551832574,0.06661115736885893,0.06661115736885893,0.0,0.9849907755851746,0.0,True,True,496
R6_LHS_04,control,V52_B_E4_C7_1T,S10,velocity,Y,1.1431719107899223,0.09991673605328841,0.09991673605328841,0.0,0.9700385928153992,-0.022151978686451912,True,True,496
R6_LHS_04,control,V52_B_E4_C7_1T,S10_HYBRID,displacement,Z,1.1485139208542354,0.06661115736885893,0.06661115736885893,0.0,0.9883193969726562,0.0,True,True,508
R6_LHS_04,control,V52_B_E4_C7_1T,S10,velocity,Z,1.949177099056646,0.09991673605328841,0.09991673605328841,0.0,0.9948314428329468,0.0027759640943259,True,True,508
R6_LHS_04,control,V52_CPLUS_E4_C7_1T,S10_HYBRID,displacement,X,2.612360815001153,1.1990008326394608,1.1990008326394608,0.0,0.9999234676361084,-0.00017803031369112432,True,True,496
R6_LHS_04,control,V52_CPLUS_E4_C7_1T,S10,velocity,X,1.356865673120862,0.09991673605328841,0.13322231473771787,0.03330557868442946,0.9172520041465759,-0.0023348445538431406,True,True,496
R6_LHS_04,control,V52_CPLUS_E4_C7_1T,S10_HYBRID,displacement,Y,1.7078740494547378,0.06661115736885893,0.06661115736885893,0.0,0.985630452632904,0.0,True,True,496
R6_LHS_04,control,V52_CPLUS_E4_C7_1T,S10,velocity,Y,1.0008717065608448,0.13322231473771787,0.09991673605328841,0.03330557868442946,0.9772377610206604,0.008173484355211258,True,True,496
R6_LHS_04,control,V52_CPLUS_E4_C7_1T,S10_HYBRID,displacement,Z,1.4018512492050417,0.06661115736885893,0.06661115736885893,0.0,0.996829092502594,0.0,True,True,508
R6_LHS_04,control,V52_CPLUS_E4_C7_1T,S10,velocity,Z,1.588299254992444,0.09991673605328841,0.09991673605328841,0.0,0.9933793544769287,0.017312869429588318,True,True,508
R6_LHS_04,control,V52_C_E4_C7_1T,S10_HYBRID,displacement,X,2.3784447991611195,1.1990008326394608,1.1990008326394608,0.0,0.9999522566795349,0.0004195686778984964,True,True,496
R6_LHS_04,control,V52_C_E4_C7_1T,S10,velocity,X,1.5218514021166014,1.998334721065768,0.13322231473771787,1.8651124063280502,0.3770371973514557,-0.3202853798866272,True,True,496
R6_LHS_04,control,V52_C_E4_C7_1T,S10_HYBRID,displacement,Y,1.366761089695821,0.06661115736885893,0.06661115736885893,0.0,0.9862270951271057,0.0,True,True,496
R6_LHS_04,control,V52_C_E4_C7_1T,S10,velocity,Y,1.108690383652655,0.09991673605328841,0.09991673605328841,0.0,0.9712022542953491,-0.023785358294844627,True,True,496
R6_LHS_04,control,V52_C_E4_C7_1T,S10_HYBRID,displacement,Z,1.2464996066582719,0.06661115736885893,0.06661115736885893,0.0,0.9903531074523926,0.0,True,True,508
R6_LHS_04,control,V52_C_E4_C7_1T,S10,velocity,Z,1.8532094361465252,0.09991673605328841,0.09991673605328841,0.0,0.9951490163803101,-0.006045978050678968,True,True,508
R6_LHS_04,control,V40_A_E5_C9_1T,S10_HYBRID,displacement,X,1.7362664592027193,1.1990008326394608,1.1990008326394608,0.0,0.9999567866325378,9.43038467084989e-05,True,True,496
R6_LHS_04,control,V40_A_E5_C9_1T,S10,velocity,X,2.1850487234298717,1.931723563696909,0.09991673605328841,1.8318068276436206,0.676720142364502,-0.3623690903186798,True,True,496
R6_LHS_04,control,V40_A_E5_C9_1T,S10_HYBRID,displacement,Y,1.0048098138837862,0.06661115736885893,0.06661115736885893,0.0,0.9122587442398071,0.0,True,True,496
R6_LHS_04,control,V40_A_E5_C9_1T,S10,velocity,Y,1.238293930795748,0.06661115736885893,0.06661115736885893,0.0,0.9509151577949524,0.0,True,True,496
R6_LHS_04,control,V40_A_E5_C9_1T,S10_HYBRID,displacement,Z,0.9972861767337222,0.06661115736885893,0.06661115736885893,0.0,0.8689242601394653,0.0,True,True,508
R6_LHS_04,control,V40_A_E5_C9_1T,S10,velocity,Z,2.182539256808906,0.06661115736885893,0.06661115736885893,0.0,0.993800938129425,0.0,True,True,508
R6_LHS_04,control,V40_B_E5_C9_1T,S10_HYBRID,displacement,X,1.865097057725415,1.1990008326394608,1.1990008326394608,0.0,0.9999400973320007,0.00011705376527970657,True,True,496
R6_LHS_04,control,V40_B_E5_C9_1T,S10,velocity,X,1.9580285768011305,1.931723563696909,0.09991673605328841,1.8318068276436206,0.6466437578201294,-0.1982816457748413,True,True,496
R6_LHS_04,control,V40_B_E5_C9_1T,S10_HYBRID,displacement,Y,1.1136745720354573,0.06661115736885893,0.06661115736885893,0.0,0.9449945688247681,0.0,True,True,496
R6_LHS_04,control,V40_B_E5_C9_1T,S10,velocity,Y,1.1368438132202356,0.09991673605328841,0.06661115736885893,0.033305578684429474,0.9677267670631409,0.016474755480885506,True,True,496
R6_LHS_04,control,V40_B_E5_C9_1T,S10_HYBRID,displacement,Z,1.0820229395232943,0.06661115736885893,0.06661115736885893,0.0,0.9059155583381653,0.0,True,True,508
R6_LHS_04,control,V40_B_E5_C9_1T,S10,velocity,Z,2.059241726725097,0.06661115736885893,0.06661115736885893,0.0,0.9953334331512451,0.0,True,True,508
R6_LHS_04,control,V40_CPLUS_E5_C9_1T,S10_HYBRID,displacement,X,2.8224793983403025,1.1990008326394608,1.1990008326394608,0.0,0.9998560547828674,-0.0001989603042602539,True,True,496
R6_LHS_04,control,V40_CPLUS_E5_C9_1T,S10,velocity,X,1.3725666847916838,0.09991673605328841,0.09991673605328841,0.0,0.8288398385047913,0.03212003782391548,True,True,496
R6_LHS_04,control,V40_CPLUS_E5_C9_1T,S10_HYBRID,displacement,Y,1.8350756438121316,0.06661115736885893,0.06661115736885893,0.0,0.9752604365348816,0.0,True,True,496
R6_LHS_04,control,V40_CPLUS_E5_C9_1T,S10,velocity,Y,1.109654875191067,0.09991673605328841,0.09991673605328841,0.0,0.9698441028594971,0.03743140771985054,True,True,496
R6_LHS_04,control,V40_CPLUS_E5_C9_1T,S10_HYBRID,displacement,Z,1.5437719149959146,0.06661115736885893,0.06661115736885893,0.0,0.986619770526886,0.0,True,True,508
R6_LHS_04,control,V40_CPLUS_E5_C9_1T,S10,velocity,Z,1.977914929114598,0.06661115736885893,0.06661115736885893,0.0,0.9906865954399109,0.0,True,True,508
R6_LHS_04,control,V40_C_E5_C9_1T,S10_HYBRID,displacement,X,2.578813278590467,1.1990008326394608,1.1990008326394608,0.0,0.9999002814292908,0.0003264867700636387,True,True,496
R6_LHS_04,control,V40_C_E5_C9_1T,S10,velocity,X,1.6271575102205855,0.09991673605328841,0.09991673605328841,0.0,0.8303451538085938,0.018016086891293526,True,True,496
R6_LHS_04,control,V40_C_E5_C9_1T,S10_HYBRID,displacement,Y,1.4909444651466999,0.06661115736885893,0.06661115736885893,0.0,0.9845966100692749,0.0,True,True,496
R6_LHS_04,control,V40_C_E5_C9_1T,S10,velocity,Y,1.0614814668610146,0.09991673605328841,0.09991673605328841,0.0,0.959069013595581,0.03871879726648331,True,True,496
R6_LHS_04,control,V40_C_E5_C9_1T,S10_HYBRID,displacement,Z,1.364496012749476,0.06661115736885893,0.06661115736885893,0.0,0.9913550019264221,0.0,True,True,508
R6_LHS_04,control,V40_C_E5_C9_1T,S10,velocity,Z,1.9381203250044754,0.06661115736885893,0.06661115736885893,0.0,0.9908978939056396,0.0,True,True,508
R6_LHS_04,control,V52_A_E5_C9_1T,S10_HYBRID,displacement,X,1.8719814421987397,1.1990008326394608,1.1990008326394608,0.0,0.9999750256538391,0.00032112011103890836,True,True,496
R6_LHS_04,control,V52_A_E5_C9_1T,S10,velocity,X,2.051930207358336,0.09991673605328841,0.09991673605328841,0.0,0.8325589299201965,-0.006138494238257408,True,True,496
R6_LHS_04,control,V52_A_E5_C9_1T,S10_HYBRID,displacement,Y,1.2539847372745354,0.06661115736885893,0.06661115736885893,0.0,0.980974018573761,0.0,True,True,496
R6_LHS_04,control,V52_A_E5_C9_1T,S10,velocity,Y,1.0583862842524816,0.09991673605328841,0.09991673605328841,0.0,0.9770153164863586,0.0024417461827397346,True,True,496
R6_LHS_04,control,V52_A_E5_C9_1T,S10_HYBRID,displacement,Z,1.1207102291395354,0.06661115736885893,0.06661115736885893,0.0,0.9945420026779175,0.0,True,True,508
R6_LHS_04,control,V52_A_E5_C9_1T,S10,velocity,Z,1.8505122284731843,0.09991673605328841,0.09991673605328841,0.0,0.9907434582710266,-0.03428025171160698,True,True,508
R6_LHS_04,control,V52_B_E5_C9_1T,S10_HYBRID,displacement,X,2.016438119676546,1.1990008326394608,1.1990008326394608,0.0,0.999971866607666,-0.0003870043146889657,True,True,496
R6_LHS_04,control,V52_B_E5_C9_1T,S10,velocity,X,1.6508541019914502,0.09991673605328841,0.09991673605328841,0.0,0.8945226073265076,-0.0011586637701839209,True,True,496
R6_LHS_04,control,V52_B_E5_C9_1T,S10_HYBRID,displacement,Y,1.2630087342976706,0.06661115736885893,0.06661115736885893,0.0,0.9891931414604187,0.0,True,True,496
R6_LHS_04,control,V52_B_E5_C9_1T,S10,velocity,Y,0.9510923322694649,0.09991673605328841,0.09991673605328841,0.0,0.9854065179824829,-0.016400551423430443,True,True,496
R6_LHS_04,control,V52_B_E5_C9_1T,S10_HYBRID,displacement,Z,1.1115463565756882,0.06661115736885893,0.06661115736885893,0.0,0.9935246109962463,0.0,True,True,508
R6_LHS_04,control,V52_B_E5_C9_1T,S10,velocity,Z,1.605289483123351,0.09991673605328841,0.09991673605328841,0.0,0.9979063868522644,0.0009935746202245355,True,True,508
R6_LHS_04,control,V52_CPLUS_E5_C9_1T,S10_HYBRID,displacement,X,2.807527781986423,1.1990008326394608,1.1990008326394608,0.0,0.9999146461486816,-0.0002695372677408159,True,True,496
R6_LHS_04,control,V52_CPLUS_E5_C9_1T,S10,velocity,X,1.392441320178042,0.09991673605328841,0.13322231473771787,0.03330557868442946,0.8193020820617676,-0.018217425793409348,True,True,496
R6_LHS_04,control,V52_CPLUS_E5_C9_1T,S10_HYBRID,displacement,Y,1.7519046039079789,0.06661115736885893,0.06661115736885893,0.0,0.9854024052619934,0.0,True,True,496
R6_LHS_04,control,V52_CPLUS_E5_C9_1T,S10,velocity,Y,0.9814203918107374,0.13322231473771787,0.09991673605328841,0.03330557868442946,0.9736379981040955,-0.013362684287130833,True,True,496
R6_LHS_04,control,V52_CPLUS_E5_C9_1T,S10_HYBRID,displacement,Z,1.4739654216557883,0.06661115736885893,0.06661115736885893,0.0,0.9956650733947754,0.0,True,True,508
R6_LHS_04,control,V52_CPLUS_E5_C9_1T,S10,velocity,Z,1.584497426674949,0.09991673605328841,0.09991673605328841,0.0,0.9918361306190491,0.0005045946454629302,True,True,508
R6_LHS_04,control,V52_C_E5_C9_1T,S10_HYBRID,displacement,X,2.357675277096373,1.1990008326394608,1.1990008326394608,0.0,0.9999514222145081,-3.0803541449131444e-05,True,True,496
R6_LHS_04,control,V52_C_E5_C9_1T,S10,velocity,X,1.5407521726787667,0.09991673605328841,0.13322231473771787,0.03330557868442946,0.915885329246521,0.024452021345496178,True,True,496
R6_LHS_04,control,V52_C_E5_C9_1T,S10_HYBRID,displacement,Y,1.3353837692274764,0.06661115736885893,0.06661115736885893,0.0,0.9839091300964355,0.0,True,True,496
R6_LHS_04,control,V52_C_E5_C9_1T,S10,velocity,Y,0.9560805097004295,0.09991673605328841,0.09991673605328841,0.0,0.9756565093994141,0.0177956223487854,True,True,496
R6_LHS_04,control,V52_C_E5_C9_1T,S10_HYBRID,displacement,Z,1.2259465318648404,0.06661115736885893,0.06661115736885893,0.0,0.9859740734100342,0.0,True,True,508
R6_LHS_04,control,V52_C_E5_C9_1T,S10,velocity,Z,1.552976313584083,0.09991673605328841,0.09991673605328841,0.0,0.9949578046798706,0.006951908580958843,True,True,508
R6_LHS_04,control,V40_A_E6_C10_1T,S10_HYBRID,displacement,X,2.448476743290335,0.03330557868442947,0.03330557868442947,0.0,0.9799972176551819,0.0,True,True,496
R6_LHS_04,control,V40_A_E6_C10_1T,S10,velocity,X,1.8159845359583937,0.09991673605328841,0.09991673605328841,0.0,0.7857409119606018,0.0338793508708477,True,True,496
R6_LHS_04,control,V40_A_E6_C10_1T,S10_HYBRID,displacement,Y,0.8193257932510494,0.06661115736885893,0.06661115736885893,0.0,0.9844149351119995,0.0,True,True,496
R6_LHS_04,control,V40_A_E6_C10_1T,S10,velocity,Y,2.033870685434627,0.06661115736885893,0.06661115736885893,0.0,0.9356066584587097,0.0,True,True,496
R6_LHS_04,control,V40_A_E6_C10_1T,S10_HYBRID,displacement,Z,0.7789150649405617,0.06661115736885893,0.06661115736885893,0.0,0.9915941953659058,0.0,True,True,508
R6_LHS_04,control,V40_A_E6_C10_1T,S10,velocity,Z,2.443293315465982,0.06661115736885893,0.06661115736885893,0.0,0.9923377633094788,0.0,True,True,508
R6_LHS_04,control,V40_B_E6_C10_1T,S10_HYBRID,displacement,X,2.9171981900380968,0.03330557868442947,0.03330557868442947,0.0,0.9920656085014343,0.0,True,True,496
R6_LHS_04,control,V40_B_E6_C10_1T,S10,velocity,X,1.4939639581444717,0.09991673605328841,0.09991673605328841,0.0,0.879650890827179,0.011262645944952965,True,True,496
R6_LHS_04,control,V40_B_E6_C10_1T,S10_HYBRID,displacement,Y,0.97839329075077,0.06661115736885893,0.06661115736885893,0.0,0.9906272888183594,0.0,True,True,496
R6_LHS_04,control,V40_B_E6_C10_1T,S10,velocity,Y,1.5151863854441103,0.09991673605328841,0.09991673605328841,0.0,0.9760670065879822,-0.011294394731521606,True,True,496
R6_LHS_04,control,V40_B_E6_C10_1T,S10_HYBRID,displacement,Z,0.8853700528058088,0.06661115736885893,0.06661115736885893,0.0,0.9968615770339966,0.0,True,True,508
R6_LHS_04,control,V40_B_E6_C10_1T,S10,velocity,Z,2.0293495855880526,0.06661115736885893,0.06661115736885893,0.0,0.9936596155166626,0.0,True,True,508
R6_LHS_04,control,V40_CPLUS_E6_C10_1T,S10_HYBRID,displacement,X,4.194379714576809,0.03330557868442947,0.03330557868442947,0.0,0.9661731123924255,0.0,True,True,496
R6_LHS_04,control,V40_CPLUS_E6_C10_1T,S10,velocity,X,1.5161145215991492,0.09991673605328841,0.09991673605328841,0.0,0.7607017159461975,0.013741561211645603,True,True,496
R6_LHS_04,control,V40_CPLUS_E6_C10_1T,S10_HYBRID,displacement,Y,1.651358110882958,0.06661115736885893,0.06661115736885893,0.0,0.9751747846603394,0.0,True,True,496
R6_LHS_04,control,V40_CPLUS_E6_C10_1T,S10,velocity,Y,1.7705197282709415,0.09991673605328841,0.09991673605328841,0.0,0.9559141993522644,0.00492097670212388,True,True,496
R6_LHS_04,control,V40_CPLUS_E6_C10_1T,S10_HYBRID,displacement,Z,1.42824400351772,0.06661115736885893,0.06661115736885893,0.0,0.9901328086853027,0.0,True,True,508
R6_LHS_04,control,V40_CPLUS_E6_C10_1T,S10,velocity,Z,2.3298877945039775,0.06661115736885893,0.06661115736885893,0.0,0.9864515066146851,0.0,True,True,508
R6_LHS_04,control,V40_C_E6_C10_1T,S10_HYBRID,displacement,X,3.702559038359067,0.03330557868442947,0.03330557868442947,0.0,0.969838559627533,0.0,True,True,496
R6_LHS_04,control,V40_C_E6_C10_1T,S10,velocity,X,1.6084862166681508,0.09991673605328841,0.09991673605328841,0.0,0.7660753726959229,0.005919943563640118,True,True,496
R6_LHS_04,control,V40_C_E6_C10_1T,S10_HYBRID,displacement,Y,1.2780491374268996,0.06661115736885893,0.06661115736885893,0.0,0.9815456867218018,0.0,True,True,496
R6_LHS_04,control,V40_C_E6_C10_1T,S10,velocity,Y,1.9357693379371417,0.09991673605328841,0.09991673605328841,0.0,0.9638256430625916,0.002336453879252076,True,True,496
R6_LHS_04,control,V40_C_E6_C10_1T,S10_HYBRID,displacement,Z,1.1713799392349495,0.06661115736885893,0.06661115736885893,0.0,0.9880741238594055,0.0,True,True,508
R6_LHS_04,control,V40_C_E6_C10_1T,S10,velocity,Z,2.3508595449468643,0.06661115736885893,0.06661115736885893,0.0,0.9856469035148621,0.0,True,True,508
R6_LHS_04,control,V52_A_E6_C10_1T,S10_HYBRID,displacement,X,2.937283187156613,0.03330557868442947,0.03330557868442947,0.0,0.9915972948074341,0.0,True,True,496
R6_LHS_04,control,V52_A_E6_C10_1T,S10,velocity,X,1.6215123834662772,0.09991673605328841,0.09991673605328841,0.0,0.9128683805465698,0.019590742886066437,True,True,496
R6_LHS_04,control,V52_A_E6_C10_1T,S10_HYBRID,displacement,Y,0.8713449017700239,0.06661115736885893,0.06661115736885893,0.0,0.9936004877090454,0.0,True,True,496
R6_LHS_04,control,V52_A_E6_C10_1T,S10,velocity,Y,1.4741248161016176,0.09991673605328841,0.09991673605328841,0.0,0.9810329675674438,-0.008924350142478943,True,True,496
R6_LHS_04,control,V52_A_E6_C10_1T,S10_HYBRID,displacement,Z,0.8433406936081261,0.06661115736885893,0.06661115736885893,0.0,0.9919875264167786,0.0,True,True,508
R6_LHS_04,control,V52_A_E6_C10_1T,S10,velocity,Z,2.3951510114230574,0.09991673605328841,0.09991673605328841,0.0,0.997430682182312,-0.018285561352968216,True,True,508
R6_LHS_04,control,V52_B_E6_C10_1T,S10_HYBRID,displacement,X,3.5872823121445445,0.03330557868442947,0.03330557868442947,0.0,0.9718899726867676,0.0,True,True,496
R6_LHS_04,control,V52_B_E6_C10_1T,S10,velocity,X,1.3290537153843838,0.09991673605328841,0.09991673605328841,0.0,0.8619426488876343,0.013497359119355679,True,True,496
R6_LHS_04,control,V52_B_E6_C10_1T,S10_HYBRID,displacement,Y,1.0750411792595171,0.06661115736885893,0.06661115736885893,0.0,0.9762589335441589,0.0,True,True,496
R6_LHS_04,control,V52_B_E6_C10_1T,S10,velocity,Y,1.1814286833021739,0.09991673605328841,0.09991673605328841,0.0,0.9803473949432373,0.015945836901664734,True,True,496
R6_LHS_04,control,V52_B_E6_C10_1T,S10_HYBRID,displacement,Z,1.0134451700364064,0.06661115736885893,0.06661115736885893,0.0,0.9903721213340759,0.0,True,True,508
R6_LHS_04,control,V52_B_E6_C10_1T,S10,velocity,Z,1.8511084873323096,0.09991673605328841,0.09991673605328841,0.0,0.9945508241653442,0.012946916744112968,True,True,508
R6_LHS_04,control,V52_CPLUS_E6_C10_1T,S10_HYBRID,displacement,X,4.270723774127549,0.03330557868442947,0.03330557868442947,0.0,0.9917341470718384,0.0,True,True,496
R6_LHS_04,control,V52_CPLUS_E6_C10_1T,S10,velocity,X,1.2789680574610471,0.09991673605328841,0.13322231473771787,0.03330557868442946,0.922254741191864,-0.0008272737031802535,True,True,496
R6_LHS_04,control,V52_CPLUS_E6_C10_1T,S10_HYBRID,displacement,Y,1.6590521289598945,0.06661115736885893,0.06661115736885893,0.0,0.9843030571937561,0.0,True,True,496
R6_LHS_04,control,V52_CPLUS_E6_C10_1T,S10,velocity,Y,1.2519770476820056,0.13322231473771787,0.09991673605328841,0.03330557868442946,0.973422110080719,0.006748817395418882,True,True,496
R6_LHS_04,control,V52_CPLUS_E6_C10_1T,S10_HYBRID,displacement,Z,1.4333173811597995,0.06661115736885893,0.06661115736885893,0.0,0.9967995285987854,0.0,True,True,508
R6_LHS_04,control,V52_CPLUS_E6_C10_1T,S10,velocity,Z,1.7783883088954124,0.09991673605328841,0.09991673605328841,0.0,0.9919522404670715,0.026298576965928078,True,True,508
R6_LHS_04,control,V52_C_E6_C10_1T,S10_HYBRID,displacement,X,3.3829020528269154,0.03330557868442947,0.03330557868442947,0.0,0.9920469522476196,0.0,True,True,496
R6_LHS_04,control,V52_C_E6_C10_1T,S10,velocity,X,1.3209967540837195,0.09991673605328841,0.09991673605328841,0.0,0.9105282425880432,-0.017389623448252678,True,True,496
R6_LHS_04,control,V52_C_E6_C10_1T,S10_HYBRID,displacement,Y,1.2519239230310732,0.06661115736885893,0.06661115736885893,0.0,0.9925665259361267,0.0,True,True,496
R6_LHS_04,control,V52_C_E6_C10_1T,S10,velocity,Y,1.3255431163341815,0.09991673605328841,0.09991673605328841,0.0,0.9855204224586487,-0.024197014048695564,True,True,496
R6_LHS_04,control,V52_C_E6_C10_1T,S10_HYBRID,displacement,Z,1.1199400000248605,0.06661115736885893,0.06661115736885893,0.0,0.997567355632782,0.0,True,True,508
R6_LHS_04,control,V52_C_E6_C10_1T,S10,velocity,Z,2.0270279091802124,0.09991673605328841,0.09991673605328841,0.0,0.9974756836891174,0.006220230367034674,True,True,508
R6_LHS_04,control,V40_A_E7_C11_2T,S10_HYBRID,displacement,X,1.743563094481154,1.1990008326394608,1.1990008326394608,0.0,0.9999561905860901,0.00019377845455892384,True,True,496
R6_LHS_04,control,V40_A_E7_C11_2T,S10,velocity,X,1.5547923674865967,1.9650291423813386,0.13322231473771787,1.8318068276436208,0.6287400126457214,0.30173200368881226,True,True,496
R6_LHS_04,control,V40_A_E7_C11_2T,S10_HYBRID,displacement,Y,4.451935341735587,0.06661115736885893,0.06661115736885893,0.0,0.9930710792541504,0.0,True,True,496
R6_LHS_04,control,V40_A_E7_C11_2T,S10,velocity,Y,1.4885342106406156,0.09991673605328841,0.09991673605328841,0.0,0.9739605188369751,-0.010033802129328251,True,True,496
R6_LHS_04,control,V40_A_E7_C11_2T,S10_HYBRID,displacement,Z,5.779466099095432,0.06661115736885893,0.06661115736885893,0.0,0.9929660558700562,0.0,True,True,508
R6_LHS_04,control,V40_A_E7_C11_2T,S10,velocity,Z,2.293109341936311,0.09991673605328841,0.09991673605328841,0.0,0.9957341551780701,-0.025672245770692825,True,True,508
R6_LHS_04,control,V40_B_E7_C11_2T,S10_HYBRID,displacement,X,2.0661837236000817,1.1990008326394608,1.1990008326394608,0.0,0.9999500513076782,3.582280260161497e-05,True,True,496
R6_LHS_04,control,V40_B_E7_C11_2T,S10,velocity,X,1.7272551907726414,4.629475437135696,0.13322231473771787,4.496253122397978,0.7271499633789062,0.4958476722240448,True,True,496
R6_LHS_04,control,V40_B_E7_C11_2T,S10_HYBRID,displacement,Y,4.74391657081381,0.06661115736885893,0.06661115736885893,0.0,0.9898451566696167,0.0,True,True,496
R6_LHS_04,control,V40_B_E7_C11_2T,S10,velocity,Y,1.4678821634141404,0.09991673605328841,0.09991673605328841,0.0,0.9733016490936279,0.012320540845394135,True,True,496
R6_LHS_04,control,V40_B_E7_C11_2T,S10_HYBRID,displacement,Z,6.103125102038967,0.06661115736885893,0.06661115736885893,0.0,0.9990221858024597,0.0,True,True,508
R6_LHS_04,control,V40_B_E7_C11_2T,S10,velocity,Z,2.280053786263148,0.09991673605328841,0.09991673605328841,0.0,0.9943965673446655,0.0019476332236081362,True,True,508
R6_LHS_04,control,V40_CPLUS_E7_C11_2T,S10_HYBRID,displacement,X,2.9442544853136816,1.1990008326394608,1.1990008326394608,0.0,0.9998332858085632,-0.00020514223433565348,True,True,496
R6_LHS_04,control,V40_CPLUS_E7_C11_2T,S10,velocity,X,1.1990649623128806,0.13322231473771787,0.13322231473771787,0.0,0.9350377917289734,0.02660270407795906,True,True,496
R6_LHS_04,control,V40_CPLUS_E7_C11_2T,S10_HYBRID,displacement,Y,5.568985716176405,0.06661115736885893,0.06661115736885893,0.0,0.9919537901878357,0.0,True,True,496
R6_LHS_04,control,V40_CPLUS_E7_C11_2T,S10,velocity,Y,1.3526886189033103,0.09991673605328841,0.09991673605328841,0.0,0.9842351675033569,0.013359084725379944,True,True,496
R6_LHS_04,control,V40_CPLUS_E7_C11_2T,S10_HYBRID,displacement,Z,6.871791839051627,0.06661115736885893,0.06661115736885893,0.0,0.997543454170227,0.0,True,True,508
R6_LHS_04,control,V40_CPLUS_E7_C11_2T,S10,velocity,Z,2.0786388863645286,0.09991673605328841,0.09991673605328841,0.0,0.9955366253852844,0.007872373796999454,True,True,508
R6_LHS_04,control,V40_C_E7_C11_2T,S10_HYBRID,displacement,X,2.3541584088771144,1.1990008326394608,1.1990008326394608,0.0,0.9998959898948669,-0.00021804834250360727,True,True,496
R6_LHS_04,control,V40_C_E7_C11_2T,S10,velocity,X,1.3529423900805093,1.9650291423813386,0.13322231473771787,1.8318068276436208,0.636043906211853,-0.3472623825073242,True,True,496
R6_LHS_04,control,V40_C_E7_C11_2T,S10_HYBRID,displacement,Y,5.1089127557445595,0.06661115736885893,0.06661115736885893,0.0,0.9898397326469421,0.0,True,True,496
R6_LHS_04,control,V40_C_E7_C11_2T,S10,velocity,Y,1.268097211299814,0.09991673605328841,0.09991673605328841,0.0,0.9836869835853577,0.013825953006744385,True,True,496
R6_LHS_04,control,V40_C_E7_C11_2T,S10_HYBRID,displacement,Z,6.40810154832208,0.06661115736885893,0.06661115736885893,0.0,0.9965465068817139,0.0,True,True,508
R6_LHS_04,control,V40_C_E7_C11_2T,S10,velocity,Z,1.9537723502144237,0.09991673605328841,0.09991673605328841,0.0,0.9955120086669922,0.005853606853634119,True,True,508
R6_LHS_04,control,V52_A_E7_C11_2T,S10_HYBRID,displacement,X,1.8498593708209026,1.1990008326394608,1.1990008326394608,0.0,0.9999789595603943,-8.941596752265468e-05,True,True,496
R6_LHS_04,control,V52_A_E7_C11_2T,S10,velocity,X,1.5354756152041464,0.16652789342214733,0.16652789342214733,0.0,0.8235173225402832,-0.03402610868215561,True,True,496
R6_LHS_04,control,V52_A_E7_C11_2T,S10_HYBRID,displacement,Y,4.63882968379983,0.06661115736885893,0.06661115736885893,0.0,0.9873364567756653,0.0,True,True,496
R6_LHS_04,control,V52_A_E7_C11_2T,S10,velocity,Y,1.2451135403172862,0.13322231473771787,0.13322231473771787,0.0,0.98258376121521,-0.004302275367081165,True,True,496
R6_LHS_04,control,V52_A_E7_C11_2T,S10_HYBRID,displacement,Z,6.002168057302449,0.09991673605328841,0.09991673605328841,0.0,0.9979842901229858,-0.009932272136211395,True,True,508
R6_LHS_04,control,V52_A_E7_C11_2T,S10,velocity,Z,1.8586167785934777,0.13322231473771787,0.13322231473771787,0.0,0.9920506477355957,-0.019227460026741028,True,True,508
R6_LHS_04,control,V52_B_E7_C11_2T,S10_HYBRID,displacement,X,2.1962880921488077,1.1990008326394608,1.1990008326394608,0.0,0.9999575018882751,-4.925264875055291e-06,True,True,496
R6_LHS_04,control,V52_B_E7_C11_2T,S10,velocity,X,1.2614860985911844,0.16652789342214733,0.16652789342214733,0.0,0.9087951183319092,-0.037945881485939026,True,True,496
R6_LHS_04,control,V52_B_E7_C11_2T,S10_HYBRID,displacement,Y,4.854686433674977,0.06661115736885893,0.06661115736885893,0.0,0.9920157790184021,0.0,True,True,496
R6_LHS_04,control,V52_B_E7_C11_2T,S10,velocity,Y,1.1159784785759657,0.13322231473771787,0.13322231473771787,0.0,0.9829943180084229,0.010517852380871773,True,True,496
R6_LHS_04,control,V52_B_E7_C11_2T,S10_HYBRID,displacement,Z,6.1008678678481445,0.09991673605328841,0.09991673605328841,0.0,0.9953348636627197,-0.02032354474067688,True,True,508
R6_LHS_04,control,V52_B_E7_C11_2T,S10,velocity,Z,1.6755745765640508,0.13322231473771787,0.13322231473771787,0.0,0.9970952868461609,0.016060516238212585,True,True,508
R6_LHS_04,control,V52_CPLUS_E7_C11_2T,S10_HYBRID,displacement,X,2.570217390178263,1.1990008326394608,1.1990008326394608,0.0,0.9998997449874878,1.2687099115282763e-05,True,True,496
R6_LHS_04,control,V52_CPLUS_E7_C11_2T,S10,velocity,X,1.0888279668844114,0.16652789342214733,0.16652789342214733,0.0,0.9222220182418823,-0.01774865761399269,True,True,496
R6_LHS_04,control,V52_CPLUS_E7_C11_2T,S10_HYBRID,displacement,Y,5.31317245350095,0.06661115736885893,0.06661115736885893,0.0,0.9962628483772278,0.0,True,True,496
R6_LHS_04,control,V52_CPLUS_E7_C11_2T,S10,velocity,Y,1.1774050161957945,0.13322231473771787,0.13322231473771787,0.0,0.9833664298057556,0.0011631575180217624,True,True,496
R6_LHS_04,control,V52_CPLUS_E7_C11_2T,S10_HYBRID,displacement,Z,6.747519565410487,0.09991673605328841,0.09991673605328841,0.0,0.9975801110267639,-0.016441883519291878,True,True,508
R6_LHS_04,control,V52_CPLUS_E7_C11_2T,S10,velocity,Z,1.5438128620703895,0.13322231473771787,0.13322231473771787,0.0,0.9975377917289734,0.010951793752610683,True,True,508
R6_LHS_04,control,V52_C_E7_C11_2T,S10_HYBRID,displacement,X,2.4533532189925062,1.1990008326394608,1.1990008326394608,0.0,0.9999626874923706,-0.00017124376608990133,True,True,496
R6_LHS_04,control,V52_C_E7_C11_2T,S10,velocity,X,1.164689175643356,0.16652789342214733,0.16652789342214733,0.0,0.9255244135856628,-0.029805831611156464,True,True,496
R6_LHS_04,control,V52_C_E7_C11_2T,S10_HYBRID,displacement,Y,4.853095654677434,0.06661115736885893,0.06661115736885893,0.0,0.9962506890296936,0.0,True,True,496
R6_LHS_04,control,V52_C_E7_C11_2T,S10,velocity,Y,1.0778236037873146,0.13322231473771787,0.13322231473771787,0.0,0.9850745797157288,-0.012765184044837952,True,True,496
R6_LHS_04,control,V52_C_E7_C11_2T,S10_HYBRID,displacement,Z,6.241415416766897,0.09991673605328841,0.09991673605328841,0.0,0.9990985989570618,-0.00751913757994771,True,True,508
R6_LHS_04,control,V52_C_E7_C11_2T,S10,velocity,Z,1.6265426066166102,0.13322231473771787,0.13322231473771787,0.0,0.9976137280464172,-0.003633451648056507,True,True,508
R6_LHS_04,control,V40_A_E8_C12_2T,S10_HYBRID,displacement,X,2.9527561065705186,0.06661115736885893,0.09991673605328841,0.033305578684429474,0.9712673425674438,0.0,True,True,496
R6_LHS_04,control,V40_A_E8_C12_2T,S10,velocity,X,1.250241861515112,0.13322231473771787,0.13322231473771787,0.0,0.8313149809837341,0.0011736940359696746,True,True,496
R6_LHS_04,control,V40_A_E8_C12_2T,S10_HYBRID,displacement,Y,3.7407991968452414,0.06661115736885893,0.06661115736885893,0.0,0.9858943819999695,0.0,True,True,496
R6_LHS_04,control,V40_A_E8_C12_2T,S10,velocity,Y,1.6847028197324463,0.09991673605328841,0.09991673605328841,0.0,0.9718108177185059,0.009045840241014957,True,True,496
R6_LHS_04,control,V40_A_E8_C12_2T,S10_HYBRID,displacement,Z,4.9464912331963955,0.06661115736885893,0.06661115736885893,0.0,0.9945642948150635,0.0,True,True,508
R6_LHS_04,control,V40_A_E8_C12_2T,S10,velocity,Z,2.301665587797433,0.09991673605328841,0.09991673605328841,0.0,0.9947265982627869,-0.0019225390860810876,True,True,508
R6_LHS_04,control,V40_B_E8_C12_2T,S10_HYBRID,displacement,X,2.9196506531681443,0.06661115736885893,0.06661115736885893,0.0,0.9612504243850708,0.0,True,True,496
R6_LHS_04,control,V40_B_E8_C12_2T,S10,velocity,X,1.089868564930792,0.13322231473771787,0.13322231473771787,0.0,0.8172518014907837,-0.046732764691114426,True,True,496
R6_LHS_04,control,V40_B_E8_C12_2T,S10_HYBRID,displacement,Y,3.962025927426967,0.06661115736885893,0.06661115736885893,0.0,0.9833694100379944,0.0,True,True,496
R6_LHS_04,control,V40_B_E8_C12_2T,S10,velocity,Y,1.4854202986169789,0.09991673605328841,0.09991673605328841,0.0,0.9845516681671143,-0.013894752599298954,True,True,496
R6_LHS_04,control,V40_B_E8_C12_2T,S10_HYBRID,displacement,Z,5.072548372393454,0.06661115736885893,0.06661115736885893,0.0,0.9927377104759216,0.0,True,True,508
R6_LHS_04,control,V40_B_E8_C12_2T,S10,velocity,Z,2.2140857036535833,0.09991673605328841,0.09991673605328841,0.0,0.9938323497772217,-0.0327349454164505,True,True,508
R6_LHS_04,control,V40_CPLUS_E8_C12_2T,S10_HYBRID,displacement,X,4.002630516291787,0.06661115736885893,0.06661115736885893,0.0,0.9947300553321838,0.0,True,True,496
R6_LHS_04,control,V40_CPLUS_E8_C12_2T,S10,velocity,X,1.0928770929771514,0.13322231473771787,0.13322231473771787,0.0,0.89301997423172,0.00344018149189651,True,True,496
R6_LHS_04,control,V40_CPLUS_E8_C12_2T,S10_HYBRID,displacement,Y,5.044946343395972,0.06661115736885893,0.06661115736885893,0.0,0.9969541430473328,0.0,True,True,496
R6_LHS_04,control,V40_CPLUS_E8_C12_2T,S10,velocity,Y,1.2820674400780585,0.09991673605328841,0.09991673605328841,0.0,0.9780310988426208,0.007154461927711964,True,True,496
R6_LHS_04,control,V40_CPLUS_E8_C12_2T,S10_HYBRID,displacement,Z,6.207820338355384,0.06661115736885893,0.06661115736885893,0.0,0.99882972240448,0.0,True,True,508
R6_LHS_04,control,V40_CPLUS_E8_C12_2T,S10,velocity,Z,1.8973969845319418,0.09991673605328841,0.09991673605328841,0.0,0.9961597323417664,0.011936301365494728,True,True,508
R6_LHS_04,control,V40_C_E8_C12_2T,S10_HYBRID,displacement,X,3.4868070697874662,0.06661115736885893,0.06661115736885893,0.0,0.9941897392272949,0.0,True,True,496
R6_LHS_04,control,V40_C_E8_C12_2T,S10,velocity,X,1.1665872232323529,0.13322231473771787,0.13322231473771787,0.0,0.9091258645057678,-0.01132151298224926,True,True,496
R6_LHS_04,control,V40_C_E8_C12_2T,S10_HYBRID,displacement,Y,4.500267897975911,0.06661115736885893,0.06661115736885893,0.0,0.9956859946250916,0.0,True,True,496
R6_LHS_04,control,V40_C_E8_C12_2T,S10,velocity,Y,1.33251701720113,0.09991673605328841,0.09991673605328841,0.0,0.9798914790153503,-0.008777801878750324,True,True,496
R6_LHS_04,control,V40_C_E8_C12_2T,S10_HYBRID,displacement,Z,5.435807028021471,0.06661115736885893,0.06661115736885893,0.0,0.9977991580963135,0.0,True,True,508
R6_LHS_04,control,V40_C_E8_C12_2T,S10,velocity,Z,1.9939968962769818,0.09991673605328841,0.09991673605328841,0.0,0.9962280988693237,-0.015517755411565304,True,True,508
R6_LHS_04,control,V52_A_E8_C12_2T,S10_HYBRID,displacement,X,2.9369240042494327,0.09991673605328841,0.06661115736885893,0.033305578684429474,0.9617459774017334,-0.03958909586071968,True,True,496
R6_LHS_04,control,V52_A_E8_C12_2T,S10,velocity,X,1.0238122996154597,0.16652789342214733,0.16652789342214733,0.0,0.831845223903656,-0.04276750609278679,True,True,496
R6_LHS_04,control,V52_A_E8_C12_2T,S10_HYBRID,displacement,Y,4.104317473115497,0.06661115736885893,0.06661115736885893,0.0,0.9821200966835022,0.0,True,True,496
R6_LHS_04,control,V52_A_E8_C12_2T,S10,velocity,Y,1.2750850710128827,0.13322231473771787,0.13322231473771787,0.0,0.9875407218933105,-0.014101308770477772,True,True,496
R6_LHS_04,control,V52_A_E8_C12_2T,S10_HYBRID,displacement,Z,5.395004510827476,0.09991673605328841,0.09991673605328841,0.0,0.9957094192504883,-0.012725911103188992,True,True,508
R6_LHS_04,control,V52_A_E8_C12_2T,S10,velocity,Z,1.7303207504509368,0.13322231473771787,0.13322231473771787,0.0,0.9929028153419495,-0.026180975139141083,True,True,508
R6_LHS_04,control,V52_B_E8_C12_2T,S10_HYBRID,displacement,X,3.3821099461916715,0.09991673605328841,0.09991673605328841,0.0,0.9980233311653137,-0.006042342633008957,True,True,496
R6_LHS_04,control,V52_B_E8_C12_2T,S10,velocity,X,1.1274806329586728,0.16652789342214733,0.16652789342214733,0.0,0.9511886239051819,-0.008862188085913658,True,True,496
R6_LHS_04,control,V52_B_E8_C12_2T,S10_HYBRID,displacement,Y,4.336853303715666,0.06661115736885893,0.06661115736885893,0.0,0.9981410503387451,0.0,True,True,496
R6_LHS_04,control,V52_B_E8_C12_2T,S10,velocity,Y,1.3118892637549076,0.13322231473771787,0.13322231473771787,0.0,0.981831967830658,0.004700044170022011,True,True,496
R6_LHS_04,control,V52_B_E8_C12_2T,S10_HYBRID,displacement,Z,5.732275699462399,0.09991673605328841,0.09991673605328841,0.0,0.9993112683296204,0.011097637936472893,True,True,508
R6_LHS_04,control,V52_B_E8_C12_2T,S10,velocity,Z,1.8793248984905004,0.13322231473771787,0.13322231473771787,0.0,0.9965867400169373,-0.006082978565245867,True,True,508
R6_LHS_04,control,V52_CPLUS_E8_C12_2T,S10_HYBRID,displacement,X,4.0012414819830395,0.09991673605328841,0.09991673605328841,0.0,0.9910500645637512,0.01262185163795948,True,True,496
R6_LHS_04,control,V52_CPLUS_E8_C12_2T,S10,velocity,X,1.0205668540574182,0.16652789342214733,0.16652789342214733,0.0,0.8828446269035339,-0.010766442865133286,True,True,496
R6_LHS_04,control,V52_CPLUS_E8_C12_2T,S10_HYBRID,displacement,Y,4.973330342780744,0.06661115736885893,0.06661115736885893,0.0,0.9964824318885803,0.0,True,True,496
R6_LHS_04,control,V52_CPLUS_E8_C12_2T,S10,velocity,Y,1.0528604211829853,0.13322231473771787,0.13322231473771787,0.0,0.9820777177810669,-0.009668656624853611,True,True,496
R6_LHS_04,control,V52_CPLUS_E8_C12_2T,S10_HYBRID,displacement,Z,6.326720341006464,0.09991673605328841,0.09991673605328841,0.0,0.9977777600288391,-0.017829466611146927,True,True,508
R6_LHS_04,control,V52_CPLUS_E8_C12_2T,S10,velocity,Z,1.4783901279258076,0.13322231473771787,0.13322231473771787,0.0,0.9967201352119446,0.000642530620098114,True,True,508
R6_LHS_04,control,V52_C_E8_C12_2T,S10_HYBRID,displacement,X,3.652938561951146,0.09991673605328841,0.09991673605328841,0.0,0.9969820380210876,-0.00980105809867382,True,True,496
R6_LHS_04,control,V52_C_E8_C12_2T,S10,velocity,X,1.0319264784705504,0.16652789342214733,0.16652789342214733,0.0,0.9245020747184753,-0.013746323063969612,True,True,496
R6_LHS_04,control,V52_C_E8_C12_2T,S10_HYBRID,displacement,Y,4.568070169257403,0.06661115736885893,0.06661115736885893,0.0,0.9986395239830017,0.0,True,True,496
R6_LHS_04,control,V52_C_E8_C12_2T,S10,velocity,Y,0.9589810933887997,0.13322231473771787,0.13322231473771787,0.0,0.9884853959083557,0.0034593811724334955,True,True,496
R6_LHS_04,control,V52_C_E8_C12_2T,S10_HYBRID,displacement,Z,5.870984787630205,0.09991673605328841,0.09991673605328841,0.0,0.9989126324653625,0.0003255277988500893,True,True,508
R6_LHS_04,control,V52_C_E8_C12_2T,S10,velocity,Z,1.426436834132454,0.13322231473771787,0.13322231473771787,0.0,0.997679591178894,0.007818923331797123,True,True,508
