trial_id,variant,case_id,model,quantity,axis,node_relative_l2_median,node_relative_l2_p90,node_relative_l2_worst,node_relative_metrics_defined,valid_energy_node_count,predicted_hotspot_node_zero_based,target_hotspot_node_zero_based,hotspot_distance_m
R4_LHS_03,physics,BASE_C1_0T,S10_HYBRID,displacement,X,0.3849118798971176,1.282837152481079,8.511346817016602,True,496,437,437,0.0
R4_LHS_03,physics,BASE_C1_0T,S10,velocity,X,,,,False,0,0,0,0.0
COMMON_B2,common,BASE_C1_0T,B2,displacement,X,0.3849118798971176,1.282837152481079,8.511346817016602,True,496,437,437,0.0
R4_LHS_03,physics,BASE_C1_0T,S10_HYBRID,displacement,Y,0.03623479977250099,0.16594043374061584,2.5279083251953125,True,496,236,236,0.0
R4_LHS_03,physics,BASE_C1_0T,S10,velocity,Y,,,,False,0,0,0,0.0
COMMON_B2,common,BASE_C1_0T,B2,displacement,Y,0.03623479977250099,0.16594043374061584,2.5279083251953125,True,496,236,236,0.0
R4_LHS_03,physics,BASE_C1_0T,S10_HYBRID,displacement,Z,0.036849506199359894,0.04298714771866798,0.18115772306919098,True,508,226,226,0.0
R4_LHS_03,physics,BASE_C1_0T,S10,velocity,Z,,,,False,0,0,0,0.0
COMMON_B2,common,BASE_C1_0T,B2,displacement,Z,0.036849506199359894,0.04298714771866798,0.18115772306919098,True,508,226,226,0.0
R4_LHS_03,physics,BASE_C2_0T,S10_HYBRID,displacement,X,0.009949057828634977,0.014951025601476431,0.02436234802007675,True,496,433,433,0.0
R4_LHS_03,physics,BASE_C2_0T,S10,velocity,X,,,,False,0,0,0,0.0
COMMON_B2,common,BASE_C2_0T,B2,displacement,X,0.009949057828634977,0.014951025601476431,0.02436234802007675,True,496,433,433,0.0
R4_LHS_03,physics,BASE_C2_0T,S10_HYBRID,displacement,Y,0.06576468423008919,0.2308400273323059,2.650890350341797,True,496,236,236,0.0
R4_LHS_03,physics,BASE_C2_0T,S10,velocity,Y,,,,False,0,0,0,0.0
COMMON_B2,common,BASE_C2_0T,B2,displacement,Y,0.06576468423008919,0.2308400273323059,2.650890350341797,True,496,236,236,0.0
R4_LHS_03,physics,BASE_C2_0T,S10_HYBRID,displacement,Z,0.0647687166929245,0.06990576460957527,0.20205484330654144,True,508,443,443,0.0
R4_LHS_03,physics,BASE_C2_0T,S10,velocity,Z,,,,False,0,0,0,0.0
COMMON_B2,common,BASE_C2_0T,B2,displacement,Z,0.0647687166929245,0.06990576460957527,0.20205484330654144,True,508,443,443,0.0
R4_LHS_03,physics,BASE_C3_0T,S10_HYBRID,displacement,X,0.30600185692310333,0.9762547612190247,7.024093151092529,True,496,437,437,0.0
R4_LHS_03,physics,BASE_C3_0T,S10,velocity,X,,,,False,0,0,0,0.0
COMMON_B2,common,BASE_C3_0T,B2,displacement,X,0.30600185692310333,0.9762547612190247,7.024093151092529,True,496,437,437,0.0
R4_LHS_03,physics,BASE_C3_0T,S10_HYBRID,displacement,Y,0.02267469372600317,0.10797262564301491,1.7821738719940186,True,496,236,236,0.0
R4_LHS_03,physics,BASE_C3_0T,S10,velocity,Y,,,,False,0,0,0,0.0
COMMON_B2,common,BASE_C3_0T,B2,displacement,Y,0.02267469372600317,0.10797262564301491,1.7821738719940186,True,496,236,236,0.0
R4_LHS_03,physics,BASE_C3_0T,S10_HYBRID,displacement,Z,0.02197218593209982,0.026732088439166544,0.130360946059227,True,508,226,226,0.0
R4_LHS_03,physics,BASE_C3_0T,S10,velocity,Z,,,,False,0,0,0,0.0
COMMON_B2,common,BASE_C3_0T,B2,displacement,Z,0.02197218593209982,0.026732088439166544,0.130360946059227,True,508,226,226,0.0
R4_LHS_03,physics,BASE_C8_0T,S10_HYBRID,displacement,X,0.011419326532632113,0.017568781040608883,0.024327095597982407,True,496,433,433,0.0
R4_LHS_03,physics,BASE_C8_0T,S10,velocity,X,,,,False,0,0,0,0.0
COMMON_B2,common,BASE_C8_0T,B2,displacement,X,0.011419326532632113,0.017568781040608883,0.024327095597982407,True,496,433,433,0.0
R4_LHS_03,physics,BASE_C8_0T,S10_HYBRID,displacement,Y,0.02642172947525978,0.11787122115492821,1.5971720218658447,True,496,433,236,10.59715891150338
R4_LHS_03,physics,BASE_C8_0T,S10,velocity,Y,,,,False,0,0,0,0.0
COMMON_B2,common,BASE_C8_0T,B2,displacement,Y,0.02642172947525978,0.11787122115492821,1.5971720218658447,True,496,433,236,10.59715891150338
R4_LHS_03,physics,BASE_C8_0T,S10_HYBRID,displacement,Z,0.028570489026606083,0.03442755416035652,0.15942183136940002,True,508,443,443,0.0
R4_LHS_03,physics,BASE_C8_0T,S10,velocity,Z,,,,False,0,0,0,0.0
COMMON_B2,common,BASE_C8_0T,B2,displacement,Z,0.028570489026606083,0.03442755416035652,0.15942183136940002,True,508,443,443,0.0
R4_LHS_03,physics,V40_A_E1_C4_2T,S10_HYBRID,displacement,X,0.11156198009848595,0.1868983507156372,0.377422571182251,True,496,187,187,0.0
R4_LHS_03,physics,V40_A_E1_C4_2T,S10,velocity,X,0.4115015119314194,0.6528298556804657,0.9024854302406311,True,496,493,50,8.86000000000001
COMMON_B2,common,V40_A_E1_C4_2T,B2,displacement,X,0.08368762955069542,0.147922120988369,0.2865002751350403,True,496,187,187,0.0
R4_LHS_03,physics,V40_A_E1_C4_2T,S10_HYBRID,displacement,Y,0.05765917710959911,0.16851116716861725,0.4900400936603546,True,496,280,280,0.0
R4_LHS_03,physics,V40_A_E1_C4_2T,S10,velocity,Y,0.21067269146442413,0.49783769249916077,1.0453847646713257,True,496,266,266,0.0
COMMON_B2,common,V40_A_E1_C4_2T,B2,displacement,Y,0.032893430441617966,0.07202855125069618,0.1831149011850357,True,496,280,280,0.0
R4_LHS_03,physics,V40_A_E1_C4_2T,S10_HYBRID,displacement,Z,0.05756295844912529,0.07868122532963753,1.4780638217926025,True,508,443,361,0.5240000000000145
R4_LHS_03,physics,V40_A_E1_C4_2T,S10,velocity,Z,0.1573832556605339,0.2695834338665009,2.3341424465179443,True,508,265,265,0.0
COMMON_B2,common,V40_A_E1_C4_2T,B2,displacement,Z,0.04794677160680294,0.05950508266687393,0.14054562151432037,True,508,72,361,7.811999999999991
R4_LHS_03,physics,V40_B_E1_C4_2T,S10_HYBRID,displacement,X,0.1389344483613968,0.2885834276676178,0.7425856590270996,True,496,187,187,0.0
R4_LHS_03,physics,V40_B_E1_C4_2T,S10,velocity,X,0.4073854982852936,0.6521616578102112,0.9157030582427979,True,496,153,50,135.00101694431785
COMMON_B2,common,V40_B_E1_C4_2T,B2,displacement,X,0.1255417764186859,0.2570919543504715,0.5497499704360962,True,496,187,187,0.0
R4_LHS_03,physics,V40_B_E1_C4_2T,S10_HYBRID,displacement,Y,0.04857087507843971,0.15579983592033386,0.5080932378768921,True,496,280,280,0.0
R4_LHS_03,physics,V40_B_E1_C4_2T,S10,velocity,Y,0.20527072995901108,0.46250875294208527,1.0421704053878784,True,496,265,266,135.00458240048846
COMMON_B2,common,V40_B_E1_C4_2T,B2,displacement,Y,0.050160592421889305,0.09678597375750542,0.2130296230316162,True,496,280,280,0.0
R4_LHS_03,physics,V40_B_E1_C4_2T,S10_HYBRID,displacement,Z,0.04324626736342907,0.05830053202807904,0.7462125420570374,True,508,1,361,8.335999999999995
R4_LHS_03,physics,V40_B_E1_C4_2T,S10,velocity,Z,0.1421140432357788,0.26185382604599,1.790806531906128,True,508,265,265,0.0
COMMON_B2,common,V40_B_E1_C4_2T,B2,displacement,Z,0.06375505030155182,0.07510830238461494,0.18220803141593933,True,508,361,361,0.0
R4_LHS_03,physics,V40_CPLUS_E1_C4_2T,S10_HYBRID,displacement,X,0.09107734635472298,0.16700894385576248,0.32322585582733154,True,496,187,187,0.0
R4_LHS_03,physics,V40_CPLUS_E1_C4_2T,S10,velocity,X,0.38152487576007843,0.6393716633319855,0.863480806350708,True,496,153,493,135.25712142434497
COMMON_B2,common,V40_CPLUS_E1_C4_2T,B2,displacement,X,0.08747619390487671,0.1700100228190422,0.30625924468040466,True,496,187,187,0.0
R4_LHS_03,physics,V40_CPLUS_E1_C4_2T,S10_HYBRID,displacement,Y,0.03186732158064842,0.14826440066099167,0.41508978605270386,True,496,280,280,0.0
R4_LHS_03,physics,V40_CPLUS_E1_C4_2T,S10,velocity,Y,0.19506336748600006,0.49207746982574463,1.13136625289917,True,496,265,266,135.00458240048846
COMMON_B2,common,V40_CPLUS_E1_C4_2T,B2,displacement,Y,0.021513340063393116,0.05923634395003319,0.1547417789697647,True,496,280,280,0.0
R4_LHS_03,physics,V40_CPLUS_E1_C4_2T,S10_HYBRID,displacement,Z,0.02772795967757702,0.053058957681059844,1.177672028541565,True,508,443,361,0.5240000000000145
R4_LHS_03,physics,V40_CPLUS_E1_C4_2T,S10,velocity,Z,0.1454906016588211,0.2539086490869522,1.5460494756698608,True,508,265,265,0.0
COMMON_B2,common,V40_CPLUS_E1_C4_2T,B2,displacement,Z,0.0493180975317955,0.06263583600521087,0.20094338059425354,True,508,72,361,7.811999999999991
R4_LHS_03,physics,V40_C_E1_C4_2T,S10_HYBRID,displacement,X,0.13613971322774887,0.26820601522922516,0.6547595858573914,True,496,187,187,0.0
R4_LHS_03,physics,V40_C_E1_C4_2T,S10,velocity,X,0.3823304772377014,0.6224089860916138,0.9253562092781067,True,496,493,50,8.86000000000001
COMMON_B2,common,V40_C_E1_C4_2T,B2,displacement,X,0.123794324696064,0.25736525654792786,0.5210578441619873,True,496,187,187,0.0
R4_LHS_03,physics,V40_C_E1_C4_2T,S10_HYBRID,displacement,Y,0.043721433728933334,0.15272591263055801,0.5066777467727661,True,496,280,280,0.0
R4_LHS_03,physics,V40_C_E1_C4_2T,S10,velocity,Y,0.20378074795007706,0.43524911999702454,1.0114258527755737,True,496,266,198,1.2691934446726394
COMMON_B2,common,V40_C_E1_C4_2T,B2,displacement,Y,0.0480838343501091,0.0931016243994236,0.20922304689884186,True,496,280,280,0.0
R4_LHS_03,physics,V40_C_E1_C4_2T,S10_HYBRID,displacement,Z,0.03828970715403557,0.05382748171687127,0.8319163918495178,True,508,1,361,8.335999999999995
R4_LHS_03,physics,V40_C_E1_C4_2T,S10,velocity,Z,0.13944342732429504,0.2535383701324463,1.8361775875091553,True,508,265,265,0.0
COMMON_B2,common,V40_C_E1_C4_2T,B2,displacement,Z,0.06130775436758995,0.07131794914603233,0.20530903339385986,True,508,361,361,0.0
R4_LHS_03,physics,V52_A_E1_C4_2T,S10_HYBRID,displacement,X,0.09855109080672264,0.181301087141037,0.3628367781639099,True,496,187,187,0.0
R4_LHS_03,physics,V52_A_E1_C4_2T,S10,velocity,X,0.44422823190689087,0.7498860657215118,0.8911740779876709,True,496,50,50,0.0
COMMON_B2,common,V52_A_E1_C4_2T,B2,displacement,X,0.07955599576234818,0.13746848702430725,0.2609577775001526,True,496,187,187,0.0
R4_LHS_03,physics,V52_A_E1_C4_2T,S10_HYBRID,displacement,Y,0.03724457509815693,0.14413627237081528,0.4977041780948639,True,496,280,280,0.0
R4_LHS_03,physics,V52_A_E1_C4_2T,S10,velocity,Y,0.1941559687256813,0.3860039561986923,1.0436022281646729,True,496,266,266,0.0
COMMON_B2,common,V52_A_E1_C4_2T,B2,displacement,Y,0.022227109409868717,0.06822047755122185,0.19246013462543488,True,496,280,280,0.0
R4_LHS_03,physics,V52_A_E1_C4_2T,S10_HYBRID,displacement,Z,0.031711312010884285,0.05122333429753781,1.6916887760162354,True,508,361,72,7.811999999999991
R4_LHS_03,physics,V52_A_E1_C4_2T,S10,velocity,Z,0.175386443734169,0.26794312596321107,1.0909425020217896,True,508,265,265,0.0
COMMON_B2,common,V52_A_E1_C4_2T,B2,displacement,Z,0.04713752120733261,0.060406734421849254,0.11345943063497543,True,508,72,72,0.0
R4_LHS_03,physics,V52_B_E1_C4_2T,S10_HYBRID,displacement,X,0.11926524713635445,0.2218099981546402,0.39931580424308777,True,496,187,187,0.0
R4_LHS_03,physics,V52_B_E1_C4_2T,S10,velocity,X,0.4554586708545685,0.7163844108581543,0.891670823097229,True,496,70,493,135.2904268601441
COMMON_B2,common,V52_B_E1_C4_2T,B2,displacement,X,0.1118817925453186,0.25333619117736816,0.6020698547363281,True,496,187,187,0.0
R4_LHS_03,physics,V52_B_E1_C4_2T,S10_HYBRID,displacement,Y,0.04114353097975254,0.20726288110017776,0.7512897849082947,True,496,306,280,1.034716823373547
R4_LHS_03,physics,V52_B_E1_C4_2T,S10,velocity,Y,0.22654113173484802,0.4201442301273346,1.0301554203033447,True,496,266,296,1.2691934446726394
COMMON_B2,common,V52_B_E1_C4_2T,B2,displacement,Y,0.02848992310464382,0.07522492110729218,0.18263259530067444,True,496,280,280,0.0
R4_LHS_03,physics,V52_B_E1_C4_2T,S10_HYBRID,displacement,Z,0.037498963996768,0.06910134926438333,0.9194285869598389,True,508,72,361,7.811999999999991
R4_LHS_03,physics,V52_B_E1_C4_2T,S10,velocity,Z,0.17479445785284042,0.2797220289707184,1.2697890996932983,True,508,265,265,0.0
COMMON_B2,common,V52_B_E1_C4_2T,B2,displacement,Z,0.04913875833153725,0.0621715497225523,0.10827945172786713,True,508,72,361,7.811999999999991
R4_LHS_03,physics,V52_CPLUS_E1_C4_2T,S10_HYBRID,displacement,X,0.08703742176294327,0.16059522330760956,0.3040978014469147,True,496,187,187,0.0
R4_LHS_03,physics,V52_CPLUS_E1_C4_2T,S10,velocity,X,0.44423428177833557,0.7545883655548096,0.9249013066291809,True,496,50,493,8.86000000000001
COMMON_B2,common,V52_CPLUS_E1_C4_2T,B2,displacement,X,0.08072766661643982,0.15758445858955383,0.28774353861808777,True,496,187,187,0.0
R4_LHS_03,physics,V52_CPLUS_E1_C4_2T,S10_HYBRID,displacement,Y,0.03705932758748531,0.14245818555355072,0.500778317451477,True,496,280,280,0.0
R4_LHS_03,physics,V52_CPLUS_E1_C4_2T,S10,velocity,Y,0.1680443212389946,0.41222596168518066,1.0480456352233887,True,496,266,296,1.2691934446726394
COMMON_B2,common,V52_CPLUS_E1_C4_2T,B2,displacement,Y,0.022973107174038887,0.06063828431069851,0.1623980849981308,True,496,280,280,0.0
R4_LHS_03,physics,V52_CPLUS_E1_C4_2T,S10_HYBRID,displacement,Z,0.032166266813874245,0.05499314591288568,1.8894288539886475,True,508,361,361,0.0
R4_LHS_03,physics,V52_CPLUS_E1_C4_2T,S10,velocity,Z,0.11684403568506241,0.20993449240922932,1.1242064237594604,True,508,265,265,0.0
COMMON_B2,common,V52_CPLUS_E1_C4_2T,B2,displacement,Z,0.04367394559085369,0.054757986962795255,0.09873658418655396,True,508,361,361,0.0
R4_LHS_03,physics,V52_C_E1_C4_2T,S10_HYBRID,displacement,X,0.09631681069731712,0.1687665954232216,0.32412993907928467,True,496,187,187,0.0
R4_LHS_03,physics,V52_C_E1_C4_2T,S10,velocity,X,0.4325672537088394,0.7320086061954498,0.8741723299026489,True,496,50,493,8.86000000000001
COMMON_B2,common,V52_C_E1_C4_2T,B2,displacement,X,0.09299134090542793,0.16569898277521133,0.30237630009651184,True,496,187,187,0.0
R4_LHS_03,physics,V52_C_E1_C4_2T,S10_HYBRID,displacement,Y,0.04547390528023243,0.15383535623550415,0.48196014761924744,True,496,280,280,0.0
R4_LHS_03,physics,V52_C_E1_C4_2T,S10,velocity,Y,0.16953619569540024,0.3951210379600525,1.0679064989089966,True,496,266,266,0.0
COMMON_B2,common,V52_C_E1_C4_2T,B2,displacement,Y,0.029213116504251957,0.06929576396942139,0.1919744908809662,True,496,280,280,0.0
R4_LHS_03,physics,V52_C_E1_C4_2T,S10_HYBRID,displacement,Z,0.04351293854415417,0.061275925114750864,1.1127172708511353,True,508,224,361,3.9059999999999957
R4_LHS_03,physics,V52_C_E1_C4_2T,S10,velocity,Z,0.11302559822797775,0.2244213372468949,1.7202110290527344,True,508,265,265,0.0
COMMON_B2,common,V52_C_E1_C4_2T,B2,displacement,Z,0.04433738254010677,0.05357182659208774,0.09502442181110382,True,508,361,361,0.0
R4_LHS_03,physics,V40_A_E2_C5_2T,S10_HYBRID,displacement,X,0.019579938612878323,0.045000288635492325,0.10303327441215515,True,496,433,433,0.0
R4_LHS_03,physics,V40_A_E2_C5_2T,S10,velocity,X,0.7376886010169983,1.1771544814109802,1.3228435516357422,True,496,153,153,0.0
COMMON_B2,common,V40_A_E2_C5_2T,B2,displacement,X,0.017359700053930283,0.03424549475312233,0.0759122297167778,True,496,433,433,0.0
R4_LHS_03,physics,V40_A_E2_C5_2T,S10_HYBRID,displacement,Y,0.05365999415516853,0.19809763133525848,0.7967618107795715,True,496,306,280,1.034716823373547
R4_LHS_03,physics,V40_A_E2_C5_2T,S10,velocity,Y,0.24552585929632187,0.48206672072410583,1.0946745872497559,True,496,265,316,2.117891640824903
COMMON_B2,common,V40_A_E2_C5_2T,B2,displacement,Y,0.02965150959789753,0.0763913057744503,0.18816280364990234,True,496,280,280,0.0
R4_LHS_03,physics,V40_A_E2_C5_2T,S10_HYBRID,displacement,Z,0.05321933701634407,0.08648667559027672,1.0943948030471802,True,508,1,443,8.86000000000001
R4_LHS_03,physics,V40_A_E2_C5_2T,S10,velocity,Z,0.15729589015245438,0.24894707947969438,1.8857319355010986,True,508,265,265,0.0
COMMON_B2,common,V40_A_E2_C5_2T,B2,displacement,Z,0.054098401218652725,0.06939641758799553,0.1605616956949234,True,508,443,443,0.0
R4_LHS_03,physics,V40_B_E2_C5_2T,S10_HYBRID,displacement,X,0.02029502112418413,0.03868738189339638,0.0849677175283432,True,496,433,433,0.0
R4_LHS_03,physics,V40_B_E2_C5_2T,S10,velocity,X,0.6321386396884918,0.7669410109519958,0.8851293921470642,True,496,50,493,8.86000000000001
COMMON_B2,common,V40_B_E2_C5_2T,B2,displacement,X,0.018151652067899704,0.03761331923305988,0.0883866548538208,True,496,433,433,0.0
R4_LHS_03,physics,V40_B_E2_C5_2T,S10_HYBRID,displacement,Y,0.04128836654126644,0.14032669365406036,0.5649920105934143,True,496,280,280,0.0
R4_LHS_03,physics,V40_B_E2_C5_2T,S10,velocity,Y,0.20812010020017624,0.4629143625497818,1.0263742208480835,True,496,266,266,0.0
COMMON_B2,common,V40_B_E2_C5_2T,B2,displacement,Y,0.02023985516279936,0.057527465745806694,0.19142916798591614,True,496,280,280,0.0
R4_LHS_03,physics,V40_B_E2_C5_2T,S10_HYBRID,displacement,Z,0.031230319291353226,0.05187250971794129,1.9328889846801758,True,508,443,443,0.0
R4_LHS_03,physics,V40_B_E2_C5_2T,S10,velocity,Z,0.14434663206338882,0.2448832869529724,1.3528743982315063,True,508,265,265,0.0
COMMON_B2,common,V40_B_E2_C5_2T,B2,displacement,Z,0.0404964592307806,0.051462597027420995,0.17533107101917267,True,508,443,443,0.0
R4_LHS_03,physics,V40_CPLUS_E2_C5_2T,S10_HYBRID,displacement,X,0.02599289547652006,0.05158050172030926,0.1261643022298813,True,496,433,433,0.0
R4_LHS_03,physics,V40_CPLUS_E2_C5_2T,S10,velocity,X,0.4471054673194885,0.6255989670753479,0.8498545289039612,True,496,153,153,0.0
COMMON_B2,common,V40_CPLUS_E2_C5_2T,B2,displacement,X,0.021189311519265175,0.0551166757941246,0.12254346907138824,True,496,433,433,0.0
R4_LHS_03,physics,V40_CPLUS_E2_C5_2T,S10_HYBRID,displacement,Y,0.04403001628816128,0.13835440576076508,0.5425398945808411,True,496,280,280,0.0
R4_LHS_03,physics,V40_CPLUS_E2_C5_2T,S10,velocity,Y,0.18671834468841553,0.4331385940313339,0.9730342030525208,True,496,266,296,1.2691934446726394
COMMON_B2,common,V40_CPLUS_E2_C5_2T,B2,displacement,Y,0.020367057994008064,0.05785887688398361,0.15426521003246307,True,496,280,280,0.0
R4_LHS_03,physics,V40_CPLUS_E2_C5_2T,S10_HYBRID,displacement,Z,0.034902483224868774,0.0572915218770504,2.0230422019958496,True,508,443,443,0.0
R4_LHS_03,physics,V40_CPLUS_E2_C5_2T,S10,velocity,Z,0.12164358794689178,0.2251145780086518,1.223661184310913,True,508,265,265,0.0
COMMON_B2,common,V40_CPLUS_E2_C5_2T,B2,displacement,Z,0.04800033941864967,0.06099519543349743,0.21258150041103363,True,508,1,443,8.86000000000001
R4_LHS_03,physics,V40_C_E2_C5_2T,S10_HYBRID,displacement,X,0.0249111233279109,0.056179191917181015,0.13080906867980957,True,496,433,433,0.0
R4_LHS_03,physics,V40_C_E2_C5_2T,S10,velocity,X,0.5586615800857544,0.8211022615432739,0.897991955280304,True,496,153,493,135.25712142434497
COMMON_B2,common,V40_C_E2_C5_2T,B2,displacement,X,0.02306031994521618,0.04644196480512619,0.11020827293395996,True,496,433,433,0.0
R4_LHS_03,physics,V40_C_E2_C5_2T,S10_HYBRID,displacement,Y,0.045445794239640236,0.1943790689110756,0.8511129021644592,True,496,280,280,0.0
R4_LHS_03,physics,V40_C_E2_C5_2T,S10,velocity,Y,0.20600773394107819,0.4171890616416931,1.0114662647247314,True,496,265,265,0.0
COMMON_B2,common,V40_C_E2_C5_2T,B2,displacement,Y,0.0288754440844059,0.06780987232923508,0.18172787129878998,True,496,280,280,0.0
R4_LHS_03,physics,V40_C_E2_C5_2T,S10_HYBRID,displacement,Z,0.0466356985270977,0.08985307440161705,0.7836909294128418,True,508,72,443,8.336000000000006
R4_LHS_03,physics,V40_C_E2_C5_2T,S10,velocity,Z,0.11452661454677582,0.22525749653577806,1.5568442344665527,True,508,265,265,0.0
COMMON_B2,common,V40_C_E2_C5_2T,B2,displacement,Z,0.049542004242539406,0.06277732700109481,0.19923797249794006,True,508,443,443,0.0
R4_LHS_03,physics,V52_A_E2_C5_2T,S10_HYBRID,displacement,X,0.013307312037795782,0.02911248989403248,0.06255636364221573,True,496,36,36,0.0
R4_LHS_03,physics,V52_A_E2_C5_2T,S10,velocity,X,0.6606243550777435,0.9311359822750092,1.034674048423767,True,496,50,493,8.86000000000001
COMMON_B2,common,V52_A_E2_C5_2T,B2,displacement,X,0.01419403962790966,0.028186604380607605,0.06104900687932968,True,496,36,36,0.0
R4_LHS_03,physics,V52_A_E2_C5_2T,S10_HYBRID,displacement,Y,0.035461485385894775,0.16111789643764496,0.46270716190338135,True,496,280,280,0.0
R4_LHS_03,physics,V52_A_E2_C5_2T,S10,velocity,Y,0.19066433608531952,0.4259819835424423,1.0777448415756226,True,496,266,266,0.0
COMMON_B2,common,V52_A_E2_C5_2T,B2,displacement,Y,0.03866663575172424,0.07497384771704674,0.19250106811523438,True,496,280,280,0.0
R4_LHS_03,physics,V52_A_E2_C5_2T,S10_HYBRID,displacement,Z,0.032844556495547295,0.05721124894917012,1.6010606288909912,True,508,443,443,0.0
R4_LHS_03,physics,V52_A_E2_C5_2T,S10,velocity,Z,0.1264619305729866,0.2372719153761864,2.1353421211242676,True,508,265,265,0.0
COMMON_B2,common,V52_A_E2_C5_2T,B2,displacement,Z,0.048695316538214684,0.060338642448186874,0.10619021207094193,True,508,443,443,0.0
R4_LHS_03,physics,V52_B_E2_C5_2T,S10_HYBRID,displacement,X,0.017527743242681026,0.03810204938054085,0.08000530302524567,True,496,36,36,0.0
R4_LHS_03,physics,V52_B_E2_C5_2T,S10,velocity,X,0.6110604405403137,0.7247083187103271,0.9268525242805481,True,496,50,441,135.25712142434497
COMMON_B2,common,V52_B_E2_C5_2T,B2,displacement,X,0.020502290688455105,0.036849215626716614,0.08318981528282166,True,496,36,36,0.0
R4_LHS_03,physics,V52_B_E2_C5_2T,S10_HYBRID,displacement,Y,0.041859595105051994,0.15717314928770065,0.4623035788536072,True,496,306,280,1.034716823373547
R4_LHS_03,physics,V52_B_E2_C5_2T,S10,velocity,Y,0.19009380042552948,0.42219921946525574,1.0966203212738037,True,496,266,198,1.2691934446726394
COMMON_B2,common,V52_B_E2_C5_2T,B2,displacement,Y,0.047786906361579895,0.0982089452445507,0.2053316980600357,True,496,280,280,0.0
R4_LHS_03,physics,V52_B_E2_C5_2T,S10_HYBRID,displacement,Z,0.04134543053805828,0.0591495055705309,0.7073032855987549,True,508,1,443,8.86000000000001
R4_LHS_03,physics,V52_B_E2_C5_2T,S10,velocity,Z,0.12685471773147583,0.23030110299587253,1.4310816526412964,True,508,265,265,0.0
COMMON_B2,common,V52_B_E2_C5_2T,B2,displacement,Z,0.0626952238380909,0.0749458521604538,0.12244396656751633,True,508,1,443,8.86000000000001
R4_LHS_03,physics,V52_CPLUS_E2_C5_2T,S10_HYBRID,displacement,X,0.02227610070258379,0.045943453907966614,0.09537042677402496,True,496,208,208,0.0
R4_LHS_03,physics,V52_CPLUS_E2_C5_2T,S10,velocity,X,0.5669775903224945,0.7144680917263031,0.9041488766670227,True,496,50,50,0.0
COMMON_B2,common,V52_CPLUS_E2_C5_2T,B2,displacement,X,0.020619855262339115,0.048742976039648056,0.1061355471611023,True,496,208,208,0.0
R4_LHS_03,physics,V52_CPLUS_E2_C5_2T,S10_HYBRID,displacement,Y,0.03260764665901661,0.14488325268030167,0.4076794683933258,True,496,280,280,0.0
R4_LHS_03,physics,V52_CPLUS_E2_C5_2T,S10,velocity,Y,0.18834546208381653,0.4752843528985977,1.385746717453003,True,496,266,266,0.0
COMMON_B2,common,V52_CPLUS_E2_C5_2T,B2,displacement,Y,0.026195310056209564,0.06429003551602364,0.16650483012199402,True,496,280,280,0.0
R4_LHS_03,physics,V52_CPLUS_E2_C5_2T,S10_HYBRID,displacement,Z,0.028836828656494617,0.05412849597632886,1.2551239728927612,True,508,443,1,8.86000000000001
R4_LHS_03,physics,V52_CPLUS_E2_C5_2T,S10,velocity,Z,0.13278785347938538,0.23246034234762197,1.488905906677246,True,508,265,265,0.0
COMMON_B2,common,V52_CPLUS_E2_C5_2T,B2,displacement,Z,0.04689989611506462,0.05858350954949856,0.09947634488344193,True,508,443,1,8.86000000000001
R4_LHS_03,physics,V52_C_E2_C5_2T,S10_HYBRID,displacement,X,0.02087302040308714,0.0385112464427948,0.08122909814119339,True,496,36,36,0.0
R4_LHS_03,physics,V52_C_E2_C5_2T,S10,velocity,X,0.6143214106559753,0.8637272715568542,0.9778003096580505,True,496,50,50,0.0
COMMON_B2,common,V52_C_E2_C5_2T,B2,displacement,X,0.019102745689451694,0.04052652604877949,0.0938379168510437,True,496,36,36,0.0
R4_LHS_03,physics,V52_C_E2_C5_2T,S10_HYBRID,displacement,Y,0.03310547024011612,0.14607690274715424,0.3655441105365753,True,496,280,280,0.0
R4_LHS_03,physics,V52_C_E2_C5_2T,S10,velocity,Y,0.19171864539384842,0.4636352062225342,1.3522764444351196,True,496,266,266,0.0
COMMON_B2,common,V52_C_E2_C5_2T,B2,displacement,Y,0.021773028187453747,0.06212044134736061,0.19241347908973694,True,496,280,280,0.0
R4_LHS_03,physics,V52_C_E2_C5_2T,S10_HYBRID,displacement,Z,0.02788667194545269,0.04877389259636403,1.147757887840271,True,508,443,443,0.0
R4_LHS_03,physics,V52_C_E2_C5_2T,S10,velocity,Z,0.13074801117181778,0.23884779661893848,1.3945866823196411,True,508,265,265,0.0
COMMON_B2,common,V52_C_E2_C5_2T,B2,displacement,Z,0.039946360513567924,0.05035000182688236,0.09987707436084747,True,508,1,443,8.86000000000001
R4_LHS_03,physics,V40_A_E3_C6_1T,S10_HYBRID,displacement,X,0.08571064099669456,0.19393261522054672,0.7435848712921143,True,496,433,433,0.0
R4_LHS_03,physics,V40_A_E3_C6_1T,S10,velocity,X,0.42442479729652405,0.6576063334941864,0.9356656074523926,True,496,153,50,135.00101694431785
COMMON_B2,common,V40_A_E3_C6_1T,B2,displacement,X,0.0759526789188385,0.1557372361421585,0.37863630056381226,True,496,433,433,0.0
R4_LHS_03,physics,V40_A_E3_C6_1T,S10_HYBRID,displacement,Y,0.028584452345967293,0.1560976877808571,0.5899239778518677,True,496,207,207,0.0
R4_LHS_03,physics,V40_A_E3_C6_1T,S10,velocity,Y,0.25912483036518097,0.6451273858547211,1.294870376586914,True,496,265,265,0.0
COMMON_B2,common,V40_A_E3_C6_1T,B2,displacement,Y,0.023461049422621727,0.06023605167865753,0.2555784583091736,True,496,207,207,0.0
R4_LHS_03,physics,V40_A_E3_C6_1T,S10_HYBRID,displacement,Z,0.01658735889941454,0.027280868217349055,0.27950742840766907,True,508,72,72,0.0
R4_LHS_03,physics,V40_A_E3_C6_1T,S10,velocity,Z,0.12519405782222748,0.20001255422830594,1.9293376207351685,True,508,265,265,0.0
COMMON_B2,common,V40_A_E3_C6_1T,B2,displacement,Z,0.025608530268073082,0.027778777107596398,0.05216727778315544,True,508,72,72,0.0
R4_LHS_03,physics,V40_B_E3_C6_1T,S10_HYBRID,displacement,X,0.09246862679719925,0.20689423382282257,0.8184066414833069,True,496,433,433,0.0
R4_LHS_03,physics,V40_B_E3_C6_1T,S10,velocity,X,0.4033939987421036,0.6261948049068451,0.9176895618438721,True,496,153,70,0.524
COMMON_B2,common,V40_B_E3_C6_1T,B2,displacement,X,0.07069548591971397,0.1671593189239502,0.39675647020339966,True,496,433,433,0.0
R4_LHS_03,physics,V40_B_E3_C6_1T,S10_HYBRID,displacement,Y,0.04007563926279545,0.17506716400384903,0.651005208492279,True,496,207,207,0.0
R4_LHS_03,physics,V40_B_E3_C6_1T,S10,velocity,Y,0.26422668993473053,0.6423358619213104,1.240848422050476,True,496,265,265,0.0
COMMON_B2,common,V40_B_E3_C6_1T,B2,displacement,Y,0.02783583290874958,0.07412145286798477,0.2728801369667053,True,496,207,207,0.0
R4_LHS_03,physics,V40_B_E3_C6_1T,S10_HYBRID,displacement,Z,0.02148392889648676,0.03023242689669132,0.7862516045570374,True,508,1,72,0.5240000000000045
R4_LHS_03,physics,V40_B_E3_C6_1T,S10,velocity,Z,0.12067052721977234,0.22043286412954333,1.6292606592178345,True,508,265,265,0.0
COMMON_B2,common,V40_B_E3_C6_1T,B2,displacement,Z,0.026430098339915276,0.028016578033566476,0.0651003047823906,True,508,72,72,0.0
R4_LHS_03,physics,V40_CPLUS_E3_C6_1T,S10_HYBRID,displacement,X,0.10810266435146332,0.2479390799999237,0.7719031572341919,True,496,433,433,0.0
R4_LHS_03,physics,V40_CPLUS_E3_C6_1T,S10,velocity,X,0.4695303440093994,0.7092224955558777,0.9201605916023254,True,496,153,50,135.00101694431785
COMMON_B2,common,V40_CPLUS_E3_C6_1T,B2,displacement,X,0.07574634253978729,0.16717463731765747,0.4655972719192505,True,496,433,433,0.0
R4_LHS_03,physics,V40_CPLUS_E3_C6_1T,S10_HYBRID,displacement,Y,0.04595745913684368,0.2382902055978775,1.345306396484375,True,496,207,207,0.0
R4_LHS_03,physics,V40_CPLUS_E3_C6_1T,S10,velocity,Y,0.29722750186920166,0.6417256593704224,1.1014630794525146,True,496,265,198,135.0166118112963
COMMON_B2,common,V40_CPLUS_E3_C6_1T,B2,displacement,Y,0.031125149689614773,0.07266824319958687,0.2208687663078308,True,496,207,207,0.0
R4_LHS_03,physics,V40_CPLUS_E3_C6_1T,S10_HYBRID,displacement,Z,0.023061244748532772,0.04701109379529953,0.3351040184497833,True,508,1,72,0.5240000000000045
R4_LHS_03,physics,V40_CPLUS_E3_C6_1T,S10,velocity,Z,0.17183659970760345,0.27139635384082794,1.3423947095870972,True,508,265,265,0.0
COMMON_B2,common,V40_CPLUS_E3_C6_1T,B2,displacement,Z,0.03403603471815586,0.03720021694898605,0.08610814064741135,True,508,72,72,0.0
R4_LHS_03,physics,V40_C_E3_C6_1T,S10_HYBRID,displacement,X,0.09857285022735596,0.1921810582280159,0.6412770748138428,True,496,433,433,0.0
R4_LHS_03,physics,V40_C_E3_C6_1T,S10,velocity,X,0.4075879603624344,0.5948878526687622,0.8893919587135315,True,496,50,153,135.00101694431785
COMMON_B2,common,V40_C_E3_C6_1T,B2,displacement,X,0.0675225779414177,0.16934482008218765,0.37687796354293823,True,496,433,433,0.0
R4_LHS_03,physics,V40_C_E3_C6_1T,S10_HYBRID,displacement,Y,0.03157207742333412,0.16665615886449814,0.8074256181716919,True,496,207,207,0.0
R4_LHS_03,physics,V40_C_E3_C6_1T,S10,velocity,Y,0.270023375749588,0.6246584057807922,1.0703717470169067,True,496,265,265,0.0
COMMON_B2,common,V40_C_E3_C6_1T,B2,displacement,Y,0.02377375029027462,0.06104196235537529,0.26672494411468506,True,496,207,207,0.0
R4_LHS_03,physics,V40_C_E3_C6_1T,S10_HYBRID,displacement,Z,0.014930505771189928,0.0277137003839016,0.7264317870140076,True,508,72,72,0.0
R4_LHS_03,physics,V40_C_E3_C6_1T,S10,velocity,Z,0.14081332832574844,0.24243991672992712,1.3141982555389404,True,508,265,265,0.0
COMMON_B2,common,V40_C_E3_C6_1T,B2,displacement,Z,0.027169378474354744,0.029564211331307887,0.07444054633378983,True,508,72,72,0.0
R4_LHS_03,physics,V52_A_E3_C6_1T,S10_HYBRID,displacement,X,0.08394990861415863,0.17771726846694946,0.7128872275352478,True,496,433,433,0.0
R4_LHS_03,physics,V52_A_E3_C6_1T,S10,velocity,X,0.5625449120998383,0.7715305387973785,0.9526158571243286,True,496,50,50,0.0
COMMON_B2,common,V52_A_E3_C6_1T,B2,displacement,X,0.057657698169350624,0.13921743631362915,0.35556551814079285,True,496,433,433,0.0
R4_LHS_03,physics,V52_A_E3_C6_1T,S10_HYBRID,displacement,Y,0.02399956528097391,0.14834138751029968,0.7270424962043762,True,496,207,207,0.0
R4_LHS_03,physics,V52_A_E3_C6_1T,S10,velocity,Y,0.31448762118816376,0.5694321990013123,1.0285556316375732,True,496,265,296,135.0166118112963
COMMON_B2,common,V52_A_E3_C6_1T,B2,displacement,Y,0.021633022464811802,0.05833570472896099,0.2568792402744293,True,496,207,207,0.0
R4_LHS_03,physics,V52_A_E3_C6_1T,S10_HYBRID,displacement,Z,0.01394596928730607,0.022789045609533785,0.7433165907859802,True,508,72,72,0.0
R4_LHS_03,physics,V52_A_E3_C6_1T,S10,velocity,Z,0.1262168362736702,0.20809400081634524,1.1602083444595337,True,508,265,265,0.0
COMMON_B2,common,V52_A_E3_C6_1T,B2,displacement,Z,0.024501530453562737,0.026500854082405566,0.05141062289476395,True,508,72,72,0.0
R4_LHS_03,physics,V52_B_E3_C6_1T,S10_HYBRID,displacement,X,0.08302070200443268,0.1928149238228798,0.6826257109642029,True,496,433,433,0.0
R4_LHS_03,physics,V52_B_E3_C6_1T,S10,velocity,X,0.5184843838214874,0.7335351407527924,0.995542049407959,True,496,50,50,0.0
COMMON_B2,common,V52_B_E3_C6_1T,B2,displacement,X,0.0705048069357872,0.16419460624456406,0.3877456784248352,True,496,433,433,0.0
R4_LHS_03,physics,V52_B_E3_C6_1T,S10_HYBRID,displacement,Y,0.025330718606710434,0.15162651985883713,0.5188258290290833,True,496,207,207,0.0
R4_LHS_03,physics,V52_B_E3_C6_1T,S10,velocity,Y,0.24501978605985641,0.5622433423995972,1.4137994050979614,True,496,266,198,1.2691934446726394
COMMON_B2,common,V52_B_E3_C6_1T,B2,displacement,Y,0.021340067498385906,0.05774295888841152,0.2665916383266449,True,496,207,207,0.0
R4_LHS_03,physics,V52_B_E3_C6_1T,S10_HYBRID,displacement,Z,0.015067674219608307,0.026859431341290475,0.34240853786468506,True,508,72,72,0.0
R4_LHS_03,physics,V52_B_E3_C6_1T,S10,velocity,Z,0.1254526451230049,0.221265707910061,1.3903850317001343,True,508,265,265,0.0
COMMON_B2,common,V52_B_E3_C6_1T,B2,displacement,Z,0.023439968936145306,0.025350509397685527,0.060754045844078064,True,508,72,72,0.0
R4_LHS_03,physics,V52_CPLUS_E3_C6_1T,S10_HYBRID,displacement,X,0.08672729507088661,0.2050817608833313,0.7216011881828308,True,496,433,433,0.0
R4_LHS_03,physics,V52_CPLUS_E3_C6_1T,S10,velocity,X,0.5346827507019043,0.7352993190288544,0.9556857347488403,True,496,50,50,0.0
COMMON_B2,common,V52_CPLUS_E3_C6_1T,B2,displacement,X,0.09335645288228989,0.1915937140583992,0.4940323829650879,True,496,433,433,0.0
R4_LHS_03,physics,V52_CPLUS_E3_C6_1T,S10_HYBRID,displacement,Y,0.039949676021933556,0.14551948755979538,0.5555798411369324,True,496,207,207,0.0
R4_LHS_03,physics,V52_CPLUS_E3_C6_1T,S10,velocity,Y,0.23895184695720673,0.58161461353302,1.0731834173202515,True,496,266,266,0.0
COMMON_B2,common,V52_CPLUS_E3_C6_1T,B2,displacement,Y,0.05095802992582321,0.10496867448091507,0.2607138752937317,True,496,207,207,0.0
R4_LHS_03,physics,V52_CPLUS_E3_C6_1T,S10_HYBRID,displacement,Z,0.030190487392246723,0.03622890524566174,0.45763877034187317,True,508,1,72,0.5240000000000045
R4_LHS_03,physics,V52_CPLUS_E3_C6_1T,S10,velocity,Z,0.1338438019156456,0.25020565092563635,1.3923760652542114,True,508,265,265,0.0
COMMON_B2,common,V52_CPLUS_E3_C6_1T,B2,displacement,Z,0.047232793644070625,0.04934532716870308,0.08961386233568192,True,508,72,72,0.0
R4_LHS_03,physics,V52_C_E3_C6_1T,S10_HYBRID,displacement,X,0.0974087081849575,0.20904503017663956,0.7422926425933838,True,496,433,433,0.0
R4_LHS_03,physics,V52_C_E3_C6_1T,S10,velocity,X,0.5498482882976532,0.7385750114917755,0.9398371577262878,True,496,50,70,135.0
COMMON_B2,common,V52_C_E3_C6_1T,B2,displacement,X,0.10261505842208862,0.20747999101877213,0.49044960737228394,True,496,433,433,0.0
R4_LHS_03,physics,V52_C_E3_C6_1T,S10_HYBRID,displacement,Y,0.03699546493589878,0.16277488321065903,0.5630131363868713,True,496,207,207,0.0
R4_LHS_03,physics,V52_C_E3_C6_1T,S10,velocity,Y,0.2494942918419838,0.5667023956775665,1.1366976499557495,True,496,265,266,135.00458240048846
COMMON_B2,common,V52_C_E3_C6_1T,B2,displacement,Y,0.04560748115181923,0.11055894941091537,0.28006741404533386,True,496,207,207,0.0
R4_LHS_03,physics,V52_C_E3_C6_1T,S10_HYBRID,displacement,Z,0.022171394899487495,0.026958931237459183,0.36325007677078247,True,508,1,72,0.5240000000000045
R4_LHS_03,physics,V52_C_E3_C6_1T,S10,velocity,Z,0.12648306787014008,0.23051982223987583,1.3097749948501587,True,508,265,265,0.0
COMMON_B2,common,V52_C_E3_C6_1T,B2,displacement,Z,0.03752192482352257,0.038901321962475775,0.07418403029441833,True,508,72,72,0.0
R4_LHS_03,physics,V40_A_E4_C7_1T,S10_HYBRID,displacement,X,0.017584919929504395,0.03937617503106594,0.10161222517490387,True,496,433,433,0.0
R4_LHS_03,physics,V40_A_E4_C7_1T,S10,velocity,X,0.7245050370693207,0.8289278149604797,0.9093000292778015,True,496,153,50,135.00101694431785
COMMON_B2,common,V40_A_E4_C7_1T,B2,displacement,X,0.0172222713008523,0.03129802085459232,0.05543265491724014,True,496,433,433,0.0
R4_LHS_03,physics,V40_A_E4_C7_1T,S10_HYBRID,displacement,Y,0.03931217081844807,0.18536970764398575,0.5652135610580444,True,496,207,207,0.0
R4_LHS_03,physics,V40_A_E4_C7_1T,S10,velocity,Y,0.2865150421857834,0.6789769530296326,1.267306923866272,True,496,265,265,0.0
COMMON_B2,common,V40_A_E4_C7_1T,B2,displacement,Y,0.04588206484913826,0.11741990968585014,0.2873787581920624,True,496,207,207,0.0
R4_LHS_03,physics,V40_A_E4_C7_1T,S10_HYBRID,displacement,Z,0.02391678187996149,0.030054725892841815,0.22867071628570557,True,508,1,1,0.0
R4_LHS_03,physics,V40_A_E4_C7_1T,S10,velocity,Z,0.10492187738418579,0.17998785227537156,1.673898696899414,True,508,265,265,0.0
COMMON_B2,common,V40_A_E4_C7_1T,B2,displacement,Z,0.0399506613612175,0.04143379367887974,0.06303577125072479,True,508,443,1,8.86000000000001
R4_LHS_03,physics,V40_B_E4_C7_1T,S10_HYBRID,displacement,X,0.01671716570854187,0.040528010576963425,0.11687517911195755,True,496,433,433,0.0
R4_LHS_03,physics,V40_B_E4_C7_1T,S10,velocity,X,0.6456923186779022,0.7750761806964874,0.9360737800598145,True,496,50,50,0.0
COMMON_B2,common,V40_B_E4_C7_1T,B2,displacement,X,0.015271852724254131,0.029448632150888443,0.06252621114253998,True,496,433,433,0.0
R4_LHS_03,physics,V40_B_E4_C7_1T,S10_HYBRID,displacement,Y,0.025016016326844692,0.16190216690301895,0.6278098225593567,True,496,207,207,0.0
R4_LHS_03,physics,V40_B_E4_C7_1T,S10,velocity,Y,0.2499881163239479,0.6630558967590332,1.3471314907073975,True,496,266,265,135.00458240048846
COMMON_B2,common,V40_B_E4_C7_1T,B2,displacement,Y,0.02550680935382843,0.06615432351827621,0.2630913555622101,True,496,207,207,0.0
R4_LHS_03,physics,V40_B_E4_C7_1T,S10_HYBRID,displacement,Z,0.013345066457986832,0.025392010249197485,0.7739018797874451,True,508,1,1,0.0
R4_LHS_03,physics,V40_B_E4_C7_1T,S10,velocity,Z,0.09315568208694458,0.19339375793933872,2.168027639389038,True,508,265,265,0.0
COMMON_B2,common,V40_B_E4_C7_1T,B2,displacement,Z,0.024448913522064686,0.026127177663147448,0.06345566362142563,True,508,1,1,0.0
R4_LHS_03,physics,V40_CPLUS_E4_C7_1T,S10_HYBRID,displacement,X,0.024161900393664837,0.05318116582930088,0.13877688348293304,True,496,433,433,0.0
R4_LHS_03,physics,V40_CPLUS_E4_C7_1T,S10,velocity,X,0.528184175491333,0.7131792306900024,0.8495063781738281,True,496,50,153,135.00101694431785
COMMON_B2,common,V40_CPLUS_E4_C7_1T,B2,displacement,X,0.016892368905246258,0.0381881408393383,0.081025630235672,True,496,433,433,0.0
R4_LHS_03,physics,V40_CPLUS_E4_C7_1T,S10_HYBRID,displacement,Y,0.039071887731552124,0.1588742807507515,0.6672884225845337,True,496,207,207,0.0
R4_LHS_03,physics,V40_CPLUS_E4_C7_1T,S10,velocity,Y,0.23499415814876556,0.6083371639251709,1.2960143089294434,True,496,266,266,0.0
COMMON_B2,common,V40_CPLUS_E4_C7_1T,B2,displacement,Y,0.027786836959421635,0.06343189999461174,0.2038917988538742,True,496,207,207,0.0
R4_LHS_03,physics,V40_CPLUS_E4_C7_1T,S10_HYBRID,displacement,Z,0.019361961632966995,0.0337027806788683,0.9569107890129089,True,508,72,1,0.5240000000000045
R4_LHS_03,physics,V40_CPLUS_E4_C7_1T,S10,velocity,Z,0.12151744589209557,0.22411900460720063,1.4456688165664673,True,508,265,265,0.0
COMMON_B2,common,V40_CPLUS_E4_C7_1T,B2,displacement,Z,0.0350999366492033,0.03815312683582306,0.08327783644199371,True,508,1,1,0.0
R4_LHS_03,physics,V40_C_E4_C7_1T,S10_HYBRID,displacement,X,0.017827951349318027,0.04967854544520378,0.12163179367780685,True,496,433,433,0.0
R4_LHS_03,physics,V40_C_E4_C7_1T,S10,velocity,X,0.5797886848449707,0.7351294755935669,0.8432340621948242,True,496,153,153,0.0
COMMON_B2,common,V40_C_E4_C7_1T,B2,displacement,X,0.01758087519556284,0.03603740967810154,0.07330546528100967,True,496,433,433,0.0
R4_LHS_03,physics,V40_C_E4_C7_1T,S10_HYBRID,displacement,Y,0.030430449172854424,0.16998987644910812,0.5977281928062439,True,496,207,207,0.0
R4_LHS_03,physics,V40_C_E4_C7_1T,S10,velocity,Y,0.26948943734169006,0.6739511489868164,1.2849313020706177,True,496,271,265,1.112326
COMMON_B2,common,V40_C_E4_C7_1T,B2,displacement,Y,0.024385939352214336,0.06204329803586006,0.2648284435272217,True,496,207,207,0.0
R4_LHS_03,physics,V40_C_E4_C7_1T,S10_HYBRID,displacement,Z,0.016474824398756027,0.033578532561659824,0.46018075942993164,True,508,72,1,0.5240000000000045
R4_LHS_03,physics,V40_C_E4_C7_1T,S10,velocity,Z,0.13986481726169586,0.2307917043566704,2.0033504962921143,True,508,265,265,0.0
COMMON_B2,common,V40_C_E4_C7_1T,B2,displacement,Z,0.025631647557020187,0.027719933539628983,0.07426907122135162,True,508,1,1,0.0
R4_LHS_03,physics,V52_A_E4_C7_1T,S10_HYBRID,displacement,X,0.013295489363372326,0.032091254368424416,0.07795366644859314,True,496,433,503,3.660046115141711
R4_LHS_03,physics,V52_A_E4_C7_1T,S10,velocity,X,0.76039057970047,0.8981502652168274,0.9692398309707642,True,496,50,70,135.0
COMMON_B2,common,V52_A_E4_C7_1T,B2,displacement,X,0.011216432321816683,0.021359892562031746,0.048639390617609024,True,496,433,503,3.660046115141711
R4_LHS_03,physics,V52_A_E4_C7_1T,S10_HYBRID,displacement,Y,0.02678826078772545,0.15106283128261566,0.6567018628120422,True,496,207,207,0.0
R4_LHS_03,physics,V52_A_E4_C7_1T,S10,velocity,Y,0.2805127948522568,0.6033684313297272,1.3561028242111206,True,496,266,265,135.00458240048846
COMMON_B2,common,V52_A_E4_C7_1T,B2,displacement,Y,0.019230292178690434,0.05297705717384815,0.2578912079334259,True,496,207,207,0.0
R4_LHS_03,physics,V52_A_E4_C7_1T,S10_HYBRID,displacement,Z,0.015824520960450172,0.02610575370490551,0.36091482639312744,True,508,1,1,0.0
R4_LHS_03,physics,V52_A_E4_C7_1T,S10,velocity,Z,0.12393965944647789,0.1992577522993089,1.4675188064575195,True,508,265,265,0.0
COMMON_B2,common,V52_A_E4_C7_1T,B2,displacement,Z,0.022675110958516598,0.02464404609054327,0.049079183489084244,True,508,1,1,0.0
R4_LHS_03,physics,V52_B_E4_C7_1T,S10_HYBRID,displacement,X,0.021726716309785843,0.04819665849208832,0.10488732159137726,True,496,503,503,0.0
R4_LHS_03,physics,V52_B_E4_C7_1T,S10,velocity,X,0.745680183172226,0.8305996060371399,0.9221388697624207,True,496,153,50,135.00101694431785
COMMON_B2,common,V52_B_E4_C7_1T,B2,displacement,X,0.01714892778545618,0.029802732169628143,0.06241016089916229,True,496,503,503,0.0
R4_LHS_03,physics,V52_B_E4_C7_1T,S10_HYBRID,displacement,Y,0.04057050310075283,0.22216735035181046,1.2981081008911133,True,496,144,207,3.7896906786502123
R4_LHS_03,physics,V52_B_E4_C7_1T,S10,velocity,Y,0.2828224003314972,0.5988999903202057,1.1407371759414673,True,496,265,265,0.0
COMMON_B2,common,V52_B_E4_C7_1T,B2,displacement,Y,0.0292234867811203,0.07761790603399277,0.2712688148021698,True,496,207,207,0.0
R4_LHS_03,physics,V52_B_E4_C7_1T,S10_HYBRID,displacement,Z,0.021148924715816975,0.034184043481945994,0.2998450994491577,True,508,1,1,0.0
R4_LHS_03,physics,V52_B_E4_C7_1T,S10,velocity,Z,0.1395268589258194,0.2233901157975197,1.3351879119873047,True,508,265,265,0.0
COMMON_B2,common,V52_B_E4_C7_1T,B2,displacement,Z,0.028950772248208523,0.030997492372989655,0.06325378268957138,True,508,1,1,0.0
R4_LHS_03,physics,V52_CPLUS_E4_C7_1T,S10_HYBRID,displacement,X,0.020548910833895206,0.04541430622339249,0.1274743378162384,True,496,503,503,0.0
R4_LHS_03,physics,V52_CPLUS_E4_C7_1T,S10,velocity,X,0.5910323858261108,0.7065501809120178,0.9185820817947388,True,496,50,153,135.00101694431785
COMMON_B2,common,V52_CPLUS_E4_C7_1T,B2,displacement,X,0.016161419451236725,0.03435448184609413,0.07931264489889145,True,496,503,503,0.0
R4_LHS_03,physics,V52_CPLUS_E4_C7_1T,S10_HYBRID,displacement,Y,0.0326689537614584,0.17120564728975296,0.6821842193603516,True,496,207,207,0.0
R4_LHS_03,physics,V52_CPLUS_E4_C7_1T,S10,velocity,Y,0.24179169535636902,0.5920954644680023,1.23577082157135,True,496,266,265,135.00458240048846
COMMON_B2,common,V52_CPLUS_E4_C7_1T,B2,displacement,Y,0.026379399932920933,0.05985944904386997,0.22754399478435516,True,496,207,207,0.0
R4_LHS_03,physics,V52_CPLUS_E4_C7_1T,S10_HYBRID,displacement,Z,0.024488582275807858,0.03859962150454521,0.8471758961677551,True,508,1,1,0.0
R4_LHS_03,physics,V52_CPLUS_E4_C7_1T,S10,velocity,Z,0.11050326377153397,0.2120068728923798,1.684735894203186,True,508,265,265,0.0
COMMON_B2,common,V52_CPLUS_E4_C7_1T,B2,displacement,Z,0.026158176362514496,0.028359585627913474,0.07380934804677963,True,508,1,1,0.0
R4_LHS_03,physics,V52_C_E4_C7_1T,S10_HYBRID,displacement,X,0.023456727154552937,0.053516317158937454,0.1213403195142746,True,496,503,503,0.0
R4_LHS_03,physics,V52_C_E4_C7_1T,S10,velocity,X,0.7054905891418457,0.7923597395420074,0.9250436425209045,True,496,153,50,135.00101694431785
COMMON_B2,common,V52_C_E4_C7_1T,B2,displacement,X,0.019869270734488964,0.03513512574136257,0.07359018921852112,True,496,503,503,0.0
R4_LHS_03,physics,V52_C_E4_C7_1T,S10_HYBRID,displacement,Y,0.04310494847595692,0.219660185277462,1.4140630960464478,True,496,144,207,3.7896906786502123
R4_LHS_03,physics,V52_C_E4_C7_1T,S10,velocity,Y,0.2695844769477844,0.5910931527614594,1.1346516609191895,True,496,265,266,135.00458240048846
COMMON_B2,common,V52_C_E4_C7_1T,B2,displacement,Y,0.028919586911797523,0.08177100494503975,0.2681346535682678,True,496,207,207,0.0
R4_LHS_03,physics,V52_C_E4_C7_1T,S10_HYBRID,displacement,Z,0.02363330963999033,0.03934288136661054,0.2969280183315277,True,508,1,1,0.0
R4_LHS_03,physics,V52_C_E4_C7_1T,S10,velocity,Z,0.12841369211673737,0.22745081186294558,1.3224269151687622,True,508,265,265,0.0
COMMON_B2,common,V52_C_E4_C7_1T,B2,displacement,Z,0.028168789111077785,0.030308691412210466,0.07189618796110153,True,508,1,1,0.0
R4_LHS_03,physics,V40_A_E5_C9_1T,S10_HYBRID,displacement,X,0.021658262237906456,0.04607248120009899,0.09905807673931122,True,496,433,433,0.0
R4_LHS_03,physics,V40_A_E5_C9_1T,S10,velocity,X,0.6080377697944641,0.7033125460147858,0.80708247423172,True,496,153,153,0.0
COMMON_B2,common,V40_A_E5_C9_1T,B2,displacement,X,0.01999470964074135,0.03580106049776077,0.06405388563871384,True,496,433,433,0.0
R4_LHS_03,physics,V40_A_E5_C9_1T,S10_HYBRID,displacement,Y,0.05310229770839214,0.20241773128509521,0.6016271710395813,True,496,207,207,0.0
R4_LHS_03,physics,V40_A_E5_C9_1T,S10,velocity,Y,0.32956212759017944,0.7098101377487183,1.5280474424362183,True,496,265,265,0.0
COMMON_B2,common,V40_A_E5_C9_1T,B2,displacement,Y,0.04413868673145771,0.12032253295183182,0.3056657314300537,True,496,207,207,0.0
R4_LHS_03,physics,V40_A_E5_C9_1T,S10_HYBRID,displacement,Z,0.03355146013200283,0.03949754685163498,0.25514453649520874,True,508,1,1,0.0
R4_LHS_03,physics,V40_A_E5_C9_1T,S10,velocity,Z,0.12627241760492325,0.2001148357987404,2.1556930541992188,True,508,265,265,0.0
COMMON_B2,common,V40_A_E5_C9_1T,B2,displacement,Z,0.03551100753247738,0.036889384314417836,0.063841313123703,True,508,1,1,0.0
R4_LHS_03,physics,V40_B_E5_C9_1T,S10_HYBRID,displacement,X,0.021832406520843506,0.046953290700912476,0.11427568644285202,True,496,433,433,0.0
R4_LHS_03,physics,V40_B_E5_C9_1T,S10,velocity,X,0.5506361424922943,0.6673770844936371,0.8127492666244507,True,496,153,153,0.0
COMMON_B2,common,V40_B_E5_C9_1T,B2,displacement,X,0.020975032821297646,0.038164008408784866,0.07070639729499817,True,496,433,433,0.0
R4_LHS_03,physics,V40_B_E5_C9_1T,S10_HYBRID,displacement,Y,0.04917733930051327,0.1758420243859291,0.5400805473327637,True,496,207,207,0.0
R4_LHS_03,physics,V40_B_E5_C9_1T,S10,velocity,Y,0.28880421817302704,0.6584056615829468,1.3774311542510986,True,496,266,217,135.00596598669262
COMMON_B2,common,V40_B_E5_C9_1T,B2,displacement,Y,0.04239751398563385,0.1104046180844307,0.29201561212539673,True,496,207,207,0.0
R4_LHS_03,physics,V40_B_E5_C9_1T,S10_HYBRID,displacement,Z,0.029048331081867218,0.03512379936873913,0.2596684992313385,True,508,1,1,0.0
R4_LHS_03,physics,V40_B_E5_C9_1T,S10,velocity,Z,0.1049242913722992,0.2063746750354767,2.187596321105957,True,508,265,265,0.0
COMMON_B2,common,V40_B_E5_C9_1T,B2,displacement,Z,0.03612702339887619,0.03789728656411171,0.07319173961877823,True,508,1,1,0.0
R4_LHS_03,physics,V40_CPLUS_E5_C9_1T,S10_HYBRID,displacement,X,0.024778982624411583,0.05414331890642643,0.1475638747215271,True,496,433,433,0.0
R4_LHS_03,physics,V40_CPLUS_E5_C9_1T,S10,velocity,X,0.5269424617290497,0.6599842607975006,0.881412148475647,True,496,153,50,135.00101694431785
COMMON_B2,common,V40_CPLUS_E5_C9_1T,B2,displacement,X,0.01935574598610401,0.038342613726854324,0.08697651326656342,True,496,433,433,0.0
R4_LHS_03,physics,V40_CPLUS_E5_C9_1T,S10_HYBRID,displacement,Y,0.037694718688726425,0.17681244015693665,0.7190358638763428,True,496,207,207,0.0
R4_LHS_03,physics,V40_CPLUS_E5_C9_1T,S10,velocity,Y,0.2557211369276047,0.6603713631629944,1.387600064277649,True,496,266,198,1.2691934446726394
COMMON_B2,common,V40_CPLUS_E5_C9_1T,B2,displacement,Y,0.037629758939146996,0.07318106666207314,0.21497121453285217,True,496,207,207,0.0
R4_LHS_03,physics,V40_CPLUS_E5_C9_1T,S10_HYBRID,displacement,Z,0.020677203312516212,0.035934044048190124,0.9182897210121155,True,508,1,1,0.0
R4_LHS_03,physics,V40_CPLUS_E5_C9_1T,S10,velocity,Z,0.12739329040050507,0.24239804446697238,2.0792176723480225,True,508,265,265,0.0
COMMON_B2,common,V40_CPLUS_E5_C9_1T,B2,displacement,Z,0.04024314135313034,0.043336835131049155,0.09221338480710983,True,508,1,1,0.0
R4_LHS_03,physics,V40_C_E5_C9_1T,S10_HYBRID,displacement,X,0.01830910798162222,0.049739714711904526,0.12174013257026672,True,496,433,433,0.0
R4_LHS_03,physics,V40_C_E5_C9_1T,S10,velocity,X,0.4857960194349289,0.6107423901557922,0.8808366656303406,True,496,153,153,0.0
COMMON_B2,common,V40_C_E5_C9_1T,B2,displacement,X,0.01796034350991249,0.03624115698039532,0.07289011031389236,True,496,433,433,0.0
R4_LHS_03,physics,V40_C_E5_C9_1T,S10_HYBRID,displacement,Y,0.031498877331614494,0.1772247701883316,0.6029890179634094,True,496,207,207,0.0
R4_LHS_03,physics,V40_C_E5_C9_1T,S10,velocity,Y,0.2757062762975693,0.6723146438598633,1.455092430114746,True,496,271,265,1.112326
COMMON_B2,common,V40_C_E5_C9_1T,B2,displacement,Y,0.02552658226341009,0.06385282799601555,0.26596319675445557,True,496,207,207,0.0
R4_LHS_03,physics,V40_C_E5_C9_1T,S10_HYBRID,displacement,Z,0.018662942573428154,0.03562358543276787,0.4496456980705261,True,508,72,1,0.5240000000000045
R4_LHS_03,physics,V40_C_E5_C9_1T,S10,velocity,Z,0.14447513222694397,0.233060497045517,1.6615301370620728,True,508,265,265,0.0
COMMON_B2,common,V40_C_E5_C9_1T,B2,displacement,Z,0.03062678687274456,0.033442091196775436,0.08224091678857803,True,508,1,1,0.0
R4_LHS_03,physics,V52_A_E5_C9_1T,S10_HYBRID,displacement,X,0.012664984446018934,0.03338262066245079,0.079781673848629,True,496,433,503,3.660046115141711
R4_LHS_03,physics,V52_A_E5_C9_1T,S10,velocity,X,0.5476248860359192,0.6957680881023407,0.9242856502532959,True,496,50,70,135.0
COMMON_B2,common,V52_A_E5_C9_1T,B2,displacement,X,0.01140172965824604,0.022916884161531925,0.05105943977832794,True,496,433,503,3.660046115141711
R4_LHS_03,physics,V52_A_E5_C9_1T,S10_HYBRID,displacement,Y,0.025957941077649593,0.15997474640607834,0.7514346837997437,True,496,207,207,0.0
R4_LHS_03,physics,V52_A_E5_C9_1T,S10,velocity,Y,0.2853676676750183,0.6338221430778503,1.428127646446228,True,496,266,265,135.00458240048846
COMMON_B2,common,V52_A_E5_C9_1T,B2,displacement,Y,0.02352896984666586,0.06130758672952652,0.25897300243377686,True,496,207,207,0.0
R4_LHS_03,physics,V52_A_E5_C9_1T,S10_HYBRID,displacement,Z,0.014699572697281837,0.026354379951953895,0.38345494866371155,True,508,1,1,0.0
R4_LHS_03,physics,V52_A_E5_C9_1T,S10,velocity,Z,0.11532603576779366,0.19579543322324755,1.5805346965789795,True,508,265,265,0.0
COMMON_B2,common,V52_A_E5_C9_1T,B2,displacement,Z,0.02528520580381155,0.027146457694470882,0.050922662019729614,True,508,1,1,0.0
R4_LHS_03,physics,V52_B_E5_C9_1T,S10_HYBRID,displacement,X,0.01689927466213703,0.041237493976950645,0.10104858130216599,True,496,433,503,3.660046115141711
R4_LHS_03,physics,V52_B_E5_C9_1T,S10,velocity,X,0.611032247543335,0.7286643981933594,0.8853391408920288,True,496,153,50,135.00101694431785
COMMON_B2,common,V52_B_E5_C9_1T,B2,displacement,X,0.014507780782878399,0.028614183887839317,0.0644025206565857,True,496,503,503,0.0
R4_LHS_03,physics,V52_B_E5_C9_1T,S10_HYBRID,displacement,Y,0.026330547407269478,0.16671885550022125,0.7766050100326538,True,496,207,207,0.0
R4_LHS_03,physics,V52_B_E5_C9_1T,S10,velocity,Y,0.2535046935081482,0.5550180077552795,1.142289638519287,True,496,265,265,0.0
COMMON_B2,common,V52_B_E5_C9_1T,B2,displacement,Y,0.02550741843879223,0.061431968584656715,0.27096062898635864,True,496,207,207,0.0
R4_LHS_03,physics,V52_B_E5_C9_1T,S10_HYBRID,displacement,Z,0.013937291223555803,0.024064960516989232,0.7543262839317322,True,508,72,1,0.5240000000000045
R4_LHS_03,physics,V52_B_E5_C9_1T,S10,velocity,Z,0.10314930602908134,0.1818124905228615,1.1222355365753174,True,508,265,265,0.0
COMMON_B2,common,V52_B_E5_C9_1T,B2,displacement,Z,0.030952416360378265,0.033588758856058124,0.06393999606370926,True,508,1,1,0.0
R4_LHS_03,physics,V52_CPLUS_E5_C9_1T,S10_HYBRID,displacement,X,0.022008158266544342,0.05615076422691345,0.1390967220067978,True,496,503,503,0.0
R4_LHS_03,physics,V52_CPLUS_E5_C9_1T,S10,velocity,X,0.5937577486038208,0.7494485676288605,0.9212206602096558,True,496,70,70,0.0
COMMON_B2,common,V52_CPLUS_E5_C9_1T,B2,displacement,X,0.018535520881414413,0.036590576171875,0.08455760031938553,True,496,503,503,0.0
R4_LHS_03,physics,V52_CPLUS_E5_C9_1T,S10_HYBRID,displacement,Y,0.0399940200150013,0.2182319313287735,1.4328581094741821,True,496,207,207,0.0
R4_LHS_03,physics,V52_CPLUS_E5_C9_1T,S10,velocity,Y,0.25545087456703186,0.5811954140663147,1.1316580772399902,True,496,265,271,1.112326
COMMON_B2,common,V52_CPLUS_E5_C9_1T,B2,displacement,Y,0.031368087977170944,0.06916695833206177,0.2472257912158966,True,496,207,207,0.0
R4_LHS_03,physics,V52_CPLUS_E5_C9_1T,S10_HYBRID,displacement,Z,0.020439970307052135,0.042015103623271,0.2850108742713928,True,508,1,1,0.0
R4_LHS_03,physics,V52_CPLUS_E5_C9_1T,S10,velocity,Z,0.12656553834676743,0.2309513300657273,1.408887267112732,True,508,265,265,0.0
COMMON_B2,common,V52_CPLUS_E5_C9_1T,B2,displacement,Z,0.03657926060259342,0.04009596519172191,0.08339054882526398,True,508,1,1,0.0
R4_LHS_03,physics,V52_C_E5_C9_1T,S10_HYBRID,displacement,X,0.019116638228297234,0.04128927178680897,0.11236143112182617,True,496,503,503,0.0
R4_LHS_03,physics,V52_C_E5_C9_1T,S10,velocity,X,0.5515073239803314,0.6854011118412018,0.9162530899047852,True,496,50,50,0.0
COMMON_B2,common,V52_C_E5_C9_1T,B2,displacement,X,0.01693495362997055,0.033349404111504555,0.0704687088727951,True,496,503,503,0.0
R4_LHS_03,physics,V52_C_E5_C9_1T,S10_HYBRID,displacement,Y,0.042435627430677414,0.17733297497034073,0.6173803806304932,True,496,207,207,0.0
R4_LHS_03,physics,V52_C_E5_C9_1T,S10,velocity,Y,0.2520974576473236,0.5789430439472198,1.2363890409469604,True,496,265,266,135.00458240048846
COMMON_B2,common,V52_C_E5_C9_1T,B2,displacement,Y,0.026292824186384678,0.06991039589047432,0.26742011308670044,True,496,207,207,0.0
R4_LHS_03,physics,V52_C_E5_C9_1T,S10_HYBRID,displacement,Z,0.025316908955574036,0.03345084600150586,0.9520225524902344,True,508,1,1,0.0
R4_LHS_03,physics,V52_C_E5_C9_1T,S10,velocity,Z,0.1066691130399704,0.20813007354736332,1.52839994430542,True,508,265,265,0.0
COMMON_B2,common,V52_C_E5_C9_1T,B2,displacement,Z,0.02541003841906786,0.02727021910250187,0.0713963732123375,True,508,1,1,0.0
R4_LHS_03,physics,V40_A_E6_C10_1T,S10_HYBRID,displacement,X,0.0817231684923172,0.1976887285709381,0.8107109069824219,True,496,433,433,0.0
R4_LHS_03,physics,V40_A_E6_C10_1T,S10,velocity,X,0.4261380732059479,0.645192950963974,0.9506483674049377,True,496,153,153,0.0
COMMON_B2,common,V40_A_E6_C10_1T,B2,displacement,X,0.06491952016949654,0.14855511486530304,0.39225682616233826,True,496,433,433,0.0
R4_LHS_03,physics,V40_A_E6_C10_1T,S10_HYBRID,displacement,Y,0.022895192727446556,0.1602628454566002,0.6855230331420898,True,496,207,207,0.0
R4_LHS_03,physics,V40_A_E6_C10_1T,S10,velocity,Y,0.2882912904024124,0.6352536976337433,1.208086371421814,True,496,265,217,2.117891640824903
COMMON_B2,common,V40_A_E6_C10_1T,B2,displacement,Y,0.02225652616471052,0.06017119623720646,0.26869723200798035,True,496,207,207,0.0
R4_LHS_03,physics,V40_A_E6_C10_1T,S10_HYBRID,displacement,Z,0.011687959544360638,0.023857980966567993,0.6935861110687256,True,508,1,72,0.5240000000000045
R4_LHS_03,physics,V40_A_E6_C10_1T,S10,velocity,Z,0.12110840901732445,0.1940633267164231,1.6958073377609253,True,508,265,265,0.0
COMMON_B2,common,V40_A_E6_C10_1T,B2,displacement,Z,0.02286403812468052,0.024867990240454673,0.05647461861371994,True,508,72,72,0.0
R4_LHS_03,physics,V40_B_E6_C10_1T,S10_HYBRID,displacement,X,0.08322280645370483,0.18600714206695557,0.6888182163238525,True,496,433,433,0.0
R4_LHS_03,physics,V40_B_E6_C10_1T,S10,velocity,X,0.4202699512243271,0.608475923538208,0.9132495522499084,True,496,153,50,135.00101694431785
COMMON_B2,common,V40_B_E6_C10_1T,B2,displacement,X,0.06626318022608757,0.14905495941638947,0.3628644645214081,True,496,433,433,0.0
R4_LHS_03,physics,V40_B_E6_C10_1T,S10_HYBRID,displacement,Y,0.02654148545116186,0.1590254232287407,0.7750529050827026,True,496,207,207,0.0
R4_LHS_03,physics,V40_B_E6_C10_1T,S10,velocity,Y,0.2726479470729828,0.6159876585006714,1.1121388673782349,True,496,265,198,135.0166118112963
COMMON_B2,common,V40_B_E6_C10_1T,B2,displacement,Y,0.02172937709838152,0.05629368685185909,0.2618243396282196,True,496,207,207,0.0
R4_LHS_03,physics,V40_B_E6_C10_1T,S10_HYBRID,displacement,Z,0.014940116088837385,0.026341222412884235,0.7553560137748718,True,508,72,72,0.0
R4_LHS_03,physics,V40_B_E6_C10_1T,S10,velocity,Z,0.12458140030503273,0.21474946588277818,1.214268684387207,True,508,265,265,0.0
COMMON_B2,common,V40_B_E6_C10_1T,B2,displacement,Z,0.028162769973278046,0.030790804512798788,0.07106372714042664,True,508,72,72,0.0
R4_LHS_03,physics,V40_CPLUS_E6_C10_1T,S10_HYBRID,displacement,X,0.11754699051380157,0.24836786091327667,0.8194437026977539,True,496,433,433,0.0
R4_LHS_03,physics,V40_CPLUS_E6_C10_1T,S10,velocity,X,0.4960394650697708,0.7287245690822601,0.9015071392059326,True,496,153,153,0.0
COMMON_B2,common,V40_CPLUS_E6_C10_1T,B2,displacement,X,0.08958765119314194,0.17846960574388504,0.5001194477081299,True,496,433,433,0.0
R4_LHS_03,physics,V40_CPLUS_E6_C10_1T,S10_HYBRID,displacement,Y,0.043488070368766785,0.23493337631225586,1.3115755319595337,True,496,207,207,0.0
R4_LHS_03,physics,V40_CPLUS_E6_C10_1T,S10,velocity,Y,0.2832659184932709,0.6620108783245087,1.1023662090301514,True,496,265,265,0.0
COMMON_B2,common,V40_CPLUS_E6_C10_1T,B2,displacement,Y,0.04096875712275505,0.09282365813851357,0.24721460044384003,True,496,207,207,0.0
R4_LHS_03,physics,V40_CPLUS_E6_C10_1T,S10_HYBRID,displacement,Z,0.023245750926434994,0.04575317613780499,0.34128084778785706,True,508,1,72,0.5240000000000045
R4_LHS_03,physics,V40_CPLUS_E6_C10_1T,S10,velocity,Z,0.1673111841082573,0.2641929239034653,1.5720645189285278,True,508,265,265,0.0
COMMON_B2,common,V40_CPLUS_E6_C10_1T,B2,displacement,Z,0.04841016046702862,0.05254334211349487,0.09871719032526016,True,508,72,72,0.0
R4_LHS_03,physics,V40_C_E6_C10_1T,S10_HYBRID,displacement,X,0.11596491187810898,0.25232354551553726,0.8205686211585999,True,496,433,433,0.0
R4_LHS_03,physics,V40_C_E6_C10_1T,S10,velocity,X,0.4369830936193466,0.6740240454673767,0.906145453453064,True,496,153,511,8.336000000000011
COMMON_B2,common,V40_C_E6_C10_1T,B2,displacement,X,0.097337756305933,0.1914559230208397,0.48109403252601624,True,496,433,433,0.0
R4_LHS_03,physics,V40_C_E6_C10_1T,S10_HYBRID,displacement,Y,0.03903139568865299,0.22318269312381744,1.340801477432251,True,496,207,207,0.0
R4_LHS_03,physics,V40_C_E6_C10_1T,S10,velocity,Y,0.30228912830352783,0.6441344916820526,1.1104413270950317,True,496,265,265,0.0
COMMON_B2,common,V40_C_E6_C10_1T,B2,displacement,Y,0.04188528656959534,0.09620581194758415,0.2801070213317871,True,496,207,207,0.0
R4_LHS_03,physics,V40_C_E6_C10_1T,S10_HYBRID,displacement,Z,0.019568522460758686,0.03833457715809346,0.30478259921073914,True,508,1,72,0.5240000000000045
R4_LHS_03,physics,V40_C_E6_C10_1T,S10,velocity,Z,0.1504838615655899,0.23965280652046209,1.4390791654586792,True,508,265,265,0.0
COMMON_B2,common,V40_C_E6_C10_1T,B2,displacement,Z,0.04538820683956146,0.04892676062881947,0.09038164466619492,True,508,72,72,0.0
R4_LHS_03,physics,V52_A_E6_C10_1T,S10_HYBRID,displacement,X,0.0896880179643631,0.18630873411893845,0.6541250348091125,True,496,433,433,0.0
R4_LHS_03,physics,V52_A_E6_C10_1T,S10,velocity,X,0.5787401795387268,0.7748130261898041,0.9774971008300781,True,496,50,50,0.0
COMMON_B2,common,V52_A_E6_C10_1T,B2,displacement,X,0.09200716018676758,0.17643402516841888,0.4442073106765747,True,496,433,433,0.0
R4_LHS_03,physics,V52_A_E6_C10_1T,S10_HYBRID,displacement,Y,0.025502493605017662,0.16528278589248657,0.5838350057601929,True,496,207,207,0.0
R4_LHS_03,physics,V52_A_E6_C10_1T,S10,velocity,Y,0.32571785151958466,0.5899185240268707,1.2236729860305786,True,496,265,198,135.0166118112963
COMMON_B2,common,V52_A_E6_C10_1T,B2,displacement,Y,0.02823547087609768,0.08763445541262627,0.2735992968082428,True,496,207,207,0.0
R4_LHS_03,physics,V52_A_E6_C10_1T,S10_HYBRID,displacement,Z,0.015093788970261812,0.021049662679433822,0.21312594413757324,True,508,1,72,0.5240000000000045
R4_LHS_03,physics,V52_A_E6_C10_1T,S10,velocity,Z,0.1385083571076393,0.21751244068145753,1.3087953329086304,True,508,265,265,0.0
COMMON_B2,common,V52_A_E6_C10_1T,B2,displacement,Z,0.02607700787484646,0.02767805475741625,0.051244527101516724,True,508,72,72,0.0
R4_LHS_03,physics,V52_B_E6_C10_1T,S10_HYBRID,displacement,X,0.0963011272251606,0.19989587366580963,0.7174802422523499,True,496,433,433,0.0
R4_LHS_03,physics,V52_B_E6_C10_1T,S10,velocity,X,0.5156994462013245,0.726785272359848,1.0109732151031494,True,496,50,50,0.0
COMMON_B2,common,V52_B_E6_C10_1T,B2,displacement,X,0.08047502860426903,0.17285466939210892,0.40469443798065186,True,496,433,433,0.0
R4_LHS_03,physics,V52_B_E6_C10_1T,S10_HYBRID,displacement,Y,0.026319507509469986,0.16183854639530182,0.5745984315872192,True,496,207,207,0.0
R4_LHS_03,physics,V52_B_E6_C10_1T,S10,velocity,Y,0.23733647167682648,0.5467012226581573,1.367559552192688,True,496,266,198,1.2691934446726394
COMMON_B2,common,V52_B_E6_C10_1T,B2,displacement,Y,0.02297355607151985,0.06276126578450203,0.2693477272987366,True,496,207,207,0.0
R4_LHS_03,physics,V52_B_E6_C10_1T,S10_HYBRID,displacement,Z,0.014331690967082977,0.02693285495042801,0.35254165530204773,True,508,72,72,0.0
R4_LHS_03,physics,V52_B_E6_C10_1T,S10,velocity,Z,0.12275855988264084,0.21763272434473047,1.4558292627334595,True,508,265,265,0.0
COMMON_B2,common,V52_B_E6_C10_1T,B2,displacement,Z,0.02516760118305683,0.02740529328584671,0.0626906156539917,True,508,72,72,0.0
R4_LHS_03,physics,V52_CPLUS_E6_C10_1T,S10_HYBRID,displacement,X,0.0824948400259018,0.17951355874538422,0.746204137802124,True,496,433,433,0.0
R4_LHS_03,physics,V52_CPLUS_E6_C10_1T,S10,velocity,X,0.5159386992454529,0.7318591177463531,0.8965215086936951,True,496,50,50,0.0
COMMON_B2,common,V52_CPLUS_E6_C10_1T,B2,displacement,X,0.06719223782420158,0.1500600427389145,0.4159511923789978,True,496,433,433,0.0
R4_LHS_03,physics,V52_CPLUS_E6_C10_1T,S10_HYBRID,displacement,Y,0.03092578798532486,0.1725110113620758,0.7136848568916321,True,496,207,207,0.0
R4_LHS_03,physics,V52_CPLUS_E6_C10_1T,S10,velocity,Y,0.23678191006183624,0.57822585105896,1.192769169807434,True,496,266,265,135.00458240048846
COMMON_B2,common,V52_CPLUS_E6_C10_1T,B2,displacement,Y,0.03541332297027111,0.07117648422718048,0.24656899273395538,True,496,207,207,0.0
R4_LHS_03,physics,V52_CPLUS_E6_C10_1T,S10_HYBRID,displacement,Z,0.02442263998091221,0.037175928056240086,0.909264326095581,True,508,1,72,0.5240000000000045
R4_LHS_03,physics,V52_CPLUS_E6_C10_1T,S10,velocity,Z,0.11767612397670746,0.22534999251365664,1.4685392379760742,True,508,265,265,0.0
COMMON_B2,common,V52_CPLUS_E6_C10_1T,B2,displacement,Z,0.035336680710315704,0.037781862542033195,0.07735992968082428,True,508,72,72,0.0
R4_LHS_03,physics,V52_C_E6_C10_1T,S10_HYBRID,displacement,X,0.08547011762857437,0.18065296113491058,0.6229690909385681,True,496,433,433,0.0
R4_LHS_03,physics,V52_C_E6_C10_1T,S10,velocity,X,0.5208312571048737,0.7162182033061981,0.9222264885902405,True,496,153,50,135.00101694431785
COMMON_B2,common,V52_C_E6_C10_1T,B2,displacement,X,0.07044854015111923,0.15676970034837723,0.3718341886997223,True,496,433,433,0.0
R4_LHS_03,physics,V52_C_E6_C10_1T,S10_HYBRID,displacement,Y,0.026304121129214764,0.16001685708761215,0.7427104115486145,True,496,207,207,0.0
R4_LHS_03,physics,V52_C_E6_C10_1T,S10,velocity,Y,0.2557581216096878,0.5579635500907898,1.055066466331482,True,496,265,266,135.00458240048846
COMMON_B2,common,V52_C_E6_C10_1T,B2,displacement,Y,0.030995317734777927,0.06734871864318848,0.2637166380882263,True,496,207,207,0.0
R4_LHS_03,physics,V52_C_E6_C10_1T,S10_HYBRID,displacement,Z,0.015070965979248285,0.02628400176763535,0.6988068222999573,True,508,72,72,0.0
R4_LHS_03,physics,V52_C_E6_C10_1T,S10,velocity,Z,0.11602490767836571,0.21329621523618705,1.1524707078933716,True,508,265,265,0.0
COMMON_B2,common,V52_C_E6_C10_1T,B2,displacement,Z,0.03630533628165722,0.03912419266998768,0.07240109145641327,True,508,72,72,0.0
R4_LHS_03,physics,V40_A_E7_C11_2T,S10_HYBRID,displacement,X,0.01837436854839325,0.03850872069597244,0.07543385773897171,True,496,433,433,0.0
R4_LHS_03,physics,V40_A_E7_C11_2T,S10,velocity,X,0.6927655041217804,0.7591330707073212,0.8710175156593323,True,496,50,50,0.0
COMMON_B2,common,V40_A_E7_C11_2T,B2,displacement,X,0.01573057286441326,0.03239713981747627,0.07480241358280182,True,496,433,433,0.0
R4_LHS_03,physics,V40_A_E7_C11_2T,S10_HYBRID,displacement,Y,0.04440104030072689,0.15958551317453384,0.576789140701294,True,496,280,280,0.0
R4_LHS_03,physics,V40_A_E7_C11_2T,S10,velocity,Y,0.2421395257115364,0.5036578476428986,1.0567914247512817,True,496,266,265,135.00458240048846
COMMON_B2,common,V40_A_E7_C11_2T,B2,displacement,Y,0.023289291188120842,0.06601214781403542,0.19096152484416962,True,496,280,280,0.0
R4_LHS_03,physics,V40_A_E7_C11_2T,S10_HYBRID,displacement,Z,0.040778376162052155,0.0601478461176157,1.805252194404602,True,508,443,443,0.0
R4_LHS_03,physics,V40_A_E7_C11_2T,S10,velocity,Z,0.17715047299861908,0.2718095749616623,1.7248647212982178,True,508,265,265,0.0
COMMON_B2,common,V40_A_E7_C11_2T,B2,displacement,Z,0.04991735331714153,0.06487487554550171,0.16257812082767487,True,508,443,443,0.0
R4_LHS_03,physics,V40_B_E7_C11_2T,S10_HYBRID,displacement,X,0.01898908708244562,0.040912797674536705,0.08278347551822662,True,496,433,433,0.0
R4_LHS_03,physics,V40_B_E7_C11_2T,S10,velocity,X,0.6397309303283691,0.80336993932724,0.8741418123245239,True,496,50,493,8.86000000000001
COMMON_B2,common,V40_B_E7_C11_2T,B2,displacement,X,0.018505899235606194,0.038696471601724625,0.0898294523358345,True,496,433,433,0.0
R4_LHS_03,physics,V40_B_E7_C11_2T,S10_HYBRID,displacement,Y,0.0292195500805974,0.13907207548618317,0.345672607421875,True,496,280,280,0.0
R4_LHS_03,physics,V40_B_E7_C11_2T,S10,velocity,Y,0.21556781977415085,0.5255341827869415,1.2025243043899536,True,496,266,296,1.2691934446726394
COMMON_B2,common,V40_B_E7_C11_2T,B2,displacement,Y,0.02084579784423113,0.06005486100912094,0.19091711938381195,True,496,280,280,0.0
R4_LHS_03,physics,V40_B_E7_C11_2T,S10_HYBRID,displacement,Z,0.02334364876151085,0.04082391783595085,1.0790705680847168,True,508,443,443,0.0
R4_LHS_03,physics,V40_B_E7_C11_2T,S10,velocity,Z,0.1512174978852272,0.25546968877315523,1.504988193511963,True,508,265,265,0.0
COMMON_B2,common,V40_B_E7_C11_2T,B2,displacement,Z,0.0416618175804615,0.05322126261889935,0.17163899540901184,True,508,443,443,0.0
R4_LHS_03,physics,V40_CPLUS_E7_C11_2T,S10_HYBRID,displacement,X,0.026190921664237976,0.0581238754093647,0.1365714818239212,True,496,433,433,0.0
R4_LHS_03,physics,V40_CPLUS_E7_C11_2T,S10,velocity,X,0.4559629112482071,0.6185234785079956,0.8060721158981323,True,496,50,493,8.86000000000001
COMMON_B2,common,V40_CPLUS_E7_C11_2T,B2,displacement,X,0.02461886592209339,0.05733415111899376,0.12565898895263672,True,496,433,433,0.0
R4_LHS_03,physics,V40_CPLUS_E7_C11_2T,S10_HYBRID,displacement,Y,0.044770220294594765,0.1505056694149971,0.5453984141349792,True,496,280,280,0.0
R4_LHS_03,physics,V40_CPLUS_E7_C11_2T,S10,velocity,Y,0.19397851824760437,0.4514087736606598,1.0443757772445679,True,496,266,266,0.0
COMMON_B2,common,V40_CPLUS_E7_C11_2T,B2,displacement,Y,0.033100858330726624,0.06636695563793182,0.16097480058670044,True,496,280,280,0.0
R4_LHS_03,physics,V40_CPLUS_E7_C11_2T,S10_HYBRID,displacement,Z,0.04125169664621353,0.06483283862471582,1.1302964687347412,True,508,443,443,0.0
R4_LHS_03,physics,V40_CPLUS_E7_C11_2T,S10,velocity,Z,0.10441235825419426,0.20976133942604072,2.4039597511291504,True,508,265,265,0.0
COMMON_B2,common,V40_CPLUS_E7_C11_2T,B2,displacement,Z,0.05492664501070976,0.0677108645439148,0.21321436762809753,True,508,443,443,0.0
R4_LHS_03,physics,V40_C_E7_C11_2T,S10_HYBRID,displacement,X,0.022887754254043102,0.0474855862557888,0.10674925893545151,True,496,433,433,0.0
R4_LHS_03,physics,V40_C_E7_C11_2T,S10,velocity,X,0.4927501678466797,0.6404494047164917,0.7961286902427673,True,496,50,153,135.00101694431785
COMMON_B2,common,V40_C_E7_C11_2T,B2,displacement,X,0.02293287869542837,0.04707262106239796,0.11031274497509003,True,496,433,433,0.0
R4_LHS_03,physics,V40_C_E7_C11_2T,S10_HYBRID,displacement,Y,0.0437480304390192,0.15943460911512375,0.5065011978149414,True,496,280,280,0.0
R4_LHS_03,physics,V40_C_E7_C11_2T,S10,velocity,Y,0.20176240801811218,0.44155122339725494,1.0406684875488281,True,496,266,316,135.00596598669262
COMMON_B2,common,V40_C_E7_C11_2T,B2,displacement,Y,0.033556969836354256,0.06817324832081795,0.19609032571315765,True,496,280,280,0.0
R4_LHS_03,physics,V40_C_E7_C11_2T,S10_HYBRID,displacement,Z,0.04040461964905262,0.059888696670532225,1.0874171257019043,True,508,443,443,0.0
R4_LHS_03,physics,V40_C_E7_C11_2T,S10,velocity,Z,0.11338334530591965,0.2250413939356804,2.288896322250366,True,508,265,265,0.0
COMMON_B2,common,V40_C_E7_C11_2T,B2,displacement,Z,0.047672705724835396,0.058574750646948816,0.2015237659215927,True,508,443,443,0.0
R4_LHS_03,physics,V52_A_E7_C11_2T,S10_HYBRID,displacement,X,0.01772424206137657,0.03562062978744507,0.08752553164958954,True,496,36,60,4.792009909719341
R4_LHS_03,physics,V52_A_E7_C11_2T,S10,velocity,X,0.6901316940784454,1.2001896500587463,1.3433865308761597,True,496,50,50,0.0
COMMON_B2,common,V52_A_E7_C11_2T,B2,displacement,X,0.014003482181578875,0.028597069904208183,0.059805773198604584,True,496,36,60,4.792009909719341
R4_LHS_03,physics,V52_A_E7_C11_2T,S10_HYBRID,displacement,Y,0.04435316286981106,0.20915275067090988,0.7761091589927673,True,496,306,280,1.034716823373547
R4_LHS_03,physics,V52_A_E7_C11_2T,S10,velocity,Y,0.24113094806671143,0.4530816972255707,1.1002094745635986,True,496,266,198,1.2691934446726394
COMMON_B2,common,V52_A_E7_C11_2T,B2,displacement,Y,0.02761552296578884,0.07079934701323509,0.17542153596878052,True,496,280,280,0.0
R4_LHS_03,physics,V52_A_E7_C11_2T,S10_HYBRID,displacement,Z,0.03237585909664631,0.059224328398704534,1.1727997064590454,True,508,1,443,8.86000000000001
R4_LHS_03,physics,V52_A_E7_C11_2T,S10,velocity,Z,0.18511763960123062,0.2694332987070084,1.6027419567108154,True,508,265,265,0.0
COMMON_B2,common,V52_A_E7_C11_2T,B2,displacement,Z,0.05466609075665474,0.07030940055847168,0.12549392879009247,True,508,443,443,0.0
R4_LHS_03,physics,V52_B_E7_C11_2T,S10_HYBRID,displacement,X,0.024759630672633648,0.0435836985707283,0.09086120873689651,True,496,503,36,9.902761372205656
R4_LHS_03,physics,V52_B_E7_C11_2T,S10,velocity,X,0.5715681314468384,0.7189068794250488,0.8939735889434814,True,496,50,50,0.0
COMMON_B2,common,V52_B_E7_C11_2T,B2,displacement,X,0.022138883359730244,0.03976486064493656,0.0897781029343605,True,496,36,36,0.0
R4_LHS_03,physics,V52_B_E7_C11_2T,S10_HYBRID,displacement,Y,0.05846142955124378,0.18883046507835388,0.4588433802127838,True,496,280,280,0.0
R4_LHS_03,physics,V52_B_E7_C11_2T,S10,velocity,Y,0.19338733702898026,0.4278261512517929,1.1343859434127808,True,496,266,198,1.2691934446726394
COMMON_B2,common,V52_B_E7_C11_2T,B2,displacement,Y,0.05012628249824047,0.10246092081069946,0.21731945872306824,True,496,280,280,0.0
R4_LHS_03,physics,V52_B_E7_C11_2T,S10_HYBRID,displacement,Z,0.06066549941897392,0.07704250365495682,0.7650919556617737,True,508,1,443,8.86000000000001
R4_LHS_03,physics,V52_B_E7_C11_2T,S10,velocity,Z,0.12116258218884468,0.23266983777284622,1.3608543872833252,True,508,265,265,0.0
COMMON_B2,common,V52_B_E7_C11_2T,B2,displacement,Z,0.0569552518427372,0.06805414259433747,0.12547987699508667,True,508,443,443,0.0
R4_LHS_03,physics,V52_CPLUS_E7_C11_2T,S10_HYBRID,displacement,X,0.027034806087613106,0.048786573112010956,0.11308996379375458,True,496,503,208,10.30760891233149
R4_LHS_03,physics,V52_CPLUS_E7_C11_2T,S10,velocity,X,0.5656797885894775,0.6795910894870758,0.9026191830635071,True,496,50,511,135.2904268601441
COMMON_B2,common,V52_CPLUS_E7_C11_2T,B2,displacement,X,0.02381602395325899,0.053321538493037224,0.11656536906957626,True,496,208,208,0.0
R4_LHS_03,physics,V52_CPLUS_E7_C11_2T,S10_HYBRID,displacement,Y,0.04835320636630058,0.16011202335357666,0.43919193744659424,True,496,280,280,0.0
R4_LHS_03,physics,V52_CPLUS_E7_C11_2T,S10,velocity,Y,0.1756787672638893,0.43391193449497223,1.1412593126296997,True,496,266,266,0.0
COMMON_B2,common,V52_CPLUS_E7_C11_2T,B2,displacement,Y,0.042541179805994034,0.0817054770886898,0.20140019059181213,True,496,280,280,0.0
R4_LHS_03,physics,V52_CPLUS_E7_C11_2T,S10_HYBRID,displacement,Z,0.04835900291800499,0.06388591825962067,0.7521349787712097,True,508,1,1,0.0
R4_LHS_03,physics,V52_CPLUS_E7_C11_2T,S10,velocity,Z,0.10883082821965218,0.20947393476963047,1.4110537767410278,True,508,265,265,0.0
COMMON_B2,common,V52_CPLUS_E7_C11_2T,B2,displacement,Z,0.05212050676345825,0.06275141686201095,0.11202021688222885,True,508,443,1,8.86000000000001
R4_LHS_03,physics,V52_C_E7_C11_2T,S10_HYBRID,displacement,X,0.01797160692512989,0.040345676243305206,0.08712195605039597,True,496,208,36,8.556802959534613
R4_LHS_03,physics,V52_C_E7_C11_2T,S10,velocity,X,0.5170157253742218,0.6568752825260162,0.863879919052124,True,496,70,493,135.2904268601441
COMMON_B2,common,V52_C_E7_C11_2T,B2,displacement,X,0.01747079472988844,0.038286877796053886,0.08645321428775787,True,496,36,36,0.0
R4_LHS_03,physics,V52_C_E7_C11_2T,S10_HYBRID,displacement,Y,0.040108829736709595,0.13944820314645767,0.5148798823356628,True,496,207,280,1.0347168233735533
R4_LHS_03,physics,V52_C_E7_C11_2T,S10,velocity,Y,0.17794177681207657,0.4032272845506668,1.0680547952651978,True,496,266,296,1.2691934446726394
COMMON_B2,common,V52_C_E7_C11_2T,B2,displacement,Y,0.02272198535501957,0.05978277511894703,0.19179308414459229,True,496,280,280,0.0
R4_LHS_03,physics,V52_C_E7_C11_2T,S10_HYBRID,displacement,Z,0.032793957740068436,0.05155824236571789,1.925527572631836,True,508,443,443,0.0
R4_LHS_03,physics,V52_C_E7_C11_2T,S10,velocity,Z,0.1170898824930191,0.21857165992259986,1.1784007549285889,True,508,265,265,0.0
COMMON_B2,common,V52_C_E7_C11_2T,B2,displacement,Z,0.04556751251220703,0.057707628980278966,0.11000663787126541,True,508,443,443,0.0
R4_LHS_03,physics,V40_A_E8_C12_2T,S10_HYBRID,displacement,X,0.11529239639639854,0.2491874247789383,0.6075037121772766,True,496,187,187,0.0
R4_LHS_03,physics,V40_A_E8_C12_2T,S10,velocity,X,0.40895240008831024,0.6275873184204102,0.8499678373336792,True,496,50,50,0.0
COMMON_B2,common,V40_A_E8_C12_2T,B2,displacement,X,0.10151340439915657,0.21148496866226196,0.45805615186691284,True,496,187,187,0.0
R4_LHS_03,physics,V40_A_E8_C12_2T,S10_HYBRID,displacement,Y,0.03608299605548382,0.15267229825258255,0.3608852028846741,True,496,280,280,0.0
R4_LHS_03,physics,V40_A_E8_C12_2T,S10,velocity,Y,0.21513618528842926,0.49969787895679474,1.1834625005722046,True,496,265,266,135.00458240048846
COMMON_B2,common,V40_A_E8_C12_2T,B2,displacement,Y,0.024706412106752396,0.07258214801549911,0.1965179443359375,True,496,280,280,0.0
R4_LHS_03,physics,V40_A_E8_C12_2T,S10_HYBRID,displacement,Z,0.03382810018956661,0.05145415998995305,0.999259352684021,True,508,443,361,0.5240000000000145
R4_LHS_03,physics,V40_A_E8_C12_2T,S10,velocity,Z,0.1747317984700203,0.28927670121192933,1.596030831336975,True,508,265,265,0.0
COMMON_B2,common,V40_A_E8_C12_2T,B2,displacement,Z,0.047581037506461143,0.0619019940495491,0.16047117114067078,True,508,72,361,7.811999999999991
R4_LHS_03,physics,V40_B_E8_C12_2T,S10_HYBRID,displacement,X,0.14552655071020126,0.31992772221565247,0.7943059206008911,True,496,187,187,0.0
R4_LHS_03,physics,V40_B_E8_C12_2T,S10,velocity,X,0.3860357403755188,0.6222666203975677,0.8878982067108154,True,496,153,50,135.00101694431785
COMMON_B2,common,V40_B_E8_C12_2T,B2,displacement,X,0.10269169509410858,0.23041148483753204,0.5276585221290588,True,496,187,187,0.0
R4_LHS_03,physics,V40_B_E8_C12_2T,S10_HYBRID,displacement,Y,0.0453135147690773,0.20646601915359497,0.8601745367050171,True,496,306,280,1.034716823373547
R4_LHS_03,physics,V40_B_E8_C12_2T,S10,velocity,Y,0.21506773680448532,0.4313031733036041,1.0178217887878418,True,496,265,266,135.00458240048846
COMMON_B2,common,V40_B_E8_C12_2T,B2,displacement,Y,0.028441007249057293,0.07302059978246689,0.17324529588222504,True,496,280,280,0.0
R4_LHS_03,physics,V40_B_E8_C12_2T,S10_HYBRID,displacement,Z,0.0353497713804245,0.06484078839421273,0.863128125667572,True,508,72,361,7.811999999999991
R4_LHS_03,physics,V40_B_E8_C12_2T,S10,velocity,Z,0.1514522284269333,0.25229650139808657,1.319159746170044,True,508,265,265,0.0
COMMON_B2,common,V40_B_E8_C12_2T,B2,displacement,Z,0.05299590155482292,0.0676073469221592,0.16971665620803833,True,508,361,361,0.0
R4_LHS_03,physics,V40_CPLUS_E8_C12_2T,S10_HYBRID,displacement,X,0.09962718933820724,0.1808755025267601,0.34436219930648804,True,496,187,187,0.0
R4_LHS_03,physics,V40_CPLUS_E8_C12_2T,S10,velocity,X,0.40713605284690857,0.639610767364502,0.9117245078086853,True,496,153,493,135.25712142434497
COMMON_B2,common,V40_CPLUS_E8_C12_2T,B2,displacement,X,0.10826249420642853,0.22468189150094986,0.42727038264274597,True,496,187,187,0.0
R4_LHS_03,physics,V40_CPLUS_E8_C12_2T,S10_HYBRID,displacement,Y,0.03285685367882252,0.14726144075393677,0.4608515799045563,True,496,280,280,0.0
R4_LHS_03,physics,V40_CPLUS_E8_C12_2T,S10,velocity,Y,0.1953151524066925,0.4593692570924759,1.0434293746948242,True,496,266,296,1.2691934446726394
COMMON_B2,common,V40_CPLUS_E8_C12_2T,B2,displacement,Y,0.04199684225022793,0.08461443707346916,0.16558125615119934,True,496,280,280,0.0
R4_LHS_03,physics,V40_CPLUS_E8_C12_2T,S10_HYBRID,displacement,Z,0.02503690216690302,0.04725905284285546,0.741133451461792,True,508,1,361,8.335999999999995
R4_LHS_03,physics,V40_CPLUS_E8_C12_2T,S10,velocity,Z,0.12400206178426743,0.23455807119607935,1.8220349550247192,True,508,265,265,0.0
COMMON_B2,common,V40_CPLUS_E8_C12_2T,B2,displacement,Z,0.06391603872179985,0.07774959579110145,0.2097875326871872,True,508,361,361,0.0
R4_LHS_03,physics,V40_C_E8_C12_2T,S10_HYBRID,displacement,X,0.09027349576354027,0.16985344886779785,0.3458622992038727,True,496,187,187,0.0
R4_LHS_03,physics,V40_C_E8_C12_2T,S10,velocity,X,0.38005250692367554,0.5809862613677979,0.8490599393844604,True,496,50,50,0.0
COMMON_B2,common,V40_C_E8_C12_2T,B2,displacement,X,0.09061311185359955,0.16966694593429565,0.3338930606842041,True,496,187,187,0.0
R4_LHS_03,physics,V40_C_E8_C12_2T,S10_HYBRID,displacement,Y,0.03873640112578869,0.14480485022068024,0.5177649259567261,True,496,280,280,0.0
R4_LHS_03,physics,V40_C_E8_C12_2T,S10,velocity,Y,0.19288186728954315,0.43046464025974274,0.9923629760742188,True,496,266,198,1.2691934446726394
COMMON_B2,common,V40_C_E8_C12_2T,B2,displacement,Y,0.022111465223133564,0.06124967709183693,0.1896221786737442,True,496,280,280,0.0
R4_LHS_03,physics,V40_C_E8_C12_2T,S10_HYBRID,displacement,Z,0.03075891174376011,0.051487352699041374,1.8242372274398804,True,508,443,361,0.5240000000000145
R4_LHS_03,physics,V40_C_E8_C12_2T,S10,velocity,Z,0.12826798856258392,0.24517958909273152,1.2849466800689697,True,508,265,265,0.0
COMMON_B2,common,V40_C_E8_C12_2T,B2,displacement,Z,0.045370299369096756,0.05765388906002045,0.19167391955852509,True,508,361,361,0.0
R4_LHS_03,physics,V52_A_E8_C12_2T,S10_HYBRID,displacement,X,0.15843310207128525,0.3688481003046036,0.9693245887756348,True,496,187,187,0.0
R4_LHS_03,physics,V52_A_E8_C12_2T,S10,velocity,X,0.5282995998859406,0.9263987243175507,1.2656769752502441,True,496,70,50,135.0
COMMON_B2,common,V52_A_E8_C12_2T,B2,displacement,X,0.1232859194278717,0.2865518182516098,0.741873562335968,True,496,187,187,0.0
R4_LHS_03,physics,V52_A_E8_C12_2T,S10_HYBRID,displacement,Y,0.05385393463075161,0.22654128819704056,0.7469140887260437,True,496,306,280,1.034716823373547
R4_LHS_03,physics,V52_A_E8_C12_2T,S10,velocity,Y,0.24720612913370132,0.43283991515636444,1.0678036212921143,True,496,265,266,135.00458240048846
COMMON_B2,common,V52_A_E8_C12_2T,B2,displacement,Y,0.035238297656178474,0.09625488892197609,0.1953791081905365,True,496,280,280,0.0
R4_LHS_03,physics,V52_A_E8_C12_2T,S10_HYBRID,displacement,Z,0.052237728610634804,0.0758173145353794,1.1304830312728882,True,508,72,72,0.0
R4_LHS_03,physics,V52_A_E8_C12_2T,S10,velocity,Z,0.20558913052082062,0.31649898886680605,1.3400671482086182,True,508,265,265,0.0
COMMON_B2,common,V52_A_E8_C12_2T,B2,displacement,Z,0.0570574551820755,0.07308649197220803,0.12400978058576584,True,508,361,72,7.811999999999991
R4_LHS_03,physics,V52_B_E8_C12_2T,S10_HYBRID,displacement,X,0.08000995591282845,0.14626716077327728,0.29504698514938354,True,496,187,187,0.0
R4_LHS_03,physics,V52_B_E8_C12_2T,S10,velocity,X,0.4528859555721283,0.7336416244506836,0.904739499092102,True,496,50,50,0.0
COMMON_B2,common,V52_B_E8_C12_2T,B2,displacement,X,0.08743501827120781,0.157934308052063,0.27040010690689087,True,496,187,187,0.0
R4_LHS_03,physics,V52_B_E8_C12_2T,S10_HYBRID,displacement,Y,0.031067555770277977,0.15679974853992462,0.5078107118606567,True,496,280,280,0.0
R4_LHS_03,physics,V52_B_E8_C12_2T,S10,velocity,Y,0.1876712217926979,0.4102240800857544,1.0826126337051392,True,496,266,266,0.0
COMMON_B2,common,V52_B_E8_C12_2T,B2,displacement,Y,0.03225401230156422,0.06795459985733032,0.1899179071187973,True,496,280,280,0.0
R4_LHS_03,physics,V52_B_E8_C12_2T,S10_HYBRID,displacement,Z,0.026770195923745632,0.05173399746418,1.5189487934112549,True,508,443,361,0.5240000000000145
R4_LHS_03,physics,V52_B_E8_C12_2T,S10,velocity,Z,0.1349719688296318,0.23644411861896522,1.8245331048965454,True,508,265,265,0.0
COMMON_B2,common,V52_B_E8_C12_2T,B2,displacement,Z,0.04525640420615673,0.0551083792001009,0.09926585853099823,True,508,361,361,0.0
R4_LHS_03,physics,V52_CPLUS_E8_C12_2T,S10_HYBRID,displacement,X,0.0945575125515461,0.17841970920562744,0.3205758333206177,True,496,187,187,0.0
R4_LHS_03,physics,V52_CPLUS_E8_C12_2T,S10,velocity,X,0.49961481988430023,0.7565386295318604,0.9172319173812866,True,496,50,50,0.0
COMMON_B2,common,V52_CPLUS_E8_C12_2T,B2,displacement,X,0.08169334381818771,0.16194846481084824,0.2814452052116394,True,496,187,187,0.0
R4_LHS_03,physics,V52_CPLUS_E8_C12_2T,S10_HYBRID,displacement,Y,0.032074201852083206,0.1384022980928421,0.39396291971206665,True,496,280,280,0.0
R4_LHS_03,physics,V52_CPLUS_E8_C12_2T,S10,velocity,Y,0.18709486722946167,0.47087348997592926,1.3658380508422852,True,496,266,198,1.2691934446726394
COMMON_B2,common,V52_CPLUS_E8_C12_2T,B2,displacement,Y,0.02321254089474678,0.05950659513473511,0.15693825483322144,True,496,280,280,0.0
R4_LHS_03,physics,V52_CPLUS_E8_C12_2T,S10_HYBRID,displacement,Z,0.027476090006530285,0.05149686969816685,1.2399448156356812,True,508,443,361,0.5240000000000145
R4_LHS_03,physics,V52_CPLUS_E8_C12_2T,S10,velocity,Z,0.13795429468154907,0.2429696187376976,1.4626166820526123,True,508,265,265,0.0
COMMON_B2,common,V52_CPLUS_E8_C12_2T,B2,displacement,Z,0.04677821695804596,0.058724387735128405,0.10208187252283096,True,508,361,361,0.0
R4_LHS_03,physics,V52_C_E8_C12_2T,S10_HYBRID,displacement,X,0.09947605431079865,0.17448744922876358,0.34496164321899414,True,496,187,187,0.0
R4_LHS_03,physics,V52_C_E8_C12_2T,S10,velocity,X,0.47281695902347565,0.7472349405288696,0.8985788226127625,True,496,50,50,0.0
COMMON_B2,common,V52_C_E8_C12_2T,B2,displacement,X,0.09964156895875931,0.20132892578840256,0.3935353755950928,True,496,187,187,0.0
R4_LHS_03,physics,V52_C_E8_C12_2T,S10_HYBRID,displacement,Y,0.038981812074780464,0.14711587876081467,0.42317119240760803,True,496,306,280,1.034716823373547
R4_LHS_03,physics,V52_C_E8_C12_2T,S10,velocity,Y,0.18673420697450638,0.41674624383449554,1.0840176343917847,True,496,266,198,1.2691934446726394
COMMON_B2,common,V52_C_E8_C12_2T,B2,displacement,Y,0.039216019213199615,0.08041771128773689,0.19215227663516998,True,496,280,280,0.0
R4_LHS_03,physics,V52_C_E8_C12_2T,S10_HYBRID,displacement,Z,0.033587390556931496,0.05051397532224655,0.8414112329483032,True,508,1,361,8.335999999999995
R4_LHS_03,physics,V52_C_E8_C12_2T,S10,velocity,Z,0.12809888273477554,0.23350761979818346,1.38302481174469,True,508,265,265,0.0
COMMON_B2,common,V52_C_E8_C12_2T,B2,displacement,Z,0.06259377673268318,0.07586088106036186,0.12544873356819153,True,508,361,361,0.0
R4_LHS_03,control,BASE_C1_0T,S10_HYBRID,displacement,X,0.3849118798971176,1.282837152481079,8.511346817016602,True,496,437,437,0.0
R4_LHS_03,control,BASE_C1_0T,S10,velocity,X,,,,False,0,0,0,0.0
R4_LHS_03,control,BASE_C1_0T,S10_HYBRID,displacement,Y,0.03623479977250099,0.16594043374061584,2.5279083251953125,True,496,236,236,0.0
R4_LHS_03,control,BASE_C1_0T,S10,velocity,Y,,,,False,0,0,0,0.0
R4_LHS_03,control,BASE_C1_0T,S10_HYBRID,displacement,Z,0.036849506199359894,0.04298714771866798,0.18115772306919098,True,508,226,226,0.0
R4_LHS_03,control,BASE_C1_0T,S10,velocity,Z,,,,False,0,0,0,0.0
R4_LHS_03,control,BASE_C2_0T,S10_HYBRID,displacement,X,0.009949057828634977,0.014951025601476431,0.02436234802007675,True,496,433,433,0.0
R4_LHS_03,control,BASE_C2_0T,S10,velocity,X,,,,False,0,0,0,0.0
R4_LHS_03,control,BASE_C2_0T,S10_HYBRID,displacement,Y,0.06576468423008919,0.2308400273323059,2.650890350341797,True,496,236,236,0.0
R4_LHS_03,control,BASE_C2_0T,S10,velocity,Y,,,,False,0,0,0,0.0
R4_LHS_03,control,BASE_C2_0T,S10_HYBRID,displacement,Z,0.0647687166929245,0.06990576460957527,0.20205484330654144,True,508,443,443,0.0
R4_LHS_03,control,BASE_C2_0T,S10,velocity,Z,,,,False,0,0,0,0.0
R4_LHS_03,control,BASE_C3_0T,S10_HYBRID,displacement,X,0.30600185692310333,0.9762547612190247,7.024093151092529,True,496,437,437,0.0
R4_LHS_03,control,BASE_C3_0T,S10,velocity,X,,,,False,0,0,0,0.0
R4_LHS_03,control,BASE_C3_0T,S10_HYBRID,displacement,Y,0.02267469372600317,0.10797262564301491,1.7821738719940186,True,496,236,236,0.0
R4_LHS_03,control,BASE_C3_0T,S10,velocity,Y,,,,False,0,0,0,0.0
R4_LHS_03,control,BASE_C3_0T,S10_HYBRID,displacement,Z,0.02197218593209982,0.026732088439166544,0.130360946059227,True,508,226,226,0.0
R4_LHS_03,control,BASE_C3_0T,S10,velocity,Z,,,,False,0,0,0,0.0
R4_LHS_03,control,BASE_C8_0T,S10_HYBRID,displacement,X,0.011419326532632113,0.017568781040608883,0.024327095597982407,True,496,433,433,0.0
R4_LHS_03,control,BASE_C8_0T,S10,velocity,X,,,,False,0,0,0,0.0
R4_LHS_03,control,BASE_C8_0T,S10_HYBRID,displacement,Y,0.02642172947525978,0.11787122115492821,1.5971720218658447,True,496,433,236,10.59715891150338
R4_LHS_03,control,BASE_C8_0T,S10,velocity,Y,,,,False,0,0,0,0.0
R4_LHS_03,control,BASE_C8_0T,S10_HYBRID,displacement,Z,0.028570489026606083,0.03442755416035652,0.15942183136940002,True,508,443,443,0.0
R4_LHS_03,control,BASE_C8_0T,S10,velocity,Z,,,,False,0,0,0,0.0
R4_LHS_03,control,V40_A_E1_C4_2T,S10_HYBRID,displacement,X,0.12816394120454788,0.2063656449317932,0.39058607816696167,True,496,187,187,0.0
R4_LHS_03,control,V40_A_E1_C4_2T,S10,velocity,X,0.40366269648075104,0.6506541073322296,0.9121849536895752,True,496,50,50,0.0
R4_LHS_03,control,V40_A_E1_C4_2T,S10_HYBRID,displacement,Y,0.06659149378538132,0.17392903566360474,0.5603433847427368,True,496,306,280,1.034716823373547
R4_LHS_03,control,V40_A_E1_C4_2T,S10,velocity,Y,0.24294379353523254,0.47840559482574463,1.0392528772354126,True,496,266,266,0.0
R4_LHS_03,control,V40_A_E1_C4_2T,S10_HYBRID,displacement,Z,0.06132451817393303,0.0731269046664238,1.6548113822937012,True,508,72,361,7.811999999999991
R4_LHS_03,control,V40_A_E1_C4_2T,S10,velocity,Z,0.22243328392505646,0.31966932117939,1.9113056659698486,True,508,265,265,0.0
R4_LHS_03,control,V40_B_E1_C4_2T,S10_HYBRID,displacement,X,0.12986141443252563,0.2842031568288803,0.6766952276229858,True,496,187,187,0.0
R4_LHS_03,control,V40_B_E1_C4_2T,S10,velocity,X,0.3971679359674454,0.705586314201355,1.0224703550338745,True,496,50,50,0.0
R4_LHS_03,control,V40_B_E1_C4_2T,S10_HYBRID,displacement,Y,0.04878067225217819,0.16121406853199005,0.4311370253562927,True,496,280,280,0.0
R4_LHS_03,control,V40_B_E1_C4_2T,S10,velocity,Y,0.22019439935684204,0.4306906461715698,1.0237492322921753,True,496,266,266,0.0
R4_LHS_03,control,V40_B_E1_C4_2T,S10_HYBRID,displacement,Z,0.05372793227434158,0.06862759366631507,0.8027052283287048,True,508,443,361,0.5240000000000145
R4_LHS_03,control,V40_B_E1_C4_2T,S10,velocity,Z,0.19264661520719528,0.28985653519630433,1.234277606010437,True,508,265,265,0.0
R4_LHS_03,control,V40_CPLUS_E1_C4_2T,S10_HYBRID,displacement,X,0.12488541379570961,0.2539542466402054,0.6165217161178589,True,496,187,187,0.0
R4_LHS_03,control,V40_CPLUS_E1_C4_2T,S10,velocity,X,0.36828337609767914,0.6250392496585846,0.9098357558250427,True,496,153,493,135.25712142434497
R4_LHS_03,control,V40_CPLUS_E1_C4_2T,S10_HYBRID,displacement,Y,0.04087482951581478,0.17016743123531342,0.6395927667617798,True,496,280,280,0.0
R4_LHS_03,control,V40_CPLUS_E1_C4_2T,S10,velocity,Y,0.22214698791503906,0.41328538954257965,1.130743145942688,True,496,266,266,0.0
R4_LHS_03,control,V40_CPLUS_E1_C4_2T,S10_HYBRID,displacement,Z,0.042420269921422005,0.07566188573837282,2.8855717182159424,True,508,72,361,7.811999999999991
R4_LHS_03,control,V40_CPLUS_E1_C4_2T,S10,velocity,Z,0.19300423562526703,0.27270206511020667,1.7177754640579224,True,508,265,265,0.0
R4_LHS_03,control,V40_C_E1_C4_2T,S10_HYBRID,displacement,X,0.12744014710187912,0.25541190803050995,0.5644132494926453,True,496,187,187,0.0
R4_LHS_03,control,V40_C_E1_C4_2T,S10,velocity,X,0.3908627927303314,0.6950377225875854,1.030875325202942,True,496,50,50,0.0
R4_LHS_03,control,V40_C_E1_C4_2T,S10_HYBRID,displacement,Y,0.046321459114551544,0.1607218161225319,0.4395335614681244,True,496,280,280,0.0
R4_LHS_03,control,V40_C_E1_C4_2T,S10,velocity,Y,0.2102331891655922,0.4157046973705292,1.0093944072723389,True,496,266,198,1.2691934446726394
R4_LHS_03,control,V40_C_E1_C4_2T,S10_HYBRID,displacement,Z,0.049216438084840775,0.06525972858071327,0.7667477130889893,True,508,443,361,0.5240000000000145
R4_LHS_03,control,V40_C_E1_C4_2T,S10,velocity,Z,0.18006043136119843,0.2861126512289047,1.2559431791305542,True,508,265,265,0.0
R4_LHS_03,control,V52_A_E1_C4_2T,S10_HYBRID,displacement,X,0.08226403966546059,0.15866492688655853,0.29786503314971924,True,496,187,187,0.0
R4_LHS_03,control,V52_A_E1_C4_2T,S10,velocity,X,0.4368303567171097,0.7115603089332581,0.8311694264411926,True,496,493,50,8.86000000000001
R4_LHS_03,control,V52_A_E1_C4_2T,S10_HYBRID,displacement,Y,0.029530874453485012,0.12933390587568283,0.36602091789245605,True,496,280,280,0.0
R4_LHS_03,control,V52_A_E1_C4_2T,S10,velocity,Y,0.22244106233119965,0.3755857050418854,1.1660411357879639,True,496,266,266,0.0
R4_LHS_03,control,V52_A_E1_C4_2T,S10_HYBRID,displacement,Z,0.026098142378032207,0.03785055167973042,1.0827268362045288,True,508,443,72,8.336000000000006
R4_LHS_03,control,V52_A_E1_C4_2T,S10,velocity,Z,0.2053569182753563,0.3013052463531494,1.0180401802062988,True,508,265,265,0.0
R4_LHS_03,control,V52_B_E1_C4_2T,S10_HYBRID,displacement,X,0.10517197847366333,0.19542686641216278,0.42683133482933044,True,496,187,187,0.0
R4_LHS_03,control,V52_B_E1_C4_2T,S10,velocity,X,0.44181662797927856,0.7156364023685455,0.8610305190086365,True,496,50,493,8.86000000000001
R4_LHS_03,control,V52_B_E1_C4_2T,S10_HYBRID,displacement,Y,0.048614222556352615,0.17921723425388336,0.4734764099121094,True,496,280,280,0.0
R4_LHS_03,control,V52_B_E1_C4_2T,S10,velocity,Y,0.2104460746049881,0.37840208411216736,1.105738639831543,True,496,266,296,1.2691934446726394
R4_LHS_03,control,V52_B_E1_C4_2T,S10_HYBRID,displacement,Z,0.03621608205139637,0.06002743095159531,1.0320619344711304,True,508,443,361,0.5240000000000145
R4_LHS_03,control,V52_B_E1_C4_2T,S10,velocity,Z,0.17320533841848373,0.2602135449647904,1.290265679359436,True,508,265,265,0.0
R4_LHS_03,control,V52_CPLUS_E1_C4_2T,S10_HYBRID,displacement,X,0.0671529732644558,0.13104656338691711,0.24405083060264587,True,496,187,187,0.0
R4_LHS_03,control,V52_CPLUS_E1_C4_2T,S10,velocity,X,0.4258042275905609,0.7012770175933838,0.9091266393661499,True,496,70,493,135.2904268601441
R4_LHS_03,control,V52_CPLUS_E1_C4_2T,S10_HYBRID,displacement,Y,0.027192178182303905,0.11791514977812767,0.3428369462490082,True,496,280,280,0.0
R4_LHS_03,control,V52_CPLUS_E1_C4_2T,S10,velocity,Y,0.1740095093846321,0.37941670417785645,1.2286285161972046,True,496,266,296,1.2691934446726394
R4_LHS_03,control,V52_CPLUS_E1_C4_2T,S10_HYBRID,displacement,Z,0.022423550486564636,0.036350292339921,1.0919110774993896,True,508,361,361,0.0
R4_LHS_03,control,V52_CPLUS_E1_C4_2T,S10,velocity,Z,0.1381218433380127,0.22399758547544485,1.0698117017745972,True,508,265,265,0.0
R4_LHS_03,control,V52_C_E1_C4_2T,S10_HYBRID,displacement,X,0.10322022438049316,0.179014191031456,0.3451029360294342,True,496,187,187,0.0
R4_LHS_03,control,V52_C_E1_C4_2T,S10,velocity,X,0.4245253652334213,0.702240914106369,0.8324012160301208,True,496,50,493,8.86000000000001
R4_LHS_03,control,V52_C_E1_C4_2T,S10_HYBRID,displacement,Y,0.05533207021653652,0.18609719723463058,0.7123488187789917,True,496,280,280,0.0
R4_LHS_03,control,V52_C_E1_C4_2T,S10,velocity,Y,0.1996055394411087,0.3918137848377228,1.0559834241867065,True,496,266,266,0.0
R4_LHS_03,control,V52_C_E1_C4_2T,S10_HYBRID,displacement,Z,0.057200588285923004,0.07902607843279838,1.254739761352539,True,508,72,361,7.811999999999991
R4_LHS_03,control,V52_C_E1_C4_2T,S10,velocity,Z,0.16510183364152908,0.24862670153379446,1.6136385202407837,True,508,265,265,0.0
R4_LHS_03,control,V40_A_E2_C5_2T,S10_HYBRID,displacement,X,0.020164438523352146,0.037084609270095825,0.0787663534283638,True,496,433,433,0.0
R4_LHS_03,control,V40_A_E2_C5_2T,S10,velocity,X,0.6159496903419495,0.8805948495864868,0.9491130113601685,True,496,50,153,135.00101694431785
R4_LHS_03,control,V40_A_E2_C5_2T,S10_HYBRID,displacement,Y,0.049460163339972496,0.18062983453273773,0.5170773863792419,True,496,280,280,0.0
R4_LHS_03,control,V40_A_E2_C5_2T,S10,velocity,Y,0.24176087230443954,0.457519069314003,1.074282169342041,True,496,266,316,135.00596598669262
R4_LHS_03,control,V40_A_E2_C5_2T,S10_HYBRID,displacement,Z,0.03995845280587673,0.06344798877835275,0.9606246948242188,True,508,361,443,0.5240000000000145
R4_LHS_03,control,V40_A_E2_C5_2T,S10,velocity,Z,0.2221800833940506,0.29451011717319486,1.6270420551300049,True,508,265,265,0.0
R4_LHS_03,control,V40_B_E2_C5_2T,S10_HYBRID,displacement,X,0.014706175308674574,0.033376870676875114,0.0755080133676529,True,496,433,433,0.0
R4_LHS_03,control,V40_B_E2_C5_2T,S10,velocity,X,0.58022740483284,0.7126266956329346,0.8891968727111816,True,496,493,493,0.0
R4_LHS_03,control,V40_B_E2_C5_2T,S10_HYBRID,displacement,Y,0.030093705281615257,0.11448846384882927,0.36232638359069824,True,496,280,280,0.0
R4_LHS_03,control,V40_B_E2_C5_2T,S10,velocity,Y,0.2071685940027237,0.4207196980714798,1.154496669769287,True,496,265,266,135.00458240048846
R4_LHS_03,control,V40_B_E2_C5_2T,S10_HYBRID,displacement,Z,0.024781598709523678,0.03786410726606846,1.075944185256958,True,508,443,443,0.0
R4_LHS_03,control,V40_B_E2_C5_2T,S10,velocity,Z,0.1741851568222046,0.2515339016914368,1.2141145467758179,True,508,265,265,0.0
R4_LHS_03,control,V40_CPLUS_E2_C5_2T,S10_HYBRID,displacement,X,0.017110219225287437,0.04311649687588215,0.09641135483980179,True,496,433,433,0.0
R4_LHS_03,control,V40_CPLUS_E2_C5_2T,S10,velocity,X,0.403351828455925,0.6064438223838806,0.8900785446166992,True,496,153,153,0.0
R4_LHS_03,control,V40_CPLUS_E2_C5_2T,S10_HYBRID,displacement,Y,0.029350295662879944,0.11308592930436134,0.3518664538860321,True,496,280,280,0.0
R4_LHS_03,control,V40_CPLUS_E2_C5_2T,S10,velocity,Y,0.1961575374007225,0.403752401471138,1.1241660118103027,True,496,266,296,1.2691934446726394
R4_LHS_03,control,V40_CPLUS_E2_C5_2T,S10_HYBRID,displacement,Z,0.024878027848899364,0.039705963805317886,0.979709267616272,True,508,443,443,0.0
R4_LHS_03,control,V40_CPLUS_E2_C5_2T,S10,velocity,Z,0.1686186119914055,0.24656239598989488,1.1606186628341675,True,508,265,265,0.0
R4_LHS_03,control,V40_C_E2_C5_2T,S10_HYBRID,displacement,X,0.024763504043221474,0.04596829414367676,0.10817568749189377,True,496,433,433,0.0
R4_LHS_03,control,V40_C_E2_C5_2T,S10,velocity,X,0.5037186145782471,0.7199549376964569,0.861385703086853,True,496,50,493,8.86000000000001
R4_LHS_03,control,V40_C_E2_C5_2T,S10_HYBRID,displacement,Y,0.04786474630236626,0.17466387152671814,0.5033963322639465,True,496,280,280,0.0
R4_LHS_03,control,V40_C_E2_C5_2T,S10,velocity,Y,0.21445809304714203,0.4127386212348938,1.0187325477600098,True,496,266,265,135.00458240048846
R4_LHS_03,control,V40_C_E2_C5_2T,S10_HYBRID,displacement,Z,0.03829750791192055,0.06264864131808281,1.2062695026397705,True,508,443,443,0.0
R4_LHS_03,control,V40_C_E2_C5_2T,S10,velocity,Z,0.1777416169643402,0.266757944226265,1.554131269454956,True,508,265,265,0.0
R4_LHS_03,control,V52_A_E2_C5_2T,S10_HYBRID,displacement,X,0.015765578486025333,0.032587647438049316,0.06126253306865692,True,496,36,36,0.0
R4_LHS_03,control,V52_A_E2_C5_2T,S10,velocity,X,0.6444193720817566,0.8219278752803802,0.9041822552680969,True,496,50,493,8.86000000000001
R4_LHS_03,control,V52_A_E2_C5_2T,S10_HYBRID,displacement,Y,0.037886615842580795,0.16461854428052902,0.609539806842804,True,496,306,280,1.034716823373547
R4_LHS_03,control,V52_A_E2_C5_2T,S10,velocity,Y,0.1962072253227234,0.4229023903608322,1.062361717224121,True,496,266,266,0.0
R4_LHS_03,control,V52_A_E2_C5_2T,S10_HYBRID,displacement,Z,0.03238360211253166,0.05204570181667805,1.49711275100708,True,508,1,443,8.86000000000001
R4_LHS_03,control,V52_A_E2_C5_2T,S10,velocity,Z,0.15480826050043106,0.23483169227838518,1.9328733682632446,True,508,265,265,0.0
R4_LHS_03,control,V52_B_E2_C5_2T,S10_HYBRID,displacement,X,0.01759839802980423,0.036724548786878586,0.08607789129018784,True,496,36,36,0.0
R4_LHS_03,control,V52_B_E2_C5_2T,S10,velocity,X,0.5904178619384766,0.7817435264587402,0.9028251767158508,True,496,50,441,135.25712142434497
R4_LHS_03,control,V52_B_E2_C5_2T,S10_HYBRID,displacement,Y,0.049322694540023804,0.16371316462755203,0.43265050649642944,True,496,207,280,1.0347168233735533
R4_LHS_03,control,V52_B_E2_C5_2T,S10,velocity,Y,0.188259057700634,0.39813366532325745,1.0559550523757935,True,496,265,198,135.0166118112963
R4_LHS_03,control,V52_B_E2_C5_2T,S10_HYBRID,displacement,Z,0.056266095489263535,0.0739365577697754,0.9117932915687561,True,508,443,443,0.0
R4_LHS_03,control,V52_B_E2_C5_2T,S10,velocity,Z,0.14221294224262238,0.2434953287243843,1.2340096235275269,True,508,265,265,0.0
R4_LHS_03,control,V52_CPLUS_E2_C5_2T,S10_HYBRID,displacement,X,0.02429442759603262,0.06418522447347641,0.16592532396316528,True,496,36,208,8.556802959534613
R4_LHS_03,control,V52_CPLUS_E2_C5_2T,S10,velocity,X,0.589485228061676,0.7481507956981659,0.8632718920707703,True,496,50,50,0.0
R4_LHS_03,control,V52_CPLUS_E2_C5_2T,S10_HYBRID,displacement,Y,0.0428202748298645,0.1784033700823784,0.6448306441307068,True,496,280,280,0.0
R4_LHS_03,control,V52_CPLUS_E2_C5_2T,S10,velocity,Y,0.19828731566667557,0.3922211229801178,1.2763606309890747,True,496,266,266,0.0
R4_LHS_03,control,V52_CPLUS_E2_C5_2T,S10_HYBRID,displacement,Z,0.041338248178362846,0.07271641343832018,2.9820098876953125,True,508,1,1,0.0
R4_LHS_03,control,V52_CPLUS_E2_C5_2T,S10,velocity,Z,0.15870773792266846,0.2424430444836617,1.7040927410125732,True,508,265,265,0.0
R4_LHS_03,control,V52_C_E2_C5_2T,S10_HYBRID,displacement,X,0.021382632665336132,0.0519761573523283,0.12181413918733597,True,496,36,36,0.0
R4_LHS_03,control,V52_C_E2_C5_2T,S10,velocity,X,0.6139608323574066,0.8036114275455475,0.8780466318130493,True,496,50,50,0.0
R4_LHS_03,control,V52_C_E2_C5_2T,S10_HYBRID,displacement,Y,0.042330263182520866,0.1809925213456154,0.6159763932228088,True,496,207,280,1.0347168233735533
R4_LHS_03,control,V52_C_E2_C5_2T,S10,velocity,Y,0.1961904987692833,0.39749056100845337,1.2653687000274658,True,496,266,266,0.0
R4_LHS_03,control,V52_C_E2_C5_2T,S10_HYBRID,displacement,Z,0.03935496136546135,0.06806955039501192,2.7584826946258545,True,508,1,443,8.86000000000001
R4_LHS_03,control,V52_C_E2_C5_2T,S10,velocity,Z,0.15350332856178284,0.24568268805742266,1.59038245677948,True,508,265,265,0.0
R4_LHS_03,control,V40_A_E3_C6_1T,S10_HYBRID,displacement,X,0.10539144650101662,0.23336240649223328,1.1320406198501587,True,496,433,433,0.0
R4_LHS_03,control,V40_A_E3_C6_1T,S10,velocity,X,0.41221584379673004,0.6192690134048462,0.9562070965766907,True,496,153,50,135.00101694431785
R4_LHS_03,control,V40_A_E3_C6_1T,S10_HYBRID,displacement,Y,0.035338062793016434,0.18365173786878586,1.0224213600158691,True,496,207,207,0.0
R4_LHS_03,control,V40_A_E3_C6_1T,S10,velocity,Y,0.3476508557796478,0.5759795010089874,1.2878988981246948,True,496,265,265,0.0
R4_LHS_03,control,V40_A_E3_C6_1T,S10_HYBRID,displacement,Z,0.03280851058661938,0.04678680934011936,0.8311322927474976,True,508,1,72,0.5240000000000045
R4_LHS_03,control,V40_A_E3_C6_1T,S10,velocity,Z,0.17807788401842117,0.23615343868732452,1.994139552116394,True,508,265,265,0.0
R4_LHS_03,control,V40_B_E3_C6_1T,S10_HYBRID,displacement,X,0.10051896423101425,0.23097533732652664,0.7853913307189941,True,496,433,433,0.0
R4_LHS_03,control,V40_B_E3_C6_1T,S10,velocity,X,0.41695111989974976,0.6379330456256866,0.9160605072975159,True,496,50,70,135.0
R4_LHS_03,control,V40_B_E3_C6_1T,S10_HYBRID,displacement,Y,0.04691646061837673,0.1933126598596573,0.6320234537124634,True,496,207,207,0.0
R4_LHS_03,control,V40_B_E3_C6_1T,S10,velocity,Y,0.3281732499599457,0.6184270083904266,1.0544588565826416,True,496,266,265,135.00458240048846
R4_LHS_03,control,V40_B_E3_C6_1T,S10_HYBRID,displacement,Z,0.035469865426421165,0.04393145889043808,0.4674559235572815,True,508,1,72,0.5240000000000045
R4_LHS_03,control,V40_B_E3_C6_1T,S10,velocity,Z,0.17194779962301254,0.25213111340999605,1.65521240234375,True,508,265,265,0.0
R4_LHS_03,control,V40_CPLUS_E3_C6_1T,S10_HYBRID,displacement,X,0.1054435484111309,0.24200889468193054,0.6207481622695923,True,496,433,433,0.0
R4_LHS_03,control,V40_CPLUS_E3_C6_1T,S10,velocity,X,0.4508432596921921,0.6520243287086487,0.9876881241798401,True,496,70,50,135.0
R4_LHS_03,control,V40_CPLUS_E3_C6_1T,S10_HYBRID,displacement,Y,0.03964393213391304,0.17032473534345627,0.6182512044906616,True,496,207,207,0.0
R4_LHS_03,control,V40_CPLUS_E3_C6_1T,S10,velocity,Y,0.2999983876943588,0.6170281767845154,1.2071260213851929,True,496,266,198,1.2691934446726394
R4_LHS_03,control,V40_CPLUS_E3_C6_1T,S10_HYBRID,displacement,Z,0.02645919006317854,0.04724375940859318,0.34246036410331726,True,508,1,72,0.5240000000000045
R4_LHS_03,control,V40_CPLUS_E3_C6_1T,S10,velocity,Z,0.18540824949741364,0.28237412571907045,1.2825549840927124,True,508,265,265,0.0
R4_LHS_03,control,V40_C_E3_C6_1T,S10_HYBRID,displacement,X,0.0700465515255928,0.17994016408920288,0.6106638312339783,True,496,433,433,0.0
R4_LHS_03,control,V40_C_E3_C6_1T,S10,velocity,X,0.4056786298751831,0.6048836410045624,0.9479758143424988,True,496,153,153,0.0
R4_LHS_03,control,V40_C_E3_C6_1T,S10_HYBRID,displacement,Y,0.02318497095257044,0.1437007412314415,0.4856424033641815,True,496,207,207,0.0
R4_LHS_03,control,V40_C_E3_C6_1T,S10,velocity,Y,0.29749900102615356,0.5583581924438477,1.3454914093017578,True,496,266,265,135.00458240048846
R4_LHS_03,control,V40_C_E3_C6_1T,S10_HYBRID,displacement,Z,0.013147425837814808,0.01892415340989828,0.2736479640007019,True,508,1,72,0.5240000000000045
R4_LHS_03,control,V40_C_E3_C6_1T,S10,velocity,Z,0.15923777967691422,0.24581990987062463,1.2934396266937256,True,508,265,265,0.0
R4_LHS_03,control,V52_A_E3_C6_1T,S10_HYBRID,displacement,X,0.08518778532743454,0.15702976286411285,0.6047734618186951,True,496,433,433,0.0
R4_LHS_03,control,V52_A_E3_C6_1T,S10,velocity,X,0.5162405669689178,0.7443525493144989,0.9100645184516907,True,496,50,50,0.0
R4_LHS_03,control,V52_A_E3_C6_1T,S10_HYBRID,displacement,Y,0.023495499975979328,0.12274690344929695,0.5066271424293518,True,496,207,207,0.0
R4_LHS_03,control,V52_A_E3_C6_1T,S10,velocity,Y,0.34264199435710907,0.5205811560153961,1.5693390369415283,True,496,265,296,135.0166118112963
R4_LHS_03,control,V52_A_E3_C6_1T,S10_HYBRID,displacement,Z,0.016083665192127228,0.02071632780134678,0.2535106837749481,True,508,1,72,0.5240000000000045
R4_LHS_03,control,V52_A_E3_C6_1T,S10,velocity,Z,0.1449894905090332,0.21988116204738617,1.070885419845581,True,508,265,265,0.0
R4_LHS_03,control,V52_B_E3_C6_1T,S10_HYBRID,displacement,X,0.09680594131350517,0.22269517183303833,0.9654723405838013,True,496,433,433,0.0
R4_LHS_03,control,V52_B_E3_C6_1T,S10,velocity,X,0.49367429316043854,0.7141551971435547,0.8987362384796143,True,496,50,50,0.0
R4_LHS_03,control,V52_B_E3_C6_1T,S10_HYBRID,displacement,Y,0.04349570721387863,0.1845473349094391,1.135879397392273,True,496,207,207,0.0
R4_LHS_03,control,V52_B_E3_C6_1T,S10,velocity,Y,0.3243376314640045,0.5244657397270203,1.2321205139160156,True,496,266,198,1.2691934446726394
R4_LHS_03,control,V52_B_E3_C6_1T,S10_HYBRID,displacement,Z,0.039620425552129745,0.052617950737476354,0.7800590395927429,True,508,1,72,0.5240000000000045
R4_LHS_03,control,V52_B_E3_C6_1T,S10,velocity,Z,0.1809690073132515,0.24970096796751023,1.3734195232391357,True,508,265,265,0.0
R4_LHS_03,control,V52_CPLUS_E3_C6_1T,S10_HYBRID,displacement,X,0.08337468653917313,0.18031296133995056,0.6336165070533752,True,496,433,433,0.0
R4_LHS_03,control,V52_CPLUS_E3_C6_1T,S10,velocity,X,0.498395100235939,0.7017145156860352,0.9180243611335754,True,496,70,50,135.0
R4_LHS_03,control,V52_CPLUS_E3_C6_1T,S10_HYBRID,displacement,Y,0.055406248196959496,0.1530199646949768,0.5006896257400513,True,496,207,207,0.0
R4_LHS_03,control,V52_CPLUS_E3_C6_1T,S10,velocity,Y,0.26004090905189514,0.5332842469215393,1.039707899093628,True,496,265,266,135.00458240048846
R4_LHS_03,control,V52_CPLUS_E3_C6_1T,S10_HYBRID,displacement,Z,0.041636744514107704,0.048343109712004666,0.37193167209625244,True,508,72,72,0.0
R4_LHS_03,control,V52_CPLUS_E3_C6_1T,S10,velocity,Z,0.15837733447551727,0.26570322513580324,1.183282732963562,True,508,265,265,0.0
R4_LHS_03,control,V52_C_E3_C6_1T,S10_HYBRID,displacement,X,0.09275444597005844,0.20115523785352707,0.7114339470863342,True,496,433,433,0.0
R4_LHS_03,control,V52_C_E3_C6_1T,S10,velocity,X,0.5016895085573196,0.718933641910553,0.9061123728752136,True,496,50,70,135.0
R4_LHS_03,control,V52_C_E3_C6_1T,S10_HYBRID,displacement,Y,0.05143307149410248,0.15537962317466736,0.5441951751708984,True,496,207,207,0.0
R4_LHS_03,control,V52_C_E3_C6_1T,S10,velocity,Y,0.268285870552063,0.5207239389419556,1.0374542474746704,True,496,265,266,135.00458240048846
R4_LHS_03,control,V52_C_E3_C6_1T,S10_HYBRID,displacement,Z,0.033656734973192215,0.040593672543764114,0.3384023606777191,True,508,72,72,0.0
R4_LHS_03,control,V52_C_E3_C6_1T,S10,velocity,Z,0.15246619284152985,0.25057986825704576,1.1769351959228516,True,508,265,265,0.0
R4_LHS_03,control,V40_A_E4_C7_1T,S10_HYBRID,displacement,X,0.018103343434631824,0.03459298983216286,0.10055910050868988,True,496,433,433,0.0
R4_LHS_03,control,V40_A_E4_C7_1T,S10,velocity,X,0.659511923789978,0.7509942054748535,0.9510459303855896,True,496,153,50,135.00101694431785
R4_LHS_03,control,V40_A_E4_C7_1T,S10_HYBRID,displacement,Y,0.05286616086959839,0.16569042950868607,0.5838349461555481,True,496,207,207,0.0
R4_LHS_03,control,V40_A_E4_C7_1T,S10,velocity,Y,0.2688819468021393,0.6011355221271515,1.1450246572494507,True,496,266,265,135.00458240048846
R4_LHS_03,control,V40_A_E4_C7_1T,S10_HYBRID,displacement,Z,0.03488064371049404,0.0412312176078558,0.32206231355667114,True,508,72,1,0.5240000000000045
R4_LHS_03,control,V40_A_E4_C7_1T,S10,velocity,Z,0.13826023787260056,0.20008423626422886,1.3710951805114746,True,508,265,265,0.0
R4_LHS_03,control,V40_B_E4_C7_1T,S10_HYBRID,displacement,X,0.01707570254802704,0.04122133366763592,0.1300894320011139,True,496,433,433,0.0
R4_LHS_03,control,V40_B_E4_C7_1T,S10,velocity,X,0.6737542748451233,0.8076134622097015,0.9310691952705383,True,496,153,50,135.00101694431785
R4_LHS_03,control,V40_B_E4_C7_1T,S10_HYBRID,displacement,Y,0.03436712920665741,0.16005390882492065,0.6133638620376587,True,496,207,207,0.0
R4_LHS_03,control,V40_B_E4_C7_1T,S10,velocity,Y,0.26469196379184723,0.6243768036365509,1.1203022003173828,True,496,266,265,135.00458240048846
R4_LHS_03,control,V40_B_E4_C7_1T,S10_HYBRID,displacement,Z,0.030443307012319565,0.03960482105612755,0.4967741072177887,True,508,1,1,0.0
R4_LHS_03,control,V40_B_E4_C7_1T,S10,velocity,Z,0.16674204915761948,0.2377404257655144,2.032696008682251,True,508,265,265,0.0
R4_LHS_03,control,V40_CPLUS_E4_C7_1T,S10_HYBRID,displacement,X,0.019544863142073154,0.04365215077996254,0.1334865838289261,True,496,433,433,0.0
R4_LHS_03,control,V40_CPLUS_E4_C7_1T,S10,velocity,X,0.5126840770244598,0.7007434666156769,0.8712994456291199,True,496,50,153,135.00101694431785
R4_LHS_03,control,V40_CPLUS_E4_C7_1T,S10_HYBRID,displacement,Y,0.02781423833221197,0.13335020840168,0.5185270309448242,True,496,207,207,0.0
R4_LHS_03,control,V40_CPLUS_E4_C7_1T,S10,velocity,Y,0.25298720598220825,0.5553403496742249,1.3269258737564087,True,496,266,266,0.0
R4_LHS_03,control,V40_CPLUS_E4_C7_1T,S10_HYBRID,displacement,Z,0.01883714273571968,0.0260512687265873,0.3667938709259033,True,508,72,1,0.5240000000000045
R4_LHS_03,control,V40_CPLUS_E4_C7_1T,S10,velocity,Z,0.15850820392370224,0.24313948303461075,1.4146649837493896,True,508,265,265,0.0
R4_LHS_03,control,V40_C_E4_C7_1T,S10_HYBRID,displacement,X,0.02139568980783224,0.06324232742190361,0.13911794126033783,True,496,433,433,0.0
R4_LHS_03,control,V40_C_E4_C7_1T,S10,velocity,X,0.578790694475174,0.7223922908306122,0.8891593217849731,True,496,153,153,0.0
R4_LHS_03,control,V40_C_E4_C7_1T,S10_HYBRID,displacement,Y,0.04397458769381046,0.20386997610330582,1.0545268058776855,True,496,207,207,0.0
R4_LHS_03,control,V40_C_E4_C7_1T,S10,velocity,Y,0.28149183094501495,0.5842227637767792,1.2616113424301147,True,496,265,265,0.0
R4_LHS_03,control,V40_C_E4_C7_1T,S10_HYBRID,displacement,Z,0.03772424906492233,0.051443638652563094,0.769951581954956,True,508,1,1,0.0
R4_LHS_03,control,V40_C_E4_C7_1T,S10,velocity,Z,0.1795165091753006,0.2598338693380356,2.2305872440338135,True,508,265,265,0.0
R4_LHS_03,control,V52_A_E4_C7_1T,S10_HYBRID,displacement,X,0.015708598773926497,0.04730673134326935,0.08840131014585495,True,496,433,503,3.660046115141711
R4_LHS_03,control,V52_A_E4_C7_1T,S10,velocity,X,0.744804322719574,0.8732063174247742,0.9536341428756714,True,496,50,70,135.0
R4_LHS_03,control,V52_A_E4_C7_1T,S10_HYBRID,displacement,Y,0.04106908477842808,0.18178771436214447,0.9430111050605774,True,496,113,207,4.659058153534819
R4_LHS_03,control,V52_A_E4_C7_1T,S10,velocity,Y,0.3064879775047302,0.5709658861160278,1.2372684478759766,True,496,266,265,135.00458240048846
R4_LHS_03,control,V52_A_E4_C7_1T,S10_HYBRID,displacement,Z,0.03826068714261055,0.05359894707798958,0.7357475161552429,True,508,1,1,0.0
R4_LHS_03,control,V52_A_E4_C7_1T,S10,velocity,Z,0.18178627640008926,0.2328971043229104,1.4320536851882935,True,508,265,265,0.0
R4_LHS_03,control,V52_B_E4_C7_1T,S10_HYBRID,displacement,X,0.017261458560824394,0.03777699917554855,0.11107844114303589,True,496,433,503,3.660046115141711
R4_LHS_03,control,V52_B_E4_C7_1T,S10,velocity,X,0.6952261328697205,0.7908861339092255,0.9257253408432007,True,496,50,50,0.0
R4_LHS_03,control,V52_B_E4_C7_1T,S10_HYBRID,displacement,Y,0.0352960005402565,0.1714257299900055,0.6775113940238953,True,496,144,207,3.7896906786502123
R4_LHS_03,control,V52_B_E4_C7_1T,S10,velocity,Y,0.2841857820749283,0.5566620826721191,1.2469760179519653,True,496,265,265,0.0
R4_LHS_03,control,V52_B_E4_C7_1T,S10_HYBRID,displacement,Z,0.020482235588133335,0.032436101138591765,0.2844938635826111,True,508,1,1,0.0
R4_LHS_03,control,V52_B_E4_C7_1T,S10,velocity,Z,0.150643490254879,0.22799920886754996,1.173935055732727,True,508,265,265,0.0
R4_LHS_03,control,V52_CPLUS_E4_C7_1T,S10_HYBRID,displacement,X,0.0207328200340271,0.049712976440787315,0.1730465143918991,True,496,503,503,0.0
R4_LHS_03,control,V52_CPLUS_E4_C7_1T,S10,velocity,X,0.5933393239974976,0.6964469254016876,0.9179321527481079,True,496,50,153,135.00101694431785
R4_LHS_03,control,V52_CPLUS_E4_C7_1T,S10_HYBRID,displacement,Y,0.04506468400359154,0.1889164075255394,0.7793455719947815,True,496,207,207,0.0
R4_LHS_03,control,V52_CPLUS_E4_C7_1T,S10,velocity,Y,0.2628011554479599,0.546258807182312,1.0914602279663086,True,496,266,265,135.00458240048846
R4_LHS_03,control,V52_CPLUS_E4_C7_1T,S10_HYBRID,displacement,Z,0.036109572276473045,0.043650373443961145,0.5333828330039978,True,508,1,1,0.0
R4_LHS_03,control,V52_CPLUS_E4_C7_1T,S10,velocity,Z,0.18381070345640182,0.2665183007717133,1.5163359642028809,True,508,265,265,0.0
R4_LHS_03,control,V52_C_E4_C7_1T,S10_HYBRID,displacement,X,0.01939770020544529,0.04228595830500126,0.12520922720432281,True,496,503,503,0.0
R4_LHS_03,control,V52_C_E4_C7_1T,S10,velocity,X,0.7041111886501312,0.7797257900238037,0.9352215528488159,True,496,50,50,0.0
R4_LHS_03,control,V52_C_E4_C7_1T,S10_HYBRID,displacement,Y,0.03510339930653572,0.17095225304365158,0.628709614276886,True,496,207,207,0.0
R4_LHS_03,control,V52_C_E4_C7_1T,S10,velocity,Y,0.2649288475513458,0.5539690852165222,1.2469605207443237,True,496,265,266,135.00458240048846
R4_LHS_03,control,V52_C_E4_C7_1T,S10_HYBRID,displacement,Z,0.018910144455730915,0.031964172050356864,0.32636579871177673,True,508,1,1,0.0
R4_LHS_03,control,V52_C_E4_C7_1T,S10,velocity,Z,0.14230576902627945,0.2208774849772454,1.2285256385803223,True,508,265,265,0.0
R4_LHS_03,control,V40_A_E5_C9_1T,S10_HYBRID,displacement,X,0.02378944680094719,0.04150468856096268,0.1002768874168396,True,496,433,433,0.0
R4_LHS_03,control,V40_A_E5_C9_1T,S10,velocity,X,0.5566594898700714,0.6394712328910828,0.8713502287864685,True,496,70,153,0.524
R4_LHS_03,control,V40_A_E5_C9_1T,S10_HYBRID,displacement,Y,0.065556600689888,0.19340357184410095,0.6202425956726074,True,496,207,207,0.0
R4_LHS_03,control,V40_A_E5_C9_1T,S10,velocity,Y,0.30331704020500183,0.6374212205410004,1.2106600999832153,True,496,265,265,0.0
R4_LHS_03,control,V40_A_E5_C9_1T,S10_HYBRID,displacement,Z,0.0447057019919157,0.051253987848758696,0.36754173040390015,True,508,72,1,0.5240000000000045
R4_LHS_03,control,V40_A_E5_C9_1T,S10,velocity,Z,0.1618838757276535,0.22716190218925478,1.6361074447631836,True,508,265,265,0.0
R4_LHS_03,control,V40_B_E5_C9_1T,S10_HYBRID,displacement,X,0.024322526529431343,0.04373485408723354,0.10978671163320541,True,496,433,433,0.0
R4_LHS_03,control,V40_B_E5_C9_1T,S10,velocity,X,0.5497596263885498,0.6342377066612244,0.8772819638252258,True,496,153,153,0.0
R4_LHS_03,control,V40_B_E5_C9_1T,S10_HYBRID,displacement,Y,0.06353718787431717,0.18237482756376266,0.569860577583313,True,496,207,207,0.0
R4_LHS_03,control,V40_B_E5_C9_1T,S10,velocity,Y,0.26918862760066986,0.5913717746734619,1.0840504169464111,True,496,265,217,2.117891640824903
R4_LHS_03,control,V40_B_E5_C9_1T,S10_HYBRID,displacement,Z,0.0426594503223896,0.04944054856896401,0.36108359694480896,True,508,72,1,0.5240000000000045
R4_LHS_03,control,V40_B_E5_C9_1T,S10,velocity,Z,0.1497216895222664,0.23171068280935297,1.649234414100647,True,508,265,265,0.0
R4_LHS_03,control,V40_CPLUS_E5_C9_1T,S10_HYBRID,displacement,X,0.025645775720477104,0.056084251031279564,0.18461322784423828,True,496,433,433,0.0
R4_LHS_03,control,V40_CPLUS_E5_C9_1T,S10,velocity,X,0.5041084885597229,0.6356534957885742,0.8516026139259338,True,496,153,50,135.00101694431785
R4_LHS_03,control,V40_CPLUS_E5_C9_1T,S10_HYBRID,displacement,Y,0.04389599710702896,0.18950285017490387,0.606615424156189,True,496,207,207,0.0
R4_LHS_03,control,V40_CPLUS_E5_C9_1T,S10,velocity,Y,0.26755569875240326,0.6102686524391174,1.1942546367645264,True,496,265,198,135.0166118112963
R4_LHS_03,control,V40_CPLUS_E5_C9_1T,S10_HYBRID,displacement,Z,0.027879949659109116,0.040215531736612325,0.6178804636001587,True,508,1,1,0.0
R4_LHS_03,control,V40_CPLUS_E5_C9_1T,S10,velocity,Z,0.18065018206834793,0.2705849915742875,2.3537087440490723,True,508,265,265,0.0
R4_LHS_03,control,V40_C_E5_C9_1T,S10_HYBRID,displacement,X,0.022139886394143105,0.06686981767416,0.14540494978427887,True,496,433,433,0.0
R4_LHS_03,control,V40_C_E5_C9_1T,S10,velocity,X,0.4557651877403259,0.5562823712825775,0.8489693403244019,True,496,50,153,135.00101694431785
R4_LHS_03,control,V40_C_E5_C9_1T,S10_HYBRID,displacement,Y,0.049088140949606895,0.20688577741384506,1.0318598747253418,True,496,207,207,0.0
R4_LHS_03,control,V40_C_E5_C9_1T,S10,velocity,Y,0.2880934625864029,0.5896145701408386,1.2166777849197388,True,496,266,265,135.00458240048846
R4_LHS_03,control,V40_C_E5_C9_1T,S10_HYBRID,displacement,Z,0.03679734840989113,0.050349123403429986,0.7555805444717407,True,508,1,1,0.0
R4_LHS_03,control,V40_C_E5_C9_1T,S10,velocity,Z,0.17771976441144943,0.2599058896303177,2.0049147605895996,True,508,265,265,0.0
R4_LHS_03,control,V52_A_E5_C9_1T,S10_HYBRID,displacement,X,0.015559921506792307,0.04872424341738224,0.09133200347423553,True,496,433,503,3.660046115141711
R4_LHS_03,control,V52_A_E5_C9_1T,S10,velocity,X,0.5624730587005615,0.6688055098056793,0.8764907121658325,True,496,50,70,135.0
R4_LHS_03,control,V52_A_E5_C9_1T,S10_HYBRID,displacement,Y,0.041760193184018135,0.17637518048286438,0.9145203232765198,True,496,113,207,4.659058153534819
R4_LHS_03,control,V52_A_E5_C9_1T,S10,velocity,Y,0.2972332090139389,0.5696922838687897,1.2754175662994385,True,496,266,265,135.00458240048846
R4_LHS_03,control,V52_A_E5_C9_1T,S10_HYBRID,displacement,Z,0.0389047060161829,0.05292799957096577,0.6890568733215332,True,508,1,1,0.0
R4_LHS_03,control,V52_A_E5_C9_1T,S10,velocity,Z,0.1817885786294937,0.22875839024782185,1.4581202268600464,True,508,265,265,0.0
R4_LHS_03,control,V52_B_E5_C9_1T,S10_HYBRID,displacement,X,0.013923303689807653,0.031463637948036194,0.09213830530643463,True,496,503,503,0.0
R4_LHS_03,control,V52_B_E5_C9_1T,S10,velocity,X,0.5429410338401794,0.6319186687469482,0.8036590218544006,True,496,50,50,0.0
R4_LHS_03,control,V52_B_E5_C9_1T,S10_HYBRID,displacement,Y,0.023431245237588882,0.13269388675689697,0.5810065269470215,True,496,207,207,0.0
R4_LHS_03,control,V52_B_E5_C9_1T,S10,velocity,Y,0.23942546546459198,0.5084002614021301,1.4293466806411743,True,496,265,265,0.0
R4_LHS_03,control,V52_B_E5_C9_1T,S10_HYBRID,displacement,Z,0.01369566936045885,0.01901215445250273,0.32199621200561523,True,508,1,1,0.0
R4_LHS_03,control,V52_B_E5_C9_1T,S10,velocity,Z,0.11134382709860802,0.18647756874561314,1.0453462600708008,True,508,265,265,0.0
R4_LHS_03,control,V52_CPLUS_E5_C9_1T,S10_HYBRID,displacement,X,0.02037075348198414,0.047051241621375084,0.14316308498382568,True,496,503,503,0.0
R4_LHS_03,control,V52_CPLUS_E5_C9_1T,S10,velocity,X,0.542433112859726,0.6921219229698181,0.9124388098716736,True,496,50,70,135.0
R4_LHS_03,control,V52_CPLUS_E5_C9_1T,S10_HYBRID,displacement,Y,0.03146728500723839,0.1646674945950508,0.6120014190673828,True,496,207,207,0.0
R4_LHS_03,control,V52_CPLUS_E5_C9_1T,S10,velocity,Y,0.25247347354888916,0.5482973456382751,1.281875491142273,True,496,266,271,135.0
R4_LHS_03,control,V52_CPLUS_E5_C9_1T,S10_HYBRID,displacement,Z,0.019817786291241646,0.03750293366611004,0.4398496448993683,True,508,1,1,0.0
R4_LHS_03,control,V52_CPLUS_E5_C9_1T,S10,velocity,Z,0.15303709357976913,0.2331954523921013,1.3888945579528809,True,508,265,265,0.0
R4_LHS_03,control,V52_C_E5_C9_1T,S10_HYBRID,displacement,X,0.02013631910085678,0.04353701323270798,0.137600377202034,True,496,503,503,0.0
R4_LHS_03,control,V52_C_E5_C9_1T,S10,velocity,X,0.5928052663803101,0.6680279672145844,0.9183958172798157,True,496,50,50,0.0
R4_LHS_03,control,V52_C_E5_C9_1T,S10_HYBRID,displacement,Y,0.045566240325570107,0.18470335006713867,0.804345965385437,True,496,207,207,0.0
R4_LHS_03,control,V52_C_E5_C9_1T,S10,velocity,Y,0.2705410420894623,0.5654717087745667,1.1340864896774292,True,496,266,266,0.0
R4_LHS_03,control,V52_C_E5_C9_1T,S10_HYBRID,displacement,Z,0.029100374318659306,0.03749226778745651,0.6309182643890381,True,508,1,1,0.0
R4_LHS_03,control,V52_C_E5_C9_1T,S10,velocity,Z,0.16430511325597763,0.23742467612028123,1.4333271980285645,True,508,265,265,0.0
R4_LHS_03,control,V40_A_E6_C10_1T,S10_HYBRID,displacement,X,0.10963283851742744,0.21137167513370514,0.7166197299957275,True,496,433,433,0.0
R4_LHS_03,control,V40_A_E6_C10_1T,S10,velocity,X,0.4646817743778229,0.6924207210540771,0.9675801992416382,True,496,50,153,135.00101694431785
R4_LHS_03,control,V40_A_E6_C10_1T,S10_HYBRID,displacement,Y,0.036131130531430244,0.19996897131204605,0.6921954154968262,True,496,207,207,0.0
R4_LHS_03,control,V40_A_E6_C10_1T,S10,velocity,Y,0.3555973172187805,0.619024932384491,1.0703275203704834,True,496,266,217,135.00596598669262
R4_LHS_03,control,V40_A_E6_C10_1T,S10_HYBRID,displacement,Z,0.02386685460805893,0.03274225629866124,0.615105152130127,True,508,1,72,0.5240000000000045
R4_LHS_03,control,V40_A_E6_C10_1T,S10,velocity,Z,0.17282113432884216,0.24381412118673326,1.6272697448730469,True,508,265,265,0.0
R4_LHS_03,control,V40_B_E6_C10_1T,S10_HYBRID,displacement,X,0.06927093490958214,0.17440801113843918,0.6130046844482422,True,496,433,433,0.0
R4_LHS_03,control,V40_B_E6_C10_1T,S10,velocity,X,0.407862588763237,0.6208891272544861,0.9512497186660767,True,496,153,50,135.00101694431785
R4_LHS_03,control,V40_B_E6_C10_1T,S10_HYBRID,displacement,Y,0.02213040366768837,0.1304268091917038,0.47296208143234253,True,496,207,207,0.0
R4_LHS_03,control,V40_B_E6_C10_1T,S10,velocity,Y,0.31275051832199097,0.5632114410400391,1.4121346473693848,True,496,266,198,1.2691934446726394
R4_LHS_03,control,V40_B_E6_C10_1T,S10_HYBRID,displacement,Z,0.011069850530475378,0.017528762109577656,0.28614386916160583,True,508,1,72,0.5240000000000045
R4_LHS_03,control,V40_B_E6_C10_1T,S10,velocity,Z,0.15412814170122147,0.23464262485504156,1.1819194555282593,True,508,265,265,0.0
R4_LHS_03,control,V40_CPLUS_E6_C10_1T,S10_HYBRID,displacement,X,0.1195775493979454,0.2420046180486679,0.6899013519287109,True,496,433,433,0.0
R4_LHS_03,control,V40_CPLUS_E6_C10_1T,S10,velocity,X,0.47289474308490753,0.6757608354091644,0.9862582683563232,True,496,70,153,0.524
R4_LHS_03,control,V40_CPLUS_E6_C10_1T,S10_HYBRID,displacement,Y,0.0373144056648016,0.18126028031110764,0.6325764656066895,True,496,207,207,0.0
R4_LHS_03,control,V40_CPLUS_E6_C10_1T,S10,velocity,Y,0.2916586399078369,0.6259271204471588,1.1214218139648438,True,496,266,265,135.00458240048846
R4_LHS_03,control,V40_CPLUS_E6_C10_1T,S10_HYBRID,displacement,Z,0.021532420068979263,0.03986536413431168,0.40599408745765686,True,508,1,72,0.5240000000000045
R4_LHS_03,control,V40_CPLUS_E6_C10_1T,S10,velocity,Z,0.1886817216873169,0.279196834564209,1.565859079360962,True,508,265,265,0.0
R4_LHS_03,control,V40_C_E6_C10_1T,S10_HYBRID,displacement,X,0.1128845140337944,0.23089399188756943,0.7529961466789246,True,496,433,433,0.0
R4_LHS_03,control,V40_C_E6_C10_1T,S10,velocity,X,0.4190152436494827,0.6314285397529602,0.9595078825950623,True,496,70,511,8.86000000000001
R4_LHS_03,control,V40_C_E6_C10_1T,S10_HYBRID,displacement,Y,0.03278777934610844,0.17575524002313614,0.6012402772903442,True,496,207,207,0.0
R4_LHS_03,control,V40_C_E6_C10_1T,S10,velocity,Y,0.305193230509758,0.6091849207878113,1.133436918258667,True,496,266,265,135.00458240048846
R4_LHS_03,control,V40_C_E6_C10_1T,S10_HYBRID,displacement,Z,0.01842517126351595,0.03379572816193104,0.36943331360816956,True,508,72,72,0.0
R4_LHS_03,control,V40_C_E6_C10_1T,S10,velocity,Z,0.17735110968351364,0.2613976061344147,1.443406343460083,True,508,265,265,0.0
R4_LHS_03,control,V52_A_E6_C10_1T,S10_HYBRID,displacement,X,0.09524612873792648,0.16626433283090591,0.7125227451324463,True,496,433,433,0.0
R4_LHS_03,control,V52_A_E6_C10_1T,S10,velocity,X,0.5274702310562134,0.7535665333271027,0.9550766944885254,True,496,50,50,0.0
R4_LHS_03,control,V52_A_E6_C10_1T,S10_HYBRID,displacement,Y,0.03109972458332777,0.13966487348079681,0.6568389534950256,True,496,207,207,0.0
R4_LHS_03,control,V52_A_E6_C10_1T,S10,velocity,Y,0.33907487988471985,0.5221167504787445,1.0661041736602783,True,496,265,198,135.0166118112963
R4_LHS_03,control,V52_A_E6_C10_1T,S10_HYBRID,displacement,Z,0.023310898803174496,0.029067875631153584,0.2850452959537506,True,508,72,72,0.0
R4_LHS_03,control,V52_A_E6_C10_1T,S10,velocity,Z,0.15989520400762558,0.23337896168231964,1.187829613685608,True,508,265,265,0.0
R4_LHS_03,control,V52_B_E6_C10_1T,S10_HYBRID,displacement,X,0.10328169167041779,0.22814498096704483,0.8947091102600098,True,496,433,433,0.0
R4_LHS_03,control,V52_B_E6_C10_1T,S10,velocity,X,0.49730563163757324,0.7053834497928619,0.8925150632858276,True,496,50,50,0.0
R4_LHS_03,control,V52_B_E6_C10_1T,S10_HYBRID,displacement,Y,0.046836184337735176,0.18947703391313553,1.0369144678115845,True,496,207,207,0.0
R4_LHS_03,control,V52_B_E6_C10_1T,S10,velocity,Y,0.3111151307821274,0.5267621278762817,1.2068666219711304,True,496,266,198,1.2691934446726394
R4_LHS_03,control,V52_B_E6_C10_1T,S10_HYBRID,displacement,Z,0.039548054337501526,0.05102234184741974,0.7554306387901306,True,508,1,72,0.5240000000000045
R4_LHS_03,control,V52_B_E6_C10_1T,S10,velocity,Z,0.17609228938817978,0.23851798325777057,1.4865214824676514,True,508,265,265,0.0
R4_LHS_03,control,V52_CPLUS_E6_C10_1T,S10_HYBRID,displacement,X,0.0866091288626194,0.19141484797000885,0.7510185241699219,True,496,433,433,0.0
R4_LHS_03,control,V52_CPLUS_E6_C10_1T,S10,velocity,X,0.5271197557449341,0.7262380719184875,0.9056139588356018,True,496,50,50,0.0
R4_LHS_03,control,V52_CPLUS_E6_C10_1T,S10_HYBRID,displacement,Y,0.04445645026862621,0.18771325796842575,0.7751675248146057,True,496,207,207,0.0
R4_LHS_03,control,V52_CPLUS_E6_C10_1T,S10,velocity,Y,0.271026074886322,0.557803750038147,1.0806065797805786,True,496,266,265,135.00458240048846
R4_LHS_03,control,V52_CPLUS_E6_C10_1T,S10_HYBRID,displacement,Z,0.036288388073444366,0.04406837709248066,0.5404129028320312,True,508,1,72,0.5240000000000045
R4_LHS_03,control,V52_CPLUS_E6_C10_1T,S10,velocity,Z,0.1910681128501892,0.26568261682987215,1.5043365955352783,True,508,265,265,0.0
R4_LHS_03,control,V52_C_E6_C10_1T,S10_HYBRID,displacement,X,0.0679524652659893,0.16013629734516144,0.612108588218689,True,496,433,433,0.0
R4_LHS_03,control,V52_C_E6_C10_1T,S10,velocity,X,0.46487413346767426,0.6954153180122375,0.8787619471549988,True,496,50,50,0.0
R4_LHS_03,control,V52_C_E6_C10_1T,S10_HYBRID,displacement,Y,0.020197792910039425,0.13726471364498138,0.5309892892837524,True,496,207,207,0.0
R4_LHS_03,control,V52_C_E6_C10_1T,S10,velocity,Y,0.25898611545562744,0.4972441494464874,1.3539087772369385,True,496,265,266,135.00458240048846
R4_LHS_03,control,V52_C_E6_C10_1T,S10_HYBRID,displacement,Z,0.011948647908866405,0.017283972725272177,0.31387245655059814,True,508,72,72,0.0
R4_LHS_03,control,V52_C_E6_C10_1T,S10,velocity,Z,0.13675306737422943,0.2226884603500367,1.0491974353790283,True,508,265,265,0.0
R4_LHS_03,control,V40_A_E7_C11_2T,S10_HYBRID,displacement,X,0.01614650059491396,0.0335858128964901,0.0683654397726059,True,496,433,433,0.0
R4_LHS_03,control,V40_A_E7_C11_2T,S10,velocity,X,0.6341882050037384,0.7039123177528381,0.8730184435844421,True,496,493,50,8.86000000000001
R4_LHS_03,control,V40_A_E7_C11_2T,S10_HYBRID,displacement,Y,0.035955892875790596,0.13190844655036926,0.38667917251586914,True,496,280,280,0.0
R4_LHS_03,control,V40_A_E7_C11_2T,S10,velocity,Y,0.23206209391355515,0.46756963431835175,1.2198323011398315,True,496,265,265,0.0
R4_LHS_03,control,V40_A_E7_C11_2T,S10_HYBRID,displacement,Z,0.0303938714787364,0.043568224832415584,1.1763339042663574,True,508,443,443,0.0
R4_LHS_03,control,V40_A_E7_C11_2T,S10,velocity,Z,0.1996346414089203,0.2823811829090119,1.3862237930297852,True,508,265,265,0.0
R4_LHS_03,control,V40_B_E7_C11_2T,S10_HYBRID,displacement,X,0.019676009193062782,0.048370542004704475,0.10599939525127411,True,496,433,433,0.0
R4_LHS_03,control,V40_B_E7_C11_2T,S10,velocity,X,0.5816945433616638,0.7939914464950562,0.9020550847053528,True,496,50,493,8.86000000000001
R4_LHS_03,control,V40_B_E7_C11_2T,S10_HYBRID,displacement,Y,0.03968162462115288,0.1716940626502037,0.6161629557609558,True,496,280,280,0.0
R4_LHS_03,control,V40_B_E7_C11_2T,S10,velocity,Y,0.23662900924682617,0.45340675115585327,1.1725549697875977,True,496,266,296,1.2691934446726394
R4_LHS_03,control,V40_B_E7_C11_2T,S10_HYBRID,displacement,Z,0.038154738023877144,0.06233681850135327,2.4102861881256104,True,508,72,443,8.336000000000006
R4_LHS_03,control,V40_B_E7_C11_2T,S10,velocity,Z,0.19414560496807098,0.27287985384464264,1.8386231660842896,True,508,265,265,0.0
R4_LHS_03,control,V40_CPLUS_E7_C11_2T,S10_HYBRID,displacement,X,0.025357491336762905,0.05941048823297024,0.1419697105884552,True,496,433,433,0.0
R4_LHS_03,control,V40_CPLUS_E7_C11_2T,S10,velocity,X,0.4678238034248352,0.698805183172226,0.8319994807243347,True,496,153,493,135.25712142434497
R4_LHS_03,control,V40_CPLUS_E7_C11_2T,S10_HYBRID,displacement,Y,0.05836384370923042,0.18809711933135986,0.7133933305740356,True,496,280,280,0.0
R4_LHS_03,control,V40_CPLUS_E7_C11_2T,S10,velocity,Y,0.1979186162352562,0.4367263615131378,1.0113316774368286,True,496,265,266,135.00458240048846
R4_LHS_03,control,V40_CPLUS_E7_C11_2T,S10_HYBRID,displacement,Z,0.0751199796795845,0.10284695774316788,1.353980302810669,True,508,72,443,8.336000000000006
R4_LHS_03,control,V40_CPLUS_E7_C11_2T,S10,velocity,Z,0.1817595511674881,0.25628153681755067,2.124181032180786,True,508,265,265,0.0
R4_LHS_03,control,V40_C_E7_C11_2T,S10_HYBRID,displacement,X,0.021546177566051483,0.04738594591617584,0.1043219268321991,True,496,433,433,0.0
R4_LHS_03,control,V40_C_E7_C11_2T,S10,velocity,X,0.48234380781650543,0.6687453091144562,0.816464364528656,True,496,50,153,135.00101694431785
R4_LHS_03,control,V40_C_E7_C11_2T,S10_HYBRID,displacement,Y,0.056002888828516006,0.19017597287893295,0.6305052042007446,True,496,306,280,1.034716823373547
R4_LHS_03,control,V40_C_E7_C11_2T,S10,velocity,Y,0.20860207825899124,0.4328911453485489,1.0120811462402344,True,496,266,316,135.00596598669262
R4_LHS_03,control,V40_C_E7_C11_2T,S10_HYBRID,displacement,Z,0.06680599227547646,0.09098092913627626,1.4169203042984009,True,508,72,443,8.336000000000006
R4_LHS_03,control,V40_C_E7_C11_2T,S10,velocity,Z,0.17952574789524078,0.26151539385318756,2.1133785247802734,True,508,265,265,0.0
R4_LHS_03,control,V52_A_E7_C11_2T,S10_HYBRID,displacement,X,0.015124823432415724,0.032929036766290665,0.063987135887146,True,496,36,60,4.792009909719341
R4_LHS_03,control,V52_A_E7_C11_2T,S10,velocity,X,0.5707440674304962,0.7088522911071777,0.8856150507926941,True,496,50,50,0.0
R4_LHS_03,control,V52_A_E7_C11_2T,S10_HYBRID,displacement,Y,0.0474369078874588,0.1647021472454071,0.4487316310405731,True,496,280,280,0.0
R4_LHS_03,control,V52_A_E7_C11_2T,S10,velocity,Y,0.2102554589509964,0.39872118830680847,1.1426334381103516,True,496,266,198,1.2691934446726394
R4_LHS_03,control,V52_A_E7_C11_2T,S10_HYBRID,displacement,Z,0.03851700387895107,0.06048831604421139,0.9991119503974915,True,508,361,443,0.5240000000000145
R4_LHS_03,control,V52_A_E7_C11_2T,S10,velocity,Z,0.1729188933968544,0.2588733583688736,1.5424326658248901,True,508,265,265,0.0
R4_LHS_03,control,V52_B_E7_C11_2T,S10_HYBRID,displacement,X,0.024379035457968712,0.042694341391325,0.09137457609176636,True,496,503,36,9.902761372205656
R4_LHS_03,control,V52_B_E7_C11_2T,S10,velocity,X,0.5331932306289673,0.730718582868576,0.8597067594528198,True,496,50,50,0.0
R4_LHS_03,control,V52_B_E7_C11_2T,S10_HYBRID,displacement,Y,0.0643412135541439,0.18149182200431824,0.4692997932434082,True,496,207,280,1.0347168233735533
R4_LHS_03,control,V52_B_E7_C11_2T,S10,velocity,Y,0.19166124612092972,0.3971063196659088,1.0619173049926758,True,496,265,198,135.0166118112963
R4_LHS_03,control,V52_B_E7_C11_2T,S10_HYBRID,displacement,Z,0.06800102442502975,0.08524576798081399,0.9325881600379944,True,508,443,443,0.0
R4_LHS_03,control,V52_B_E7_C11_2T,S10,velocity,Z,0.13745779544115067,0.24443253427743913,1.2518571615219116,True,508,265,265,0.0
R4_LHS_03,control,V52_CPLUS_E7_C11_2T,S10_HYBRID,displacement,X,0.0266179870814085,0.05020270124077797,0.1128985658288002,True,496,503,208,10.30760891233149
R4_LHS_03,control,V52_CPLUS_E7_C11_2T,S10,velocity,X,0.5345375537872314,0.7032766938209534,0.8482705354690552,True,496,70,511,8.86000000000001
R4_LHS_03,control,V52_CPLUS_E7_C11_2T,S10_HYBRID,displacement,Y,0.05534391291439533,0.16700561344623566,0.4935559928417206,True,496,207,280,1.0347168233735533
R4_LHS_03,control,V52_CPLUS_E7_C11_2T,S10,velocity,Y,0.17900985479354858,0.39102640748023987,1.0676300525665283,True,496,266,266,0.0
R4_LHS_03,control,V52_CPLUS_E7_C11_2T,S10_HYBRID,displacement,Z,0.05777790583670139,0.07503378018736839,0.744401216506958,True,508,443,1,8.86000000000001
R4_LHS_03,control,V52_CPLUS_E7_C11_2T,S10,velocity,Z,0.1356942132115364,0.2323606595396996,1.3136794567108154,True,508,265,265,0.0
R4_LHS_03,control,V52_C_E7_C11_2T,S10_HYBRID,displacement,X,0.01489665126428008,0.034309474751353264,0.07267765700817108,True,496,208,36,8.556802959534613
R4_LHS_03,control,V52_C_E7_C11_2T,S10,velocity,X,0.4633042961359024,0.6134290993213654,0.7432254552841187,True,496,50,493,8.86000000000001
R4_LHS_03,control,V52_C_E7_C11_2T,S10_HYBRID,displacement,Y,0.030644468031823635,0.11263266950845718,0.3392963111400604,True,496,280,280,0.0
R4_LHS_03,control,V52_C_E7_C11_2T,S10,velocity,Y,0.17666447162628174,0.3724653869867325,1.2878683805465698,True,496,266,296,1.2691934446726394
R4_LHS_03,control,V52_C_E7_C11_2T,S10_HYBRID,displacement,Z,0.025654509663581848,0.037876693159341814,1.2828775644302368,True,508,443,443,0.0
R4_LHS_03,control,V52_C_E7_C11_2T,S10,velocity,Z,0.13425064831972122,0.20952908396720887,1.1231415271759033,True,508,265,265,0.0
R4_LHS_03,control,V40_A_E8_C12_2T,S10_HYBRID,displacement,X,0.13370663672685623,0.31377750635147095,0.8857133388519287,True,496,187,187,0.0
R4_LHS_03,control,V40_A_E8_C12_2T,S10,velocity,X,0.40165184438228607,0.6562286615371704,0.9055769443511963,True,496,50,50,0.0
R4_LHS_03,control,V40_A_E8_C12_2T,S10_HYBRID,displacement,Y,0.044209279119968414,0.1752042919397354,0.6350721716880798,True,496,280,280,0.0
R4_LHS_03,control,V40_A_E8_C12_2T,S10,velocity,Y,0.24438010901212692,0.45160891115665436,1.1312209367752075,True,496,266,266,0.0
R4_LHS_03,control,V40_A_E8_C12_2T,S10_HYBRID,displacement,Z,0.043326107785105705,0.06518733650445939,1.9162532091140747,True,508,72,361,7.811999999999991
R4_LHS_03,control,V40_A_E8_C12_2T,S10,velocity,Z,0.21066675335168839,0.2942916989326477,1.780623197555542,True,508,265,265,0.0
R4_LHS_03,control,V40_B_E8_C12_2T,S10_HYBRID,displacement,X,0.1284216120839119,0.29628539085388184,0.6866557002067566,True,496,187,187,0.0
R4_LHS_03,control,V40_B_E8_C12_2T,S10,velocity,X,0.3633233308792114,0.5918061435222626,0.8773064613342285,True,496,50,50,0.0
R4_LHS_03,control,V40_B_E8_C12_2T,S10_HYBRID,displacement,Y,0.04861329309642315,0.17398753762245178,0.5067509412765503,True,496,280,280,0.0
R4_LHS_03,control,V40_B_E8_C12_2T,S10,velocity,Y,0.22269203513860703,0.40963760018348694,1.0348773002624512,True,496,266,266,0.0
R4_LHS_03,control,V40_B_E8_C12_2T,S10_HYBRID,displacement,Z,0.048207489773631096,0.07582756876945496,1.0480077266693115,True,508,361,361,0.0
R4_LHS_03,control,V40_B_E8_C12_2T,S10,velocity,Z,0.18698738515377045,0.275621247291565,1.357398509979248,True,508,265,265,0.0
R4_LHS_03,control,V40_CPLUS_E8_C12_2T,S10_HYBRID,displacement,X,0.08757772296667099,0.1580347642302513,0.3389264941215515,True,496,187,187,0.0
R4_LHS_03,control,V40_CPLUS_E8_C12_2T,S10,velocity,X,0.39283373951911926,0.6763536036014557,0.9696694016456604,True,496,153,493,135.25712142434497
R4_LHS_03,control,V40_CPLUS_E8_C12_2T,S10_HYBRID,displacement,Y,0.03521260246634483,0.14700452983379364,0.44945400953292847,True,496,207,280,1.0347168233735533
R4_LHS_03,control,V40_CPLUS_E8_C12_2T,S10,velocity,Y,0.202016182243824,0.4159337282180786,0.9968182444572449,True,496,266,296,1.2691934446726394
R4_LHS_03,control,V40_CPLUS_E8_C12_2T,S10_HYBRID,displacement,Z,0.039222074672579765,0.05944178365170956,0.6088935136795044,True,508,443,361,0.5240000000000145
R4_LHS_03,control,V40_CPLUS_E8_C12_2T,S10,velocity,Z,0.17813120782375336,0.2738295406103135,1.2454063892364502,True,508,265,265,0.0
R4_LHS_03,control,V40_C_E8_C12_2T,S10_HYBRID,displacement,X,0.07611233741044998,0.1456241011619568,0.3222886323928833,True,496,187,187,0.0
R4_LHS_03,control,V40_C_E8_C12_2T,S10,velocity,X,0.3661250174045563,0.5696996748447418,0.8896181583404541,True,496,153,50,135.00101694431785
R4_LHS_03,control,V40_C_E8_C12_2T,S10_HYBRID,displacement,Y,0.023029823787510395,0.1222609095275402,0.3377467393875122,True,496,280,280,0.0
R4_LHS_03,control,V40_C_E8_C12_2T,S10,velocity,Y,0.21065357327461243,0.40498410165309906,1.1420526504516602,True,496,265,198,135.0166118112963
R4_LHS_03,control,V40_C_E8_C12_2T,S10_HYBRID,displacement,Z,0.019508750177919865,0.03368633612990379,1.0670199394226074,True,508,443,361,0.5240000000000145
R4_LHS_03,control,V40_C_E8_C12_2T,S10,velocity,Z,0.18498767167329788,0.2702729254961014,1.240340232849121,True,508,265,265,0.0
R4_LHS_03,control,V52_A_E8_C12_2T,S10_HYBRID,displacement,X,0.14193274825811386,0.3431890904903412,0.9632209539413452,True,496,187,187,0.0
R4_LHS_03,control,V52_A_E8_C12_2T,S10,velocity,X,0.4540885388851166,0.7247251570224762,0.9175196290016174,True,496,50,50,0.0
R4_LHS_03,control,V52_A_E8_C12_2T,S10_HYBRID,displacement,Y,0.06597481667995453,0.19128800928592682,0.4400438368320465,True,496,280,280,0.0
R4_LHS_03,control,V52_A_E8_C12_2T,S10,velocity,Y,0.22844769805669785,0.3866560012102127,1.1231011152267456,True,496,266,266,0.0
R4_LHS_03,control,V52_A_E8_C12_2T,S10_HYBRID,displacement,Z,0.05788123421370983,0.07618910148739814,0.9486013054847717,True,508,361,72,7.811999999999991
R4_LHS_03,control,V52_A_E8_C12_2T,S10,velocity,Z,0.20577428489923477,0.29815242886543275,1.3254127502441406,True,508,265,265,0.0
R4_LHS_03,control,V52_B_E8_C12_2T,S10_HYBRID,displacement,X,0.08416946977376938,0.15186455845832825,0.3109610974788666,True,496,187,187,0.0
R4_LHS_03,control,V52_B_E8_C12_2T,S10,velocity,X,0.4375796616077423,0.7213713228702545,0.8774742484092712,True,496,511,50,135.2904268601441
R4_LHS_03,control,V52_B_E8_C12_2T,S10_HYBRID,displacement,Y,0.03629606403410435,0.16857050359249115,0.553580105304718,True,496,306,280,1.034716823373547
R4_LHS_03,control,V52_B_E8_C12_2T,S10,velocity,Y,0.209337517619133,0.39065931737422943,1.06247079372406,True,496,266,266,0.0
R4_LHS_03,control,V52_B_E8_C12_2T,S10_HYBRID,displacement,Z,0.03491772711277008,0.0578291479498148,1.4653935432434082,True,508,72,361,7.811999999999991
R4_LHS_03,control,V52_B_E8_C12_2T,S10,velocity,Z,0.17396735399961472,0.25878784358501433,1.6375283002853394,True,508,265,265,0.0
R4_LHS_03,control,V52_CPLUS_E8_C12_2T,S10_HYBRID,displacement,X,0.11662336811423302,0.214850515127182,0.4591614007949829,True,496,187,187,0.0
R4_LHS_03,control,V52_CPLUS_E8_C12_2T,S10,velocity,X,0.4327639937400818,0.7369259595870972,0.8681520223617554,True,496,50,50,0.0
R4_LHS_03,control,V52_CPLUS_E8_C12_2T,S10_HYBRID,displacement,Y,0.040667008608579636,0.1783505380153656,0.6395804286003113,True,496,280,280,0.0
R4_LHS_03,control,V52_CPLUS_E8_C12_2T,S10,velocity,Y,0.19991003721952438,0.3932035118341446,1.2628638744354248,True,496,266,198,1.2691934446726394
R4_LHS_03,control,V52_CPLUS_E8_C12_2T,S10_HYBRID,displacement,Z,0.03752441331744194,0.06823268979787826,3.0536117553710938,True,508,72,361,7.811999999999991
R4_LHS_03,control,V52_CPLUS_E8_C12_2T,S10,velocity,Z,0.16192953288555145,0.2449086353182793,1.7158856391906738,True,508,265,265,0.0
R4_LHS_03,control,V52_C_E8_C12_2T,S10_HYBRID,displacement,X,0.0841636024415493,0.1526605784893036,0.33731967210769653,True,496,187,187,0.0
R4_LHS_03,control,V52_C_E8_C12_2T,S10,velocity,X,0.43609924614429474,0.7421459555625916,0.8529234528541565,True,496,50,50,0.0
R4_LHS_03,control,V52_C_E8_C12_2T,S10_HYBRID,displacement,Y,0.04216550476849079,0.1529972329735756,0.4439704418182373,True,496,280,280,0.0
R4_LHS_03,control,V52_C_E8_C12_2T,S10,velocity,Y,0.18438854068517685,0.38683757185935974,1.0416463613510132,True,496,266,198,1.2691934446726394
R4_LHS_03,control,V52_C_E8_C12_2T,S10_HYBRID,displacement,Z,0.0465015284717083,0.06252101063728333,0.8859479427337646,True,508,443,361,0.5240000000000145
R4_LHS_03,control,V52_C_E8_C12_2T,S10,velocity,Z,0.1450919806957245,0.2504722982645035,1.2794467210769653,True,508,265,265,0.0
R2_LHS_02,physics,BASE_C1_0T,S10_HYBRID,displacement,X,0.3849118798971176,1.282837152481079,8.511346817016602,True,496,437,437,0.0
R2_LHS_02,physics,BASE_C1_0T,S10,velocity,X,,,,False,0,0,0,0.0
R2_LHS_02,physics,BASE_C1_0T,S10_HYBRID,displacement,Y,0.03623479977250099,0.16594043374061584,2.5279083251953125,True,496,236,236,0.0
R2_LHS_02,physics,BASE_C1_0T,S10,velocity,Y,,,,False,0,0,0,0.0
R2_LHS_02,physics,BASE_C1_0T,S10_HYBRID,displacement,Z,0.036849506199359894,0.04298714771866798,0.18115772306919098,True,508,226,226,0.0
R2_LHS_02,physics,BASE_C1_0T,S10,velocity,Z,,,,False,0,0,0,0.0
R2_LHS_02,physics,BASE_C2_0T,S10_HYBRID,displacement,X,0.009949057828634977,0.014951025601476431,0.02436234802007675,True,496,433,433,0.0
R2_LHS_02,physics,BASE_C2_0T,S10,velocity,X,,,,False,0,0,0,0.0
R2_LHS_02,physics,BASE_C2_0T,S10_HYBRID,displacement,Y,0.06576468423008919,0.2308400273323059,2.650890350341797,True,496,236,236,0.0
R2_LHS_02,physics,BASE_C2_0T,S10,velocity,Y,,,,False,0,0,0,0.0
R2_LHS_02,physics,BASE_C2_0T,S10_HYBRID,displacement,Z,0.0647687166929245,0.06990576460957527,0.20205484330654144,True,508,443,443,0.0
R2_LHS_02,physics,BASE_C2_0T,S10,velocity,Z,,,,False,0,0,0,0.0
R2_LHS_02,physics,BASE_C3_0T,S10_HYBRID,displacement,X,0.30600185692310333,0.9762547612190247,7.024093151092529,True,496,437,437,0.0
R2_LHS_02,physics,BASE_C3_0T,S10,velocity,X,,,,False,0,0,0,0.0
R2_LHS_02,physics,BASE_C3_0T,S10_HYBRID,displacement,Y,0.02267469372600317,0.10797262564301491,1.7821738719940186,True,496,236,236,0.0
R2_LHS_02,physics,BASE_C3_0T,S10,velocity,Y,,,,False,0,0,0,0.0
R2_LHS_02,physics,BASE_C3_0T,S10_HYBRID,displacement,Z,0.02197218593209982,0.026732088439166544,0.130360946059227,True,508,226,226,0.0
R2_LHS_02,physics,BASE_C3_0T,S10,velocity,Z,,,,False,0,0,0,0.0
R2_LHS_02,physics,BASE_C8_0T,S10_HYBRID,displacement,X,0.011419326532632113,0.017568781040608883,0.024327095597982407,True,496,433,433,0.0
R2_LHS_02,physics,BASE_C8_0T,S10,velocity,X,,,,False,0,0,0,0.0
R2_LHS_02,physics,BASE_C8_0T,S10_HYBRID,displacement,Y,0.02642172947525978,0.11787122115492821,1.5971720218658447,True,496,433,236,10.59715891150338
R2_LHS_02,physics,BASE_C8_0T,S10,velocity,Y,,,,False,0,0,0,0.0
R2_LHS_02,physics,BASE_C8_0T,S10_HYBRID,displacement,Z,0.028570489026606083,0.03442755416035652,0.15942183136940002,True,508,443,443,0.0
R2_LHS_02,physics,BASE_C8_0T,S10,velocity,Z,,,,False,0,0,0,0.0
R2_LHS_02,physics,V40_A_E1_C4_2T,S10_HYBRID,displacement,X,0.10720649361610413,0.17609607428312302,0.31226444244384766,True,496,187,187,0.0
R2_LHS_02,physics,V40_A_E1_C4_2T,S10,velocity,X,0.4542095810174942,0.6994833946228027,0.910758912563324,True,496,50,50,0.0
R2_LHS_02,physics,V40_A_E1_C4_2T,S10_HYBRID,displacement,Y,0.05429596081376076,0.17455515265464783,0.41749054193496704,True,496,306,280,1.034716823373547
R2_LHS_02,physics,V40_A_E1_C4_2T,S10,velocity,Y,0.25635090470314026,0.4897156357765198,1.057773232460022,True,496,266,266,0.0
R2_LHS_02,physics,V40_A_E1_C4_2T,S10_HYBRID,displacement,Z,0.05394729971885681,0.0695996031165123,0.8579857349395752,True,508,443,361,0.5240000000000145
R2_LHS_02,physics,V40_A_E1_C4_2T,S10,velocity,Z,0.2614205330610275,0.3649332642555237,2.6126863956451416,True,508,265,265,0.0
R2_LHS_02,physics,V40_B_E1_C4_2T,S10_HYBRID,displacement,X,0.12625809013843536,0.2917589992284775,0.7881830334663391,True,496,187,187,0.0
R2_LHS_02,physics,V40_B_E1_C4_2T,S10,velocity,X,0.41719579696655273,0.6957790553569794,0.8993058800697327,True,496,493,50,8.86000000000001
R2_LHS_02,physics,V40_B_E1_C4_2T,S10_HYBRID,displacement,Y,0.051832737401127815,0.15169597417116165,0.452449232339859,True,496,207,280,1.0347168233735533
R2_LHS_02,physics,V40_B_E1_C4_2T,S10,velocity,Y,0.23207120597362518,0.434088796377182,1.0776888132095337,True,496,266,266,0.0
R2_LHS_02,physics,V40_B_E1_C4_2T,S10_HYBRID,displacement,Z,0.04603427276015282,0.06394414827227593,1.080689549446106,True,508,443,361,0.5240000000000145
R2_LHS_02,physics,V40_B_E1_C4_2T,S10,velocity,Z,0.2366761639714241,0.3181964665651322,2.0391807556152344,True,508,265,265,0.0
R2_LHS_02,physics,V40_CPLUS_E1_C4_2T,S10_HYBRID,displacement,X,0.10740125179290771,0.19168496876955032,0.6327598690986633,True,496,187,187,0.0
R2_LHS_02,physics,V40_CPLUS_E1_C4_2T,S10,velocity,X,0.45053552091121674,0.6784603595733643,0.8857812881469727,True,496,153,493,135.25712142434497
R2_LHS_02,physics,V40_CPLUS_E1_C4_2T,S10_HYBRID,displacement,Y,0.04691251367330551,0.19853847473859787,0.7179303169250488,True,496,207,280,1.0347168233735533
R2_LHS_02,physics,V40_CPLUS_E1_C4_2T,S10,velocity,Y,0.2221074253320694,0.43351687490940094,1.1011549234390259,True,496,265,266,135.00458240048846
R2_LHS_02,physics,V40_CPLUS_E1_C4_2T,S10_HYBRID,displacement,Z,0.041935862973332405,0.08020021989941598,1.7925102710723877,True,508,443,361,0.5240000000000145
R2_LHS_02,physics,V40_CPLUS_E1_C4_2T,S10,velocity,Z,0.221834197640419,0.3103282809257509,1.8236262798309326,True,508,265,265,0.0
R2_LHS_02,physics,V40_C_E1_C4_2T,S10_HYBRID,displacement,X,0.12293166294693947,0.28091348707675934,0.7125076651573181,True,496,187,187,0.0
R2_LHS_02,physics,V40_C_E1_C4_2T,S10,velocity,X,0.3978704959154129,0.6774471998214722,0.8731915354728699,True,496,493,50,8.86000000000001
R2_LHS_02,physics,V40_C_E1_C4_2T,S10_HYBRID,displacement,Y,0.05199737474322319,0.15358038246631622,0.4868397116661072,True,496,207,280,1.0347168233735533
R2_LHS_02,physics,V40_C_E1_C4_2T,S10,velocity,Y,0.22372085601091385,0.41586636006832123,1.0662907361984253,True,496,266,198,1.2691934446726394
R2_LHS_02,physics,V40_C_E1_C4_2T,S10_HYBRID,displacement,Z,0.04484006203711033,0.0638194888830185,1.2558001279830933,True,508,443,361,0.5240000000000145
R2_LHS_02,physics,V40_C_E1_C4_2T,S10,velocity,Z,0.23001760989427567,0.31024433076381686,2.21736478805542,True,508,265,265,0.0
R2_LHS_02,physics,V52_A_E1_C4_2T,S10_HYBRID,displacement,X,0.09098565950989723,0.1692645326256752,0.3796921372413635,True,496,187,187,0.0
R2_LHS_02,physics,V52_A_E1_C4_2T,S10,velocity,X,0.5557999312877655,0.8431732058525085,0.97724449634552,True,496,50,50,0.0
R2_LHS_02,physics,V52_A_E1_C4_2T,S10_HYBRID,displacement,Y,0.03192700259387493,0.13865698873996735,0.4062075912952423,True,496,280,280,0.0
R2_LHS_02,physics,V52_A_E1_C4_2T,S10,velocity,Y,0.27168262004852295,0.41545528173446655,1.1523196697235107,True,496,266,266,0.0
R2_LHS_02,physics,V52_A_E1_C4_2T,S10_HYBRID,displacement,Z,0.02682325430214405,0.04285834282636643,1.1634396314620972,True,508,72,72,0.0
R2_LHS_02,physics,V52_A_E1_C4_2T,S10,velocity,Z,0.2565438449382782,0.37095573246479036,4.117648124694824,True,508,265,265,0.0
R2_LHS_02,physics,V52_B_E1_C4_2T,S10_HYBRID,displacement,X,0.10161376744508743,0.18601252138614655,0.3752369284629822,True,496,187,187,0.0
R2_LHS_02,physics,V52_B_E1_C4_2T,S10,velocity,X,0.46101517975330353,0.7689264714717865,0.9577012658119202,True,496,50,493,8.86000000000001
R2_LHS_02,physics,V52_B_E1_C4_2T,S10_HYBRID,displacement,Y,0.03429540432989597,0.16630437970161438,0.43762263655662537,True,496,306,280,1.034716823373547
R2_LHS_02,physics,V52_B_E1_C4_2T,S10,velocity,Y,0.21907898038625717,0.36900073289871216,1.0730830430984497,True,496,266,296,1.2691934446726394
R2_LHS_02,physics,V52_B_E1_C4_2T,S10_HYBRID,displacement,Z,0.036798276007175446,0.05696464963257313,1.4359980821609497,True,508,1,361,8.335999999999995
R2_LHS_02,physics,V52_B_E1_C4_2T,S10,velocity,Z,0.2063613086938858,0.2936676651239395,1.131981611251831,True,508,265,265,0.0
R2_LHS_02,physics,V52_CPLUS_E1_C4_2T,S10_HYBRID,displacement,X,0.07752667367458344,0.1446610614657402,0.26830700039863586,True,496,187,187,0.0
R2_LHS_02,physics,V52_CPLUS_E1_C4_2T,S10,velocity,X,0.527489185333252,0.8145506680011749,0.964163064956665,True,496,50,493,8.86000000000001
R2_LHS_02,physics,V52_CPLUS_E1_C4_2T,S10_HYBRID,displacement,Y,0.029916579835116863,0.12466321513056755,0.40672042965888977,True,496,280,280,0.0
R2_LHS_02,physics,V52_CPLUS_E1_C4_2T,S10,velocity,Y,0.20835814625024796,0.4438684433698654,1.1857969760894775,True,496,266,296,1.2691934446726394
R2_LHS_02,physics,V52_CPLUS_E1_C4_2T,S10_HYBRID,displacement,Z,0.02564790565520525,0.04468880221247673,1.1410350799560547,True,508,72,361,7.811999999999991
R2_LHS_02,physics,V52_CPLUS_E1_C4_2T,S10,velocity,Z,0.18773294985294342,0.2769621223211289,3.6263318061828613,True,508,265,265,0.0
R2_LHS_02,physics,V52_C_E1_C4_2T,S10_HYBRID,displacement,X,0.0906020812690258,0.16369067877531052,0.3319547474384308,True,496,187,187,0.0
R2_LHS_02,physics,V52_C_E1_C4_2T,S10,velocity,X,0.4917784184217453,0.772534042596817,0.9248530268669128,True,496,50,493,8.86000000000001
R2_LHS_02,physics,V52_C_E1_C4_2T,S10_HYBRID,displacement,Y,0.04261412471532822,0.15301235020160675,0.4355180263519287,True,496,280,280,0.0
R2_LHS_02,physics,V52_C_E1_C4_2T,S10,velocity,Y,0.21234878152608871,0.4029785096645355,1.1136354207992554,True,496,266,266,0.0
R2_LHS_02,physics,V52_C_E1_C4_2T,S10_HYBRID,displacement,Z,0.03878025524318218,0.04876789562404156,0.8749945163726807,True,508,443,361,0.5240000000000145
R2_LHS_02,physics,V52_C_E1_C4_2T,S10,velocity,Z,0.19341055303812027,0.2915964186191559,1.9893789291381836,True,508,265,265,0.0
R2_LHS_02,physics,V40_A_E2_C5_2T,S10_HYBRID,displacement,X,0.01985328085720539,0.03851511515676975,0.0774374008178711,True,496,433,433,0.0
R2_LHS_02,physics,V40_A_E2_C5_2T,S10,velocity,X,0.5755987763404846,0.6964492201805115,0.879216730594635,True,496,50,153,135.00101694431785
R2_LHS_02,physics,V40_A_E2_C5_2T,S10_HYBRID,displacement,Y,0.04499204456806183,0.18721023947000504,0.5278691053390503,True,496,306,280,1.034716823373547
R2_LHS_02,physics,V40_A_E2_C5_2T,S10,velocity,Y,0.23364663124084473,0.45809008181095123,1.0654093027114868,True,496,266,316,135.00596598669262
R2_LHS_02,physics,V40_A_E2_C5_2T,S10_HYBRID,displacement,Z,0.04540446773171425,0.0647182084619999,1.6571683883666992,True,508,1,443,8.86000000000001
R2_LHS_02,physics,V40_A_E2_C5_2T,S10,velocity,Z,0.24639732390642166,0.312137508392334,1.3249664306640625,True,508,265,265,0.0
R2_LHS_02,physics,V40_B_E2_C5_2T,S10_HYBRID,displacement,X,0.0161513676866889,0.036991702392697334,0.07853357493877411,True,496,433,433,0.0
R2_LHS_02,physics,V40_B_E2_C5_2T,S10,velocity,X,0.6527799665927887,0.8313616216182709,0.8832970857620239,True,496,50,493,8.86000000000001
R2_LHS_02,physics,V40_B_E2_C5_2T,S10_HYBRID,displacement,Y,0.02871632669121027,0.13103459775447845,0.3859487473964691,True,496,306,280,1.034716823373547
R2_LHS_02,physics,V40_B_E2_C5_2T,S10,velocity,Y,0.22691629827022552,0.4538514018058777,1.0954397916793823,True,496,266,266,0.0
R2_LHS_02,physics,V40_B_E2_C5_2T,S10_HYBRID,displacement,Z,0.024408932775259018,0.03867597989737988,1.0697418451309204,True,508,443,443,0.0
R2_LHS_02,physics,V40_B_E2_C5_2T,S10,velocity,Z,0.23227443546056747,0.3110471725463867,4.697578430175781,True,508,265,265,0.0
R2_LHS_02,physics,V40_CPLUS_E2_C5_2T,S10_HYBRID,displacement,X,0.01957461331039667,0.05005188658833504,0.11068177968263626,True,496,433,433,0.0
R2_LHS_02,physics,V40_CPLUS_E2_C5_2T,S10,velocity,X,0.5094459056854248,0.7317202091217041,0.8853847980499268,True,496,50,153,135.00101694431785
R2_LHS_02,physics,V40_CPLUS_E2_C5_2T,S10_HYBRID,displacement,Y,0.030609347857534885,0.12683389335870743,0.38648921251296997,True,496,306,280,1.034716823373547
R2_LHS_02,physics,V40_CPLUS_E2_C5_2T,S10,velocity,Y,0.21786059439182281,0.4572261869907379,1.075636625289917,True,496,271,296,135.00596598669262
R2_LHS_02,physics,V40_CPLUS_E2_C5_2T,S10_HYBRID,displacement,Z,0.028750468976795673,0.04328947886824608,1.0362416505813599,True,508,443,443,0.0
R2_LHS_02,physics,V40_CPLUS_E2_C5_2T,S10,velocity,Z,0.23220057040452957,0.3078317493200302,4.19847297668457,True,508,265,265,0.0
R2_LHS_02,physics,V40_C_E2_C5_2T,S10_HYBRID,displacement,X,0.025775087997317314,0.04839642345905304,0.10586656630039215,True,496,433,433,0.0
R2_LHS_02,physics,V40_C_E2_C5_2T,S10,velocity,X,0.5559617578983307,0.803630530834198,0.8736911416053772,True,496,50,493,8.86000000000001
R2_LHS_02,physics,V40_C_E2_C5_2T,S10_HYBRID,displacement,Y,0.04588255472481251,0.18260205537080765,0.44903621077537537,True,496,306,280,1.034716823373547
R2_LHS_02,physics,V40_C_E2_C5_2T,S10,velocity,Y,0.2248784601688385,0.4144178032875061,1.0405877828598022,True,496,266,265,135.00458240048846
R2_LHS_02,physics,V40_C_E2_C5_2T,S10_HYBRID,displacement,Z,0.04696624539792538,0.07288971766829491,1.5043041706085205,True,508,1,443,8.86000000000001
R2_LHS_02,physics,V40_C_E2_C5_2T,S10,velocity,Z,0.23314901441335678,0.30299062728881837,1.32794988155365,True,508,265,265,0.0
R2_LHS_02,physics,V52_A_E2_C5_2T,S10_HYBRID,displacement,X,0.01417428394779563,0.02919959556311369,0.07249899953603745,True,496,36,36,0.0
R2_LHS_02,physics,V52_A_E2_C5_2T,S10,velocity,X,0.6858018934726715,0.8463574647903442,0.9366300702095032,True,496,50,493,8.86000000000001
R2_LHS_02,physics,V52_A_E2_C5_2T,S10_HYBRID,displacement,Y,0.040522484108805656,0.15524645149707794,0.4374839663505554,True,496,306,280,1.034716823373547
R2_LHS_02,physics,V52_A_E2_C5_2T,S10,velocity,Y,0.20549771934747696,0.41591714322566986,1.1506211757659912,True,496,266,266,0.0
R2_LHS_02,physics,V52_A_E2_C5_2T,S10_HYBRID,displacement,Z,0.03447991609573364,0.054863838478922844,1.0545294284820557,True,508,443,443,0.0
R2_LHS_02,physics,V52_A_E2_C5_2T,S10,velocity,Z,0.17419146746397018,0.2682002633810044,1.9477288722991943,True,508,265,265,0.0
R2_LHS_02,physics,V52_B_E2_C5_2T,S10_HYBRID,displacement,X,0.01774369180202484,0.03605298511683941,0.07521622627973557,True,496,36,36,0.0
R2_LHS_02,physics,V52_B_E2_C5_2T,S10,velocity,X,0.5933409929275513,0.8354410231113434,0.9101740717887878,True,496,50,441,135.25712142434497
R2_LHS_02,physics,V52_B_E2_C5_2T,S10_HYBRID,displacement,Y,0.054751044139266014,0.1434711441397667,0.42050260305404663,True,496,207,280,1.0347168233735533
R2_LHS_02,physics,V52_B_E2_C5_2T,S10,velocity,Y,0.18987789005041122,0.393180787563324,1.202793836593628,True,496,266,198,1.2691934446726394
R2_LHS_02,physics,V52_B_E2_C5_2T,S10_HYBRID,displacement,Z,0.0423979964107275,0.059592014551162725,1.1336716413497925,True,508,443,443,0.0
R2_LHS_02,physics,V52_B_E2_C5_2T,S10,velocity,Z,0.15436293929815292,0.24542409926652908,1.8351902961730957,True,508,265,265,0.0
R2_LHS_02,physics,V52_CPLUS_E2_C5_2T,S10_HYBRID,displacement,X,0.02149689570069313,0.059628499671816826,0.14507286250591278,True,496,208,208,0.0
R2_LHS_02,physics,V52_CPLUS_E2_C5_2T,S10,velocity,X,0.6012632250785828,0.757090300321579,0.8577913045883179,True,496,50,50,0.0
R2_LHS_02,physics,V52_CPLUS_E2_C5_2T,S10_HYBRID,displacement,Y,0.04392918385565281,0.19764073938131332,0.6369514465332031,True,496,207,280,1.0347168233735533
R2_LHS_02,physics,V52_CPLUS_E2_C5_2T,S10,velocity,Y,0.18296606838703156,0.3849930167198181,1.288298487663269,True,496,266,266,0.0
R2_LHS_02,physics,V52_CPLUS_E2_C5_2T,S10_HYBRID,displacement,Z,0.04195437394082546,0.07740782052278519,1.823142647743225,True,508,443,1,8.86000000000001
R2_LHS_02,physics,V52_CPLUS_E2_C5_2T,S10,velocity,Z,0.15717662870883942,0.2417965799570084,1.956464171409607,True,508,265,265,0.0
R2_LHS_02,physics,V52_C_E2_C5_2T,S10_HYBRID,displacement,X,0.01862268429249525,0.04792522452771664,0.1139589250087738,True,496,208,36,8.556802959534613
R2_LHS_02,physics,V52_C_E2_C5_2T,S10,velocity,X,0.6179339289665222,0.8146148920059204,0.891156792640686,True,496,50,50,0.0
R2_LHS_02,physics,V52_C_E2_C5_2T,S10_HYBRID,displacement,Y,0.042455149814486504,0.1870458871126175,0.5373612642288208,True,496,207,280,1.0347168233735533
R2_LHS_02,physics,V52_C_E2_C5_2T,S10,velocity,Y,0.19092607498168945,0.3818514794111252,1.2622051239013672,True,496,265,266,135.00458240048846
R2_LHS_02,physics,V52_C_E2_C5_2T,S10_HYBRID,displacement,Z,0.038422998040914536,0.07067971304059029,1.8161371946334839,True,508,443,443,0.0
R2_LHS_02,physics,V52_C_E2_C5_2T,S10,velocity,Z,0.15245380997657776,0.24071619957685472,1.7854584455490112,True,508,265,265,0.0
R2_LHS_02,physics,V40_A_E3_C6_1T,S10_HYBRID,displacement,X,0.12965988367795944,0.27664007246494293,1.1176650524139404,True,496,433,433,0.0
R2_LHS_02,physics,V40_A_E3_C6_1T,S10,velocity,X,0.482461079955101,0.6964994668960571,0.9484493136405945,True,496,153,50,135.00101694431785
R2_LHS_02,physics,V40_A_E3_C6_1T,S10_HYBRID,displacement,Y,0.04846792481839657,0.23170368373394012,1.5202555656433105,True,496,207,207,0.0
R2_LHS_02,physics,V40_A_E3_C6_1T,S10,velocity,Y,0.374782457947731,0.6118762195110321,1.2691901922225952,True,496,265,265,0.0
R2_LHS_02,physics,V40_A_E3_C6_1T,S10_HYBRID,displacement,Z,0.03728806786239147,0.04766015075147152,0.8602085709571838,True,508,1,72,0.5240000000000045
R2_LHS_02,physics,V40_A_E3_C6_1T,S10,velocity,Z,0.18913795053958893,0.24784180670976638,1.4705097675323486,True,508,265,265,0.0
R2_LHS_02,physics,V40_B_E3_C6_1T,S10_HYBRID,displacement,X,0.09444749727845192,0.2064080908894539,0.8143155574798584,True,496,433,433,0.0
R2_LHS_02,physics,V40_B_E3_C6_1T,S10,velocity,X,0.45468609035015106,0.6679223477840424,0.9171609878540039,True,496,153,70,0.524
R2_LHS_02,physics,V40_B_E3_C6_1T,S10_HYBRID,displacement,Y,0.04305257461965084,0.18146413564682007,0.6794840097427368,True,496,207,207,0.0
R2_LHS_02,physics,V40_B_E3_C6_1T,S10,velocity,Y,0.36487963795661926,0.649783730506897,1.081798791885376,True,496,265,265,0.0
R2_LHS_02,physics,V40_B_E3_C6_1T,S10_HYBRID,displacement,Z,0.025213266722857952,0.03963609300553799,0.27226001024246216,True,508,72,72,0.0
R2_LHS_02,physics,V40_B_E3_C6_1T,S10,velocity,Z,0.20907917618751526,0.27896679639816285,2.0562081336975098,True,508,265,265,0.0
R2_LHS_02,physics,V40_CPLUS_E3_C6_1T,S10_HYBRID,displacement,X,0.07792498171329498,0.17523310333490372,0.6000826358795166,True,496,433,433,0.0
R2_LHS_02,physics,V40_CPLUS_E3_C6_1T,S10,velocity,X,0.46468473970890045,0.6767188310623169,0.9974290132522583,True,496,50,50,0.0
R2_LHS_02,physics,V40_CPLUS_E3_C6_1T,S10_HYBRID,displacement,Y,0.02701016329228878,0.15449968725442886,0.5579490661621094,True,496,207,207,0.0
R2_LHS_02,physics,V40_CPLUS_E3_C6_1T,S10,velocity,Y,0.3085060566663742,0.6209253966808319,1.1295112371444702,True,496,266,198,1.2691934446726394
R2_LHS_02,physics,V40_CPLUS_E3_C6_1T,S10_HYBRID,displacement,Z,0.02022301871329546,0.029233427345752717,0.3811036944389343,True,508,72,72,0.0
R2_LHS_02,physics,V40_CPLUS_E3_C6_1T,S10,velocity,Z,0.22964942455291748,0.3153505563735962,1.1469849348068237,True,508,265,265,0.0
R2_LHS_02,physics,V40_C_E3_C6_1T,S10_HYBRID,displacement,X,0.07491879910230637,0.18862268328666687,0.668386697769165,True,496,433,433,0.0
R2_LHS_02,physics,V40_C_E3_C6_1T,S10,velocity,X,0.48378588259220123,0.702960342168808,1.0447872877120972,True,496,50,153,135.00101694431785
R2_LHS_02,physics,V40_C_E3_C6_1T,S10_HYBRID,displacement,Y,0.027357534505426884,0.1534012332558632,0.8219283223152161,True,496,207,207,0.0
R2_LHS_02,physics,V40_C_E3_C6_1T,S10,velocity,Y,0.3207996338605881,0.6524578332901001,1.1330984830856323,True,496,266,265,135.00458240048846
R2_LHS_02,physics,V40_C_E3_C6_1T,S10_HYBRID,displacement,Z,0.019127744249999523,0.02770825382322073,0.5029752254486084,True,508,72,72,0.0
R2_LHS_02,physics,V40_C_E3_C6_1T,S10,velocity,Z,0.21094301342964172,0.3001695841550827,3.601222038269043,True,508,265,265,0.0
R2_LHS_02,physics,V52_A_E3_C6_1T,S10_HYBRID,displacement,X,0.07002073898911476,0.16448302567005157,0.6703402400016785,True,496,433,433,0.0
R2_LHS_02,physics,V52_A_E3_C6_1T,S10,velocity,X,0.7149127423763275,0.9115312099456787,1.1653131246566772,True,496,50,50,0.0
R2_LHS_02,physics,V52_A_E3_C6_1T,S10_HYBRID,displacement,Y,0.023201272822916508,0.13394548743963242,1.0363529920578003,True,496,207,207,0.0
R2_LHS_02,physics,V52_A_E3_C6_1T,S10,velocity,Y,0.39549005031585693,0.6213831305503845,1.0866539478302002,True,496,266,296,1.2691934446726394
R2_LHS_02,physics,V52_A_E3_C6_1T,S10_HYBRID,displacement,Z,0.016935650259256363,0.024284567311406137,0.302469938993454,True,508,72,72,0.0
R2_LHS_02,physics,V52_A_E3_C6_1T,S10,velocity,Z,0.18544022738933563,0.26352100968360903,2.562441825866699,True,508,265,265,0.0
R2_LHS_02,physics,V52_B_E3_C6_1T,S10_HYBRID,displacement,X,0.13742122054100037,0.2551518678665161,1.1639410257339478,True,496,433,433,0.0
R2_LHS_02,physics,V52_B_E3_C6_1T,S10,velocity,X,0.6065026819705963,0.7929188311100006,1.1297928094863892,True,496,70,50,135.0
R2_LHS_02,physics,V52_B_E3_C6_1T,S10_HYBRID,displacement,Y,0.04631850868463516,0.21279090642929077,1.5902683734893799,True,496,207,207,0.0
R2_LHS_02,physics,V52_B_E3_C6_1T,S10,velocity,Y,0.3509538173675537,0.5388874113559723,1.218260645866394,True,496,265,198,135.0166118112963
R2_LHS_02,physics,V52_B_E3_C6_1T,S10_HYBRID,displacement,Z,0.03582132235169411,0.04967596828937531,0.9444754719734192,True,508,1,72,0.5240000000000045
R2_LHS_02,physics,V52_B_E3_C6_1T,S10,velocity,Z,0.18807949870824814,0.2667024374008179,1.2293384075164795,True,508,265,265,0.0
R2_LHS_02,physics,V52_CPLUS_E3_C6_1T,S10_HYBRID,displacement,X,0.09393157809972763,0.2250986546278,1.1430835723876953,True,496,433,433,0.0
R2_LHS_02,physics,V52_CPLUS_E3_C6_1T,S10,velocity,X,0.5331465899944305,0.7218440175056458,1.1259161233901978,True,496,50,50,0.0
R2_LHS_02,physics,V52_CPLUS_E3_C6_1T,S10_HYBRID,displacement,Y,0.0554647371172905,0.21572918444871902,1.7188347578048706,True,496,207,207,0.0
R2_LHS_02,physics,V52_CPLUS_E3_C6_1T,S10,velocity,Y,0.27556857466697693,0.5439483821392059,1.1679778099060059,True,496,266,266,0.0
R2_LHS_02,physics,V52_CPLUS_E3_C6_1T,S10_HYBRID,displacement,Z,0.039701974019408226,0.06527677252888679,0.6494830250740051,True,508,72,72,0.0
R2_LHS_02,physics,V52_CPLUS_E3_C6_1T,S10,velocity,Z,0.18587371706962585,0.29200377464294436,2.1200623512268066,True,508,265,265,0.0
R2_LHS_02,physics,V52_C_E3_C6_1T,S10_HYBRID,displacement,X,0.10625611618161201,0.227712981402874,1.2144453525543213,True,496,433,433,0.0
R2_LHS_02,physics,V52_C_E3_C6_1T,S10,velocity,X,0.536066859960556,0.7319310903549194,1.0853997468948364,True,496,50,70,135.0
R2_LHS_02,physics,V52_C_E3_C6_1T,S10_HYBRID,displacement,Y,0.046302443370223045,0.20279976725578308,1.7446355819702148,True,496,207,207,0.0
R2_LHS_02,physics,V52_C_E3_C6_1T,S10,velocity,Y,0.3007249981164932,0.5534930229187012,1.1035419702529907,True,496,266,266,0.0
R2_LHS_02,physics,V52_C_E3_C6_1T,S10_HYBRID,displacement,Z,0.030440617352724075,0.04676445946097374,0.5274141430854797,True,508,72,72,0.0
R2_LHS_02,physics,V52_C_E3_C6_1T,S10,velocity,Z,0.19323518127202988,0.28631580471992496,1.931821346282959,True,508,265,265,0.0
R2_LHS_02,physics,V40_A_E4_C7_1T,S10_HYBRID,displacement,X,0.01642709132283926,0.03942166082561016,0.1308925449848175,True,496,433,433,0.0
R2_LHS_02,physics,V40_A_E4_C7_1T,S10,velocity,X,0.6917728185653687,0.782414972782135,0.9248036742210388,True,496,153,50,135.00101694431785
R2_LHS_02,physics,V40_A_E4_C7_1T,S10_HYBRID,displacement,Y,0.04396354779601097,0.22832860052585602,1.8974144458770752,True,496,207,207,0.0
R2_LHS_02,physics,V40_A_E4_C7_1T,S10,velocity,Y,0.28825582563877106,0.6475682258605957,1.2838108539581299,True,496,266,265,135.00458240048846
R2_LHS_02,physics,V40_A_E4_C7_1T,S10_HYBRID,displacement,Z,0.030593899078667164,0.045325955376029015,0.5777515769004822,True,508,1,1,0.0
R2_LHS_02,physics,V40_A_E4_C7_1T,S10,velocity,Z,0.19543514400720596,0.2615064173936844,2.353686809539795,True,508,265,265,0.0
R2_LHS_02,physics,V40_B_E4_C7_1T,S10_HYBRID,displacement,X,0.017317318357527256,0.0421011745929718,0.11898791044950485,True,496,433,433,0.0
R2_LHS_02,physics,V40_B_E4_C7_1T,S10,velocity,X,0.7503109574317932,0.868204653263092,0.9940227270126343,True,496,153,50,135.00101694431785
R2_LHS_02,physics,V40_B_E4_C7_1T,S10_HYBRID,displacement,Y,0.03436462581157684,0.1660999357700348,0.6617371439933777,True,496,207,207,0.0
R2_LHS_02,physics,V40_B_E4_C7_1T,S10,velocity,Y,0.3025467097759247,0.672327071428299,1.2076646089553833,True,496,265,265,0.0
R2_LHS_02,physics,V40_B_E4_C7_1T,S10_HYBRID,displacement,Z,0.02477800566703081,0.03828875720500946,0.30903977155685425,True,508,72,1,0.5240000000000045
R2_LHS_02,physics,V40_B_E4_C7_1T,S10,velocity,Z,0.2109764665365219,0.27494301199913024,2.451165199279785,True,508,265,265,0.0
R2_LHS_02,physics,V40_CPLUS_E4_C7_1T,S10_HYBRID,displacement,X,0.020150691270828247,0.046375080943107605,0.15078923106193542,True,496,433,433,0.0
R2_LHS_02,physics,V40_CPLUS_E4_C7_1T,S10,velocity,X,0.6026679575443268,0.7827283143997192,1.005746841430664,True,496,70,153,0.524
R2_LHS_02,physics,V40_CPLUS_E4_C7_1T,S10_HYBRID,displacement,Y,0.034178655594587326,0.15293481945991516,0.7830199003219604,True,496,207,207,0.0
R2_LHS_02,physics,V40_CPLUS_E4_C7_1T,S10,velocity,Y,0.2735881209373474,0.6499479711055756,1.2232764959335327,True,496,266,266,0.0
R2_LHS_02,physics,V40_CPLUS_E4_C7_1T,S10_HYBRID,displacement,Z,0.024000510573387146,0.035783642902970314,0.720430314540863,True,508,72,1,0.5240000000000045
R2_LHS_02,physics,V40_CPLUS_E4_C7_1T,S10,velocity,Z,0.22960392385721207,0.3086177945137024,3.7099506855010986,True,508,265,265,0.0
R2_LHS_02,physics,V40_C_E4_C7_1T,S10_HYBRID,displacement,X,0.03060835227370262,0.07105719298124313,0.21344541013240814,True,496,433,433,0.0
R2_LHS_02,physics,V40_C_E4_C7_1T,S10,velocity,X,0.7068922221660614,0.8054492771625519,0.9186921119689941,True,496,153,153,0.0
R2_LHS_02,physics,V40_C_E4_C7_1T,S10_HYBRID,displacement,Y,0.057606736198067665,0.2413013055920601,1.2649884223937988,True,496,207,207,0.0
R2_LHS_02,physics,V40_C_E4_C7_1T,S10,velocity,Y,0.3051722049713135,0.6038191616535187,1.3665403127670288,True,496,266,265,135.00458240048846
R2_LHS_02,physics,V40_C_E4_C7_1T,S10_HYBRID,displacement,Z,0.045463677495718,0.06711602956056595,1.1858898401260376,True,508,1,1,0.0
R2_LHS_02,physics,V40_C_E4_C7_1T,S10,velocity,Z,0.2182336524128914,0.28500959873199466,1.6172003746032715,True,508,265,265,0.0
R2_LHS_02,physics,V52_A_E4_C7_1T,S10_HYBRID,displacement,X,0.018620073795318604,0.04667617939412594,0.13651525974273682,True,496,433,503,3.660046115141711
R2_LHS_02,physics,V52_A_E4_C7_1T,S10,velocity,X,0.8234588205814362,0.939399778842926,1.0054329633712769,True,496,50,70,135.0
R2_LHS_02,physics,V52_A_E4_C7_1T,S10_HYBRID,displacement,Y,0.04622175544500351,0.22894202917814255,0.8828026056289673,True,496,207,207,0.0
R2_LHS_02,physics,V52_A_E4_C7_1T,S10,velocity,Y,0.3112580329179764,0.5609885156154633,1.2948185205459595,True,496,265,265,0.0
R2_LHS_02,physics,V52_A_E4_C7_1T,S10_HYBRID,displacement,Z,0.03606122173368931,0.04559296257793903,0.7372571229934692,True,508,1,1,0.0
R2_LHS_02,physics,V52_A_E4_C7_1T,S10,velocity,Z,0.16675694286823273,0.23153235316276574,1.4200888872146606,True,508,265,265,0.0
R2_LHS_02,physics,V52_B_E4_C7_1T,S10_HYBRID,displacement,X,0.01666344702243805,0.034916432574391365,0.09471646696329117,True,496,503,503,0.0
R2_LHS_02,physics,V52_B_E4_C7_1T,S10,velocity,X,0.768118292093277,0.8490009307861328,0.9349517822265625,True,496,50,50,0.0
R2_LHS_02,physics,V52_B_E4_C7_1T,S10_HYBRID,displacement,Y,0.03073417767882347,0.16777916252613068,0.7561826109886169,True,496,207,207,0.0
R2_LHS_02,physics,V52_B_E4_C7_1T,S10,velocity,Y,0.26783372461795807,0.5572410821914673,1.0862969160079956,True,496,266,265,135.00458240048846
R2_LHS_02,physics,V52_B_E4_C7_1T,S10_HYBRID,displacement,Z,0.01860778033733368,0.02523331679403782,0.32411327958106995,True,508,1,1,0.0
R2_LHS_02,physics,V52_B_E4_C7_1T,S10,velocity,Z,0.17818792909383774,0.2510936781764031,1.061984658241272,True,508,265,265,0.0
R2_LHS_02,physics,V52_CPLUS_E4_C7_1T,S10_HYBRID,displacement,X,0.018997713923454285,0.04650389216840267,0.1429651528596878,True,496,503,503,0.0
R2_LHS_02,physics,V52_CPLUS_E4_C7_1T,S10,velocity,X,0.6535229086875916,0.7663114964962006,0.972618818283081,True,496,153,153,0.0
R2_LHS_02,physics,V52_CPLUS_E4_C7_1T,S10_HYBRID,displacement,Y,0.044057490304112434,0.16725044697523117,0.6719202995300293,True,496,207,207,0.0
R2_LHS_02,physics,V52_CPLUS_E4_C7_1T,S10,velocity,Y,0.2611985355615616,0.583166241645813,1.2485549449920654,True,496,265,265,0.0
R2_LHS_02,physics,V52_CPLUS_E4_C7_1T,S10_HYBRID,displacement,Z,0.038823291659355164,0.05649682171642781,0.4159121513366699,True,508,1,1,0.0
R2_LHS_02,physics,V52_CPLUS_E4_C7_1T,S10,velocity,Z,0.1910453960299492,0.28400377035140995,1.9139678478240967,True,508,265,265,0.0
R2_LHS_02,physics,V52_C_E4_C7_1T,S10_HYBRID,displacement,X,0.017825443297624588,0.039985863491892815,0.10882759094238281,True,496,503,503,0.0
R2_LHS_02,physics,V52_C_E4_C7_1T,S10,velocity,X,0.7550401985645294,0.8406956195831299,0.9309154152870178,True,496,50,50,0.0
R2_LHS_02,physics,V52_C_E4_C7_1T,S10_HYBRID,displacement,Y,0.03139078617095947,0.167707622051239,0.6196747422218323,True,496,207,207,0.0
R2_LHS_02,physics,V52_C_E4_C7_1T,S10,velocity,Y,0.2534082531929016,0.5576304793357849,1.0714843273162842,True,496,266,266,0.0
R2_LHS_02,physics,V52_C_E4_C7_1T,S10_HYBRID,displacement,Z,0.01913523580878973,0.02652313318103552,0.37963026762008667,True,508,1,1,0.0
R2_LHS_02,physics,V52_C_E4_C7_1T,S10,velocity,Z,0.1719253584742546,0.24013852775096897,1.063413381576538,True,508,265,265,0.0
R2_LHS_02,physics,V40_A_E5_C9_1T,S10_HYBRID,displacement,X,0.02179639507085085,0.044764138758182526,0.13894222676753998,True,496,433,433,0.0
R2_LHS_02,physics,V40_A_E5_C9_1T,S10,velocity,X,0.6996534168720245,0.7968944311141968,0.9297375679016113,True,496,153,153,0.0
R2_LHS_02,physics,V40_A_E5_C9_1T,S10_HYBRID,displacement,Y,0.06148734502494335,0.2504207640886307,1.9891481399536133,True,496,207,207,0.0
R2_LHS_02,physics,V40_A_E5_C9_1T,S10,velocity,Y,0.30566105246543884,0.6649614870548248,1.293331265449524,True,496,266,265,135.00458240048846
R2_LHS_02,physics,V40_A_E5_C9_1T,S10_HYBRID,displacement,Z,0.03881295397877693,0.05373347699642182,0.5728557705879211,True,508,1,1,0.0
R2_LHS_02,physics,V40_A_E5_C9_1T,S10,velocity,Z,0.2017270103096962,0.2677976787090302,2.526287794113159,True,508,265,265,0.0
R2_LHS_02,physics,V40_B_E5_C9_1T,S10_HYBRID,displacement,X,0.022509104572236538,0.04702675715088844,0.14786843955516815,True,496,433,433,0.0
R2_LHS_02,physics,V40_B_E5_C9_1T,S10,velocity,X,0.611806720495224,0.7091115415096283,0.8995723128318787,True,496,153,153,0.0
R2_LHS_02,physics,V40_B_E5_C9_1T,S10_HYBRID,displacement,Y,0.05989646539092064,0.23347821831703186,1.848787784576416,True,496,207,207,0.0
R2_LHS_02,physics,V40_B_E5_C9_1T,S10,velocity,Y,0.2890668958425522,0.6287477016448975,1.2469900846481323,True,496,266,217,135.00596598669262
R2_LHS_02,physics,V40_B_E5_C9_1T,S10_HYBRID,displacement,Z,0.03788059577345848,0.053242754936218266,0.5617956519126892,True,508,1,1,0.0
R2_LHS_02,physics,V40_B_E5_C9_1T,S10,velocity,Z,0.1964365318417549,0.28311842679977417,2.8780417442321777,True,508,265,265,0.0
R2_LHS_02,physics,V40_CPLUS_E5_C9_1T,S10_HYBRID,displacement,X,0.02463135402649641,0.05501431040465832,0.16712836921215057,True,496,433,433,0.0
R2_LHS_02,physics,V40_CPLUS_E5_C9_1T,S10,velocity,X,0.5852887034416199,0.7296442687511444,0.8813338875770569,True,496,153,50,135.00101694431785
R2_LHS_02,physics,V40_CPLUS_E5_C9_1T,S10_HYBRID,displacement,Y,0.05038062483072281,0.17495374381542206,0.6929370164871216,True,496,207,207,0.0
R2_LHS_02,physics,V40_CPLUS_E5_C9_1T,S10,velocity,Y,0.2983596473932266,0.6635412275791168,1.1815112829208374,True,496,265,198,135.0166118112963
R2_LHS_02,physics,V40_CPLUS_E5_C9_1T,S10_HYBRID,displacement,Z,0.036844076588749886,0.05069347135722637,0.4183463752269745,True,508,1,1,0.0
R2_LHS_02,physics,V40_CPLUS_E5_C9_1T,S10,velocity,Z,0.24089428037405014,0.3249051183462143,2.7839748859405518,True,508,265,265,0.0
R2_LHS_02,physics,V40_C_E5_C9_1T,S10_HYBRID,displacement,X,0.030961543321609497,0.07057463005185127,0.21344882249832153,True,496,433,433,0.0
R2_LHS_02,physics,V40_C_E5_C9_1T,S10,velocity,X,0.5804972648620605,0.6816019713878632,0.899660050868988,True,496,153,153,0.0
R2_LHS_02,physics,V40_C_E5_C9_1T,S10_HYBRID,displacement,Y,0.056037286296486855,0.24348539859056473,1.3014295101165771,True,496,207,207,0.0
R2_LHS_02,physics,V40_C_E5_C9_1T,S10,velocity,Y,0.3153875172138214,0.611923336982727,1.476382851600647,True,496,266,265,135.00458240048846
R2_LHS_02,physics,V40_C_E5_C9_1T,S10_HYBRID,displacement,Z,0.044595496729016304,0.0627192161977291,1.2261724472045898,True,508,1,1,0.0
R2_LHS_02,physics,V40_C_E5_C9_1T,S10,velocity,Z,0.22044118493795395,0.28603498637676245,1.5358995199203491,True,508,265,265,0.0
R2_LHS_02,physics,V52_A_E5_C9_1T,S10_HYBRID,displacement,X,0.019427714869379997,0.04752890579402447,0.13734614849090576,True,496,433,503,3.660046115141711
R2_LHS_02,physics,V52_A_E5_C9_1T,S10,velocity,X,0.680288702249527,0.7684089541435242,0.892393171787262,True,496,50,70,135.0
R2_LHS_02,physics,V52_A_E5_C9_1T,S10_HYBRID,displacement,Y,0.04389340803027153,0.22219977527856827,0.8961859941482544,True,496,207,207,0.0
R2_LHS_02,physics,V52_A_E5_C9_1T,S10,velocity,Y,0.3057299554347992,0.5598044693470001,1.391952395439148,True,496,265,265,0.0
R2_LHS_02,physics,V52_A_E5_C9_1T,S10_HYBRID,displacement,Z,0.03479572758078575,0.04466625154018402,0.7752843499183655,True,508,1,1,0.0
R2_LHS_02,physics,V52_A_E5_C9_1T,S10,velocity,Z,0.17290432006120682,0.2339214771986008,1.5085760354995728,True,508,265,265,0.0
R2_LHS_02,physics,V52_B_E5_C9_1T,S10_HYBRID,displacement,X,0.01477776188403368,0.03470027819275856,0.09868314117193222,True,496,503,503,0.0
R2_LHS_02,physics,V52_B_E5_C9_1T,S10,velocity,X,0.7649446725845337,0.8404035568237305,0.9369275569915771,True,496,50,50,0.0
R2_LHS_02,physics,V52_B_E5_C9_1T,S10_HYBRID,displacement,Y,0.027886541560292244,0.15307127684354782,1.0077334642410278,True,496,207,207,0.0
R2_LHS_02,physics,V52_B_E5_C9_1T,S10,velocity,Y,0.2622430622577667,0.5954769253730774,1.2305524349212646,True,496,266,265,135.00458240048846
R2_LHS_02,physics,V52_B_E5_C9_1T,S10_HYBRID,displacement,Z,0.02094697579741478,0.02988412119448185,0.44160985946655273,True,508,72,1,0.5240000000000045
R2_LHS_02,physics,V52_B_E5_C9_1T,S10,velocity,Z,0.16335172206163406,0.23656483739614495,2.670520782470703,True,508,265,265,0.0
R2_LHS_02,physics,V52_CPLUS_E5_C9_1T,S10_HYBRID,displacement,X,0.018388738855719566,0.040873872116208076,0.12351087480783463,True,496,503,503,0.0
R2_LHS_02,physics,V52_CPLUS_E5_C9_1T,S10,velocity,X,0.5841346681118011,0.6874348223209381,0.8878766298294067,True,496,50,70,135.0
R2_LHS_02,physics,V52_CPLUS_E5_C9_1T,S10_HYBRID,displacement,Y,0.028211557306349277,0.15004903823137283,0.5651543736457825,True,496,207,207,0.0
R2_LHS_02,physics,V52_CPLUS_E5_C9_1T,S10,velocity,Y,0.2457018792629242,0.5450967848300934,1.1128727197647095,True,496,266,271,135.0
R2_LHS_02,physics,V52_CPLUS_E5_C9_1T,S10_HYBRID,displacement,Z,0.021253805607557297,0.03084679823368788,0.4508960545063019,True,508,1,1,0.0
R2_LHS_02,physics,V52_CPLUS_E5_C9_1T,S10,velocity,Z,0.19532367587089539,0.2670551210641861,1.120568871498108,True,508,265,265,0.0
R2_LHS_02,physics,V52_C_E5_C9_1T,S10_HYBRID,displacement,X,0.021527789533138275,0.0434676855802536,0.12235436588525772,True,496,503,503,0.0
R2_LHS_02,physics,V52_C_E5_C9_1T,S10,velocity,X,0.7345793545246124,0.8074667751789093,0.9667094945907593,True,496,50,50,0.0
R2_LHS_02,physics,V52_C_E5_C9_1T,S10_HYBRID,displacement,Y,0.04993248172104359,0.18180517107248306,0.6446573138237,True,496,207,207,0.0
R2_LHS_02,physics,V52_C_E5_C9_1T,S10,velocity,Y,0.27892062067985535,0.5875307321548462,1.2283174991607666,True,496,265,266,135.00458240048846
R2_LHS_02,physics,V52_C_E5_C9_1T,S10_HYBRID,displacement,Z,0.033903442323207855,0.04830299578607082,0.38226351141929626,True,508,443,1,8.86000000000001
R2_LHS_02,physics,V52_C_E5_C9_1T,S10,velocity,Z,0.17609181255102158,0.2757040292024613,1.7090480327606201,True,508,265,265,0.0
R2_LHS_02,physics,V40_A_E6_C10_1T,S10_HYBRID,displacement,X,0.09820855781435966,0.20629585534334183,0.7988350987434387,True,496,433,433,0.0
R2_LHS_02,physics,V40_A_E6_C10_1T,S10,velocity,X,0.47462551295757294,0.7072055041790009,0.9307537078857422,True,496,153,153,0.0
R2_LHS_02,physics,V40_A_E6_C10_1T,S10_HYBRID,displacement,Y,0.028209106996655464,0.17228910326957703,0.6778067946434021,True,496,207,207,0.0
R2_LHS_02,physics,V40_A_E6_C10_1T,S10,velocity,Y,0.382294625043869,0.6518720090389252,1.1324735879898071,True,496,265,217,2.117891640824903
R2_LHS_02,physics,V40_A_E6_C10_1T,S10_HYBRID,displacement,Z,0.018229267559945583,0.029518861882388593,0.2631358802318573,True,508,72,72,0.0
R2_LHS_02,physics,V40_A_E6_C10_1T,S10,velocity,Z,0.19189415127038956,0.25346661508083346,2.1276040077209473,True,508,265,265,0.0
R2_LHS_02,physics,V40_B_E6_C10_1T,S10_HYBRID,displacement,X,0.07116205245256424,0.17416225373744965,0.6573379635810852,True,496,433,433,0.0
R2_LHS_02,physics,V40_B_E6_C10_1T,S10,velocity,X,0.47516103088855743,0.702250748872757,1.031948447227478,True,496,50,50,0.0
R2_LHS_02,physics,V40_B_E6_C10_1T,S10_HYBRID,displacement,Y,0.024480300955474377,0.14735983312129974,0.8347161412239075,True,496,207,207,0.0
R2_LHS_02,physics,V40_B_E6_C10_1T,S10,velocity,Y,0.3359166532754898,0.6564699411392212,1.1225613355636597,True,496,266,198,1.2691934446726394
R2_LHS_02,physics,V40_B_E6_C10_1T,S10_HYBRID,displacement,Z,0.01719377189874649,0.024833391420543197,0.4291410744190216,True,508,72,72,0.0
R2_LHS_02,physics,V40_B_E6_C10_1T,S10,velocity,Z,0.19355488568544388,0.2644107580184937,3.0860040187835693,True,508,265,265,0.0
R2_LHS_02,physics,V40_CPLUS_E6_C10_1T,S10_HYBRID,displacement,X,0.10479362681508064,0.18173331767320633,0.6459990739822388,True,496,433,433,0.0
R2_LHS_02,physics,V40_CPLUS_E6_C10_1T,S10,velocity,X,0.487745925784111,0.6793290376663208,0.9893514513969421,True,496,50,153,135.00101694431785
R2_LHS_02,physics,V40_CPLUS_E6_C10_1T,S10_HYBRID,displacement,Y,0.0343919824808836,0.16058766096830368,0.5541269183158875,True,496,207,207,0.0
R2_LHS_02,physics,V40_CPLUS_E6_C10_1T,S10,velocity,Y,0.2973768264055252,0.6232487261295319,1.1408612728118896,True,496,266,265,135.00458240048846
R2_LHS_02,physics,V40_CPLUS_E6_C10_1T,S10_HYBRID,displacement,Z,0.026232329197227955,0.035959495976567266,0.3996679186820984,True,508,72,72,0.0
R2_LHS_02,physics,V40_CPLUS_E6_C10_1T,S10,velocity,Z,0.2332194373011589,0.314435139298439,1.2489204406738281,True,508,265,265,0.0
R2_LHS_02,physics,V40_C_E6_C10_1T,S10_HYBRID,displacement,X,0.12013460695743561,0.2009616270661354,0.7262943387031555,True,496,433,433,0.0
R2_LHS_02,physics,V40_C_E6_C10_1T,S10,velocity,X,0.448250412940979,0.6573909819126129,1.0135120153427124,True,496,50,511,135.2904268601441
R2_LHS_02,physics,V40_C_E6_C10_1T,S10_HYBRID,displacement,Y,0.03588469699025154,0.17024056613445282,0.5880410075187683,True,496,207,207,0.0
R2_LHS_02,physics,V40_C_E6_C10_1T,S10,velocity,Y,0.3161759078502655,0.6239836812019348,1.0909122228622437,True,496,266,265,135.00458240048846
R2_LHS_02,physics,V40_C_E6_C10_1T,S10_HYBRID,displacement,Z,0.02576627768576145,0.033428423851728443,0.3550417423248291,True,508,72,72,0.0
R2_LHS_02,physics,V40_C_E6_C10_1T,S10,velocity,Z,0.23255077749490738,0.3109084665775299,1.1604413986206055,True,508,265,265,0.0
R2_LHS_02,physics,V52_A_E6_C10_1T,S10_HYBRID,displacement,X,0.08573058620095253,0.21035565435886383,1.3330838680267334,True,496,433,433,0.0
R2_LHS_02,physics,V52_A_E6_C10_1T,S10,velocity,X,0.557248592376709,0.7584880888462067,1.0756653547286987,True,496,50,50,0.0
R2_LHS_02,physics,V52_A_E6_C10_1T,S10_HYBRID,displacement,Y,0.026852142065763474,0.21775399893522263,1.9713813066482544,True,496,207,207,0.0
R2_LHS_02,physics,V52_A_E6_C10_1T,S10,velocity,Y,0.3643578737974167,0.5560118556022644,1.0833041667938232,True,496,265,198,135.0166118112963
R2_LHS_02,physics,V52_A_E6_C10_1T,S10_HYBRID,displacement,Z,0.018911926075816154,0.03473076410591602,0.5095831155776978,True,508,1,72,0.5240000000000045
R2_LHS_02,physics,V52_A_E6_C10_1T,S10,velocity,Z,0.19305473566055298,0.273052316904068,2.1140825748443604,True,508,265,265,0.0
R2_LHS_02,physics,V52_B_E6_C10_1T,S10_HYBRID,displacement,X,0.1494213044643402,0.27467016875743866,1.2170404195785522,True,496,433,433,0.0
R2_LHS_02,physics,V52_B_E6_C10_1T,S10,velocity,X,0.6361276507377625,0.8259106874465942,1.1666611433029175,True,496,70,50,135.0
R2_LHS_02,physics,V52_B_E6_C10_1T,S10_HYBRID,displacement,Y,0.044090673327445984,0.22181759029626846,1.6240102052688599,True,496,207,207,0.0
R2_LHS_02,physics,V52_B_E6_C10_1T,S10,velocity,Y,0.33131349086761475,0.5380913615226746,1.1925221681594849,True,496,265,198,135.0166118112963
R2_LHS_02,physics,V52_B_E6_C10_1T,S10_HYBRID,displacement,Z,0.03423474170267582,0.046361152082681656,0.9837246537208557,True,508,1,72,0.5240000000000045
R2_LHS_02,physics,V52_B_E6_C10_1T,S10,velocity,Z,0.1820041388273239,0.2576318234205246,1.3463001251220703,True,508,265,265,0.0
R2_LHS_02,physics,V52_CPLUS_E6_C10_1T,S10_HYBRID,displacement,X,0.08642521873116493,0.18761470913887024,0.6634588837623596,True,496,433,433,0.0
R2_LHS_02,physics,V52_CPLUS_E6_C10_1T,S10,velocity,X,0.5848368704319,0.7803893685340881,0.983077883720398,True,496,70,50,135.0
R2_LHS_02,physics,V52_CPLUS_E6_C10_1T,S10_HYBRID,displacement,Y,0.03979778662323952,0.16616293042898178,0.6843695044517517,True,496,207,207,0.0
R2_LHS_02,physics,V52_CPLUS_E6_C10_1T,S10,velocity,Y,0.2815760523080826,0.590717613697052,1.217946171760559,True,496,265,265,0.0
R2_LHS_02,physics,V52_CPLUS_E6_C10_1T,S10_HYBRID,displacement,Z,0.03439977951347828,0.052360403910279275,0.4039556086063385,True,508,1,72,0.5240000000000045
R2_LHS_02,physics,V52_CPLUS_E6_C10_1T,S10,velocity,Z,0.20550128817558289,0.3029238969087601,1.9327985048294067,True,508,265,265,0.0
R2_LHS_02,physics,V52_C_E6_C10_1T,S10_HYBRID,displacement,X,0.07220267876982689,0.16431104391813278,0.6536391377449036,True,496,433,433,0.0
R2_LHS_02,physics,V52_C_E6_C10_1T,S10,velocity,X,0.6490077674388885,0.8544490039348602,1.1021806001663208,True,496,50,50,0.0
R2_LHS_02,physics,V52_C_E6_C10_1T,S10_HYBRID,displacement,Y,0.026088513433933258,0.15777643769979477,0.9434612393379211,True,496,207,207,0.0
R2_LHS_02,physics,V52_C_E6_C10_1T,S10,velocity,Y,0.3105403482913971,0.6043051183223724,1.1436119079589844,True,496,266,266,0.0
R2_LHS_02,physics,V52_C_E6_C10_1T,S10_HYBRID,displacement,Z,0.017714942805469036,0.02652748599648476,0.5349633693695068,True,508,72,72,0.0
R2_LHS_02,physics,V52_C_E6_C10_1T,S10,velocity,Z,0.1812785565853119,0.26506711542606354,2.7278895378112793,True,508,265,265,0.0
R2_LHS_02,physics,V40_A_E7_C11_2T,S10_HYBRID,displacement,X,0.01599863823503256,0.03540776111185551,0.07117702811956406,True,496,433,433,0.0
R2_LHS_02,physics,V40_A_E7_C11_2T,S10,velocity,X,0.7124483585357666,0.8379696011543274,0.8720163106918335,True,496,50,50,0.0
R2_LHS_02,physics,V40_A_E7_C11_2T,S10_HYBRID,displacement,Y,0.03141949698328972,0.13668882101774216,0.40754106640815735,True,496,280,280,0.0
R2_LHS_02,physics,V40_A_E7_C11_2T,S10,velocity,Y,0.24170003086328506,0.4765399247407913,1.1087366342544556,True,496,266,265,135.00458240048846
R2_LHS_02,physics,V40_A_E7_C11_2T,S10_HYBRID,displacement,Z,0.029644597321748734,0.04502804689109326,1.2389349937438965,True,508,443,443,0.0
R2_LHS_02,physics,V40_A_E7_C11_2T,S10,velocity,Z,0.24177617579698563,0.3275673449039459,5.097198009490967,True,508,265,265,0.0
R2_LHS_02,physics,V40_B_E7_C11_2T,S10_HYBRID,displacement,X,0.019653248600661755,0.04731659218668938,0.1210024282336235,True,496,433,433,0.0
R2_LHS_02,physics,V40_B_E7_C11_2T,S10,velocity,X,0.5891774594783783,0.7451094686985016,0.8896489143371582,True,496,50,493,8.86000000000001
R2_LHS_02,physics,V40_B_E7_C11_2T,S10_HYBRID,displacement,Y,0.045017367228865623,0.17913315445184708,0.515952467918396,True,496,207,280,1.0347168233735533
R2_LHS_02,physics,V40_B_E7_C11_2T,S10,velocity,Y,0.24050546437501907,0.45004992187023163,1.1202644109725952,True,496,266,296,1.2691934446726394
R2_LHS_02,physics,V40_B_E7_C11_2T,S10_HYBRID,displacement,Z,0.0440305732190609,0.07260852158069611,1.886649489402771,True,508,443,443,0.0
R2_LHS_02,physics,V40_B_E7_C11_2T,S10,velocity,Z,0.22307038307189941,0.2996010959148407,1.8552371263504028,True,508,265,265,0.0
R2_LHS_02,physics,V40_CPLUS_E7_C11_2T,S10_HYBRID,displacement,X,0.025434534065425396,0.048392269760370255,0.11763326823711395,True,496,433,433,0.0
R2_LHS_02,physics,V40_CPLUS_E7_C11_2T,S10,velocity,X,0.5707550942897797,0.7224776148796082,0.8229131698608398,True,496,50,493,8.86000000000001
R2_LHS_02,physics,V40_CPLUS_E7_C11_2T,S10_HYBRID,displacement,Y,0.05025694519281387,0.15226630866527557,0.45109283924102783,True,496,280,280,0.0
R2_LHS_02,physics,V40_CPLUS_E7_C11_2T,S10,velocity,Y,0.2216036096215248,0.44880710542201996,1.0315800905227661,True,496,265,266,135.00458240048846
R2_LHS_02,physics,V40_CPLUS_E7_C11_2T,S10_HYBRID,displacement,Z,0.050658686086535454,0.06533449813723564,0.8141974806785583,True,508,443,443,0.0
R2_LHS_02,physics,V40_CPLUS_E7_C11_2T,S10,velocity,Z,0.22974343597888947,0.30811308324337006,3.031304359436035,True,508,265,265,0.0
R2_LHS_02,physics,V40_C_E7_C11_2T,S10_HYBRID,displacement,X,0.02420453354716301,0.04505622386932373,0.09901893138885498,True,496,433,433,0.0
R2_LHS_02,physics,V40_C_E7_C11_2T,S10,velocity,X,0.5725602209568024,0.7219317555427551,0.798448920249939,True,496,50,153,135.00101694431785
R2_LHS_02,physics,V40_C_E7_C11_2T,S10_HYBRID,displacement,Y,0.050645338371396065,0.15959233790636063,0.4530244469642639,True,496,280,280,0.0
R2_LHS_02,physics,V40_C_E7_C11_2T,S10,velocity,Y,0.23278626799583435,0.43525996804237366,1.04970383644104,True,496,265,316,2.117891640824903
R2_LHS_02,physics,V40_C_E7_C11_2T,S10_HYBRID,displacement,Z,0.046274369582533836,0.060189468786120415,0.811001181602478,True,508,443,443,0.0
R2_LHS_02,physics,V40_C_E7_C11_2T,S10,velocity,Z,0.23556799441576004,0.32157292068004606,2.9294800758361816,True,508,265,265,0.0
R2_LHS_02,physics,V52_A_E7_C11_2T,S10_HYBRID,displacement,X,0.015720651485025883,0.033233920112252235,0.07624269276857376,True,496,36,60,4.792009909719341
R2_LHS_02,physics,V52_A_E7_C11_2T,S10,velocity,X,0.5840822458267212,0.7473740577697754,0.8729494214057922,True,496,50,50,0.0
R2_LHS_02,physics,V52_A_E7_C11_2T,S10_HYBRID,displacement,Y,0.03812887705862522,0.15789375454187393,0.5163715481758118,True,496,306,280,1.034716823373547
R2_LHS_02,physics,V52_A_E7_C11_2T,S10,velocity,Y,0.20248567312955856,0.4052482694387436,1.1453784704208374,True,496,266,198,1.2691934446726394
R2_LHS_02,physics,V52_A_E7_C11_2T,S10_HYBRID,displacement,Z,0.038646697998046875,0.06627489849925042,1.533361554145813,True,508,1,443,8.86000000000001
R2_LHS_02,physics,V52_A_E7_C11_2T,S10,velocity,Z,0.18140772730112076,0.25213693380355834,1.2059377431869507,True,508,265,265,0.0
R2_LHS_02,physics,V52_B_E7_C11_2T,S10_HYBRID,displacement,X,0.024072187952697277,0.03951376490294933,0.07742747664451599,True,496,503,36,9.902761372205656
R2_LHS_02,physics,V52_B_E7_C11_2T,S10,velocity,X,0.5816758275032043,0.7782130539417267,0.8717983961105347,True,496,50,50,0.0
R2_LHS_02,physics,V52_B_E7_C11_2T,S10_HYBRID,displacement,Y,0.0743824802339077,0.1701969876885414,0.43696892261505127,True,496,207,280,1.0347168233735533
R2_LHS_02,physics,V52_B_E7_C11_2T,S10,velocity,Y,0.19061914086341858,0.3855404406785965,1.2352255582809448,True,496,266,198,1.2691934446726394
R2_LHS_02,physics,V52_B_E7_C11_2T,S10_HYBRID,displacement,Z,0.06291721016168594,0.0777656652033329,1.2313666343688965,True,508,443,443,0.0
R2_LHS_02,physics,V52_B_E7_C11_2T,S10,velocity,Z,0.15781297534704208,0.2465125247836113,1.7866992950439453,True,508,265,265,0.0
R2_LHS_02,physics,V52_CPLUS_E7_C11_2T,S10_HYBRID,displacement,X,0.028119711205363274,0.05122821964323521,0.10907062143087387,True,496,503,208,10.30760891233149
R2_LHS_02,physics,V52_CPLUS_E7_C11_2T,S10,velocity,X,0.5733708739280701,0.7461842000484467,0.8861880302429199,True,496,50,511,135.2904268601441
R2_LHS_02,physics,V52_CPLUS_E7_C11_2T,S10_HYBRID,displacement,Y,0.06513648107647896,0.15842832624912262,0.539985179901123,True,496,207,280,1.0347168233735533
R2_LHS_02,physics,V52_CPLUS_E7_C11_2T,S10,velocity,Y,0.1756274551153183,0.38550443947315216,1.2611606121063232,True,496,266,266,0.0
R2_LHS_02,physics,V52_CPLUS_E7_C11_2T,S10_HYBRID,displacement,Z,0.05035249702632427,0.06799303740262985,1.369111180305481,True,508,443,1,8.86000000000001
R2_LHS_02,physics,V52_CPLUS_E7_C11_2T,S10,velocity,Z,0.15420126169919968,0.23497156798839572,2.017035722732544,True,508,265,265,0.0
R2_LHS_02,physics,V52_C_E7_C11_2T,S10_HYBRID,displacement,X,0.0171570535749197,0.0361440684646368,0.07401041686534882,True,496,208,36,8.556802959534613
R2_LHS_02,physics,V52_C_E7_C11_2T,S10,velocity,X,0.6414848268032074,0.7915351986885071,0.8725649118423462,True,496,50,493,8.86000000000001
R2_LHS_02,physics,V52_C_E7_C11_2T,S10_HYBRID,displacement,Y,0.03027602657675743,0.1337931901216507,0.42302966117858887,True,496,306,280,1.034716823373547
R2_LHS_02,physics,V52_C_E7_C11_2T,S10,velocity,Y,0.19060463458299637,0.40034912526607513,1.2165642976760864,True,496,266,296,1.2691934446726394
R2_LHS_02,physics,V52_C_E7_C11_2T,S10_HYBRID,displacement,Z,0.028821568004786968,0.04716061800718308,1.221505045890808,True,508,443,443,0.0
R2_LHS_02,physics,V52_C_E7_C11_2T,S10,velocity,Z,0.15712393075227737,0.24928557425737383,4.398396015167236,True,508,265,265,0.0
R2_LHS_02,physics,V40_A_E8_C12_2T,S10_HYBRID,displacement,X,0.12427404150366783,0.2451825961470604,0.4937828779220581,True,496,187,187,0.0
R2_LHS_02,physics,V40_A_E8_C12_2T,S10,velocity,X,0.46213240921497345,0.7249273657798767,0.9142671823501587,True,496,50,50,0.0
R2_LHS_02,physics,V40_A_E8_C12_2T,S10_HYBRID,displacement,Y,0.04291142709553242,0.16717811673879623,0.5323909521102905,True,496,207,280,1.0347168233735533
R2_LHS_02,physics,V40_A_E8_C12_2T,S10,velocity,Y,0.25846241414546967,0.45990151166915894,1.0944288969039917,True,496,266,266,0.0
R2_LHS_02,physics,V40_A_E8_C12_2T,S10_HYBRID,displacement,Z,0.04061269201338291,0.06955185011029244,1.860329031944275,True,508,443,361,0.5240000000000145
R2_LHS_02,physics,V40_A_E8_C12_2T,S10,velocity,Z,0.24457918852567673,0.33837393522262577,1.78134024143219,True,508,265,265,0.0
R2_LHS_02,physics,V40_B_E8_C12_2T,S10_HYBRID,displacement,X,0.11432961747050285,0.3038567155599594,0.7344517111778259,True,496,187,187,0.0
R2_LHS_02,physics,V40_B_E8_C12_2T,S10,velocity,X,0.4305950254201889,0.7317562699317932,0.9506873488426208,True,496,50,50,0.0
R2_LHS_02,physics,V40_B_E8_C12_2T,S10_HYBRID,displacement,Y,0.0416639968752861,0.16290049999952316,0.485438734292984,True,496,306,280,1.034716823373547
R2_LHS_02,physics,V40_B_E8_C12_2T,S10,velocity,Y,0.2345980629324913,0.41760551929473877,1.0218760967254639,True,496,266,266,0.0
R2_LHS_02,physics,V40_B_E8_C12_2T,S10_HYBRID,displacement,Z,0.03875714726746082,0.06690088361501695,1.5592193603515625,True,508,1,361,8.335999999999995
R2_LHS_02,physics,V40_B_E8_C12_2T,S10,velocity,Z,0.2464098185300827,0.33220624327659615,1.3127310276031494,True,508,265,265,0.0
R2_LHS_02,physics,V40_CPLUS_E8_C12_2T,S10_HYBRID,displacement,X,0.09431466087698936,0.2013057991862297,0.4712425768375397,True,496,187,187,0.0
R2_LHS_02,physics,V40_CPLUS_E8_C12_2T,S10,velocity,X,0.4101615995168686,0.676642894744873,0.9037005305290222,True,496,153,493,135.25712142434497
R2_LHS_02,physics,V40_CPLUS_E8_C12_2T,S10_HYBRID,displacement,Y,0.03932333365082741,0.14076680690050125,0.5783223509788513,True,496,207,280,1.0347168233735533
R2_LHS_02,physics,V40_CPLUS_E8_C12_2T,S10,velocity,Y,0.21448791772127151,0.42655329406261444,1.0677945613861084,True,496,266,296,1.2691934446726394
R2_LHS_02,physics,V40_CPLUS_E8_C12_2T,S10_HYBRID,displacement,Z,0.03122454509139061,0.05484163239598275,1.4518628120422363,True,508,443,361,0.5240000000000145
R2_LHS_02,physics,V40_CPLUS_E8_C12_2T,S10,velocity,Z,0.21836023032665253,0.29618150889873507,2.1560001373291016,True,508,265,265,0.0
R2_LHS_02,physics,V40_C_E8_C12_2T,S10_HYBRID,displacement,X,0.07821900025010109,0.14958323538303375,0.3623107373714447,True,496,187,187,0.0
R2_LHS_02,physics,V40_C_E8_C12_2T,S10,velocity,X,0.41717395186424255,0.6487711071968079,0.8781594634056091,True,496,50,50,0.0
R2_LHS_02,physics,V40_C_E8_C12_2T,S10_HYBRID,displacement,Y,0.026101620867848396,0.1273430772125721,0.38842108845710754,True,496,280,280,0.0
R2_LHS_02,physics,V40_C_E8_C12_2T,S10,velocity,Y,0.2243143990635872,0.4380543828010559,1.0823112726211548,True,496,266,198,1.2691934446726394
R2_LHS_02,physics,V40_C_E8_C12_2T,S10_HYBRID,displacement,Z,0.021733575500547886,0.03574427589774132,0.9889370203018188,True,508,1,361,8.335999999999995
R2_LHS_02,physics,V40_C_E8_C12_2T,S10,velocity,Z,0.23026101291179657,0.3156704157590866,4.698523044586182,True,508,265,265,0.0
R2_LHS_02,physics,V52_A_E8_C12_2T,S10_HYBRID,displacement,X,0.14241347461938858,0.3523200452327728,0.8938336968421936,True,496,187,187,0.0
R2_LHS_02,physics,V52_A_E8_C12_2T,S10,velocity,X,0.5195643603801727,0.8164209425449371,1.0178395509719849,True,496,50,50,0.0
R2_LHS_02,physics,V52_A_E8_C12_2T,S10_HYBRID,displacement,Y,0.04309855028986931,0.1860065683722496,0.510438859462738,True,496,280,280,0.0
R2_LHS_02,physics,V52_A_E8_C12_2T,S10,velocity,Y,0.23934485018253326,0.38508327305316925,1.1076771020889282,True,496,266,266,0.0
R2_LHS_02,physics,V52_A_E8_C12_2T,S10_HYBRID,displacement,Z,0.051449550315737724,0.07214349284768104,1.4448891878128052,True,508,1,72,0.5240000000000045
R2_LHS_02,physics,V52_A_E8_C12_2T,S10,velocity,Z,0.23565450310707092,0.3307154059410095,1.218840479850769,True,508,265,265,0.0
R2_LHS_02,physics,V52_B_E8_C12_2T,S10_HYBRID,displacement,X,0.07732028514146805,0.1378069669008255,0.3032236695289612,True,496,187,187,0.0
R2_LHS_02,physics,V52_B_E8_C12_2T,S10,velocity,X,0.5120403468608856,0.7957455515861511,0.9478566646575928,True,496,50,50,0.0
R2_LHS_02,physics,V52_B_E8_C12_2T,S10_HYBRID,displacement,Y,0.02851433027535677,0.14194725453853607,0.4178583323955536,True,496,280,280,0.0
R2_LHS_02,physics,V52_B_E8_C12_2T,S10,velocity,Y,0.22360216826200485,0.40596820414066315,1.1147009134292603,True,496,266,266,0.0
R2_LHS_02,physics,V52_B_E8_C12_2T,S10_HYBRID,displacement,Z,0.02343522198498249,0.03810004815459252,0.8481423258781433,True,508,1,361,8.335999999999995
R2_LHS_02,physics,V52_B_E8_C12_2T,S10,velocity,Z,0.20674319565296173,0.30533032715320585,2.0252130031585693,True,508,265,265,0.0
R2_LHS_02,physics,V52_CPLUS_E8_C12_2T,S10_HYBRID,displacement,X,0.11917757615447044,0.26261696219444275,0.5492197275161743,True,496,187,187,0.0
R2_LHS_02,physics,V52_CPLUS_E8_C12_2T,S10,velocity,X,0.5349437892436981,0.7686553001403809,0.9103729724884033,True,496,70,50,135.0
R2_LHS_02,physics,V52_CPLUS_E8_C12_2T,S10_HYBRID,displacement,Y,0.041785042732954025,0.19938728213310242,0.7129498720169067,True,496,207,280,1.0347168233735533
R2_LHS_02,physics,V52_CPLUS_E8_C12_2T,S10,velocity,Y,0.1902594119310379,0.384420245885849,1.271981954574585,True,496,265,198,135.0166118112963
R2_LHS_02,physics,V52_CPLUS_E8_C12_2T,S10_HYBRID,displacement,Z,0.04169565998017788,0.07336561754345895,1.848408579826355,True,508,443,361,0.5240000000000145
R2_LHS_02,physics,V52_CPLUS_E8_C12_2T,S10,velocity,Z,0.17037247866392136,0.25891502797603616,1.9305399656295776,True,508,265,265,0.0
R2_LHS_02,physics,V52_C_E8_C12_2T,S10_HYBRID,displacement,X,0.09212202206254005,0.1730363517999649,0.3784463107585907,True,496,187,187,0.0
R2_LHS_02,physics,V52_C_E8_C12_2T,S10,velocity,X,0.4549633264541626,0.7478086054325104,0.9075487852096558,True,496,50,50,0.0
R2_LHS_02,physics,V52_C_E8_C12_2T,S10_HYBRID,displacement,Y,0.0424390584230423,0.1333460584282875,0.4457232356071472,True,496,280,280,0.0
R2_LHS_02,physics,V52_C_E8_C12_2T,S10,velocity,Y,0.1872076317667961,0.3739706575870514,1.2228630781173706,True,496,266,198,1.2691934446726394
R2_LHS_02,physics,V52_C_E8_C12_2T,S10_HYBRID,displacement,Z,0.03713756613433361,0.05665585920214654,1.3299587965011597,True,508,443,361,0.5240000000000145
R2_LHS_02,physics,V52_C_E8_C12_2T,S10,velocity,Z,0.1740998923778534,0.26030804216861725,1.9246877431869507,True,508,265,265,0.0
R2_LHS_02,control,BASE_C1_0T,S10_HYBRID,displacement,X,0.3849118798971176,1.282837152481079,8.511346817016602,True,496,437,437,0.0
R2_LHS_02,control,BASE_C1_0T,S10,velocity,X,,,,False,0,0,0,0.0
R2_LHS_02,control,BASE_C1_0T,S10_HYBRID,displacement,Y,0.03623479977250099,0.16594043374061584,2.5279083251953125,True,496,236,236,0.0
R2_LHS_02,control,BASE_C1_0T,S10,velocity,Y,,,,False,0,0,0,0.0
R2_LHS_02,control,BASE_C1_0T,S10_HYBRID,displacement,Z,0.036849506199359894,0.04298714771866798,0.18115772306919098,True,508,226,226,0.0
R2_LHS_02,control,BASE_C1_0T,S10,velocity,Z,,,,False,0,0,0,0.0
R2_LHS_02,control,BASE_C2_0T,S10_HYBRID,displacement,X,0.009949057828634977,0.014951025601476431,0.02436234802007675,True,496,433,433,0.0
R2_LHS_02,control,BASE_C2_0T,S10,velocity,X,,,,False,0,0,0,0.0
R2_LHS_02,control,BASE_C2_0T,S10_HYBRID,displacement,Y,0.06576468423008919,0.2308400273323059,2.650890350341797,True,496,236,236,0.0
R2_LHS_02,control,BASE_C2_0T,S10,velocity,Y,,,,False,0,0,0,0.0
R2_LHS_02,control,BASE_C2_0T,S10_HYBRID,displacement,Z,0.0647687166929245,0.06990576460957527,0.20205484330654144,True,508,443,443,0.0
R2_LHS_02,control,BASE_C2_0T,S10,velocity,Z,,,,False,0,0,0,0.0
R2_LHS_02,control,BASE_C3_0T,S10_HYBRID,displacement,X,0.30600185692310333,0.9762547612190247,7.024093151092529,True,496,437,437,0.0
R2_LHS_02,control,BASE_C3_0T,S10,velocity,X,,,,False,0,0,0,0.0
R2_LHS_02,control,BASE_C3_0T,S10_HYBRID,displacement,Y,0.02267469372600317,0.10797262564301491,1.7821738719940186,True,496,236,236,0.0
R2_LHS_02,control,BASE_C3_0T,S10,velocity,Y,,,,False,0,0,0,0.0
R2_LHS_02,control,BASE_C3_0T,S10_HYBRID,displacement,Z,0.02197218593209982,0.026732088439166544,0.130360946059227,True,508,226,226,0.0
R2_LHS_02,control,BASE_C3_0T,S10,velocity,Z,,,,False,0,0,0,0.0
R2_LHS_02,control,BASE_C8_0T,S10_HYBRID,displacement,X,0.011419326532632113,0.017568781040608883,0.024327095597982407,True,496,433,433,0.0
R2_LHS_02,control,BASE_C8_0T,S10,velocity,X,,,,False,0,0,0,0.0
R2_LHS_02,control,BASE_C8_0T,S10_HYBRID,displacement,Y,0.02642172947525978,0.11787122115492821,1.5971720218658447,True,496,433,236,10.59715891150338
R2_LHS_02,control,BASE_C8_0T,S10,velocity,Y,,,,False,0,0,0,0.0
R2_LHS_02,control,BASE_C8_0T,S10_HYBRID,displacement,Z,0.028570489026606083,0.03442755416035652,0.15942183136940002,True,508,443,443,0.0
R2_LHS_02,control,BASE_C8_0T,S10,velocity,Z,,,,False,0,0,0,0.0
R2_LHS_02,control,V40_A_E1_C4_2T,S10_HYBRID,displacement,X,0.10709633305668831,0.19544073939323425,0.4432988166809082,True,496,187,187,0.0
R2_LHS_02,control,V40_A_E1_C4_2T,S10,velocity,X,0.44109509885311127,0.6892369389533997,0.9101805686950684,True,496,50,50,0.0
R2_LHS_02,control,V40_A_E1_C4_2T,S10_HYBRID,displacement,Y,0.053292540833353996,0.15374651551246643,0.4102218449115753,True,496,280,280,0.0
R2_LHS_02,control,V40_A_E1_C4_2T,S10,velocity,Y,0.2567739933729172,0.4973669499158859,1.1630816459655762,True,496,266,266,0.0
R2_LHS_02,control,V40_A_E1_C4_2T,S10_HYBRID,displacement,Z,0.052578480914235115,0.0661209538578987,1.0178742408752441,True,508,224,361,3.9059999999999957
R2_LHS_02,control,V40_A_E1_C4_2T,S10,velocity,Z,0.2594113349914551,0.3584134727716446,2.4346723556518555,True,508,265,265,0.0
R2_LHS_02,control,V40_B_E1_C4_2T,S10_HYBRID,displacement,X,0.1709066480398178,0.3685210794210434,0.7202823758125305,True,496,187,187,0.0
R2_LHS_02,control,V40_B_E1_C4_2T,S10,velocity,X,0.47519421577453613,0.746180921792984,1.0191386938095093,True,496,511,50,135.2904268601441
R2_LHS_02,control,V40_B_E1_C4_2T,S10_HYBRID,displacement,Y,0.08295828104019165,0.2655886262655258,0.9534974694252014,True,496,306,280,1.034716823373547
R2_LHS_02,control,V40_B_E1_C4_2T,S10,velocity,Y,0.27386346459388733,0.49133479595184326,1.0242873430252075,True,496,266,266,0.0
R2_LHS_02,control,V40_B_E1_C4_2T,S10_HYBRID,displacement,Z,0.0719975046813488,0.12480848580598831,2.1024203300476074,True,508,443,361,0.5240000000000145
R2_LHS_02,control,V40_B_E1_C4_2T,S10,velocity,Z,0.29592810571193695,0.37096989154815674,1.4166158437728882,True,508,265,265,0.0
R2_LHS_02,control,V40_CPLUS_E1_C4_2T,S10_HYBRID,displacement,X,0.0851426012814045,0.1522720456123352,0.3467077910900116,True,496,187,187,0.0
R2_LHS_02,control,V40_CPLUS_E1_C4_2T,S10,velocity,X,0.3928386718034744,0.6414106488227844,0.8746291995048523,True,496,153,493,135.25712142434497
R2_LHS_02,control,V40_CPLUS_E1_C4_2T,S10_HYBRID,displacement,Y,0.045069994404911995,0.13971704989671707,0.3918704390525818,True,496,280,280,0.0
R2_LHS_02,control,V40_CPLUS_E1_C4_2T,S10,velocity,Y,0.212631493806839,0.43135982751846313,1.0138657093048096,True,496,265,266,135.00458240048846
R2_LHS_02,control,V40_CPLUS_E1_C4_2T,S10_HYBRID,displacement,Z,0.04371826350688934,0.06319506838917732,0.7953521609306335,True,508,72,361,7.811999999999991
R2_LHS_02,control,V40_CPLUS_E1_C4_2T,S10,velocity,Z,0.21825897693634033,0.2899089753627777,1.109331727027893,True,508,265,265,0.0
R2_LHS_02,control,V40_C_E1_C4_2T,S10_HYBRID,displacement,X,0.16848569363355637,0.35115353763103485,0.6395393013954163,True,496,187,187,0.0
R2_LHS_02,control,V40_C_E1_C4_2T,S10,velocity,X,0.45467033982276917,0.7153969705104828,0.9934278726577759,True,496,511,50,135.2904268601441
R2_LHS_02,control,V40_C_E1_C4_2T,S10_HYBRID,displacement,Y,0.08429856598377228,0.2626945674419403,1.0105252265930176,True,496,306,280,1.034716823373547
R2_LHS_02,control,V40_C_E1_C4_2T,S10,velocity,Y,0.2610304057598114,0.4865547865629196,1.0125495195388794,True,496,266,198,1.2691934446726394
R2_LHS_02,control,V40_C_E1_C4_2T,S10_HYBRID,displacement,Z,0.07011749222874641,0.1203443542122841,2.0828311443328857,True,508,443,361,0.5240000000000145
R2_LHS_02,control,V40_C_E1_C4_2T,S10,velocity,Z,0.2875388264656067,0.3613838165998459,1.5058772563934326,True,508,265,265,0.0
R2_LHS_02,control,V52_A_E1_C4_2T,S10_HYBRID,displacement,X,0.08828437700867653,0.16360560804605484,0.3531065285205841,True,496,187,187,0.0
R2_LHS_02,control,V52_A_E1_C4_2T,S10,velocity,X,0.5245766937732697,0.8043492138385773,0.9559488892555237,True,496,50,50,0.0
R2_LHS_02,control,V52_A_E1_C4_2T,S10_HYBRID,displacement,Y,0.02825242280960083,0.1441642791032791,0.43056541681289673,True,496,280,280,0.0
R2_LHS_02,control,V52_A_E1_C4_2T,S10,velocity,Y,0.26185113191604614,0.41858577728271484,1.3046388626098633,True,496,266,266,0.0
R2_LHS_02,control,V52_A_E1_C4_2T,S10_HYBRID,displacement,Z,0.024811399169266224,0.03993846513330936,1.0306512117385864,True,508,443,72,8.336000000000006
R2_LHS_02,control,V52_A_E1_C4_2T,S10,velocity,Z,0.2458278089761734,0.3550040990114212,1.5685585737228394,True,508,265,265,0.0
R2_LHS_02,control,V52_B_E1_C4_2T,S10_HYBRID,displacement,X,0.10778814554214478,0.2169560045003891,0.4345095157623291,True,496,187,187,0.0
R2_LHS_02,control,V52_B_E1_C4_2T,S10,velocity,X,0.49229133129119873,0.7764862179756165,1.0326032638549805,True,496,50,493,8.86000000000001
R2_LHS_02,control,V52_B_E1_C4_2T,S10_HYBRID,displacement,Y,0.03985769487917423,0.16892258822917938,0.8153733611106873,True,496,207,280,1.0347168233735533
R2_LHS_02,control,V52_B_E1_C4_2T,S10,velocity,Y,0.22622720152139664,0.3874647319316864,1.8084017038345337,True,496,266,296,1.2691934446726394
R2_LHS_02,control,V52_B_E1_C4_2T,S10_HYBRID,displacement,Z,0.03586746007204056,0.06989303007721902,0.9014064073562622,True,508,361,361,0.0
R2_LHS_02,control,V52_B_E1_C4_2T,S10,velocity,Z,0.21612897515296936,0.3046032041311264,1.2798066139221191,True,508,265,265,0.0
R2_LHS_02,control,V52_CPLUS_E1_C4_2T,S10_HYBRID,displacement,X,0.07646394520998001,0.14249634742736816,0.2804344594478607,True,496,187,187,0.0
R2_LHS_02,control,V52_CPLUS_E1_C4_2T,S10,velocity,X,0.5054399967193604,0.7699927687644958,0.9346598982810974,True,496,70,493,135.2904268601441
R2_LHS_02,control,V52_CPLUS_E1_C4_2T,S10_HYBRID,displacement,Y,0.030405028723180294,0.13847937434911728,0.4457785487174988,True,496,280,280,0.0
R2_LHS_02,control,V52_CPLUS_E1_C4_2T,S10,velocity,Y,0.20371947437524796,0.4175105690956116,1.2745553255081177,True,496,266,296,1.2691934446726394
R2_LHS_02,control,V52_CPLUS_E1_C4_2T,S10_HYBRID,displacement,Z,0.026687022298574448,0.04551242701709271,1.339530110359192,True,508,443,361,0.5240000000000145
R2_LHS_02,control,V52_CPLUS_E1_C4_2T,S10,velocity,Z,0.1814822107553482,0.26936151385307316,1.4446582794189453,True,508,265,265,0.0
R2_LHS_02,control,V52_C_E1_C4_2T,S10_HYBRID,displacement,X,0.09186198189854622,0.16037128865718842,0.32516801357269287,True,496,187,187,0.0
R2_LHS_02,control,V52_C_E1_C4_2T,S10,velocity,X,0.4648551344871521,0.7582824230194092,0.9044226408004761,True,496,50,493,8.86000000000001
R2_LHS_02,control,V52_C_E1_C4_2T,S10_HYBRID,displacement,Y,0.05139755830168724,0.1537526547908783,0.4442920684814453,True,496,280,280,0.0
R2_LHS_02,control,V52_C_E1_C4_2T,S10,velocity,Y,0.21528799086809158,0.3833778649568558,1.3597644567489624,True,496,266,266,0.0
R2_LHS_02,control,V52_C_E1_C4_2T,S10_HYBRID,displacement,Z,0.04794945754110813,0.06012959182262421,0.8806583285331726,True,508,224,361,3.9059999999999957
R2_LHS_02,control,V52_C_E1_C4_2T,S10,velocity,Z,0.19849910587072372,0.2947952061891556,1.7083147764205933,True,508,265,265,0.0
R2_LHS_02,control,V40_A_E2_C5_2T,S10_HYBRID,displacement,X,0.02064680214971304,0.03778621926903725,0.07988042384386063,True,496,433,433,0.0
R2_LHS_02,control,V40_A_E2_C5_2T,S10,velocity,X,0.5960906147956848,0.726714015007019,0.9028882384300232,True,496,50,153,135.00101694431785
R2_LHS_02,control,V40_A_E2_C5_2T,S10_HYBRID,displacement,Y,0.04250652529299259,0.17174340784549713,0.7540088891983032,True,496,207,280,1.0347168233735533
R2_LHS_02,control,V40_A_E2_C5_2T,S10,velocity,Y,0.2536235451698303,0.4704751819372177,1.8644479513168335,True,496,266,316,135.00596598669262
R2_LHS_02,control,V40_A_E2_C5_2T,S10_HYBRID,displacement,Z,0.04126002825796604,0.06843079924583435,1.1842087507247925,True,508,361,443,0.5240000000000145
R2_LHS_02,control,V40_A_E2_C5_2T,S10,velocity,Z,0.25765177607536316,0.33911438286304474,1.623170256614685,True,508,265,265,0.0
R2_LHS_02,control,V40_B_E2_C5_2T,S10_HYBRID,displacement,X,0.015175089705735445,0.03825941123068333,0.08418571203947067,True,496,433,433,0.0
R2_LHS_02,control,V40_B_E2_C5_2T,S10,velocity,X,0.6710081696510315,0.8284182548522949,0.8957178592681885,True,496,50,493,8.86000000000001
R2_LHS_02,control,V40_B_E2_C5_2T,S10_HYBRID,displacement,Y,0.02787583414465189,0.1374431475996971,0.42613255977630615,True,496,280,280,0.0
R2_LHS_02,control,V40_B_E2_C5_2T,S10,velocity,Y,0.23122098296880722,0.4784674346446991,1.3047596216201782,True,496,266,266,0.0
R2_LHS_02,control,V40_B_E2_C5_2T,S10_HYBRID,displacement,Z,0.02502938825637102,0.03992876708507539,0.9143589735031128,True,508,443,443,0.0
R2_LHS_02,control,V40_B_E2_C5_2T,S10,velocity,Z,0.2289094775915146,0.30737942159175874,1.798128604888916,True,508,265,265,0.0
R2_LHS_02,control,V40_CPLUS_E2_C5_2T,S10_HYBRID,displacement,X,0.019614506512880325,0.04915876127779484,0.11914689838886261,True,496,433,433,0.0
R2_LHS_02,control,V40_CPLUS_E2_C5_2T,S10,velocity,X,0.49292466044425964,0.7011991441249847,0.8841102123260498,True,496,493,153,135.25712142434497
R2_LHS_02,control,V40_CPLUS_E2_C5_2T,S10_HYBRID,displacement,Y,0.029683362692594528,0.13718493282794952,0.43690311908721924,True,496,280,280,0.0
R2_LHS_02,control,V40_CPLUS_E2_C5_2T,S10,velocity,Y,0.22025033086538315,0.4574699103832245,1.238943099975586,True,496,266,296,1.2691934446726394
R2_LHS_02,control,V40_CPLUS_E2_C5_2T,S10_HYBRID,displacement,Z,0.025812278501689434,0.042293650284409526,1.145047903060913,True,508,443,443,0.0
R2_LHS_02,control,V40_CPLUS_E2_C5_2T,S10,velocity,Z,0.22740502655506134,0.3084520369768143,1.6358623504638672,True,508,265,265,0.0
R2_LHS_02,control,V40_C_E2_C5_2T,S10_HYBRID,displacement,X,0.026850195601582527,0.05146006494760513,0.11689725518226624,True,496,433,433,0.0
R2_LHS_02,control,V40_C_E2_C5_2T,S10,velocity,X,0.5700227916240692,0.8141598403453827,0.9029453992843628,True,496,50,493,8.86000000000001
R2_LHS_02,control,V40_C_E2_C5_2T,S10_HYBRID,displacement,Y,0.042385149747133255,0.18264806270599365,0.8783800005912781,True,496,207,280,1.0347168233735533
R2_LHS_02,control,V40_C_E2_C5_2T,S10,velocity,Y,0.2397521436214447,0.4350429028272629,1.727338194847107,True,496,266,265,135.00458240048846
R2_LHS_02,control,V40_C_E2_C5_2T,S10_HYBRID,displacement,Z,0.041709452867507935,0.07849555537104606,0.9666407704353333,True,508,361,443,0.5240000000000145
R2_LHS_02,control,V40_C_E2_C5_2T,S10,velocity,Z,0.24574556201696396,0.3293596923351288,1.632163405418396,True,508,265,265,0.0
R2_LHS_02,control,V52_A_E2_C5_2T,S10_HYBRID,displacement,X,0.01272959215566516,0.02813806850463152,0.06404519826173782,True,496,36,36,0.0
R2_LHS_02,control,V52_A_E2_C5_2T,S10,velocity,X,0.6812897622585297,0.8375320434570312,0.9397488236427307,True,496,50,493,8.86000000000001
R2_LHS_02,control,V52_A_E2_C5_2T,S10_HYBRID,displacement,Y,0.03680702857673168,0.1487179398536682,0.40084031224250793,True,496,280,280,0.0
R2_LHS_02,control,V52_A_E2_C5_2T,S10,velocity,Y,0.21728099137544632,0.41182419657707214,1.3584929704666138,True,496,266,266,0.0
R2_LHS_02,control,V52_A_E2_C5_2T,S10_HYBRID,displacement,Z,0.03584830462932587,0.05159412398934365,1.3177467584609985,True,508,1,443,8.86000000000001
R2_LHS_02,control,V52_A_E2_C5_2T,S10,velocity,Z,0.1833397001028061,0.2836259871721268,1.848482370376587,True,508,265,265,0.0
R2_LHS_02,control,V52_B_E2_C5_2T,S10_HYBRID,displacement,X,0.0253705820068717,0.061764881014823914,0.15201860666275024,True,496,145,36,6.464927870431687
R2_LHS_02,control,V52_B_E2_C5_2T,S10,velocity,X,0.634524792432785,0.8696393072605133,0.9658373594284058,True,496,511,441,0.52400000000001
R2_LHS_02,control,V52_B_E2_C5_2T,S10_HYBRID,displacement,Y,0.05860051140189171,0.2412298247218132,0.8955891132354736,True,496,306,280,1.034716823373547
R2_LHS_02,control,V52_B_E2_C5_2T,S10,velocity,Y,0.2129025012254715,0.43134208023548126,1.105949878692627,True,496,265,198,135.0166118112963
R2_LHS_02,control,V52_B_E2_C5_2T,S10_HYBRID,displacement,Z,0.06361052766442299,0.11729169115424158,2.2323455810546875,True,508,443,443,0.0
R2_LHS_02,control,V52_B_E2_C5_2T,S10,velocity,Z,0.19382603466510773,0.26633987724781044,1.3416377305984497,True,508,265,265,0.0
R2_LHS_02,control,V52_CPLUS_E2_C5_2T,S10_HYBRID,displacement,X,0.020465285517275333,0.04272235184907913,0.10265801846981049,True,496,208,208,0.0
R2_LHS_02,control,V52_CPLUS_E2_C5_2T,S10,velocity,X,0.5594864189624786,0.7504194974899292,0.896998941898346,True,496,50,50,0.0
R2_LHS_02,control,V52_CPLUS_E2_C5_2T,S10_HYBRID,displacement,Y,0.03861113637685776,0.13697905093431473,0.38928502798080444,True,496,280,280,0.0
R2_LHS_02,control,V52_CPLUS_E2_C5_2T,S10,velocity,Y,0.18465857952833176,0.3944852352142334,1.06500244140625,True,496,266,266,0.0
R2_LHS_02,control,V52_CPLUS_E2_C5_2T,S10_HYBRID,displacement,Z,0.03597960248589516,0.05649634897708893,0.9635061621665955,True,508,72,1,0.5240000000000045
R2_LHS_02,control,V52_CPLUS_E2_C5_2T,S10,velocity,Z,0.1639532372355461,0.2208851516246796,1.0164735317230225,True,508,265,265,0.0
R2_LHS_02,control,V52_C_E2_C5_2T,S10_HYBRID,displacement,X,0.017220744863152504,0.03776251710951328,0.0832759290933609,True,496,208,36,8.556802959534613
R2_LHS_02,control,V52_C_E2_C5_2T,S10,velocity,X,0.5719791650772095,0.7912493646144867,0.9080199599266052,True,496,50,50,0.0
R2_LHS_02,control,V52_C_E2_C5_2T,S10_HYBRID,displacement,Y,0.036044906824827194,0.12806827574968338,0.333134263753891,True,496,280,280,0.0
R2_LHS_02,control,V52_C_E2_C5_2T,S10,velocity,Y,0.1905699521303177,0.37763385474681854,1.041549563407898,True,496,266,266,0.0
R2_LHS_02,control,V52_C_E2_C5_2T,S10_HYBRID,displacement,Z,0.03394465707242489,0.051309623569250104,1.0220528841018677,True,508,72,443,8.336000000000006
R2_LHS_02,control,V52_C_E2_C5_2T,S10,velocity,Z,0.161187544465065,0.22436209172010424,1.008629560470581,True,508,265,265,0.0
R2_LHS_02,control,V40_A_E3_C6_1T,S10_HYBRID,displacement,X,0.09609029069542885,0.20959502458572388,0.6854820251464844,True,496,433,433,0.0
R2_LHS_02,control,V40_A_E3_C6_1T,S10,velocity,X,0.4586181044578552,0.666473388671875,0.9868425726890564,True,496,153,50,135.00101694431785
R2_LHS_02,control,V40_A_E3_C6_1T,S10_HYBRID,displacement,Y,0.025138406082987785,0.1500643566250801,0.5114694833755493,True,496,207,207,0.0
R2_LHS_02,control,V40_A_E3_C6_1T,S10,velocity,Y,0.3547195643186569,0.5876905918121338,1.1517146825790405,True,496,265,265,0.0
R2_LHS_02,control,V40_A_E3_C6_1T,S10_HYBRID,displacement,Z,0.013802580535411835,0.023051402159035207,0.5147227644920349,True,508,1,72,0.5240000000000045
R2_LHS_02,control,V40_A_E3_C6_1T,S10,velocity,Z,0.18032990396022797,0.2386239290237427,1.1194504499435425,True,508,265,265,0.0
R2_LHS_02,control,V40_B_E3_C6_1T,S10_HYBRID,displacement,X,0.09422262012958527,0.21664965897798538,1.0051887035369873,True,496,433,433,0.0
R2_LHS_02,control,V40_B_E3_C6_1T,S10,velocity,X,0.4328897297382355,0.6525672078132629,0.975296676158905,True,496,70,70,0.0
R2_LHS_02,control,V40_B_E3_C6_1T,S10_HYBRID,displacement,Y,0.04186953604221344,0.19700396806001663,0.9692100286483765,True,496,207,207,0.0
R2_LHS_02,control,V40_B_E3_C6_1T,S10,velocity,Y,0.35316286981105804,0.6292576789855957,1.3188886642456055,True,496,265,265,0.0
R2_LHS_02,control,V40_B_E3_C6_1T,S10_HYBRID,displacement,Z,0.020809883251786232,0.031668517738580704,0.24525578320026398,True,508,72,72,0.0
R2_LHS_02,control,V40_B_E3_C6_1T,S10,velocity,Z,0.20030009746551514,0.27798586785793306,1.979530930519104,True,508,265,265,0.0
R2_LHS_02,control,V40_CPLUS_E3_C6_1T,S10_HYBRID,displacement,X,0.07781404629349709,0.18210352212190628,0.6030266880989075,True,496,433,433,0.0
R2_LHS_02,control,V40_CPLUS_E3_C6_1T,S10,velocity,X,0.4585553854703903,0.6424345672130585,0.9442664384841919,True,496,50,50,0.0
R2_LHS_02,control,V40_CPLUS_E3_C6_1T,S10_HYBRID,displacement,Y,0.02970805484801531,0.14405856281518936,0.7395433783531189,True,496,207,207,0.0
R2_LHS_02,control,V40_CPLUS_E3_C6_1T,S10,velocity,Y,0.3082588464021683,0.6075145900249481,1.3819411993026733,True,496,266,198,1.2691934446726394
R2_LHS_02,control,V40_CPLUS_E3_C6_1T,S10_HYBRID,displacement,Z,0.01958178263157606,0.028995735943317415,0.3302847445011139,True,508,1,72,0.5240000000000045
R2_LHS_02,control,V40_CPLUS_E3_C6_1T,S10,velocity,Z,0.2316633015871048,0.31366326212883,1.3089500665664673,True,508,265,265,0.0
R2_LHS_02,control,V40_C_E3_C6_1T,S10_HYBRID,displacement,X,0.08718538656830788,0.21900425851345062,0.720958411693573,True,496,433,433,0.0
R2_LHS_02,control,V40_C_E3_C6_1T,S10,velocity,X,0.43836407363414764,0.6464035212993622,0.9455254077911377,True,496,153,153,0.0
R2_LHS_02,control,V40_C_E3_C6_1T,S10_HYBRID,displacement,Y,0.031367240473628044,0.19044502079486847,0.934065043926239,True,496,207,207,0.0
R2_LHS_02,control,V40_C_E3_C6_1T,S10,velocity,Y,0.3310759365558624,0.6233119368553162,1.3919456005096436,True,496,265,265,0.0
R2_LHS_02,control,V40_C_E3_C6_1T,S10_HYBRID,displacement,Z,0.01947628613561392,0.04358019158244134,1.0757603645324707,True,508,72,72,0.0
R2_LHS_02,control,V40_C_E3_C6_1T,S10,velocity,Z,0.20459312945604324,0.2878947645425797,1.5813636779785156,True,508,265,265,0.0
R2_LHS_02,control,V52_A_E3_C6_1T,S10_HYBRID,displacement,X,0.084473367780447,0.20853296667337418,0.700656533241272,True,496,433,433,0.0
R2_LHS_02,control,V52_A_E3_C6_1T,S10,velocity,X,0.6275694966316223,0.8193770945072174,1.0645074844360352,True,496,70,50,135.0
R2_LHS_02,control,V52_A_E3_C6_1T,S10_HYBRID,displacement,Y,0.02370002306997776,0.16844452172517776,1.013562798500061,True,496,207,207,0.0
R2_LHS_02,control,V52_A_E3_C6_1T,S10,velocity,Y,0.39487744867801666,0.5881675183773041,1.2919187545776367,True,496,265,296,135.0166118112963
R2_LHS_02,control,V52_A_E3_C6_1T,S10_HYBRID,displacement,Z,0.01530920946970582,0.031169289909303195,0.6167522668838501,True,508,72,72,0.0
R2_LHS_02,control,V52_A_E3_C6_1T,S10,velocity,Z,0.18536552786827087,0.25884484946727754,1.2547129392623901,True,508,265,265,0.0
R2_LHS_02,control,V52_B_E3_C6_1T,S10_HYBRID,displacement,X,0.0892578586935997,0.2060929462313652,0.7208056449890137,True,496,433,433,0.0
R2_LHS_02,control,V52_B_E3_C6_1T,S10,velocity,X,0.5431073606014252,0.7439762651920319,0.9521982669830322,True,496,50,50,0.0
R2_LHS_02,control,V52_B_E3_C6_1T,S10_HYBRID,displacement,Y,0.0248041320592165,0.14200318604707718,0.5657838582992554,True,496,207,207,0.0
R2_LHS_02,control,V52_B_E3_C6_1T,S10,velocity,Y,0.3341232091188431,0.5157032907009125,1.041563868522644,True,496,265,198,135.0166118112963
R2_LHS_02,control,V52_B_E3_C6_1T,S10_HYBRID,displacement,Z,0.014233492780476809,0.025049429200589658,0.5780239105224609,True,508,1,72,0.5240000000000045
R2_LHS_02,control,V52_B_E3_C6_1T,S10,velocity,Z,0.18217827379703522,0.2526328206062317,1.0296744108200073,True,508,265,265,0.0
R2_LHS_02,control,V52_CPLUS_E3_C6_1T,S10_HYBRID,displacement,X,0.13857118040323257,0.38283631205558777,1.1854972839355469,True,496,433,433,0.0
R2_LHS_02,control,V52_CPLUS_E3_C6_1T,S10,velocity,X,0.5378616750240326,0.7433159649372101,0.928896963596344,True,496,70,50,135.0
R2_LHS_02,control,V52_CPLUS_E3_C6_1T,S10_HYBRID,displacement,Y,0.08274337649345398,0.3070332705974579,2.4322404861450195,True,496,206,207,6.983226270712748
R2_LHS_02,control,V52_CPLUS_E3_C6_1T,S10,velocity,Y,0.29323574900627136,0.5386257469654083,1.0242842435836792,True,496,271,266,135.0
R2_LHS_02,control,V52_CPLUS_E3_C6_1T,S10_HYBRID,displacement,Z,0.08449558913707733,0.13009952902793884,0.7854375243186951,True,508,72,72,0.0
R2_LHS_02,control,V52_CPLUS_E3_C6_1T,S10,velocity,Z,0.21761715412139893,0.2935465067625046,1.19757080078125,True,508,265,265,0.0
R2_LHS_02,control,V52_C_E3_C6_1T,S10_HYBRID,displacement,X,0.14255589246749878,0.36917635798454285,1.188145399093628,True,496,433,433,0.0
R2_LHS_02,control,V52_C_E3_C6_1T,S10,velocity,X,0.5356175005435944,0.7367060482501984,0.9814171195030212,True,496,50,70,135.0
R2_LHS_02,control,V52_C_E3_C6_1T,S10_HYBRID,displacement,Y,0.07188307121396065,0.283442422747612,2.2506091594696045,True,496,206,207,6.983226270712748
R2_LHS_02,control,V52_C_E3_C6_1T,S10,velocity,Y,0.30908316373825073,0.5421949326992035,1.0343316793441772,True,496,266,266,0.0
R2_LHS_02,control,V52_C_E3_C6_1T,S10_HYBRID,displacement,Z,0.06696994230151176,0.10512056946754457,0.9260114431381226,True,508,72,72,0.0
R2_LHS_02,control,V52_C_E3_C6_1T,S10,velocity,Z,0.19701340794563293,0.26748869419097904,1.156795620918274,True,508,265,265,0.0
R2_LHS_02,control,V40_A_E4_C7_1T,S10_HYBRID,displacement,X,0.025204017758369446,0.06628325209021568,0.2319590151309967,True,496,433,433,0.0
R2_LHS_02,control,V40_A_E4_C7_1T,S10,velocity,X,0.7185351550579071,0.8110779225826263,0.9902750849723816,True,496,70,50,135.0
R2_LHS_02,control,V40_A_E4_C7_1T,S10_HYBRID,displacement,Y,0.058881793171167374,0.26956304907798767,2.449751377105713,True,496,182,207,4.8651837654354875
R2_LHS_02,control,V40_A_E4_C7_1T,S10,velocity,Y,0.3056830167770386,0.6599198579788208,1.0915908813476562,True,496,266,265,135.00458240048846
R2_LHS_02,control,V40_A_E4_C7_1T,S10_HYBRID,displacement,Z,0.05225348845124245,0.08460463583469391,0.9369621872901917,True,508,72,1,0.5240000000000045
R2_LHS_02,control,V40_A_E4_C7_1T,S10,velocity,Z,0.22139042615890503,0.2675962924957276,1.3610824346542358,True,508,265,265,0.0
R2_LHS_02,control,V40_B_E4_C7_1T,S10_HYBRID,displacement,X,0.01780854072421789,0.045320723205804825,0.11876887083053589,True,496,433,433,0.0
R2_LHS_02,control,V40_B_E4_C7_1T,S10,velocity,X,0.7421950697898865,0.8622834980487823,1.0029175281524658,True,496,70,50,135.0
R2_LHS_02,control,V40_B_E4_C7_1T,S10_HYBRID,displacement,Y,0.03720806539058685,0.20033999532461166,0.9503198266029358,True,496,207,207,0.0
R2_LHS_02,control,V40_B_E4_C7_1T,S10,velocity,Y,0.2987319678068161,0.6546327173709869,1.5175894498825073,True,496,265,265,0.0
R2_LHS_02,control,V40_B_E4_C7_1T,S10_HYBRID,displacement,Z,0.018091497011482716,0.03144440539181233,0.3210514485836029,True,508,72,1,0.5240000000000045
R2_LHS_02,control,V40_B_E4_C7_1T,S10,velocity,Z,0.1987895891070366,0.2629623502492905,2.350193500518799,True,508,265,265,0.0
R2_LHS_02,control,V40_CPLUS_E4_C7_1T,S10_HYBRID,displacement,X,0.021777166053652763,0.060767436400055885,0.1741493046283722,True,496,433,433,0.0
R2_LHS_02,control,V40_CPLUS_E4_C7_1T,S10,velocity,X,0.5852018296718597,0.7525054812431335,0.9481421113014221,True,496,153,153,0.0
R2_LHS_02,control,V40_CPLUS_E4_C7_1T,S10_HYBRID,displacement,Y,0.03960011526942253,0.2027733400464058,1.040696144104004,True,496,207,207,0.0
R2_LHS_02,control,V40_CPLUS_E4_C7_1T,S10,velocity,Y,0.2754596024751663,0.631233811378479,1.4244576692581177,True,496,265,266,135.00458240048846
R2_LHS_02,control,V40_CPLUS_E4_C7_1T,S10_HYBRID,displacement,Z,0.025771777145564556,0.05241691693663598,1.2998770475387573,True,508,72,1,0.5240000000000045
R2_LHS_02,control,V40_CPLUS_E4_C7_1T,S10,velocity,Z,0.22761639207601547,0.3107119292020798,1.6799875497817993,True,508,265,265,0.0
R2_LHS_02,control,V40_C_E4_C7_1T,S10_HYBRID,displacement,X,0.019674313254654408,0.056862374767661095,0.13236591219902039,True,496,433,433,0.0
R2_LHS_02,control,V40_C_E4_C7_1T,S10,velocity,X,0.6491938233375549,0.7754385471343994,0.9101482629776001,True,496,153,153,0.0
R2_LHS_02,control,V40_C_E4_C7_1T,S10_HYBRID,displacement,Y,0.030419443733990192,0.1624748706817627,0.6702837944030762,True,496,207,207,0.0
R2_LHS_02,control,V40_C_E4_C7_1T,S10,velocity,Y,0.2769787311553955,0.5929992496967316,1.111942172050476,True,496,265,265,0.0
R2_LHS_02,control,V40_C_E4_C7_1T,S10_HYBRID,displacement,Z,0.019690070301294327,0.033585759624838826,0.7505903244018555,True,508,1,1,0.0
R2_LHS_02,control,V40_C_E4_C7_1T,S10,velocity,Z,0.20581042766571045,0.2678236693143845,1.1973146200180054,True,508,265,265,0.0
R2_LHS_02,control,V52_A_E4_C7_1T,S10_HYBRID,displacement,X,0.014000415336340666,0.03788376227021217,0.08401767909526825,True,496,433,503,3.660046115141711
R2_LHS_02,control,V52_A_E4_C7_1T,S10,velocity,X,0.7977285087108612,0.8921361863613129,0.9775324463844299,True,496,50,70,135.0
R2_LHS_02,control,V52_A_E4_C7_1T,S10_HYBRID,displacement,Y,0.027721665799617767,0.14599473774433136,0.5400018095970154,True,496,207,207,0.0
R2_LHS_02,control,V52_A_E4_C7_1T,S10,velocity,Y,0.2958291321992874,0.5421159863471985,1.058410406112671,True,496,266,265,135.00458240048846
R2_LHS_02,control,V52_A_E4_C7_1T,S10_HYBRID,displacement,Z,0.016230758279561996,0.02486449908465147,0.48664945363998413,True,508,1,1,0.0
R2_LHS_02,control,V52_A_E4_C7_1T,S10,velocity,Z,0.16854508966207504,0.232335813343525,1.1000772714614868,True,508,265,265,0.0
R2_LHS_02,control,V52_B_E4_C7_1T,S10_HYBRID,displacement,X,0.017020144499838352,0.03444674797356129,0.1022249385714531,True,496,503,503,0.0
R2_LHS_02,control,V52_B_E4_C7_1T,S10,velocity,X,0.7637657821178436,0.8617247641086578,0.9448807239532471,True,496,50,50,0.0
R2_LHS_02,control,V52_B_E4_C7_1T,S10_HYBRID,displacement,Y,0.030239595100283623,0.15703003108501434,1.0798557996749878,True,496,207,207,0.0
R2_LHS_02,control,V52_B_E4_C7_1T,S10,velocity,Y,0.28523461520671844,0.5531355440616608,1.3833489418029785,True,496,266,265,135.00458240048846
R2_LHS_02,control,V52_B_E4_C7_1T,S10_HYBRID,displacement,Z,0.018702615052461624,0.02881845533847809,0.29517605900764465,True,508,1,1,0.0
R2_LHS_02,control,V52_B_E4_C7_1T,S10,velocity,Z,0.1704186573624611,0.24098693132400514,1.2819874286651611,True,508,265,265,0.0
R2_LHS_02,control,V52_CPLUS_E4_C7_1T,S10_HYBRID,displacement,X,0.01804118137806654,0.04906455613672733,0.13977696001529694,True,496,503,503,0.0
R2_LHS_02,control,V52_CPLUS_E4_C7_1T,S10,velocity,X,0.6559708118438721,0.7667817175388336,0.956322193145752,True,496,70,153,0.524
R2_LHS_02,control,V52_CPLUS_E4_C7_1T,S10_HYBRID,displacement,Y,0.03420008532702923,0.17042049765586853,0.7753955125808716,True,496,207,207,0.0
R2_LHS_02,control,V52_CPLUS_E4_C7_1T,S10,velocity,Y,0.25461535155773163,0.5600390434265137,1.885236382484436,True,496,265,265,0.0
R2_LHS_02,control,V52_CPLUS_E4_C7_1T,S10_HYBRID,displacement,Z,0.018181505613029003,0.035828115046024324,0.3915436863899231,True,508,361,1,8.335999999999995
R2_LHS_02,control,V52_CPLUS_E4_C7_1T,S10,velocity,Z,0.190661258995533,0.2855384945869446,1.647405743598938,True,508,265,265,0.0
R2_LHS_02,control,V52_C_E4_C7_1T,S10_HYBRID,displacement,X,0.018519681878387928,0.038676781579852104,0.11905462294816971,True,496,503,503,0.0
R2_LHS_02,control,V52_C_E4_C7_1T,S10,velocity,X,0.7496800720691681,0.845307469367981,0.9510268568992615,True,496,50,50,0.0
R2_LHS_02,control,V52_C_E4_C7_1T,S10_HYBRID,displacement,Y,0.031554682180285454,0.1588866263628006,0.9799041748046875,True,496,207,207,0.0
R2_LHS_02,control,V52_C_E4_C7_1T,S10,velocity,Y,0.26469163596630096,0.5449174344539642,1.5151166915893555,True,496,265,266,135.00458240048846
R2_LHS_02,control,V52_C_E4_C7_1T,S10_HYBRID,displacement,Z,0.01728901732712984,0.027110035903751852,0.32656484842300415,True,508,1,1,0.0
R2_LHS_02,control,V52_C_E4_C7_1T,S10,velocity,Z,0.16535133868455887,0.24141466617584229,1.274767279624939,True,508,265,265,0.0
R2_LHS_02,control,V40_A_E5_C9_1T,S10_HYBRID,displacement,X,0.0271903732791543,0.07177505269646645,0.23837047815322876,True,496,433,433,0.0
R2_LHS_02,control,V40_A_E5_C9_1T,S10,velocity,X,0.7173418700695038,0.8214341998100281,0.9502435922622681,True,496,50,153,135.00101694431785
R2_LHS_02,control,V40_A_E5_C9_1T,S10_HYBRID,displacement,Y,0.0782976970076561,0.28724920749664307,2.5207810401916504,True,496,207,207,0.0
R2_LHS_02,control,V40_A_E5_C9_1T,S10,velocity,Y,0.3258948475122452,0.6669605374336243,1.0742107629776,True,496,266,265,135.00458240048846
R2_LHS_02,control,V40_A_E5_C9_1T,S10_HYBRID,displacement,Z,0.069480299949646,0.10194983631372452,0.9981982111930847,True,508,224,1,4.43
R2_LHS_02,control,V40_A_E5_C9_1T,S10,velocity,Z,0.21818948537111282,0.2658746689558029,1.3694835901260376,True,508,265,265,0.0
R2_LHS_02,control,V40_B_E5_C9_1T,S10_HYBRID,displacement,X,0.029979316517710686,0.07554694265127182,0.25247761607170105,True,496,433,433,0.0
R2_LHS_02,control,V40_B_E5_C9_1T,S10,velocity,X,0.6210343837738037,0.7226710021495819,0.9225338101387024,True,496,50,153,135.00101694431785
R2_LHS_02,control,V40_B_E5_C9_1T,S10_HYBRID,displacement,Y,0.07956375926733017,0.2956697642803192,2.4308857917785645,True,496,207,207,0.0
R2_LHS_02,control,V40_B_E5_C9_1T,S10,velocity,Y,0.3062799572944641,0.6233749687671661,1.0633481740951538,True,496,266,217,135.00596598669262
R2_LHS_02,control,V40_B_E5_C9_1T,S10_HYBRID,displacement,Z,0.07407146692276001,0.10800936371088028,1.0276206731796265,True,508,224,1,4.43
R2_LHS_02,control,V40_B_E5_C9_1T,S10,velocity,Z,0.22014189511537552,0.2901755511760712,1.4693331718444824,True,508,265,265,0.0
R2_LHS_02,control,V40_CPLUS_E5_C9_1T,S10_HYBRID,displacement,X,0.02339066658169031,0.053795160725712776,0.15849094092845917,True,496,433,433,0.0
R2_LHS_02,control,V40_CPLUS_E5_C9_1T,S10,velocity,X,0.5756295323371887,0.7242168188095093,0.9250566363334656,True,496,70,50,135.0
R2_LHS_02,control,V40_CPLUS_E5_C9_1T,S10_HYBRID,displacement,Y,0.05282330513000488,0.1809612140059471,0.7797621488571167,True,496,207,207,0.0
R2_LHS_02,control,V40_CPLUS_E5_C9_1T,S10,velocity,Y,0.29207950830459595,0.6378033459186554,1.5495296716690063,True,496,265,198,135.0166118112963
R2_LHS_02,control,V40_CPLUS_E5_C9_1T,S10_HYBRID,displacement,Z,0.03064962476491928,0.04371400251984597,0.4262053370475769,True,508,72,1,0.5240000000000045
R2_LHS_02,control,V40_CPLUS_E5_C9_1T,S10,velocity,Z,0.22896397858858109,0.3174684256315232,2.442058563232422,True,508,265,265,0.0
R2_LHS_02,control,V40_C_E5_C9_1T,S10_HYBRID,displacement,X,0.019383637234568596,0.05606620945036411,0.13344009220600128,True,496,433,433,0.0
R2_LHS_02,control,V40_C_E5_C9_1T,S10,velocity,X,0.5604462921619415,0.68243408203125,0.9214310050010681,True,496,153,153,0.0
R2_LHS_02,control,V40_C_E5_C9_1T,S10_HYBRID,displacement,Y,0.029853624291718006,0.1727873608469963,0.7267786264419556,True,496,207,207,0.0
R2_LHS_02,control,V40_C_E5_C9_1T,S10,velocity,Y,0.2894301861524582,0.5754035413265228,1.1011810302734375,True,496,265,265,0.0
R2_LHS_02,control,V40_C_E5_C9_1T,S10_HYBRID,displacement,Z,0.019757273606956005,0.03307152651250363,0.7351921796798706,True,508,224,1,4.43
R2_LHS_02,control,V40_C_E5_C9_1T,S10,velocity,Z,0.212026908993721,0.2684057801961899,1.1443555355072021,True,508,265,265,0.0
R2_LHS_02,control,V52_A_E5_C9_1T,S10_HYBRID,displacement,X,0.01347755640745163,0.0386478453874588,0.0870521143078804,True,496,433,503,3.660046115141711
R2_LHS_02,control,V52_A_E5_C9_1T,S10,velocity,X,0.6571726500988007,0.7622928321361542,0.9249542951583862,True,496,50,70,135.0
R2_LHS_02,control,V52_A_E5_C9_1T,S10_HYBRID,displacement,Y,0.025771050713956356,0.15029700845479965,0.5981273055076599,True,496,207,207,0.0
R2_LHS_02,control,V52_A_E5_C9_1T,S10,velocity,Y,0.2891295254230499,0.5408351421356201,1.0683355331420898,True,496,266,265,135.00458240048846
R2_LHS_02,control,V52_A_E5_C9_1T,S10_HYBRID,displacement,Z,0.01454102573916316,0.023972702212631702,0.4750531315803528,True,508,1,1,0.0
R2_LHS_02,control,V52_A_E5_C9_1T,S10,velocity,Z,0.16619186103343964,0.22647418826818472,1.103149652481079,True,508,265,265,0.0
R2_LHS_02,control,V52_B_E5_C9_1T,S10_HYBRID,displacement,X,0.015893162228167057,0.04223911091685295,0.1193467229604721,True,496,503,503,0.0
R2_LHS_02,control,V52_B_E5_C9_1T,S10,velocity,X,0.7072359025478363,0.7974027991294861,0.938226580619812,True,496,70,50,135.0
R2_LHS_02,control,V52_B_E5_C9_1T,S10_HYBRID,displacement,Y,0.029639271087944508,0.17630046606063843,0.9476113319396973,True,496,207,207,0.0
R2_LHS_02,control,V52_B_E5_C9_1T,S10,velocity,Y,0.26441219449043274,0.5685889720916748,1.3549671173095703,True,496,271,265,1.112326
R2_LHS_02,control,V52_B_E5_C9_1T,S10_HYBRID,displacement,Z,0.016921143047511578,0.034458997473120694,0.8103877902030945,True,508,72,1,0.5240000000000045
R2_LHS_02,control,V52_B_E5_C9_1T,S10,velocity,Z,0.1643870547413826,0.24551473110914235,1.3639267683029175,True,508,265,265,0.0
R2_LHS_02,control,V52_CPLUS_E5_C9_1T,S10_HYBRID,displacement,X,0.018219351768493652,0.03855614736676216,0.13467881083488464,True,496,503,503,0.0
R2_LHS_02,control,V52_CPLUS_E5_C9_1T,S10,velocity,X,0.5957028269767761,0.6799546480178833,0.9113934636116028,True,496,50,70,135.0
R2_LHS_02,control,V52_CPLUS_E5_C9_1T,S10_HYBRID,displacement,Y,0.030717057175934315,0.14969095587730408,0.8784351348876953,True,496,207,207,0.0
R2_LHS_02,control,V52_CPLUS_E5_C9_1T,S10,velocity,Y,0.2590475082397461,0.5458692312240601,1.7780177593231201,True,496,266,271,135.0
R2_LHS_02,control,V52_CPLUS_E5_C9_1T,S10_HYBRID,displacement,Z,0.01912092138081789,0.030002786777913574,0.33336141705513,True,508,1,1,0.0
R2_LHS_02,control,V52_CPLUS_E5_C9_1T,S10,velocity,Z,0.18866810202598572,0.25538357198238376,1.3033983707427979,True,508,265,265,0.0
R2_LHS_02,control,V52_C_E5_C9_1T,S10_HYBRID,displacement,X,0.018980225548148155,0.04496663250029087,0.11922001093626022,True,496,503,503,0.0
R2_LHS_02,control,V52_C_E5_C9_1T,S10,velocity,X,0.7338375151157379,0.8143962025642395,0.9588692784309387,True,496,50,50,0.0
R2_LHS_02,control,V52_C_E5_C9_1T,S10_HYBRID,displacement,Y,0.043058911338448524,0.1923561543226242,0.9073354601860046,True,496,207,207,0.0
R2_LHS_02,control,V52_C_E5_C9_1T,S10,velocity,Y,0.2699730545282364,0.5549613237380981,1.749732494354248,True,496,266,266,0.0
R2_LHS_02,control,V52_C_E5_C9_1T,S10_HYBRID,displacement,Z,0.022957993671298027,0.03570828698575497,0.37559354305267334,True,508,361,1,8.335999999999995
R2_LHS_02,control,V52_C_E5_C9_1T,S10,velocity,Z,0.18099573999643326,0.2770172536373139,1.517456293106079,True,508,265,265,0.0
R2_LHS_02,control,V40_A_E6_C10_1T,S10_HYBRID,displacement,X,0.09036996588110924,0.21872656047344208,0.9985213279724121,True,496,433,433,0.0
R2_LHS_02,control,V40_A_E6_C10_1T,S10,velocity,X,0.4683389812707901,0.694627434015274,1.0120573043823242,True,496,70,153,0.524
R2_LHS_02,control,V40_A_E6_C10_1T,S10_HYBRID,displacement,Y,0.030668526887893677,0.18937816470861435,0.9807479381561279,True,496,207,207,0.0
R2_LHS_02,control,V40_A_E6_C10_1T,S10,velocity,Y,0.3715774714946747,0.6341200172901154,1.3155019283294678,True,496,265,217,2.117891640824903
R2_LHS_02,control,V40_A_E6_C10_1T,S10_HYBRID,displacement,Z,0.014429722912609577,0.02677668333053589,0.2187524139881134,True,508,72,72,0.0
R2_LHS_02,control,V40_A_E6_C10_1T,S10,velocity,Z,0.18412944674491882,0.24982539117336275,2.3446083068847656,True,508,265,265,0.0
R2_LHS_02,control,V40_B_E6_C10_1T,S10_HYBRID,displacement,X,0.08520455285906792,0.21386614441871643,0.6854357719421387,True,496,433,433,0.0
R2_LHS_02,control,V40_B_E6_C10_1T,S10,velocity,X,0.4487888813018799,0.6556570529937744,0.973005473613739,True,496,70,50,135.0
R2_LHS_02,control,V40_B_E6_C10_1T,S10_HYBRID,displacement,Y,0.026238489896059036,0.17817053198814392,0.8261411190032959,True,496,207,207,0.0
R2_LHS_02,control,V40_B_E6_C10_1T,S10,velocity,Y,0.346365287899971,0.6217152774333954,1.4681107997894287,True,496,265,198,135.0166118112963
R2_LHS_02,control,V40_B_E6_C10_1T,S10_HYBRID,displacement,Z,0.016271136701107025,0.036500274389982226,0.9301613569259644,True,508,72,72,0.0
R2_LHS_02,control,V40_B_E6_C10_1T,S10,velocity,Z,0.1879138946533203,0.26475278139114383,1.3903394937515259,True,508,265,265,0.0
R2_LHS_02,control,V40_CPLUS_E6_C10_1T,S10_HYBRID,displacement,X,0.09146317467093468,0.19783896207809448,0.6533907651901245,True,496,433,433,0.0
R2_LHS_02,control,V40_CPLUS_E6_C10_1T,S10,velocity,X,0.47958721220493317,0.6795188784599304,0.9448025226593018,True,496,50,153,135.00101694431785
R2_LHS_02,control,V40_CPLUS_E6_C10_1T,S10_HYBRID,displacement,Y,0.03650690242648125,0.16070028394460678,0.7137861847877502,True,496,207,207,0.0
R2_LHS_02,control,V40_CPLUS_E6_C10_1T,S10,velocity,Y,0.2972884476184845,0.6101125478744507,1.4573782682418823,True,496,266,265,135.00458240048846
R2_LHS_02,control,V40_CPLUS_E6_C10_1T,S10_HYBRID,displacement,Z,0.024820896796882153,0.03479519449174404,0.33255743980407715,True,508,1,72,0.5240000000000045
R2_LHS_02,control,V40_CPLUS_E6_C10_1T,S10,velocity,Z,0.2248939424753189,0.30274229347705844,1.3865283727645874,True,508,265,265,0.0
R2_LHS_02,control,V40_C_E6_C10_1T,S10_HYBRID,displacement,X,0.0988469310104847,0.20290925353765488,0.7529706358909607,True,496,433,433,0.0
R2_LHS_02,control,V40_C_E6_C10_1T,S10,velocity,X,0.45280152559280396,0.6707955598831177,0.9369992017745972,True,496,50,511,135.2904268601441
R2_LHS_02,control,V40_C_E6_C10_1T,S10_HYBRID,displacement,Y,0.03422334045171738,0.1604902669787407,0.7196798324584961,True,496,207,207,0.0
R2_LHS_02,control,V40_C_E6_C10_1T,S10,velocity,Y,0.31901267170906067,0.6077289283275604,1.4388601779937744,True,496,266,265,135.00458240048846
R2_LHS_02,control,V40_C_E6_C10_1T,S10_HYBRID,displacement,Z,0.0225709592923522,0.03197547495365143,0.3301911950111389,True,508,1,72,0.5240000000000045
R2_LHS_02,control,V40_C_E6_C10_1T,S10,velocity,Z,0.2310047447681427,0.300343918800354,1.2373931407928467,True,508,265,265,0.0
R2_LHS_02,control,V52_A_E6_C10_1T,S10_HYBRID,displacement,X,0.14504055678844452,0.3964972198009491,1.2664642333984375,True,496,433,433,0.0
R2_LHS_02,control,V52_A_E6_C10_1T,S10,velocity,X,0.5880751311779022,0.780603438615799,1.0414087772369385,True,496,50,50,0.0
R2_LHS_02,control,V52_A_E6_C10_1T,S10_HYBRID,displacement,Y,0.05156942084431648,0.25945308804512024,2.389638900756836,True,496,206,207,6.983226270712748
R2_LHS_02,control,V52_A_E6_C10_1T,S10,velocity,Y,0.37916578352451324,0.5876276791095734,1.0174601078033447,True,496,265,198,135.0166118112963
R2_LHS_02,control,V52_A_E6_C10_1T,S10_HYBRID,displacement,Z,0.05198707990348339,0.0872737318277359,0.9266015887260437,True,508,224,72,3.9059999999999957
R2_LHS_02,control,V52_A_E6_C10_1T,S10,velocity,Z,0.19375375658273697,0.2655931532382965,1.1991549730300903,True,508,265,265,0.0
R2_LHS_02,control,V52_B_E6_C10_1T,S10_HYBRID,displacement,X,0.10380659997463226,0.21926917880773544,0.7470251321792603,True,496,433,433,0.0
R2_LHS_02,control,V52_B_E6_C10_1T,S10,velocity,X,0.5529755055904388,0.7361911237239838,0.9392984509468079,True,496,50,50,0.0
R2_LHS_02,control,V52_B_E6_C10_1T,S10_HYBRID,displacement,Y,0.02654283307492733,0.1535562053322792,0.5799822807312012,True,496,207,207,0.0
R2_LHS_02,control,V52_B_E6_C10_1T,S10,velocity,Y,0.31301547586917877,0.5113561451435089,1.034425973892212,True,496,265,198,135.0166118112963
R2_LHS_02,control,V52_B_E6_C10_1T,S10_HYBRID,displacement,Z,0.014329212252050638,0.024075624532997608,0.5693960189819336,True,508,1,72,0.5240000000000045
R2_LHS_02,control,V52_B_E6_C10_1T,S10,velocity,Z,0.18107254803180695,0.24688483476638795,1.020415186882019,True,508,265,265,0.0
R2_LHS_02,control,V52_CPLUS_E6_C10_1T,S10_HYBRID,displacement,X,0.08556993305683136,0.1867118999361992,0.8758475184440613,True,496,433,433,0.0
R2_LHS_02,control,V52_CPLUS_E6_C10_1T,S10,velocity,X,0.5797329545021057,0.7739048004150391,0.9501181840896606,True,496,70,50,135.0
R2_LHS_02,control,V52_CPLUS_E6_C10_1T,S10_HYBRID,displacement,Y,0.033252257853746414,0.17374876141548157,0.7797402143478394,True,496,207,207,0.0
R2_LHS_02,control,V52_CPLUS_E6_C10_1T,S10,velocity,Y,0.26892314851284027,0.5715051591396332,1.867697834968567,True,496,265,265,0.0
R2_LHS_02,control,V52_CPLUS_E6_C10_1T,S10_HYBRID,displacement,Z,0.01825691480189562,0.03472512923181057,0.3740521967411041,True,508,72,72,0.0
R2_LHS_02,control,V52_CPLUS_E6_C10_1T,S10,velocity,Z,0.2002292275428772,0.2914695292711258,1.6940315961837769,True,508,265,265,0.0
R2_LHS_02,control,V52_C_E6_C10_1T,S10_HYBRID,displacement,X,0.0845341682434082,0.20833659172058105,0.7046951055526733,True,496,433,433,0.0
R2_LHS_02,control,V52_C_E6_C10_1T,S10,velocity,X,0.5778419375419617,0.7688392996788025,1.0423749685287476,True,496,70,50,135.0
R2_LHS_02,control,V52_C_E6_C10_1T,S10_HYBRID,displacement,Y,0.03055338840931654,0.17709611356258392,0.9545927047729492,True,496,207,207,0.0
R2_LHS_02,control,V52_C_E6_C10_1T,S10,velocity,Y,0.31413398683071136,0.5770854353904724,1.3316688537597656,True,496,265,266,135.00458240048846
R2_LHS_02,control,V52_C_E6_C10_1T,S10_HYBRID,displacement,Z,0.01809778530150652,0.039816394448280334,0.9621519446372986,True,508,72,72,0.0
R2_LHS_02,control,V52_C_E6_C10_1T,S10,velocity,Z,0.1867404207587242,0.2728725373744965,1.422608494758606,True,508,265,265,0.0
R2_LHS_02,control,V40_A_E7_C11_2T,S10_HYBRID,displacement,X,0.015746545046567917,0.037011994048953056,0.0721050575375557,True,496,433,433,0.0
R2_LHS_02,control,V40_A_E7_C11_2T,S10,velocity,X,0.7023656368255615,0.8239826560020447,0.8760509490966797,True,496,50,50,0.0
R2_LHS_02,control,V40_A_E7_C11_2T,S10_HYBRID,displacement,Y,0.03554985672235489,0.1515800580382347,0.41626426577568054,True,496,207,280,1.0347168233735533
R2_LHS_02,control,V40_A_E7_C11_2T,S10,velocity,Y,0.24936676025390625,0.5059016644954681,1.3210755586624146,True,496,266,265,135.00458240048846
R2_LHS_02,control,V40_A_E7_C11_2T,S10_HYBRID,displacement,Z,0.03286312706768513,0.049410080164670946,1.2161827087402344,True,508,443,443,0.0
R2_LHS_02,control,V40_A_E7_C11_2T,S10,velocity,Z,0.2445320263504982,0.3303951770067215,2.046794891357422,True,508,265,265,0.0
R2_LHS_02,control,V40_B_E7_C11_2T,S10_HYBRID,displacement,X,0.016288645565509796,0.036680979654192924,0.07781773805618286,True,496,433,433,0.0
R2_LHS_02,control,V40_B_E7_C11_2T,S10,velocity,X,0.5986144840717316,0.7489268183708191,0.8987427353858948,True,496,493,493,0.0
R2_LHS_02,control,V40_B_E7_C11_2T,S10_HYBRID,displacement,Y,0.02865548897534609,0.11930956318974495,0.33097854256629944,True,496,280,280,0.0
R2_LHS_02,control,V40_B_E7_C11_2T,S10,velocity,Y,0.22326142340898514,0.4467793405056,1.0273467302322388,True,496,265,296,135.0166118112963
R2_LHS_02,control,V40_B_E7_C11_2T,S10_HYBRID,displacement,Z,0.023912226781249046,0.03908557780086994,0.8253093361854553,True,508,72,443,8.336000000000006
R2_LHS_02,control,V40_B_E7_C11_2T,S10,velocity,Z,0.2178746834397316,0.2855488657951355,1.1173266172409058,True,508,265,265,0.0
R2_LHS_02,control,V40_CPLUS_E7_C11_2T,S10_HYBRID,displacement,X,0.02304899226874113,0.050594935193657875,0.1183859184384346,True,496,433,433,0.0
R2_LHS_02,control,V40_CPLUS_E7_C11_2T,S10,velocity,X,0.5679171979427338,0.7407777905464172,0.8800041675567627,True,496,70,493,135.2904268601441
R2_LHS_02,control,V40_CPLUS_E7_C11_2T,S10_HYBRID,displacement,Y,0.053714385256171227,0.1460990086197853,0.419804185628891,True,496,280,280,0.0
R2_LHS_02,control,V40_CPLUS_E7_C11_2T,S10,velocity,Y,0.2197885513305664,0.4412347823381424,1.1786670684814453,True,496,266,266,0.0
R2_LHS_02,control,V40_CPLUS_E7_C11_2T,S10_HYBRID,displacement,Z,0.04832402616739273,0.06430177018046379,0.9893175959587097,True,508,443,443,0.0
R2_LHS_02,control,V40_CPLUS_E7_C11_2T,S10,velocity,Z,0.2343670204281807,0.31055238246917727,2.456669330596924,True,508,265,265,0.0
R2_LHS_02,control,V40_C_E7_C11_2T,S10_HYBRID,displacement,X,0.02093472331762314,0.04607846587896347,0.0991903766989708,True,496,433,433,0.0
R2_LHS_02,control,V40_C_E7_C11_2T,S10,velocity,X,0.5776289403438568,0.7422921359539032,0.8668413758277893,True,496,50,153,135.00101694431785
R2_LHS_02,control,V40_C_E7_C11_2T,S10_HYBRID,displacement,Y,0.05700656399130821,0.15165244042873383,0.4565231502056122,True,496,280,280,0.0
R2_LHS_02,control,V40_C_E7_C11_2T,S10,velocity,Y,0.23241619020700455,0.4281328469514847,1.1848068237304688,True,496,266,316,135.00596598669262
R2_LHS_02,control,V40_C_E7_C11_2T,S10_HYBRID,displacement,Z,0.05052202008664608,0.06296981945633888,0.8911253809928894,True,508,443,443,0.0
R2_LHS_02,control,V40_C_E7_C11_2T,S10,velocity,Z,0.23285091668367386,0.3149524331092835,2.4280643463134766,True,508,265,265,0.0
R2_LHS_02,control,V52_A_E7_C11_2T,S10_HYBRID,displacement,X,0.016166341491043568,0.03337614797055721,0.07146026194095612,True,496,36,60,4.792009909719341
R2_LHS_02,control,V52_A_E7_C11_2T,S10,velocity,X,0.596464067697525,0.7684873342514038,0.8722421526908875,True,496,50,50,0.0
R2_LHS_02,control,V52_A_E7_C11_2T,S10_HYBRID,displacement,Y,0.04912537522614002,0.16338817030191422,0.7218267321586609,True,496,207,280,1.0347168233735533
R2_LHS_02,control,V52_A_E7_C11_2T,S10,velocity,Y,0.22074518352746964,0.41224370896816254,1.9423637390136719,True,496,266,198,1.2691934446726394
R2_LHS_02,control,V52_A_E7_C11_2T,S10_HYBRID,displacement,Z,0.039413781836628914,0.07535311207175255,1.164121150970459,True,508,1,443,8.86000000000001
R2_LHS_02,control,V52_A_E7_C11_2T,S10,velocity,Z,0.20147070288658142,0.2793752014636994,1.3871986865997314,True,508,265,265,0.0
R2_LHS_02,control,V52_B_E7_C11_2T,S10_HYBRID,displacement,X,0.03103388100862503,0.05866645462810993,0.14104241132736206,True,496,503,36,9.902761372205656
R2_LHS_02,control,V52_B_E7_C11_2T,S10,velocity,X,0.6275174021720886,0.8012392520904541,0.91836017370224,True,496,511,50,135.2904268601441
R2_LHS_02,control,V52_B_E7_C11_2T,S10_HYBRID,displacement,Y,0.0866113193333149,0.2647075802087784,0.8069627285003662,True,496,306,280,1.034716823373547
R2_LHS_02,control,V52_B_E7_C11_2T,S10,velocity,Y,0.20446933060884476,0.40808022022247314,1.1034640073776245,True,496,265,198,135.0166118112963
R2_LHS_02,control,V52_B_E7_C11_2T,S10_HYBRID,displacement,Z,0.08193259686231613,0.11715898886322976,2.1118505001068115,True,508,443,443,0.0
R2_LHS_02,control,V52_B_E7_C11_2T,S10,velocity,Z,0.17012090981006622,0.2533644467592239,1.2558729648590088,True,508,265,265,0.0
R2_LHS_02,control,V52_CPLUS_E7_C11_2T,S10_HYBRID,displacement,X,0.040308959782123566,0.08864730596542358,0.20455771684646606,True,496,503,208,10.30760891233149
R2_LHS_02,control,V52_CPLUS_E7_C11_2T,S10,velocity,X,0.6119463443756104,0.7553475797176361,0.9078105688095093,True,496,70,511,8.86000000000001
R2_LHS_02,control,V52_CPLUS_E7_C11_2T,S10_HYBRID,displacement,Y,0.0861588679254055,0.2634415179491043,0.9308369159698486,True,496,280,280,0.0
R2_LHS_02,control,V52_CPLUS_E7_C11_2T,S10,velocity,Y,0.18885505944490433,0.4151736795902252,1.1116044521331787,True,496,271,266,135.0
R2_LHS_02,control,V52_CPLUS_E7_C11_2T,S10_HYBRID,displacement,Z,0.08143102750182152,0.12647837847471238,2.2457664012908936,True,508,443,1,8.86000000000001
R2_LHS_02,control,V52_CPLUS_E7_C11_2T,S10,velocity,Z,0.16648386418819427,0.23977839201688772,1.3397785425186157,True,508,265,265,0.0
R2_LHS_02,control,V52_C_E7_C11_2T,S10_HYBRID,displacement,X,0.015223120339214802,0.0376384723931551,0.08779111504554749,True,496,208,36,8.556802959534613
R2_LHS_02,control,V52_C_E7_C11_2T,S10,velocity,X,0.6158474683761597,0.771397590637207,0.9070106148719788,True,496,70,493,135.2904268601441
R2_LHS_02,control,V52_C_E7_C11_2T,S10_HYBRID,displacement,Y,0.03105850238353014,0.14006149023771286,0.4579477608203888,True,496,280,280,0.0
R2_LHS_02,control,V52_C_E7_C11_2T,S10,velocity,Y,0.19773408770561218,0.4017028510570526,1.345615029335022,True,496,265,296,135.0166118112963
R2_LHS_02,control,V52_C_E7_C11_2T,S10_HYBRID,displacement,Z,0.030538628809154034,0.04678546562790871,1.2026851177215576,True,508,443,443,0.0
R2_LHS_02,control,V52_C_E7_C11_2T,S10,velocity,Z,0.15597862005233765,0.24885823130607612,1.5875121355056763,True,508,265,265,0.0
R2_LHS_02,control,V40_A_E8_C12_2T,S10_HYBRID,displacement,X,0.10864191502332687,0.23833203315734863,0.5583467483520508,True,496,187,187,0.0
R2_LHS_02,control,V40_A_E8_C12_2T,S10,velocity,X,0.42148154973983765,0.6692937910556793,0.9058976769447327,True,496,50,50,0.0
R2_LHS_02,control,V40_A_E8_C12_2T,S10_HYBRID,displacement,Y,0.03542480058968067,0.13306781649589539,0.3146912455558777,True,496,280,280,0.0
R2_LHS_02,control,V40_A_E8_C12_2T,S10,velocity,Y,0.2403952106833458,0.43934592604637146,0.9927161335945129,True,496,265,266,135.00458240048846
R2_LHS_02,control,V40_A_E8_C12_2T,S10_HYBRID,displacement,Z,0.035993076860904694,0.04819903261959553,0.7985602021217346,True,508,72,361,7.811999999999991
R2_LHS_02,control,V40_A_E8_C12_2T,S10,velocity,Z,0.24032548069953918,0.3286060452461243,1.105948567390442,True,508,265,265,0.0
R2_LHS_02,control,V40_B_E8_C12_2T,S10_HYBRID,displacement,X,0.1316934898495674,0.28910964727401733,0.6266961693763733,True,496,187,187,0.0
R2_LHS_02,control,V40_B_E8_C12_2T,S10,velocity,X,0.4451082795858383,0.7153543829917908,0.9084262847900391,True,496,50,50,0.0
R2_LHS_02,control,V40_B_E8_C12_2T,S10_HYBRID,displacement,Y,0.05771891586482525,0.18105435371398926,0.7710645198822021,True,496,280,280,0.0
R2_LHS_02,control,V40_B_E8_C12_2T,S10,velocity,Y,0.24578313529491425,0.4371953457593918,1.7275127172470093,True,496,266,266,0.0
R2_LHS_02,control,V40_B_E8_C12_2T,S10_HYBRID,displacement,Z,0.04582595266401768,0.08232191726565362,0.913591206073761,True,508,361,361,0.0
R2_LHS_02,control,V40_B_E8_C12_2T,S10,velocity,Z,0.25827835500240326,0.35264877378940584,1.4112210273742676,True,508,265,265,0.0
R2_LHS_02,control,V40_CPLUS_E8_C12_2T,S10_HYBRID,displacement,X,0.1557358279824257,0.2977938950061798,0.5191798210144043,True,496,187,187,0.0
R2_LHS_02,control,V40_CPLUS_E8_C12_2T,S10,velocity,X,0.4360984116792679,0.686771422624588,0.9191624522209167,True,496,493,493,0.0
R2_LHS_02,control,V40_CPLUS_E8_C12_2T,S10_HYBRID,displacement,Y,0.07833819836378098,0.2583427131175995,0.9627243876457214,True,496,306,280,1.034716823373547
R2_LHS_02,control,V40_CPLUS_E8_C12_2T,S10,velocity,Y,0.23300976306200027,0.49761706590652466,1.0106667280197144,True,496,266,296,1.2691934446726394
R2_LHS_02,control,V40_CPLUS_E8_C12_2T,S10_HYBRID,displacement,Z,0.06692905351519585,0.11425483450293542,2.1902315616607666,True,508,443,361,0.5240000000000145
R2_LHS_02,control,V40_CPLUS_E8_C12_2T,S10,velocity,Z,0.25112098455429077,0.32484299242496495,1.353676438331604,True,508,265,265,0.0
R2_LHS_02,control,V40_C_E8_C12_2T,S10_HYBRID,displacement,X,0.08085218816995621,0.15826192498207092,0.3670923113822937,True,496,187,187,0.0
R2_LHS_02,control,V40_C_E8_C12_2T,S10,velocity,X,0.4184160679578781,0.6617617905139923,0.8907960653305054,True,496,153,50,135.00101694431785
R2_LHS_02,control,V40_C_E8_C12_2T,S10_HYBRID,displacement,Y,0.02738049626350403,0.1406414657831192,0.4333511292934418,True,496,280,280,0.0
R2_LHS_02,control,V40_C_E8_C12_2T,S10,velocity,Y,0.23153629153966904,0.43899402022361755,1.2298996448516846,True,496,265,198,135.0166118112963
R2_LHS_02,control,V40_C_E8_C12_2T,S10_HYBRID,displacement,Z,0.02340428065508604,0.03801507279276848,1.0050944089889526,True,508,443,361,0.5240000000000145
R2_LHS_02,control,V40_C_E8_C12_2T,S10,velocity,Z,0.2295064926147461,0.32252546548843386,1.6578389406204224,True,508,265,265,0.0
R2_LHS_02,control,V52_A_E8_C12_2T,S10_HYBRID,displacement,X,0.14475782960653305,0.3598266988992691,0.9757918119430542,True,496,187,187,0.0
R2_LHS_02,control,V52_A_E8_C12_2T,S10,velocity,X,0.5149282217025757,0.8123173117637634,1.0400309562683105,True,496,50,50,0.0
R2_LHS_02,control,V52_A_E8_C12_2T,S10_HYBRID,displacement,Y,0.045799778774380684,0.1747097373008728,0.7234939336776733,True,496,207,280,1.0347168233735533
R2_LHS_02,control,V52_A_E8_C12_2T,S10,velocity,Y,0.24643102288246155,0.40690790116786957,1.895979642868042,True,496,266,266,0.0
R2_LHS_02,control,V52_A_E8_C12_2T,S10_HYBRID,displacement,Z,0.04720347560942173,0.07379845231771472,1.0130451917648315,True,508,72,72,0.0
R2_LHS_02,control,V52_A_E8_C12_2T,S10,velocity,Z,0.24881074577569962,0.34936233758926394,1.263427495956421,True,508,265,265,0.0
R2_LHS_02,control,V52_B_E8_C12_2T,S10_HYBRID,displacement,X,0.07518503442406654,0.14178118109703064,0.29377281665802,True,496,187,187,0.0
R2_LHS_02,control,V52_B_E8_C12_2T,S10,velocity,X,0.4774328023195267,0.7747969925403595,0.92512047290802,True,496,50,50,0.0
R2_LHS_02,control,V52_B_E8_C12_2T,S10_HYBRID,displacement,Y,0.033568331971764565,0.13894470781087875,0.4221850335597992,True,496,280,280,0.0
R2_LHS_02,control,V52_B_E8_C12_2T,S10,velocity,Y,0.22812675684690475,0.3985578268766403,1.383435845375061,True,496,266,266,0.0
R2_LHS_02,control,V52_B_E8_C12_2T,S10_HYBRID,displacement,Z,0.029480350203812122,0.042890716344118125,0.8823376893997192,True,508,224,361,3.9059999999999957
R2_LHS_02,control,V52_B_E8_C12_2T,S10,velocity,Z,0.21545986831188202,0.3173207759857178,1.799816370010376,True,508,265,265,0.0
R2_LHS_02,control,V52_CPLUS_E8_C12_2T,S10_HYBRID,displacement,X,0.09473476186394691,0.20002339780330658,0.41971686482429504,True,496,187,187,0.0
R2_LHS_02,control,V52_CPLUS_E8_C12_2T,S10,velocity,X,0.4655452370643616,0.7404555380344391,0.9012374877929688,True,496,70,50,135.0
R2_LHS_02,control,V52_CPLUS_E8_C12_2T,S10_HYBRID,displacement,Y,0.03169277869164944,0.13153254985809326,0.3775227665901184,True,496,280,280,0.0
R2_LHS_02,control,V52_CPLUS_E8_C12_2T,S10,velocity,Y,0.19349096715450287,0.3984682410955429,1.086384892463684,True,496,265,198,135.0166118112963
R2_LHS_02,control,V52_CPLUS_E8_C12_2T,S10_HYBRID,displacement,Z,0.027914317324757576,0.04698220491409302,0.9111053943634033,True,508,72,361,7.811999999999991
R2_LHS_02,control,V52_CPLUS_E8_C12_2T,S10,velocity,Z,0.17713476717472076,0.24401608109474182,0.9869164228439331,True,508,265,265,0.0
R2_LHS_02,control,V52_C_E8_C12_2T,S10_HYBRID,displacement,X,0.13398895412683487,0.25870735943317413,0.4877032935619354,True,496,187,187,0.0
R2_LHS_02,control,V52_C_E8_C12_2T,S10,velocity,X,0.4837278574705124,0.7567537724971771,1.057322382926941,True,496,511,50,135.2904268601441
R2_LHS_02,control,V52_C_E8_C12_2T,S10_HYBRID,displacement,Y,0.060266679152846336,0.22612638026475906,0.8427596688270569,True,496,306,280,1.034716823373547
R2_LHS_02,control,V52_C_E8_C12_2T,S10,velocity,Y,0.2101597711443901,0.39671649038791656,1.092665433883667,True,496,265,198,135.0166118112963
R2_LHS_02,control,V52_C_E8_C12_2T,S10_HYBRID,displacement,Z,0.05849711038172245,0.10718013718724252,2.1934609413146973,True,508,443,361,0.5240000000000145
R2_LHS_02,control,V52_C_E8_C12_2T,S10,velocity,Z,0.1913917437195778,0.2711749196052552,1.3025659322738647,True,508,265,265,0.0
R6_LHS_04,physics,BASE_C1_0T,S10_HYBRID,displacement,X,0.3849118798971176,1.282837152481079,8.511346817016602,True,496,437,437,0.0
R6_LHS_04,physics,BASE_C1_0T,S10,velocity,X,,,,False,0,0,0,0.0
R6_LHS_04,physics,BASE_C1_0T,S10_HYBRID,displacement,Y,0.03623479977250099,0.16594043374061584,2.5279083251953125,True,496,236,236,0.0
R6_LHS_04,physics,BASE_C1_0T,S10,velocity,Y,,,,False,0,0,0,0.0
R6_LHS_04,physics,BASE_C1_0T,S10_HYBRID,displacement,Z,0.036849506199359894,0.04298714771866798,0.18115772306919098,True,508,226,226,0.0
R6_LHS_04,physics,BASE_C1_0T,S10,velocity,Z,,,,False,0,0,0,0.0
R6_LHS_04,physics,BASE_C2_0T,S10_HYBRID,displacement,X,0.009949057828634977,0.014951025601476431,0.02436234802007675,True,496,433,433,0.0
R6_LHS_04,physics,BASE_C2_0T,S10,velocity,X,,,,False,0,0,0,0.0
R6_LHS_04,physics,BASE_C2_0T,S10_HYBRID,displacement,Y,0.06576468423008919,0.2308400273323059,2.650890350341797,True,496,236,236,0.0
R6_LHS_04,physics,BASE_C2_0T,S10,velocity,Y,,,,False,0,0,0,0.0
R6_LHS_04,physics,BASE_C2_0T,S10_HYBRID,displacement,Z,0.0647687166929245,0.06990576460957527,0.20205484330654144,True,508,443,443,0.0
R6_LHS_04,physics,BASE_C2_0T,S10,velocity,Z,,,,False,0,0,0,0.0
R6_LHS_04,physics,BASE_C3_0T,S10_HYBRID,displacement,X,0.30600185692310333,0.9762547612190247,7.024093151092529,True,496,437,437,0.0
R6_LHS_04,physics,BASE_C3_0T,S10,velocity,X,,,,False,0,0,0,0.0
R6_LHS_04,physics,BASE_C3_0T,S10_HYBRID,displacement,Y,0.02267469372600317,0.10797262564301491,1.7821738719940186,True,496,236,236,0.0
R6_LHS_04,physics,BASE_C3_0T,S10,velocity,Y,,,,False,0,0,0,0.0
R6_LHS_04,physics,BASE_C3_0T,S10_HYBRID,displacement,Z,0.02197218593209982,0.026732088439166544,0.130360946059227,True,508,226,226,0.0
R6_LHS_04,physics,BASE_C3_0T,S10,velocity,Z,,,,False,0,0,0,0.0
R6_LHS_04,physics,BASE_C8_0T,S10_HYBRID,displacement,X,0.011419326532632113,0.017568781040608883,0.024327095597982407,True,496,433,433,0.0
R6_LHS_04,physics,BASE_C8_0T,S10,velocity,X,,,,False,0,0,0,0.0
R6_LHS_04,physics,BASE_C8_0T,S10_HYBRID,displacement,Y,0.02642172947525978,0.11787122115492821,1.5971720218658447,True,496,433,236,10.59715891150338
R6_LHS_04,physics,BASE_C8_0T,S10,velocity,Y,,,,False,0,0,0,0.0
R6_LHS_04,physics,BASE_C8_0T,S10_HYBRID,displacement,Z,0.028570489026606083,0.03442755416035652,0.15942183136940002,True,508,443,443,0.0
R6_LHS_04,physics,BASE_C8_0T,S10,velocity,Z,,,,False,0,0,0,0.0
R6_LHS_04,physics,V40_A_E1_C4_2T,S10_HYBRID,displacement,X,0.10159286111593246,0.184446319937706,0.4167546033859253,True,496,187,187,0.0
R6_LHS_04,physics,V40_A_E1_C4_2T,S10,velocity,X,0.3791367709636688,0.6218046545982361,0.8913161754608154,True,496,493,50,8.86000000000001
R6_LHS_04,physics,V40_A_E1_C4_2T,S10_HYBRID,displacement,Y,0.04871939495205879,0.1469266042113304,0.3739917576313019,True,496,280,280,0.0
R6_LHS_04,physics,V40_A_E1_C4_2T,S10,velocity,Y,0.2243983894586563,0.42072825133800507,1.066678524017334,True,496,266,266,0.0
R6_LHS_04,physics,V40_A_E1_C4_2T,S10_HYBRID,displacement,Z,0.043964968994259834,0.05375975258648395,1.1660722494125366,True,508,443,361,0.5240000000000145
R6_LHS_04,physics,V40_A_E1_C4_2T,S10,velocity,Z,0.19336044043302536,0.2877518594264984,1.9514617919921875,True,508,265,265,0.0
R6_LHS_04,physics,V40_B_E1_C4_2T,S10_HYBRID,displacement,X,0.12255768850445747,0.2770019918680191,0.6454541087150574,True,496,187,187,0.0
R6_LHS_04,physics,V40_B_E1_C4_2T,S10,velocity,X,0.3816094696521759,0.6208603084087372,0.8270672559738159,True,496,441,50,135.25712142434497
R6_LHS_04,physics,V40_B_E1_C4_2T,S10_HYBRID,displacement,Y,0.04428546316921711,0.13662292063236237,0.3503558337688446,True,496,280,280,0.0
R6_LHS_04,physics,V40_B_E1_C4_2T,S10,velocity,Y,0.2129664570093155,0.3854488730430603,1.0485788583755493,True,496,265,266,135.00458240048846
R6_LHS_04,physics,V40_B_E1_C4_2T,S10_HYBRID,displacement,Z,0.039419496431946754,0.049520521983504304,0.7121703028678894,True,508,443,361,0.5240000000000145
R6_LHS_04,physics,V40_B_E1_C4_2T,S10,velocity,Z,0.18031267076730728,0.26858057975769045,1.6921908855438232,True,508,265,265,0.0
R6_LHS_04,physics,V40_CPLUS_E1_C4_2T,S10_HYBRID,displacement,X,0.10384305194020271,0.18803183734416962,0.7645387053489685,True,496,187,187,0.0
R6_LHS_04,physics,V40_CPLUS_E1_C4_2T,S10,velocity,X,0.3675042390823364,0.603631854057312,0.9890927076339722,True,496,511,493,135.0
R6_LHS_04,physics,V40_CPLUS_E1_C4_2T,S10_HYBRID,displacement,Y,0.05177683010697365,0.16741123795509338,0.639985203742981,True,496,306,280,1.034716823373547
R6_LHS_04,physics,V40_CPLUS_E1_C4_2T,S10,velocity,Y,0.20545686781406403,0.4114360809326172,1.1799345016479492,True,496,266,266,0.0
R6_LHS_04,physics,V40_CPLUS_E1_C4_2T,S10_HYBRID,displacement,Z,0.08295628800988197,0.12637358456850054,1.6508368253707886,True,508,443,361,0.5240000000000145
R6_LHS_04,physics,V40_CPLUS_E1_C4_2T,S10,velocity,Z,0.13062653690576553,0.24059998840093613,2.3095316886901855,True,508,265,265,0.0
R6_LHS_04,physics,V40_C_E1_C4_2T,S10_HYBRID,displacement,X,0.11769455671310425,0.24456526339054108,0.5403004288673401,True,496,187,187,0.0
R6_LHS_04,physics,V40_C_E1_C4_2T,S10,velocity,X,0.3631748855113983,0.589675098657608,0.834984302520752,True,496,153,50,135.00101694431785
R6_LHS_04,physics,V40_C_E1_C4_2T,S10_HYBRID,displacement,Y,0.04224457964301109,0.13653744012117386,0.3564939498901367,True,496,280,280,0.0
R6_LHS_04,physics,V40_C_E1_C4_2T,S10,velocity,Y,0.20214485377073288,0.3829357326030731,1.0439926385879517,True,496,266,198,1.2691934446726394
R6_LHS_04,physics,V40_C_E1_C4_2T,S10_HYBRID,displacement,Z,0.03679465688765049,0.047735095396637915,0.7112941145896912,True,508,443,361,0.5240000000000145
R6_LHS_04,physics,V40_C_E1_C4_2T,S10,velocity,Z,0.16809779405593872,0.27035261392593385,1.6999409198760986,True,508,265,265,0.0
R6_LHS_04,physics,V52_A_E1_C4_2T,S10_HYBRID,displacement,X,0.09452208504080772,0.1711062341928482,0.3346051275730133,True,496,187,187,0.0
R6_LHS_04,physics,V52_A_E1_C4_2T,S10,velocity,X,0.4362156391143799,0.7822594046592712,1.2245943546295166,True,496,50,50,0.0
R6_LHS_04,physics,V52_A_E1_C4_2T,S10_HYBRID,displacement,Y,0.03075722698122263,0.12775978446006775,0.5079764723777771,True,496,207,280,1.0347168233735533
R6_LHS_04,physics,V52_A_E1_C4_2T,S10,velocity,Y,0.22345055639743805,0.36086276173591614,1.5562196969985962,True,496,266,266,0.0
R6_LHS_04,physics,V52_A_E1_C4_2T,S10_HYBRID,displacement,Z,0.025822671130299568,0.04810039550065995,1.0500361919403076,True,508,72,72,0.0
R6_LHS_04,physics,V52_A_E1_C4_2T,S10,velocity,Z,0.22966909408569336,0.316274294257164,1.5673072338104248,True,508,265,265,0.0
R6_LHS_04,physics,V52_B_E1_C4_2T,S10_HYBRID,displacement,X,0.12216971442103386,0.20583217591047287,0.4992671608924866,True,496,187,187,0.0
R6_LHS_04,physics,V52_B_E1_C4_2T,S10,velocity,X,0.4122544974088669,0.6709471642971039,0.8444712162017822,True,496,50,493,8.86000000000001
R6_LHS_04,physics,V52_B_E1_C4_2T,S10_HYBRID,displacement,Y,0.040686264634132385,0.20210444182157516,0.8003507256507874,True,496,306,280,1.034716823373547
R6_LHS_04,physics,V52_B_E1_C4_2T,S10,velocity,Y,0.18697448819875717,0.34668827056884766,1.048276424407959,True,496,266,296,1.2691934446726394
R6_LHS_04,physics,V52_B_E1_C4_2T,S10_HYBRID,displacement,Z,0.03811010159552097,0.07756928727030754,0.989940345287323,True,508,72,361,7.811999999999991
R6_LHS_04,physics,V52_B_E1_C4_2T,S10,velocity,Z,0.17254499346017838,0.2544703930616379,1.4658935070037842,True,508,265,265,0.0
R6_LHS_04,physics,V52_CPLUS_E1_C4_2T,S10_HYBRID,displacement,X,0.08298322185873985,0.1542089730501175,0.29468804597854614,True,496,187,187,0.0
R6_LHS_04,physics,V52_CPLUS_E1_C4_2T,S10,velocity,X,0.4298612177371979,0.7598919570446014,1.3112016916275024,True,496,50,493,8.86000000000001
R6_LHS_04,physics,V52_CPLUS_E1_C4_2T,S10_HYBRID,displacement,Y,0.03112811502069235,0.13466177880764008,0.5204398036003113,True,496,280,280,0.0
R6_LHS_04,physics,V52_CPLUS_E1_C4_2T,S10,velocity,Y,0.1685691773891449,0.3626255840063095,1.5925486087799072,True,496,266,296,1.2691934446726394
R6_LHS_04,physics,V52_CPLUS_E1_C4_2T,S10_HYBRID,displacement,Z,0.028359372168779373,0.05341531820595265,1.3331207036972046,True,508,72,361,7.811999999999991
R6_LHS_04,physics,V52_CPLUS_E1_C4_2T,S10,velocity,Z,0.13788968324661255,0.21270177066326143,1.5621429681777954,True,508,265,265,0.0
R6_LHS_04,physics,V52_C_E1_C4_2T,S10_HYBRID,displacement,X,0.09079338237643242,0.16185259073972702,0.2802603542804718,True,496,187,187,0.0
R6_LHS_04,physics,V52_C_E1_C4_2T,S10,velocity,X,0.3867032527923584,0.6479564011096954,0.80638188123703,True,496,153,493,135.25712142434497
R6_LHS_04,physics,V52_C_E1_C4_2T,S10_HYBRID,displacement,Y,0.04001535847783089,0.12842000275850296,0.3440802991390228,True,496,280,280,0.0
R6_LHS_04,physics,V52_C_E1_C4_2T,S10,velocity,Y,0.16593027114868164,0.3487723767757416,1.154147982597351,True,496,265,266,135.00458240048846
R6_LHS_04,physics,V52_C_E1_C4_2T,S10_HYBRID,displacement,Z,0.039692822843790054,0.050352657586336134,0.9851529598236084,True,508,443,361,0.5240000000000145
R6_LHS_04,physics,V52_C_E1_C4_2T,S10,velocity,Z,0.14375834167003632,0.23309273570775985,2.0084500312805176,True,508,265,265,0.0
R6_LHS_04,physics,V40_A_E2_C5_2T,S10_HYBRID,displacement,X,0.021007937379181385,0.04399406537413597,0.10618611425161362,True,496,433,433,0.0
R6_LHS_04,physics,V40_A_E2_C5_2T,S10,velocity,X,0.6090255975723267,0.7578943073749542,0.9682708382606506,True,496,50,153,135.00101694431785
R6_LHS_04,physics,V40_A_E2_C5_2T,S10_HYBRID,displacement,Y,0.048345381394028664,0.20766714215278625,0.7749779224395752,True,496,306,280,1.034716823373547
R6_LHS_04,physics,V40_A_E2_C5_2T,S10,velocity,Y,0.18868210911750793,0.4034983962774277,1.0800305604934692,True,496,265,316,2.117891640824903
R6_LHS_04,physics,V40_A_E2_C5_2T,S10_HYBRID,displacement,Z,0.04184674844145775,0.07711752355098725,0.9512566924095154,True,508,72,443,8.336000000000006
R6_LHS_04,physics,V40_A_E2_C5_2T,S10,velocity,Z,0.1204698495566845,0.22361986786127092,2.041806697845459,True,508,265,265,0.0
R6_LHS_04,physics,V40_B_E2_C5_2T,S10_HYBRID,displacement,X,0.01613394357264042,0.03664064034819603,0.0987098217010498,True,496,433,433,0.0
R6_LHS_04,physics,V40_B_E2_C5_2T,S10,velocity,X,0.599597692489624,0.7499207854270935,0.8640192747116089,True,496,50,493,8.86000000000001
R6_LHS_04,physics,V40_B_E2_C5_2T,S10_HYBRID,displacement,Y,0.032261798158288,0.12385706603527069,0.5225608348846436,True,496,207,280,1.0347168233735533
R6_LHS_04,physics,V40_B_E2_C5_2T,S10,velocity,Y,0.19414596259593964,0.4032546877861023,1.3031891584396362,True,496,266,266,0.0
R6_LHS_04,physics,V40_B_E2_C5_2T,S10_HYBRID,displacement,Z,0.028102189302444458,0.04867186322808266,1.1476287841796875,True,508,72,443,8.336000000000006
R6_LHS_04,physics,V40_B_E2_C5_2T,S10,velocity,Z,0.1380758211016655,0.22757074236869815,1.890466332435608,True,508,265,265,0.0
R6_LHS_04,physics,V40_CPLUS_E2_C5_2T,S10_HYBRID,displacement,X,0.019788559526205063,0.04805351793766022,0.14311765134334564,True,496,433,433,0.0
R6_LHS_04,physics,V40_CPLUS_E2_C5_2T,S10,velocity,X,0.41188354790210724,0.652789831161499,0.845785915851593,True,496,493,153,135.25712142434497
R6_LHS_04,physics,V40_CPLUS_E2_C5_2T,S10_HYBRID,displacement,Y,0.031389376148581505,0.13121646642684937,0.5401039719581604,True,496,280,280,0.0
R6_LHS_04,physics,V40_CPLUS_E2_C5_2T,S10,velocity,Y,0.17869852483272552,0.3987486660480499,1.2363462448120117,True,496,266,296,1.2691934446726394
R6_LHS_04,physics,V40_CPLUS_E2_C5_2T,S10_HYBRID,displacement,Z,0.02833656221628189,0.051478622853755956,1.311640977859497,True,508,72,443,8.336000000000006
R6_LHS_04,physics,V40_CPLUS_E2_C5_2T,S10,velocity,Z,0.13113705813884735,0.2141398429870606,1.6670100688934326,True,508,265,265,0.0
R6_LHS_04,physics,V40_C_E2_C5_2T,S10_HYBRID,displacement,X,0.024496563710272312,0.05368443578481674,0.1547839641571045,True,496,433,433,0.0
R6_LHS_04,physics,V40_C_E2_C5_2T,S10,velocity,X,0.5067542791366577,0.7257666885852814,0.8502123355865479,True,496,50,493,8.86000000000001
R6_LHS_04,physics,V40_C_E2_C5_2T,S10_HYBRID,displacement,Y,0.04622224159538746,0.19413502514362335,0.8151489496231079,True,496,306,280,1.034716823373547
R6_LHS_04,physics,V40_C_E2_C5_2T,S10,velocity,Y,0.1764407679438591,0.3532795161008835,0.9786800742149353,True,496,266,265,135.00458240048846
R6_LHS_04,physics,V40_C_E2_C5_2T,S10_HYBRID,displacement,Z,0.04159083403646946,0.08489699214696884,0.9560225009918213,True,508,72,443,8.336000000000006
R6_LHS_04,physics,V40_C_E2_C5_2T,S10,velocity,Z,0.10264203697443008,0.21519680917263032,1.8868192434310913,True,508,265,265,0.0
R6_LHS_04,physics,V52_A_E2_C5_2T,S10_HYBRID,displacement,X,0.014029060956090689,0.030473101884126663,0.061821501702070236,True,496,36,36,0.0
R6_LHS_04,physics,V52_A_E2_C5_2T,S10,velocity,X,0.6482669413089752,0.8542746007442474,0.9483566284179688,True,496,50,493,8.86000000000001
R6_LHS_04,physics,V52_A_E2_C5_2T,S10_HYBRID,displacement,Y,0.03056282363831997,0.1297110915184021,0.40209612250328064,True,496,280,280,0.0
R6_LHS_04,physics,V52_A_E2_C5_2T,S10,velocity,Y,0.1793651059269905,0.37547467648983,1.2612642049789429,True,496,266,266,0.0
R6_LHS_04,physics,V52_A_E2_C5_2T,S10_HYBRID,displacement,Z,0.026513596996665,0.04041213802993298,1.6220417022705078,True,508,443,443,0.0
R6_LHS_04,physics,V52_A_E2_C5_2T,S10,velocity,Z,0.12310026586055756,0.21917966008186351,2.231621265411377,True,508,265,265,0.0
R6_LHS_04,physics,V52_B_E2_C5_2T,S10_HYBRID,displacement,X,0.01913170050829649,0.034974293783307076,0.07069610804319382,True,496,36,36,0.0
R6_LHS_04,physics,V52_B_E2_C5_2T,S10,velocity,X,0.5608425438404083,0.7351764142513275,0.8100903034210205,True,496,50,441,135.25712142434497
R6_LHS_04,physics,V52_B_E2_C5_2T,S10_HYBRID,displacement,Y,0.04247591085731983,0.1383453831076622,0.35549667477607727,True,496,280,280,0.0
R6_LHS_04,physics,V52_B_E2_C5_2T,S10,velocity,Y,0.17291302978992462,0.35183684527873993,1.1451982259750366,True,496,266,198,1.2691934446726394
R6_LHS_04,physics,V52_B_E2_C5_2T,S10_HYBRID,displacement,Z,0.0418610293418169,0.05293291360139847,0.8169757723808289,True,508,1,443,8.86000000000001
R6_LHS_04,physics,V52_B_E2_C5_2T,S10,velocity,Z,0.11236767843365669,0.19930497705936434,1.478678584098816,True,508,265,265,0.0
R6_LHS_04,physics,V52_CPLUS_E2_C5_2T,S10_HYBRID,displacement,X,0.02464158460497856,0.05980687774717808,0.18126575648784637,True,496,208,208,0.0
R6_LHS_04,physics,V52_CPLUS_E2_C5_2T,S10,velocity,X,0.5419833362102509,0.6771653592586517,0.8154515624046326,True,496,70,50,135.0
R6_LHS_04,physics,V52_CPLUS_E2_C5_2T,S10_HYBRID,displacement,Y,0.048558516427874565,0.1568995639681816,0.6191064119338989,True,496,306,280,1.034716823373547
R6_LHS_04,physics,V52_CPLUS_E2_C5_2T,S10,velocity,Y,0.17814607918262482,0.3786996304988861,1.4571082592010498,True,496,266,266,0.0
R6_LHS_04,physics,V52_CPLUS_E2_C5_2T,S10_HYBRID,displacement,Z,0.07540228590369225,0.12420808598399162,1.6769635677337646,True,508,443,1,8.86000000000001
R6_LHS_04,physics,V52_CPLUS_E2_C5_2T,S10,velocity,Z,0.10114426165819168,0.19546082317829133,2.0607261657714844,True,508,265,265,0.0
R6_LHS_04,physics,V52_C_E2_C5_2T,S10_HYBRID,displacement,X,0.0214950954541564,0.04868888482451439,0.1487707495689392,True,496,36,36,0.0
R6_LHS_04,physics,V52_C_E2_C5_2T,S10,velocity,X,0.5921279191970825,0.7816290259361267,0.8804460763931274,True,496,50,50,0.0
R6_LHS_04,physics,V52_C_E2_C5_2T,S10_HYBRID,displacement,Y,0.04359651915729046,0.14358726888895035,0.6160473823547363,True,496,280,280,0.0
R6_LHS_04,physics,V52_C_E2_C5_2T,S10,velocity,Y,0.18451618403196335,0.3666728436946869,1.4545185565948486,True,496,265,266,135.00458240048846
R6_LHS_04,physics,V52_C_E2_C5_2T,S10_HYBRID,displacement,Z,0.0656072124838829,0.10628992542624474,1.7721713781356812,True,508,443,443,0.0
R6_LHS_04,physics,V52_C_E2_C5_2T,S10,velocity,Z,0.10430790111422539,0.20291340798139573,1.8758957386016846,True,508,265,265,0.0
R6_LHS_04,physics,V40_A_E3_C6_1T,S10_HYBRID,displacement,X,0.10708589479327202,0.2664477080106735,1.0027713775634766,True,496,433,433,0.0
R6_LHS_04,physics,V40_A_E3_C6_1T,S10,velocity,X,0.39576926827430725,0.5783610641956329,0.9533683061599731,True,496,153,50,135.00101694431785
R6_LHS_04,physics,V40_A_E3_C6_1T,S10_HYBRID,displacement,Y,0.05274139530956745,0.23315443843603134,1.131542444229126,True,496,182,207,4.8651837654354875
R6_LHS_04,physics,V40_A_E3_C6_1T,S10,velocity,Y,0.30054597556591034,0.5402911007404327,1.2427273988723755,True,496,265,265,0.0
R6_LHS_04,physics,V40_A_E3_C6_1T,S10_HYBRID,displacement,Z,0.05600723810493946,0.07556225284934044,0.9188132286071777,True,508,443,72,8.336000000000006
R6_LHS_04,physics,V40_A_E3_C6_1T,S10,velocity,Z,0.1441679149866104,0.19806770384311675,1.808233380317688,True,508,265,265,0.0
R6_LHS_04,physics,V40_B_E3_C6_1T,S10_HYBRID,displacement,X,0.09114442020654678,0.18280307948589325,0.7600134611129761,True,496,433,433,0.0
R6_LHS_04,physics,V40_B_E3_C6_1T,S10,velocity,X,0.3935088664293289,0.5955941081047058,0.8947299122810364,True,496,153,70,0.524
R6_LHS_04,physics,V40_B_E3_C6_1T,S10_HYBRID,displacement,Y,0.04195140488445759,0.18433590233325958,0.7275640964508057,True,496,207,207,0.0
R6_LHS_04,physics,V40_B_E3_C6_1T,S10,velocity,Y,0.29148103296756744,0.5780676901340485,1.1184395551681519,True,496,265,265,0.0
R6_LHS_04,physics,V40_B_E3_C6_1T,S10_HYBRID,displacement,Z,0.029823959805071354,0.04011188633739948,0.22491653263568878,True,508,1,72,0.5240000000000045
R6_LHS_04,physics,V40_B_E3_C6_1T,S10,velocity,Z,0.15379343181848526,0.2392902582883835,2.0596697330474854,True,508,265,265,0.0
R6_LHS_04,physics,V40_CPLUS_E3_C6_1T,S10_HYBRID,displacement,X,0.08900892361998558,0.20689252763986588,0.658107340335846,True,496,433,433,0.0
R6_LHS_04,physics,V40_CPLUS_E3_C6_1T,S10,velocity,X,0.41410957276821136,0.6347929537296295,0.9395806193351746,True,496,50,50,0.0
R6_LHS_04,physics,V40_CPLUS_E3_C6_1T,S10_HYBRID,displacement,Y,0.03856584616005421,0.18135032057762146,0.8106446862220764,True,496,207,207,0.0
R6_LHS_04,physics,V40_CPLUS_E3_C6_1T,S10,velocity,Y,0.26864655315876007,0.5483551323413849,1.2005635499954224,True,496,266,198,1.2691934446726394
R6_LHS_04,physics,V40_CPLUS_E3_C6_1T,S10_HYBRID,displacement,Z,0.030088314786553383,0.0486097238957882,0.7628290057182312,True,508,1,72,0.5240000000000045
R6_LHS_04,physics,V40_CPLUS_E3_C6_1T,S10,velocity,Z,0.16880734264850616,0.2655945837497712,1.7030373811721802,True,508,265,265,0.0
R6_LHS_04,physics,V40_C_E3_C6_1T,S10_HYBRID,displacement,X,0.07681173831224442,0.18274755030870438,0.7840976119041443,True,496,433,433,0.0
R6_LHS_04,physics,V40_C_E3_C6_1T,S10,velocity,X,0.37519054114818573,0.5807828605175018,0.9288784265518188,True,496,153,153,0.0
R6_LHS_04,physics,V40_C_E3_C6_1T,S10_HYBRID,displacement,Y,0.028880947269499302,0.13249460607767105,0.4950505495071411,True,496,207,207,0.0
R6_LHS_04,physics,V40_C_E3_C6_1T,S10,velocity,Y,0.27815081179142,0.5323243141174316,1.291136622428894,True,496,198,265,135.0166118112963
R6_LHS_04,physics,V40_C_E3_C6_1T,S10_HYBRID,displacement,Z,0.015216057188808918,0.026553686708211902,0.28700926899909973,True,508,72,72,0.0
R6_LHS_04,physics,V40_C_E3_C6_1T,S10,velocity,Z,0.17416682094335556,0.24891262501478198,2.072847366333008,True,508,265,265,0.0
R6_LHS_04,physics,V52_A_E3_C6_1T,S10_HYBRID,displacement,X,0.07969880104064941,0.17702694982290268,0.7082473635673523,True,496,433,433,0.0
R6_LHS_04,physics,V52_A_E3_C6_1T,S10,velocity,X,0.5161104202270508,0.7256392538547516,0.932291567325592,True,496,50,50,0.0
R6_LHS_04,physics,V52_A_E3_C6_1T,S10_HYBRID,displacement,Y,0.02108230721205473,0.12280243262648582,0.5109258890151978,True,496,207,207,0.0
R6_LHS_04,physics,V52_A_E3_C6_1T,S10,velocity,Y,0.325879231095314,0.5016079843044281,1.239451289176941,True,496,265,296,135.0166118112963
R6_LHS_04,physics,V52_A_E3_C6_1T,S10_HYBRID,displacement,Z,0.012968759518116713,0.020952281542122364,0.22336380183696747,True,508,72,72,0.0
R6_LHS_04,physics,V52_A_E3_C6_1T,S10,velocity,Z,0.14224454015493393,0.21205258667469026,1.5500390529632568,True,508,265,265,0.0
R6_LHS_04,physics,V52_B_E3_C6_1T,S10_HYBRID,displacement,X,0.10458287969231606,0.25094954669475555,1.0233386754989624,True,496,433,433,0.0
R6_LHS_04,physics,V52_B_E3_C6_1T,S10,velocity,X,0.4475686252117157,0.6521044075489044,0.8988804817199707,True,496,70,50,135.0
R6_LHS_04,physics,V52_B_E3_C6_1T,S10_HYBRID,displacement,Y,0.055190958082675934,0.2277856022119522,1.0228248834609985,True,496,182,207,4.8651837654354875
R6_LHS_04,physics,V52_B_E3_C6_1T,S10,velocity,Y,0.296573668718338,0.4641726464033127,1.1823246479034424,True,496,265,198,135.0166118112963
R6_LHS_04,physics,V52_B_E3_C6_1T,S10_HYBRID,displacement,Z,0.05814906768500805,0.07684501335024835,0.9327214956283569,True,508,1,72,0.5240000000000045
R6_LHS_04,physics,V52_B_E3_C6_1T,S10,velocity,Z,0.1451266184449196,0.21428350806236268,1.2287877798080444,True,508,265,265,0.0
R6_LHS_04,physics,V52_CPLUS_E3_C6_1T,S10_HYBRID,displacement,X,0.08506225794553757,0.1708710715174675,0.6415650844573975,True,496,433,433,0.0
R6_LHS_04,physics,V52_CPLUS_E3_C6_1T,S10,velocity,X,0.45094363391399384,0.6419429779052734,0.9420922994613647,True,496,50,50,0.0
R6_LHS_04,physics,V52_CPLUS_E3_C6_1T,S10_HYBRID,displacement,Y,0.03624729439616203,0.13724923878908157,0.6527321338653564,True,496,207,207,0.0
R6_LHS_04,physics,V52_CPLUS_E3_C6_1T,S10,velocity,Y,0.23608814924955368,0.4818093180656433,1.1672786474227905,True,496,266,266,0.0
R6_LHS_04,physics,V52_CPLUS_E3_C6_1T,S10_HYBRID,displacement,Z,0.023684783838689327,0.02852557934820652,0.27451837062835693,True,508,1,72,0.5240000000000045
R6_LHS_04,physics,V52_CPLUS_E3_C6_1T,S10,velocity,Z,0.1469927430152893,0.24581033438444141,1.3588602542877197,True,508,265,265,0.0
R6_LHS_04,physics,V52_C_E3_C6_1T,S10_HYBRID,displacement,X,0.09367727488279343,0.17850307375192642,0.6901555061340332,True,496,433,433,0.0
R6_LHS_04,physics,V52_C_E3_C6_1T,S10,velocity,X,0.4592086225748062,0.632460355758667,0.8871816396713257,True,496,50,70,135.0
R6_LHS_04,physics,V52_C_E3_C6_1T,S10_HYBRID,displacement,Y,0.03771134652197361,0.1393723338842392,0.6289864778518677,True,496,207,207,0.0
R6_LHS_04,physics,V52_C_E3_C6_1T,S10,velocity,Y,0.250508651137352,0.4695707857608795,1.1601790189743042,True,496,265,266,135.00458240048846
R6_LHS_04,physics,V52_C_E3_C6_1T,S10_HYBRID,displacement,Z,0.02210739068686962,0.02581419982016087,0.23498596251010895,True,508,1,72,0.5240000000000045
R6_LHS_04,physics,V52_C_E3_C6_1T,S10,velocity,Z,0.13752485066652298,0.22489257305860522,1.2715578079223633,True,508,265,265,0.0
R6_LHS_04,physics,V40_A_E4_C7_1T,S10_HYBRID,displacement,X,0.015150150749832392,0.031537849456071854,0.0782632827758789,True,496,433,433,0.0
R6_LHS_04,physics,V40_A_E4_C7_1T,S10,velocity,X,0.6616005301475525,0.7547269761562347,0.9466785788536072,True,496,153,50,135.00101694431785
R6_LHS_04,physics,V40_A_E4_C7_1T,S10_HYBRID,displacement,Y,0.031848665326833725,0.13940465450286865,0.703386127948761,True,496,207,207,0.0
R6_LHS_04,physics,V40_A_E4_C7_1T,S10,velocity,Y,0.2586513012647629,0.5949341356754303,1.340013027191162,True,496,266,265,135.00458240048846
R6_LHS_04,physics,V40_A_E4_C7_1T,S10_HYBRID,displacement,Z,0.023312252946197987,0.027627713046967983,0.2289021760225296,True,508,1,1,0.0
R6_LHS_04,physics,V40_A_E4_C7_1T,S10,velocity,Z,0.10916871950030327,0.18137286901474,1.5764811038970947,True,508,265,265,0.0
R6_LHS_04,physics,V40_B_E4_C7_1T,S10_HYBRID,displacement,X,0.016271871514618397,0.03962261788547039,0.14201749861240387,True,496,433,433,0.0
R6_LHS_04,physics,V40_B_E4_C7_1T,S10,velocity,X,0.6640588343143463,0.7938507199287415,0.9322692155838013,True,496,153,50,135.00101694431785
R6_LHS_04,physics,V40_B_E4_C7_1T,S10_HYBRID,displacement,Y,0.030503571033477783,0.1577652022242546,0.6817983388900757,True,496,207,207,0.0
R6_LHS_04,physics,V40_B_E4_C7_1T,S10,velocity,Y,0.2555434852838516,0.6052300930023193,1.320993185043335,True,496,265,265,0.0
R6_LHS_04,physics,V40_B_E4_C7_1T,S10_HYBRID,displacement,Z,0.02377055212855339,0.037733272090554236,0.27970245480537415,True,508,1,1,0.0
R6_LHS_04,physics,V40_B_E4_C7_1T,S10,velocity,Z,0.11270174011588097,0.19672438055276872,2.6654114723205566,True,508,265,265,0.0
R6_LHS_04,physics,V40_CPLUS_E4_C7_1T,S10_HYBRID,displacement,X,0.018948686309158802,0.044721679762005806,0.1321604698896408,True,496,433,433,0.0
R6_LHS_04,physics,V40_CPLUS_E4_C7_1T,S10,velocity,X,0.5016208589076996,0.6634864509105682,0.8668615221977234,True,496,50,153,135.00101694431785
R6_LHS_04,physics,V40_CPLUS_E4_C7_1T,S10_HYBRID,displacement,Y,0.029111496172845364,0.1308649629354477,0.45735248923301697,True,496,207,207,0.0
R6_LHS_04,physics,V40_CPLUS_E4_C7_1T,S10,velocity,Y,0.23434383422136307,0.5325697064399719,1.40886652469635,True,496,266,266,0.0
R6_LHS_04,physics,V40_CPLUS_E4_C7_1T,S10_HYBRID,displacement,Z,0.019989028573036194,0.0323979303240776,0.3215818703174591,True,508,72,1,0.5240000000000045
R6_LHS_04,physics,V40_CPLUS_E4_C7_1T,S10,velocity,Z,0.12491532787680626,0.21337257176637653,2.140969753265381,True,508,265,265,0.0
R6_LHS_04,physics,V40_C_E4_C7_1T,S10_HYBRID,displacement,X,0.022568391636013985,0.06111622415482998,0.26449501514434814,True,496,433,433,0.0
R6_LHS_04,physics,V40_C_E4_C7_1T,S10,velocity,X,0.5681501626968384,0.7003184854984283,0.8995592594146729,True,496,153,153,0.0
R6_LHS_04,physics,V40_C_E4_C7_1T,S10_HYBRID,displacement,Y,0.06327814981341362,0.2283569499850273,0.9759635925292969,True,496,182,207,4.8651837654354875
R6_LHS_04,physics,V40_C_E4_C7_1T,S10,velocity,Y,0.25004592537879944,0.5239613950252533,1.4211152791976929,True,496,265,265,0.0
R6_LHS_04,physics,V40_C_E4_C7_1T,S10_HYBRID,displacement,Z,0.05864568613469601,0.0836704283952713,1.0434750318527222,True,508,1,1,0.0
R6_LHS_04,physics,V40_C_E4_C7_1T,S10,velocity,Z,0.13120108097791672,0.21236935853958136,1.8984074592590332,True,508,265,265,0.0
R6_LHS_04,physics,V52_A_E4_C7_1T,S10_HYBRID,displacement,X,0.016390160657465458,0.04100944474339485,0.16766659915447235,True,496,433,503,3.660046115141711
R6_LHS_04,physics,V52_A_E4_C7_1T,S10,velocity,X,0.6901342868804932,0.7955060005187988,0.9052519798278809,True,496,50,70,135.0
R6_LHS_04,physics,V52_A_E4_C7_1T,S10_HYBRID,displacement,Y,0.04781405255198479,0.23837369680404663,1.285865068435669,True,496,144,207,3.7896906786502123
R6_LHS_04,physics,V52_A_E4_C7_1T,S10,velocity,Y,0.26903191208839417,0.5028821974992752,1.24812912940979,True,496,265,265,0.0
R6_LHS_04,physics,V52_A_E4_C7_1T,S10_HYBRID,displacement,Z,0.04872088506817818,0.06686772108078004,0.8934263586997986,True,508,443,1,8.86000000000001
R6_LHS_04,physics,V52_A_E4_C7_1T,S10,velocity,Z,0.11291266977787018,0.1885397404432297,1.4639912843704224,True,508,265,265,0.0
R6_LHS_04,physics,V52_B_E4_C7_1T,S10_HYBRID,displacement,X,0.018322786316275597,0.04172888770699501,0.09284023195505142,True,496,503,503,0.0
R6_LHS_04,physics,V52_B_E4_C7_1T,S10,velocity,X,0.638883650302887,0.7136637270450592,0.8582468032836914,True,496,50,50,0.0
R6_LHS_04,physics,V52_B_E4_C7_1T,S10_HYBRID,displacement,Y,0.04016417637467384,0.17812061309814453,0.7375593185424805,True,496,207,207,0.0
R6_LHS_04,physics,V52_B_E4_C7_1T,S10,velocity,Y,0.2597259432077408,0.4929811507463455,1.1714750528335571,True,496,265,265,0.0
R6_LHS_04,physics,V52_B_E4_C7_1T,S10_HYBRID,displacement,Z,0.024809138849377632,0.03858615458011627,0.42943963408470154,True,508,1,1,0.0
R6_LHS_04,physics,V52_B_E4_C7_1T,S10,velocity,Z,0.11825015768408775,0.19204444587230685,1.707915186882019,True,508,265,265,0.0
R6_LHS_04,physics,V52_CPLUS_E4_C7_1T,S10_HYBRID,displacement,X,0.01804095972329378,0.04381083510816097,0.18852347135543823,True,496,503,503,0.0
R6_LHS_04,physics,V52_CPLUS_E4_C7_1T,S10,velocity,X,0.5602864325046539,0.6466989517211914,0.8742873668670654,True,496,70,153,0.524
R6_LHS_04,physics,V52_CPLUS_E4_C7_1T,S10_HYBRID,displacement,Y,0.03677113726735115,0.16540977358818054,0.6446382999420166,True,496,207,207,0.0
R6_LHS_04,physics,V52_CPLUS_E4_C7_1T,S10,velocity,Y,0.21944931894540787,0.5059032142162323,1.2934668064117432,True,496,265,265,0.0
R6_LHS_04,physics,V52_CPLUS_E4_C7_1T,S10_HYBRID,displacement,Z,0.028723644092679024,0.044048447161912925,0.4667082726955414,True,508,1,1,0.0
R6_LHS_04,physics,V52_CPLUS_E4_C7_1T,S10,velocity,Z,0.11529484391212463,0.22024587988853464,2.178591728210449,True,508,265,265,0.0
R6_LHS_04,physics,V52_C_E4_C7_1T,S10_HYBRID,displacement,X,0.020058639347553253,0.04490513540804386,0.10218268632888794,True,496,503,503,0.0
R6_LHS_04,physics,V52_C_E4_C7_1T,S10,velocity,X,0.6550930738449097,0.743559330701828,0.849520742893219,True,496,50,50,0.0
R6_LHS_04,physics,V52_C_E4_C7_1T,S10_HYBRID,displacement,Y,0.04105895571410656,0.18063482642173767,0.7612735033035278,True,496,207,207,0.0
R6_LHS_04,physics,V52_C_E4_C7_1T,S10,velocity,Y,0.2452339380979538,0.4842374324798584,1.2127022743225098,True,496,266,266,0.0
R6_LHS_04,physics,V52_C_E4_C7_1T,S10_HYBRID,displacement,Z,0.02693986613303423,0.042460783198475835,0.5503928065299988,True,508,1,1,0.0
R6_LHS_04,physics,V52_C_E4_C7_1T,S10,velocity,Z,0.11319419741630554,0.1975700229406357,1.6789629459381104,True,508,265,265,0.0
R6_LHS_04,physics,V40_A_E5_C9_1T,S10_HYBRID,displacement,X,0.021952474489808083,0.0392583180218935,0.0805080458521843,True,496,433,433,0.0
R6_LHS_04,physics,V40_A_E5_C9_1T,S10,velocity,X,0.593570739030838,0.7081599831581116,0.908470869064331,True,496,153,153,0.0
R6_LHS_04,physics,V40_A_E5_C9_1T,S10_HYBRID,displacement,Y,0.0490082036703825,0.17075910419225693,0.6759169101715088,True,496,207,207,0.0
R6_LHS_04,physics,V40_A_E5_C9_1T,S10,velocity,Y,0.2769949436187744,0.5840826332569122,1.4461159706115723,True,496,266,265,135.00458240048846
R6_LHS_04,physics,V40_A_E5_C9_1T,S10_HYBRID,displacement,Z,0.03504570573568344,0.039750911667943,0.2597719132900238,True,508,1,1,0.0
R6_LHS_04,physics,V40_A_E5_C9_1T,S10,velocity,Z,0.11098641902208328,0.18631883859634402,1.8006670475006104,True,508,265,265,0.0
R6_LHS_04,physics,V40_B_E5_C9_1T,S10_HYBRID,displacement,X,0.02145955804735422,0.040437979623675346,0.09082785248756409,True,496,433,433,0.0
R6_LHS_04,physics,V40_B_E5_C9_1T,S10,velocity,X,0.5259780287742615,0.6066193580627441,0.8591372966766357,True,496,153,153,0.0
R6_LHS_04,physics,V40_B_E5_C9_1T,S10_HYBRID,displacement,Y,0.04709256812930107,0.15758192539215088,0.6585918664932251,True,496,207,207,0.0
R6_LHS_04,physics,V40_B_E5_C9_1T,S10,velocity,Y,0.25730109214782715,0.5456777215003967,1.2613924741744995,True,496,265,217,2.117891640824903
R6_LHS_04,physics,V40_B_E5_C9_1T,S10_HYBRID,displacement,Z,0.033173754811286926,0.03725845478475094,0.27086710929870605,True,508,1,1,0.0
R6_LHS_04,physics,V40_B_E5_C9_1T,S10,velocity,Z,0.11232022941112518,0.19410380274057396,1.8325203657150269,True,508,265,265,0.0
R6_LHS_04,physics,V40_CPLUS_E5_C9_1T,S10_HYBRID,displacement,X,0.0229850634932518,0.05019129067659378,0.2092321813106537,True,496,433,433,0.0
R6_LHS_04,physics,V40_CPLUS_E5_C9_1T,S10,velocity,X,0.4960085153579712,0.5919315218925476,0.8768442869186401,True,496,153,50,135.00101694431785
R6_LHS_04,physics,V40_CPLUS_E5_C9_1T,S10_HYBRID,displacement,Y,0.04449080489575863,0.16202575713396072,0.7577202916145325,True,496,207,207,0.0
R6_LHS_04,physics,V40_CPLUS_E5_C9_1T,S10,velocity,Y,0.2507377564907074,0.5918265581130981,1.2626643180847168,True,496,266,198,1.2691934446726394
R6_LHS_04,physics,V40_CPLUS_E5_C9_1T,S10_HYBRID,displacement,Z,0.034329621121287346,0.05192897655069828,0.5146914720535278,True,508,1,1,0.0
R6_LHS_04,physics,V40_CPLUS_E5_C9_1T,S10,velocity,Z,0.12469857931137085,0.2369868069887162,3.0831997394561768,True,508,265,265,0.0
R6_LHS_04,physics,V40_C_E5_C9_1T,S10_HYBRID,displacement,X,0.02250661887228489,0.06191372126340866,0.2674083411693573,True,496,433,433,0.0
R6_LHS_04,physics,V40_C_E5_C9_1T,S10,velocity,X,0.44527679681777954,0.5324734747409821,0.8528345227241516,True,496,153,153,0.0
R6_LHS_04,physics,V40_C_E5_C9_1T,S10_HYBRID,displacement,Y,0.06192182935774326,0.22928501665592194,0.9555683135986328,True,496,182,207,4.8651837654354875
R6_LHS_04,physics,V40_C_E5_C9_1T,S10,velocity,Y,0.25868502259254456,0.5102485716342926,1.4390130043029785,True,496,265,265,0.0
R6_LHS_04,physics,V40_C_E5_C9_1T,S10_HYBRID,displacement,Z,0.05609991401433945,0.08156805858016014,0.9873400926589966,True,508,1,1,0.0
R6_LHS_04,physics,V40_C_E5_C9_1T,S10,velocity,Z,0.1300833523273468,0.21754019558429719,1.74481201171875,True,508,265,265,0.0
R6_LHS_04,physics,V52_A_E5_C9_1T,S10_HYBRID,displacement,X,0.015805423259735107,0.0418331865221262,0.1749587506055832,True,496,503,503,0.0
R6_LHS_04,physics,V52_A_E5_C9_1T,S10,velocity,X,0.5494032800197601,0.6888371109962463,0.8255999088287354,True,496,50,70,135.0
R6_LHS_04,physics,V52_A_E5_C9_1T,S10_HYBRID,displacement,Y,0.04789746552705765,0.23338747024536133,1.3164352178573608,True,496,144,207,3.7896906786502123
R6_LHS_04,physics,V52_A_E5_C9_1T,S10,velocity,Y,0.2507814019918442,0.5051282942295074,1.3256068229675293,True,496,266,265,135.00458240048846
R6_LHS_04,physics,V52_A_E5_C9_1T,S10_HYBRID,displacement,Z,0.04513079859316349,0.06310776099562646,0.8630828261375427,True,508,443,1,8.86000000000001
R6_LHS_04,physics,V52_A_E5_C9_1T,S10,velocity,Z,0.10207854956388474,0.17524431049823763,1.4437024593353271,True,508,265,265,0.0
R6_LHS_04,physics,V52_B_E5_C9_1T,S10_HYBRID,displacement,X,0.014370827004313469,0.034431759268045425,0.08987906575202942,True,496,503,503,0.0
R6_LHS_04,physics,V52_B_E5_C9_1T,S10,velocity,X,0.5480815768241882,0.6553562581539154,0.7710476517677307,True,496,50,50,0.0
R6_LHS_04,physics,V52_B_E5_C9_1T,S10_HYBRID,displacement,Y,0.02807034831494093,0.14393435418605804,0.5397117733955383,True,496,207,207,0.0
R6_LHS_04,physics,V52_B_E5_C9_1T,S10,velocity,Y,0.22195594757795334,0.47405606508255005,1.5552537441253662,True,496,266,265,135.00458240048846
R6_LHS_04,physics,V52_B_E5_C9_1T,S10_HYBRID,displacement,Z,0.014587732031941414,0.024383945763111117,0.26425862312316895,True,508,72,1,0.5240000000000045
R6_LHS_04,physics,V52_B_E5_C9_1T,S10,velocity,Z,0.08601339906454086,0.17124793380498887,1.6817405223846436,True,508,265,265,0.0
R6_LHS_04,physics,V52_CPLUS_E5_C9_1T,S10_HYBRID,displacement,X,0.020249524153769016,0.05006941221654415,0.1113370731472969,True,496,503,503,0.0
R6_LHS_04,physics,V52_CPLUS_E5_C9_1T,S10,velocity,X,0.49958208203315735,0.6174452900886536,0.7791305780410767,True,496,153,70,0.524
R6_LHS_04,physics,V52_CPLUS_E5_C9_1T,S10_HYBRID,displacement,Y,0.03775782696902752,0.18198662996292114,0.7607481479644775,True,496,207,207,0.0
R6_LHS_04,physics,V52_CPLUS_E5_C9_1T,S10,velocity,Y,0.23315820842981339,0.47759848833084106,1.2647056579589844,True,496,266,271,135.0
R6_LHS_04,physics,V52_CPLUS_E5_C9_1T,S10_HYBRID,displacement,Z,0.026178501546382904,0.04542830586433411,0.6384090781211853,True,508,1,1,0.0
R6_LHS_04,physics,V52_CPLUS_E5_C9_1T,S10,velocity,Z,0.11223457753658295,0.1923471406102182,1.5703216791152954,True,508,265,265,0.0
R6_LHS_04,physics,V52_C_E5_C9_1T,S10_HYBRID,displacement,X,0.01860792562365532,0.04097487032413483,0.14753833413124084,True,496,503,503,0.0
R6_LHS_04,physics,V52_C_E5_C9_1T,S10,velocity,X,0.5401190221309662,0.6358880996704102,0.8206837773323059,True,496,153,50,135.00101694431785
R6_LHS_04,physics,V52_C_E5_C9_1T,S10_HYBRID,displacement,Y,0.047119662165641785,0.17560990899801254,0.6973206400871277,True,496,207,207,0.0
R6_LHS_04,physics,V52_C_E5_C9_1T,S10,velocity,Y,0.24976760894060135,0.5163076817989349,1.312705159187317,True,496,265,266,135.00458240048846
R6_LHS_04,physics,V52_C_E5_C9_1T,S10_HYBRID,displacement,Z,0.03537769988179207,0.04507038295269013,0.37716612219810486,True,508,1,1,0.0
R6_LHS_04,physics,V52_C_E5_C9_1T,S10,velocity,Z,0.1055956669151783,0.2041067063808441,1.9541735649108887,True,508,265,265,0.0
R6_LHS_04,physics,V40_A_E6_C10_1T,S10_HYBRID,displacement,X,0.0800289511680603,0.18284396827220917,0.7001383900642395,True,496,433,433,0.0
R6_LHS_04,physics,V40_A_E6_C10_1T,S10,velocity,X,0.4184901565313339,0.6222375929355621,0.9048012495040894,True,496,153,153,0.0
R6_LHS_04,physics,V40_A_E6_C10_1T,S10_HYBRID,displacement,Y,0.026912666857242584,0.17169974744319916,0.8227995038032532,True,496,207,207,0.0
R6_LHS_04,physics,V40_A_E6_C10_1T,S10,velocity,Y,0.3067960739135742,0.5777987837791443,1.1966242790222168,True,496,265,217,2.117891640824903
R6_LHS_04,physics,V40_A_E6_C10_1T,S10_HYBRID,displacement,Z,0.022525803185999393,0.03460332565009594,0.25472840666770935,True,508,1,72,0.5240000000000045
R6_LHS_04,physics,V40_A_E6_C10_1T,S10,velocity,Z,0.14400061964988708,0.21286363601684571,2.473267078399658,True,508,265,265,0.0
R6_LHS_04,physics,V40_B_E6_C10_1T,S10_HYBRID,displacement,X,0.07515841722488403,0.1789187714457512,0.7235398888587952,True,496,433,433,0.0
R6_LHS_04,physics,V40_B_E6_C10_1T,S10,velocity,X,0.37085549533367157,0.5560587048530579,0.9304929971694946,True,496,153,50,135.00101694431785
R6_LHS_04,physics,V40_B_E6_C10_1T,S10_HYBRID,displacement,Y,0.023694991134107113,0.12627507746219635,0.5001042485237122,True,496,207,207,0.0
R6_LHS_04,physics,V40_B_E6_C10_1T,S10,velocity,Y,0.27470076084136963,0.5281200110912323,1.2428780794143677,True,496,198,198,0.0
R6_LHS_04,physics,V40_B_E6_C10_1T,S10_HYBRID,displacement,Z,0.012290195561945438,0.021609866246581077,0.2730686068534851,True,508,72,72,0.0
R6_LHS_04,physics,V40_B_E6_C10_1T,S10,velocity,Z,0.14488819986581802,0.21806695461273193,1.5994867086410522,True,508,265,265,0.0
R6_LHS_04,physics,V40_CPLUS_E6_C10_1T,S10_HYBRID,displacement,X,0.10750937834382057,0.2198142260313034,0.6773501038551331,True,496,433,433,0.0
R6_LHS_04,physics,V40_CPLUS_E6_C10_1T,S10,velocity,X,0.4311264455318451,0.651000052690506,0.9456532001495361,True,496,153,153,0.0
R6_LHS_04,physics,V40_CPLUS_E6_C10_1T,S10_HYBRID,displacement,Y,0.0429094098508358,0.18435104191303253,0.7903934717178345,True,496,207,207,0.0
R6_LHS_04,physics,V40_CPLUS_E6_C10_1T,S10,velocity,Y,0.26068758964538574,0.5655579566955566,1.177448034286499,True,496,266,265,135.00458240048846
R6_LHS_04,physics,V40_CPLUS_E6_C10_1T,S10_HYBRID,displacement,Z,0.03304290771484375,0.05009037405252457,0.7551562190055847,True,508,1,72,0.5240000000000045
R6_LHS_04,physics,V40_CPLUS_E6_C10_1T,S10,velocity,Z,0.1678071767091751,0.25983932912349705,1.9276049137115479,True,508,265,265,0.0
R6_LHS_04,physics,V40_C_E6_C10_1T,S10_HYBRID,displacement,X,0.10589507222175598,0.22233914583921432,0.6853786110877991,True,496,433,433,0.0
R6_LHS_04,physics,V40_C_E6_C10_1T,S10,velocity,X,0.3902842253446579,0.5922086834907532,0.9243932366371155,True,496,153,511,8.336000000000011
R6_LHS_04,physics,V40_C_E6_C10_1T,S10_HYBRID,displacement,Y,0.03764108009636402,0.1745632216334343,0.7245545387268066,True,496,207,207,0.0
R6_LHS_04,physics,V40_C_E6_C10_1T,S10,velocity,Y,0.265382781624794,0.5423604547977448,1.1457043886184692,True,496,265,265,0.0
R6_LHS_04,physics,V40_C_E6_C10_1T,S10_HYBRID,displacement,Z,0.02653529029339552,0.04108938127756119,0.6416120529174805,True,508,1,72,0.5240000000000045
R6_LHS_04,physics,V40_C_E6_C10_1T,S10,velocity,Z,0.14786260575056076,0.23265129476785662,1.8808616399765015,True,508,265,265,0.0
R6_LHS_04,physics,V52_A_E6_C10_1T,S10_HYBRID,displacement,X,0.07204324007034302,0.15366048365831375,0.6726552248001099,True,496,433,433,0.0
R6_LHS_04,physics,V52_A_E6_C10_1T,S10,velocity,X,0.5076594352722168,0.6970812678337097,0.9230893850326538,True,496,70,50,135.0
R6_LHS_04,physics,V52_A_E6_C10_1T,S10_HYBRID,displacement,Y,0.023322773166000843,0.1206398494541645,0.5882738828659058,True,496,207,207,0.0
R6_LHS_04,physics,V52_A_E6_C10_1T,S10,velocity,Y,0.3196827322244644,0.47829701006412506,1.2137079238891602,True,496,265,198,135.0166118112963
R6_LHS_04,physics,V52_A_E6_C10_1T,S10_HYBRID,displacement,Z,0.01276778057217598,0.017269084975123406,0.22300338745117188,True,508,1,72,0.5240000000000045
R6_LHS_04,physics,V52_A_E6_C10_1T,S10,velocity,Z,0.14262985438108444,0.21577194184064866,1.3533234596252441,True,508,265,265,0.0
R6_LHS_04,physics,V52_B_E6_C10_1T,S10_HYBRID,displacement,X,0.10916042700409889,0.2542940378189087,1.010777473449707,True,496,433,433,0.0
R6_LHS_04,physics,V52_B_E6_C10_1T,S10,velocity,X,0.4405926913022995,0.6432351171970367,0.8891910314559937,True,496,70,50,135.0
R6_LHS_04,physics,V52_B_E6_C10_1T,S10_HYBRID,displacement,Y,0.055784670636057854,0.23051758110523224,1.0431768894195557,True,496,182,207,4.8651837654354875
R6_LHS_04,physics,V52_B_E6_C10_1T,S10,velocity,Y,0.2713024616241455,0.45569346845149994,1.2421153783798218,True,496,265,198,135.0166118112963
R6_LHS_04,physics,V52_B_E6_C10_1T,S10_HYBRID,displacement,Z,0.0561886802315712,0.07457131445407868,0.8768981099128723,True,508,1,72,0.5240000000000045
R6_LHS_04,physics,V52_B_E6_C10_1T,S10,velocity,Z,0.1383763998746872,0.20027872622013093,1.2173433303833008,True,508,265,265,0.0
R6_LHS_04,physics,V52_CPLUS_E6_C10_1T,S10_HYBRID,displacement,X,0.07869168743491173,0.16453853994607925,0.712433934211731,True,496,433,433,0.0
R6_LHS_04,physics,V52_CPLUS_E6_C10_1T,S10,velocity,X,0.4882357567548752,0.6770312786102295,0.9564799070358276,True,496,70,50,135.0
R6_LHS_04,physics,V52_CPLUS_E6_C10_1T,S10_HYBRID,displacement,Y,0.03525694087147713,0.1673722043633461,0.6894000172615051,True,496,207,207,0.0
R6_LHS_04,physics,V52_CPLUS_E6_C10_1T,S10,velocity,Y,0.22378657013177872,0.5280754566192627,1.2213671207427979,True,496,265,265,0.0
R6_LHS_04,physics,V52_CPLUS_E6_C10_1T,S10_HYBRID,displacement,Z,0.029123381711542606,0.045020419359207156,0.46778154373168945,True,508,1,72,0.5240000000000045
R6_LHS_04,physics,V52_CPLUS_E6_C10_1T,S10,velocity,Z,0.1249772235751152,0.2303086638450623,2.0563180446624756,True,508,265,265,0.0
R6_LHS_04,physics,V52_C_E6_C10_1T,S10_HYBRID,displacement,X,0.07783813029527664,0.16709435731172562,0.6849225163459778,True,496,433,433,0.0
R6_LHS_04,physics,V52_C_E6_C10_1T,S10,velocity,X,0.4512840509414673,0.6359127163887024,0.8601300120353699,True,496,50,50,0.0
R6_LHS_04,physics,V52_C_E6_C10_1T,S10_HYBRID,displacement,Y,0.024072476662695408,0.13241808861494064,0.5343316793441772,True,496,207,207,0.0
R6_LHS_04,physics,V52_C_E6_C10_1T,S10,velocity,Y,0.24334366619586945,0.4824622571468353,1.3954085111618042,True,496,265,266,135.00458240048846
R6_LHS_04,physics,V52_C_E6_C10_1T,S10_HYBRID,displacement,Z,0.012870934791862965,0.02332883756607771,0.2884889543056488,True,508,72,72,0.0
R6_LHS_04,physics,V52_C_E6_C10_1T,S10,velocity,Z,0.13289004564285278,0.21577388495206837,1.5035322904586792,True,508,265,265,0.0
R6_LHS_04,physics,V40_A_E7_C11_2T,S10_HYBRID,displacement,X,0.016257641837000847,0.03720122203230858,0.10210056602954865,True,496,433,433,0.0
R6_LHS_04,physics,V40_A_E7_C11_2T,S10,velocity,X,0.5868306457996368,0.699472039937973,0.8389735221862793,True,496,50,50,0.0
R6_LHS_04,physics,V40_A_E7_C11_2T,S10_HYBRID,displacement,Y,0.03502194955945015,0.14373291283845901,0.5454025268554688,True,496,207,280,1.0347168233735533
R6_LHS_04,physics,V40_A_E7_C11_2T,S10,velocity,Y,0.21248147636651993,0.43211065232753754,1.3614686727523804,True,496,266,265,135.00458240048846
R6_LHS_04,physics,V40_A_E7_C11_2T,S10_HYBRID,displacement,Z,0.03329971246421337,0.05077744834125042,1.2517279386520386,True,508,72,443,8.336000000000006
R6_LHS_04,physics,V40_A_E7_C11_2T,S10,velocity,Z,0.14998439699411392,0.2555682361125946,2.325521230697632,True,508,265,265,0.0
R6_LHS_04,physics,V40_B_E7_C11_2T,S10_HYBRID,displacement,X,0.02065094467252493,0.044030142948031425,0.12938469648361206,True,496,433,433,0.0
R6_LHS_04,physics,V40_B_E7_C11_2T,S10,velocity,X,0.5648187100887299,0.7074394822120667,0.9108296632766724,True,496,511,493,135.0
R6_LHS_04,physics,V40_B_E7_C11_2T,S10_HYBRID,displacement,Y,0.039238885045051575,0.14409466832876205,0.5042039752006531,True,496,306,280,1.034716823373547
R6_LHS_04,physics,V40_B_E7_C11_2T,S10,velocity,Y,0.21707389503717422,0.43982836604118347,1.2754501104354858,True,496,265,296,135.0166118112963
R6_LHS_04,physics,V40_B_E7_C11_2T,S10_HYBRID,displacement,Z,0.05182710103690624,0.0854213297367096,1.4177485704421997,True,508,443,443,0.0
R6_LHS_04,physics,V40_B_E7_C11_2T,S10,velocity,Z,0.12801635265350342,0.2307044103741646,2.291776418685913,True,508,265,265,0.0
R6_LHS_04,physics,V40_CPLUS_E7_C11_2T,S10_HYBRID,displacement,X,0.02611385565251112,0.04969790019094944,0.11235243082046509,True,496,433,433,0.0
R6_LHS_04,physics,V40_CPLUS_E7_C11_2T,S10,velocity,X,0.4489256888628006,0.6463663578033447,0.7868068218231201,True,496,153,493,135.25712142434497
R6_LHS_04,physics,V40_CPLUS_E7_C11_2T,S10_HYBRID,displacement,Y,0.03880206681787968,0.1278698518872261,0.4078878164291382,True,496,280,280,0.0
R6_LHS_04,physics,V40_CPLUS_E7_C11_2T,S10,velocity,Y,0.1789850890636444,0.3962142616510391,1.0151464939117432,True,496,198,266,1.2691934446726394
R6_LHS_04,physics,V40_CPLUS_E7_C11_2T,S10_HYBRID,displacement,Z,0.039183251559734344,0.05223436988890171,1.1591678857803345,True,508,443,443,0.0
R6_LHS_04,physics,V40_CPLUS_E7_C11_2T,S10,velocity,Z,0.10957587882876396,0.22523749470710758,2.9858343601226807,True,508,265,265,0.0
R6_LHS_04,physics,V40_C_E7_C11_2T,S10_HYBRID,displacement,X,0.024230574257671833,0.044961027801036835,0.09408888965845108,True,496,433,433,0.0
R6_LHS_04,physics,V40_C_E7_C11_2T,S10,velocity,X,0.4555460810661316,0.6209635734558105,0.8075621128082275,True,496,50,153,135.00101694431785
R6_LHS_04,physics,V40_C_E7_C11_2T,S10_HYBRID,displacement,Y,0.04342334344983101,0.13037990033626556,0.39889222383499146,True,496,280,280,0.0
R6_LHS_04,physics,V40_C_E7_C11_2T,S10,velocity,Y,0.19151504337787628,0.3946583569049835,1.0538480281829834,True,496,266,316,135.00596598669262
R6_LHS_04,physics,V40_C_E7_C11_2T,S10_HYBRID,displacement,Z,0.04125837795436382,0.052243569120764735,1.0553548336029053,True,508,443,443,0.0
R6_LHS_04,physics,V40_C_E7_C11_2T,S10,velocity,Z,0.11735334619879723,0.22717942893505103,2.7819669246673584,True,508,265,265,0.0
R6_LHS_04,physics,V52_A_E7_C11_2T,S10_HYBRID,displacement,X,0.01919778808951378,0.03748584911227226,0.09520188719034195,True,496,36,60,4.792009909719341
R6_LHS_04,physics,V52_A_E7_C11_2T,S10,velocity,X,0.6054826080799103,0.7448960244655609,0.8291476368904114,True,496,50,50,0.0
R6_LHS_04,physics,V52_A_E7_C11_2T,S10_HYBRID,displacement,Y,0.038536714389920235,0.19371257722377777,0.7162531614303589,True,496,306,280,1.034716823373547
R6_LHS_04,physics,V52_A_E7_C11_2T,S10,velocity,Y,0.18203681707382202,0.3706262558698654,1.139552116394043,True,496,265,198,135.0166118112963
R6_LHS_04,physics,V52_A_E7_C11_2T,S10_HYBRID,displacement,Z,0.0382207166403532,0.07425884380936623,1.2208514213562012,True,508,72,443,8.336000000000006
R6_LHS_04,physics,V52_A_E7_C11_2T,S10,velocity,Z,0.12205930426716805,0.21437558829784395,1.8777828216552734,True,508,265,265,0.0
R6_LHS_04,physics,V52_B_E7_C11_2T,S10_HYBRID,displacement,X,0.02360051404684782,0.04315709508955479,0.07766260206699371,True,496,503,36,9.902761372205656
R6_LHS_04,physics,V52_B_E7_C11_2T,S10,velocity,X,0.5016297399997711,0.7087694704532623,0.7892888784408569,True,496,50,50,0.0
R6_LHS_04,physics,V52_B_E7_C11_2T,S10_HYBRID,displacement,Y,0.06515089422464371,0.16170811653137207,0.36001986265182495,True,496,280,280,0.0
R6_LHS_04,physics,V52_B_E7_C11_2T,S10,velocity,Y,0.16918901354074478,0.34184835851192474,1.1507434844970703,True,496,266,198,1.2691934446726394
R6_LHS_04,physics,V52_B_E7_C11_2T,S10_HYBRID,displacement,Z,0.0657234750688076,0.07849651277065277,0.8628285527229309,True,508,443,443,0.0
R6_LHS_04,physics,V52_B_E7_C11_2T,S10,velocity,Z,0.10867886245250702,0.19406781643629076,1.4062343835830688,True,508,265,265,0.0
R6_LHS_04,physics,V52_CPLUS_E7_C11_2T,S10_HYBRID,displacement,X,0.025325792841613293,0.04900377057492733,0.09603911638259888,True,496,36,208,8.556802959534613
R6_LHS_04,physics,V52_CPLUS_E7_C11_2T,S10,velocity,X,0.5063117146492004,0.6542520225048065,0.7917903661727905,True,496,50,511,135.2904268601441
R6_LHS_04,physics,V52_CPLUS_E7_C11_2T,S10_HYBRID,displacement,Y,0.05492345057427883,0.14082515239715576,0.39659103751182556,True,496,280,280,0.0
R6_LHS_04,physics,V52_CPLUS_E7_C11_2T,S10,velocity,Y,0.16076923161745071,0.35344813764095306,1.1261197328567505,True,496,266,266,0.0
R6_LHS_04,physics,V52_CPLUS_E7_C11_2T,S10_HYBRID,displacement,Z,0.05472597852349281,0.06714889109134675,0.8481661081314087,True,508,443,1,8.86000000000001
R6_LHS_04,physics,V52_CPLUS_E7_C11_2T,S10,velocity,Z,0.10208280012011528,0.1843334048986435,1.4783769845962524,True,508,265,265,0.0
R6_LHS_04,physics,V52_C_E7_C11_2T,S10_HYBRID,displacement,X,0.016505330801010132,0.03927096165716648,0.10487663745880127,True,496,208,36,8.556802959534613
R6_LHS_04,physics,V52_C_E7_C11_2T,S10,velocity,X,0.48293569684028625,0.6951972544193268,0.767361581325531,True,496,50,493,8.86000000000001
R6_LHS_04,physics,V52_C_E7_C11_2T,S10_HYBRID,displacement,Y,0.038554372265934944,0.1333402544260025,0.5031691789627075,True,496,280,280,0.0
R6_LHS_04,physics,V52_C_E7_C11_2T,S10,velocity,Y,0.15709343552589417,0.3531939834356308,1.769375205039978,True,496,266,296,1.2691934446726394
R6_LHS_04,physics,V52_C_E7_C11_2T,S10_HYBRID,displacement,Z,0.03560822829604149,0.05533732660114765,1.2807517051696777,True,508,72,443,8.336000000000006
R6_LHS_04,physics,V52_C_E7_C11_2T,S10,velocity,Z,0.10543617606163025,0.1911847621202469,1.897179126739502,True,508,265,265,0.0
R6_LHS_04,physics,V40_A_E8_C12_2T,S10_HYBRID,displacement,X,0.12228399515151978,0.26591844856739044,0.6232913136482239,True,496,187,187,0.0
R6_LHS_04,physics,V40_A_E8_C12_2T,S10,velocity,X,0.401159405708313,0.6510071754455566,0.909641444683075,True,496,511,50,135.2904268601441
R6_LHS_04,physics,V40_A_E8_C12_2T,S10_HYBRID,displacement,Y,0.04131857678294182,0.155525341629982,0.49099767208099365,True,496,280,280,0.0
R6_LHS_04,physics,V40_A_E8_C12_2T,S10,velocity,Y,0.23915866762399673,0.4309612214565277,1.179534673690796,True,496,266,266,0.0
R6_LHS_04,physics,V40_A_E8_C12_2T,S10_HYBRID,displacement,Z,0.05360062047839165,0.08154299035668373,1.3933486938476562,True,508,443,361,0.5240000000000145
R6_LHS_04,physics,V40_A_E8_C12_2T,S10,velocity,Z,0.19788295030593872,0.29499660730361943,2.40568470954895,True,508,265,265,0.0
R6_LHS_04,physics,V40_B_E8_C12_2T,S10_HYBRID,displacement,X,0.13839613646268845,0.30969320237636566,0.7493701577186584,True,496,187,187,0.0
R6_LHS_04,physics,V40_B_E8_C12_2T,S10,velocity,X,0.35510438680648804,0.5903314352035522,0.8754885196685791,True,496,511,50,135.2904268601441
R6_LHS_04,physics,V40_B_E8_C12_2T,S10_HYBRID,displacement,Y,0.04186819866299629,0.21173390001058578,0.7877877950668335,True,496,306,280,1.034716823373547
R6_LHS_04,physics,V40_B_E8_C12_2T,S10,velocity,Y,0.19728738814592361,0.37126147747039795,1.0232763290405273,True,496,265,266,135.00458240048846
R6_LHS_04,physics,V40_B_E8_C12_2T,S10_HYBRID,displacement,Z,0.045230019837617874,0.09028277769684794,0.839582622051239,True,508,72,361,7.811999999999991
R6_LHS_04,physics,V40_B_E8_C12_2T,S10,velocity,Z,0.16460080444812775,0.25073192566633234,1.6970850229263306,True,508,265,265,0.0
R6_LHS_04,physics,V40_CPLUS_E8_C12_2T,S10_HYBRID,displacement,X,0.08403690159320831,0.14143209904432297,0.2937162518501282,True,496,187,187,0.0
R6_LHS_04,physics,V40_CPLUS_E8_C12_2T,S10,velocity,X,0.38155344128608704,0.6116413474082947,0.8686108589172363,True,496,493,493,0.0
R6_LHS_04,physics,V40_CPLUS_E8_C12_2T,S10_HYBRID,displacement,Y,0.031486961990594864,0.1097070537507534,0.3663090765476227,True,496,280,280,0.0
R6_LHS_04,physics,V40_CPLUS_E8_C12_2T,S10,velocity,Y,0.18349666148424149,0.3881999999284744,1.0491058826446533,True,496,266,296,1.2691934446726394
R6_LHS_04,physics,V40_CPLUS_E8_C12_2T,S10_HYBRID,displacement,Z,0.024420281872153282,0.03813659921288491,0.7108440399169922,True,508,443,361,0.5240000000000145
R6_LHS_04,physics,V40_CPLUS_E8_C12_2T,S10,velocity,Z,0.1337968409061432,0.23513935506343842,1.5471704006195068,True,508,265,265,0.0
R6_LHS_04,physics,V40_C_E8_C12_2T,S10_HYBRID,displacement,X,0.08203087374567986,0.16101595759391785,0.3294854760169983,True,496,187,187,0.0
R6_LHS_04,physics,V40_C_E8_C12_2T,S10,velocity,X,0.3826929032802582,0.6941366791725159,1.0898895263671875,True,496,50,50,0.0
R6_LHS_04,physics,V40_C_E8_C12_2T,S10_HYBRID,displacement,Y,0.03236799314618111,0.14225469529628754,0.5615214109420776,True,496,280,280,0.0
R6_LHS_04,physics,V40_C_E8_C12_2T,S10,velocity,Y,0.1974499598145485,0.38340383768081665,1.2743586301803589,True,496,266,198,1.2691934446726394
R6_LHS_04,physics,V40_C_E8_C12_2T,S10_HYBRID,displacement,Z,0.028607442043721676,0.050051452964544295,1.2224589586257935,True,508,72,361,7.811999999999991
R6_LHS_04,physics,V40_C_E8_C12_2T,S10,velocity,Z,0.15796219557523727,0.24914582818746578,1.697713851928711,True,508,265,265,0.0
R6_LHS_04,physics,V52_A_E8_C12_2T,S10_HYBRID,displacement,X,0.1450629159808159,0.35894426703453064,0.8890364766120911,True,496,187,187,0.0
R6_LHS_04,physics,V52_A_E8_C12_2T,S10,velocity,X,0.43182529509067535,0.6964936256408691,0.8596987128257751,True,496,50,50,0.0
R6_LHS_04,physics,V52_A_E8_C12_2T,S10_HYBRID,displacement,Y,0.04870276711881161,0.20209353417158127,0.7464249134063721,True,496,280,280,0.0
R6_LHS_04,physics,V52_A_E8_C12_2T,S10,velocity,Y,0.209635928273201,0.36013661324977875,1.084648609161377,True,496,266,266,0.0
R6_LHS_04,physics,V52_A_E8_C12_2T,S10_HYBRID,displacement,Z,0.04925942420959473,0.07702490761876107,1.0557156801223755,True,508,72,72,0.0
R6_LHS_04,physics,V52_A_E8_C12_2T,S10,velocity,Z,0.20914901793003082,0.29438028335571287,1.4258182048797607,True,508,265,265,0.0
R6_LHS_04,physics,V52_B_E8_C12_2T,S10_HYBRID,displacement,X,0.07537302747368813,0.12167055532336235,0.24937567114830017,True,496,187,187,0.0
R6_LHS_04,physics,V52_B_E8_C12_2T,S10,velocity,X,0.4128637909889221,0.6906389892101288,0.8679347634315491,True,496,50,50,0.0
R6_LHS_04,physics,V52_B_E8_C12_2T,S10_HYBRID,displacement,Y,0.025407609529793262,0.11562317982316017,0.34095221757888794,True,496,280,280,0.0
R6_LHS_04,physics,V52_B_E8_C12_2T,S10,velocity,Y,0.18311533331871033,0.353284627199173,1.1748888492584229,True,496,266,266,0.0
R6_LHS_04,physics,V52_B_E8_C12_2T,S10_HYBRID,displacement,Z,0.021621729247272015,0.03458002991974354,0.9216891527175903,True,508,361,361,0.0
R6_LHS_04,physics,V52_B_E8_C12_2T,S10,velocity,Z,0.16842614114284515,0.2573384642601013,2.17573881149292,True,508,265,265,0.0
R6_LHS_04,physics,V52_CPLUS_E8_C12_2T,S10_HYBRID,displacement,X,0.10584596544504166,0.21692223846912384,0.7223002910614014,True,496,187,187,0.0
R6_LHS_04,physics,V52_CPLUS_E8_C12_2T,S10,velocity,X,0.46178728342056274,0.6659168004989624,0.8419559597969055,True,496,441,50,135.25712142434497
R6_LHS_04,physics,V52_CPLUS_E8_C12_2T,S10_HYBRID,displacement,Y,0.04939577542245388,0.15689010173082352,0.5902753472328186,True,496,306,280,1.034716823373547
R6_LHS_04,physics,V52_CPLUS_E8_C12_2T,S10,velocity,Y,0.1761828288435936,0.37706825137138367,1.4117714166641235,True,496,265,198,135.0166118112963
R6_LHS_04,physics,V52_CPLUS_E8_C12_2T,S10_HYBRID,displacement,Z,0.07263006642460823,0.11673272848129272,1.457424521446228,True,508,443,361,0.5240000000000145
R6_LHS_04,physics,V52_CPLUS_E8_C12_2T,S10,velocity,Z,0.11786747723817825,0.20721518844366077,2.022864818572998,True,508,265,265,0.0
R6_LHS_04,physics,V52_C_E8_C12_2T,S10_HYBRID,displacement,X,0.08357879146933556,0.13898825645446777,0.2946490943431854,True,496,187,187,0.0
R6_LHS_04,physics,V52_C_E8_C12_2T,S10,velocity,X,0.40230149030685425,0.6489472389221191,0.8348660469055176,True,496,50,50,0.0
R6_LHS_04,physics,V52_C_E8_C12_2T,S10_HYBRID,displacement,Y,0.03212420269846916,0.12398708984255791,0.3306991755962372,True,496,280,280,0.0
R6_LHS_04,physics,V52_C_E8_C12_2T,S10,velocity,Y,0.16724640876054764,0.3306702971458435,1.1156972646713257,True,496,266,198,1.2691934446726394
R6_LHS_04,physics,V52_C_E8_C12_2T,S10_HYBRID,displacement,Z,0.026832137256860733,0.03874379135668278,0.7075978517532349,True,508,361,361,0.0
R6_LHS_04,physics,V52_C_E8_C12_2T,S10,velocity,Z,0.1405910849571228,0.22606727778911592,1.4507417678833008,True,508,265,265,0.0
R6_LHS_04,control,BASE_C1_0T,S10_HYBRID,displacement,X,0.3849118798971176,1.282837152481079,8.511346817016602,True,496,437,437,0.0
R6_LHS_04,control,BASE_C1_0T,S10,velocity,X,,,,False,0,0,0,0.0
R6_LHS_04,control,BASE_C1_0T,S10_HYBRID,displacement,Y,0.03623479977250099,0.16594043374061584,2.5279083251953125,True,496,236,236,0.0
R6_LHS_04,control,BASE_C1_0T,S10,velocity,Y,,,,False,0,0,0,0.0
R6_LHS_04,control,BASE_C1_0T,S10_HYBRID,displacement,Z,0.036849506199359894,0.04298714771866798,0.18115772306919098,True,508,226,226,0.0
R6_LHS_04,control,BASE_C1_0T,S10,velocity,Z,,,,False,0,0,0,0.0
R6_LHS_04,control,BASE_C2_0T,S10_HYBRID,displacement,X,0.009949057828634977,0.014951025601476431,0.02436234802007675,True,496,433,433,0.0
R6_LHS_04,control,BASE_C2_0T,S10,velocity,X,,,,False,0,0,0,0.0
R6_LHS_04,control,BASE_C2_0T,S10_HYBRID,displacement,Y,0.06576468423008919,0.2308400273323059,2.650890350341797,True,496,236,236,0.0
R6_LHS_04,control,BASE_C2_0T,S10,velocity,Y,,,,False,0,0,0,0.0
R6_LHS_04,control,BASE_C2_0T,S10_HYBRID,displacement,Z,0.0647687166929245,0.06990576460957527,0.20205484330654144,True,508,443,443,0.0
R6_LHS_04,control,BASE_C2_0T,S10,velocity,Z,,,,False,0,0,0,0.0
R6_LHS_04,control,BASE_C3_0T,S10_HYBRID,displacement,X,0.30600185692310333,0.9762547612190247,7.024093151092529,True,496,437,437,0.0
R6_LHS_04,control,BASE_C3_0T,S10,velocity,X,,,,False,0,0,0,0.0
R6_LHS_04,control,BASE_C3_0T,S10_HYBRID,displacement,Y,0.02267469372600317,0.10797262564301491,1.7821738719940186,True,496,236,236,0.0
R6_LHS_04,control,BASE_C3_0T,S10,velocity,Y,,,,False,0,0,0,0.0
R6_LHS_04,control,BASE_C3_0T,S10_HYBRID,displacement,Z,0.02197218593209982,0.026732088439166544,0.130360946059227,True,508,226,226,0.0
R6_LHS_04,control,BASE_C3_0T,S10,velocity,Z,,,,False,0,0,0,0.0
R6_LHS_04,control,BASE_C8_0T,S10_HYBRID,displacement,X,0.011419326532632113,0.017568781040608883,0.024327095597982407,True,496,433,433,0.0
R6_LHS_04,control,BASE_C8_0T,S10,velocity,X,,,,False,0,0,0,0.0
R6_LHS_04,control,BASE_C8_0T,S10_HYBRID,displacement,Y,0.02642172947525978,0.11787122115492821,1.5971720218658447,True,496,433,236,10.59715891150338
R6_LHS_04,control,BASE_C8_0T,S10,velocity,Y,,,,False,0,0,0,0.0
R6_LHS_04,control,BASE_C8_0T,S10_HYBRID,displacement,Z,0.028570489026606083,0.03442755416035652,0.15942183136940002,True,508,443,443,0.0
R6_LHS_04,control,BASE_C8_0T,S10,velocity,Z,,,,False,0,0,0,0.0
R6_LHS_04,control,V40_A_E1_C4_2T,S10_HYBRID,displacement,X,0.11063855513930321,0.16916346549987793,0.3624144196510315,True,496,187,187,0.0
R6_LHS_04,control,V40_A_E1_C4_2T,S10,velocity,X,0.3974737375974655,0.663488894701004,0.9416433572769165,True,496,511,50,135.2904268601441
R6_LHS_04,control,V40_A_E1_C4_2T,S10_HYBRID,displacement,Y,0.04429069720208645,0.15031176805496216,0.37304696440696716,True,496,280,280,0.0
R6_LHS_04,control,V40_A_E1_C4_2T,S10,velocity,Y,0.2374708205461502,0.444262370467186,1.1858234405517578,True,496,265,266,135.00458240048846
R6_LHS_04,control,V40_A_E1_C4_2T,S10_HYBRID,displacement,Z,0.045768605545163155,0.05604246370494366,1.0719069242477417,True,508,443,361,0.5240000000000145
R6_LHS_04,control,V40_A_E1_C4_2T,S10,velocity,Z,0.23381830751895905,0.3273511588573456,1.8763537406921387,True,508,265,265,0.0
R6_LHS_04,control,V40_B_E1_C4_2T,S10_HYBRID,displacement,X,0.10841592028737068,0.2579638510942459,0.5976833701133728,True,496,187,187,0.0
R6_LHS_04,control,V40_B_E1_C4_2T,S10,velocity,X,0.37370580434799194,0.6072141230106354,0.879808247089386,True,496,50,50,0.0
R6_LHS_04,control,V40_B_E1_C4_2T,S10_HYBRID,displacement,Y,0.04655156470835209,0.12938956916332245,0.35601016879081726,True,496,280,280,0.0
R6_LHS_04,control,V40_B_E1_C4_2T,S10,velocity,Y,0.2025172859430313,0.3896726071834564,1.0333248376846313,True,496,266,266,0.0
R6_LHS_04,control,V40_B_E1_C4_2T,S10_HYBRID,displacement,Z,0.04329369030892849,0.05424586161971092,0.7699304819107056,True,508,72,361,7.811999999999991
R6_LHS_04,control,V40_B_E1_C4_2T,S10,velocity,Z,0.21147996932268143,0.28801851570606235,1.4524495601654053,True,508,265,265,0.0
R6_LHS_04,control,V40_CPLUS_E1_C4_2T,S10_HYBRID,displacement,X,0.09586207196116447,0.1612439751625061,0.37774673104286194,True,496,187,187,0.0
R6_LHS_04,control,V40_CPLUS_E1_C4_2T,S10,velocity,X,0.39495961368083954,0.6468884646892548,1.0593820810317993,True,496,50,493,8.86000000000001
R6_LHS_04,control,V40_CPLUS_E1_C4_2T,S10_HYBRID,displacement,Y,0.04355340451002121,0.1347658857703209,0.43222275376319885,True,496,280,280,0.0
R6_LHS_04,control,V40_CPLUS_E1_C4_2T,S10,velocity,Y,0.20441939681768417,0.434618279337883,1.1364061832427979,True,496,266,266,0.0
R6_LHS_04,control,V40_CPLUS_E1_C4_2T,S10_HYBRID,displacement,Z,0.045462723821401596,0.07194390669465066,1.146249771118164,True,508,224,361,3.9059999999999957
R6_LHS_04,control,V40_CPLUS_E1_C4_2T,S10,velocity,Z,0.21050463616847992,0.2835749804973603,1.3673113584518433,True,508,265,265,0.0
R6_LHS_04,control,V40_C_E1_C4_2T,S10_HYBRID,displacement,X,0.10457354411482811,0.22756917029619217,0.5026654601097107,True,496,187,187,0.0
R6_LHS_04,control,V40_C_E1_C4_2T,S10,velocity,X,0.3605538606643677,0.5849660933017731,0.8665337562561035,True,496,50,50,0.0
R6_LHS_04,control,V40_C_E1_C4_2T,S10_HYBRID,displacement,Y,0.04379553534090519,0.12280368059873581,0.35626184940338135,True,496,280,280,0.0
R6_LHS_04,control,V40_C_E1_C4_2T,S10,velocity,Y,0.1930510476231575,0.3762960135936737,0.9299035668373108,True,496,266,198,1.2691934446726394
R6_LHS_04,control,V40_C_E1_C4_2T,S10_HYBRID,displacement,Z,0.04044645465910435,0.051596925035119055,0.7190883755683899,True,508,72,361,7.811999999999991
R6_LHS_04,control,V40_C_E1_C4_2T,S10,velocity,Z,0.20342428237199783,0.2810367435216905,1.4585511684417725,True,508,265,265,0.0
R6_LHS_04,control,V52_A_E1_C4_2T,S10_HYBRID,displacement,X,0.08793390542268753,0.15956366807222366,0.3408814072608948,True,496,187,187,0.0
R6_LHS_04,control,V52_A_E1_C4_2T,S10,velocity,X,0.4532335549592972,0.7250830829143524,0.9088147282600403,True,496,50,50,0.0
R6_LHS_04,control,V52_A_E1_C4_2T,S10_HYBRID,displacement,Y,0.039243681356310844,0.1316085085272789,0.39906758069992065,True,496,280,280,0.0
R6_LHS_04,control,V52_A_E1_C4_2T,S10,velocity,Y,0.22957219928503036,0.34785741567611694,1.0596003532409668,True,496,266,266,0.0
R6_LHS_04,control,V52_A_E1_C4_2T,S10_HYBRID,displacement,Z,0.04087042436003685,0.0616402667015791,0.9817398190498352,True,508,443,72,8.336000000000006
R6_LHS_04,control,V52_A_E1_C4_2T,S10,velocity,Z,0.21503473073244095,0.31653045713901523,1.8268940448760986,True,508,265,265,0.0
R6_LHS_04,control,V52_B_E1_C4_2T,S10_HYBRID,displacement,X,0.11797430366277695,0.23559458553791046,0.46722814440727234,True,496,187,187,0.0
R6_LHS_04,control,V52_B_E1_C4_2T,S10,velocity,X,0.5231251120567322,0.697609007358551,0.8751021027565002,True,496,511,493,135.0
R6_LHS_04,control,V52_B_E1_C4_2T,S10_HYBRID,displacement,Y,0.04763308726251125,0.18329142034053802,0.8961496949195862,True,496,207,280,1.0347168233735533
R6_LHS_04,control,V52_B_E1_C4_2T,S10,velocity,Y,0.2056804820895195,0.3515177518129349,1.0268263816833496,True,496,265,296,135.0166118112963
R6_LHS_04,control,V52_B_E1_C4_2T,S10_HYBRID,displacement,Z,0.0535595640540123,0.11047923341393472,1.2309726476669312,True,508,1,361,8.335999999999995
R6_LHS_04,control,V52_B_E1_C4_2T,S10,velocity,Z,0.19594649225473404,0.27414577901363374,1.5763823986053467,True,508,265,265,0.0
R6_LHS_04,control,V52_CPLUS_E1_C4_2T,S10_HYBRID,displacement,X,0.08103449642658234,0.1432141587138176,0.26312342286109924,True,496,187,187,0.0
R6_LHS_04,control,V52_CPLUS_E1_C4_2T,S10,velocity,X,0.45653603971004486,0.6901643872261047,0.894832968711853,True,496,50,493,8.86000000000001
R6_LHS_04,control,V52_CPLUS_E1_C4_2T,S10_HYBRID,displacement,Y,0.0367869958281517,0.14395057410001755,0.44329866766929626,True,496,280,280,0.0
R6_LHS_04,control,V52_CPLUS_E1_C4_2T,S10,velocity,Y,0.1755862608551979,0.35428184270858765,1.0870312452316284,True,496,266,296,1.2691934446726394
R6_LHS_04,control,V52_CPLUS_E1_C4_2T,S10_HYBRID,displacement,Z,0.038744278252124786,0.06243051625788212,0.9592610001564026,True,508,443,361,0.5240000000000145
R6_LHS_04,control,V52_CPLUS_E1_C4_2T,S10,velocity,Z,0.16013149917125702,0.23452929705381395,1.7442622184753418,True,508,265,265,0.0
R6_LHS_04,control,V52_C_E1_C4_2T,S10_HYBRID,displacement,X,0.08840691670775414,0.1550307273864746,0.27424725890159607,True,496,187,187,0.0
R6_LHS_04,control,V52_C_E1_C4_2T,S10,velocity,X,0.39405298233032227,0.6636351644992828,0.8387321829795837,True,496,50,493,8.86000000000001
R6_LHS_04,control,V52_C_E1_C4_2T,S10_HYBRID,displacement,Y,0.041419435292482376,0.12769176438450813,0.37785086035728455,True,496,280,280,0.0
R6_LHS_04,control,V52_C_E1_C4_2T,S10,velocity,Y,0.17959795892238617,0.34789663553237915,1.2220715284347534,True,496,266,266,0.0
R6_LHS_04,control,V52_C_E1_C4_2T,S10_HYBRID,displacement,Z,0.039809804409742355,0.049815346300601956,0.9682581424713135,True,508,361,361,0.0
R6_LHS_04,control,V52_C_E1_C4_2T,S10,velocity,Z,0.16702289879322052,0.24028205424547197,1.5114717483520508,True,508,265,265,0.0
R6_LHS_04,control,V40_A_E2_C5_2T,S10_HYBRID,displacement,X,0.019967999309301376,0.04791111499071121,0.0829947292804718,True,496,433,433,0.0
R6_LHS_04,control,V40_A_E2_C5_2T,S10,velocity,X,0.6312126517295837,0.7811699509620667,0.8919665217399597,True,496,511,153,8.336000000000011
R6_LHS_04,control,V40_A_E2_C5_2T,S10_HYBRID,displacement,Y,0.0505540706217289,0.18874608725309372,0.9985639452934265,True,496,207,280,1.0347168233735533
R6_LHS_04,control,V40_A_E2_C5_2T,S10,velocity,Y,0.22039487212896347,0.41992005705833435,1.0704559087753296,True,496,265,316,2.117891640824903
R6_LHS_04,control,V40_A_E2_C5_2T,S10_HYBRID,displacement,Z,0.05564533919095993,0.10981433838605882,1.2558326721191406,True,508,1,443,8.86000000000001
R6_LHS_04,control,V40_A_E2_C5_2T,S10,velocity,Z,0.23169823735952377,0.2928170859813691,2.224794626235962,True,508,265,265,0.0
R6_LHS_04,control,V40_B_E2_C5_2T,S10_HYBRID,displacement,X,0.018763977102935314,0.03464440628886223,0.07819797843694687,True,496,433,433,0.0
R6_LHS_04,control,V40_B_E2_C5_2T,S10,velocity,X,0.5959850251674652,0.7715190947055817,0.8693622350692749,True,496,511,493,135.0
R6_LHS_04,control,V40_B_E2_C5_2T,S10_HYBRID,displacement,Y,0.04065762087702751,0.13947071135044098,0.45998308062553406,True,496,280,280,0.0
R6_LHS_04,control,V40_B_E2_C5_2T,S10,velocity,Y,0.202861987054348,0.40441249310970306,1.0588762760162354,True,496,265,266,135.00458240048846
R6_LHS_04,control,V40_B_E2_C5_2T,S10_HYBRID,displacement,Z,0.04488879069685936,0.0698937565088272,0.9296621680259705,True,508,443,443,0.0
R6_LHS_04,control,V40_B_E2_C5_2T,S10,velocity,Z,0.20552972704172134,0.27064726650714876,2.1448774337768555,True,508,265,265,0.0
R6_LHS_04,control,V40_CPLUS_E2_C5_2T,S10_HYBRID,displacement,X,0.02328874822705984,0.04764009639620781,0.0992407277226448,True,496,433,433,0.0
R6_LHS_04,control,V40_CPLUS_E2_C5_2T,S10,velocity,X,0.4223574995994568,0.6111047267913818,0.8553745150566101,True,496,493,153,135.25712142434497
R6_LHS_04,control,V40_CPLUS_E2_C5_2T,S10_HYBRID,displacement,Y,0.03500655107200146,0.145393468439579,0.4476006329059601,True,496,280,280,0.0
R6_LHS_04,control,V40_CPLUS_E2_C5_2T,S10,velocity,Y,0.1940832957625389,0.3820178210735321,1.014243483543396,True,496,266,296,1.2691934446726394
R6_LHS_04,control,V40_CPLUS_E2_C5_2T,S10_HYBRID,displacement,Z,0.03655271604657173,0.06050087548792363,0.89532870054245,True,508,443,443,0.0
R6_LHS_04,control,V40_CPLUS_E2_C5_2T,S10,velocity,Z,0.204851895570755,0.2651658535003662,1.925727128982544,True,508,265,265,0.0
R6_LHS_04,control,V40_C_E2_C5_2T,S10_HYBRID,displacement,X,0.024165966548025608,0.060093458741903305,0.11563295125961304,True,496,433,433,0.0
R6_LHS_04,control,V40_C_E2_C5_2T,S10,velocity,X,0.5731700956821442,0.7683866918087006,0.851337730884552,True,496,511,493,135.0
R6_LHS_04,control,V40_C_E2_C5_2T,S10_HYBRID,displacement,Y,0.05873837694525719,0.18563098460435867,0.9673677682876587,True,496,207,280,1.0347168233735533
R6_LHS_04,control,V40_C_E2_C5_2T,S10,velocity,Y,0.19453484565019608,0.3643302172422409,0.98460453748703,True,496,265,265,0.0
R6_LHS_04,control,V40_C_E2_C5_2T,S10_HYBRID,displacement,Z,0.061465637758374214,0.13512039333581927,0.9839522838592529,True,508,1,443,8.86000000000001
R6_LHS_04,control,V40_C_E2_C5_2T,S10,velocity,Z,0.20399405807256699,0.26922074556350706,2.0961780548095703,True,508,265,265,0.0
R6_LHS_04,control,V52_A_E2_C5_2T,S10_HYBRID,displacement,X,0.015377371106296778,0.03127298317849636,0.05622775852680206,True,496,36,36,0.0
R6_LHS_04,control,V52_A_E2_C5_2T,S10,velocity,X,0.6512393951416016,0.8202624022960663,0.9084175825119019,True,496,50,493,8.86000000000001
R6_LHS_04,control,V52_A_E2_C5_2T,S10_HYBRID,displacement,Y,0.03566392883658409,0.1314576119184494,0.4532780945301056,True,496,306,280,1.034716823373547
R6_LHS_04,control,V52_A_E2_C5_2T,S10,velocity,Y,0.1907123327255249,0.3761414736509323,1.3273371458053589,True,496,266,266,0.0
R6_LHS_04,control,V52_A_E2_C5_2T,S10_HYBRID,displacement,Z,0.03727350011467934,0.052479208633303645,1.1860957145690918,True,508,443,443,0.0
R6_LHS_04,control,V52_A_E2_C5_2T,S10,velocity,Z,0.1695069968700409,0.24660120904445654,1.5713326930999756,True,508,265,265,0.0
R6_LHS_04,control,V52_B_E2_C5_2T,S10_HYBRID,displacement,X,0.01652844436466694,0.03449873812496662,0.06502662599086761,True,496,36,36,0.0
R6_LHS_04,control,V52_B_E2_C5_2T,S10,velocity,X,0.5688764452934265,0.7954509854316711,0.879203736782074,True,496,50,441,135.25712142434497
R6_LHS_04,control,V52_B_E2_C5_2T,S10_HYBRID,displacement,Y,0.04686368256807327,0.11982918530702591,0.34665873646736145,True,496,280,280,0.0
R6_LHS_04,control,V52_B_E2_C5_2T,S10,velocity,Y,0.16682017594575882,0.3439953029155731,1.0665346384048462,True,496,266,198,1.2691934446726394
R6_LHS_04,control,V52_B_E2_C5_2T,S10_HYBRID,displacement,Z,0.04371015541255474,0.05305133275687695,0.7979247570037842,True,508,443,443,0.0
R6_LHS_04,control,V52_B_E2_C5_2T,S10,velocity,Z,0.14313682913780212,0.2181749373674393,1.3386664390563965,True,508,265,265,0.0
R6_LHS_04,control,V52_CPLUS_E2_C5_2T,S10_HYBRID,displacement,X,0.019404935650527477,0.04769350774586201,0.09719312191009521,True,496,36,208,8.556802959534613
R6_LHS_04,control,V52_CPLUS_E2_C5_2T,S10,velocity,X,0.5538229942321777,0.722385972738266,0.9586724042892456,True,496,50,50,0.0
R6_LHS_04,control,V52_CPLUS_E2_C5_2T,S10_HYBRID,displacement,Y,0.04685206525027752,0.14188403636217117,0.44080182909965515,True,496,306,280,1.034716823373547
R6_LHS_04,control,V52_CPLUS_E2_C5_2T,S10,velocity,Y,0.17131473869085312,0.37858113646507263,1.0932652950286865,True,496,266,266,0.0
R6_LHS_04,control,V52_CPLUS_E2_C5_2T,S10_HYBRID,displacement,Z,0.04467095620930195,0.07026522234082222,1.2405635118484497,True,508,361,1,8.335999999999995
R6_LHS_04,control,V52_CPLUS_E2_C5_2T,S10,velocity,Z,0.1625133976340294,0.23060488104820254,1.228025197982788,True,508,265,265,0.0
R6_LHS_04,control,V52_C_E2_C5_2T,S10_HYBRID,displacement,X,0.017005099914968014,0.040392277762293816,0.07460421323776245,True,496,36,36,0.0
R6_LHS_04,control,V52_C_E2_C5_2T,S10,velocity,X,0.5826075673103333,0.8025965988636017,0.9540963768959045,True,496,50,50,0.0
R6_LHS_04,control,V52_C_E2_C5_2T,S10_HYBRID,displacement,Y,0.04218650981783867,0.1249566376209259,0.38659584522247314,True,496,306,280,1.034716823373547
R6_LHS_04,control,V52_C_E2_C5_2T,S10,velocity,Y,0.17639033496379852,0.3780709207057953,1.1078040599822998,True,496,266,266,0.0
R6_LHS_04,control,V52_C_E2_C5_2T,S10_HYBRID,displacement,Z,0.041614774614572525,0.06240013353526593,1.0324780941009521,True,508,361,443,0.5240000000000145
R6_LHS_04,control,V52_C_E2_C5_2T,S10,velocity,Z,0.16066733747720718,0.23334925025701525,1.2548798322677612,True,508,265,265,0.0
R6_LHS_04,control,V40_A_E3_C6_1T,S10_HYBRID,displacement,X,0.10160541534423828,0.21430782228708267,0.7712526321411133,True,496,433,433,0.0
R6_LHS_04,control,V40_A_E3_C6_1T,S10,velocity,X,0.39150093495845795,0.5773613154888153,1.0187571048736572,True,496,50,50,0.0
R6_LHS_04,control,V40_A_E3_C6_1T,S10_HYBRID,displacement,Y,0.030033158138394356,0.15441448241472244,0.7874068021774292,True,496,207,207,0.0
R6_LHS_04,control,V40_A_E3_C6_1T,S10,velocity,Y,0.3396081179380417,0.5262980163097382,1.1077746152877808,True,496,266,265,135.00458240048846
R6_LHS_04,control,V40_A_E3_C6_1T,S10_HYBRID,displacement,Z,0.025878258049488068,0.04217660799622536,0.7153866291046143,True,508,224,72,3.9059999999999957
R6_LHS_04,control,V40_A_E3_C6_1T,S10,velocity,Z,0.1658063307404518,0.21781485229730607,1.7414264678955078,True,508,265,265,0.0
R6_LHS_04,control,V40_B_E3_C6_1T,S10_HYBRID,displacement,X,0.09522921219468117,0.19230447709560394,0.7310924530029297,True,496,433,433,0.0
R6_LHS_04,control,V40_B_E3_C6_1T,S10,velocity,X,0.41022326052188873,0.6196772754192352,0.9280978441238403,True,496,153,70,0.524
R6_LHS_04,control,V40_B_E3_C6_1T,S10_HYBRID,displacement,Y,0.0373535230755806,0.1757415607571602,0.5927656888961792,True,496,207,207,0.0
R6_LHS_04,control,V40_B_E3_C6_1T,S10,velocity,Y,0.3287738114595413,0.5485841631889343,1.2385417222976685,True,496,266,265,135.00458240048846
R6_LHS_04,control,V40_B_E3_C6_1T,S10_HYBRID,displacement,Z,0.025981105864048004,0.03303574733436108,0.413759708404541,True,508,72,72,0.0
R6_LHS_04,control,V40_B_E3_C6_1T,S10,velocity,Z,0.17860045284032822,0.24916869848966602,1.4910826683044434,True,508,265,265,0.0
R6_LHS_04,control,V40_CPLUS_E3_C6_1T,S10_HYBRID,displacement,X,0.10177931934595108,0.21911272406578064,0.8008884787559509,True,496,433,433,0.0
R6_LHS_04,control,V40_CPLUS_E3_C6_1T,S10,velocity,X,0.45521770417690277,0.680933266878128,1.0171759128570557,True,496,153,50,135.00101694431785
R6_LHS_04,control,V40_CPLUS_E3_C6_1T,S10_HYBRID,displacement,Y,0.047287141904234886,0.17949412018060684,0.6151722073554993,True,496,207,207,0.0
R6_LHS_04,control,V40_CPLUS_E3_C6_1T,S10,velocity,Y,0.2892296016216278,0.5627206563949585,1.191677451133728,True,496,271,198,135.00596598669262
R6_LHS_04,control,V40_CPLUS_E3_C6_1T,S10_HYBRID,displacement,Z,0.03354525566101074,0.04336236342787743,0.3934747576713562,True,508,1,72,0.5240000000000045
R6_LHS_04,control,V40_CPLUS_E3_C6_1T,S10,velocity,Z,0.22332588583230972,0.2894344449043274,1.6714385747909546,True,508,265,265,0.0
R6_LHS_04,control,V40_C_E3_C6_1T,S10_HYBRID,displacement,X,0.08651579916477203,0.17774590849876404,0.5279355645179749,True,496,433,433,0.0
R6_LHS_04,control,V40_C_E3_C6_1T,S10,velocity,X,0.38578756153583527,0.5927514135837555,0.9082964062690735,True,496,50,153,135.00101694431785
R6_LHS_04,control,V40_C_E3_C6_1T,S10_HYBRID,displacement,Y,0.03766952268779278,0.16293280571699142,0.5647125244140625,True,496,207,207,0.0
R6_LHS_04,control,V40_C_E3_C6_1T,S10,velocity,Y,0.29588015377521515,0.5096260607242584,1.060541033744812,True,496,266,265,135.00458240048846
R6_LHS_04,control,V40_C_E3_C6_1T,S10_HYBRID,displacement,Z,0.020341082476079464,0.03246512524783612,0.30724284052848816,True,508,1,72,0.5240000000000045
R6_LHS_04,control,V40_C_E3_C6_1T,S10,velocity,Z,0.1845988631248474,0.26184740364551545,1.823796272277832,True,508,265,265,0.0
R6_LHS_04,control,V52_A_E3_C6_1T,S10_HYBRID,displacement,X,0.09650501236319542,0.16257472336292267,0.5663803219795227,True,496,433,433,0.0
R6_LHS_04,control,V52_A_E3_C6_1T,S10,velocity,X,0.5328108072280884,0.757685512304306,0.9306886196136475,True,496,50,50,0.0
R6_LHS_04,control,V52_A_E3_C6_1T,S10_HYBRID,displacement,Y,0.025673439726233482,0.1372116059064865,0.5307695865631104,True,496,207,207,0.0
R6_LHS_04,control,V52_A_E3_C6_1T,S10,velocity,Y,0.352957084774971,0.4785199612379074,1.0511292219161987,True,496,265,296,135.0166118112963
R6_LHS_04,control,V52_A_E3_C6_1T,S10_HYBRID,displacement,Z,0.01306121377274394,0.021248078159987926,0.27256157994270325,True,508,1,72,0.5240000000000045
R6_LHS_04,control,V52_A_E3_C6_1T,S10,velocity,Z,0.16922900080680847,0.24212881177663806,1.4743250608444214,True,508,265,265,0.0
R6_LHS_04,control,V52_B_E3_C6_1T,S10_HYBRID,displacement,X,0.09421160444617271,0.19470040500164032,0.7917380928993225,True,496,433,433,0.0
R6_LHS_04,control,V52_B_E3_C6_1T,S10,velocity,X,0.4868001937866211,0.6710924804210663,1.0038424730300903,True,496,50,50,0.0
R6_LHS_04,control,V52_B_E3_C6_1T,S10_HYBRID,displacement,Y,0.037481311708688736,0.17173810303211212,0.8370235562324524,True,496,207,207,0.0
R6_LHS_04,control,V52_B_E3_C6_1T,S10,velocity,Y,0.30567634105682373,0.4531327784061432,1.3274893760681152,True,496,265,198,135.0166118112963
R6_LHS_04,control,V52_B_E3_C6_1T,S10_HYBRID,displacement,Z,0.03025843482464552,0.0484685342758894,0.8114194869995117,True,508,224,72,3.9059999999999957
R6_LHS_04,control,V52_B_E3_C6_1T,S10,velocity,Z,0.16984077543020248,0.22568829357624054,1.1518722772598267,True,508,265,265,0.0
R6_LHS_04,control,V52_CPLUS_E3_C6_1T,S10_HYBRID,displacement,X,0.07808153703808784,0.16916721314191818,0.5974299907684326,True,496,433,433,0.0
R6_LHS_04,control,V52_CPLUS_E3_C6_1T,S10,velocity,X,0.45900513231754303,0.6426736414432526,0.8580682873725891,True,496,50,50,0.0
R6_LHS_04,control,V52_CPLUS_E3_C6_1T,S10_HYBRID,displacement,Y,0.04209553636610508,0.1361483335494995,0.5574297904968262,True,496,207,207,0.0
R6_LHS_04,control,V52_CPLUS_E3_C6_1T,S10,velocity,Y,0.23601996898651123,0.4343934953212738,1.084768295288086,True,496,266,266,0.0
R6_LHS_04,control,V52_CPLUS_E3_C6_1T,S10_HYBRID,displacement,Z,0.026972823776304722,0.03258790522813797,0.32454913854599,True,508,72,72,0.0
R6_LHS_04,control,V52_CPLUS_E3_C6_1T,S10,velocity,Z,0.16279608011245728,0.2572088390588761,1.335916519165039,True,508,265,265,0.0
R6_LHS_04,control,V52_C_E3_C6_1T,S10_HYBRID,displacement,X,0.08984864130616188,0.1888238936662674,0.6334595680236816,True,496,433,433,0.0
R6_LHS_04,control,V52_C_E3_C6_1T,S10,velocity,X,0.46357013285160065,0.6291716992855072,0.8768378496170044,True,496,50,70,135.0
R6_LHS_04,control,V52_C_E3_C6_1T,S10_HYBRID,displacement,Y,0.04283696599304676,0.15014149248600006,0.5719760060310364,True,496,207,207,0.0
R6_LHS_04,control,V52_C_E3_C6_1T,S10,velocity,Y,0.2550048977136612,0.4392615854740143,1.0782628059387207,True,496,265,266,135.00458240048846
R6_LHS_04,control,V52_C_E3_C6_1T,S10_HYBRID,displacement,Z,0.025039679370820522,0.030672974698245526,0.26326942443847656,True,508,1,72,0.5240000000000045
R6_LHS_04,control,V52_C_E3_C6_1T,S10,velocity,Z,0.15539487451314926,0.24039623737335206,1.2355467081069946,True,508,265,265,0.0
R6_LHS_04,control,V40_A_E4_C7_1T,S10_HYBRID,displacement,X,0.016139174811542034,0.033515311777591705,0.09842568635940552,True,496,433,433,0.0
R6_LHS_04,control,V40_A_E4_C7_1T,S10,velocity,X,0.6813792288303375,0.7840587794780731,0.9607518911361694,True,496,50,50,0.0
R6_LHS_04,control,V40_A_E4_C7_1T,S10_HYBRID,displacement,Y,0.03821028396487236,0.15318914502859116,0.6391635537147522,True,496,207,207,0.0
R6_LHS_04,control,V40_A_E4_C7_1T,S10,velocity,Y,0.27678725123405457,0.5639829039573669,1.2010531425476074,True,496,266,265,135.00458240048846
R6_LHS_04,control,V40_A_E4_C7_1T,S10_HYBRID,displacement,Z,0.027677839621901512,0.031190681271255016,0.20060062408447266,True,508,443,1,8.86000000000001
R6_LHS_04,control,V40_A_E4_C7_1T,S10,velocity,Z,0.15541591495275497,0.2092036083340645,1.5448395013809204,True,508,265,265,0.0
R6_LHS_04,control,V40_B_E4_C7_1T,S10_HYBRID,displacement,X,0.0167836407199502,0.041288040578365326,0.1018378958106041,True,496,433,433,0.0
R6_LHS_04,control,V40_B_E4_C7_1T,S10,velocity,X,0.7391276359558105,0.8649117052555084,0.9963141679763794,True,496,50,50,0.0
R6_LHS_04,control,V40_B_E4_C7_1T,S10_HYBRID,displacement,Y,0.030901748687028885,0.1568833664059639,0.5648908019065857,True,496,207,207,0.0
R6_LHS_04,control,V40_B_E4_C7_1T,S10,velocity,Y,0.2707413285970688,0.5690421164035797,1.3911769390106201,True,496,266,265,135.00458240048846
R6_LHS_04,control,V40_B_E4_C7_1T,S10_HYBRID,displacement,Z,0.02689116820693016,0.033604230359196664,0.40139731764793396,True,508,72,1,0.5240000000000045
R6_LHS_04,control,V40_B_E4_C7_1T,S10,velocity,Z,0.16225683689117432,0.23095639646053315,1.7475972175598145,True,508,265,265,0.0
R6_LHS_04,control,V40_CPLUS_E4_C7_1T,S10_HYBRID,displacement,X,0.018547283485531807,0.04288344830274582,0.12260963767766953,True,496,433,433,0.0
R6_LHS_04,control,V40_CPLUS_E4_C7_1T,S10,velocity,X,0.5132437646389008,0.6670502424240112,0.9110994338989258,True,496,50,153,135.00101694431785
R6_LHS_04,control,V40_CPLUS_E4_C7_1T,S10_HYBRID,displacement,Y,0.04248679243028164,0.15071268379688263,0.6084004640579224,True,496,207,207,0.0
R6_LHS_04,control,V40_CPLUS_E4_C7_1T,S10,velocity,Y,0.24192553013563156,0.5150534212589264,1.2029032707214355,True,496,266,266,0.0
R6_LHS_04,control,V40_CPLUS_E4_C7_1T,S10_HYBRID,displacement,Z,0.0321095734834671,0.044475049898028376,0.42503291368484497,True,508,1,1,0.0
R6_LHS_04,control,V40_CPLUS_E4_C7_1T,S10,velocity,Z,0.18894819170236588,0.2651693016290665,1.85417640209198,True,508,265,265,0.0
R6_LHS_04,control,V40_C_E4_C7_1T,S10_HYBRID,displacement,X,0.021660667844116688,0.05233241617679596,0.1399197280406952,True,496,433,433,0.0
R6_LHS_04,control,V40_C_E4_C7_1T,S10,velocity,X,0.593155562877655,0.732350766658783,0.9961225390434265,True,496,153,153,0.0
R6_LHS_04,control,V40_C_E4_C7_1T,S10_HYBRID,displacement,Y,0.045534538105130196,0.17220598459243774,0.9144890904426575,True,496,207,207,0.0
R6_LHS_04,control,V40_C_E4_C7_1T,S10,velocity,Y,0.2617005258798599,0.5112902224063873,1.1967134475708008,True,496,265,265,0.0
R6_LHS_04,control,V40_C_E4_C7_1T,S10_HYBRID,displacement,Z,0.03586028516292572,0.0596006389707327,0.7853394746780396,True,508,72,1,0.5240000000000045
R6_LHS_04,control,V40_C_E4_C7_1T,S10,velocity,Z,0.17415543645620346,0.24823457151651385,1.9223906993865967,True,508,265,265,0.0
R6_LHS_04,control,V52_A_E4_C7_1T,S10_HYBRID,displacement,X,0.015403599012643099,0.03541595861315727,0.08951567858457565,True,496,433,503,3.660046115141711
R6_LHS_04,control,V52_A_E4_C7_1T,S10,velocity,X,0.701402485370636,0.8198890388011932,1.0419607162475586,True,496,50,70,135.0
R6_LHS_04,control,V52_A_E4_C7_1T,S10_HYBRID,displacement,Y,0.031794214621186256,0.14737395197153091,0.8850601315498352,True,496,207,207,0.0
R6_LHS_04,control,V52_A_E4_C7_1T,S10,velocity,Y,0.2710713595151901,0.4907660186290741,1.4919573068618774,True,496,266,265,135.00458240048846
R6_LHS_04,control,V52_A_E4_C7_1T,S10_HYBRID,displacement,Z,0.02415900956839323,0.038393156975507735,0.8358461260795593,True,508,72,1,0.5240000000000045
R6_LHS_04,control,V52_A_E4_C7_1T,S10,velocity,Z,0.16326190531253815,0.2192424297332764,1.3656033277511597,True,508,265,265,0.0
R6_LHS_04,control,V52_B_E4_C7_1T,S10_HYBRID,displacement,X,0.022878866642713547,0.04001162014901638,0.09594806283712387,True,496,503,503,0.0
R6_LHS_04,control,V52_B_E4_C7_1T,S10,velocity,X,0.7655831277370453,0.8958332240581512,0.9591866731643677,True,496,153,50,135.00101694431785
R6_LHS_04,control,V52_B_E4_C7_1T,S10_HYBRID,displacement,Y,0.0439378060400486,0.1700388640165329,0.6817604899406433,True,496,207,207,0.0
R6_LHS_04,control,V52_B_E4_C7_1T,S10,velocity,Y,0.2527761906385422,0.4798608124256134,1.1014763116836548,True,496,271,265,1.112326
R6_LHS_04,control,V52_B_E4_C7_1T,S10_HYBRID,displacement,Z,0.03543875925242901,0.04599792547523975,0.3438490033149719,True,508,1,1,0.0
R6_LHS_04,control,V52_B_E4_C7_1T,S10,velocity,Z,0.15827226638793945,0.23529396504163744,1.4888125658035278,True,508,265,265,0.0
R6_LHS_04,control,V52_CPLUS_E4_C7_1T,S10_HYBRID,displacement,X,0.020223967730998993,0.04503631964325905,0.11828404664993286,True,496,503,503,0.0
R6_LHS_04,control,V52_CPLUS_E4_C7_1T,S10,velocity,X,0.5767249763011932,0.6684660613536835,0.900881826877594,True,496,70,153,0.524
R6_LHS_04,control,V52_CPLUS_E4_C7_1T,S10_HYBRID,displacement,Y,0.04074946045875549,0.179572232067585,0.7086200714111328,True,496,207,207,0.0
R6_LHS_04,control,V52_CPLUS_E4_C7_1T,S10,velocity,Y,0.23128148913383484,0.45718814432621,1.5006572008132935,True,496,265,265,0.0
R6_LHS_04,control,V52_CPLUS_E4_C7_1T,S10_HYBRID,displacement,Z,0.03162572719156742,0.04066471345722676,0.6242353320121765,True,508,72,1,0.5240000000000045
R6_LHS_04,control,V52_CPLUS_E4_C7_1T,S10,velocity,Z,0.1565709188580513,0.2431525677442551,1.5085450410842896,True,508,265,265,0.0
R6_LHS_04,control,V52_C_E4_C7_1T,S10_HYBRID,displacement,X,0.023374134674668312,0.04391686990857124,0.11274369060993195,True,496,503,503,0.0
R6_LHS_04,control,V52_C_E4_C7_1T,S10,velocity,X,0.731140524148941,0.8171225786209106,0.8792914152145386,True,496,50,50,0.0
R6_LHS_04,control,V52_C_E4_C7_1T,S10_HYBRID,displacement,Y,0.04245194233953953,0.1800633743405342,0.6649460792541504,True,496,207,207,0.0
R6_LHS_04,control,V52_C_E4_C7_1T,S10,velocity,Y,0.23961195349693298,0.47697974741458893,1.1593868732452393,True,496,265,266,135.00458240048846
R6_LHS_04,control,V52_C_E4_C7_1T,S10_HYBRID,displacement,Z,0.03438146971166134,0.044666545838117605,0.3483995795249939,True,508,1,1,0.0
R6_LHS_04,control,V52_C_E4_C7_1T,S10,velocity,Z,0.14491354674100876,0.21778434514999392,1.544939398765564,True,508,265,265,0.0
R6_LHS_04,control,V40_A_E5_C9_1T,S10_HYBRID,displacement,X,0.02187090553343296,0.03922537341713905,0.08705167472362518,True,496,433,433,0.0
R6_LHS_04,control,V40_A_E5_C9_1T,S10,velocity,X,0.5851806402206421,0.6775200366973877,0.8658111095428467,True,496,50,153,135.00101694431785
R6_LHS_04,control,V40_A_E5_C9_1T,S10_HYBRID,displacement,Y,0.052007727324962616,0.1766342595219612,0.6719939708709717,True,496,207,207,0.0
R6_LHS_04,control,V40_A_E5_C9_1T,S10,velocity,Y,0.2905179560184479,0.5768369436264038,1.3082712888717651,True,496,266,265,135.00458240048846
R6_LHS_04,control,V40_A_E5_C9_1T,S10_HYBRID,displacement,Z,0.03676185570657253,0.0409720953553915,0.2111465185880661,True,508,1,1,0.0
R6_LHS_04,control,V40_A_E5_C9_1T,S10,velocity,Z,0.16773220896720886,0.22891913801431668,1.6893659830093384,True,508,265,265,0.0
R6_LHS_04,control,V40_B_E5_C9_1T,S10_HYBRID,displacement,X,0.022048319689929485,0.042493587359786034,0.09530634433031082,True,496,433,433,0.0
R6_LHS_04,control,V40_B_E5_C9_1T,S10,velocity,X,0.5374546051025391,0.6285633444786072,0.8552649021148682,True,496,50,153,135.00101694431785
R6_LHS_04,control,V40_B_E5_C9_1T,S10_HYBRID,displacement,Y,0.051749104633927345,0.16043751686811447,0.5936042666435242,True,496,207,207,0.0
R6_LHS_04,control,V40_B_E5_C9_1T,S10,velocity,Y,0.25787316262722015,0.5227397680282593,1.199540138244629,True,496,266,217,135.00596598669262
R6_LHS_04,control,V40_B_E5_C9_1T,S10_HYBRID,displacement,Z,0.03488900139927864,0.03915284350514412,0.21601825952529907,True,508,1,1,0.0
R6_LHS_04,control,V40_B_E5_C9_1T,S10,velocity,Z,0.15581591427326202,0.22547650635242467,1.7570561170578003,True,508,265,265,0.0
R6_LHS_04,control,V40_CPLUS_E5_C9_1T,S10_HYBRID,displacement,X,0.025663983076810837,0.053603122010827065,0.13302993774414062,True,496,433,433,0.0
R6_LHS_04,control,V40_CPLUS_E5_C9_1T,S10,velocity,X,0.5325546860694885,0.6555459797382355,0.8554005026817322,True,496,50,50,0.0
R6_LHS_04,control,V40_CPLUS_E5_C9_1T,S10_HYBRID,displacement,Y,0.04658880457282066,0.17795097082853317,0.5873842835426331,True,496,207,207,0.0
R6_LHS_04,control,V40_CPLUS_E5_C9_1T,S10,velocity,Y,0.27623312175273895,0.5470184981822968,1.2620080709457397,True,496,198,198,0.0
R6_LHS_04,control,V40_CPLUS_E5_C9_1T,S10_HYBRID,displacement,Z,0.03811019845306873,0.04595687091350555,0.5789304971694946,True,508,72,1,0.5240000000000045
R6_LHS_04,control,V40_CPLUS_E5_C9_1T,S10,velocity,Z,0.20243138074874878,0.27652690410614017,1.8769643306732178,True,508,265,265,0.0
R6_LHS_04,control,V40_C_E5_C9_1T,S10_HYBRID,displacement,X,0.02181680127978325,0.053908661007881165,0.14341898262500763,True,496,433,433,0.0
R6_LHS_04,control,V40_C_E5_C9_1T,S10,velocity,X,0.45396625995635986,0.5530161261558533,0.9221634268760681,True,496,153,153,0.0
R6_LHS_04,control,V40_C_E5_C9_1T,S10_HYBRID,displacement,Y,0.04440526105463505,0.17427117377519608,0.9822489023208618,True,496,207,207,0.0
R6_LHS_04,control,V40_C_E5_C9_1T,S10,velocity,Y,0.26569315791130066,0.49599872529506683,1.2055822610855103,True,496,265,265,0.0
R6_LHS_04,control,V40_C_E5_C9_1T,S10_HYBRID,displacement,Z,0.03493537940084934,0.05937805324792862,0.8192086219787598,True,508,72,1,0.5240000000000045
R6_LHS_04,control,V40_C_E5_C9_1T,S10,velocity,Z,0.1780780628323555,0.2534398019313812,1.640281081199646,True,508,265,265,0.0
R6_LHS_04,control,V52_A_E5_C9_1T,S10_HYBRID,displacement,X,0.014930337201803923,0.036980072036385536,0.0891897976398468,True,496,503,503,0.0
R6_LHS_04,control,V52_A_E5_C9_1T,S10,velocity,X,0.5866338014602661,0.6885326206684113,0.8931832313537598,True,496,50,70,135.0
R6_LHS_04,control,V52_A_E5_C9_1T,S10_HYBRID,displacement,Y,0.031383732333779335,0.15500647574663162,0.9582087993621826,True,496,207,207,0.0
R6_LHS_04,control,V52_A_E5_C9_1T,S10,velocity,Y,0.25756271183490753,0.5000053644180298,1.3938602209091187,True,496,266,265,135.00458240048846
R6_LHS_04,control,V52_A_E5_C9_1T,S10_HYBRID,displacement,Z,0.023991862311959267,0.03828725405037403,0.8551735281944275,True,508,72,1,0.5240000000000045
R6_LHS_04,control,V52_A_E5_C9_1T,S10,velocity,Z,0.14296412467956543,0.20053965896368026,1.3661922216415405,True,508,265,265,0.0
R6_LHS_04,control,V52_B_E5_C9_1T,S10_HYBRID,displacement,X,0.014697395265102386,0.030791104771196842,0.08535031974315643,True,496,503,503,0.0
R6_LHS_04,control,V52_B_E5_C9_1T,S10,velocity,X,0.5914298593997955,0.6730704605579376,0.7869617342948914,True,496,50,50,0.0
R6_LHS_04,control,V52_B_E5_C9_1T,S10_HYBRID,displacement,Y,0.03312794491648674,0.15852056443691254,0.49709558486938477,True,496,207,207,0.0
R6_LHS_04,control,V52_B_E5_C9_1T,S10,velocity,Y,0.22385470569133759,0.44485825300216675,1.1522791385650635,True,496,266,265,135.00458240048846
R6_LHS_04,control,V52_B_E5_C9_1T,S10_HYBRID,displacement,Z,0.019970147870481014,0.029337232746183873,0.30268460512161255,True,508,1,1,0.0
R6_LHS_04,control,V52_B_E5_C9_1T,S10,velocity,Z,0.1229500025510788,0.195141938328743,1.5724513530731201,True,508,265,265,0.0
R6_LHS_04,control,V52_CPLUS_E5_C9_1T,S10_HYBRID,displacement,X,0.023914992809295654,0.053201496601104736,0.138951376080513,True,496,503,503,0.0
R6_LHS_04,control,V52_CPLUS_E5_C9_1T,S10,velocity,X,0.574690967798233,0.6602057814598083,0.804002046585083,True,496,50,70,135.0
R6_LHS_04,control,V52_CPLUS_E5_C9_1T,S10_HYBRID,displacement,Y,0.04376243241131306,0.18339750170707703,0.7208076119422913,True,496,207,207,0.0
R6_LHS_04,control,V52_CPLUS_E5_C9_1T,S10,velocity,Y,0.2317277118563652,0.45259009301662445,1.1424247026443481,True,496,266,271,135.0
R6_LHS_04,control,V52_CPLUS_E5_C9_1T,S10_HYBRID,displacement,Z,0.035352032631635666,0.04491324424743653,0.4699639081954956,True,508,1,1,0.0
R6_LHS_04,control,V52_CPLUS_E5_C9_1T,S10,velocity,Z,0.15610212832689285,0.22645281553268432,1.5900461673736572,True,508,265,265,0.0
R6_LHS_04,control,V52_C_E5_C9_1T,S10_HYBRID,displacement,X,0.02094005048274994,0.04329043999314308,0.110152468085289,True,496,503,503,0.0
R6_LHS_04,control,V52_C_E5_C9_1T,S10,velocity,X,0.6157073676586151,0.6750091910362244,0.864089846611023,True,496,50,50,0.0
R6_LHS_04,control,V52_C_E5_C9_1T,S10_HYBRID,displacement,Y,0.050022972747683525,0.18003613501787186,0.6912142038345337,True,496,207,207,0.0
R6_LHS_04,control,V52_C_E5_C9_1T,S10,velocity,Y,0.2559635490179062,0.47501564025878906,1.4894638061523438,True,496,266,266,0.0
R6_LHS_04,control,V52_C_E5_C9_1T,S10_HYBRID,displacement,Z,0.03671550005674362,0.042062295600771904,0.48745670914649963,True,508,72,1,0.5240000000000045
R6_LHS_04,control,V52_C_E5_C9_1T,S10,velocity,Z,0.14855511486530304,0.23836458176374437,1.3602945804595947,True,508,265,265,0.0
R6_LHS_04,control,V40_A_E6_C10_1T,S10_HYBRID,displacement,X,0.09982898831367493,0.19469182938337326,0.7994126677513123,True,496,433,433,0.0
R6_LHS_04,control,V40_A_E6_C10_1T,S10,velocity,X,0.4522596001625061,0.6827794015407562,0.9610340595245361,True,496,50,153,135.00101694431785
R6_LHS_04,control,V40_A_E6_C10_1T,S10_HYBRID,displacement,Y,0.025914751924574375,0.14787673205137253,0.5932857394218445,True,496,207,207,0.0
R6_LHS_04,control,V40_A_E6_C10_1T,S10,velocity,Y,0.3531658351421356,0.5589677691459656,1.337827444076538,True,496,265,217,2.117891640824903
R6_LHS_04,control,V40_A_E6_C10_1T,S10_HYBRID,displacement,Z,0.025756767950952053,0.033154028281569485,0.3952893614768982,True,508,72,72,0.0
R6_LHS_04,control,V40_A_E6_C10_1T,S10,velocity,Z,0.1690613105893135,0.23095708042383195,1.5696786642074585,True,508,265,265,0.0
R6_LHS_04,control,V40_B_E6_C10_1T,S10_HYBRID,displacement,X,0.07726198062300682,0.16259656846523285,0.5196051597595215,True,496,433,433,0.0
R6_LHS_04,control,V40_B_E6_C10_1T,S10,velocity,X,0.3724312037229538,0.5509760677814484,0.8916898965835571,True,496,50,50,0.0
R6_LHS_04,control,V40_B_E6_C10_1T,S10_HYBRID,displacement,Y,0.030245309695601463,0.15401718765497208,0.5990234017372131,True,496,207,207,0.0
R6_LHS_04,control,V40_B_E6_C10_1T,S10,velocity,Y,0.30422209203243256,0.4972618371248245,1.0946356058120728,True,496,266,198,1.2691934446726394
R6_LHS_04,control,V40_B_E6_C10_1T,S10_HYBRID,displacement,Z,0.015527634415775537,0.02478613369166851,0.26902028918266296,True,508,1,72,0.5240000000000045
R6_LHS_04,control,V40_B_E6_C10_1T,S10,velocity,Z,0.16075623780488968,0.23143130391836172,1.6331557035446167,True,508,265,265,0.0
R6_LHS_04,control,V40_CPLUS_E6_C10_1T,S10_HYBRID,displacement,X,0.11829311400651932,0.2311978042125702,0.829699695110321,True,496,433,433,0.0
R6_LHS_04,control,V40_CPLUS_E6_C10_1T,S10,velocity,X,0.469821959733963,0.7215686738491058,1.0480540990829468,True,496,153,153,0.0
R6_LHS_04,control,V40_CPLUS_E6_C10_1T,S10_HYBRID,displacement,Y,0.05021611601114273,0.18241920322179794,0.6496080160140991,True,496,207,207,0.0
R6_LHS_04,control,V40_CPLUS_E6_C10_1T,S10,velocity,Y,0.2826011925935745,0.5840162336826324,1.2630053758621216,True,496,266,265,135.00458240048846
R6_LHS_04,control,V40_CPLUS_E6_C10_1T,S10_HYBRID,displacement,Z,0.035939283668994904,0.046493802592158316,0.3942890465259552,True,508,1,72,0.5240000000000045
R6_LHS_04,control,V40_CPLUS_E6_C10_1T,S10,velocity,Z,0.22510020434856415,0.2931857347488404,2.0700933933258057,True,508,265,265,0.0
R6_LHS_04,control,V40_C_E6_C10_1T,S10_HYBRID,displacement,X,0.11727786064147949,0.2255687564611435,0.8145005702972412,True,496,433,433,0.0
R6_LHS_04,control,V40_C_E6_C10_1T,S10,velocity,X,0.4180264174938202,0.6646497249603271,1.0307327508926392,True,496,153,511,8.336000000000011
R6_LHS_04,control,V40_C_E6_C10_1T,S10_HYBRID,displacement,Y,0.04364733584225178,0.1713787391781807,0.6119973063468933,True,496,207,207,0.0
R6_LHS_04,control,V40_C_E6_C10_1T,S10,velocity,Y,0.29437221586704254,0.5411353707313538,1.1022216081619263,True,496,266,265,135.00458240048846
R6_LHS_04,control,V40_C_E6_C10_1T,S10_HYBRID,displacement,Z,0.03256610222160816,0.04051922298967838,0.2785177230834961,True,508,1,72,0.5240000000000045
R6_LHS_04,control,V40_C_E6_C10_1T,S10,velocity,Z,0.2034808024764061,0.272866439819336,1.9108612537384033,True,508,265,265,0.0
R6_LHS_04,control,V52_A_E6_C10_1T,S10_HYBRID,displacement,X,0.07170732319355011,0.15991340577602386,0.6079941391944885,True,496,433,433,0.0
R6_LHS_04,control,V52_A_E6_C10_1T,S10,velocity,X,0.4798624813556671,0.6810646653175354,0.9085483551025391,True,496,50,50,0.0
R6_LHS_04,control,V52_A_E6_C10_1T,S10_HYBRID,displacement,Y,0.02198839094489813,0.13574258983135223,0.536177396774292,True,496,207,207,0.0
R6_LHS_04,control,V52_A_E6_C10_1T,S10,velocity,Y,0.32149529457092285,0.46095292270183563,1.0931613445281982,True,496,265,198,135.0166118112963
R6_LHS_04,control,V52_A_E6_C10_1T,S10_HYBRID,displacement,Z,0.013579060789197683,0.016676273196935654,0.14916394650936127,True,508,1,72,0.5240000000000045
R6_LHS_04,control,V52_A_E6_C10_1T,S10,velocity,Z,0.15787802636623383,0.22807931303977966,1.134300947189331,True,508,265,265,0.0
R6_LHS_04,control,V52_B_E6_C10_1T,S10_HYBRID,displacement,X,0.10532994568347931,0.20139619708061218,0.7269755005836487,True,496,433,433,0.0
R6_LHS_04,control,V52_B_E6_C10_1T,S10,velocity,X,0.4951438158750534,0.660652756690979,1.0035020112991333,True,496,50,50,0.0
R6_LHS_04,control,V52_B_E6_C10_1T,S10_HYBRID,displacement,Y,0.03950997069478035,0.18099350482225418,0.9057424068450928,True,496,207,207,0.0
R6_LHS_04,control,V52_B_E6_C10_1T,S10,velocity,Y,0.2873968631029129,0.4458536058664322,1.2782740592956543,True,496,266,198,1.2691934446726394
R6_LHS_04,control,V52_B_E6_C10_1T,S10_HYBRID,displacement,Z,0.029679990373551846,0.04740505144000054,0.8243588209152222,True,508,224,72,3.9059999999999957
R6_LHS_04,control,V52_B_E6_C10_1T,S10,velocity,Z,0.15701615065336227,0.2115944042801857,1.2266194820404053,True,508,265,265,0.0
R6_LHS_04,control,V52_CPLUS_E6_C10_1T,S10_HYBRID,displacement,X,0.08355691656470299,0.1689823791384697,0.6714443564414978,True,496,433,433,0.0
R6_LHS_04,control,V52_CPLUS_E6_C10_1T,S10,velocity,X,0.49734438955783844,0.6885784566402435,0.9403483271598816,True,496,70,50,135.0
R6_LHS_04,control,V52_CPLUS_E6_C10_1T,S10_HYBRID,displacement,Y,0.03585170954465866,0.18103264272212982,0.7041687369346619,True,496,207,207,0.0
R6_LHS_04,control,V52_CPLUS_E6_C10_1T,S10,velocity,Y,0.25006647408008575,0.48500216007232666,1.4446008205413818,True,496,266,265,135.00458240048846
R6_LHS_04,control,V52_CPLUS_E6_C10_1T,S10_HYBRID,displacement,Z,0.027207749895751476,0.03672327101230621,0.6055482625961304,True,508,72,72,0.0
R6_LHS_04,control,V52_CPLUS_E6_C10_1T,S10,velocity,Z,0.16557873040437698,0.258422476053238,1.5369172096252441,True,508,265,265,0.0
R6_LHS_04,control,V52_C_E6_C10_1T,S10_HYBRID,displacement,X,0.07862427085638046,0.1561628207564354,0.5113063454627991,True,496,433,433,0.0
R6_LHS_04,control,V52_C_E6_C10_1T,S10,velocity,X,0.45809729397296906,0.6574952304363251,0.8734947443008423,True,496,50,50,0.0
R6_LHS_04,control,V52_C_E6_C10_1T,S10_HYBRID,displacement,Y,0.03194168768823147,0.15595898032188416,0.5119577050209045,True,496,207,207,0.0
R6_LHS_04,control,V52_C_E6_C10_1T,S10,velocity,Y,0.25814002752304077,0.44630351662635803,1.0710570812225342,True,496,266,266,0.0
R6_LHS_04,control,V52_C_E6_C10_1T,S10_HYBRID,displacement,Z,0.017645462416112423,0.027575367316603663,0.3030853569507599,True,508,1,72,0.5240000000000045
R6_LHS_04,control,V52_C_E6_C10_1T,S10,velocity,Z,0.14807187020778656,0.22374128103256233,1.4698489904403687,True,508,265,265,0.0
R6_LHS_04,control,V40_A_E7_C11_2T,S10_HYBRID,displacement,X,0.017805011942982674,0.03444218635559082,0.07748326659202576,True,496,433,433,0.0
R6_LHS_04,control,V40_A_E7_C11_2T,S10,velocity,X,0.6057296395301819,0.7227806448936462,0.8504967093467712,True,496,493,50,8.86000000000001
R6_LHS_04,control,V40_A_E7_C11_2T,S10_HYBRID,displacement,Y,0.0409591943025589,0.1417902186512947,0.5095354318618774,True,496,280,280,0.0
R6_LHS_04,control,V40_A_E7_C11_2T,S10,velocity,Y,0.21816640347242355,0.4287998378276825,1.092003583908081,True,496,266,265,135.00458240048846
R6_LHS_04,control,V40_A_E7_C11_2T,S10_HYBRID,displacement,Z,0.04406094364821911,0.06281336173415185,1.0433295965194702,True,508,443,443,0.0
R6_LHS_04,control,V40_A_E7_C11_2T,S10,velocity,Z,0.2117864117026329,0.28600011467933656,2.460329055786133,True,508,265,265,0.0
R6_LHS_04,control,V40_B_E7_C11_2T,S10_HYBRID,displacement,X,0.017344732768833637,0.03526114672422409,0.07512259483337402,True,496,433,433,0.0
R6_LHS_04,control,V40_B_E7_C11_2T,S10,velocity,X,0.560756504535675,0.7456218302249908,0.9713919162750244,True,496,50,493,8.86000000000001
R6_LHS_04,control,V40_B_E7_C11_2T,S10_HYBRID,displacement,Y,0.04825126379728317,0.1302933394908905,0.3693326711654663,True,496,280,280,0.0
R6_LHS_04,control,V40_B_E7_C11_2T,S10,velocity,Y,0.21136123687028885,0.444479301571846,1.2082406282424927,True,496,198,296,2.0680000000000005
R6_LHS_04,control,V40_B_E7_C11_2T,S10_HYBRID,displacement,Z,0.04412335343658924,0.05956661254167557,0.972338080406189,True,508,224,443,4.43000000000001
R6_LHS_04,control,V40_B_E7_C11_2T,S10,velocity,Z,0.19845793396234512,0.2743992358446121,1.540212631225586,True,508,265,265,0.0
R6_LHS_04,control,V40_CPLUS_E7_C11_2T,S10_HYBRID,displacement,X,0.024757576175034046,0.052491238340735435,0.10580936819314957,True,496,433,433,0.0
R6_LHS_04,control,V40_CPLUS_E7_C11_2T,S10,velocity,X,0.4969807118177414,0.6769088208675385,0.8406640887260437,True,496,50,493,8.86000000000001
R6_LHS_04,control,V40_CPLUS_E7_C11_2T,S10_HYBRID,displacement,Y,0.049154844135046005,0.12969215214252472,0.39180365204811096,True,496,280,280,0.0
R6_LHS_04,control,V40_CPLUS_E7_C11_2T,S10,velocity,Y,0.20199694484472275,0.3858840763568878,1.1035948991775513,True,496,265,266,135.00458240048846
R6_LHS_04,control,V40_CPLUS_E7_C11_2T,S10_HYBRID,displacement,Z,0.049261899664998055,0.05902167782187462,0.8782705664634705,True,508,443,443,0.0
R6_LHS_04,control,V40_CPLUS_E7_C11_2T,S10,velocity,Z,0.20883535593748093,0.27815027534961706,2.2581098079681396,True,508,265,265,0.0
R6_LHS_04,control,V40_C_E7_C11_2T,S10_HYBRID,displacement,X,0.022574386559426785,0.045187849551439285,0.0887497290968895,True,496,433,433,0.0
R6_LHS_04,control,V40_C_E7_C11_2T,S10,velocity,X,0.4985656440258026,0.6512052118778229,0.7770277857780457,True,496,153,153,0.0
R6_LHS_04,control,V40_C_E7_C11_2T,S10_HYBRID,displacement,Y,0.051610035821795464,0.13643060624599457,0.3835558593273163,True,496,280,280,0.0
R6_LHS_04,control,V40_C_E7_C11_2T,S10,velocity,Y,0.21316123008728027,0.38645587861537933,1.1077853441238403,True,496,265,316,2.117891640824903
R6_LHS_04,control,V40_C_E7_C11_2T,S10_HYBRID,displacement,Z,0.05144304595887661,0.05940629094839096,0.9117652773857117,True,508,443,443,0.0
R6_LHS_04,control,V40_C_E7_C11_2T,S10,velocity,Z,0.21354982256889343,0.2819002330303193,2.1039392948150635,True,508,265,265,0.0
R6_LHS_04,control,V52_A_E7_C11_2T,S10_HYBRID,displacement,X,0.017372477799654007,0.04284565709531307,0.07797940820455551,True,496,36,60,4.792009909719341
R6_LHS_04,control,V52_A_E7_C11_2T,S10,velocity,X,0.599224179983139,0.7007506787776947,0.7793437838554382,True,496,511,50,135.2904268601441
R6_LHS_04,control,V52_A_E7_C11_2T,S10_HYBRID,displacement,Y,0.04359433241188526,0.18448913097381592,0.9473365545272827,True,496,207,280,1.0347168233735533
R6_LHS_04,control,V52_A_E7_C11_2T,S10,velocity,Y,0.1868295520544052,0.3680657744407654,1.0631918907165527,True,496,265,198,135.0166118112963
R6_LHS_04,control,V52_A_E7_C11_2T,S10_HYBRID,displacement,Z,0.056942373514175415,0.11734672859311104,1.3572056293487549,True,508,1,443,8.86000000000001
R6_LHS_04,control,V52_A_E7_C11_2T,S10,velocity,Z,0.17720799148082733,0.24794085025787355,1.8110116720199585,True,508,265,265,0.0
R6_LHS_04,control,V52_B_E7_C11_2T,S10_HYBRID,displacement,X,0.022754204459488392,0.03870321810245514,0.0717753991484642,True,496,503,36,9.902761372205656
R6_LHS_04,control,V52_B_E7_C11_2T,S10,velocity,X,0.5273132622241974,0.7163295149803162,0.7789466381072998,True,496,50,50,0.0
R6_LHS_04,control,V52_B_E7_C11_2T,S10_HYBRID,displacement,Y,0.06376437097787857,0.14610116183757782,0.37062564492225647,True,496,207,280,1.0347168233735533
R6_LHS_04,control,V52_B_E7_C11_2T,S10,velocity,Y,0.17258604615926743,0.3495676517486572,1.084387183189392,True,496,266,198,1.2691934446726394
R6_LHS_04,control,V52_B_E7_C11_2T,S10_HYBRID,displacement,Z,0.06272641196846962,0.07249746173620224,0.8448664546012878,True,508,1,443,8.86000000000001
R6_LHS_04,control,V52_B_E7_C11_2T,S10,velocity,Z,0.15093976259231567,0.2234713286161423,1.3323767185211182,True,508,265,265,0.0
R6_LHS_04,control,V52_CPLUS_E7_C11_2T,S10_HYBRID,displacement,X,0.02426180988550186,0.04605637490749359,0.09444301575422287,True,496,36,208,8.556802959534613
R6_LHS_04,control,V52_CPLUS_E7_C11_2T,S10,velocity,X,0.5345541834831238,0.6788424551486969,0.7681168913841248,True,496,50,511,135.2904268601441
R6_LHS_04,control,V52_CPLUS_E7_C11_2T,S10_HYBRID,displacement,Y,0.051426809281110764,0.1303788423538208,0.3675398826599121,True,496,280,280,0.0
R6_LHS_04,control,V52_CPLUS_E7_C11_2T,S10,velocity,Y,0.16568643599748611,0.3502584546804428,1.0461320877075195,True,496,266,266,0.0
R6_LHS_04,control,V52_CPLUS_E7_C11_2T,S10_HYBRID,displacement,Z,0.051479799672961235,0.061764252930879594,0.7870729565620422,True,508,72,1,0.5240000000000045
R6_LHS_04,control,V52_CPLUS_E7_C11_2T,S10,velocity,Z,0.14977961033582687,0.21532818675041202,1.229138731956482,True,508,265,265,0.0
R6_LHS_04,control,V52_C_E7_C11_2T,S10_HYBRID,displacement,X,0.017210934311151505,0.03316524066030979,0.06518316268920898,True,496,208,36,8.556802959534613
R6_LHS_04,control,V52_C_E7_C11_2T,S10,velocity,X,0.4991835206747055,0.684097409248352,0.7515333890914917,True,496,50,493,8.86000000000001
R6_LHS_04,control,V52_C_E7_C11_2T,S10_HYBRID,displacement,Y,0.04021645709872246,0.14260531961917877,0.4461554288864136,True,496,280,280,0.0
R6_LHS_04,control,V52_C_E7_C11_2T,S10,velocity,Y,0.16140484809875488,0.3375607877969742,1.0903676748275757,True,496,266,296,1.2691934446726394
R6_LHS_04,control,V52_C_E7_C11_2T,S10_HYBRID,displacement,Z,0.04382199048995972,0.06696173399686814,1.0039271116256714,True,508,443,443,0.0
R6_LHS_04,control,V52_C_E7_C11_2T,S10,velocity,Z,0.1344282403588295,0.20352557003498079,1.9726543426513672,True,508,265,265,0.0
R6_LHS_04,control,V40_A_E8_C12_2T,S10_HYBRID,displacement,X,0.11671683564782143,0.2440466210246086,0.5137746334075928,True,496,187,187,0.0
R6_LHS_04,control,V40_A_E8_C12_2T,S10,velocity,X,0.41742461919784546,0.658504843711853,1.0372257232666016,True,496,50,50,0.0
R6_LHS_04,control,V40_A_E8_C12_2T,S10_HYBRID,displacement,Y,0.04771091416478157,0.1335804983973503,0.3539455831050873,True,496,280,280,0.0
R6_LHS_04,control,V40_A_E8_C12_2T,S10,velocity,Y,0.22940897196531296,0.4443288743495941,1.1541635990142822,True,496,266,266,0.0
R6_LHS_04,control,V40_A_E8_C12_2T,S10_HYBRID,displacement,Z,0.04675080440938473,0.06165778636932373,1.1275122165679932,True,508,224,361,3.9059999999999957
R6_LHS_04,control,V40_A_E8_C12_2T,S10,velocity,Z,0.22218327969312668,0.3063083916902542,1.5526516437530518,True,508,265,265,0.0
R6_LHS_04,control,V40_B_E8_C12_2T,S10_HYBRID,displacement,X,0.14325305819511414,0.3230035603046417,0.6120039224624634,True,496,187,187,0.0
R6_LHS_04,control,V40_B_E8_C12_2T,S10,velocity,X,0.4060755521059036,0.6401962637901306,0.8275309205055237,True,496,511,50,135.2904268601441
R6_LHS_04,control,V40_B_E8_C12_2T,S10_HYBRID,displacement,Y,0.044614316895604134,0.1947936788201332,0.9018685221672058,True,496,207,280,1.0347168233735533
R6_LHS_04,control,V40_B_E8_C12_2T,S10,velocity,Y,0.20270874351263046,0.3710939884185791,0.9956873059272766,True,496,265,266,135.00458240048846
R6_LHS_04,control,V40_B_E8_C12_2T,S10_HYBRID,displacement,Z,0.05427204631268978,0.11750639006495478,1.0021706819534302,True,508,1,361,8.335999999999995
R6_LHS_04,control,V40_B_E8_C12_2T,S10,velocity,Z,0.21133481711149216,0.28991416394710545,1.6669278144836426,True,508,265,265,0.0
R6_LHS_04,control,V40_CPLUS_E8_C12_2T,S10_HYBRID,displacement,X,0.07057927548885345,0.1281195506453514,0.2652466595172882,True,496,187,187,0.0
R6_LHS_04,control,V40_CPLUS_E8_C12_2T,S10,velocity,X,0.3804100602865219,0.6066634953022003,0.8275784850120544,True,496,493,493,0.0
R6_LHS_04,control,V40_CPLUS_E8_C12_2T,S10_HYBRID,displacement,Y,0.02965730708092451,0.11162465438246727,0.3380456268787384,True,496,280,280,0.0
R6_LHS_04,control,V40_CPLUS_E8_C12_2T,S10,velocity,Y,0.18141861259937286,0.3932885378599167,0.9491329789161682,True,496,266,296,1.2691934446726394
R6_LHS_04,control,V40_CPLUS_E8_C12_2T,S10_HYBRID,displacement,Z,0.02934096660465002,0.04378416128456593,0.7799839377403259,True,508,224,361,3.9059999999999957
R6_LHS_04,control,V40_CPLUS_E8_C12_2T,S10,velocity,Z,0.19386402517557144,0.2708377301692963,1.3359664678573608,True,508,265,265,0.0
R6_LHS_04,control,V40_C_E8_C12_2T,S10_HYBRID,displacement,X,0.08400144800543785,0.14640402793884277,0.29031530022621155,True,496,187,187,0.0
R6_LHS_04,control,V40_C_E8_C12_2T,S10,velocity,X,0.35840214788913727,0.5952383577823639,0.8272634744644165,True,496,50,50,0.0
R6_LHS_04,control,V40_C_E8_C12_2T,S10_HYBRID,displacement,Y,0.03430723398923874,0.14859746396541595,0.4818928837776184,True,496,280,280,0.0
R6_LHS_04,control,V40_C_E8_C12_2T,S10,velocity,Y,0.19443366676568985,0.37019601464271545,1.0218514204025269,True,496,265,198,135.0166118112963
R6_LHS_04,control,V40_C_E8_C12_2T,S10_HYBRID,displacement,Z,0.03463209792971611,0.05759975388646126,0.8601612448692322,True,508,361,361,0.0
R6_LHS_04,control,V40_C_E8_C12_2T,S10,velocity,Z,0.19571546465158463,0.2691676765680313,2.1077089309692383,True,508,265,265,0.0
R6_LHS_04,control,V52_A_E8_C12_2T,S10_HYBRID,displacement,X,0.15729443728923798,0.36148062348365784,0.9137411713600159,True,496,187,187,0.0
R6_LHS_04,control,V52_A_E8_C12_2T,S10,velocity,X,0.5224241614341736,0.7395378947257996,0.8989511132240295,True,496,50,50,0.0
R6_LHS_04,control,V52_A_E8_C12_2T,S10_HYBRID,displacement,Y,0.054757507517933846,0.19815070927143097,0.8319369554519653,True,496,207,280,1.0347168233735533
R6_LHS_04,control,V52_A_E8_C12_2T,S10,velocity,Y,0.2180722951889038,0.35377901792526245,1.0379230976104736,True,496,266,266,0.0
R6_LHS_04,control,V52_A_E8_C12_2T,S10_HYBRID,displacement,Z,0.06055501289665699,0.108781448751688,1.282873272895813,True,508,1,72,0.5240000000000045
R6_LHS_04,control,V52_A_E8_C12_2T,S10,velocity,Z,0.22290849685668945,0.3124581754207611,1.5063704252243042,True,508,265,265,0.0
R6_LHS_04,control,V52_B_E8_C12_2T,S10_HYBRID,displacement,X,0.07498801127076149,0.12072871252894402,0.23418930172920227,True,496,187,187,0.0
R6_LHS_04,control,V52_B_E8_C12_2T,S10,velocity,X,0.42624641954898834,0.6988931894302368,0.9176796674728394,True,496,50,50,0.0
R6_LHS_04,control,V52_B_E8_C12_2T,S10_HYBRID,displacement,Y,0.02816305309534073,0.11682070046663284,0.3409566879272461,True,496,280,280,0.0
R6_LHS_04,control,V52_B_E8_C12_2T,S10,velocity,Y,0.19653991609811783,0.36871887743473053,1.2442810535430908,True,496,266,266,0.0
R6_LHS_04,control,V52_B_E8_C12_2T,S10_HYBRID,displacement,Z,0.02606717962771654,0.037797970324754716,1.0092390775680542,True,508,361,361,0.0
R6_LHS_04,control,V52_B_E8_C12_2T,S10,velocity,Z,0.184015154838562,0.2612887769937515,1.541874647140503,True,508,265,265,0.0
R6_LHS_04,control,V52_CPLUS_E8_C12_2T,S10_HYBRID,displacement,X,0.09466665610671043,0.20570136606693268,0.4161095917224884,True,496,187,187,0.0
R6_LHS_04,control,V52_CPLUS_E8_C12_2T,S10,velocity,X,0.4420984834432602,0.6984763145446777,1.115273356437683,True,496,50,50,0.0
R6_LHS_04,control,V52_CPLUS_E8_C12_2T,S10_HYBRID,displacement,Y,0.03891669400036335,0.1352422535419464,0.4299147427082062,True,496,306,280,1.034716823373547
R6_LHS_04,control,V52_CPLUS_E8_C12_2T,S10,velocity,Y,0.1688355952501297,0.39425046741962433,1.088840126991272,True,496,266,198,1.2691934446726394
R6_LHS_04,control,V52_CPLUS_E8_C12_2T,S10_HYBRID,displacement,Z,0.03661881200969219,0.062308456748723984,1.397845983505249,True,508,224,361,3.9059999999999957
R6_LHS_04,control,V52_CPLUS_E8_C12_2T,S10,velocity,Z,0.1600833386182785,0.22610246837139134,1.207655668258667,True,508,265,265,0.0
R6_LHS_04,control,V52_C_E8_C12_2T,S10_HYBRID,displacement,X,0.0779186449944973,0.1319674849510193,0.2641512155532837,True,496,187,187,0.0
R6_LHS_04,control,V52_C_E8_C12_2T,S10,velocity,X,0.39157184958457947,0.6546022891998291,0.7744001150131226,True,496,50,50,0.0
R6_LHS_04,control,V52_C_E8_C12_2T,S10_HYBRID,displacement,Y,0.032320113852620125,0.12342163175344467,0.3650975227355957,True,496,280,280,0.0
R6_LHS_04,control,V52_C_E8_C12_2T,S10,velocity,Y,0.16167359054088593,0.33366554975509644,1.0443596839904785,True,496,266,198,1.2691934446726394
R6_LHS_04,control,V52_C_E8_C12_2T,S10_HYBRID,displacement,Z,0.030415531247854233,0.04245075695216656,0.7401636838912964,True,508,224,361,3.9059999999999957
R6_LHS_04,control,V52_C_E8_C12_2T,S10,velocity,Z,0.15101881325244904,0.2253210291266442,1.2390114068984985,True,508,265,265,0.0
