trial_id,variant,seed,case_id,quantity,axis,log_psd_l2_distance,target_dominant_frequency_hz,predicted_dominant_frequency_hz,dominant_frequency_abs_error_hz,coherence_at_target_dominant_frequency,phase_at_target_dominant_frequency_rad,coherence_defined,phase_defined,coherence_valid_node_count
COMMON_B2,common,-1,BASE_C1_0T,total_displacement,X,4.275180149198559,1.931723563696909,0.09991673605328841,1.8318068276436206,0.3620225191116333,0.1204480230808258,True,True,496
COMMON_B2,common,-1,BASE_C1_0T,total_displacement,Y,2.865628247617928,1.931723563696909,0.09991673605328841,1.8318068276436206,0.9378492832183838,0.06918514519929886,True,True,496
COMMON_B2,common,-1,BASE_C1_0T,total_displacement,Z,2.3305174213662263,1.931723563696909,0.09991673605328841,1.8318068276436206,0.9678179025650024,0.06715318560600281,True,True,508
COMMON_B2,common,-1,BASE_C2_0T,total_displacement,X,3.2312479679069916,1.1990008326394608,1.1990008326394608,0.0,0.999999463558197,-9.863882587524131e-05,True,True,496
COMMON_B2,common,-1,BASE_C2_0T,total_displacement,Y,2.3673889405902644,1.1990008326394608,0.09991673605328841,1.0990840965861723,0.9648148417472839,1.8059774447465315e-05,True,True,496
COMMON_B2,common,-1,BASE_C2_0T,total_displacement,Z,2.4500486378404105,1.1990008326394608,0.09991673605328841,1.0990840965861723,0.9857722520828247,-1.3606079846795183e-05,True,True,508
COMMON_B2,common,-1,BASE_C3_0T,total_displacement,X,3.7864962099920496,1.931723563696909,0.09991673605328841,1.8318068276436206,0.3744875490665436,-0.03355186805129051,True,True,496
COMMON_B2,common,-1,BASE_C3_0T,total_displacement,Y,2.020918931807665,1.931723563696909,0.09991673605328841,1.8318068276436206,0.9438705444335938,0.10487684607505798,True,True,496
COMMON_B2,common,-1,BASE_C3_0T,total_displacement,Z,1.9355142077005203,1.931723563696909,1.931723563696909,0.0,0.974271297454834,0.1085531935095787,True,True,508
COMMON_B2,common,-1,BASE_C8_0T,total_displacement,X,3.653527747598065,1.1990008326394608,1.1990008326394608,0.0,0.9999995827674866,0.0002370636648265645,True,True,496
COMMON_B2,common,-1,BASE_C8_0T,total_displacement,Y,1.9567008100254526,1.1990008326394608,1.1990008326394608,0.0,0.974590539932251,0.00033866867306642234,True,True,496
COMMON_B2,common,-1,BASE_C8_0T,total_displacement,Z,1.9938167343508435,1.1990008326394608,1.1990008326394608,0.0,0.9904072880744934,0.0002583192544989288,True,True,508
COMMON_B2,common,-1,V40_A_E1_C4_2T,total_displacement,X,1.2270093551018464,0.06661115736885893,0.06661115736885893,0.0,0.992780864238739,0.0,True,True,496
COMMON_B2,common,-1,V40_A_E1_C4_2T,total_displacement,Y,2.015498667376134,0.06661115736885893,0.06661115736885893,0.0,0.9977699518203735,0.0,True,True,496
COMMON_B2,common,-1,V40_A_E1_C4_2T,total_displacement,Z,5.060676386232384,0.06661115736885893,0.06661115736885893,0.0,0.9962407946586609,0.0,True,True,508
COMMON_B2,common,-1,V40_B_E1_C4_2T,total_displacement,X,1.366139994521786,0.06661115736885893,0.06661115736885893,0.0,0.975879430770874,0.0,True,True,496
COMMON_B2,common,-1,V40_B_E1_C4_2T,total_displacement,Y,2.213495116395459,0.06661115736885893,0.06661115736885893,0.0,0.9932698011398315,0.0,True,True,496
COMMON_B2,common,-1,V40_B_E1_C4_2T,total_displacement,Z,5.281752951215528,0.06661115736885893,0.06661115736885893,0.0,0.9918951988220215,0.0,True,True,508
COMMON_B2,common,-1,V40_CPLUS_E1_C4_2T,total_displacement,X,1.654371126565164,0.06661115736885893,0.06661115736885893,0.0,0.9896298050880432,0.0,True,True,496
COMMON_B2,common,-1,V40_CPLUS_E1_C4_2T,total_displacement,Y,2.6311332562520318,0.06661115736885893,0.06661115736885893,0.0,0.9992525577545166,0.0,True,True,496
COMMON_B2,common,-1,V40_CPLUS_E1_C4_2T,total_displacement,Z,6.109462498471359,0.06661115736885893,0.06661115736885893,0.0,0.999557375907898,0.0,True,True,508
COMMON_B2,common,-1,V40_C_E1_C4_2T,total_displacement,X,1.4480396899439558,0.06661115736885893,0.06661115736885893,0.0,0.9774280190467834,0.0,True,True,496
COMMON_B2,common,-1,V40_C_E1_C4_2T,total_displacement,Y,2.4189059128792008,0.06661115736885893,0.06661115736885893,0.0,0.9942269921302795,0.0,True,True,496
COMMON_B2,common,-1,V40_C_E1_C4_2T,total_displacement,Z,5.596711746368599,0.06661115736885893,0.06661115736885893,0.0,0.9929171800613403,0.0,True,True,508
COMMON_B2,common,-1,V52_A_E1_C4_2T,total_displacement,X,1.1399118406900797,0.09991673605328841,0.09991673605328841,0.0,0.996892511844635,0.004355747252702713,True,True,496
COMMON_B2,common,-1,V52_A_E1_C4_2T,total_displacement,Y,2.257404261846995,0.06661115736885893,0.06661115736885893,0.0,0.9996975660324097,0.0,True,True,496
COMMON_B2,common,-1,V52_A_E1_C4_2T,total_displacement,Z,5.657433665799579,0.09991673605328841,0.09991673605328841,0.0,0.9989413619041443,-0.005240677390247583,True,True,508
COMMON_B2,common,-1,V52_B_E1_C4_2T,total_displacement,X,1.516099702043926,0.09991673605328841,0.06661115736885893,0.033305578684429474,0.9859995245933533,-0.002684906590729952,True,True,496
COMMON_B2,common,-1,V52_B_E1_C4_2T,total_displacement,Y,2.4133135238467083,0.06661115736885893,0.06661115736885893,0.0,0.9992688894271851,0.0,True,True,496
COMMON_B2,common,-1,V52_B_E1_C4_2T,total_displacement,Z,6.074944069286586,0.09991673605328841,0.09991673605328841,0.0,0.9991207122802734,0.003008621744811535,True,True,508
COMMON_B2,common,-1,V52_CPLUS_E1_C4_2T,total_displacement,X,1.4390906765511158,0.09991673605328841,0.09991673605328841,0.0,0.9958929419517517,0.006636817008256912,True,True,496
COMMON_B2,common,-1,V52_CPLUS_E1_C4_2T,total_displacement,Y,2.770258825212095,0.06661115736885893,0.06661115736885893,0.0,0.999754011631012,0.0,True,True,496
COMMON_B2,common,-1,V52_CPLUS_E1_C4_2T,total_displacement,Z,6.587755492051965,0.09991673605328841,0.09991673605328841,0.0,0.9995375275611877,0.001685471972450614,True,True,508
COMMON_B2,common,-1,V52_C_E1_C4_2T,total_displacement,X,1.3372312589229138,0.09991673605328841,0.09991673605328841,0.0,0.9964247941970825,-0.008074126206338406,True,True,496
COMMON_B2,common,-1,V52_C_E1_C4_2T,total_displacement,Y,2.3923296113166312,0.06661115736885893,0.06661115736885893,0.0,0.9994857907295227,0.0,True,True,496
COMMON_B2,common,-1,V52_C_E1_C4_2T,total_displacement,Z,5.823050878428228,0.09991673605328841,0.09991673605328841,0.0,0.9993927478790283,-0.01094266027212143,True,True,508
COMMON_B2,common,-1,V40_A_E2_C5_2T,total_displacement,X,1.5867297662792645,1.1990008326394608,1.1990008326394608,0.0,0.9999600052833557,-3.0806018912699074e-05,True,True,496
COMMON_B2,common,-1,V40_A_E2_C5_2T,total_displacement,Y,2.22953200668975,0.06661115736885893,0.06661115736885893,0.0,0.9962419271469116,0.0,True,True,496
COMMON_B2,common,-1,V40_A_E2_C5_2T,total_displacement,Z,5.449174454976145,0.06661115736885893,0.06661115736885893,0.0,0.9952467679977417,0.0,True,True,508
COMMON_B2,common,-1,V40_B_E2_C5_2T,total_displacement,X,1.622225324452131,1.1990008326394608,1.1990008326394608,0.0,0.9999432563781738,0.00011958258255617693,True,True,496
COMMON_B2,common,-1,V40_B_E2_C5_2T,total_displacement,Y,2.118133636000141,0.06661115736885893,0.06661115736885893,0.0,0.9989174604415894,0.0,True,True,496
COMMON_B2,common,-1,V40_B_E2_C5_2T,total_displacement,Z,5.284457673785303,0.06661115736885893,0.06661115736885893,0.0,0.9993207454681396,0.0,True,True,508
COMMON_B2,common,-1,V40_CPLUS_E2_C5_2T,total_displacement,X,1.5626733548046792,1.1990008326394608,1.1990008326394608,0.0,0.9998618364334106,-0.0001506026746938005,True,True,496
COMMON_B2,common,-1,V40_CPLUS_E2_C5_2T,total_displacement,Y,2.615210120366796,0.06661115736885893,0.06661115736885893,0.0,0.9993148446083069,0.0,True,True,496
COMMON_B2,common,-1,V40_CPLUS_E2_C5_2T,total_displacement,Z,6.194489345369334,0.06661115736885893,0.06661115736885893,0.0,0.9993525147438049,0.0,True,True,508
COMMON_B2,common,-1,V40_C_E2_C5_2T,total_displacement,X,1.6282171878899663,1.1990008326394608,1.1990008326394608,0.0,0.9999147653579712,-0.00012638414045795798,True,True,496
COMMON_B2,common,-1,V40_C_E2_C5_2T,total_displacement,Y,2.7002668966480385,0.06661115736885893,0.06661115736885893,0.0,0.9977213740348816,0.0,True,True,496
COMMON_B2,common,-1,V40_C_E2_C5_2T,total_displacement,Z,6.196833117104157,0.06661115736885893,0.06661115736885893,0.0,0.9973495602607727,0.0,True,True,508
COMMON_B2,common,-1,V52_A_E2_C5_2T,total_displacement,X,1.7599420937254011,1.1990008326394608,1.1990008326394608,0.0,0.999977171421051,0.00015340530080720782,True,True,496
COMMON_B2,common,-1,V52_A_E2_C5_2T,total_displacement,Y,1.8303075276514191,0.06661115736885893,0.06661115736885893,0.0,0.998906672000885,0.0,True,True,496
COMMON_B2,common,-1,V52_A_E2_C5_2T,total_displacement,Z,4.885077830918226,0.09991673605328841,0.09991673605328841,0.0,0.9976585507392883,0.011935978196561337,True,True,508
COMMON_B2,common,-1,V52_B_E2_C5_2T,total_displacement,X,1.5503934633178258,1.1990008326394608,1.1990008326394608,0.0,0.9999608397483826,-0.00012084307672921568,True,True,496
COMMON_B2,common,-1,V52_B_E2_C5_2T,total_displacement,Y,2.358261456099908,0.06661115736885893,0.06661115736885893,0.0,0.9982010722160339,0.0,True,True,496
COMMON_B2,common,-1,V52_B_E2_C5_2T,total_displacement,Z,5.855925247187453,0.09991673605328841,0.09991673605328841,0.0,0.9979722499847412,-0.010162964463233948,True,True,508
COMMON_B2,common,-1,V52_CPLUS_E2_C5_2T,total_displacement,X,1.4117445141991412,1.1990008326394608,1.1990008326394608,0.0,0.9999009370803833,8.892072855815059e-07,True,True,496
COMMON_B2,common,-1,V52_CPLUS_E2_C5_2T,total_displacement,Y,2.665594424867973,0.06661115736885893,0.06661115736885893,0.0,0.9996706247329712,0.0,True,True,496
COMMON_B2,common,-1,V52_CPLUS_E2_C5_2T,total_displacement,Z,6.311207612290548,0.09991673605328841,0.09991673605328841,0.0,0.999579668045044,0.00814908929169178,True,True,508
COMMON_B2,common,-1,V52_C_E2_C5_2T,total_displacement,X,1.5590919785385455,1.1990008326394608,1.1990008326394608,0.0,0.9999446272850037,-0.00012795817747246474,True,True,496
COMMON_B2,common,-1,V52_C_E2_C5_2T,total_displacement,Y,2.3645186332425006,0.06661115736885893,0.06661115736885893,0.0,0.9996358752250671,0.0,True,True,496
COMMON_B2,common,-1,V52_C_E2_C5_2T,total_displacement,Z,5.874429549919218,0.09991673605328841,0.09991673605328841,0.0,0.9995617866516113,0.0029623114969581366,True,True,508
COMMON_B2,common,-1,V40_A_E3_C6_1T,total_displacement,X,1.7708254109469226,0.03330557868442947,0.03330557868442947,0.0,0.9829939603805542,0.0,True,True,496
COMMON_B2,common,-1,V40_A_E3_C6_1T,total_displacement,Y,0.9380543403211912,0.06661115736885893,0.06661115736885893,0.0,0.9904341697692871,0.0,True,True,496
COMMON_B2,common,-1,V40_A_E3_C6_1T,total_displacement,Z,1.1171514522196735,0.06661115736885893,0.06661115736885893,0.0,0.9812107682228088,0.0,True,True,508
COMMON_B2,common,-1,V40_B_E3_C6_1T,total_displacement,X,1.4579022994949593,0.03330557868442947,0.03330557868442947,0.0,0.9785729646682739,0.0,True,True,496
COMMON_B2,common,-1,V40_B_E3_C6_1T,total_displacement,Y,1.0090631891372295,0.06661115736885893,0.06661115736885893,0.0,0.9933763742446899,0.0,True,True,496
COMMON_B2,common,-1,V40_B_E3_C6_1T,total_displacement,Z,1.2651314144112098,0.06661115736885893,0.06661115736885893,0.0,0.98838871717453,0.0,True,True,508
COMMON_B2,common,-1,V40_CPLUS_E3_C6_1T,total_displacement,X,1.9689432048535873,0.03330557868442947,0.03330557868442947,0.0,0.9793444871902466,0.0,True,True,496
COMMON_B2,common,-1,V40_CPLUS_E3_C6_1T,total_displacement,Y,1.244891347652322,0.06661115736885893,0.06661115736885893,0.0,0.9936861991882324,0.0,True,True,496
COMMON_B2,common,-1,V40_CPLUS_E3_C6_1T,total_displacement,Z,1.5900794403623684,0.06661115736885893,0.06661115736885893,0.0,0.9911125302314758,0.0,True,True,508
COMMON_B2,common,-1,V40_C_E3_C6_1T,total_displacement,X,1.344580417254409,0.03330557868442947,0.03330557868442947,0.0,0.9831629395484924,0.0,True,True,496
COMMON_B2,common,-1,V40_C_E3_C6_1T,total_displacement,Y,1.099069504400224,0.06661115736885893,0.06661115736885893,0.0,0.997665286064148,0.0,True,True,496
COMMON_B2,common,-1,V40_C_E3_C6_1T,total_displacement,Z,1.3853901529574983,0.06661115736885893,0.06661115736885893,0.0,0.9973026514053345,0.0,True,True,508
COMMON_B2,common,-1,V52_A_E3_C6_1T,total_displacement,X,1.2264456429172435,0.03330557868442947,0.03330557868442947,0.0,0.9960314035415649,0.0,True,True,496
COMMON_B2,common,-1,V52_A_E3_C6_1T,total_displacement,Y,1.0090179103574204,0.06661115736885893,0.06661115736885893,0.0,0.9987080693244934,0.0,True,True,496
COMMON_B2,common,-1,V52_A_E3_C6_1T,total_displacement,Z,1.1739717061532617,0.06661115736885893,0.06661115736885893,0.0,0.9992312788963318,0.0,True,True,508
COMMON_B2,common,-1,V52_B_E3_C6_1T,total_displacement,X,1.8398392508153238,0.03330557868442947,0.03330557868442947,0.0,0.9922442436218262,0.0,True,True,496
COMMON_B2,common,-1,V52_B_E3_C6_1T,total_displacement,Y,1.1064162416237107,0.06661115736885893,0.06661115736885893,0.0,0.992743968963623,0.0,True,True,496
COMMON_B2,common,-1,V52_B_E3_C6_1T,total_displacement,Z,1.4535503440265896,0.06661115736885893,0.06661115736885893,0.0,0.9934326410293579,0.0,True,True,508
COMMON_B2,common,-1,V52_CPLUS_E3_C6_1T,total_displacement,X,1.619290194263318,0.03330557868442947,0.03330557868442947,0.0,0.9755395650863647,0.0,True,True,496
COMMON_B2,common,-1,V52_CPLUS_E3_C6_1T,total_displacement,Y,1.5158107127639042,0.06661115736885893,0.06661115736885893,0.0,0.9842947721481323,0.0,True,True,496
COMMON_B2,common,-1,V52_CPLUS_E3_C6_1T,total_displacement,Z,1.8640605095730896,0.06661115736885893,0.06661115736885893,0.0,0.9904652237892151,0.0,True,True,508
COMMON_B2,common,-1,V52_C_E3_C6_1T,total_displacement,X,1.4684045633896712,0.03330557868442947,0.03330557868442947,0.0,0.9708548784255981,0.0,True,True,496
COMMON_B2,common,-1,V52_C_E3_C6_1T,total_displacement,Y,1.2512861671396383,0.06661115736885893,0.06661115736885893,0.0,0.9766328930854797,0.0,True,True,496
COMMON_B2,common,-1,V52_C_E3_C6_1T,total_displacement,Z,1.547093919242337,0.06661115736885893,0.06661115736885893,0.0,0.9752338528633118,0.0,True,True,508
COMMON_B2,common,-1,V40_A_E4_C7_1T,total_displacement,X,1.9350664912386977,1.1990008326394608,1.1990008326394608,0.0,0.9999774694442749,1.1511078810144681e-05,True,True,496
COMMON_B2,common,-1,V40_A_E4_C7_1T,total_displacement,Y,0.970280546658393,0.06661115736885893,0.06661115736885893,0.0,0.9516881704330444,0.0,True,True,496
COMMON_B2,common,-1,V40_A_E4_C7_1T,total_displacement,Z,1.0619662670410335,0.06661115736885893,0.03330557868442947,0.03330557868442947,0.9294367432594299,0.0,True,True,508
COMMON_B2,common,-1,V40_B_E4_C7_1T,total_displacement,X,1.8730160966029887,1.1990008326394608,1.1990008326394608,0.0,0.9999668002128601,-3.340857438161038e-05,True,True,496
COMMON_B2,common,-1,V40_B_E4_C7_1T,total_displacement,Y,0.9910718797689557,0.06661115736885893,0.06661115736885893,0.0,0.9899121522903442,0.0,True,True,496
COMMON_B2,common,-1,V40_B_E4_C7_1T,total_displacement,Z,1.265099531068355,0.06661115736885893,0.06661115736885893,0.0,0.9800576567649841,0.0,True,True,508
COMMON_B2,common,-1,V40_CPLUS_E4_C7_1T,total_displacement,X,1.951261151918561,1.1990008326394608,1.1990008326394608,0.0,0.9999249577522278,0.0004148815933149308,True,True,496
COMMON_B2,common,-1,V40_CPLUS_E4_C7_1T,total_displacement,Y,1.3225277910216569,0.06661115736885893,0.06661115736885893,0.0,0.997931718826294,0.0,True,True,496
COMMON_B2,common,-1,V40_CPLUS_E4_C7_1T,total_displacement,Z,1.6976868333679909,0.06661115736885893,0.06661115736885893,0.0,0.9955742359161377,0.0,True,True,508
COMMON_B2,common,-1,V40_C_E4_C7_1T,total_displacement,X,1.9053286867803043,1.1990008326394608,1.1990008326394608,0.0,0.9999568462371826,0.0001633448846405372,True,True,496
COMMON_B2,common,-1,V40_C_E4_C7_1T,total_displacement,Y,1.178848351287956,0.06661115736885893,0.06661115736885893,0.0,0.9968268871307373,0.0,True,True,496
COMMON_B2,common,-1,V40_C_E4_C7_1T,total_displacement,Z,1.4205390289727866,0.06661115736885893,0.06661115736885893,0.0,0.9955540895462036,0.0,True,True,508
COMMON_B2,common,-1,V52_A_E4_C7_1T,total_displacement,X,1.9892348249821372,1.1990008326394608,1.1990008326394608,0.0,0.9999914765357971,7.6215663284529e-05,True,True,496
COMMON_B2,common,-1,V52_A_E4_C7_1T,total_displacement,Y,1.0007735919443825,0.06661115736885893,0.06661115736885893,0.0,0.9980084896087646,0.0,True,True,496
COMMON_B2,common,-1,V52_A_E4_C7_1T,total_displacement,Z,1.2928800272751793,0.06661115736885893,0.06661115736885893,0.0,0.9981451034545898,0.0,True,True,508
COMMON_B2,common,-1,V52_B_E4_C7_1T,total_displacement,X,1.8116346238690186,1.1990008326394608,1.1990008326394608,0.0,0.9999840259552002,5.596972187049687e-05,True,True,496
COMMON_B2,common,-1,V52_B_E4_C7_1T,total_displacement,Y,1.099390720090887,0.06661115736885893,0.06661115736885893,0.0,0.9852533936500549,0.0,True,True,496
COMMON_B2,common,-1,V52_B_E4_C7_1T,total_displacement,Z,1.3815567811273077,0.06661115736885893,0.06661115736885893,0.0,0.9883496165275574,0.0,True,True,508
COMMON_B2,common,-1,V52_CPLUS_E4_C7_1T,total_displacement,X,1.6109427737773152,1.1990008326394608,1.1990008326394608,0.0,0.9999619722366333,0.00023312584380619228,True,True,496
COMMON_B2,common,-1,V52_CPLUS_E4_C7_1T,total_displacement,Y,1.2103995385881419,0.06661115736885893,0.06661115736885893,0.0,0.9951395988464355,0.0,True,True,496
COMMON_B2,common,-1,V52_CPLUS_E4_C7_1T,total_displacement,Z,1.6541273699338148,0.06661115736885893,0.06661115736885893,0.0,0.9997683763504028,0.0,True,True,508
COMMON_B2,common,-1,V52_C_E4_C7_1T,total_displacement,X,1.5990623183087938,1.1990008326394608,1.1990008326394608,0.0,0.9999765753746033,0.0001275122194783762,True,True,496
COMMON_B2,common,-1,V52_C_E4_C7_1T,total_displacement,Y,1.1710407954712656,0.06661115736885893,0.06661115736885893,0.0,0.9867685437202454,0.0,True,True,496
COMMON_B2,common,-1,V52_C_E4_C7_1T,total_displacement,Z,1.4804258775109553,0.06661115736885893,0.06661115736885893,0.0,0.9905516505241394,0.0,True,True,508
COMMON_B2,common,-1,V40_A_E5_C9_1T,total_displacement,X,1.873473646289041,1.1990008326394608,1.1990008326394608,0.0,0.9999768733978271,0.0004501039220485836,True,True,496
COMMON_B2,common,-1,V40_A_E5_C9_1T,total_displacement,Y,0.932809766050983,0.06661115736885893,0.06661115736885893,0.0,0.9386386871337891,0.0,True,True,496
COMMON_B2,common,-1,V40_A_E5_C9_1T,total_displacement,Z,1.049752252858122,0.06661115736885893,0.06661115736885893,0.0,0.9118310213088989,0.0,True,True,508
COMMON_B2,common,-1,V40_B_E5_C9_1T,total_displacement,X,2.1843966323197477,1.1990008326394608,1.1990008326394608,0.0,0.99996417760849,0.0005349507555365562,True,True,496
COMMON_B2,common,-1,V40_B_E5_C9_1T,total_displacement,Y,0.9960200129004065,0.06661115736885893,0.06661115736885893,0.0,0.9591683149337769,0.0,True,True,496
COMMON_B2,common,-1,V40_B_E5_C9_1T,total_displacement,Z,1.2111796615818002,0.06661115736885893,0.06661115736885893,0.0,0.9249715805053711,0.0,True,True,508
COMMON_B2,common,-1,V40_CPLUS_E5_C9_1T,total_displacement,X,1.771654902679117,1.1990008326394608,1.1990008326394608,0.0,0.9999192357063293,0.00046681766980327666,True,True,496
COMMON_B2,common,-1,V40_CPLUS_E5_C9_1T,total_displacement,Y,1.253964728962752,0.06661115736885893,0.06661115736885893,0.0,0.9906795620918274,0.0,True,True,496
COMMON_B2,common,-1,V40_CPLUS_E5_C9_1T,total_displacement,Z,1.5610966601522245,0.06661115736885893,0.06661115736885893,0.0,0.9664943218231201,0.0,True,True,508
COMMON_B2,common,-1,V40_C_E5_C9_1T,total_displacement,X,1.868805121316317,1.1990008326394608,1.1990008326394608,0.0,0.9999569654464722,8.885018178261817e-05,True,True,496
COMMON_B2,common,-1,V40_C_E5_C9_1T,total_displacement,Y,1.1456558992679566,0.06661115736885893,0.06661115736885893,0.0,0.9930978417396545,0.0,True,True,496
COMMON_B2,common,-1,V40_C_E5_C9_1T,total_displacement,Z,1.4720675870419777,0.06661115736885893,0.06661115736885893,0.0,0.9777554273605347,0.0,True,True,508
COMMON_B2,common,-1,V52_A_E5_C9_1T,total_displacement,X,1.880108346037949,1.1990008326394608,1.1990008326394608,0.0,0.9999892711639404,3.737287624971941e-05,True,True,496
COMMON_B2,common,-1,V52_A_E5_C9_1T,total_displacement,Y,0.8842077866223101,0.06661115736885893,0.06661115736885893,0.0,0.9951568245887756,0.0,True,True,496
COMMON_B2,common,-1,V52_A_E5_C9_1T,total_displacement,Z,1.0917867482357602,0.06661115736885893,0.06661115736885893,0.0,0.994627833366394,0.0,True,True,508
COMMON_B2,common,-1,V52_B_E5_C9_1T,total_displacement,X,1.8931824788780605,1.1990008326394608,1.1990008326394608,0.0,0.9999825358390808,8.715334115549922e-05,True,True,496
COMMON_B2,common,-1,V52_B_E5_C9_1T,total_displacement,Y,1.0538696612206278,0.06661115736885893,0.06661115736885893,0.0,0.9887136816978455,0.0,True,True,496
COMMON_B2,common,-1,V52_B_E5_C9_1T,total_displacement,Z,1.2920686871461704,0.06661115736885893,0.06661115736885893,0.0,0.9882405400276184,0.0,True,True,508
COMMON_B2,common,-1,V52_CPLUS_E5_C9_1T,total_displacement,X,1.7041608838866245,1.1990008326394608,1.1990008326394608,0.0,0.9999539852142334,0.00034399188007228076,True,True,496
COMMON_B2,common,-1,V52_CPLUS_E5_C9_1T,total_displacement,Y,1.2462729385882148,0.06661115736885893,0.06661115736885893,0.0,0.990106999874115,0.0,True,True,496
COMMON_B2,common,-1,V52_CPLUS_E5_C9_1T,total_displacement,Z,1.676776234664904,0.06661115736885893,0.06661115736885893,0.0,0.9948225021362305,0.0,True,True,508
COMMON_B2,common,-1,V52_C_E5_C9_1T,total_displacement,X,1.8694504172596489,1.1990008326394608,1.1990008326394608,0.0,0.999975860118866,-5.4151754738995805e-05,True,True,496
COMMON_B2,common,-1,V52_C_E5_C9_1T,total_displacement,Y,0.9904280627472349,0.06661115736885893,0.06661115736885893,0.0,0.9906874895095825,0.0,True,True,496
COMMON_B2,common,-1,V52_C_E5_C9_1T,total_displacement,Z,1.2202474343024425,0.06661115736885893,0.06661115736885893,0.0,0.9938294291496277,0.0,True,True,508
COMMON_B2,common,-1,V40_A_E6_C10_1T,total_displacement,X,1.5179943223968873,0.03330557868442947,0.03330557868442947,0.0,0.9835480451583862,0.0,True,True,496
COMMON_B2,common,-1,V40_A_E6_C10_1T,total_displacement,Y,0.870084154340313,0.06661115736885893,0.06661115736885893,0.0,0.9897640347480774,0.0,True,True,496
COMMON_B2,common,-1,V40_A_E6_C10_1T,total_displacement,Z,1.0313453457454567,0.06661115736885893,0.06661115736885893,0.0,0.9763076901435852,0.0,True,True,508
COMMON_B2,common,-1,V40_B_E6_C10_1T,total_displacement,X,1.2938321151264511,0.03330557868442947,0.03330557868442947,0.0,0.9851725101470947,0.0,True,True,496
COMMON_B2,common,-1,V40_B_E6_C10_1T,total_displacement,Y,0.9604086927665472,0.06661115736885893,0.06661115736885893,0.0,0.9926930069923401,0.0,True,True,496
COMMON_B2,common,-1,V40_B_E6_C10_1T,total_displacement,Z,1.245349435581968,0.06661115736885893,0.06661115736885893,0.0,0.9775014519691467,0.0,True,True,508
COMMON_B2,common,-1,V40_CPLUS_E6_C10_1T,total_displacement,X,1.9231220131959266,0.03330557868442947,0.03330557868442947,0.0,0.9744915962219238,0.0,True,True,496
COMMON_B2,common,-1,V40_CPLUS_E6_C10_1T,total_displacement,Y,1.256563815465998,0.06661115736885893,0.06661115736885893,0.0,0.9888038635253906,0.0,True,True,496
COMMON_B2,common,-1,V40_CPLUS_E6_C10_1T,total_displacement,Z,1.5906029693554453,0.06661115736885893,0.06661115736885893,0.0,0.985782265663147,0.0,True,True,508
COMMON_B2,common,-1,V40_C_E6_C10_1T,total_displacement,X,1.9395181902686451,0.03330557868442947,0.03330557868442947,0.0,0.9697835445404053,0.0,True,True,496
COMMON_B2,common,-1,V40_C_E6_C10_1T,total_displacement,Y,1.1686649010370034,0.06661115736885893,0.06661115736885893,0.0,0.9853692054748535,0.0,True,True,496
COMMON_B2,common,-1,V40_C_E6_C10_1T,total_displacement,Z,1.4690596995864422,0.06661115736885893,0.06661115736885893,0.0,0.9739557504653931,0.0,True,True,508
COMMON_B2,common,-1,V52_A_E6_C10_1T,total_displacement,X,1.300259844697552,0.03330557868442947,0.03330557868442947,0.0,0.9778282642364502,0.0,True,True,496
COMMON_B2,common,-1,V52_A_E6_C10_1T,total_displacement,Y,0.9854330537453652,0.06661115736885893,0.06661115736885893,0.0,0.9804860949516296,0.0,True,True,496
COMMON_B2,common,-1,V52_A_E6_C10_1T,total_displacement,Z,1.1296606365633655,0.06661115736885893,0.06661115736885893,0.0,0.9840966463088989,0.0,True,True,508
COMMON_B2,common,-1,V52_B_E6_C10_1T,total_displacement,X,1.8185352279985572,0.03330557868442947,0.03330557868442947,0.0,0.9870030879974365,0.0,True,True,496
COMMON_B2,common,-1,V52_B_E6_C10_1T,total_displacement,Y,1.025619321639623,0.06661115736885893,0.06661115736885893,0.0,0.9896587133407593,0.0,True,True,496
COMMON_B2,common,-1,V52_B_E6_C10_1T,total_displacement,Z,1.3470413698973964,0.06661115736885893,0.06661115736885893,0.0,0.9906909465789795,0.0,True,True,508
COMMON_B2,common,-1,V52_CPLUS_E6_C10_1T,total_displacement,X,1.6202249330579304,0.03330557868442947,0.03330557868442947,0.0,0.9911673069000244,0.0,True,True,496
COMMON_B2,common,-1,V52_CPLUS_E6_C10_1T,total_displacement,Y,1.2047171326927282,0.06661115736885893,0.06661115736885893,0.0,0.9887290000915527,0.0,True,True,496
COMMON_B2,common,-1,V52_CPLUS_E6_C10_1T,total_displacement,Z,1.6172177205670841,0.06661115736885893,0.06661115736885893,0.0,0.9757707118988037,0.0,True,True,508
COMMON_B2,common,-1,V52_C_E6_C10_1T,total_displacement,X,1.2151958828058806,0.03330557868442947,0.03330557868442947,0.0,0.9939191341400146,0.0,True,True,496
COMMON_B2,common,-1,V52_C_E6_C10_1T,total_displacement,Y,1.182580026778264,0.06661115736885893,0.06661115736885893,0.0,0.994005024433136,0.0,True,True,496
COMMON_B2,common,-1,V52_C_E6_C10_1T,total_displacement,Z,1.5135627519774504,0.06661115736885893,0.06661115736885893,0.0,0.9893543720245361,0.0,True,True,508
COMMON_B2,common,-1,V40_A_E7_C11_2T,total_displacement,X,2.1067389750160572,1.1990008326394608,1.1990008326394608,0.0,0.9999601244926453,3.977931555709802e-06,True,True,496
COMMON_B2,common,-1,V40_A_E7_C11_2T,total_displacement,Y,1.9167467738575925,0.06661115736885893,0.06661115736885893,0.0,0.9982426166534424,0.0,True,True,496
COMMON_B2,common,-1,V40_A_E7_C11_2T,total_displacement,Z,4.871834282351793,0.06661115736885893,0.06661115736885893,0.0,0.9976438283920288,0.0,True,True,508
COMMON_B2,common,-1,V40_B_E7_C11_2T,total_displacement,X,1.6284313239715091,1.1990008326394608,1.1990008326394608,0.0,0.9999403953552246,-2.641227729327511e-05,True,True,496
COMMON_B2,common,-1,V40_B_E7_C11_2T,total_displacement,Y,2.0031303230675848,0.06661115736885893,0.06661115736885893,0.0,0.9993277788162231,0.0,True,True,496
COMMON_B2,common,-1,V40_B_E7_C11_2T,total_displacement,Z,5.07943359835227,0.06661115736885893,0.06661115736885893,0.0,0.999580442905426,0.0,True,True,508
COMMON_B2,common,-1,V40_CPLUS_E7_C11_2T,total_displacement,X,1.6273236801702124,1.1990008326394608,1.1990008326394608,0.0,0.9998529553413391,-0.00018861015269067138,True,True,496
COMMON_B2,common,-1,V40_CPLUS_E7_C11_2T,total_displacement,Y,2.8676933348848253,0.06661115736885893,0.06661115736885893,0.0,0.9983970522880554,0.0,True,True,496
COMMON_B2,common,-1,V40_CPLUS_E7_C11_2T,total_displacement,Z,6.375692483569607,0.06661115736885893,0.06661115736885893,0.0,0.9971542954444885,0.0,True,True,508
COMMON_B2,common,-1,V40_C_E7_C11_2T,total_displacement,X,1.773832929090157,1.1990008326394608,1.1990008326394608,0.0,0.9999085664749146,-0.00012829338083975017,True,True,496
COMMON_B2,common,-1,V40_C_E7_C11_2T,total_displacement,Y,2.6315059556586484,0.06661115736885893,0.06661115736885893,0.0,0.9977249503135681,0.0,True,True,496
COMMON_B2,common,-1,V40_C_E7_C11_2T,total_displacement,Z,5.994206745973682,0.06661115736885893,0.06661115736885893,0.0,0.997265100479126,0.0,True,True,508
COMMON_B2,common,-1,V52_A_E7_C11_2T,total_displacement,X,1.6587031355545607,1.1990008326394608,1.1990008326394608,0.0,0.9999755620956421,-7.319240103242919e-05,True,True,496
COMMON_B2,common,-1,V52_A_E7_C11_2T,total_displacement,Y,2.0448335404806963,0.06661115736885893,0.06661115736885893,0.0,0.9991739392280579,0.0,True,True,496
COMMON_B2,common,-1,V52_A_E7_C11_2T,total_displacement,Z,5.414759077947455,0.09991673605328841,0.09991673605328841,0.0,0.9962051510810852,0.0018652839353308082,True,True,508
COMMON_B2,common,-1,V52_B_E7_C11_2T,total_displacement,X,1.5174005399441308,1.1990008326394608,1.1990008326394608,0.0,0.9999563694000244,-7.957341586006805e-05,True,True,496
COMMON_B2,common,-1,V52_B_E7_C11_2T,total_displacement,Y,2.2600308958087743,0.06661115736885893,0.06661115736885893,0.0,0.99810791015625,0.0,True,True,496
COMMON_B2,common,-1,V52_B_E7_C11_2T,total_displacement,Z,5.616541134482049,0.09991673605328841,0.09991673605328841,0.0,0.9980436563491821,0.005684827920049429,True,True,508
COMMON_B2,common,-1,V52_CPLUS_E7_C11_2T,total_displacement,X,1.54127662894654,1.1990008326394608,1.1990008326394608,0.0,0.9998930096626282,0.0001360610476695001,True,True,496
COMMON_B2,common,-1,V52_CPLUS_E7_C11_2T,total_displacement,Y,2.658603794571168,0.06661115736885893,0.06661115736885893,0.0,0.9988180994987488,0.0,True,True,496
COMMON_B2,common,-1,V52_CPLUS_E7_C11_2T,total_displacement,Z,6.385015370068161,0.09991673605328841,0.09991673605328841,0.0,0.9989481568336487,-0.0037399204447865486,True,True,508
COMMON_B2,common,-1,V52_C_E7_C11_2T,total_displacement,X,1.3917945274152568,1.1990008326394608,1.1990008326394608,0.0,0.9999476075172424,-0.00022411336249206215,True,True,496
COMMON_B2,common,-1,V52_C_E7_C11_2T,total_displacement,Y,2.4372321407859068,0.06661115736885893,0.06661115736885893,0.0,0.9996091723442078,0.0,True,True,496
COMMON_B2,common,-1,V52_C_E7_C11_2T,total_displacement,Z,6.062069124417036,0.09991673605328841,0.09991673605328841,0.0,0.9995167851448059,0.015545513480901718,True,True,508
COMMON_B2,common,-1,V40_A_E8_C12_2T,total_displacement,X,1.7094371856353356,0.06661115736885893,0.06661115736885893,0.0,0.9834749698638916,0.0,True,True,496
COMMON_B2,common,-1,V40_A_E8_C12_2T,total_displacement,Y,1.8417608003816544,0.06661115736885893,0.06661115736885893,0.0,0.9977023005485535,0.0,True,True,496
COMMON_B2,common,-1,V40_A_E8_C12_2T,total_displacement,Z,4.745015428625877,0.06661115736885893,0.06661115736885893,0.0,0.9969662427902222,0.0,True,True,508
COMMON_B2,common,-1,V40_B_E8_C12_2T,total_displacement,X,1.5363945975572613,0.06661115736885893,0.06661115736885893,0.0,0.9833551645278931,0.0,True,True,496
COMMON_B2,common,-1,V40_B_E8_C12_2T,total_displacement,Y,2.5302433283238916,0.06661115736885893,0.06661115736885893,0.0,0.997760534286499,0.0,True,True,496
COMMON_B2,common,-1,V40_B_E8_C12_2T,total_displacement,Z,5.869788045769676,0.06661115736885893,0.06661115736885893,0.0,0.9963538646697998,0.0,True,True,508
COMMON_B2,common,-1,V40_CPLUS_E8_C12_2T,total_displacement,X,1.552364218466848,0.06661115736885893,0.06661115736885893,0.0,0.9808418154716492,0.0,True,True,496
COMMON_B2,common,-1,V40_CPLUS_E8_C12_2T,total_displacement,Y,2.778714345857222,0.06661115736885893,0.06661115736885893,0.0,0.9964011311531067,0.0,True,True,496
COMMON_B2,common,-1,V40_CPLUS_E8_C12_2T,total_displacement,Z,6.13567374212461,0.06661115736885893,0.06661115736885893,0.0,0.9936836957931519,0.0,True,True,508
COMMON_B2,common,-1,V40_C_E8_C12_2T,total_displacement,X,1.3265908204645933,0.06661115736885893,0.06661115736885893,0.0,0.9905579090118408,0.0,True,True,496
COMMON_B2,common,-1,V40_C_E8_C12_2T,total_displacement,Y,2.4682225974202043,0.06661115736885893,0.06661115736885893,0.0,0.9994291663169861,0.0,True,True,496
COMMON_B2,common,-1,V40_C_E8_C12_2T,total_displacement,Z,5.617318756009847,0.06661115736885893,0.06661115736885893,0.0,0.9996651411056519,0.0,True,True,508
COMMON_B2,common,-1,V52_A_E8_C12_2T,total_displacement,X,1.3747546202062442,0.09991673605328841,0.06661115736885893,0.033305578684429474,0.9797584414482117,-0.0061518666334450245,True,True,496
COMMON_B2,common,-1,V52_A_E8_C12_2T,total_displacement,Y,2.119565489926171,0.06661115736885893,0.06661115736885893,0.0,0.9985049962997437,0.0,True,True,496
COMMON_B2,common,-1,V52_A_E8_C12_2T,total_displacement,Z,5.569784361047183,0.09991673605328841,0.09991673605328841,0.0,0.997063159942627,-0.003984939772635698,True,True,508
COMMON_B2,common,-1,V52_B_E8_C12_2T,total_displacement,X,1.2146001009044134,0.09991673605328841,0.09991673605328841,0.0,0.9964792728424072,-0.00880804006010294,True,True,496
COMMON_B2,common,-1,V52_B_E8_C12_2T,total_displacement,Y,2.119958123982349,0.06661115736885893,0.06661115736885893,0.0,0.9994701147079468,0.0,True,True,496
COMMON_B2,common,-1,V52_B_E8_C12_2T,total_displacement,Z,5.418606640748934,0.09991673605328841,0.09991673605328841,0.0,0.9992527365684509,-0.010073574259877205,True,True,508
COMMON_B2,common,-1,V52_CPLUS_E8_C12_2T,total_displacement,X,1.613144198707437,0.09991673605328841,0.09991673605328841,0.0,0.9966158866882324,0.006562727503478527,True,True,496
COMMON_B2,common,-1,V52_CPLUS_E8_C12_2T,total_displacement,Y,2.604011107429696,0.06661115736885893,0.06661115736885893,0.0,0.9996256828308105,0.0,True,True,496
COMMON_B2,common,-1,V52_CPLUS_E8_C12_2T,total_displacement,Z,6.217665254746494,0.09991673605328841,0.09991673605328841,0.0,0.9996563196182251,0.01302120927721262,True,True,508
COMMON_B2,common,-1,V52_C_E8_C12_2T,total_displacement,X,1.2035240275720875,0.09991673605328841,0.09991673605328841,0.0,0.9938227534294128,0.00690242787823081,True,True,496
COMMON_B2,common,-1,V52_C_E8_C12_2T,total_displacement,Y,2.300973711417173,0.06661115736885893,0.06661115736885893,0.0,0.9983845353126526,0.0,True,True,496
COMMON_B2,common,-1,V52_C_E8_C12_2T,total_displacement,Z,5.768140884265107,0.09991673605328841,0.09991673605328841,0.0,0.9982461333274841,0.03221258148550987,True,True,508
R4_LHS_03,physics,20260813,BASE_C1_0T,total_displacement,X,4.275180149198559,1.931723563696909,0.09991673605328841,1.8318068276436206,0.3620225191116333,0.1204480230808258,True,True,496
R4_LHS_03,physics,20260813,BASE_C1_0T,incremental_velocity,X,0.0,0.0,0.0,0.0,,,False,False,0
R4_LHS_03,physics,20260813,BASE_C1_0T,total_displacement,Y,2.865628247617928,1.931723563696909,0.09991673605328841,1.8318068276436206,0.9378492832183838,0.06918514519929886,True,True,496
R4_LHS_03,physics,20260813,BASE_C1_0T,incremental_velocity,Y,0.0,0.0,0.0,0.0,,,False,False,0
R4_LHS_03,physics,20260813,BASE_C1_0T,total_displacement,Z,2.3305174213662263,1.931723563696909,0.09991673605328841,1.8318068276436206,0.9678179025650024,0.06715318560600281,True,True,508
R4_LHS_03,physics,20260813,BASE_C1_0T,incremental_velocity,Z,0.0,0.0,0.0,0.0,,,False,False,0
R4_LHS_03,physics,20260813,BASE_C2_0T,total_displacement,X,3.2312479679069916,1.1990008326394608,1.1990008326394608,0.0,0.999999463558197,-9.863882587524131e-05,True,True,496
R4_LHS_03,physics,20260813,BASE_C2_0T,incremental_velocity,X,0.0,0.0,0.0,0.0,,,False,False,0
R4_LHS_03,physics,20260813,BASE_C2_0T,total_displacement,Y,2.3673889405902644,1.1990008326394608,0.09991673605328841,1.0990840965861723,0.9648148417472839,1.8059774447465315e-05,True,True,496
R4_LHS_03,physics,20260813,BASE_C2_0T,incremental_velocity,Y,0.0,0.0,0.0,0.0,,,False,False,0
R4_LHS_03,physics,20260813,BASE_C2_0T,total_displacement,Z,2.4500486378404105,1.1990008326394608,0.09991673605328841,1.0990840965861723,0.9857722520828247,-1.3606079846795183e-05,True,True,508
R4_LHS_03,physics,20260813,BASE_C2_0T,incremental_velocity,Z,0.0,0.0,0.0,0.0,,,False,False,0
R4_LHS_03,physics,20260813,BASE_C3_0T,total_displacement,X,3.7864962099920496,1.931723563696909,0.09991673605328841,1.8318068276436206,0.3744875490665436,-0.03355186805129051,True,True,496
R4_LHS_03,physics,20260813,BASE_C3_0T,incremental_velocity,X,0.0,0.0,0.0,0.0,,,False,False,0
R4_LHS_03,physics,20260813,BASE_C3_0T,total_displacement,Y,2.020918931807665,1.931723563696909,0.09991673605328841,1.8318068276436206,0.9438705444335938,0.10487684607505798,True,True,496
R4_LHS_03,physics,20260813,BASE_C3_0T,incremental_velocity,Y,0.0,0.0,0.0,0.0,,,False,False,0
R4_LHS_03,physics,20260813,BASE_C3_0T,total_displacement,Z,1.9355142077005203,1.931723563696909,1.931723563696909,0.0,0.974271297454834,0.1085531935095787,True,True,508
R4_LHS_03,physics,20260813,BASE_C3_0T,incremental_velocity,Z,0.0,0.0,0.0,0.0,,,False,False,0
R4_LHS_03,physics,20260813,BASE_C8_0T,total_displacement,X,3.653527747598065,1.1990008326394608,1.1990008326394608,0.0,0.9999995827674866,0.0002370636648265645,True,True,496
R4_LHS_03,physics,20260813,BASE_C8_0T,incremental_velocity,X,0.0,0.0,0.0,0.0,,,False,False,0
R4_LHS_03,physics,20260813,BASE_C8_0T,total_displacement,Y,1.9567008100254526,1.1990008326394608,1.1990008326394608,0.0,0.974590539932251,0.00033866867306642234,True,True,496
R4_LHS_03,physics,20260813,BASE_C8_0T,incremental_velocity,Y,0.0,0.0,0.0,0.0,,,False,False,0
R4_LHS_03,physics,20260813,BASE_C8_0T,total_displacement,Z,1.9938167343508435,1.1990008326394608,1.1990008326394608,0.0,0.9904072880744934,0.0002583192544989288,True,True,508
R4_LHS_03,physics,20260813,BASE_C8_0T,incremental_velocity,Z,0.0,0.0,0.0,0.0,,,False,False,0
R4_LHS_03,physics,20260813,V40_A_E1_C4_2T,total_displacement,X,1.7494011559732812,0.06661115736885893,0.06661115736885893,0.0,0.982832133769989,0.0,True,True,496
R4_LHS_03,physics,20260813,V40_A_E1_C4_2T,incremental_velocity,X,1.8895178858538981,0.13322231473771787,0.13322231473771787,0.0,0.8689565062522888,-0.0011862859828397632,True,True,496
R4_LHS_03,physics,20260813,V40_A_E1_C4_2T,total_displacement,Y,2.201054466972039,0.06661115736885893,0.06661115736885893,0.0,0.9910354614257812,0.0,True,True,496
R4_LHS_03,physics,20260813,V40_A_E1_C4_2T,incremental_velocity,Y,1.9607709957146906,0.09991673605328841,0.09991673605328841,0.0,0.9641415476799011,0.018069595098495483,True,True,496
R4_LHS_03,physics,20260813,V40_A_E1_C4_2T,total_displacement,Z,2.657312490362486,0.06661115736885893,0.06661115736885893,0.0,0.9941425323486328,0.0,True,True,508
R4_LHS_03,physics,20260813,V40_A_E1_C4_2T,incremental_velocity,Z,3.0306031699725504,0.09991673605328841,0.09991673605328841,0.0,0.9948145151138306,0.012923618778586388,True,True,508
R4_LHS_03,physics,20260813,V40_B_E1_C4_2T,total_displacement,X,2.4360572725857383,0.06661115736885893,0.09991673605328841,0.033305578684429474,0.9621589779853821,0.0,True,True,496
R4_LHS_03,physics,20260813,V40_B_E1_C4_2T,incremental_velocity,X,1.356784427091874,0.13322231473771787,0.13322231473771787,0.0,0.8918451070785522,-0.000683274760376662,True,True,496
R4_LHS_03,physics,20260813,V40_B_E1_C4_2T,total_displacement,Y,2.6344137253272297,0.06661115736885893,0.06661115736885893,0.0,0.983680009841919,0.0,True,True,496
R4_LHS_03,physics,20260813,V40_B_E1_C4_2T,incremental_velocity,Y,1.6544671922249876,0.09991673605328841,0.09991673605328841,0.0,0.9737918972969055,0.025047972798347473,True,True,496
R4_LHS_03,physics,20260813,V40_B_E1_C4_2T,total_displacement,Z,3.168458067019858,0.06661115736885893,0.06661115736885893,0.0,0.9897487163543701,0.0,True,True,508
R4_LHS_03,physics,20260813,V40_B_E1_C4_2T,incremental_velocity,Z,2.5011888070544654,0.09991673605328841,0.09991673605328841,0.0,0.9949823617935181,0.003439344000071287,True,True,508
R4_LHS_03,physics,20260813,V40_CPLUS_E1_C4_2T,total_displacement,X,3.222930056996072,0.06661115736885893,0.06661115736885893,0.0,0.9871019721031189,0.0,True,True,496
R4_LHS_03,physics,20260813,V40_CPLUS_E1_C4_2T,incremental_velocity,X,1.142791491631883,0.13322231473771787,0.13322231473771787,0.0,0.9033108353614807,-0.028460852801799774,True,True,496
R4_LHS_03,physics,20260813,V40_CPLUS_E1_C4_2T,total_displacement,Y,3.5545477192597597,0.06661115736885893,0.06661115736885893,0.0,0.992782473564148,0.0,True,True,496
R4_LHS_03,physics,20260813,V40_CPLUS_E1_C4_2T,incremental_velocity,Y,1.3982045770444385,0.09991673605328841,0.09991673605328841,0.0,0.9663974046707153,-0.002911010291427374,True,True,496
R4_LHS_03,physics,20260813,V40_CPLUS_E1_C4_2T,total_displacement,Z,3.9967854464020087,0.06661115736885893,0.06661115736885893,0.0,0.9989475607872009,0.0,True,True,508
R4_LHS_03,physics,20260813,V40_CPLUS_E1_C4_2T,incremental_velocity,Z,2.123671793432184,0.09991673605328841,0.09991673605328841,0.0,0.9941374063491821,0.011694218032062054,True,True,508
R4_LHS_03,physics,20260813,V40_C_E1_C4_2T,total_displacement,X,2.7949109333219377,0.06661115736885893,0.09991673605328841,0.033305578684429474,0.96835857629776,0.0,True,True,496
R4_LHS_03,physics,20260813,V40_C_E1_C4_2T,incremental_velocity,X,1.2409024967600546,0.13322231473771787,0.13322231473771787,0.0,0.8946117162704468,0.007722772192209959,True,True,496
R4_LHS_03,physics,20260813,V40_C_E1_C4_2T,total_displacement,Y,3.156775676977204,0.06661115736885893,0.06661115736885893,0.0,0.9895340204238892,0.0,True,True,496
R4_LHS_03,physics,20260813,V40_C_E1_C4_2T,incremental_velocity,Y,1.5957641466405954,0.09991673605328841,0.09991673605328841,0.0,0.9747642278671265,0.02165829949080944,True,True,496
R4_LHS_03,physics,20260813,V40_C_E1_C4_2T,total_displacement,Z,3.771997606107242,0.06661115736885893,0.06661115736885893,0.0,0.9930106401443481,0.0,True,True,508
R4_LHS_03,physics,20260813,V40_C_E1_C4_2T,incremental_velocity,Z,2.3887067426024484,0.09991673605328841,0.09991673605328841,0.0,0.994958221912384,0.004637126810848713,True,True,508
R4_LHS_03,physics,20260813,V52_A_E1_C4_2T,total_displacement,X,2.4490026137404524,0.09991673605328841,0.06661115736885893,0.033305578684429474,0.9907550811767578,-0.0014206160558387637,True,True,496
R4_LHS_03,physics,20260813,V52_A_E1_C4_2T,incremental_velocity,X,1.1277697250099217,0.16652789342214733,0.16652789342214733,0.0,0.9233159422874451,-0.017419414594769478,True,True,496
R4_LHS_03,physics,20260813,V52_A_E1_C4_2T,total_displacement,Y,2.9397768048225306,0.06661115736885893,0.06661115736885893,0.0,0.9961937665939331,0.0,True,True,496
R4_LHS_03,physics,20260813,V52_A_E1_C4_2T,incremental_velocity,Y,1.0995552049266233,0.13322231473771787,0.13322231473771787,0.0,0.9834696650505066,-0.004517900757491589,True,True,496
R4_LHS_03,physics,20260813,V52_A_E1_C4_2T,total_displacement,Z,3.585730696810277,0.09991673605328841,0.09991673605328841,0.0,0.9970706701278687,0.017292378470301628,True,True,508
R4_LHS_03,physics,20260813,V52_A_E1_C4_2T,incremental_velocity,Z,1.7477554232680974,0.13322231473771787,0.13322231473771787,0.0,0.9962656497955322,-0.021057577803730965,True,True,508
R4_LHS_03,physics,20260813,V52_B_E1_C4_2T,total_displacement,X,2.5377608361169743,0.09991673605328841,0.06661115736885893,0.033305578684429474,0.9876172542572021,-0.00882401317358017,True,True,496
R4_LHS_03,physics,20260813,V52_B_E1_C4_2T,incremental_velocity,X,1.1654907913282364,0.16652789342214733,0.16652789342214733,0.0,0.9286485314369202,-0.004390663467347622,True,True,496
R4_LHS_03,physics,20260813,V52_B_E1_C4_2T,total_displacement,Y,3.226193709341388,0.06661115736885893,0.06661115736885893,0.0,0.9926605224609375,0.0,True,True,496
R4_LHS_03,physics,20260813,V52_B_E1_C4_2T,incremental_velocity,Y,1.3436312736845488,0.13322231473771787,0.13322231473771787,0.0,0.9865379333496094,-0.009604915976524353,True,True,496
R4_LHS_03,physics,20260813,V52_B_E1_C4_2T,total_displacement,Z,4.138042942436832,0.09991673605328841,0.09991673605328841,0.0,0.9975388646125793,0.01199076883494854,True,True,508
R4_LHS_03,physics,20260813,V52_B_E1_C4_2T,incremental_velocity,Z,2.006648932030903,0.13322231473771787,0.13322231473771787,0.0,0.9971603155136108,-0.009153756313025951,True,True,508
R4_LHS_03,physics,20260813,V52_CPLUS_E1_C4_2T,total_displacement,X,3.501502887922702,0.09991673605328841,0.09991673605328841,0.0,0.9953283667564392,0.002363814739510417,True,True,496
R4_LHS_03,physics,20260813,V52_CPLUS_E1_C4_2T,incremental_velocity,X,1.08780061503509,0.16652789342214733,0.16652789342214733,0.0,0.9471140503883362,-0.011810963973402977,True,True,496
R4_LHS_03,physics,20260813,V52_CPLUS_E1_C4_2T,total_displacement,Y,4.0750757691013355,0.06661115736885893,0.06661115736885893,0.0,0.9954515099525452,0.0,True,True,496
R4_LHS_03,physics,20260813,V52_CPLUS_E1_C4_2T,incremental_velocity,Y,1.199719781638665,0.13322231473771787,0.13322231473771787,0.0,0.9875808358192444,-0.0031149357091635466,True,True,496
R4_LHS_03,physics,20260813,V52_CPLUS_E1_C4_2T,total_displacement,Z,4.9227250933675615,0.09991673605328841,0.09991673605328841,0.0,0.9979736804962158,0.007257065735757351,True,True,508
R4_LHS_03,physics,20260813,V52_CPLUS_E1_C4_2T,incremental_velocity,Z,1.7760516126152397,0.13322231473771787,0.13322231473771787,0.0,0.9975748062133789,-0.00937633402645588,True,True,508
R4_LHS_03,physics,20260813,V52_C_E1_C4_2T,total_displacement,X,2.917122005072961,0.09991673605328841,0.09991673605328841,0.0,0.9929877519607544,-0.010033601894974709,True,True,496
R4_LHS_03,physics,20260813,V52_C_E1_C4_2T,incremental_velocity,X,1.1645719355420963,0.16652789342214733,0.16652789342214733,0.0,0.9550564885139465,0.004370335955172777,True,True,496
R4_LHS_03,physics,20260813,V52_C_E1_C4_2T,total_displacement,Y,3.499214539046851,0.06661115736885893,0.06661115736885893,0.0,0.9957242012023926,0.0,True,True,496
R4_LHS_03,physics,20260813,V52_C_E1_C4_2T,incremental_velocity,Y,1.0533161489914893,0.13322231473771787,0.13322231473771787,0.0,0.9881742000579834,0.006144706625491381,True,True,496
R4_LHS_03,physics,20260813,V52_C_E1_C4_2T,total_displacement,Z,4.508936716190663,0.09991673605328841,0.09991673605328841,0.0,0.9985668659210205,-0.01524027157574892,True,True,508
R4_LHS_03,physics,20260813,V52_C_E1_C4_2T,incremental_velocity,Z,1.713748322463575,0.13322231473771787,0.13322231473771787,0.0,0.9979099631309509,0.010700227692723274,True,True,508
R4_LHS_03,physics,20260813,V40_A_E2_C5_2T,total_displacement,X,1.4656350113927352,1.1990008326394608,1.1990008326394608,0.0,0.9999333620071411,0.0002229835226899013,True,True,496
R4_LHS_03,physics,20260813,V40_A_E2_C5_2T,incremental_velocity,X,2.771917204382393,0.13322231473771787,1.9650291423813386,1.8318068276436208,0.8431364297866821,-0.01395915076136589,True,True,496
R4_LHS_03,physics,20260813,V40_A_E2_C5_2T,total_displacement,Y,2.848826691454787,0.06661115736885893,0.06661115736885893,0.0,0.9834100008010864,0.0,True,True,496
R4_LHS_03,physics,20260813,V40_A_E2_C5_2T,incremental_velocity,Y,1.8929045645427334,0.09991673605328841,0.09991673605328841,0.0,0.9720147848129272,-0.0010533991735428572,True,True,496
R4_LHS_03,physics,20260813,V40_A_E2_C5_2T,total_displacement,Z,3.6077639128502854,0.06661115736885893,0.06661115736885893,0.0,0.989107608795166,0.0,True,True,508
R4_LHS_03,physics,20260813,V40_A_E2_C5_2T,incremental_velocity,Z,2.5955751379719083,0.09991673605328841,0.09991673605328841,0.0,0.9936747550964355,0.00015272758901119232,True,True,508
R4_LHS_03,physics,20260813,V40_B_E2_C5_2T,total_displacement,X,1.5858185549392507,1.1990008326394608,1.1990008326394608,0.0,0.9999219179153442,-0.00024386588484048843,True,True,496
R4_LHS_03,physics,20260813,V40_B_E2_C5_2T,incremental_velocity,X,1.9555643057568803,1.998334721065768,0.13322231473771787,1.8651124063280502,0.5128703117370605,-0.07336410135030746,True,True,496
R4_LHS_03,physics,20260813,V40_B_E2_C5_2T,total_displacement,Y,3.2177416492841724,0.06661115736885893,0.06661115736885893,0.0,0.992993175983429,0.0,True,True,496
R4_LHS_03,physics,20260813,V40_B_E2_C5_2T,incremental_velocity,Y,1.7153807266519123,0.09991673605328841,0.09991673605328841,0.0,0.9785875082015991,0.006772253196686506,True,True,496
R4_LHS_03,physics,20260813,V40_B_E2_C5_2T,total_displacement,Z,3.687933199409246,0.06661115736885893,0.06661115736885893,0.0,0.9967848658561707,0.0,True,True,508
R4_LHS_03,physics,20260813,V40_B_E2_C5_2T,incremental_velocity,Z,2.434850048314042,0.09991673605328841,0.09991673605328841,0.0,0.9943182468414307,-0.0078121814876794815,True,True,508
R4_LHS_03,physics,20260813,V40_CPLUS_E2_C5_2T,total_displacement,X,2.302656474905656,1.1990008326394608,1.1990008326394608,0.0,0.9998293519020081,-0.0003953929408453405,True,True,496
R4_LHS_03,physics,20260813,V40_CPLUS_E2_C5_2T,incremental_velocity,X,1.5627915555253369,0.13322231473771787,0.13322231473771787,0.0,0.894599437713623,-0.023576613515615463,True,True,496
R4_LHS_03,physics,20260813,V40_CPLUS_E2_C5_2T,total_displacement,Y,4.114709632160751,0.06661115736885893,0.06661115736885893,0.0,0.9953731298446655,0.0,True,True,496
R4_LHS_03,physics,20260813,V40_CPLUS_E2_C5_2T,incremental_velocity,Y,1.4061213998069915,0.09991673605328841,0.09991673605328841,0.0,0.9821731448173523,-0.0030260432977229357,True,True,496
R4_LHS_03,physics,20260813,V40_CPLUS_E2_C5_2T,total_displacement,Z,4.771283090980988,0.06661115736885893,0.06661115736885893,0.0,0.9978722929954529,0.0,True,True,508
R4_LHS_03,physics,20260813,V40_CPLUS_E2_C5_2T,incremental_velocity,Z,2.110437377773042,0.09991673605328841,0.09991673605328841,0.0,0.9960966110229492,-0.006067587994039059,True,True,508
R4_LHS_03,physics,20260813,V40_C_E2_C5_2T,total_displacement,X,1.862896255289201,1.1990008326394608,1.1990008326394608,0.0,0.9998779296875,0.0001880829076981172,True,True,496
R4_LHS_03,physics,20260813,V40_C_E2_C5_2T,incremental_velocity,X,1.8067882300724085,2.0316402997501974,1.9650291423813386,0.06661115736885881,0.44121575355529785,0.6413562893867493,True,True,496
R4_LHS_03,physics,20260813,V40_C_E2_C5_2T,total_displacement,Y,3.6489389150844733,0.06661115736885893,0.06661115736885893,0.0,0.9894693493843079,0.0,True,True,496
R4_LHS_03,physics,20260813,V40_C_E2_C5_2T,incremental_velocity,Y,1.5347858677262247,0.09991673605328841,0.09991673605328841,0.0,0.9844938516616821,-0.015114863403141499,True,True,496
R4_LHS_03,physics,20260813,V40_C_E2_C5_2T,total_displacement,Z,4.491427404406773,0.06661115736885893,0.06661115736885893,0.0,0.9947301745414734,0.0,True,True,508
R4_LHS_03,physics,20260813,V40_C_E2_C5_2T,incremental_velocity,Z,2.1766131159465165,0.09991673605328841,0.09991673605328841,0.0,0.994975745677948,-0.011062144301831722,True,True,508
R4_LHS_03,physics,20260813,V52_A_E2_C5_2T,total_displacement,X,1.4727982814775198,1.1990008326394608,1.1990008326394608,0.0,0.9999618530273438,0.00021268517593853176,True,True,496
R4_LHS_03,physics,20260813,V52_A_E2_C5_2T,incremental_velocity,X,2.362824752347392,0.16652789342214733,0.16652789342214733,0.0,0.9265257716178894,0.01906564272940159,True,True,496
R4_LHS_03,physics,20260813,V52_A_E2_C5_2T,total_displacement,Y,2.607020563136427,0.06661115736885893,0.06661115736885893,0.0,0.9946178793907166,0.0,True,True,496
R4_LHS_03,physics,20260813,V52_A_E2_C5_2T,incremental_velocity,Y,1.2016181498597482,0.13322231473771787,0.13322231473771787,0.0,0.97931969165802,0.006725423038005829,True,True,496
R4_LHS_03,physics,20260813,V52_A_E2_C5_2T,total_displacement,Z,3.5334708908733568,0.09991673605328841,0.09991673605328841,0.0,0.9986717700958252,0.009074908681213856,True,True,508
R4_LHS_03,physics,20260813,V52_A_E2_C5_2T,incremental_velocity,Z,1.9473534998801487,0.13322231473771787,0.13322231473771787,0.0,0.9958500862121582,0.01567874848842621,True,True,508
R4_LHS_03,physics,20260813,V52_B_E2_C5_2T,total_displacement,X,1.7137319074615918,1.1990008326394608,1.1990008326394608,0.0,0.9999502301216125,-3.208649286534637e-05,True,True,496
R4_LHS_03,physics,20260813,V52_B_E2_C5_2T,incremental_velocity,X,1.7761132229809966,0.16652789342214733,0.16652789342214733,0.0,0.9278745055198669,0.01633342169225216,True,True,496
R4_LHS_03,physics,20260813,V52_B_E2_C5_2T,total_displacement,Y,3.142003941700389,0.06661115736885893,0.06661115736885893,0.0,0.9938040971755981,0.0,True,True,496
R4_LHS_03,physics,20260813,V52_B_E2_C5_2T,incremental_velocity,Y,1.345553411175426,0.13322231473771787,0.13322231473771787,0.0,0.9791314005851746,0.01903671957552433,True,True,496
R4_LHS_03,physics,20260813,V52_B_E2_C5_2T,total_displacement,Z,4.020179275287394,0.09991673605328841,0.09991673605328841,0.0,0.9976854920387268,-0.013520583510398865,True,True,508
R4_LHS_03,physics,20260813,V52_B_E2_C5_2T,incremental_velocity,Z,1.919344622270657,0.13322231473771787,0.13322231473771787,0.0,0.9971365928649902,0.006902975030243397,True,True,508
R4_LHS_03,physics,20260813,V52_CPLUS_E2_C5_2T,total_displacement,X,2.2249658283882177,1.1990008326394608,1.1990008326394608,0.0,0.9998719096183777,-7.259885023813695e-05,True,True,496
R4_LHS_03,physics,20260813,V52_CPLUS_E2_C5_2T,incremental_velocity,X,1.207780075338226,0.16652789342214733,0.16652789342214733,0.0,0.9287029504776001,-0.01660013012588024,True,True,496
R4_LHS_03,physics,20260813,V52_CPLUS_E2_C5_2T,total_displacement,Y,3.882712924396762,0.06661115736885893,0.06661115736885893,0.0,0.9976486563682556,0.0,True,True,496
R4_LHS_03,physics,20260813,V52_CPLUS_E2_C5_2T,incremental_velocity,Y,1.228302292901664,0.13322231473771787,0.13322231473771787,0.0,0.9717891812324524,-0.008438339456915855,True,True,496
R4_LHS_03,physics,20260813,V52_CPLUS_E2_C5_2T,total_displacement,Z,4.746230133437475,0.09991673605328841,0.09991673605328841,0.0,0.9994627833366394,-0.0014362800866365433,True,True,508
R4_LHS_03,physics,20260813,V52_CPLUS_E2_C5_2T,incremental_velocity,Z,1.887109440435198,0.13322231473771787,0.13322231473771787,0.0,0.9958264231681824,0.006003064569085836,True,True,508
R4_LHS_03,physics,20260813,V52_C_E2_C5_2T,total_displacement,X,1.74459252036988,1.1990008326394608,1.1990008326394608,0.0,0.9999153017997742,-6.904260226292536e-05,True,True,496
R4_LHS_03,physics,20260813,V52_C_E2_C5_2T,incremental_velocity,X,1.3993279571891002,0.16652789342214733,0.16652789342214733,0.0,0.9211318492889404,-0.014716860838234425,True,True,496
R4_LHS_03,physics,20260813,V52_C_E2_C5_2T,total_displacement,Y,3.3796435113619094,0.06661115736885893,0.06661115736885893,0.0,0.9980356097221375,0.0,True,True,496
R4_LHS_03,physics,20260813,V52_C_E2_C5_2T,incremental_velocity,Y,1.2457913854851623,0.13322231473771787,0.13322231473771787,0.0,0.9735900163650513,-0.008933012373745441,True,True,496
R4_LHS_03,physics,20260813,V52_C_E2_C5_2T,total_displacement,Z,4.158172985715031,0.09991673605328841,0.09991673605328841,0.0,0.999521791934967,0.004542093724012375,True,True,508
R4_LHS_03,physics,20260813,V52_C_E2_C5_2T,incremental_velocity,Z,2.022749879628643,0.13322231473771787,0.13322231473771787,0.0,0.9961115121841431,0.00464475154876709,True,True,508
R4_LHS_03,physics,20260813,V40_A_E3_C6_1T,total_displacement,X,2.1926332445189565,0.03330557868442947,0.03330557868442947,0.0,0.9684175252914429,0.0,True,True,496
R4_LHS_03,physics,20260813,V40_A_E3_C6_1T,incremental_velocity,X,2.15629680472498,0.09991673605328841,0.09991673605328841,0.0,0.8206420540809631,0.021152745932340622,True,True,496
R4_LHS_03,physics,20260813,V40_A_E3_C6_1T,total_displacement,Y,0.5495842989718075,0.06661115736885893,0.06661115736885893,0.0,0.9635235071182251,0.0,True,True,496
R4_LHS_03,physics,20260813,V40_A_E3_C6_1T,incremental_velocity,Y,1.756636436850699,0.06661115736885893,0.06661115736885893,0.0,0.927399218082428,0.0,True,True,496
R4_LHS_03,physics,20260813,V40_A_E3_C6_1T,total_displacement,Z,0.3318930944185433,0.06661115736885893,0.06661115736885893,0.0,0.9833071827888489,0.0,True,True,508
R4_LHS_03,physics,20260813,V40_A_E3_C6_1T,incremental_velocity,Z,3.0361691101974233,0.06661115736885893,0.06661115736885893,0.0,0.9906772971153259,0.0,True,True,508
R4_LHS_03,physics,20260813,V40_B_E3_C6_1T,total_displacement,X,2.24209688110423,0.03330557868442947,0.03330557868442947,0.0,0.9660552144050598,0.0,True,True,496
R4_LHS_03,physics,20260813,V40_B_E3_C6_1T,incremental_velocity,X,2.103994936369862,0.09991673605328841,0.09991673605328841,0.0,0.8630671501159668,0.0070780199021101,True,True,496
R4_LHS_03,physics,20260813,V40_B_E3_C6_1T,total_displacement,Y,0.6566897957736981,0.06661115736885893,0.06661115736885893,0.0,0.969318151473999,0.0,True,True,496
R4_LHS_03,physics,20260813,V40_B_E3_C6_1T,incremental_velocity,Y,1.827031604615805,0.09991673605328841,0.09991673605328841,0.0,0.9596248865127563,0.016105271875858307,True,True,496
R4_LHS_03,physics,20260813,V40_B_E3_C6_1T,total_displacement,Z,0.4818927108543493,0.06661115736885893,0.06661115736885893,0.0,0.9758243560791016,0.0,True,True,508
R4_LHS_03,physics,20260813,V40_B_E3_C6_1T,incremental_velocity,Z,2.8168462648111783,0.06661115736885893,0.06661115736885893,0.0,0.9912123680114746,0.0,True,True,508
R4_LHS_03,physics,20260813,V40_CPLUS_E3_C6_1T,total_displacement,X,3.1319498062473876,0.03330557868442947,0.03330557868442947,0.0,0.9663109183311462,0.0,True,True,496
R4_LHS_03,physics,20260813,V40_CPLUS_E3_C6_1T,incremental_velocity,X,1.6493211082738701,0.09991673605328841,0.09991673605328841,0.0,0.8412663340568542,0.008074095472693443,True,True,496
R4_LHS_03,physics,20260813,V40_CPLUS_E3_C6_1T,total_displacement,Y,1.1048522771773481,0.06661115736885893,0.06661115736885893,0.0,0.9706130027770996,0.0,True,True,496
R4_LHS_03,physics,20260813,V40_CPLUS_E3_C6_1T,incremental_velocity,Y,1.6716792876164106,0.09991673605328841,0.09991673605328841,0.0,0.9571917057037354,-0.023367250338196754,True,True,496
R4_LHS_03,physics,20260813,V40_CPLUS_E3_C6_1T,total_displacement,Z,0.5630754332406385,0.06661115736885893,0.06661115736885893,0.0,0.9850261807441711,0.0,True,True,508
R4_LHS_03,physics,20260813,V40_CPLUS_E3_C6_1T,incremental_velocity,Z,2.858363096959842,0.06661115736885893,0.06661115736885893,0.0,0.9936937093734741,0.0,True,True,508
R4_LHS_03,physics,20260813,V40_C_E3_C6_1T,total_displacement,X,2.4006850090416196,0.03330557868442947,0.03330557868442947,0.0,0.9838489890098572,0.0,True,True,496
R4_LHS_03,physics,20260813,V40_C_E3_C6_1T,incremental_velocity,X,1.7992191748127815,0.09991673605328841,0.09991673605328841,0.0,0.860768735408783,0.03544756770133972,True,True,496
R4_LHS_03,physics,20260813,V40_C_E3_C6_1T,total_displacement,Y,0.7772643859509852,0.06661115736885893,0.06661115736885893,0.0,0.9858829379081726,0.0,True,True,496
R4_LHS_03,physics,20260813,V40_C_E3_C6_1T,incremental_velocity,Y,1.6405898389936566,0.09991673605328841,0.09991673605328841,0.0,0.9584152698516846,0.019960129633545876,True,True,496
R4_LHS_03,physics,20260813,V40_C_E3_C6_1T,total_displacement,Z,0.5341639557827061,0.06661115736885893,0.06661115736885893,0.0,0.9952833652496338,0.0,True,True,508
R4_LHS_03,physics,20260813,V40_C_E3_C6_1T,incremental_velocity,Z,2.7625888153015734,0.06661115736885893,0.06661115736885893,0.0,0.989372193813324,0.0,True,True,508
R4_LHS_03,physics,20260813,V52_A_E3_C6_1T,total_displacement,X,2.158340182218531,0.03330557868442947,0.03330557868442947,0.0,0.9828033447265625,0.0,True,True,496
R4_LHS_03,physics,20260813,V52_A_E3_C6_1T,incremental_velocity,X,2.074661577794765,0.09991673605328841,0.09991673605328841,0.0,0.9163786172866821,0.006208679173141718,True,True,496
R4_LHS_03,physics,20260813,V52_A_E3_C6_1T,total_displacement,Y,0.6192179089588352,0.06661115736885893,0.06661115736885893,0.0,0.9883177876472473,0.0,True,True,496
R4_LHS_03,physics,20260813,V52_A_E3_C6_1T,incremental_velocity,Y,2.360938548948061,0.09991673605328841,0.09991673605328841,0.0,0.9764039516448975,-0.009414575062692165,True,True,496
R4_LHS_03,physics,20260813,V52_A_E3_C6_1T,total_displacement,Z,0.47699337016569815,0.06661115736885893,0.06661115736885893,0.0,0.9931968450546265,0.0,True,True,508
R4_LHS_03,physics,20260813,V52_A_E3_C6_1T,incremental_velocity,Z,3.0048480318628146,0.09991673605328841,0.09991673605328841,0.0,0.9950546622276306,-0.007806611247360706,True,True,508
R4_LHS_03,physics,20260813,V52_B_E3_C6_1T,total_displacement,X,2.7051512734904186,0.03330557868442947,0.03330557868442947,0.0,0.9818915128707886,0.0,True,True,496
R4_LHS_03,physics,20260813,V52_B_E3_C6_1T,incremental_velocity,X,1.6614852871858672,0.09991673605328841,0.09991673605328841,0.0,0.9357603788375854,0.018262119963765144,True,True,496
R4_LHS_03,physics,20260813,V52_B_E3_C6_1T,total_displacement,Y,0.6601016226038503,0.06661115736885893,0.06661115736885893,0.0,0.9910226464271545,0.0,True,True,496
R4_LHS_03,physics,20260813,V52_B_E3_C6_1T,incremental_velocity,Y,1.276118349849753,0.09991673605328841,0.09991673605328841,0.0,0.9724166393280029,-0.007315014488995075,True,True,496
R4_LHS_03,physics,20260813,V52_B_E3_C6_1T,total_displacement,Z,0.3552745460461803,0.06661115736885893,0.06661115736885893,0.0,0.9951757192611694,0.0,True,True,508
R4_LHS_03,physics,20260813,V52_B_E3_C6_1T,incremental_velocity,Z,2.384061926247569,0.09991673605328841,0.09991673605328841,0.0,0.9950604438781738,-0.004475050140172243,True,True,508
R4_LHS_03,physics,20260813,V52_CPLUS_E3_C6_1T,total_displacement,X,2.983388783993885,0.03330557868442947,0.03330557868442947,0.0,0.9827978610992432,0.0,True,True,496
R4_LHS_03,physics,20260813,V52_CPLUS_E3_C6_1T,incremental_velocity,X,1.5202724223114,0.09991673605328841,0.13322231473771787,0.03330557868442946,0.9121037721633911,-0.022103551775217056,True,True,496
R4_LHS_03,physics,20260813,V52_CPLUS_E3_C6_1T,total_displacement,Y,0.9057523211394376,0.06661115736885893,0.06661115736885893,0.0,0.9787429571151733,0.0,True,True,496
R4_LHS_03,physics,20260813,V52_CPLUS_E3_C6_1T,incremental_velocity,Y,1.3505392107673575,0.13322231473771787,0.13322231473771787,0.0,0.9574273228645325,-0.011307025328278542,True,True,496
R4_LHS_03,physics,20260813,V52_CPLUS_E3_C6_1T,total_displacement,Z,0.5954902382605702,0.06661115736885893,0.06661115736885893,0.0,0.9815545082092285,0.0,True,True,508
R4_LHS_03,physics,20260813,V52_CPLUS_E3_C6_1T,incremental_velocity,Z,2.4325393264230954,0.09991673605328841,0.09991673605328841,0.0,0.9966534972190857,0.013909690082073212,True,True,508
R4_LHS_03,physics,20260813,V52_C_E3_C6_1T,total_displacement,X,2.6778323602027543,0.03330557868442947,0.03330557868442947,0.0,0.978534460067749,0.0,True,True,496
R4_LHS_03,physics,20260813,V52_C_E3_C6_1T,incremental_velocity,X,1.7474887734083824,0.09991673605328841,0.09991673605328841,0.0,0.9181076884269714,-0.008276536129415035,True,True,496
R4_LHS_03,physics,20260813,V52_C_E3_C6_1T,total_displacement,Y,0.7160288922778402,0.06661115736885893,0.06661115736885893,0.0,0.9793967008590698,0.0,True,True,496
R4_LHS_03,physics,20260813,V52_C_E3_C6_1T,incremental_velocity,Y,1.559502776439635,0.09991673605328841,0.09991673605328841,0.0,0.965799868106842,-0.005640903487801552,True,True,496
R4_LHS_03,physics,20260813,V52_C_E3_C6_1T,total_displacement,Z,0.49181464457941515,0.06661115736885893,0.06661115736885893,0.0,0.9865589141845703,0.0,True,True,508
R4_LHS_03,physics,20260813,V52_C_E3_C6_1T,incremental_velocity,Z,2.614615770998689,0.09991673605328841,0.09991673605328841,0.0,0.9960992932319641,0.005502474959939718,True,True,508
R4_LHS_03,physics,20260813,V40_A_E4_C7_1T,total_displacement,X,1.6262956399890793,1.1990008326394608,1.1990008326394608,0.0,0.9999540448188782,0.00015281300875358284,True,True,496
R4_LHS_03,physics,20260813,V40_A_E4_C7_1T,incremental_velocity,X,3.2755715124475318,0.09991673605328841,0.09991673605328841,0.0,0.8167035579681396,0.017450211569666862,True,True,496
R4_LHS_03,physics,20260813,V40_A_E4_C7_1T,total_displacement,Y,0.5297593183521874,0.06661115736885893,0.06661115736885893,0.0,0.9714653491973877,0.0,True,True,496
R4_LHS_03,physics,20260813,V40_A_E4_C7_1T,incremental_velocity,Y,1.7234427697938453,0.06661115736885893,0.09991673605328841,0.033305578684429474,0.9108266234397888,0.0,True,True,496
R4_LHS_03,physics,20260813,V40_A_E4_C7_1T,total_displacement,Z,0.402326049222121,0.06661115736885893,0.06661115736885893,0.0,0.9754310846328735,0.0,True,True,508
R4_LHS_03,physics,20260813,V40_A_E4_C7_1T,incremental_velocity,Z,2.8375250965509515,0.06661115736885893,0.06661115736885893,0.0,0.990698516368866,0.0,True,True,508
R4_LHS_03,physics,20260813,V40_B_E4_C7_1T,total_displacement,X,1.5635712700479456,1.1990008326394608,1.1990008326394608,0.0,0.9999193549156189,-0.0003913842374458909,True,True,496
R4_LHS_03,physics,20260813,V40_B_E4_C7_1T,incremental_velocity,X,3.3110217645842934,1.9650291423813386,0.09991673605328841,1.8651124063280502,0.7163246870040894,0.8886789679527283,True,True,496
R4_LHS_03,physics,20260813,V40_B_E4_C7_1T,total_displacement,Y,0.6956468231127239,0.06661115736885893,0.06661115736885893,0.0,0.9856956601142883,0.0,True,True,496
R4_LHS_03,physics,20260813,V40_B_E4_C7_1T,incremental_velocity,Y,1.5339444537771019,0.09991673605328841,0.09991673605328841,0.0,0.9594104886054993,0.008650029078125954,True,True,496
R4_LHS_03,physics,20260813,V40_B_E4_C7_1T,total_displacement,Z,0.520754241821749,0.06661115736885893,0.06661115736885893,0.0,0.9953188896179199,0.0,True,True,508
R4_LHS_03,physics,20260813,V40_B_E4_C7_1T,incremental_velocity,Z,2.7901131890661635,0.06661115736885893,0.06661115736885893,0.0,0.9918804168701172,0.0,True,True,508
R4_LHS_03,physics,20260813,V40_CPLUS_E4_C7_1T,total_displacement,X,1.683787434686641,1.1990008326394608,1.1990008326394608,0.0,0.9998556971549988,-0.00032461408409290016,True,True,496
R4_LHS_03,physics,20260813,V40_CPLUS_E4_C7_1T,incremental_velocity,X,2.3611090471062375,0.09991673605328841,0.09991673605328841,0.0,0.8723316192626953,0.05058106407523155,True,True,496
R4_LHS_03,physics,20260813,V40_CPLUS_E4_C7_1T,total_displacement,Y,1.0312344105331972,0.06661115736885893,0.06661115736885893,0.0,0.9831985831260681,0.0,True,True,496
R4_LHS_03,physics,20260813,V40_CPLUS_E4_C7_1T,incremental_velocity,Y,1.272453139023771,0.09991673605328841,0.09991673605328841,0.0,0.9610259532928467,0.022728826850652695,True,True,496
R4_LHS_03,physics,20260813,V40_CPLUS_E4_C7_1T,total_displacement,Z,0.6899611757711495,0.06661115736885893,0.06661115736885893,0.0,0.9924516677856445,0.0,True,True,508
R4_LHS_03,physics,20260813,V40_CPLUS_E4_C7_1T,incremental_velocity,Z,2.6099538466760857,0.06661115736885893,0.06661115736885893,0.0,0.989640474319458,0.0,True,True,508
R4_LHS_03,physics,20260813,V40_C_E4_C7_1T,total_displacement,X,1.7191543688799589,1.1990008326394608,1.1990008326394608,0.0,0.9998959302902222,0.00011402747622923926,True,True,496
R4_LHS_03,physics,20260813,V40_C_E4_C7_1T,incremental_velocity,X,2.5043966562976463,0.09991673605328841,0.09991673605328841,0.0,0.8579325079917908,0.03723153844475746,True,True,496
R4_LHS_03,physics,20260813,V40_C_E4_C7_1T,total_displacement,Y,0.8388592291808227,0.06661115736885893,0.06661115736885893,0.0,0.9873624444007874,0.0,True,True,496
R4_LHS_03,physics,20260813,V40_C_E4_C7_1T,incremental_velocity,Y,1.3517230082007334,0.09991673605328841,0.09991673605328841,0.0,0.9661493897438049,0.006540507543832064,True,True,496
R4_LHS_03,physics,20260813,V40_C_E4_C7_1T,total_displacement,Z,0.5597256749381968,0.06661115736885893,0.06661115736885893,0.0,0.9949147701263428,0.0,True,True,508
R4_LHS_03,physics,20260813,V40_C_E4_C7_1T,incremental_velocity,Z,2.455300826248589,0.06661115736885893,0.06661115736885893,0.0,0.9905703067779541,0.0,True,True,508
R4_LHS_03,physics,20260813,V52_A_E4_C7_1T,total_displacement,X,1.6240314187732527,1.1990008326394608,1.1990008326394608,0.0,0.9999768733978271,-7.627972081536427e-05,True,True,496
R4_LHS_03,physics,20260813,V52_A_E4_C7_1T,incremental_velocity,X,2.7711456464782525,1.998334721065768,0.09991673605328841,1.8984179850124796,0.4873064160346985,0.2177916318178177,True,True,496
R4_LHS_03,physics,20260813,V52_A_E4_C7_1T,total_displacement,Y,0.5829008061952718,0.06661115736885893,0.06661115736885893,0.0,0.9836134314537048,0.0,True,True,496
R4_LHS_03,physics,20260813,V52_A_E4_C7_1T,incremental_velocity,Y,1.4487866963445364,0.09991673605328841,0.09991673605328841,0.0,0.9616280794143677,-0.012180296704173088,True,True,496
R4_LHS_03,physics,20260813,V52_A_E4_C7_1T,total_displacement,Z,0.36628739707950325,0.06661115736885893,0.06661115736885893,0.0,0.9902514219284058,0.0,True,True,508
R4_LHS_03,physics,20260813,V52_A_E4_C7_1T,incremental_velocity,Z,2.555635452030175,0.09991673605328841,0.09991673605328841,0.0,0.9948684573173523,0.002559741260483861,True,True,508
R4_LHS_03,physics,20260813,V52_B_E4_C7_1T,total_displacement,X,1.5237229009122244,1.1990008326394608,1.1990008326394608,0.0,0.9999644160270691,-0.0001690560020506382,True,True,496
R4_LHS_03,physics,20260813,V52_B_E4_C7_1T,incremental_velocity,X,2.735338658137483,1.9650291423813386,1.998334721065768,0.033305578684429404,0.5668785572052002,0.5835549235343933,True,True,496
R4_LHS_03,physics,20260813,V52_B_E4_C7_1T,total_displacement,Y,0.6530206447234731,0.06661115736885893,0.06661115736885893,0.0,0.981107771396637,0.0,True,True,496
R4_LHS_03,physics,20260813,V52_B_E4_C7_1T,incremental_velocity,Y,1.4488754280372897,0.09991673605328841,0.09991673605328841,0.0,0.9754275679588318,-0.016545966267585754,True,True,496
R4_LHS_03,physics,20260813,V52_B_E4_C7_1T,total_displacement,Z,0.519945106435826,0.06661115736885893,0.06661115736885893,0.0,0.9923345446586609,0.0,True,True,508
R4_LHS_03,physics,20260813,V52_B_E4_C7_1T,incremental_velocity,Z,2.4299286804571185,0.09991673605328841,0.09991673605328841,0.0,0.9941067695617676,-0.009518403559923172,True,True,508
R4_LHS_03,physics,20260813,V52_CPLUS_E4_C7_1T,total_displacement,X,1.652497911531294,1.1990008326394608,1.1990008326394608,0.0,0.9999118447303772,2.4271401343867183e-05,True,True,496
R4_LHS_03,physics,20260813,V52_CPLUS_E4_C7_1T,incremental_velocity,X,1.9532610011662146,0.09991673605328841,0.13322231473771787,0.03330557868442946,0.9328335523605347,-0.02388695254921913,True,True,496
R4_LHS_03,physics,20260813,V52_CPLUS_E4_C7_1T,total_displacement,Y,1.062230644100313,0.06661115736885893,0.06661115736885893,0.0,0.9825950264930725,0.0,True,True,496
R4_LHS_03,physics,20260813,V52_CPLUS_E4_C7_1T,incremental_velocity,Y,1.193419881133316,0.13322231473771787,0.13322231473771787,0.0,0.971489667892456,-0.011498009786009789,True,True,496
R4_LHS_03,physics,20260813,V52_CPLUS_E4_C7_1T,total_displacement,Z,0.7226801444728331,0.06661115736885893,0.06661115736885893,0.0,0.986329197883606,0.0,True,True,508
R4_LHS_03,physics,20260813,V52_CPLUS_E4_C7_1T,incremental_velocity,Z,1.9979363222799047,0.09991673605328841,0.09991673605328841,0.0,0.9951985478401184,0.011272849515080452,True,True,508
R4_LHS_03,physics,20260813,V52_C_E4_C7_1T,total_displacement,X,1.6005576996102737,1.1990008326394608,1.1990008326394608,0.0,0.9999526143074036,-0.00020955792570021003,True,True,496
R4_LHS_03,physics,20260813,V52_C_E4_C7_1T,incremental_velocity,X,2.0776176638464956,1.998334721065768,0.09991673605328841,1.8984179850124796,0.3742837607860565,-0.2513188123703003,True,True,496
R4_LHS_03,physics,20260813,V52_C_E4_C7_1T,total_displacement,Y,0.7884889360691546,0.06661115736885893,0.06661115736885893,0.0,0.9802531599998474,0.0,True,True,496
R4_LHS_03,physics,20260813,V52_C_E4_C7_1T,incremental_velocity,Y,1.402870804147947,0.09991673605328841,0.09991673605328841,0.0,0.9745643138885498,-0.016296396031975746,True,True,496
R4_LHS_03,physics,20260813,V52_C_E4_C7_1T,total_displacement,Z,0.5952450803939435,0.06661115736885893,0.06661115736885893,0.0,0.9918855428695679,0.0,True,True,508
R4_LHS_03,physics,20260813,V52_C_E4_C7_1T,incremental_velocity,Z,2.409698299408364,0.09991673605328841,0.09991673605328841,0.0,0.9950346350669861,-0.012246975675225258,True,True,508
R4_LHS_03,physics,20260813,V40_A_E5_C9_1T,total_displacement,X,1.537965532598197,1.1990008326394608,1.1990008326394608,0.0,0.9999452829360962,0.0011146918404847383,True,True,496
R4_LHS_03,physics,20260813,V40_A_E5_C9_1T,incremental_velocity,X,2.9109163377395877,1.931723563696909,0.09991673605328841,1.8318068276436206,0.7011087536811829,-0.20851987600326538,True,True,496
R4_LHS_03,physics,20260813,V40_A_E5_C9_1T,total_displacement,Y,0.5912250118403447,0.06661115736885893,0.06661115736885893,0.0,0.9103585481643677,0.0,True,True,496
R4_LHS_03,physics,20260813,V40_A_E5_C9_1T,incremental_velocity,Y,1.5502895437107316,0.06661115736885893,0.06661115736885893,0.0,0.9005581736564636,0.0,True,True,496
R4_LHS_03,physics,20260813,V40_A_E5_C9_1T,total_displacement,Z,0.4523121299755792,0.06661115736885893,0.06661115736885893,0.0,0.8995298743247986,0.0,True,True,508
R4_LHS_03,physics,20260813,V40_A_E5_C9_1T,incremental_velocity,Z,2.7279063117401052,0.06661115736885893,0.06661115736885893,0.0,0.9898603558540344,0.0,True,True,508
R4_LHS_03,physics,20260813,V40_B_E5_C9_1T,total_displacement,X,1.5951208707776612,1.1990008326394608,1.1990008326394608,0.0,0.9999198913574219,0.0011167424963787198,True,True,496
R4_LHS_03,physics,20260813,V40_B_E5_C9_1T,incremental_velocity,X,2.665976557660733,1.931723563696909,0.09991673605328841,1.8318068276436206,0.6505815386772156,-0.0729343444108963,True,True,496
R4_LHS_03,physics,20260813,V40_B_E5_C9_1T,total_displacement,Y,0.6828748499649391,0.06661115736885893,0.06661115736885893,0.0,0.9412717223167419,0.0,True,True,496
R4_LHS_03,physics,20260813,V40_B_E5_C9_1T,incremental_velocity,Y,1.3782338689497742,0.09991673605328841,0.09991673605328841,0.0,0.9592399597167969,0.0032067333813756704,True,True,496
R4_LHS_03,physics,20260813,V40_B_E5_C9_1T,total_displacement,Z,0.48522460253489624,0.06661115736885893,0.06661115736885893,0.0,0.9234718084335327,0.0,True,True,508
R4_LHS_03,physics,20260813,V40_B_E5_C9_1T,incremental_velocity,Z,2.634231129051321,0.06661115736885893,0.06661115736885893,0.0,0.991749107837677,0.0,True,True,508
R4_LHS_03,physics,20260813,V40_CPLUS_E5_C9_1T,total_displacement,X,1.8883830876466088,1.1990008326394608,1.1990008326394608,0.0,0.9998085498809814,0.00011736711167031899,True,True,496
R4_LHS_03,physics,20260813,V40_CPLUS_E5_C9_1T,incremental_velocity,X,2.1511629449489718,0.09991673605328841,0.09991673605328841,0.0,0.8697939515113831,-0.008993895724415779,True,True,496
R4_LHS_03,physics,20260813,V40_CPLUS_E5_C9_1T,total_displacement,Y,1.1200003622130796,0.06661115736885893,0.06661115736885893,0.0,0.9753884077072144,0.0,True,True,496
R4_LHS_03,physics,20260813,V40_CPLUS_E5_C9_1T,incremental_velocity,Y,1.3590769993495149,0.09991673605328841,0.09991673605328841,0.0,0.9538267850875854,0.0022700524423271418,True,True,496
R4_LHS_03,physics,20260813,V40_CPLUS_E5_C9_1T,total_displacement,Z,0.7001302443763996,0.06661115736885893,0.06661115736885893,0.0,0.9927203059196472,0.0,True,True,508
R4_LHS_03,physics,20260813,V40_CPLUS_E5_C9_1T,incremental_velocity,Z,2.5456780209727268,0.06661115736885893,0.06661115736885893,0.0,0.9947960376739502,0.0,True,True,508
R4_LHS_03,physics,20260813,V40_C_E5_C9_1T,total_displacement,X,1.8030571838969318,1.1990008326394608,1.1990008326394608,0.0,0.9998965859413147,-2.7242282158113085e-05,True,True,496
R4_LHS_03,physics,20260813,V40_C_E5_C9_1T,incremental_velocity,X,2.301370403949512,0.09991673605328841,0.09991673605328841,0.0,0.8587861657142639,0.04292532429099083,True,True,496
R4_LHS_03,physics,20260813,V40_C_E5_C9_1T,total_displacement,Y,0.819831834768082,0.06661115736885893,0.06661115736885893,0.0,0.9853680729866028,0.0,True,True,496
R4_LHS_03,physics,20260813,V40_C_E5_C9_1T,incremental_velocity,Y,1.3815263055205198,0.09991673605328841,0.09991673605328841,0.0,0.9608238935470581,0.016703087836503983,True,True,496
R4_LHS_03,physics,20260813,V40_C_E5_C9_1T,total_displacement,Z,0.5707431770746388,0.06661115736885893,0.06661115736885893,0.0,0.992441713809967,0.0,True,True,508
R4_LHS_03,physics,20260813,V40_C_E5_C9_1T,incremental_velocity,Z,2.67145151468589,0.06661115736885893,0.06661115736885893,0.0,0.9898427128791809,0.0,True,True,508
R4_LHS_03,physics,20260813,V52_A_E5_C9_1T,total_displacement,X,1.5073054004537494,1.1990008326394608,1.1990008326394608,0.0,0.9999749064445496,-0.00016535690519958735,True,True,496
R4_LHS_03,physics,20260813,V52_A_E5_C9_1T,incremental_velocity,X,2.8120880714501557,0.09991673605328841,0.09991673605328841,0.0,0.8996657133102417,0.004926918540149927,True,True,496
R4_LHS_03,physics,20260813,V52_A_E5_C9_1T,total_displacement,Y,0.584478606453109,0.06661115736885893,0.06661115736885893,0.0,0.9860331416130066,0.0,True,True,496
R4_LHS_03,physics,20260813,V52_A_E5_C9_1T,incremental_velocity,Y,1.3515736354798136,0.09991673605328841,0.09991673605328841,0.0,0.9569848775863647,-0.0055364444851875305,True,True,496
R4_LHS_03,physics,20260813,V52_A_E5_C9_1T,total_displacement,Z,0.389945331840497,0.06661115736885893,0.06661115736885893,0.0,0.9956555962562561,0.0,True,True,508
R4_LHS_03,physics,20260813,V52_A_E5_C9_1T,incremental_velocity,Z,2.4739584373148222,0.09991673605328841,0.09991673605328841,0.0,0.9939980506896973,0.0060738371685147285,True,True,508
R4_LHS_03,physics,20260813,V52_B_E5_C9_1T,total_displacement,X,1.3835438553169621,1.1990008326394608,1.1990008326394608,0.0,0.9999688267707825,-0.0001542404352221638,True,True,496
R4_LHS_03,physics,20260813,V52_B_E5_C9_1T,incremental_velocity,X,2.0482313459694934,0.09991673605328841,0.13322231473771787,0.03330557868442946,0.9283811450004578,0.010950660333037376,True,True,496
R4_LHS_03,physics,20260813,V52_B_E5_C9_1T,total_displacement,Y,0.7783111706656858,0.06661115736885893,0.06661115736885893,0.0,0.989007830619812,0.0,True,True,496
R4_LHS_03,physics,20260813,V52_B_E5_C9_1T,incremental_velocity,Y,1.0642392628347839,0.09991673605328841,0.09991673605328841,0.0,0.9722759127616882,-0.00022601311502512544,True,True,496
R4_LHS_03,physics,20260813,V52_B_E5_C9_1T,total_displacement,Z,0.6064585260056832,0.06661115736885893,0.06661115736885893,0.0,0.9976183772087097,0.0,True,True,508
R4_LHS_03,physics,20260813,V52_B_E5_C9_1T,incremental_velocity,Z,1.789733434169069,0.09991673605328841,0.09991673605328841,0.0,0.9958188533782959,0.002480659866705537,True,True,508
R4_LHS_03,physics,20260813,V52_CPLUS_E5_C9_1T,total_displacement,X,1.8301433761511763,1.1990008326394608,1.1990008326394608,0.0,0.9999165534973145,-0.00015126707148738205,True,True,496
R4_LHS_03,physics,20260813,V52_CPLUS_E5_C9_1T,incremental_velocity,X,1.7626936085512637,0.09991673605328841,0.09991673605328841,0.0,0.8878207206726074,-0.03048769384622574,True,True,496
R4_LHS_03,physics,20260813,V52_CPLUS_E5_C9_1T,total_displacement,Y,1.1088037825340615,0.06661115736885893,0.06661115736885893,0.0,0.979041576385498,0.0,True,True,496
R4_LHS_03,physics,20260813,V52_CPLUS_E5_C9_1T,incremental_velocity,Y,1.2458191060630412,0.13322231473771787,0.09991673605328841,0.03330557868442946,0.9760158658027649,-0.017618564888834953,True,True,496
R4_LHS_03,physics,20260813,V52_CPLUS_E5_C9_1T,total_displacement,Z,0.7435767006318265,0.06661115736885893,0.06661115736885893,0.0,0.9946647882461548,0.0,True,True,508
R4_LHS_03,physics,20260813,V52_CPLUS_E5_C9_1T,incremental_velocity,Z,1.8822762578027625,0.09991673605328841,0.09991673605328841,0.0,0.9946506023406982,-0.012596086598932743,True,True,508
R4_LHS_03,physics,20260813,V52_C_E5_C9_1T,total_displacement,X,1.703858824275857,1.1990008326394608,1.1990008326394608,0.0,0.9999500513076782,0.00013145063712727278,True,True,496
R4_LHS_03,physics,20260813,V52_C_E5_C9_1T,incremental_velocity,X,2.2937053496589135,0.09991673605328841,0.09991673605328841,0.0,0.9283300042152405,0.0014222020981833339,True,True,496
R4_LHS_03,physics,20260813,V52_C_E5_C9_1T,total_displacement,Y,0.8326226856184744,0.06661115736885893,0.06661115736885893,0.0,0.985266387462616,0.0,True,True,496
R4_LHS_03,physics,20260813,V52_C_E5_C9_1T,incremental_velocity,Y,1.2314862573661411,0.09991673605328841,0.13322231473771787,0.03330557868442946,0.9678065180778503,-0.012779537588357925,True,True,496
R4_LHS_03,physics,20260813,V52_C_E5_C9_1T,total_displacement,Z,0.6281757307528094,0.06661115736885893,0.06661115736885893,0.0,0.9878835678100586,0.0,True,True,508
R4_LHS_03,physics,20260813,V52_C_E5_C9_1T,incremental_velocity,Z,2.2622049173965713,0.09991673605328841,0.09991673605328841,0.0,0.9964541792869568,0.005143927410244942,True,True,508
R4_LHS_03,physics,20260813,V40_A_E6_C10_1T,total_displacement,X,1.9504546141963925,0.03330557868442947,0.03330557868442947,0.0,0.9760168194770813,0.0,True,True,496
R4_LHS_03,physics,20260813,V40_A_E6_C10_1T,incremental_velocity,X,2.4707017366212423,0.09991673605328841,0.09991673605328841,0.0,0.8289106488227844,0.014356939122080803,True,True,496
R4_LHS_03,physics,20260813,V40_A_E6_C10_1T,total_displacement,Y,0.5506430194436703,0.06661115736885893,0.06661115736885893,0.0,0.976474404335022,0.0,True,True,496
R4_LHS_03,physics,20260813,V40_A_E6_C10_1T,incremental_velocity,Y,2.0208431938428344,0.06661115736885893,0.06661115736885893,0.0,0.9109624028205872,0.0,True,True,496
R4_LHS_03,physics,20260813,V40_A_E6_C10_1T,total_displacement,Z,0.3839058385122269,0.06661115736885893,0.06661115736885893,0.0,0.9955169558525085,0.0,True,True,508
R4_LHS_03,physics,20260813,V40_A_E6_C10_1T,incremental_velocity,Z,3.22809160249748,0.06661115736885893,0.06661115736885893,0.0,0.9919294118881226,0.0,True,True,508
R4_LHS_03,physics,20260813,V40_B_E6_C10_1T,total_displacement,X,1.9854544773245695,0.03330557868442947,0.03330557868442947,0.0,0.9852831363677979,0.0,True,True,496
R4_LHS_03,physics,20260813,V40_B_E6_C10_1T,incremental_velocity,X,1.9236028100857507,0.09991673605328841,0.09991673605328841,0.0,0.8614593148231506,0.031261712312698364,True,True,496
R4_LHS_03,physics,20260813,V40_B_E6_C10_1T,total_displacement,Y,0.6076127948193132,0.06661115736885893,0.06661115736885893,0.0,0.985811173915863,0.0,True,True,496
R4_LHS_03,physics,20260813,V40_B_E6_C10_1T,incremental_velocity,Y,1.6108841986332543,0.09991673605328841,0.09991673605328841,0.0,0.9563691020011902,0.03813658654689789,True,True,496
R4_LHS_03,physics,20260813,V40_B_E6_C10_1T,total_displacement,Z,0.4248048862856378,0.06661115736885893,0.06661115736885893,0.0,0.9936051964759827,0.0,True,True,508
R4_LHS_03,physics,20260813,V40_B_E6_C10_1T,incremental_velocity,Z,2.4501121943346345,0.06661115736885893,0.06661115736885893,0.0,0.9899734258651733,0.0,True,True,508
R4_LHS_03,physics,20260813,V40_CPLUS_E6_C10_1T,total_displacement,X,3.145862316199456,0.03330557868442947,0.03330557868442947,0.0,0.9601923227310181,0.0,True,True,496
R4_LHS_03,physics,20260813,V40_CPLUS_E6_C10_1T,incremental_velocity,X,1.954229413600053,0.09991673605328841,0.09991673605328841,0.0,0.838064968585968,0.006342976354062557,True,True,496
R4_LHS_03,physics,20260813,V40_CPLUS_E6_C10_1T,total_displacement,Y,1.088972627269936,0.06661115736885893,0.06661115736885893,0.0,0.9624322652816772,0.0,True,True,496
R4_LHS_03,physics,20260813,V40_CPLUS_E6_C10_1T,incremental_velocity,Y,2.0269969891634396,0.09991673605328841,0.09991673605328841,0.0,0.9586178064346313,-0.019067304208874702,True,True,496
R4_LHS_03,physics,20260813,V40_CPLUS_E6_C10_1T,total_displacement,Z,0.5578854784143515,0.06661115736885893,0.06661115736885893,0.0,0.9754928350448608,0.0,True,True,508
R4_LHS_03,physics,20260813,V40_CPLUS_E6_C10_1T,incremental_velocity,Z,3.0099095533762,0.06661115736885893,0.06661115736885893,0.0,0.9937906265258789,0.0,True,True,508
R4_LHS_03,physics,20260813,V40_C_E6_C10_1T,total_displacement,X,2.7773987569372762,0.03330557868442947,0.03330557868442947,0.0,0.9627684354782104,0.0,True,True,496
R4_LHS_03,physics,20260813,V40_C_E6_C10_1T,incremental_velocity,X,2.1763378360483805,0.09991673605328841,0.09991673605328841,0.0,0.8500181436538696,0.0010241370182484388,True,True,496
R4_LHS_03,physics,20260813,V40_C_E6_C10_1T,total_displacement,Y,0.8485850324117518,0.06661115736885893,0.06661115736885893,0.0,0.9645301103591919,0.0,True,True,496
R4_LHS_03,physics,20260813,V40_C_E6_C10_1T,incremental_velocity,Y,2.219835594619958,0.09991673605328841,0.09991673605328841,0.0,0.9614308476448059,-0.017457140609622,True,True,496
R4_LHS_03,physics,20260813,V40_C_E6_C10_1T,total_displacement,Z,0.4399692666942893,0.06661115736885893,0.06661115736885893,0.0,0.9797108769416809,0.0,True,True,508
R4_LHS_03,physics,20260813,V40_C_E6_C10_1T,incremental_velocity,Z,3.144681026472393,0.06661115736885893,0.06661115736885893,0.0,0.9924778938293457,0.0,True,True,508
R4_LHS_03,physics,20260813,V52_A_E6_C10_1T,total_displacement,X,2.041925531005464,0.03330557868442947,0.03330557868442947,0.0,0.9839686155319214,0.0,True,True,496
R4_LHS_03,physics,20260813,V52_A_E6_C10_1T,incremental_velocity,X,2.40607142181762,0.09991673605328841,0.13322231473771787,0.03330557868442946,0.897774875164032,-0.007322491612285376,True,True,496
R4_LHS_03,physics,20260813,V52_A_E6_C10_1T,total_displacement,Y,0.5093148669292012,0.06661115736885893,0.06661115736885893,0.0,0.9855166077613831,0.0,True,True,496
R4_LHS_03,physics,20260813,V52_A_E6_C10_1T,incremental_velocity,Y,1.871970110945504,0.09991673605328841,0.09991673605328841,0.0,0.9641698598861694,-0.0030906947795301676,True,True,496
R4_LHS_03,physics,20260813,V52_A_E6_C10_1T,total_displacement,Z,0.3431132875557205,0.06661115736885893,0.06661115736885893,0.0,0.996570348739624,0.0,True,True,508
R4_LHS_03,physics,20260813,V52_A_E6_C10_1T,incremental_velocity,Z,3.213647119744892,0.09991673605328841,0.09991673605328841,0.0,0.9960030317306519,-0.0028347615152597427,True,True,508
R4_LHS_03,physics,20260813,V52_B_E6_C10_1T,total_displacement,X,2.7369228419060003,0.03330557868442947,0.03330557868442947,0.0,0.9739415645599365,0.0,True,True,496
R4_LHS_03,physics,20260813,V52_B_E6_C10_1T,incremental_velocity,X,1.7786038642894457,0.09991673605328841,0.09991673605328841,0.0,0.9346432685852051,0.009854459203779697,True,True,496
R4_LHS_03,physics,20260813,V52_B_E6_C10_1T,total_displacement,Y,0.626683240643632,0.06661115736885893,0.06661115736885893,0.0,0.9883492588996887,0.0,True,True,496
R4_LHS_03,physics,20260813,V52_B_E6_C10_1T,incremental_velocity,Y,1.334090516996264,0.09991673605328841,0.09991673605328841,0.0,0.9748150110244751,-0.005572852678596973,True,True,496
R4_LHS_03,physics,20260813,V52_B_E6_C10_1T,total_displacement,Z,0.3467165382205572,0.06661115736885893,0.06661115736885893,0.0,0.9962915778160095,0.0,True,True,508
R4_LHS_03,physics,20260813,V52_B_E6_C10_1T,incremental_velocity,Z,2.584527391976194,0.09991673605328841,0.09991673605328841,0.0,0.9959679841995239,-0.005303356796503067,True,True,508
R4_LHS_03,physics,20260813,V52_CPLUS_E6_C10_1T,total_displacement,X,2.9292434578826785,0.03330557868442947,0.03330557868442947,0.0,0.9877021908760071,0.0,True,True,496
R4_LHS_03,physics,20260813,V52_CPLUS_E6_C10_1T,incremental_velocity,X,1.6051773904348345,0.09991673605328841,0.09991673605328841,0.0,0.9295524954795837,-0.026026152074337006,True,True,496
R4_LHS_03,physics,20260813,V52_CPLUS_E6_C10_1T,total_displacement,Y,1.0544662409113013,0.06661115736885893,0.06661115736885893,0.0,0.9797931909561157,0.0,True,True,496
R4_LHS_03,physics,20260813,V52_CPLUS_E6_C10_1T,incremental_velocity,Y,1.2940309857209502,0.13322231473771787,0.13322231473771787,0.0,0.966244101524353,-0.00811928603798151,True,True,496
R4_LHS_03,physics,20260813,V52_CPLUS_E6_C10_1T,total_displacement,Z,0.7234788183344809,0.06661115736885893,0.06661115736885893,0.0,0.9865284562110901,0.0,True,True,508
R4_LHS_03,physics,20260813,V52_CPLUS_E6_C10_1T,incremental_velocity,Z,2.4502994359367314,0.09991673605328841,0.09991673605328841,0.0,0.9963533878326416,0.010737171396613121,True,True,508
R4_LHS_03,physics,20260813,V52_C_E6_C10_1T,total_displacement,X,2.5961771626429475,0.03330557868442947,0.03330557868442947,0.0,0.9924411773681641,0.0,True,True,496
R4_LHS_03,physics,20260813,V52_C_E6_C10_1T,incremental_velocity,X,1.5976722676448536,0.09991673605328841,0.09991673605328841,0.0,0.9363462328910828,-0.0060838358476758,True,True,496
R4_LHS_03,physics,20260813,V52_C_E6_C10_1T,total_displacement,Y,0.8626806238841725,0.06661115736885893,0.06661115736885893,0.0,0.9907621741294861,0.0,True,True,496
R4_LHS_03,physics,20260813,V52_C_E6_C10_1T,incremental_velocity,Y,1.4188991774547093,0.09991673605328841,0.09991673605328841,0.0,0.9699512720108032,-0.014890852384269238,True,True,496
R4_LHS_03,physics,20260813,V52_C_E6_C10_1T,total_displacement,Z,0.6301038515361347,0.06661115736885893,0.06661115736885893,0.0,0.9976430535316467,0.0,True,True,508
R4_LHS_03,physics,20260813,V52_C_E6_C10_1T,incremental_velocity,Z,2.3799262656011417,0.09991673605328841,0.09991673605328841,0.0,0.99514240026474,0.005978608503937721,True,True,508
R4_LHS_03,physics,20260813,V40_A_E7_C11_2T,total_displacement,X,1.5090738289988719,1.1990008326394608,1.1990008326394608,0.0,0.9999510049819946,-0.00046945709618739784,True,True,496
R4_LHS_03,physics,20260813,V40_A_E7_C11_2T,incremental_velocity,X,1.6953393781987043,1.9650291423813386,0.13322231473771787,1.8318068276436208,0.5202783942222595,0.6318018436431885,True,True,496
R4_LHS_03,physics,20260813,V40_A_E7_C11_2T,total_displacement,Y,3.043973389213646,0.06661115736885893,0.06661115736885893,0.0,0.9883800745010376,0.0,True,True,496
R4_LHS_03,physics,20260813,V40_A_E7_C11_2T,incremental_velocity,Y,1.590662035228466,0.09991673605328841,0.09991673605328841,0.0,0.9745038747787476,0.011735755950212479,True,True,496
R4_LHS_03,physics,20260813,V40_A_E7_C11_2T,total_displacement,Z,3.4419107294224673,0.06661115736885893,0.06661115736885893,0.0,0.989629864692688,0.0,True,True,508
R4_LHS_03,physics,20260813,V40_A_E7_C11_2T,incremental_velocity,Z,2.449715886356092,0.09991673605328841,0.09991673605328841,0.0,0.9928388595581055,-0.005045223515480757,True,True,508
R4_LHS_03,physics,20260813,V40_B_E7_C11_2T,total_displacement,X,1.5857847500262685,1.1990008326394608,1.1990008326394608,0.0,0.9999143481254578,0.000221812428208068,True,True,496
R4_LHS_03,physics,20260813,V40_B_E7_C11_2T,incremental_velocity,X,2.3401038526894262,4.629475437135696,1.9650291423813386,2.6644462947543572,0.6605852246284485,0.5629740357398987,True,True,496
R4_LHS_03,physics,20260813,V40_B_E7_C11_2T,total_displacement,Y,2.831411341622135,0.06661115736885893,0.06661115736885893,0.0,0.9962761402130127,0.0,True,True,496
R4_LHS_03,physics,20260813,V40_B_E7_C11_2T,incremental_velocity,Y,1.6432543068029146,0.09991673605328841,0.09991673605328841,0.0,0.9611331820487976,0.0021623612847179174,True,True,496
R4_LHS_03,physics,20260813,V40_B_E7_C11_2T,total_displacement,Z,3.2540810317982882,0.06661115736885893,0.06661115736885893,0.0,0.9992076754570007,0.0,True,True,508
R4_LHS_03,physics,20260813,V40_B_E7_C11_2T,incremental_velocity,Z,2.627020234431781,0.09991673605328841,0.09991673605328841,0.0,0.9933005571365356,0.0006612479337491095,True,True,508
R4_LHS_03,physics,20260813,V40_CPLUS_E7_C11_2T,total_displacement,X,2.100944895502598,1.1990008326394608,1.1990008326394608,0.0,0.99972003698349,-0.00016304074961226434,True,True,496
R4_LHS_03,physics,20260813,V40_CPLUS_E7_C11_2T,incremental_velocity,X,1.5024699786595623,0.13322231473771787,0.13322231473771787,0.0,0.8998680114746094,0.01605827920138836,True,True,496
R4_LHS_03,physics,20260813,V40_CPLUS_E7_C11_2T,total_displacement,Y,3.99120553028567,0.06661115736885893,0.06661115736885893,0.0,0.9939684271812439,0.0,True,True,496
R4_LHS_03,physics,20260813,V40_CPLUS_E7_C11_2T,incremental_velocity,Y,1.541707959074512,0.09991673605328841,0.09991673605328841,0.0,0.9820529818534851,0.018595367670059204,True,True,496
R4_LHS_03,physics,20260813,V40_CPLUS_E7_C11_2T,total_displacement,Z,4.846754498508524,0.06661115736885893,0.06661115736885893,0.0,0.9969649910926819,0.0,True,True,508
R4_LHS_03,physics,20260813,V40_CPLUS_E7_C11_2T,incremental_velocity,Z,2.294073321025504,0.09991673605328841,0.09991673605328841,0.0,0.9934190511703491,0.0038694138638675213,True,True,508
R4_LHS_03,physics,20260813,V40_C_E7_C11_2T,total_displacement,X,1.723568302637165,1.1990008326394608,1.1990008326394608,0.0,0.9998352527618408,-7.270489004440606e-05,True,True,496
R4_LHS_03,physics,20260813,V40_C_E7_C11_2T,incremental_velocity,X,1.841384881088149,1.9650291423813386,0.13322231473771787,1.8318068276436208,0.594785749912262,-0.49431779980659485,True,True,496
R4_LHS_03,physics,20260813,V40_C_E7_C11_2T,total_displacement,Y,3.5748915006148083,0.06661115736885893,0.06661115736885893,0.0,0.9927060008049011,0.0,True,True,496
R4_LHS_03,physics,20260813,V40_C_E7_C11_2T,incremental_velocity,Y,1.5356336074584922,0.09991673605328841,0.09991673605328841,0.0,0.9848070740699768,0.015679150819778442,True,True,496
R4_LHS_03,physics,20260813,V40_C_E7_C11_2T,total_displacement,Z,4.319481912645527,0.06661115736885893,0.06661115736885893,0.0,0.9960424304008484,0.0,True,True,508
R4_LHS_03,physics,20260813,V40_C_E7_C11_2T,incremental_velocity,Z,2.185931511536193,0.09991673605328841,0.09991673605328841,0.0,0.9945841431617737,0.002446414902806282,True,True,508
R4_LHS_03,physics,20260813,V52_A_E7_C11_2T,total_displacement,X,1.5391685829485744,1.1990008326394608,1.1990008326394608,0.0,0.9999673962593079,-0.0002600871375761926,True,True,496
R4_LHS_03,physics,20260813,V52_A_E7_C11_2T,incremental_velocity,X,2.2691785345715783,0.16652789342214733,1.9650291423813386,1.7985012489591914,0.89077228307724,-0.0060570864006876945,True,True,496
R4_LHS_03,physics,20260813,V52_A_E7_C11_2T,total_displacement,Y,3.1103520569413075,0.06661115736885893,0.06661115736885893,0.0,0.9898926615715027,0.0,True,True,496
R4_LHS_03,physics,20260813,V52_A_E7_C11_2T,incremental_velocity,Y,1.4998531161006203,0.13322231473771787,0.13322231473771787,0.0,0.9787293672561646,0.0036110554356127977,True,True,496
R4_LHS_03,physics,20260813,V52_A_E7_C11_2T,total_displacement,Z,4.096789293913396,0.09991673605328841,0.09991673605328841,0.0,0.9975460767745972,0.0064742667600512505,True,True,508
R4_LHS_03,physics,20260813,V52_A_E7_C11_2T,incremental_velocity,Z,2.199278612306705,0.13322231473771787,0.13322231473771787,0.0,0.9962460994720459,-0.0001433819707017392,True,True,508
R4_LHS_03,physics,20260813,V52_B_E7_C11_2T,total_displacement,X,1.7180693429052425,1.1990008326394608,1.1990008326394608,0.0,0.9999474883079529,9.165315714199096e-05,True,True,496
R4_LHS_03,physics,20260813,V52_B_E7_C11_2T,incremental_velocity,X,1.5796425383037538,0.16652789342214733,0.16652789342214733,0.0,0.9232204556465149,0.004417702089995146,True,True,496
R4_LHS_03,physics,20260813,V52_B_E7_C11_2T,total_displacement,Y,3.306741392737344,0.06661115736885893,0.06661115736885893,0.0,0.9917224049568176,0.0,True,True,496
R4_LHS_03,physics,20260813,V52_B_E7_C11_2T,incremental_velocity,Y,1.2183323801769352,0.13322231473771787,0.13322231473771787,0.0,0.9799995422363281,0.01452869176864624,True,True,496
R4_LHS_03,physics,20260813,V52_B_E7_C11_2T,total_displacement,Z,4.251562800243032,0.09991673605328841,0.09991673605328841,0.0,0.9944329857826233,-0.014877496287226677,True,True,508
R4_LHS_03,physics,20260813,V52_B_E7_C11_2T,incremental_velocity,Z,1.8706840209482392,0.13322231473771787,0.13322231473771787,0.0,0.9965389966964722,0.0041399989277124405,True,True,508
R4_LHS_03,physics,20260813,V52_CPLUS_E7_C11_2T,total_displacement,X,2.0568831381682275,1.1990008326394608,1.1990008326394608,0.0,0.9998841881752014,0.00014361525245476514,True,True,496
R4_LHS_03,physics,20260813,V52_CPLUS_E7_C11_2T,incremental_velocity,X,1.3969363009589117,0.16652789342214733,0.16652789342214733,0.0,0.923941433429718,0.02026991918683052,True,True,496
R4_LHS_03,physics,20260813,V52_CPLUS_E7_C11_2T,total_displacement,Y,4.034146877162178,0.06661115736885893,0.06661115736885893,0.0,0.9950253963470459,0.0,True,True,496
R4_LHS_03,physics,20260813,V52_CPLUS_E7_C11_2T,incremental_velocity,Y,1.1849888526157348,0.13322231473771787,0.13322231473771787,0.0,0.9824644327163696,0.01399179920554161,True,True,496
R4_LHS_03,physics,20260813,V52_CPLUS_E7_C11_2T,total_displacement,Z,5.077084950111289,0.09991673605328841,0.09991673605328841,0.0,0.9975308179855347,-0.012308771722018719,True,True,508
R4_LHS_03,physics,20260813,V52_CPLUS_E7_C11_2T,incremental_velocity,Z,1.7005790686413105,0.13322231473771787,0.13322231473771787,0.0,0.996932864189148,0.006391704548150301,True,True,508
R4_LHS_03,physics,20260813,V52_C_E7_C11_2T,total_displacement,X,1.9252053287844577,1.1990008326394608,1.1990008326394608,0.0,0.9999596476554871,-0.00020221366139594465,True,True,496
R4_LHS_03,physics,20260813,V52_C_E7_C11_2T,incremental_velocity,X,1.2445526261186417,0.16652789342214733,0.16652789342214733,0.0,0.9456008076667786,-0.023379161953926086,True,True,496
R4_LHS_03,physics,20260813,V52_C_E7_C11_2T,total_displacement,Y,3.925941704568175,0.06661115736885893,0.06661115736885893,0.0,0.9978529810905457,0.0,True,True,496
R4_LHS_03,physics,20260813,V52_C_E7_C11_2T,incremental_velocity,Y,1.1968111362962928,0.13322231473771787,0.13322231473771787,0.0,0.9802695512771606,6.845808820798993e-05,True,True,496
R4_LHS_03,physics,20260813,V52_C_E7_C11_2T,total_displacement,Z,4.721416887800417,0.09991673605328841,0.09991673605328841,0.0,0.997710645198822,0.0006564250215888023,True,True,508
R4_LHS_03,physics,20260813,V52_C_E7_C11_2T,incremental_velocity,Z,1.822207713731537,0.13322231473771787,0.13322231473771787,0.0,0.9973304271697998,-0.014395326375961304,True,True,508
R4_LHS_03,physics,20260813,V40_A_E8_C12_2T,total_displacement,X,2.302340762046909,0.06661115736885893,0.06661115736885893,0.0,0.9760021567344666,0.0,True,True,496
R4_LHS_03,physics,20260813,V40_A_E8_C12_2T,incremental_velocity,X,1.590485444007232,0.13322231473771787,0.13322231473771787,0.0,0.8785348534584045,-0.018056640401482582,True,True,496
R4_LHS_03,physics,20260813,V40_A_E8_C12_2T,total_displacement,Y,2.133485116369082,0.06661115736885893,0.06661115736885893,0.0,0.990411102771759,0.0,True,True,496
R4_LHS_03,physics,20260813,V40_A_E8_C12_2T,incremental_velocity,Y,1.8051470489592016,0.09991673605328841,0.09991673605328841,0.0,0.9686599373817444,0.003746449714526534,True,True,496
R4_LHS_03,physics,20260813,V40_A_E8_C12_2T,total_displacement,Z,2.383051752550174,0.06661115736885893,0.06661115736885893,0.0,0.9942607879638672,0.0,True,True,508
R4_LHS_03,physics,20260813,V40_A_E8_C12_2T,incremental_velocity,Z,2.914886587719937,0.09991673605328841,0.09991673605328841,0.0,0.9930537939071655,-0.00045799827785231173,True,True,508
R4_LHS_03,physics,20260813,V40_B_E8_C12_2T,total_displacement,X,2.2398658498084187,0.06661115736885893,0.06661115736885893,0.0,0.9688447117805481,0.0,True,True,496
R4_LHS_03,physics,20260813,V40_B_E8_C12_2T,incremental_velocity,X,1.3068425391000003,0.13322231473771787,0.13322231473771787,0.0,0.9062601923942566,0.0017394665628671646,True,True,496
R4_LHS_03,physics,20260813,V40_B_E8_C12_2T,total_displacement,Y,2.722043268457143,0.06661115736885893,0.06661115736885893,0.0,0.9901624917984009,0.0,True,True,496
R4_LHS_03,physics,20260813,V40_B_E8_C12_2T,incremental_velocity,Y,1.6433322308727372,0.09991673605328841,0.09991673605328841,0.0,0.9783599376678467,-0.014957334846258163,True,True,496
R4_LHS_03,physics,20260813,V40_B_E8_C12_2T,total_displacement,Z,3.2781762429744563,0.06661115736885893,0.06661115736885893,0.0,0.9954836964607239,0.0,True,True,508
R4_LHS_03,physics,20260813,V40_B_E8_C12_2T,incremental_velocity,Z,2.594884408294859,0.09991673605328841,0.09991673605328841,0.0,0.994809627532959,-0.019054370000958443,True,True,508
R4_LHS_03,physics,20260813,V40_CPLUS_E8_C12_2T,total_displacement,X,3.2181986833981124,0.06661115736885893,0.06661115736885893,0.0,0.985583484172821,0.0,True,True,496
R4_LHS_03,physics,20260813,V40_CPLUS_E8_C12_2T,incremental_velocity,X,1.3356055805951694,0.13322231473771787,0.13322231473771787,0.0,0.8660337328910828,0.02069970779120922,True,True,496
R4_LHS_03,physics,20260813,V40_CPLUS_E8_C12_2T,total_displacement,Y,3.714859936368875,0.06661115736885893,0.06661115736885893,0.0,0.9957625269889832,0.0,True,True,496
R4_LHS_03,physics,20260813,V40_CPLUS_E8_C12_2T,incremental_velocity,Y,1.507378240902729,0.09991673605328841,0.09991673605328841,0.0,0.975714921951294,0.016885612159967422,True,True,496
R4_LHS_03,physics,20260813,V40_CPLUS_E8_C12_2T,total_displacement,Z,4.2724726262105275,0.06661115736885893,0.06661115736885893,0.0,0.9979299902915955,0.0,True,True,508
R4_LHS_03,physics,20260813,V40_CPLUS_E8_C12_2T,incremental_velocity,Z,2.433265263812403,0.09991673605328841,0.09991673605328841,0.0,0.9945890307426453,0.007977161556482315,True,True,508
R4_LHS_03,physics,20260813,V40_C_E8_C12_2T,total_displacement,X,2.804748142239778,0.06661115736885893,0.06661115736885893,0.0,0.9837093949317932,0.0,True,True,496
R4_LHS_03,physics,20260813,V40_C_E8_C12_2T,incremental_velocity,X,1.2759178284624808,0.13322231473771787,0.13322231473771787,0.0,0.9015863537788391,-0.024850333109498024,True,True,496
R4_LHS_03,physics,20260813,V40_C_E8_C12_2T,total_displacement,Y,3.3277718301200117,0.06661115736885893,0.06661115736885893,0.0,0.995463490486145,0.0,True,True,496
R4_LHS_03,physics,20260813,V40_C_E8_C12_2T,incremental_velocity,Y,1.3710877573439804,0.09991673605328841,0.09991673605328841,0.0,0.9781754016876221,0.00241479417309165,True,True,496
R4_LHS_03,physics,20260813,V40_C_E8_C12_2T,total_displacement,Z,3.7265558732530293,0.06661115736885893,0.06661115736885893,0.0,0.9988070726394653,0.0,True,True,508
R4_LHS_03,physics,20260813,V40_C_E8_C12_2T,incremental_velocity,Z,2.0600925451558116,0.09991673605328841,0.09991673605328841,0.0,0.9957661032676697,-0.007587647996842861,True,True,508
R4_LHS_03,physics,20260813,V52_A_E8_C12_2T,total_displacement,X,2.3245446551503464,0.09991673605328841,0.06661115736885893,0.033305578684429474,0.9638239741325378,-0.020216183736920357,True,True,496
R4_LHS_03,physics,20260813,V52_A_E8_C12_2T,incremental_velocity,X,1.4023722088356316,0.16652789342214733,0.16652789342214733,0.0,0.8980996012687683,-0.00954664871096611,True,True,496
R4_LHS_03,physics,20260813,V52_A_E8_C12_2T,total_displacement,Y,2.8717878311571856,0.06661115736885893,0.06661115736885893,0.0,0.9881484508514404,0.0,True,True,496
R4_LHS_03,physics,20260813,V52_A_E8_C12_2T,incremental_velocity,Y,1.445642922895967,0.13322231473771787,0.13322231473771787,0.0,0.9794328212738037,0.0013367446372285485,True,True,496
R4_LHS_03,physics,20260813,V52_A_E8_C12_2T,total_displacement,Z,3.7917082140256464,0.09991673605328841,0.09991673605328841,0.0,0.9937892556190491,0.004623713903129101,True,True,508
R4_LHS_03,physics,20260813,V52_A_E8_C12_2T,incremental_velocity,Z,2.0249167709956803,0.13322231473771787,0.13322231473771787,0.0,0.9972600936889648,-0.0037386929616332054,True,True,508
R4_LHS_03,physics,20260813,V52_B_E8_C12_2T,total_displacement,X,2.516233470657851,0.09991673605328841,0.09991673605328841,0.0,0.9946725964546204,-0.0038512791506946087,True,True,496
R4_LHS_03,physics,20260813,V52_B_E8_C12_2T,incremental_velocity,X,1.4094531036203233,0.16652789342214733,0.16652789342214733,0.0,0.9426309466362,-0.005209410097450018,True,True,496
R4_LHS_03,physics,20260813,V52_B_E8_C12_2T,total_displacement,Y,3.0316668325550866,0.06661115736885893,0.06661115736885893,0.0,0.9967882633209229,0.0,True,True,496
R4_LHS_03,physics,20260813,V52_B_E8_C12_2T,incremental_velocity,Y,1.3316661374800147,0.13322231473771787,0.13322231473771787,0.0,0.9849246740341187,-0.00021867796021979302,True,True,496
R4_LHS_03,physics,20260813,V52_B_E8_C12_2T,total_displacement,Z,3.927521426790141,0.09991673605328841,0.09991673605328841,0.0,0.9990715384483337,0.0013915031449869275,True,True,508
R4_LHS_03,physics,20260813,V52_B_E8_C12_2T,incremental_velocity,Z,2.1570154075507038,0.13322231473771787,0.13322231473771787,0.0,0.9972021579742432,0.007687608245760202,True,True,508
R4_LHS_03,physics,20260813,V52_CPLUS_E8_C12_2T,total_displacement,X,3.207411508245827,0.09991673605328841,0.09991673605328841,0.0,0.9937182068824768,-0.029014812782406807,True,True,496
R4_LHS_03,physics,20260813,V52_CPLUS_E8_C12_2T,incremental_velocity,X,1.0937108757734453,0.16652789342214733,0.16652789342214733,0.0,0.9289509057998657,-0.024001533165574074,True,True,496
R4_LHS_03,physics,20260813,V52_CPLUS_E8_C12_2T,total_displacement,Y,3.668439052044677,0.06661115736885893,0.06661115736885893,0.0,0.997977614402771,0.0,True,True,496
R4_LHS_03,physics,20260813,V52_CPLUS_E8_C12_2T,incremental_velocity,Y,1.189230351699646,0.13322231473771787,0.13322231473771787,0.0,0.970264732837677,-0.007563725113868713,True,True,496
R4_LHS_03,physics,20260813,V52_CPLUS_E8_C12_2T,total_displacement,Z,4.417752405208328,0.09991673605328841,0.09991673605328841,0.0,0.9993085861206055,0.0030073169618844986,True,True,508
R4_LHS_03,physics,20260813,V52_CPLUS_E8_C12_2T,incremental_velocity,Z,1.8015836905721831,0.13322231473771787,0.13322231473771787,0.0,0.9959176182746887,0.004622464068233967,True,True,508
R4_LHS_03,physics,20260813,V52_C_E8_C12_2T,total_displacement,X,2.8717010709128927,0.09991673605328841,0.09991673605328841,0.0,0.9946746230125427,0.025903334841132164,True,True,496
R4_LHS_03,physics,20260813,V52_C_E8_C12_2T,incremental_velocity,X,1.268965219085361,0.16652789342214733,0.16652789342214733,0.0,0.9253237247467041,0.017667099833488464,True,True,496
R4_LHS_03,physics,20260813,V52_C_E8_C12_2T,total_displacement,Y,3.470886083447668,0.06661115736885893,0.06661115736885893,0.0,0.9969258308410645,0.0,True,True,496
R4_LHS_03,physics,20260813,V52_C_E8_C12_2T,incremental_velocity,Y,1.1849788360035733,0.13322231473771787,0.13322231473771787,0.0,0.9769445657730103,0.010751605965197086,True,True,496
R4_LHS_03,physics,20260813,V52_C_E8_C12_2T,total_displacement,Z,4.377094927496038,0.09991673605328841,0.09991673605328841,0.0,0.9983139038085938,0.010113676078617573,True,True,508
R4_LHS_03,physics,20260813,V52_C_E8_C12_2T,incremental_velocity,Z,1.811317688335878,0.13322231473771787,0.13322231473771787,0.0,0.9966698884963989,0.0009987689554691315,True,True,508
R4_LHS_03,control,20260813,BASE_C1_0T,total_displacement,X,4.275180149198559,1.931723563696909,0.09991673605328841,1.8318068276436206,0.3620225191116333,0.1204480230808258,True,True,496
R4_LHS_03,control,20260813,BASE_C1_0T,incremental_velocity,X,0.0,0.0,0.0,0.0,,,False,False,0
R4_LHS_03,control,20260813,BASE_C1_0T,total_displacement,Y,2.865628247617928,1.931723563696909,0.09991673605328841,1.8318068276436206,0.9378492832183838,0.06918514519929886,True,True,496
R4_LHS_03,control,20260813,BASE_C1_0T,incremental_velocity,Y,0.0,0.0,0.0,0.0,,,False,False,0
R4_LHS_03,control,20260813,BASE_C1_0T,total_displacement,Z,2.3305174213662263,1.931723563696909,0.09991673605328841,1.8318068276436206,0.9678179025650024,0.06715318560600281,True,True,508
R4_LHS_03,control,20260813,BASE_C1_0T,incremental_velocity,Z,0.0,0.0,0.0,0.0,,,False,False,0
R4_LHS_03,control,20260813,BASE_C2_0T,total_displacement,X,3.2312479679069916,1.1990008326394608,1.1990008326394608,0.0,0.999999463558197,-9.863882587524131e-05,True,True,496
R4_LHS_03,control,20260813,BASE_C2_0T,incremental_velocity,X,0.0,0.0,0.0,0.0,,,False,False,0
R4_LHS_03,control,20260813,BASE_C2_0T,total_displacement,Y,2.3673889405902644,1.1990008326394608,0.09991673605328841,1.0990840965861723,0.9648148417472839,1.8059774447465315e-05,True,True,496
R4_LHS_03,control,20260813,BASE_C2_0T,incremental_velocity,Y,0.0,0.0,0.0,0.0,,,False,False,0
R4_LHS_03,control,20260813,BASE_C2_0T,total_displacement,Z,2.4500486378404105,1.1990008326394608,0.09991673605328841,1.0990840965861723,0.9857722520828247,-1.3606079846795183e-05,True,True,508
R4_LHS_03,control,20260813,BASE_C2_0T,incremental_velocity,Z,0.0,0.0,0.0,0.0,,,False,False,0
R4_LHS_03,control,20260813,BASE_C3_0T,total_displacement,X,3.7864962099920496,1.931723563696909,0.09991673605328841,1.8318068276436206,0.3744875490665436,-0.03355186805129051,True,True,496
R4_LHS_03,control,20260813,BASE_C3_0T,incremental_velocity,X,0.0,0.0,0.0,0.0,,,False,False,0
R4_LHS_03,control,20260813,BASE_C3_0T,total_displacement,Y,2.020918931807665,1.931723563696909,0.09991673605328841,1.8318068276436206,0.9438705444335938,0.10487684607505798,True,True,496
R4_LHS_03,control,20260813,BASE_C3_0T,incremental_velocity,Y,0.0,0.0,0.0,0.0,,,False,False,0
R4_LHS_03,control,20260813,BASE_C3_0T,total_displacement,Z,1.9355142077005203,1.931723563696909,1.931723563696909,0.0,0.974271297454834,0.1085531935095787,True,True,508
R4_LHS_03,control,20260813,BASE_C3_0T,incremental_velocity,Z,0.0,0.0,0.0,0.0,,,False,False,0
R4_LHS_03,control,20260813,BASE_C8_0T,total_displacement,X,3.653527747598065,1.1990008326394608,1.1990008326394608,0.0,0.9999995827674866,0.0002370636648265645,True,True,496
R4_LHS_03,control,20260813,BASE_C8_0T,incremental_velocity,X,0.0,0.0,0.0,0.0,,,False,False,0
R4_LHS_03,control,20260813,BASE_C8_0T,total_displacement,Y,1.9567008100254526,1.1990008326394608,1.1990008326394608,0.0,0.974590539932251,0.00033866867306642234,True,True,496
R4_LHS_03,control,20260813,BASE_C8_0T,incremental_velocity,Y,0.0,0.0,0.0,0.0,,,False,False,0
R4_LHS_03,control,20260813,BASE_C8_0T,total_displacement,Z,1.9938167343508435,1.1990008326394608,1.1990008326394608,0.0,0.9904072880744934,0.0002583192544989288,True,True,508
R4_LHS_03,control,20260813,BASE_C8_0T,incremental_velocity,Z,0.0,0.0,0.0,0.0,,,False,False,0
R4_LHS_03,control,20260813,V40_A_E1_C4_2T,total_displacement,X,1.723313746931656,0.06661115736885893,0.06661115736885893,0.0,0.9814582467079163,0.0,True,True,496
R4_LHS_03,control,20260813,V40_A_E1_C4_2T,incremental_velocity,X,1.5943939362000377,0.13322231473771787,0.13322231473771787,0.0,0.8736923933029175,-0.019823947921395302,True,True,496
R4_LHS_03,control,20260813,V40_A_E1_C4_2T,total_displacement,Y,2.460622648035577,0.06661115736885893,0.06661115736885893,0.0,0.9840622544288635,0.0,True,True,496
R4_LHS_03,control,20260813,V40_A_E1_C4_2T,incremental_velocity,Y,2.0475450426320507,0.09991673605328841,0.09991673605328841,0.0,0.9806644320487976,-0.03402336686849594,True,True,496
R4_LHS_03,control,20260813,V40_A_E1_C4_2T,total_displacement,Z,3.2108431089154843,0.06661115736885893,0.06661115736885893,0.0,0.9896889328956604,0.0,True,True,508
R4_LHS_03,control,20260813,V40_A_E1_C4_2T,incremental_velocity,Z,3.114199333843696,0.09991673605328841,0.09991673605328841,0.0,0.9942466616630554,-0.028199445456266403,True,True,508
R4_LHS_03,control,20260813,V40_B_E1_C4_2T,total_displacement,X,2.334072044132253,0.06661115736885893,0.09991673605328841,0.033305578684429474,0.9698042273521423,0.0,True,True,496
R4_LHS_03,control,20260813,V40_B_E1_C4_2T,incremental_velocity,X,1.3273145753448625,0.13322231473771787,0.13322231473771787,0.0,0.8894336819648743,0.014516204595565796,True,True,496
R4_LHS_03,control,20260813,V40_B_E1_C4_2T,total_displacement,Y,2.929137722280216,0.06661115736885893,0.03330557868442947,0.03330557868442947,0.9871658682823181,0.0,True,True,496
R4_LHS_03,control,20260813,V40_B_E1_C4_2T,incremental_velocity,Y,1.7582308894928351,0.09991673605328841,0.09991673605328841,0.0,0.9778130650520325,0.009253074415028095,True,True,496
R4_LHS_03,control,20260813,V40_B_E1_C4_2T,total_displacement,Z,3.820428649362701,0.06661115736885893,0.06661115736885893,0.0,0.9888964295387268,0.0,True,True,508
R4_LHS_03,control,20260813,V40_B_E1_C4_2T,incremental_velocity,Z,2.386607087123876,0.09991673605328841,0.09991673605328841,0.0,0.9956178069114685,-0.008333265781402588,True,True,508
R4_LHS_03,control,20260813,V40_CPLUS_E1_C4_2T,total_displacement,X,3.247456194148617,0.06661115736885893,0.06661115736885893,0.0,0.9710005521774292,0.0,True,True,496
R4_LHS_03,control,20260813,V40_CPLUS_E1_C4_2T,incremental_velocity,X,1.1242424288588773,0.13322231473771787,0.13322231473771787,0.0,0.8745834231376648,-0.017868772149086,True,True,496
R4_LHS_03,control,20260813,V40_CPLUS_E1_C4_2T,total_displacement,Y,3.770623322009399,0.06661115736885893,0.06661115736885893,0.0,0.9821090698242188,0.0,True,True,496
R4_LHS_03,control,20260813,V40_CPLUS_E1_C4_2T,incremental_velocity,Y,1.4165732826462942,0.09991673605328841,0.09991673605328841,0.0,0.9677881002426147,-0.01620754599571228,True,True,496
R4_LHS_03,control,20260813,V40_CPLUS_E1_C4_2T,total_displacement,Z,4.581722328602977,0.06661115736885893,0.06661115736885893,0.0,0.9974345564842224,0.0,True,True,508
R4_LHS_03,control,20260813,V40_CPLUS_E1_C4_2T,incremental_velocity,Z,1.950285467164071,0.09991673605328841,0.09991673605328841,0.0,0.9918141961097717,-0.020914867520332336,True,True,508
R4_LHS_03,control,20260813,V40_C_E1_C4_2T,total_displacement,X,2.7765096851732176,0.06661115736885893,0.09991673605328841,0.033305578684429474,0.9747765064239502,0.0,True,True,496
R4_LHS_03,control,20260813,V40_C_E1_C4_2T,incremental_velocity,X,1.1582235557386442,0.13322231473771787,0.13322231473771787,0.0,0.8901877999305725,0.016324613243341446,True,True,496
R4_LHS_03,control,20260813,V40_C_E1_C4_2T,total_displacement,Y,3.3613072321068738,0.06661115736885893,0.03330557868442947,0.03330557868442947,0.9890137910842896,0.0,True,True,496
R4_LHS_03,control,20260813,V40_C_E1_C4_2T,incremental_velocity,Y,1.7120830759116181,0.09991673605328841,0.09991673605328841,0.0,0.9765370488166809,0.009905247017741203,True,True,496
R4_LHS_03,control,20260813,V40_C_E1_C4_2T,total_displacement,Z,4.401885153953874,0.06661115736885893,0.06661115736885893,0.0,0.9917871952056885,0.0,True,True,508
R4_LHS_03,control,20260813,V40_C_E1_C4_2T,incremental_velocity,Z,2.298851531598317,0.09991673605328841,0.09991673605328841,0.0,0.9956486821174622,-0.007432345766574144,True,True,508
R4_LHS_03,control,20260813,V52_A_E1_C4_2T,total_displacement,X,2.2201031381617784,0.09991673605328841,0.09991673605328841,0.0,0.9923649430274963,0.01804109662771225,True,True,496
R4_LHS_03,control,20260813,V52_A_E1_C4_2T,incremental_velocity,X,1.0315041610579223,0.16652789342214733,0.16652789342214733,0.0,0.9254723191261292,-0.0315689817070961,True,True,496
R4_LHS_03,control,20260813,V52_A_E1_C4_2T,total_displacement,Y,2.996953956838641,0.06661115736885893,0.06661115736885893,0.0,0.9976441860198975,0.0,True,True,496
R4_LHS_03,control,20260813,V52_A_E1_C4_2T,incremental_velocity,Y,1.187839327143755,0.13322231473771787,0.13322231473771787,0.0,0.9860661625862122,0.012105941772460938,True,True,496
R4_LHS_03,control,20260813,V52_A_E1_C4_2T,total_displacement,Z,3.959566013712888,0.09991673605328841,0.09991673605328841,0.0,0.9988972544670105,0.01541778352111578,True,True,508
R4_LHS_03,control,20260813,V52_A_E1_C4_2T,incremental_velocity,Z,1.7541699208201709,0.13322231473771787,0.13322231473771787,0.0,0.9965012669563293,0.014940180815756321,True,True,508
R4_LHS_03,control,20260813,V52_B_E1_C4_2T,total_displacement,X,2.8024197518713434,0.09991673605328841,0.09991673605328841,0.0,0.9886641502380371,0.00368882087059319,True,True,496
R4_LHS_03,control,20260813,V52_B_E1_C4_2T,incremental_velocity,X,1.0725120354796174,0.16652789342214733,0.16652789342214733,0.0,0.8881678581237793,-0.003331452142447233,True,True,496
R4_LHS_03,control,20260813,V52_B_E1_C4_2T,total_displacement,Y,3.449671531967647,0.06661115736885893,0.06661115736885893,0.0,0.996991753578186,0.0,True,True,496
R4_LHS_03,control,20260813,V52_B_E1_C4_2T,incremental_velocity,Y,1.2811355763437575,0.13322231473771787,0.13322231473771787,0.0,0.9857136607170105,-0.001302074990235269,True,True,496
R4_LHS_03,control,20260813,V52_B_E1_C4_2T,total_displacement,Z,4.488283515643797,0.09991673605328841,0.09991673605328841,0.0,0.9985217452049255,-0.005174517631530762,True,True,508
R4_LHS_03,control,20260813,V52_B_E1_C4_2T,incremental_velocity,Z,1.7336131796355647,0.13322231473771787,0.13322231473771787,0.0,0.9955552220344543,0.006316235288977623,True,True,508
R4_LHS_03,control,20260813,V52_CPLUS_E1_C4_2T,total_displacement,X,3.2975297125223646,0.09991673605328841,0.09991673605328841,0.0,0.9975762367248535,0.010083707980811596,True,True,496
R4_LHS_03,control,20260813,V52_CPLUS_E1_C4_2T,incremental_velocity,X,0.9937649761365371,0.16652789342214733,0.16652789342214733,0.0,0.9290791153907776,-0.01946752890944481,True,True,496
R4_LHS_03,control,20260813,V52_CPLUS_E1_C4_2T,total_displacement,Y,4.029586502532568,0.06661115736885893,0.06661115736885893,0.0,0.9987617135047913,0.0,True,True,496
R4_LHS_03,control,20260813,V52_CPLUS_E1_C4_2T,incremental_velocity,Y,1.1398186077029688,0.13322231473771787,0.13322231473771787,0.0,0.9877490401268005,0.007351650390774012,True,True,496
R4_LHS_03,control,20260813,V52_CPLUS_E1_C4_2T,total_displacement,Z,5.110039148167626,0.09991673605328841,0.09991673605328841,0.0,0.9995182156562805,0.003672906896099448,True,True,508
R4_LHS_03,control,20260813,V52_CPLUS_E1_C4_2T,incremental_velocity,Z,1.7148339593727089,0.13322231473771787,0.13322231473771787,0.0,0.9967963695526123,0.012440710328519344,True,True,508
R4_LHS_03,control,20260813,V52_C_E1_C4_2T,total_displacement,X,2.845144624417674,0.09991673605328841,0.06661115736885893,0.033305578684429474,0.9929695129394531,-0.03411877155303955,True,True,496
R4_LHS_03,control,20260813,V52_C_E1_C4_2T,incremental_velocity,X,0.9938393002273092,0.16652789342214733,0.16652789342214733,0.0,0.9452036023139954,-0.027780964970588684,True,True,496
R4_LHS_03,control,20260813,V52_C_E1_C4_2T,total_displacement,Y,3.7466602674950877,0.06661115736885893,0.06661115736885893,0.0,0.9941055774688721,0.0,True,True,496
R4_LHS_03,control,20260813,V52_C_E1_C4_2T,incremental_velocity,Y,1.1192232949858545,0.13322231473771787,0.13322231473771787,0.0,0.9867444634437561,-0.03183227777481079,True,True,496
R4_LHS_03,control,20260813,V52_C_E1_C4_2T,total_displacement,Z,4.936190371870252,0.09991673605328841,0.09991673605328841,0.0,0.9983963966369629,-0.029889028519392014,True,True,508
R4_LHS_03,control,20260813,V52_C_E1_C4_2T,incremental_velocity,Z,1.641182961974257,0.13322231473771787,0.13322231473771787,0.0,0.9976774454116821,-0.025750739499926567,True,True,508
R4_LHS_03,control,20260813,V40_A_E2_C5_2T,total_displacement,X,1.453700233004208,1.1990008326394608,1.1990008326394608,0.0,0.9999396800994873,0.00010216130613116547,True,True,496
R4_LHS_03,control,20260813,V40_A_E2_C5_2T,incremental_velocity,X,2.2077102117358076,0.13322231473771787,1.9650291423813386,1.8318068276436208,0.814322292804718,-0.02488991804420948,True,True,496
R4_LHS_03,control,20260813,V40_A_E2_C5_2T,total_displacement,Y,3.2081386728325167,0.06661115736885893,0.06661115736885893,0.0,0.9867175817489624,0.0,True,True,496
R4_LHS_03,control,20260813,V40_A_E2_C5_2T,incremental_velocity,Y,1.730612336591526,0.09991673605328841,0.09991673605328841,0.0,0.9752037525177002,0.005133106838911772,True,True,496
R4_LHS_03,control,20260813,V40_A_E2_C5_2T,total_displacement,Z,4.383381479376237,0.06661115736885893,0.06661115736885893,0.0,0.9975728988647461,0.0,True,True,508
R4_LHS_03,control,20260813,V40_A_E2_C5_2T,incremental_velocity,Z,2.3461445396589413,0.09991673605328841,0.09991673605328841,0.0,0.9890400767326355,0.009934483096003532,True,True,508
R4_LHS_03,control,20260813,V40_B_E2_C5_2T,total_displacement,X,1.5022470227086013,1.1990008326394608,1.1990008326394608,0.0,0.9999254941940308,0.00023170828353613615,True,True,496
R4_LHS_03,control,20260813,V40_B_E2_C5_2T,incremental_velocity,X,1.6022465621079673,1.998334721065768,0.13322231473771787,1.8651124063280502,0.5369182825088501,-0.045373305678367615,True,True,496
R4_LHS_03,control,20260813,V40_B_E2_C5_2T,total_displacement,Y,3.4553450612320726,0.06661115736885893,0.06661115736885893,0.0,0.9943134188652039,0.0,True,True,496
R4_LHS_03,control,20260813,V40_B_E2_C5_2T,incremental_velocity,Y,1.5853964124883577,0.09991673605328841,0.09991673605328841,0.0,0.9759727716445923,0.004772340878844261,True,True,496
R4_LHS_03,control,20260813,V40_B_E2_C5_2T,total_displacement,Z,4.392169112804834,0.06661115736885893,0.06661115736885893,0.0,0.99871826171875,0.0,True,True,508
R4_LHS_03,control,20260813,V40_B_E2_C5_2T,incremental_velocity,Z,2.2250364001517338,0.09991673605328841,0.09991673605328841,0.0,0.9965189695358276,-0.0034373889211565256,True,True,508
R4_LHS_03,control,20260813,V40_CPLUS_E2_C5_2T,total_displacement,X,2.26298052200509,1.1990008326394608,1.1990008326394608,0.0,0.9998288154602051,0.00032634069793857634,True,True,496
R4_LHS_03,control,20260813,V40_CPLUS_E2_C5_2T,incremental_velocity,X,1.2032199389074467,0.13322231473771787,0.13322231473771787,0.0,0.8931331634521484,-0.02145470678806305,True,True,496
R4_LHS_03,control,20260813,V40_CPLUS_E2_C5_2T,total_displacement,Y,4.401727461994073,0.06661115736885893,0.06661115736885893,0.0,0.9967036247253418,0.0,True,True,496
R4_LHS_03,control,20260813,V40_CPLUS_E2_C5_2T,incremental_velocity,Y,1.2575649163496485,0.09991673605328841,0.09991673605328841,0.0,0.9789841175079346,0.005616731941699982,True,True,496
R4_LHS_03,control,20260813,V40_CPLUS_E2_C5_2T,total_displacement,Z,5.297514390293239,0.06661115736885893,0.06661115736885893,0.0,0.9993525743484497,0.0,True,True,508
R4_LHS_03,control,20260813,V40_CPLUS_E2_C5_2T,incremental_velocity,Z,1.9378267159849922,0.09991673605328841,0.09991673605328841,0.0,0.995788037776947,0.0046837511472404,True,True,508
R4_LHS_03,control,20260813,V40_C_E2_C5_2T,total_displacement,X,1.859099607187672,1.1990008326394608,1.1990008326394608,0.0,0.9998923540115356,-8.544309821445495e-05,True,True,496
R4_LHS_03,control,20260813,V40_C_E2_C5_2T,incremental_velocity,X,1.6165326906568034,2.0316402997501974,0.13322231473771787,1.8984179850124796,0.5202571749687195,0.41746917366981506,True,True,496
R4_LHS_03,control,20260813,V40_C_E2_C5_2T,total_displacement,Y,3.944449864452304,0.06661115736885893,0.06661115736885893,0.0,0.9903333187103271,0.0,True,True,496
R4_LHS_03,control,20260813,V40_C_E2_C5_2T,incremental_velocity,Y,1.4212019906599926,0.09991673605328841,0.09991673605328841,0.0,0.9798918962478638,-0.0023227788042277098,True,True,496
R4_LHS_03,control,20260813,V40_C_E2_C5_2T,total_displacement,Z,5.068593511483914,0.06661115736885893,0.06661115736885893,0.0,0.9988909363746643,0.0,True,True,508
R4_LHS_03,control,20260813,V40_C_E2_C5_2T,incremental_velocity,Z,1.9449973310360575,0.09991673605328841,0.09991673605328841,0.0,0.992925763130188,-0.003813857911154628,True,True,508
R4_LHS_03,control,20260813,V52_A_E2_C5_2T,total_displacement,X,1.2828962778011421,1.1990008326394608,1.1990008326394608,0.0,0.9999744296073914,2.5691573682706803e-05,True,True,496
R4_LHS_03,control,20260813,V52_A_E2_C5_2T,incremental_velocity,X,1.8468870858219686,0.16652789342214733,0.16652789342214733,0.0,0.9262768626213074,0.0014465315034613013,True,True,496
R4_LHS_03,control,20260813,V52_A_E2_C5_2T,total_displacement,Y,3.2809845408720277,0.06661115736885893,0.06661115736885893,0.0,0.996748149394989,0.0,True,True,496
R4_LHS_03,control,20260813,V52_A_E2_C5_2T,incremental_velocity,Y,1.3102858901826382,0.13322231473771787,0.13322231473771787,0.0,0.9891406893730164,-0.03179370239377022,True,True,496
R4_LHS_03,control,20260813,V52_A_E2_C5_2T,total_displacement,Z,4.373626790831294,0.09991673605328841,0.09991673605328841,0.0,0.9982539415359497,-0.014191359281539917,True,True,508
R4_LHS_03,control,20260813,V52_A_E2_C5_2T,incremental_velocity,Z,1.9272917443506081,0.13322231473771787,0.13322231473771787,0.0,0.9966105818748474,-0.025167282670736313,True,True,508
R4_LHS_03,control,20260813,V52_B_E2_C5_2T,total_displacement,X,1.6580314043890934,1.1990008326394608,1.1990008326394608,0.0,0.9999502301216125,-0.00037449138471856713,True,True,496
R4_LHS_03,control,20260813,V52_B_E2_C5_2T,incremental_velocity,X,1.571816207926422,0.16652789342214733,0.16652789342214733,0.0,0.9134734272956848,0.03887920826673508,True,True,496
R4_LHS_03,control,20260813,V52_B_E2_C5_2T,total_displacement,Y,3.4847375325580336,0.06661115736885893,0.06661115736885893,0.0,0.9950574040412903,0.0,True,True,496
R4_LHS_03,control,20260813,V52_B_E2_C5_2T,incremental_velocity,Y,1.2634967181822432,0.13322231473771787,0.13322231473771787,0.0,0.9848547577857971,0.009500625543296337,True,True,496
R4_LHS_03,control,20260813,V52_B_E2_C5_2T,total_displacement,Z,4.760226104702105,0.09991673605328841,0.09991673605328841,0.0,0.9974229335784912,-0.02977992780506611,True,True,508
R4_LHS_03,control,20260813,V52_B_E2_C5_2T,incremental_velocity,Z,1.8076776761833755,0.13322231473771787,0.13322231473771787,0.0,0.9974814653396606,-0.004465957637876272,True,True,508
R4_LHS_03,control,20260813,V52_CPLUS_E2_C5_2T,total_displacement,X,2.3859281315574696,1.1990008326394608,1.1990008326394608,0.0,0.99988853931427,-0.0002840785891748965,True,True,496
R4_LHS_03,control,20260813,V52_CPLUS_E2_C5_2T,incremental_velocity,X,1.1263138148769862,0.16652789342214733,0.16652789342214733,0.0,0.8992182612419128,-0.011869397945702076,True,True,496
R4_LHS_03,control,20260813,V52_CPLUS_E2_C5_2T,total_displacement,Y,4.312037258118472,0.06661115736885893,0.06661115736885893,0.0,0.985746443271637,0.0,True,True,496
R4_LHS_03,control,20260813,V52_CPLUS_E2_C5_2T,incremental_velocity,Y,1.162451567042393,0.13322231473771787,0.13322231473771787,0.0,0.9703067541122437,-0.012159232050180435,True,True,496
R4_LHS_03,control,20260813,V52_CPLUS_E2_C5_2T,total_displacement,Z,5.461244986075548,0.09991673605328841,0.09991673605328841,0.0,0.9989082217216492,0.006670917849987745,True,True,508
R4_LHS_03,control,20260813,V52_CPLUS_E2_C5_2T,incremental_velocity,Z,1.6866710645533816,0.13322231473771787,0.13322231473771787,0.0,0.9952468872070312,-0.023385874927043915,True,True,508
R4_LHS_03,control,20260813,V52_C_E2_C5_2T,total_displacement,X,1.842563865125255,1.1990008326394608,1.1990008326394608,0.0,0.9999364018440247,-0.00031251227483153343,True,True,496
R4_LHS_03,control,20260813,V52_C_E2_C5_2T,incremental_velocity,X,1.3803478338699138,0.16652789342214733,0.16652789342214733,0.0,0.9060478210449219,-0.018340351060032845,True,True,496
R4_LHS_03,control,20260813,V52_C_E2_C5_2T,total_displacement,Y,3.9209430843285973,0.06661115736885893,0.06661115736885893,0.0,0.993787944316864,0.0,True,True,496
R4_LHS_03,control,20260813,V52_C_E2_C5_2T,incremental_velocity,Y,1.1263061739757214,0.13322231473771787,0.13322231473771787,0.0,0.9703312516212463,-0.014004155062139034,True,True,496
R4_LHS_03,control,20260813,V52_C_E2_C5_2T,total_displacement,Z,4.988362865963321,0.09991673605328841,0.09991673605328841,0.0,0.9987979531288147,0.008828632533550262,True,True,508
R4_LHS_03,control,20260813,V52_C_E2_C5_2T,incremental_velocity,Z,1.7362215352242194,0.13322231473771787,0.13322231473771787,0.0,0.9954403042793274,-0.029658254235982895,True,True,508
R4_LHS_03,control,20260813,V40_A_E3_C6_1T,total_displacement,X,2.3378700156120216,0.03330557868442947,0.03330557868442947,0.0,0.9757272005081177,0.0,True,True,496
R4_LHS_03,control,20260813,V40_A_E3_C6_1T,incremental_velocity,X,1.720652999321802,0.09991673605328841,0.09991673605328841,0.0,0.8303029537200928,0.026859188452363014,True,True,496
R4_LHS_03,control,20260813,V40_A_E3_C6_1T,total_displacement,Y,0.6510661114510766,0.06661115736885893,0.06661115736885893,0.0,0.98601233959198,0.0,True,True,496
R4_LHS_03,control,20260813,V40_A_E3_C6_1T,incremental_velocity,Y,1.8558031531151062,0.06661115736885893,0.06661115736885893,0.0,0.9241061806678772,0.0,True,True,496
R4_LHS_03,control,20260813,V40_A_E3_C6_1T,total_displacement,Z,0.5197698405834695,0.06661115736885893,0.06661115736885893,0.0,0.9927917122840881,0.0,True,True,508
R4_LHS_03,control,20260813,V40_A_E3_C6_1T,incremental_velocity,Z,2.308819405855008,0.06661115736885893,0.06661115736885893,0.0,0.9830955266952515,0.0,True,True,508
R4_LHS_03,control,20260813,V40_B_E3_C6_1T,total_displacement,X,2.2905669497755863,0.03330557868442947,0.03330557868442947,0.0,0.9583852291107178,0.0,True,True,496
R4_LHS_03,control,20260813,V40_B_E3_C6_1T,incremental_velocity,X,1.762432255177382,0.09991673605328841,0.09991673605328841,0.0,0.8514872193336487,-0.02053428255021572,True,True,496
R4_LHS_03,control,20260813,V40_B_E3_C6_1T,total_displacement,Y,0.754518957641102,0.06661115736885893,0.06661115736885893,0.0,0.9593941569328308,0.0,True,True,496
R4_LHS_03,control,20260813,V40_B_E3_C6_1T,incremental_velocity,Y,1.803953651563766,0.09991673605328841,0.09991673605328841,0.0,0.9677978157997131,-0.021209275349974632,True,True,496
R4_LHS_03,control,20260813,V40_B_E3_C6_1T,total_displacement,Z,0.5738937929668131,0.06661115736885893,0.06661115736885893,0.0,0.9639763832092285,0.0,True,True,508
R4_LHS_03,control,20260813,V40_B_E3_C6_1T,incremental_velocity,Z,2.745710005032036,0.06661115736885893,0.06661115736885893,0.0,0.990043580532074,0.0,True,True,508
R4_LHS_03,control,20260813,V40_CPLUS_E3_C6_1T,total_displacement,X,3.382319674314365,0.03330557868442947,0.03330557868442947,0.0,0.9750860929489136,0.0,True,True,496
R4_LHS_03,control,20260813,V40_CPLUS_E3_C6_1T,incremental_velocity,X,1.4395889605947332,0.09991673605328841,0.09991673605328841,0.0,0.8520558476448059,0.0389954037964344,True,True,496
R4_LHS_03,control,20260813,V40_CPLUS_E3_C6_1T,total_displacement,Y,1.2057306497667286,0.06661115736885893,0.06661115736885893,0.0,0.9853163957595825,0.0,True,True,496
R4_LHS_03,control,20260813,V40_CPLUS_E3_C6_1T,incremental_velocity,Y,1.4982314492847202,0.09991673605328841,0.09991673605328841,0.0,0.9602285623550415,0.02310056984424591,True,True,496
R4_LHS_03,control,20260813,V40_CPLUS_E3_C6_1T,total_displacement,Z,0.8918015256016477,0.06661115736885893,0.06661115736885893,0.0,0.9947121739387512,0.0,True,True,508
R4_LHS_03,control,20260813,V40_CPLUS_E3_C6_1T,incremental_velocity,Z,2.408746769235915,0.06661115736885893,0.06661115736885893,0.0,0.9912750720977783,0.0,True,True,508
R4_LHS_03,control,20260813,V40_C_E3_C6_1T,total_displacement,X,2.6426527174148946,0.03330557868442947,0.03330557868442947,0.0,0.9909681677818298,0.0,True,True,496
R4_LHS_03,control,20260813,V40_C_E3_C6_1T,incremental_velocity,X,1.4917627183430469,0.09991673605328841,0.09991673605328841,0.0,0.8630175590515137,0.008557355962693691,True,True,496
R4_LHS_03,control,20260813,V40_C_E3_C6_1T,total_displacement,Y,0.9066766997283167,0.06661115736885893,0.06661115736885893,0.0,0.9918904304504395,0.0,True,True,496
R4_LHS_03,control,20260813,V40_C_E3_C6_1T,incremental_velocity,Y,1.64820145425248,0.09991673605328841,0.09991673605328841,0.0,0.9655376672744751,0.010390504263341427,True,True,496
R4_LHS_03,control,20260813,V40_C_E3_C6_1T,total_displacement,Z,0.6602031967406125,0.06661115736885893,0.06661115736885893,0.0,0.9985418319702148,0.0,True,True,508
R4_LHS_03,control,20260813,V40_C_E3_C6_1T,incremental_velocity,Z,2.4648735030789886,0.06661115736885893,0.06661115736885893,0.0,0.9945698976516724,0.0,True,True,508
R4_LHS_03,control,20260813,V52_A_E3_C6_1T,total_displacement,X,2.002334031774303,0.03330557868442947,0.03330557868442947,0.0,0.9871450662612915,0.0,True,True,496
R4_LHS_03,control,20260813,V52_A_E3_C6_1T,incremental_velocity,X,1.9593155350176268,0.09991673605328841,0.09991673605328841,0.0,0.8989091515541077,0.005093839950859547,True,True,496
R4_LHS_03,control,20260813,V52_A_E3_C6_1T,total_displacement,Y,0.6787477208871843,0.06661115736885893,0.06661115736885893,0.0,0.9870789051055908,0.0,True,True,496
R4_LHS_03,control,20260813,V52_A_E3_C6_1T,incremental_velocity,Y,2.2504393706698393,0.09991673605328841,0.09991673605328841,0.0,0.971089243888855,0.009787162765860558,True,True,496
R4_LHS_03,control,20260813,V52_A_E3_C6_1T,total_displacement,Z,0.479279080166906,0.06661115736885893,0.06661115736885893,0.0,0.9942584037780762,0.0,True,True,508
R4_LHS_03,control,20260813,V52_A_E3_C6_1T,incremental_velocity,Z,2.6992168404653887,0.09991673605328841,0.09991673605328841,0.0,0.9962999820709229,-0.004030266311019659,True,True,508
R4_LHS_03,control,20260813,V52_B_E3_C6_1T,total_displacement,X,2.780692343066039,0.03330557868442947,0.03330557868442947,0.0,0.9814261198043823,0.0,True,True,496
R4_LHS_03,control,20260813,V52_B_E3_C6_1T,incremental_velocity,X,1.3693897050425436,0.09991673605328841,0.09991673605328841,0.0,0.900536298751831,0.007970564067363739,True,True,496
R4_LHS_03,control,20260813,V52_B_E3_C6_1T,total_displacement,Y,0.8041528659358277,0.06661115736885893,0.06661115736885893,0.0,0.9855766296386719,0.0,True,True,496
R4_LHS_03,control,20260813,V52_B_E3_C6_1T,incremental_velocity,Y,1.1597692417630336,0.09991673605328841,0.09991673605328841,0.0,0.9690160155296326,-0.03528321161866188,True,True,496
R4_LHS_03,control,20260813,V52_B_E3_C6_1T,total_displacement,Z,0.650202253174857,0.06661115736885893,0.06661115736885893,0.0,0.9929360151290894,0.0,True,True,508
R4_LHS_03,control,20260813,V52_B_E3_C6_1T,incremental_velocity,Z,1.7287917707159741,0.09991673605328841,0.09991673605328841,0.0,0.9941783547401428,-0.08413055539131165,True,True,508
R4_LHS_03,control,20260813,V52_CPLUS_E3_C6_1T,total_displacement,X,3.261232881578737,0.03330557868442947,0.03330557868442947,0.0,0.9836792349815369,0.0,True,True,496
R4_LHS_03,control,20260813,V52_CPLUS_E3_C6_1T,incremental_velocity,X,1.36262094754364,0.09991673605328841,0.13322231473771787,0.03330557868442946,0.9219411015510559,-0.0208429042249918,True,True,496
R4_LHS_03,control,20260813,V52_CPLUS_E3_C6_1T,total_displacement,Y,1.0468337085247306,0.06661115736885893,0.06661115736885893,0.0,0.9827982187271118,0.0,True,True,496
R4_LHS_03,control,20260813,V52_CPLUS_E3_C6_1T,incremental_velocity,Y,1.3221677011578161,0.13322231473771787,0.09991673605328841,0.03330557868442946,0.9854025840759277,-0.0012860649731010199,True,True,496
R4_LHS_03,control,20260813,V52_CPLUS_E3_C6_1T,total_displacement,Z,0.7204631887717059,0.06661115736885893,0.06661115736885893,0.0,0.9754243493080139,0.0,True,True,508
R4_LHS_03,control,20260813,V52_CPLUS_E3_C6_1T,incremental_velocity,Z,2.108353669172789,0.09991673605328841,0.09991673605328841,0.0,0.9952066540718079,0.001035606605000794,True,True,508
R4_LHS_03,control,20260813,V52_C_E3_C6_1T,total_displacement,X,3.038830324069335,0.03330557868442947,0.03330557868442947,0.0,0.9756932258605957,0.0,True,True,496
R4_LHS_03,control,20260813,V52_C_E3_C6_1T,incremental_velocity,X,1.5462510885204124,0.09991673605328841,0.13322231473771787,0.03330557868442946,0.9250060319900513,-0.025014886632561684,True,True,496
R4_LHS_03,control,20260813,V52_C_E3_C6_1T,total_displacement,Y,0.8919743593642169,0.06661115736885893,0.06661115736885893,0.0,0.9805864095687866,0.0,True,True,496
R4_LHS_03,control,20260813,V52_C_E3_C6_1T,incremental_velocity,Y,1.5482111164758339,0.09991673605328841,0.09991673605328841,0.0,0.9868303537368774,-0.003587896004319191,True,True,496
R4_LHS_03,control,20260813,V52_C_E3_C6_1T,total_displacement,Z,0.6077860656586804,0.06661115736885893,0.06661115736885893,0.0,0.9773979783058167,0.0,True,True,508
R4_LHS_03,control,20260813,V52_C_E3_C6_1T,incremental_velocity,Z,2.2639230821712,0.09991673605328841,0.09991673605328841,0.0,0.9963913559913635,0.004269037861377001,True,True,508
R4_LHS_03,control,20260813,V40_A_E4_C7_1T,total_displacement,X,1.6235595565276322,1.1990008326394608,1.1990008326394608,0.0,0.9999537467956543,-0.0004192896594759077,True,True,496
R4_LHS_03,control,20260813,V40_A_E4_C7_1T,incremental_velocity,X,2.689810868704711,0.09991673605328841,0.09991673605328841,0.0,0.8461531400680542,-0.0018207705579698086,True,True,496
R4_LHS_03,control,20260813,V40_A_E4_C7_1T,total_displacement,Y,0.725937132921443,0.06661115736885893,0.06661115736885893,0.0,0.9627777338027954,0.0,True,True,496
R4_LHS_03,control,20260813,V40_A_E4_C7_1T,incremental_velocity,Y,1.6218142017428903,0.06661115736885893,0.06661115736885893,0.0,0.9528799653053284,0.0,True,True,496
R4_LHS_03,control,20260813,V40_A_E4_C7_1T,total_displacement,Z,0.5385530229636535,0.06661115736885893,0.06661115736885893,0.0,0.9588221311569214,0.0,True,True,508
R4_LHS_03,control,20260813,V40_A_E4_C7_1T,incremental_velocity,Z,2.6153411083021143,0.06661115736885893,0.06661115736885893,0.0,0.9938003420829773,0.0,True,True,508
R4_LHS_03,control,20260813,V40_B_E4_C7_1T,total_displacement,X,1.4304195798368975,1.1990008326394608,1.1990008326394608,0.0,0.9999200105667114,-0.0003323000855743885,True,True,496
R4_LHS_03,control,20260813,V40_B_E4_C7_1T,incremental_velocity,X,2.614088086240659,1.9650291423813386,0.09991673605328841,1.8651124063280502,0.5811814069747925,1.0816231966018677,True,True,496
R4_LHS_03,control,20260813,V40_B_E4_C7_1T,total_displacement,Y,0.8895493770734523,0.06661115736885893,0.06661115736885893,0.0,0.9876150488853455,0.0,True,True,496
R4_LHS_03,control,20260813,V40_B_E4_C7_1T,incremental_velocity,Y,1.3013919983623499,0.09991673605328841,0.09991673605328841,0.0,0.9719135761260986,-0.010369613766670227,True,True,496
R4_LHS_03,control,20260813,V40_B_E4_C7_1T,total_displacement,Z,0.6490727361328545,0.06661115736885893,0.06661115736885893,0.0,0.9953605532646179,0.0,True,True,508
R4_LHS_03,control,20260813,V40_B_E4_C7_1T,incremental_velocity,Z,2.3836430527599055,0.06661115736885893,0.06661115736885893,0.0,0.9925365447998047,0.0,True,True,508
R4_LHS_03,control,20260813,V40_CPLUS_E4_C7_1T,total_displacement,X,1.8265528283995283,1.1990008326394608,1.1990008326394608,0.0,0.9998427629470825,0.00025897729210555553,True,True,496
R4_LHS_03,control,20260813,V40_CPLUS_E4_C7_1T,incremental_velocity,X,1.8713524477168009,0.09991673605328841,0.09991673605328841,0.0,0.8685534596443176,0.012561003677546978,True,True,496
R4_LHS_03,control,20260813,V40_CPLUS_E4_C7_1T,total_displacement,Y,1.1682711078604926,0.06661115736885893,0.06661115736885893,0.0,0.9884597063064575,0.0,True,True,496
R4_LHS_03,control,20260813,V40_CPLUS_E4_C7_1T,incremental_velocity,Y,1.1230024531583387,0.09991673605328841,0.09991673605328841,0.0,0.9648950695991516,0.010962920263409615,True,True,496
R4_LHS_03,control,20260813,V40_CPLUS_E4_C7_1T,total_displacement,Z,1.0288798152344047,0.06661115736885893,0.06661115736885893,0.0,0.9977536201477051,0.0,True,True,508
R4_LHS_03,control,20260813,V40_CPLUS_E4_C7_1T,incremental_velocity,Z,2.1572105720584385,0.06661115736885893,0.06661115736885893,0.0,0.9948985576629639,0.0,True,True,508
R4_LHS_03,control,20260813,V40_C_E4_C7_1T,total_displacement,X,1.6439137896811693,1.1990008326394608,1.1990008326394608,0.0,0.9999052286148071,-3.304727579234168e-05,True,True,496
R4_LHS_03,control,20260813,V40_C_E4_C7_1T,incremental_velocity,X,2.0535427253982994,0.09991673605328841,0.09991673605328841,0.0,0.8510612845420837,0.027403494343161583,True,True,496
R4_LHS_03,control,20260813,V40_C_E4_C7_1T,total_displacement,Y,0.91769329521973,0.06661115736885893,0.06661115736885893,0.0,0.9878019690513611,0.0,True,True,496
R4_LHS_03,control,20260813,V40_C_E4_C7_1T,incremental_velocity,Y,1.297081051824771,0.09991673605328841,0.09991673605328841,0.0,0.9611459374427795,0.0021433522924780846,True,True,496
R4_LHS_03,control,20260813,V40_C_E4_C7_1T,total_displacement,Z,0.7496485669442614,0.06661115736885893,0.06661115736885893,0.0,0.9928918480873108,0.0,True,True,508
R4_LHS_03,control,20260813,V40_C_E4_C7_1T,incremental_velocity,Z,2.0990062542194967,0.06661115736885893,0.06661115736885893,0.0,0.9876825213432312,0.0,True,True,508
R4_LHS_03,control,20260813,V52_A_E4_C7_1T,total_displacement,X,1.398487958450834,1.1990008326394608,1.1990008326394608,0.0,0.9999709725379944,-0.00023898888321127743,True,True,496
R4_LHS_03,control,20260813,V52_A_E4_C7_1T,incremental_velocity,X,2.0369053439181846,1.998334721065768,0.09991673605328841,1.8984179850124796,0.6453201770782471,0.4735988974571228,True,True,496
R4_LHS_03,control,20260813,V52_A_E4_C7_1T,total_displacement,Y,0.9205890182517806,0.06661115736885893,0.06661115736885893,0.0,0.9850574135780334,0.0,True,True,496
R4_LHS_03,control,20260813,V52_A_E4_C7_1T,incremental_velocity,Y,1.2566299805527954,0.09991673605328841,0.09991673605328841,0.0,0.9646479487419128,-0.012030689045786858,True,True,496
R4_LHS_03,control,20260813,V52_A_E4_C7_1T,total_displacement,Z,0.7333399355542999,0.06661115736885893,0.06661115736885893,0.0,0.9916946291923523,0.0,True,True,508
R4_LHS_03,control,20260813,V52_A_E4_C7_1T,incremental_velocity,Z,1.9212346755916914,0.09991673605328841,0.09991673605328841,0.0,0.9920302629470825,-0.08076948672533035,True,True,508
R4_LHS_03,control,20260813,V52_B_E4_C7_1T,total_displacement,X,1.5189353058898183,1.1990008326394608,1.1990008326394608,0.0,0.9999634623527527,-0.00022327309125103056,True,True,496
R4_LHS_03,control,20260813,V52_B_E4_C7_1T,incremental_velocity,X,2.2372064355641226,1.9650291423813386,0.09991673605328841,1.8651124063280502,0.6040728092193604,0.4660409092903137,True,True,496
R4_LHS_03,control,20260813,V52_B_E4_C7_1T,total_displacement,Y,0.9011198254712157,0.06661115736885893,0.06661115736885893,0.0,0.988031268119812,0.0,True,True,496
R4_LHS_03,control,20260813,V52_B_E4_C7_1T,incremental_velocity,Y,1.2602734761076706,0.09991673605328841,0.09991673605328841,0.0,0.9668891429901123,-0.006443597376346588,True,True,496
R4_LHS_03,control,20260813,V52_B_E4_C7_1T,total_displacement,Z,0.6858987836876127,0.06661115736885893,0.06661115736885893,0.0,0.9954404830932617,0.0,True,True,508
R4_LHS_03,control,20260813,V52_B_E4_C7_1T,incremental_velocity,Z,2.1859247164156606,0.09991673605328841,0.09991673605328841,0.0,0.9946230053901672,-0.01538514532148838,True,True,508
R4_LHS_03,control,20260813,V52_CPLUS_E4_C7_1T,total_displacement,X,1.7365962542988649,1.1990008326394608,1.1990008326394608,0.0,0.9999173879623413,-0.00017224236216861755,True,True,496
R4_LHS_03,control,20260813,V52_CPLUS_E4_C7_1T,incremental_velocity,X,1.4415450640106013,0.09991673605328841,0.13322231473771787,0.03330557868442946,0.9036877751350403,-0.03574836999177933,True,True,496
R4_LHS_03,control,20260813,V52_CPLUS_E4_C7_1T,total_displacement,Y,1.2392641461285017,0.06661115736885893,0.06661115736885893,0.0,0.9762275218963623,0.0,True,True,496
R4_LHS_03,control,20260813,V52_CPLUS_E4_C7_1T,incremental_velocity,Y,1.1382905236327534,0.13322231473771787,0.13322231473771787,0.0,0.9753965735435486,-0.04841633141040802,True,True,496
R4_LHS_03,control,20260813,V52_CPLUS_E4_C7_1T,total_displacement,Z,1.0211619256004758,0.06661115736885893,0.06661115736885893,0.0,0.9722236394882202,0.0,True,True,508
R4_LHS_03,control,20260813,V52_CPLUS_E4_C7_1T,incremental_velocity,Z,1.8589073938329972,0.09991673605328841,0.09991673605328841,0.0,0.9876081347465515,-0.09796509891748428,True,True,508
R4_LHS_03,control,20260813,V52_C_E4_C7_1T,total_displacement,X,1.7296823230246043,1.1990008326394608,1.1990008326394608,0.0,0.999950647354126,-0.00016714271623641253,True,True,496
R4_LHS_03,control,20260813,V52_C_E4_C7_1T,incremental_velocity,X,1.7088787228741975,1.998334721065768,0.09991673605328841,1.8984179850124796,0.4396025538444519,-0.3590075969696045,True,True,496
R4_LHS_03,control,20260813,V52_C_E4_C7_1T,total_displacement,Y,1.0471169414106234,0.06661115736885893,0.06661115736885893,0.0,0.9889659285545349,0.0,True,True,496
R4_LHS_03,control,20260813,V52_C_E4_C7_1T,incremental_velocity,Y,1.2164171457915645,0.09991673605328841,0.09991673605328841,0.0,0.9660860300064087,-0.008410983718931675,True,True,496
R4_LHS_03,control,20260813,V52_C_E4_C7_1T,total_displacement,Z,0.7727425192082962,0.06661115736885893,0.06661115736885893,0.0,0.9959028959274292,0.0,True,True,508
R4_LHS_03,control,20260813,V52_C_E4_C7_1T,incremental_velocity,Z,2.1911064882537503,0.09991673605328841,0.09991673605328841,0.0,0.9939557313919067,-0.022527972236275673,True,True,508
R4_LHS_03,control,20260813,V40_A_E5_C9_1T,total_displacement,X,1.52868081496679,1.1990008326394608,1.1990008326394608,0.0,0.9999487400054932,-0.00014688751252833754,True,True,496
R4_LHS_03,control,20260813,V40_A_E5_C9_1T,incremental_velocity,X,2.3488734724875413,1.931723563696909,0.09991673605328841,1.8318068276436206,0.6777368187904358,-0.3248436748981476,True,True,496
R4_LHS_03,control,20260813,V40_A_E5_C9_1T,total_displacement,Y,0.8099717864180067,0.06661115736885893,0.06661115736885893,0.0,0.9169291853904724,0.0,True,True,496
R4_LHS_03,control,20260813,V40_A_E5_C9_1T,incremental_velocity,Y,1.372214625994827,0.06661115736885893,0.06661115736885893,0.0,0.9429184198379517,0.0,True,True,496
R4_LHS_03,control,20260813,V40_A_E5_C9_1T,total_displacement,Z,0.6059019323715388,0.06661115736885893,0.06661115736885893,0.0,0.8831661343574524,0.0,True,True,508
R4_LHS_03,control,20260813,V40_A_E5_C9_1T,incremental_velocity,Z,2.544786458674651,0.06661115736885893,0.06661115736885893,0.0,0.9903867244720459,0.0,True,True,508
R4_LHS_03,control,20260813,V40_B_E5_C9_1T,total_displacement,X,1.6310437655081946,1.1990008326394608,1.1990008326394608,0.0,0.9999274015426636,-1.734875149850268e-05,True,True,496
R4_LHS_03,control,20260813,V40_B_E5_C9_1T,incremental_velocity,X,2.2402677134035796,1.931723563696909,0.09991673605328841,1.8318068276436206,0.6245325207710266,-0.14772769808769226,True,True,496
R4_LHS_03,control,20260813,V40_B_E5_C9_1T,total_displacement,Y,0.8359288651465462,0.06661115736885893,0.06661115736885893,0.0,0.9471642374992371,0.0,True,True,496
R4_LHS_03,control,20260813,V40_B_E5_C9_1T,incremental_velocity,Y,1.2847900696021475,0.09991673605328841,0.06661115736885893,0.033305578684429474,0.9706282019615173,0.028439363464713097,True,True,496
R4_LHS_03,control,20260813,V40_B_E5_C9_1T,total_displacement,Z,0.6239805301487237,0.06661115736885893,0.06661115736885893,0.0,0.9197225570678711,0.0,True,True,508
R4_LHS_03,control,20260813,V40_B_E5_C9_1T,incremental_velocity,Z,2.546827374339363,0.06661115736885893,0.06661115736885893,0.0,0.9911345839500427,0.0,True,True,508
R4_LHS_03,control,20260813,V40_CPLUS_E5_C9_1T,total_displacement,X,2.062938397460717,1.1990008326394608,1.1990008326394608,0.0,0.9998120069503784,-2.0421215594979003e-05,True,True,496
R4_LHS_03,control,20260813,V40_CPLUS_E5_C9_1T,incremental_velocity,X,1.641941969141159,0.09991673605328841,0.09991673605328841,0.0,0.8667091131210327,0.01546718180179596,True,True,496
R4_LHS_03,control,20260813,V40_CPLUS_E5_C9_1T,total_displacement,Y,1.400637180168305,0.06661115736885893,0.06661115736885893,0.0,0.9749694466590881,0.0,True,True,496
R4_LHS_03,control,20260813,V40_CPLUS_E5_C9_1T,incremental_velocity,Y,1.3003879386014239,0.09991673605328841,0.09991673605328841,0.0,0.9672868847846985,-0.018655655905604362,True,True,496
R4_LHS_03,control,20260813,V40_CPLUS_E5_C9_1T,total_displacement,Z,0.9923418025845421,0.06661115736885893,0.06661115736885893,0.0,0.9897041916847229,0.0,True,True,508
R4_LHS_03,control,20260813,V40_CPLUS_E5_C9_1T,incremental_velocity,Z,2.362369428322687,0.06661115736885893,0.06661115736885893,0.0,0.988067090511322,0.0,True,True,508
R4_LHS_03,control,20260813,V40_C_E5_C9_1T,total_displacement,X,1.9591081319761623,1.1990008326394608,1.1990008326394608,0.0,0.9999037981033325,0.0002479666727595031,True,True,496
R4_LHS_03,control,20260813,V40_C_E5_C9_1T,incremental_velocity,X,1.688376409553004,0.09991673605328841,0.09991673605328841,0.0,0.8449786901473999,0.03541210666298866,True,True,496
R4_LHS_03,control,20260813,V40_C_E5_C9_1T,total_displacement,Y,1.0127134453535198,0.06661115736885893,0.06661115736885893,0.0,0.9906954169273376,0.0,True,True,496
R4_LHS_03,control,20260813,V40_C_E5_C9_1T,incremental_velocity,Y,1.2052908305999745,0.09991673605328841,0.09991673605328841,0.0,0.9620327949523926,-0.009516434744000435,True,True,496
R4_LHS_03,control,20260813,V40_C_E5_C9_1T,total_displacement,Z,0.8617607779537512,0.06661115736885893,0.06661115736885893,0.0,0.9939238429069519,0.0,True,True,508
R4_LHS_03,control,20260813,V40_C_E5_C9_1T,incremental_velocity,Z,2.200925504483115,0.06661115736885893,0.06661115736885893,0.0,0.9879197478294373,0.0,True,True,508
R4_LHS_03,control,20260813,V52_A_E5_C9_1T,total_displacement,X,1.4351110733024504,1.1990008326394608,1.1990008326394608,0.0,0.9999656677246094,-0.00030963102472014725,True,True,496
R4_LHS_03,control,20260813,V52_A_E5_C9_1T,incremental_velocity,X,2.057503708097219,0.09991673605328841,0.09991673605328841,0.0,0.8505278825759888,0.014497650787234306,True,True,496
R4_LHS_03,control,20260813,V52_A_E5_C9_1T,total_displacement,Y,0.9728464925656217,0.06661115736885893,0.06661115736885893,0.0,0.9872040152549744,0.0,True,True,496
R4_LHS_03,control,20260813,V52_A_E5_C9_1T,incremental_velocity,Y,1.2227954023928953,0.09991673605328841,0.09991673605328841,0.0,0.9642861485481262,-0.016487032175064087,True,True,496
R4_LHS_03,control,20260813,V52_A_E5_C9_1T,total_displacement,Z,0.7494408922907975,0.06661115736885893,0.06661115736885893,0.0,0.9956638813018799,0.0,True,True,508
R4_LHS_03,control,20260813,V52_A_E5_C9_1T,incremental_velocity,Z,1.995408352964739,0.09991673605328841,0.09991673605328841,0.0,0.9924784898757935,-0.07097840309143066,True,True,508
R4_LHS_03,control,20260813,V52_B_E5_C9_1T,total_displacement,X,1.4216255155722652,1.1990008326394608,1.1990008326394608,0.0,0.9999686479568481,-0.00014277806621976197,True,True,496
R4_LHS_03,control,20260813,V52_B_E5_C9_1T,incremental_velocity,X,1.800212933533518,0.09991673605328841,0.09991673605328841,0.0,0.9361579418182373,0.004826052580028772,True,True,496
R4_LHS_03,control,20260813,V52_B_E5_C9_1T,total_displacement,Y,0.9541693487877924,0.06661115736885893,0.06661115736885893,0.0,0.9927375316619873,0.0,True,True,496
R4_LHS_03,control,20260813,V52_B_E5_C9_1T,incremental_velocity,Y,1.048042033613178,0.09991673605328841,0.09991673605328841,0.0,0.9639335870742798,0.005938056390732527,True,True,496
R4_LHS_03,control,20260813,V52_B_E5_C9_1T,total_displacement,Z,0.7029568406366109,0.06661115736885893,0.06661115736885893,0.0,0.9971243739128113,0.0,True,True,508
R4_LHS_03,control,20260813,V52_B_E5_C9_1T,incremental_velocity,Z,1.675376453295562,0.09991673605328841,0.09991673605328841,0.0,0.9967920780181885,-0.013704471290111542,True,True,508
R4_LHS_03,control,20260813,V52_CPLUS_E5_C9_1T,total_displacement,X,2.02873736414076,1.1990008326394608,1.1990008326394608,0.0,0.9999172687530518,-4.5880588004365563e-05,True,True,496
R4_LHS_03,control,20260813,V52_CPLUS_E5_C9_1T,incremental_velocity,X,1.6083986347888468,0.09991673605328841,0.09991673605328841,0.0,0.8682069182395935,0.012767430394887924,True,True,496
R4_LHS_03,control,20260813,V52_CPLUS_E5_C9_1T,total_displacement,Y,1.3842660622664225,0.06661115736885893,0.06661115736885893,0.0,0.9911454916000366,0.0,True,True,496
R4_LHS_03,control,20260813,V52_CPLUS_E5_C9_1T,incremental_velocity,Y,1.0775187211530108,0.13322231473771787,0.13322231473771787,0.0,0.9702361226081848,-0.002464929362758994,True,True,496
R4_LHS_03,control,20260813,V52_CPLUS_E5_C9_1T,total_displacement,Z,0.9233521341500153,0.06661115736885893,0.06661115736885893,0.0,0.9966000318527222,0.0,True,True,508
R4_LHS_03,control,20260813,V52_CPLUS_E5_C9_1T,incremental_velocity,Z,1.7841730477921394,0.09991673605328841,0.09991673605328841,0.0,0.9901193976402283,-0.017395000904798508,True,True,508
R4_LHS_03,control,20260813,V52_C_E5_C9_1T,total_displacement,X,1.7097682400115222,1.1990008326394608,1.1990008326394608,0.0,0.9999515414237976,-9.204560228681657e-06,True,True,496
R4_LHS_03,control,20260813,V52_C_E5_C9_1T,incremental_velocity,X,1.6664365584788636,0.09991673605328841,0.13322231473771787,0.03330557868442946,0.9112211465835571,-0.023539993911981583,True,True,496
R4_LHS_03,control,20260813,V52_C_E5_C9_1T,total_displacement,Y,1.0664189976993266,0.06661115736885893,0.06661115736885893,0.0,0.9796271920204163,0.0,True,True,496
R4_LHS_03,control,20260813,V52_C_E5_C9_1T,incremental_velocity,Y,1.0768791099556043,0.09991673605328841,0.13322231473771787,0.03330557868442946,0.974211573600769,-0.04378591850399971,True,True,496
R4_LHS_03,control,20260813,V52_C_E5_C9_1T,total_displacement,Z,0.888954785716017,0.06661115736885893,0.06661115736885893,0.0,0.9843311309814453,0.0,True,True,508
R4_LHS_03,control,20260813,V52_C_E5_C9_1T,incremental_velocity,Z,1.9343467714756495,0.09991673605328841,0.09991673605328841,0.0,0.9903026223182678,-0.06928641349077225,True,True,508
R4_LHS_03,control,20260813,V40_A_E6_C10_1T,total_displacement,X,1.8144851225016219,0.03330557868442947,0.03330557868442947,0.0,0.9585380554199219,0.0,True,True,496
R4_LHS_03,control,20260813,V40_A_E6_C10_1T,incremental_velocity,X,2.131214011925006,0.09991673605328841,0.09991673605328841,0.0,0.823941707611084,-0.006193876266479492,True,True,496
R4_LHS_03,control,20260813,V40_A_E6_C10_1T,total_displacement,Y,0.6314964507812848,0.06661115736885893,0.06661115736885893,0.0,0.9765820503234863,0.0,True,True,496
R4_LHS_03,control,20260813,V40_A_E6_C10_1T,incremental_velocity,Y,2.0310041575793583,0.06661115736885893,0.09991673605328841,0.033305578684429474,0.9381267428398132,0.0,True,True,496
R4_LHS_03,control,20260813,V40_A_E6_C10_1T,total_displacement,Z,0.4668900978623888,0.06661115736885893,0.06661115736885893,0.0,0.9941727519035339,0.0,True,True,508
R4_LHS_03,control,20260813,V40_A_E6_C10_1T,incremental_velocity,Z,3.036769440776551,0.06661115736885893,0.06661115736885893,0.0,0.9914271235466003,0.0,True,True,508
R4_LHS_03,control,20260813,V40_B_E6_C10_1T,total_displacement,X,2.2544954234973136,0.03330557868442947,0.03330557868442947,0.0,0.986388623714447,0.0,True,True,496
R4_LHS_03,control,20260813,V40_B_E6_C10_1T,incremental_velocity,X,1.6441294691305721,0.09991673605328841,0.09991673605328841,0.0,0.8543451428413391,-0.002511912025511265,True,True,496
R4_LHS_03,control,20260813,V40_B_E6_C10_1T,total_displacement,Y,0.7722608589378176,0.06661115736885893,0.06661115736885893,0.0,0.991692066192627,0.0,True,True,496
R4_LHS_03,control,20260813,V40_B_E6_C10_1T,incremental_velocity,Y,1.6638795131693904,0.09991673605328841,0.09991673605328841,0.0,0.9645593166351318,0.002452671527862549,True,True,496
R4_LHS_03,control,20260813,V40_B_E6_C10_1T,total_displacement,Z,0.5551636838165656,0.06661115736885893,0.06661115736885893,0.0,0.9953592419624329,0.0,True,True,508
R4_LHS_03,control,20260813,V40_B_E6_C10_1T,incremental_velocity,Z,2.1573131109756294,0.06661115736885893,0.06661115736885893,0.0,0.9913960099220276,0.0,True,True,508
R4_LHS_03,control,20260813,V40_CPLUS_E6_C10_1T,total_displacement,X,3.3893548856417053,0.03330557868442947,0.03330557868442947,0.0,0.9693254232406616,0.0,True,True,496
R4_LHS_03,control,20260813,V40_CPLUS_E6_C10_1T,incremental_velocity,X,1.687429224956796,0.09991673605328841,0.09991673605328841,0.0,0.8548452258110046,0.04173089563846588,True,True,496
R4_LHS_03,control,20260813,V40_CPLUS_E6_C10_1T,total_displacement,Y,1.1647333038697418,0.06661115736885893,0.06661115736885893,0.0,0.9798248410224915,0.0,True,True,496
R4_LHS_03,control,20260813,V40_CPLUS_E6_C10_1T,incremental_velocity,Y,1.8513698606479774,0.09991673605328841,0.09991673605328841,0.0,0.9594844579696655,0.014967095106840134,True,True,496
R4_LHS_03,control,20260813,V40_CPLUS_E6_C10_1T,total_displacement,Z,0.8941032851507222,0.06661115736885893,0.06661115736885893,0.0,0.9926396012306213,0.0,True,True,508
R4_LHS_03,control,20260813,V40_CPLUS_E6_C10_1T,incremental_velocity,Z,2.564537694239748,0.06661115736885893,0.06661115736885893,0.0,0.9910092949867249,0.0,True,True,508
R4_LHS_03,control,20260813,V40_C_E6_C10_1T,total_displacement,X,3.0529859339022285,0.03330557868442947,0.03330557868442947,0.0,0.9698383212089539,0.0,True,True,496
R4_LHS_03,control,20260813,V40_C_E6_C10_1T,incremental_velocity,X,1.7990139975981965,0.09991673605328841,0.06661115736885893,0.033305578684429474,0.8648902773857117,0.04047175869345665,True,True,496
R4_LHS_03,control,20260813,V40_C_E6_C10_1T,total_displacement,Y,0.8949932962950391,0.06661115736885893,0.06661115736885893,0.0,0.9835636019706726,0.0,True,True,496
R4_LHS_03,control,20260813,V40_C_E6_C10_1T,incremental_velocity,Y,1.9685755174541242,0.09991673605328841,0.09991673605328841,0.0,0.9617663025856018,0.00292070466093719,True,True,496
R4_LHS_03,control,20260813,V40_C_E6_C10_1T,total_displacement,Z,0.7236165226660376,0.06661115736885893,0.06661115736885893,0.0,0.9929358959197998,0.0,True,True,508
R4_LHS_03,control,20260813,V40_C_E6_C10_1T,incremental_velocity,Z,2.540355147046856,0.06661115736885893,0.06661115736885893,0.0,0.9899042248725891,0.0,True,True,508
R4_LHS_03,control,20260813,V52_A_E6_C10_1T,total_displacement,X,2.1477836298896094,0.03330557868442947,0.03330557868442947,0.0,0.987282931804657,0.0,True,True,496
R4_LHS_03,control,20260813,V52_A_E6_C10_1T,incremental_velocity,X,2.037017756096595,0.09991673605328841,0.13322231473771787,0.03330557868442946,0.9221026301383972,-0.021974962204694748,True,True,496
R4_LHS_03,control,20260813,V52_A_E6_C10_1T,total_displacement,Y,0.6715647370475034,0.06661115736885893,0.06661115736885893,0.0,0.992182195186615,0.0,True,True,496
R4_LHS_03,control,20260813,V52_A_E6_C10_1T,incremental_velocity,Y,1.8017993470099505,0.09991673605328841,0.09991673605328841,0.0,0.9830285906791687,0.00369148887693882,True,True,496
R4_LHS_03,control,20260813,V52_A_E6_C10_1T,total_displacement,Z,0.4811844685419739,0.06661115736885893,0.06661115736885893,0.0,0.9930557012557983,0.0,True,True,508
R4_LHS_03,control,20260813,V52_A_E6_C10_1T,incremental_velocity,Z,2.8366975411464024,0.09991673605328841,0.09991673605328841,0.0,0.9963258504867554,-0.002663868945091963,True,True,508
R4_LHS_03,control,20260813,V52_B_E6_C10_1T,total_displacement,X,2.873950818705392,0.03330557868442947,0.03330557868442947,0.0,0.9804643392562866,0.0,True,True,496
R4_LHS_03,control,20260813,V52_B_E6_C10_1T,incremental_velocity,X,1.4147279405340691,0.09991673605328841,0.09991673605328841,0.0,0.8934635519981384,0.006866535171866417,True,True,496
R4_LHS_03,control,20260813,V52_B_E6_C10_1T,total_displacement,Y,0.7990482247790631,0.06661115736885893,0.06661115736885893,0.0,0.9836437106132507,0.0,True,True,496
R4_LHS_03,control,20260813,V52_B_E6_C10_1T,incremental_velocity,Y,1.3024366656263313,0.09991673605328841,0.09991673605328841,0.0,0.9707753658294678,-0.04376357048749924,True,True,496
R4_LHS_03,control,20260813,V52_B_E6_C10_1T,total_displacement,Z,0.6402696894685116,0.06661115736885893,0.06661115736885893,0.0,0.9912546277046204,0.0,True,True,508
R4_LHS_03,control,20260813,V52_B_E6_C10_1T,incremental_velocity,Z,1.9344658832772366,0.09991673605328841,0.09991673605328841,0.0,0.9932372570037842,-0.0903557538986206,True,True,508
R4_LHS_03,control,20260813,V52_CPLUS_E6_C10_1T,total_displacement,X,3.199841046764746,0.03330557868442947,0.03330557868442947,0.0,0.9860596656799316,0.0,True,True,496
R4_LHS_03,control,20260813,V52_CPLUS_E6_C10_1T,incremental_velocity,X,1.3652965405641628,0.09991673605328841,0.13322231473771787,0.03330557868442946,0.8889734745025635,-0.044395722448825836,True,True,496
R4_LHS_03,control,20260813,V52_CPLUS_E6_C10_1T,total_displacement,Y,1.124962321955427,0.06661115736885893,0.06661115736885893,0.0,0.9736533761024475,0.0,True,True,496
R4_LHS_03,control,20260813,V52_CPLUS_E6_C10_1T,incremental_velocity,Y,1.2920436740477441,0.13322231473771787,0.13322231473771787,0.0,0.9726980924606323,-0.05528392642736435,True,True,496
R4_LHS_03,control,20260813,V52_CPLUS_E6_C10_1T,total_displacement,Z,0.847433892964059,0.06661115736885893,0.06661115736885893,0.0,0.967915415763855,0.0,True,True,508
R4_LHS_03,control,20260813,V52_CPLUS_E6_C10_1T,incremental_velocity,Z,2.073308974290768,0.09991673605328841,0.09991673605328841,0.0,0.9894736409187317,-0.11006021499633789,True,True,508
R4_LHS_03,control,20260813,V52_C_E6_C10_1T,total_displacement,X,2.8431061253990917,0.03330557868442947,0.03330557868442947,0.0,0.9968859553337097,0.0,True,True,496
R4_LHS_03,control,20260813,V52_C_E6_C10_1T,incremental_velocity,X,1.2969164058619413,0.09991673605328841,0.09991673605328841,0.0,0.9390614628791809,-0.005170712247490883,True,True,496
R4_LHS_03,control,20260813,V52_C_E6_C10_1T,total_displacement,Y,0.9846920177709962,0.06661115736885893,0.06661115736885893,0.0,0.99448561668396,0.0,True,True,496
R4_LHS_03,control,20260813,V52_C_E6_C10_1T,incremental_velocity,Y,1.2064040281959414,0.09991673605328841,0.09991673605328841,0.0,0.9589444398880005,0.0055414848029613495,True,True,496
R4_LHS_03,control,20260813,V52_C_E6_C10_1T,total_displacement,Z,0.679184856595856,0.06661115736885893,0.06661115736885893,0.0,0.9981067776679993,0.0,True,True,508
R4_LHS_03,control,20260813,V52_C_E6_C10_1T,incremental_velocity,Z,2.0255903964003807,0.09991673605328841,0.09991673605328841,0.0,0.9964684844017029,-0.008202934637665749,True,True,508
R4_LHS_03,control,20260813,V40_A_E7_C11_2T,total_displacement,X,1.4482659401644953,1.1990008326394608,1.1990008326394608,0.0,0.9999486804008484,0.00015363184502348304,True,True,496
R4_LHS_03,control,20260813,V40_A_E7_C11_2T,incremental_velocity,X,1.464319200020749,1.9650291423813386,0.13322231473771787,1.8318068276436208,0.5707728862762451,0.4818390905857086,True,True,496
R4_LHS_03,control,20260813,V40_A_E7_C11_2T,total_displacement,Y,3.606845515761019,0.06661115736885893,0.06661115736885893,0.0,0.9919742941856384,0.0,True,True,496
R4_LHS_03,control,20260813,V40_A_E7_C11_2T,incremental_velocity,Y,1.6302288805075404,0.09991673605328841,0.09991673605328841,0.0,0.9754840731620789,0.014596079476177692,True,True,496
R4_LHS_03,control,20260813,V40_A_E7_C11_2T,total_displacement,Z,4.669037086569148,0.06661115736885893,0.06661115736885893,0.0,0.9965108633041382,0.0,True,True,508
R4_LHS_03,control,20260813,V40_A_E7_C11_2T,incremental_velocity,Z,2.431285323243626,0.09991673605328841,0.09991673605328841,0.0,0.9953926205635071,0.0012878269189968705,True,True,508
R4_LHS_03,control,20260813,V40_B_E7_C11_2T,total_displacement,X,1.6718614853627374,1.1990008326394608,1.1990008326394608,0.0,0.9999257326126099,0.00036487498437054455,True,True,496
R4_LHS_03,control,20260813,V40_B_E7_C11_2T,incremental_velocity,X,1.87641886908445,4.629475437135696,0.13322231473771787,4.496253122397978,0.7200571894645691,0.5018072724342346,True,True,496
R4_LHS_03,control,20260813,V40_B_E7_C11_2T,total_displacement,Y,3.7958768863413477,0.06661115736885893,0.06661115736885893,0.0,0.9917831420898438,0.0,True,True,496
R4_LHS_03,control,20260813,V40_B_E7_C11_2T,incremental_velocity,Y,1.5336296286590358,0.09991673605328841,0.09991673605328841,0.0,0.963429868221283,-0.012271693907678127,True,True,496
R4_LHS_03,control,20260813,V40_B_E7_C11_2T,total_displacement,Z,4.857737611471821,0.06661115736885893,0.06661115736885893,0.0,0.9988248348236084,0.0,True,True,508
R4_LHS_03,control,20260813,V40_B_E7_C11_2T,incremental_velocity,Z,2.3999868905630635,0.09991673605328841,0.09991673605328841,0.0,0.9936562776565552,-0.020800231024622917,True,True,508
R4_LHS_03,control,20260813,V40_CPLUS_E7_C11_2T,total_displacement,X,2.1013278391436274,1.1990008326394608,1.1990008326394608,0.0,0.9998276233673096,-0.00022140836517792195,True,True,496
R4_LHS_03,control,20260813,V40_CPLUS_E7_C11_2T,incremental_velocity,X,1.2410156117194755,0.13322231473771787,0.13322231473771787,0.0,0.9096247553825378,-0.02059236168861389,True,True,496
R4_LHS_03,control,20260813,V40_CPLUS_E7_C11_2T,total_displacement,Y,4.576670253337222,0.06661115736885893,0.06661115736885893,0.0,0.9874074459075928,0.0,True,True,496
R4_LHS_03,control,20260813,V40_CPLUS_E7_C11_2T,incremental_velocity,Y,1.435838628936587,0.09991673605328841,0.09991673605328841,0.0,0.9802665114402771,-0.019775792956352234,True,True,496
R4_LHS_03,control,20260813,V40_CPLUS_E7_C11_2T,total_displacement,Z,5.755916044853061,0.06661115736885893,0.06661115736885893,0.0,0.9969167113304138,0.0,True,True,508
R4_LHS_03,control,20260813,V40_CPLUS_E7_C11_2T,incremental_velocity,Z,2.1406888702859885,0.09991673605328841,0.09991673605328841,0.0,0.995703399181366,-0.013818512670695782,True,True,508
R4_LHS_03,control,20260813,V40_C_E7_C11_2T,total_displacement,X,1.6921658991532886,1.1990008326394608,1.1990008326394608,0.0,0.9998989105224609,-9.797494567465037e-05,True,True,496
R4_LHS_03,control,20260813,V40_C_E7_C11_2T,incremental_velocity,X,1.443955713045522,1.9650291423813386,0.13322231473771787,1.8318068276436208,0.641838788986206,-0.48514068126678467,True,True,496
R4_LHS_03,control,20260813,V40_C_E7_C11_2T,total_displacement,Y,4.3144566752506766,0.06661115736885893,0.06661115736885893,0.0,0.9843077063560486,0.0,True,True,496
R4_LHS_03,control,20260813,V40_C_E7_C11_2T,incremental_velocity,Y,1.3795146013396136,0.09991673605328841,0.09991673605328841,0.0,0.983967661857605,-0.02251923829317093,True,True,496
R4_LHS_03,control,20260813,V40_C_E7_C11_2T,total_displacement,Z,5.41629151023457,0.06661115736885893,0.06661115736885893,0.0,0.9952009916305542,0.0,True,True,508
R4_LHS_03,control,20260813,V40_C_E7_C11_2T,incremental_velocity,Z,2.106209148166542,0.09991673605328841,0.09991673605328841,0.0,0.9951207041740417,-0.018626036122441292,True,True,508
R4_LHS_03,control,20260813,V52_A_E7_C11_2T,total_displacement,X,1.5056570801102263,1.1990008326394608,1.1990008326394608,0.0,0.9999662637710571,-0.00012580033217091113,True,True,496
R4_LHS_03,control,20260813,V52_A_E7_C11_2T,incremental_velocity,X,1.7960490917538867,0.16652789342214733,0.16652789342214733,0.0,0.8855003714561462,-0.0005024771671742201,True,True,496
R4_LHS_03,control,20260813,V52_A_E7_C11_2T,total_displacement,Y,3.822242206145603,0.06661115736885893,0.06661115736885893,0.0,0.9943026900291443,0.0,True,True,496
R4_LHS_03,control,20260813,V52_A_E7_C11_2T,incremental_velocity,Y,1.3709727410379422,0.13322231473771787,0.13322231473771787,0.0,0.9821968674659729,0.021699417382478714,True,True,496
R4_LHS_03,control,20260813,V52_A_E7_C11_2T,total_displacement,Z,5.135291717317807,0.09991673605328841,0.09991673605328841,0.0,0.9981398582458496,-0.0037953180726617575,True,True,508
R4_LHS_03,control,20260813,V52_A_E7_C11_2T,incremental_velocity,Z,1.9251141766664575,0.13322231473771787,0.13322231473771787,0.0,0.9943056702613831,0.009598364122211933,True,True,508
R4_LHS_03,control,20260813,V52_B_E7_C11_2T,total_displacement,X,1.7289349203184101,1.1990008326394608,1.1990008326394608,0.0,0.9999446272850037,-0.00019295034871902317,True,True,496
R4_LHS_03,control,20260813,V52_B_E7_C11_2T,incremental_velocity,X,1.3691549079168321,0.16652789342214733,0.16652789342214733,0.0,0.9042653441429138,0.012454417534172535,True,True,496
R4_LHS_03,control,20260813,V52_B_E7_C11_2T,total_displacement,Y,3.7930462525074846,0.06661115736885893,0.06661115736885893,0.0,0.9931226968765259,0.0,True,True,496
R4_LHS_03,control,20260813,V52_B_E7_C11_2T,incremental_velocity,Y,1.1554643874451263,0.13322231473771787,0.13322231473771787,0.0,0.9823571443557739,0.016077812761068344,True,True,496
R4_LHS_03,control,20260813,V52_B_E7_C11_2T,total_displacement,Z,5.136407252401195,0.09991673605328841,0.09991673605328841,0.0,0.9942190647125244,-0.02289208397269249,True,True,508
R4_LHS_03,control,20260813,V52_B_E7_C11_2T,incremental_velocity,Z,1.7663845788036938,0.13322231473771787,0.13322231473771787,0.0,0.9972108602523804,0.004391057416796684,True,True,508
R4_LHS_03,control,20260813,V52_CPLUS_E7_C11_2T,total_displacement,X,2.0549108975728596,1.1990008326394608,1.1990008326394608,0.0,0.9998719692230225,-0.00032394335721619427,True,True,496
R4_LHS_03,control,20260813,V52_CPLUS_E7_C11_2T,incremental_velocity,X,1.150390542153711,0.16652789342214733,0.16652789342214733,0.0,0.9174016714096069,0.018056116998195648,True,True,496
R4_LHS_03,control,20260813,V52_CPLUS_E7_C11_2T,total_displacement,Y,4.313239854250168,0.06661115736885893,0.06661115736885893,0.0,0.9956067204475403,0.0,True,True,496
R4_LHS_03,control,20260813,V52_CPLUS_E7_C11_2T,incremental_velocity,Y,1.109722877445749,0.13322231473771787,0.13322231473771787,0.0,0.9794157147407532,0.006041104905307293,True,True,496
R4_LHS_03,control,20260813,V52_CPLUS_E7_C11_2T,total_displacement,Z,5.7526592193050385,0.09991673605328841,0.09991673605328841,0.0,0.9978108406066895,-0.022618776187300682,True,True,508
R4_LHS_03,control,20260813,V52_CPLUS_E7_C11_2T,incremental_velocity,Z,1.6290519229797127,0.13322231473771787,0.13322231473771787,0.0,0.9973312616348267,0.0014719904866069555,True,True,508
R4_LHS_03,control,20260813,V52_C_E7_C11_2T,total_displacement,X,1.7518304231445103,1.1990008326394608,1.1990008326394608,0.0,0.9999557137489319,0.00014166257460601628,True,True,496
R4_LHS_03,control,20260813,V52_C_E7_C11_2T,incremental_velocity,X,1.0940242993732983,0.16652789342214733,0.16652789342214733,0.0,0.9497082829475403,-0.020204534754157066,True,True,496
R4_LHS_03,control,20260813,V52_C_E7_C11_2T,total_displacement,Y,4.034226735670979,0.06661115736885893,0.06661115736885893,0.0,0.9989259839057922,0.0,True,True,496
R4_LHS_03,control,20260813,V52_C_E7_C11_2T,incremental_velocity,Y,1.0785364502804622,0.13322231473771787,0.13322231473771787,0.0,0.9877791404724121,0.007716087158769369,True,True,496
R4_LHS_03,control,20260813,V52_C_E7_C11_2T,total_displacement,Z,5.193649849648005,0.09991673605328841,0.09991673605328841,0.0,0.999302864074707,0.0010113759199157357,True,True,508
R4_LHS_03,control,20260813,V52_C_E7_C11_2T,incremental_velocity,Z,1.5959478380573406,0.13322231473771787,0.13322231473771787,0.0,0.9966766834259033,0.008284657262265682,True,True,508
R4_LHS_03,control,20260813,V40_A_E8_C12_2T,total_displacement,X,2.279320662472074,0.06661115736885893,0.06661115736885893,0.0,0.9561368823051453,0.0,True,True,496
R4_LHS_03,control,20260813,V40_A_E8_C12_2T,incremental_velocity,X,1.353090294249532,0.13322231473771787,0.13322231473771787,0.0,0.8292335271835327,-0.016006074845790863,True,True,496
R4_LHS_03,control,20260813,V40_A_E8_C12_2T,total_displacement,Y,2.4695844094669583,0.06661115736885893,0.06661115736885893,0.0,0.9863680005073547,0.0,True,True,496
R4_LHS_03,control,20260813,V40_A_E8_C12_2T,incremental_velocity,Y,1.8094937609788613,0.09991673605328841,0.09991673605328841,0.0,0.9642854332923889,-0.00956807378679514,True,True,496
R4_LHS_03,control,20260813,V40_A_E8_C12_2T,total_displacement,Z,3.2696240254703417,0.06661115736885893,0.06661115736885893,0.0,0.9922899603843689,0.0,True,True,508
R4_LHS_03,control,20260813,V40_A_E8_C12_2T,incremental_velocity,Z,2.5980450912135282,0.09991673605328841,0.09991673605328841,0.0,0.992658793926239,-0.032419353723526,True,True,508
R4_LHS_03,control,20260813,V40_B_E8_C12_2T,total_displacement,X,2.3732505182716417,0.06661115736885893,0.06661115736885893,0.0,0.9759819507598877,0.0,True,True,496
R4_LHS_03,control,20260813,V40_B_E8_C12_2T,incremental_velocity,X,1.201465586185267,0.13322231473771787,0.13322231473771787,0.0,0.9062299132347107,-0.005564792547374964,True,True,496
R4_LHS_03,control,20260813,V40_B_E8_C12_2T,total_displacement,Y,2.9328732594641296,0.06661115736885893,0.06661115736885893,0.0,0.9906576871871948,0.0,True,True,496
R4_LHS_03,control,20260813,V40_B_E8_C12_2T,incremental_velocity,Y,1.5952511198862491,0.09991673605328841,0.09991673605328841,0.0,0.9815832376480103,0.008000294677913189,True,True,496
R4_LHS_03,control,20260813,V40_B_E8_C12_2T,total_displacement,Z,3.94060428357081,0.06661115736885893,0.06661115736885893,0.0,0.9947746396064758,0.0,True,True,508
R4_LHS_03,control,20260813,V40_B_E8_C12_2T,incremental_velocity,Z,2.2218746507978553,0.09991673605328841,0.09991673605328841,0.0,0.9947327971458435,0.0008433284237980843,True,True,508
R4_LHS_03,control,20260813,V40_CPLUS_E8_C12_2T,total_displacement,X,3.199979141953665,0.06661115736885893,0.06661115736885893,0.0,0.9908162951469421,0.0,True,True,496
R4_LHS_03,control,20260813,V40_CPLUS_E8_C12_2T,incremental_velocity,X,1.1111172013290342,0.13322231473771787,0.13322231473771787,0.0,0.8889870047569275,0.014392437413334846,True,True,496
R4_LHS_03,control,20260813,V40_CPLUS_E8_C12_2T,total_displacement,Y,3.9164167224735165,0.06661115736885893,0.06661115736885893,0.0,0.993885338306427,0.0,True,True,496
R4_LHS_03,control,20260813,V40_CPLUS_E8_C12_2T,incremental_velocity,Y,1.3995062590770948,0.09991673605328841,0.09991673605328841,0.0,0.9747956991195679,0.013281822204589844,True,True,496
R4_LHS_03,control,20260813,V40_CPLUS_E8_C12_2T,total_displacement,Z,5.052331321383462,0.06661115736885893,0.06661115736885893,0.0,0.998879611492157,0.0,True,True,508
R4_LHS_03,control,20260813,V40_CPLUS_E8_C12_2T,incremental_velocity,Z,2.229243014773306,0.09991673605328841,0.09991673605328841,0.0,0.9959507584571838,0.0015869607450440526,True,True,508
R4_LHS_03,control,20260813,V40_C_E8_C12_2T,total_displacement,X,2.72998843391377,0.06661115736885893,0.06661115736885893,0.0,0.9939196705818176,0.0,True,True,496
R4_LHS_03,control,20260813,V40_C_E8_C12_2T,incremental_velocity,X,1.161870012082216,0.13322231473771787,0.13322231473771787,0.0,0.8997395038604736,-0.012956964783370495,True,True,496
R4_LHS_03,control,20260813,V40_C_E8_C12_2T,total_displacement,Y,3.52358713863355,0.06661115736885893,0.06661115736885893,0.0,0.9972953796386719,0.0,True,True,496
R4_LHS_03,control,20260813,V40_C_E8_C12_2T,incremental_velocity,Y,1.5146207986952902,0.09991673605328841,0.09991673605328841,0.0,0.9804667830467224,0.013998910784721375,True,True,496
R4_LHS_03,control,20260813,V40_C_E8_C12_2T,total_displacement,Z,4.337627216024436,0.06661115736885893,0.06661115736885893,0.0,0.9994572997093201,0.0,True,True,508
R4_LHS_03,control,20260813,V40_C_E8_C12_2T,incremental_velocity,Z,2.0717280745127886,0.09991673605328841,0.09991673605328841,0.0,0.9950175881385803,0.010011115111410618,True,True,508
R4_LHS_03,control,20260813,V52_A_E8_C12_2T,total_displacement,X,2.561236124306569,0.09991673605328841,0.06661115736885893,0.033305578684429474,0.9619182348251343,0.003473116084933281,True,True,496
R4_LHS_03,control,20260813,V52_A_E8_C12_2T,incremental_velocity,X,1.1120745971278752,0.16652789342214733,0.16652789342214733,0.0,0.8943897485733032,0.0038793832063674927,True,True,496
R4_LHS_03,control,20260813,V52_A_E8_C12_2T,total_displacement,Y,3.282318191759365,0.06661115736885893,0.06661115736885893,0.0,0.9898802042007446,0.0,True,True,496
R4_LHS_03,control,20260813,V52_A_E8_C12_2T,incremental_velocity,Y,1.2890506429344282,0.13322231473771787,0.13322231473771787,0.0,0.9823256134986877,0.015188779681921005,True,True,496
R4_LHS_03,control,20260813,V52_A_E8_C12_2T,total_displacement,Z,4.4308762034439875,0.09991673605328841,0.09991673605328841,0.0,0.9947370290756226,-0.010516481474041939,True,True,508
R4_LHS_03,control,20260813,V52_A_E8_C12_2T,incremental_velocity,Z,1.7445357783814683,0.13322231473771787,0.13322231473771787,0.0,0.9944238066673279,0.010196371003985405,True,True,508
R4_LHS_03,control,20260813,V52_B_E8_C12_2T,total_displacement,X,2.4738674259299125,0.09991673605328841,0.09991673605328841,0.0,0.995362401008606,-0.010073601268231869,True,True,496
R4_LHS_03,control,20260813,V52_B_E8_C12_2T,incremental_velocity,X,1.2220929690471638,0.16652789342214733,0.16652789342214733,0.0,0.9394017457962036,-0.01447556633502245,True,True,496
R4_LHS_03,control,20260813,V52_B_E8_C12_2T,total_displacement,Y,3.306249508219433,0.06661115736885893,0.06661115736885893,0.0,0.9967273473739624,0.0,True,True,496
R4_LHS_03,control,20260813,V52_B_E8_C12_2T,incremental_velocity,Y,1.3955937989884935,0.13322231473771787,0.13322231473771787,0.0,0.9818567037582397,-0.026972588151693344,True,True,496
R4_LHS_03,control,20260813,V52_B_E8_C12_2T,total_displacement,Z,4.322394248102104,0.09991673605328841,0.09991673605328841,0.0,0.9989412426948547,-0.013510891236364841,True,True,508
R4_LHS_03,control,20260813,V52_B_E8_C12_2T,incremental_velocity,Z,2.040960857221464,0.13322231473771787,0.13322231473771787,0.0,0.9975194931030273,-0.016519494354724884,True,True,508
R4_LHS_03,control,20260813,V52_CPLUS_E8_C12_2T,total_displacement,X,3.4939258063624252,0.09991673605328841,0.09991673605328841,0.0,0.9860294461250305,0.0014482293045148253,True,True,496
R4_LHS_03,control,20260813,V52_CPLUS_E8_C12_2T,incremental_velocity,X,0.9430333678695464,0.16652789342214733,0.16652789342214733,0.0,0.8878320455551147,-0.008056980557739735,True,True,496
R4_LHS_03,control,20260813,V52_CPLUS_E8_C12_2T,total_displacement,Y,4.001586046968466,0.06661115736885893,0.06661115736885893,0.0,0.9870806336402893,0.0,True,True,496
R4_LHS_03,control,20260813,V52_CPLUS_E8_C12_2T,incremental_velocity,Y,1.1297315544183808,0.13322231473771787,0.13322231473771787,0.0,0.9785187840461731,-0.013986538164317608,True,True,496
R4_LHS_03,control,20260813,V52_CPLUS_E8_C12_2T,total_displacement,Z,5.032968530108809,0.09991673605328841,0.09991673605328841,0.0,0.9990478157997131,0.006444221828132868,True,True,508
R4_LHS_03,control,20260813,V52_CPLUS_E8_C12_2T,incremental_velocity,Z,1.5789038673545217,0.13322231473771787,0.13322231473771787,0.0,0.9948206543922424,-0.017664724960923195,True,True,508
R4_LHS_03,control,20260813,V52_C_E8_C12_2T,total_displacement,X,2.920688736873576,0.09991673605328841,0.09991673605328841,0.0,0.9966376423835754,0.008956043049693108,True,True,496
R4_LHS_03,control,20260813,V52_C_E8_C12_2T,incremental_velocity,X,1.0084454505209286,0.16652789342214733,0.16652789342214733,0.0,0.9117624759674072,0.0292852520942688,True,True,496
R4_LHS_03,control,20260813,V52_C_E8_C12_2T,total_displacement,Y,3.5178218384813977,0.06661115736885893,0.06661115736885893,0.0,0.9982360005378723,0.0,True,True,496
R4_LHS_03,control,20260813,V52_C_E8_C12_2T,incremental_velocity,Y,1.1576626808212946,0.13322231473771787,0.13322231473771787,0.0,0.9778411984443665,0.006384111940860748,True,True,496
R4_LHS_03,control,20260813,V52_C_E8_C12_2T,total_displacement,Z,4.747121983378888,0.09991673605328841,0.09991673605328841,0.0,0.9990201592445374,-0.0006841000868007541,True,True,508
R4_LHS_03,control,20260813,V52_C_E8_C12_2T,incremental_velocity,Z,1.5769510957021513,0.13322231473771787,0.13322231473771787,0.0,0.9974004626274109,-0.0010033963480964303,True,True,508
