trial_id,variant,seed,case_id,quantity,axis,node_relative_l2_median,node_relative_l2_p90,node_relative_l2_worst,node_relative_metrics_defined,valid_energy_node_count,predicted_hotspot_node_zero_based,target_hotspot_node_zero_based,hotspot_distance_m
COMMON_B2,common,-1,BASE_C1_0T,total_displacement,X,0.3849118798971176,1.282837152481079,8.511346817016602,True,496,437,437,0.0
COMMON_B2,common,-1,BASE_C1_0T,total_displacement,Y,0.03623479977250099,0.16594043374061584,2.5279083251953125,True,496,236,236,0.0
COMMON_B2,common,-1,BASE_C1_0T,total_displacement,Z,0.036849506199359894,0.04298714771866798,0.18115772306919098,True,508,226,226,0.0
COMMON_B2,common,-1,BASE_C2_0T,total_displacement,X,0.009949057828634977,0.014951025601476431,0.02436234802007675,True,496,433,433,0.0
COMMON_B2,common,-1,BASE_C2_0T,total_displacement,Y,0.06576468423008919,0.2308400273323059,2.650890350341797,True,496,236,236,0.0
COMMON_B2,common,-1,BASE_C2_0T,total_displacement,Z,0.0647687166929245,0.06990576460957527,0.20205484330654144,True,508,443,443,0.0
COMMON_B2,common,-1,BASE_C3_0T,total_displacement,X,0.30600185692310333,0.9762547612190247,7.024093151092529,True,496,437,437,0.0
COMMON_B2,common,-1,BASE_C3_0T,total_displacement,Y,0.02267469372600317,0.10797262564301491,1.7821738719940186,True,496,236,236,0.0
COMMON_B2,common,-1,BASE_C3_0T,total_displacement,Z,0.02197218593209982,0.026732088439166544,0.130360946059227,True,508,226,226,0.0
COMMON_B2,common,-1,BASE_C8_0T,total_displacement,X,0.011419326532632113,0.017568781040608883,0.024327095597982407,True,496,433,433,0.0
COMMON_B2,common,-1,BASE_C8_0T,total_displacement,Y,0.02642172947525978,0.11787122115492821,1.5971720218658447,True,496,433,236,10.59715891150338
COMMON_B2,common,-1,BASE_C8_0T,total_displacement,Z,0.028570489026606083,0.03442755416035652,0.15942183136940002,True,508,443,443,0.0
COMMON_B2,common,-1,V40_A_E1_C4_2T,total_displacement,X,0.08368762955069542,0.147922120988369,0.2865002751350403,True,496,187,187,0.0
COMMON_B2,common,-1,V40_A_E1_C4_2T,total_displacement,Y,0.032893430441617966,0.07202855125069618,0.1831149011850357,True,496,280,280,0.0
COMMON_B2,common,-1,V40_A_E1_C4_2T,total_displacement,Z,0.04794677160680294,0.05950508266687393,0.14054562151432037,True,508,72,361,7.811999999999991
COMMON_B2,common,-1,V40_B_E1_C4_2T,total_displacement,X,0.1255417764186859,0.2570919543504715,0.5497499704360962,True,496,187,187,0.0
COMMON_B2,common,-1,V40_B_E1_C4_2T,total_displacement,Y,0.050160592421889305,0.09678597375750542,0.2130296230316162,True,496,280,280,0.0
COMMON_B2,common,-1,V40_B_E1_C4_2T,total_displacement,Z,0.06375505030155182,0.07510830238461494,0.18220803141593933,True,508,361,361,0.0
COMMON_B2,common,-1,V40_CPLUS_E1_C4_2T,total_displacement,X,0.08747619390487671,0.1700100228190422,0.30625924468040466,True,496,187,187,0.0
COMMON_B2,common,-1,V40_CPLUS_E1_C4_2T,total_displacement,Y,0.021513340063393116,0.05923634395003319,0.1547417789697647,True,496,280,280,0.0
COMMON_B2,common,-1,V40_CPLUS_E1_C4_2T,total_displacement,Z,0.0493180975317955,0.06263583600521087,0.20094338059425354,True,508,72,361,7.811999999999991
COMMON_B2,common,-1,V40_C_E1_C4_2T,total_displacement,X,0.123794324696064,0.25736525654792786,0.5210578441619873,True,496,187,187,0.0
COMMON_B2,common,-1,V40_C_E1_C4_2T,total_displacement,Y,0.0480838343501091,0.0931016243994236,0.20922304689884186,True,496,280,280,0.0
COMMON_B2,common,-1,V40_C_E1_C4_2T,total_displacement,Z,0.06130775436758995,0.07131794914603233,0.20530903339385986,True,508,361,361,0.0
COMMON_B2,common,-1,V52_A_E1_C4_2T,total_displacement,X,0.07955599576234818,0.13746848702430725,0.2609577775001526,True,496,187,187,0.0
COMMON_B2,common,-1,V52_A_E1_C4_2T,total_displacement,Y,0.022227109409868717,0.06822047755122185,0.19246013462543488,True,496,280,280,0.0
COMMON_B2,common,-1,V52_A_E1_C4_2T,total_displacement,Z,0.04713752120733261,0.060406734421849254,0.11345943063497543,True,508,72,72,0.0
COMMON_B2,common,-1,V52_B_E1_C4_2T,total_displacement,X,0.1118817925453186,0.25333619117736816,0.6020698547363281,True,496,187,187,0.0
COMMON_B2,common,-1,V52_B_E1_C4_2T,total_displacement,Y,0.02848992310464382,0.07522492110729218,0.18263259530067444,True,496,280,280,0.0
COMMON_B2,common,-1,V52_B_E1_C4_2T,total_displacement,Z,0.04913875833153725,0.0621715497225523,0.10827945172786713,True,508,72,361,7.811999999999991
COMMON_B2,common,-1,V52_CPLUS_E1_C4_2T,total_displacement,X,0.08072766661643982,0.15758445858955383,0.28774353861808777,True,496,187,187,0.0
COMMON_B2,common,-1,V52_CPLUS_E1_C4_2T,total_displacement,Y,0.022973107174038887,0.06063828431069851,0.1623980849981308,True,496,280,280,0.0
COMMON_B2,common,-1,V52_CPLUS_E1_C4_2T,total_displacement,Z,0.04367394559085369,0.054757986962795255,0.09873658418655396,True,508,361,361,0.0
COMMON_B2,common,-1,V52_C_E1_C4_2T,total_displacement,X,0.09299134090542793,0.16569898277521133,0.30237630009651184,True,496,187,187,0.0
COMMON_B2,common,-1,V52_C_E1_C4_2T,total_displacement,Y,0.029213116504251957,0.06929576396942139,0.1919744908809662,True,496,280,280,0.0
COMMON_B2,common,-1,V52_C_E1_C4_2T,total_displacement,Z,0.04433738254010677,0.05357182659208774,0.09502442181110382,True,508,361,361,0.0
COMMON_B2,common,-1,V40_A_E2_C5_2T,total_displacement,X,0.017359700053930283,0.03424549475312233,0.0759122297167778,True,496,433,433,0.0
COMMON_B2,common,-1,V40_A_E2_C5_2T,total_displacement,Y,0.02965150959789753,0.0763913057744503,0.18816280364990234,True,496,280,280,0.0
COMMON_B2,common,-1,V40_A_E2_C5_2T,total_displacement,Z,0.054098401218652725,0.06939641758799553,0.1605616956949234,True,508,443,443,0.0
COMMON_B2,common,-1,V40_B_E2_C5_2T,total_displacement,X,0.018151652067899704,0.03761331923305988,0.0883866548538208,True,496,433,433,0.0
COMMON_B2,common,-1,V40_B_E2_C5_2T,total_displacement,Y,0.02023985516279936,0.057527465745806694,0.19142916798591614,True,496,280,280,0.0
COMMON_B2,common,-1,V40_B_E2_C5_2T,total_displacement,Z,0.0404964592307806,0.051462597027420995,0.17533107101917267,True,508,443,443,0.0
COMMON_B2,common,-1,V40_CPLUS_E2_C5_2T,total_displacement,X,0.021189311519265175,0.0551166757941246,0.12254346907138824,True,496,433,433,0.0
COMMON_B2,common,-1,V40_CPLUS_E2_C5_2T,total_displacement,Y,0.020367057994008064,0.05785887688398361,0.15426521003246307,True,496,280,280,0.0
COMMON_B2,common,-1,V40_CPLUS_E2_C5_2T,total_displacement,Z,0.04800033941864967,0.06099519543349743,0.21258150041103363,True,508,1,443,8.86000000000001
COMMON_B2,common,-1,V40_C_E2_C5_2T,total_displacement,X,0.02306031994521618,0.04644196480512619,0.11020827293395996,True,496,433,433,0.0
COMMON_B2,common,-1,V40_C_E2_C5_2T,total_displacement,Y,0.0288754440844059,0.06780987232923508,0.18172787129878998,True,496,280,280,0.0
COMMON_B2,common,-1,V40_C_E2_C5_2T,total_displacement,Z,0.049542004242539406,0.06277732700109481,0.19923797249794006,True,508,443,443,0.0
COMMON_B2,common,-1,V52_A_E2_C5_2T,total_displacement,X,0.01419403962790966,0.028186604380607605,0.06104900687932968,True,496,36,36,0.0
COMMON_B2,common,-1,V52_A_E2_C5_2T,total_displacement,Y,0.03866663575172424,0.07497384771704674,0.19250106811523438,True,496,280,280,0.0
COMMON_B2,common,-1,V52_A_E2_C5_2T,total_displacement,Z,0.048695316538214684,0.060338642448186874,0.10619021207094193,True,508,443,443,0.0
COMMON_B2,common,-1,V52_B_E2_C5_2T,total_displacement,X,0.020502290688455105,0.036849215626716614,0.08318981528282166,True,496,36,36,0.0
COMMON_B2,common,-1,V52_B_E2_C5_2T,total_displacement,Y,0.047786906361579895,0.0982089452445507,0.2053316980600357,True,496,280,280,0.0
COMMON_B2,common,-1,V52_B_E2_C5_2T,total_displacement,Z,0.0626952238380909,0.0749458521604538,0.12244396656751633,True,508,1,443,8.86000000000001
COMMON_B2,common,-1,V52_CPLUS_E2_C5_2T,total_displacement,X,0.020619855262339115,0.048742976039648056,0.1061355471611023,True,496,208,208,0.0
COMMON_B2,common,-1,V52_CPLUS_E2_C5_2T,total_displacement,Y,0.026195310056209564,0.06429003551602364,0.16650483012199402,True,496,280,280,0.0
COMMON_B2,common,-1,V52_CPLUS_E2_C5_2T,total_displacement,Z,0.04689989611506462,0.05858350954949856,0.09947634488344193,True,508,443,1,8.86000000000001
COMMON_B2,common,-1,V52_C_E2_C5_2T,total_displacement,X,0.019102745689451694,0.04052652604877949,0.0938379168510437,True,496,36,36,0.0
COMMON_B2,common,-1,V52_C_E2_C5_2T,total_displacement,Y,0.021773028187453747,0.06212044134736061,0.19241347908973694,True,496,280,280,0.0
COMMON_B2,common,-1,V52_C_E2_C5_2T,total_displacement,Z,0.039946360513567924,0.05035000182688236,0.09987707436084747,True,508,1,443,8.86000000000001
COMMON_B2,common,-1,V40_A_E3_C6_1T,total_displacement,X,0.0759526789188385,0.1557372361421585,0.37863630056381226,True,496,433,433,0.0
COMMON_B2,common,-1,V40_A_E3_C6_1T,total_displacement,Y,0.023461049422621727,0.06023605167865753,0.2555784583091736,True,496,207,207,0.0
COMMON_B2,common,-1,V40_A_E3_C6_1T,total_displacement,Z,0.025608530268073082,0.027778777107596398,0.05216727778315544,True,508,72,72,0.0
COMMON_B2,common,-1,V40_B_E3_C6_1T,total_displacement,X,0.07069548591971397,0.1671593189239502,0.39675647020339966,True,496,433,433,0.0
COMMON_B2,common,-1,V40_B_E3_C6_1T,total_displacement,Y,0.02783583290874958,0.07412145286798477,0.2728801369667053,True,496,207,207,0.0
COMMON_B2,common,-1,V40_B_E3_C6_1T,total_displacement,Z,0.026430098339915276,0.028016578033566476,0.0651003047823906,True,508,72,72,0.0
COMMON_B2,common,-1,V40_CPLUS_E3_C6_1T,total_displacement,X,0.07574634253978729,0.16717463731765747,0.4655972719192505,True,496,433,433,0.0
COMMON_B2,common,-1,V40_CPLUS_E3_C6_1T,total_displacement,Y,0.031125149689614773,0.07266824319958687,0.2208687663078308,True,496,207,207,0.0
COMMON_B2,common,-1,V40_CPLUS_E3_C6_1T,total_displacement,Z,0.03403603471815586,0.03720021694898605,0.08610814064741135,True,508,72,72,0.0
COMMON_B2,common,-1,V40_C_E3_C6_1T,total_displacement,X,0.0675225779414177,0.16934482008218765,0.37687796354293823,True,496,433,433,0.0
COMMON_B2,common,-1,V40_C_E3_C6_1T,total_displacement,Y,0.02377375029027462,0.06104196235537529,0.26672494411468506,True,496,207,207,0.0
COMMON_B2,common,-1,V40_C_E3_C6_1T,total_displacement,Z,0.027169378474354744,0.029564211331307887,0.07444054633378983,True,508,72,72,0.0
COMMON_B2,common,-1,V52_A_E3_C6_1T,total_displacement,X,0.057657698169350624,0.13921743631362915,0.35556551814079285,True,496,433,433,0.0
COMMON_B2,common,-1,V52_A_E3_C6_1T,total_displacement,Y,0.021633022464811802,0.05833570472896099,0.2568792402744293,True,496,207,207,0.0
COMMON_B2,common,-1,V52_A_E3_C6_1T,total_displacement,Z,0.024501530453562737,0.026500854082405566,0.05141062289476395,True,508,72,72,0.0
COMMON_B2,common,-1,V52_B_E3_C6_1T,total_displacement,X,0.0705048069357872,0.16419460624456406,0.3877456784248352,True,496,433,433,0.0
COMMON_B2,common,-1,V52_B_E3_C6_1T,total_displacement,Y,0.021340067498385906,0.05774295888841152,0.2665916383266449,True,496,207,207,0.0
COMMON_B2,common,-1,V52_B_E3_C6_1T,total_displacement,Z,0.023439968936145306,0.025350509397685527,0.060754045844078064,True,508,72,72,0.0
COMMON_B2,common,-1,V52_CPLUS_E3_C6_1T,total_displacement,X,0.09335645288228989,0.1915937140583992,0.4940323829650879,True,496,433,433,0.0
COMMON_B2,common,-1,V52_CPLUS_E3_C6_1T,total_displacement,Y,0.05095802992582321,0.10496867448091507,0.2607138752937317,True,496,207,207,0.0
COMMON_B2,common,-1,V52_CPLUS_E3_C6_1T,total_displacement,Z,0.047232793644070625,0.04934532716870308,0.08961386233568192,True,508,72,72,0.0
COMMON_B2,common,-1,V52_C_E3_C6_1T,total_displacement,X,0.10261505842208862,0.20747999101877213,0.49044960737228394,True,496,433,433,0.0
COMMON_B2,common,-1,V52_C_E3_C6_1T,total_displacement,Y,0.04560748115181923,0.11055894941091537,0.28006741404533386,True,496,207,207,0.0
COMMON_B2,common,-1,V52_C_E3_C6_1T,total_displacement,Z,0.03752192482352257,0.038901321962475775,0.07418403029441833,True,508,72,72,0.0
COMMON_B2,common,-1,V40_A_E4_C7_1T,total_displacement,X,0.0172222713008523,0.03129802085459232,0.05543265491724014,True,496,433,433,0.0
COMMON_B2,common,-1,V40_A_E4_C7_1T,total_displacement,Y,0.04588206484913826,0.11741990968585014,0.2873787581920624,True,496,207,207,0.0
COMMON_B2,common,-1,V40_A_E4_C7_1T,total_displacement,Z,0.0399506613612175,0.04143379367887974,0.06303577125072479,True,508,443,1,8.86000000000001
COMMON_B2,common,-1,V40_B_E4_C7_1T,total_displacement,X,0.015271852724254131,0.029448632150888443,0.06252621114253998,True,496,433,433,0.0
COMMON_B2,common,-1,V40_B_E4_C7_1T,total_displacement,Y,0.02550680935382843,0.06615432351827621,0.2630913555622101,True,496,207,207,0.0
COMMON_B2,common,-1,V40_B_E4_C7_1T,total_displacement,Z,0.024448913522064686,0.026127177663147448,0.06345566362142563,True,508,1,1,0.0
COMMON_B2,common,-1,V40_CPLUS_E4_C7_1T,total_displacement,X,0.016892368905246258,0.0381881408393383,0.081025630235672,True,496,433,433,0.0
COMMON_B2,common,-1,V40_CPLUS_E4_C7_1T,total_displacement,Y,0.027786836959421635,0.06343189999461174,0.2038917988538742,True,496,207,207,0.0
COMMON_B2,common,-1,V40_CPLUS_E4_C7_1T,total_displacement,Z,0.0350999366492033,0.03815312683582306,0.08327783644199371,True,508,1,1,0.0
COMMON_B2,common,-1,V40_C_E4_C7_1T,total_displacement,X,0.01758087519556284,0.03603740967810154,0.07330546528100967,True,496,433,433,0.0
COMMON_B2,common,-1,V40_C_E4_C7_1T,total_displacement,Y,0.024385939352214336,0.06204329803586006,0.2648284435272217,True,496,207,207,0.0
COMMON_B2,common,-1,V40_C_E4_C7_1T,total_displacement,Z,0.025631647557020187,0.027719933539628983,0.07426907122135162,True,508,1,1,0.0
COMMON_B2,common,-1,V52_A_E4_C7_1T,total_displacement,X,0.011216432321816683,0.021359892562031746,0.048639390617609024,True,496,433,503,3.660046115141711
COMMON_B2,common,-1,V52_A_E4_C7_1T,total_displacement,Y,0.019230292178690434,0.05297705717384815,0.2578912079334259,True,496,207,207,0.0
COMMON_B2,common,-1,V52_A_E4_C7_1T,total_displacement,Z,0.022675110958516598,0.02464404609054327,0.049079183489084244,True,508,1,1,0.0
COMMON_B2,common,-1,V52_B_E4_C7_1T,total_displacement,X,0.01714892778545618,0.029802732169628143,0.06241016089916229,True,496,503,503,0.0
COMMON_B2,common,-1,V52_B_E4_C7_1T,total_displacement,Y,0.0292234867811203,0.07761790603399277,0.2712688148021698,True,496,207,207,0.0
COMMON_B2,common,-1,V52_B_E4_C7_1T,total_displacement,Z,0.028950772248208523,0.030997492372989655,0.06325378268957138,True,508,1,1,0.0
COMMON_B2,common,-1,V52_CPLUS_E4_C7_1T,total_displacement,X,0.016161419451236725,0.03435448184609413,0.07931264489889145,True,496,503,503,0.0
COMMON_B2,common,-1,V52_CPLUS_E4_C7_1T,total_displacement,Y,0.026379399932920933,0.05985944904386997,0.22754399478435516,True,496,207,207,0.0
COMMON_B2,common,-1,V52_CPLUS_E4_C7_1T,total_displacement,Z,0.026158176362514496,0.028359585627913474,0.07380934804677963,True,508,1,1,0.0
COMMON_B2,common,-1,V52_C_E4_C7_1T,total_displacement,X,0.019869270734488964,0.03513512574136257,0.07359018921852112,True,496,503,503,0.0
COMMON_B2,common,-1,V52_C_E4_C7_1T,total_displacement,Y,0.028919586911797523,0.08177100494503975,0.2681346535682678,True,496,207,207,0.0
COMMON_B2,common,-1,V52_C_E4_C7_1T,total_displacement,Z,0.028168789111077785,0.030308691412210466,0.07189618796110153,True,508,1,1,0.0
COMMON_B2,common,-1,V40_A_E5_C9_1T,total_displacement,X,0.01999470964074135,0.03580106049776077,0.06405388563871384,True,496,433,433,0.0
COMMON_B2,common,-1,V40_A_E5_C9_1T,total_displacement,Y,0.04413868673145771,0.12032253295183182,0.3056657314300537,True,496,207,207,0.0
COMMON_B2,common,-1,V40_A_E5_C9_1T,total_displacement,Z,0.03551100753247738,0.036889384314417836,0.063841313123703,True,508,1,1,0.0
COMMON_B2,common,-1,V40_B_E5_C9_1T,total_displacement,X,0.020975032821297646,0.038164008408784866,0.07070639729499817,True,496,433,433,0.0
COMMON_B2,common,-1,V40_B_E5_C9_1T,total_displacement,Y,0.04239751398563385,0.1104046180844307,0.29201561212539673,True,496,207,207,0.0
COMMON_B2,common,-1,V40_B_E5_C9_1T,total_displacement,Z,0.03612702339887619,0.03789728656411171,0.07319173961877823,True,508,1,1,0.0
COMMON_B2,common,-1,V40_CPLUS_E5_C9_1T,total_displacement,X,0.01935574598610401,0.038342613726854324,0.08697651326656342,True,496,433,433,0.0
COMMON_B2,common,-1,V40_CPLUS_E5_C9_1T,total_displacement,Y,0.037629758939146996,0.07318106666207314,0.21497121453285217,True,496,207,207,0.0
COMMON_B2,common,-1,V40_CPLUS_E5_C9_1T,total_displacement,Z,0.04024314135313034,0.043336835131049155,0.09221338480710983,True,508,1,1,0.0
COMMON_B2,common,-1,V40_C_E5_C9_1T,total_displacement,X,0.01796034350991249,0.03624115698039532,0.07289011031389236,True,496,433,433,0.0
COMMON_B2,common,-1,V40_C_E5_C9_1T,total_displacement,Y,0.02552658226341009,0.06385282799601555,0.26596319675445557,True,496,207,207,0.0
COMMON_B2,common,-1,V40_C_E5_C9_1T,total_displacement,Z,0.03062678687274456,0.033442091196775436,0.08224091678857803,True,508,1,1,0.0
COMMON_B2,common,-1,V52_A_E5_C9_1T,total_displacement,X,0.01140172965824604,0.022916884161531925,0.05105943977832794,True,496,433,503,3.660046115141711
COMMON_B2,common,-1,V52_A_E5_C9_1T,total_displacement,Y,0.02352896984666586,0.06130758672952652,0.25897300243377686,True,496,207,207,0.0
COMMON_B2,common,-1,V52_A_E5_C9_1T,total_displacement,Z,0.02528520580381155,0.027146457694470882,0.050922662019729614,True,508,1,1,0.0
COMMON_B2,common,-1,V52_B_E5_C9_1T,total_displacement,X,0.014507780782878399,0.028614183887839317,0.0644025206565857,True,496,503,503,0.0
COMMON_B2,common,-1,V52_B_E5_C9_1T,total_displacement,Y,0.02550741843879223,0.061431968584656715,0.27096062898635864,True,496,207,207,0.0
COMMON_B2,common,-1,V52_B_E5_C9_1T,total_displacement,Z,0.030952416360378265,0.033588758856058124,0.06393999606370926,True,508,1,1,0.0
COMMON_B2,common,-1,V52_CPLUS_E5_C9_1T,total_displacement,X,0.018535520881414413,0.036590576171875,0.08455760031938553,True,496,503,503,0.0
COMMON_B2,common,-1,V52_CPLUS_E5_C9_1T,total_displacement,Y,0.031368087977170944,0.06916695833206177,0.2472257912158966,True,496,207,207,0.0
COMMON_B2,common,-1,V52_CPLUS_E5_C9_1T,total_displacement,Z,0.03657926060259342,0.04009596519172191,0.08339054882526398,True,508,1,1,0.0
COMMON_B2,common,-1,V52_C_E5_C9_1T,total_displacement,X,0.01693495362997055,0.033349404111504555,0.0704687088727951,True,496,503,503,0.0
COMMON_B2,common,-1,V52_C_E5_C9_1T,total_displacement,Y,0.026292824186384678,0.06991039589047432,0.26742011308670044,True,496,207,207,0.0
COMMON_B2,common,-1,V52_C_E5_C9_1T,total_displacement,Z,0.02541003841906786,0.02727021910250187,0.0713963732123375,True,508,1,1,0.0
COMMON_B2,common,-1,V40_A_E6_C10_1T,total_displacement,X,0.06491952016949654,0.14855511486530304,0.39225682616233826,True,496,433,433,0.0
COMMON_B2,common,-1,V40_A_E6_C10_1T,total_displacement,Y,0.02225652616471052,0.06017119623720646,0.26869723200798035,True,496,207,207,0.0
COMMON_B2,common,-1,V40_A_E6_C10_1T,total_displacement,Z,0.02286403812468052,0.024867990240454673,0.05647461861371994,True,508,72,72,0.0
COMMON_B2,common,-1,V40_B_E6_C10_1T,total_displacement,X,0.06626318022608757,0.14905495941638947,0.3628644645214081,True,496,433,433,0.0
COMMON_B2,common,-1,V40_B_E6_C10_1T,total_displacement,Y,0.02172937709838152,0.05629368685185909,0.2618243396282196,True,496,207,207,0.0
COMMON_B2,common,-1,V40_B_E6_C10_1T,total_displacement,Z,0.028162769973278046,0.030790804512798788,0.07106372714042664,True,508,72,72,0.0
COMMON_B2,common,-1,V40_CPLUS_E6_C10_1T,total_displacement,X,0.08958765119314194,0.17846960574388504,0.5001194477081299,True,496,433,433,0.0
COMMON_B2,common,-1,V40_CPLUS_E6_C10_1T,total_displacement,Y,0.04096875712275505,0.09282365813851357,0.24721460044384003,True,496,207,207,0.0
COMMON_B2,common,-1,V40_CPLUS_E6_C10_1T,total_displacement,Z,0.04841016046702862,0.05254334211349487,0.09871719032526016,True,508,72,72,0.0
COMMON_B2,common,-1,V40_C_E6_C10_1T,total_displacement,X,0.097337756305933,0.1914559230208397,0.48109403252601624,True,496,433,433,0.0
COMMON_B2,common,-1,V40_C_E6_C10_1T,total_displacement,Y,0.04188528656959534,0.09620581194758415,0.2801070213317871,True,496,207,207,0.0
COMMON_B2,common,-1,V40_C_E6_C10_1T,total_displacement,Z,0.04538820683956146,0.04892676062881947,0.09038164466619492,True,508,72,72,0.0
COMMON_B2,common,-1,V52_A_E6_C10_1T,total_displacement,X,0.09200716018676758,0.17643402516841888,0.4442073106765747,True,496,433,433,0.0
COMMON_B2,common,-1,V52_A_E6_C10_1T,total_displacement,Y,0.02823547087609768,0.08763445541262627,0.2735992968082428,True,496,207,207,0.0
COMMON_B2,common,-1,V52_A_E6_C10_1T,total_displacement,Z,0.02607700787484646,0.02767805475741625,0.051244527101516724,True,508,72,72,0.0
COMMON_B2,common,-1,V52_B_E6_C10_1T,total_displacement,X,0.08047502860426903,0.17285466939210892,0.40469443798065186,True,496,433,433,0.0
COMMON_B2,common,-1,V52_B_E6_C10_1T,total_displacement,Y,0.02297355607151985,0.06276126578450203,0.2693477272987366,True,496,207,207,0.0
COMMON_B2,common,-1,V52_B_E6_C10_1T,total_displacement,Z,0.02516760118305683,0.02740529328584671,0.0626906156539917,True,508,72,72,0.0
COMMON_B2,common,-1,V52_CPLUS_E6_C10_1T,total_displacement,X,0.06719223782420158,0.1500600427389145,0.4159511923789978,True,496,433,433,0.0
COMMON_B2,common,-1,V52_CPLUS_E6_C10_1T,total_displacement,Y,0.03541332297027111,0.07117648422718048,0.24656899273395538,True,496,207,207,0.0
COMMON_B2,common,-1,V52_CPLUS_E6_C10_1T,total_displacement,Z,0.035336680710315704,0.037781862542033195,0.07735992968082428,True,508,72,72,0.0
COMMON_B2,common,-1,V52_C_E6_C10_1T,total_displacement,X,0.07044854015111923,0.15676970034837723,0.3718341886997223,True,496,433,433,0.0
COMMON_B2,common,-1,V52_C_E6_C10_1T,total_displacement,Y,0.030995317734777927,0.06734871864318848,0.2637166380882263,True,496,207,207,0.0
COMMON_B2,common,-1,V52_C_E6_C10_1T,total_displacement,Z,0.03630533628165722,0.03912419266998768,0.07240109145641327,True,508,72,72,0.0
COMMON_B2,common,-1,V40_A_E7_C11_2T,total_displacement,X,0.01573057286441326,0.03239713981747627,0.07480241358280182,True,496,433,433,0.0
COMMON_B2,common,-1,V40_A_E7_C11_2T,total_displacement,Y,0.023289291188120842,0.06601214781403542,0.19096152484416962,True,496,280,280,0.0
COMMON_B2,common,-1,V40_A_E7_C11_2T,total_displacement,Z,0.04991735331714153,0.06487487554550171,0.16257812082767487,True,508,443,443,0.0
COMMON_B2,common,-1,V40_B_E7_C11_2T,total_displacement,X,0.018505899235606194,0.038696471601724625,0.0898294523358345,True,496,433,433,0.0
COMMON_B2,common,-1,V40_B_E7_C11_2T,total_displacement,Y,0.02084579784423113,0.06005486100912094,0.19091711938381195,True,496,280,280,0.0
COMMON_B2,common,-1,V40_B_E7_C11_2T,total_displacement,Z,0.0416618175804615,0.05322126261889935,0.17163899540901184,True,508,443,443,0.0
COMMON_B2,common,-1,V40_CPLUS_E7_C11_2T,total_displacement,X,0.02461886592209339,0.05733415111899376,0.12565898895263672,True,496,433,433,0.0
COMMON_B2,common,-1,V40_CPLUS_E7_C11_2T,total_displacement,Y,0.033100858330726624,0.06636695563793182,0.16097480058670044,True,496,280,280,0.0
COMMON_B2,common,-1,V40_CPLUS_E7_C11_2T,total_displacement,Z,0.05492664501070976,0.0677108645439148,0.21321436762809753,True,508,443,443,0.0
COMMON_B2,common,-1,V40_C_E7_C11_2T,total_displacement,X,0.02293287869542837,0.04707262106239796,0.11031274497509003,True,496,433,433,0.0
COMMON_B2,common,-1,V40_C_E7_C11_2T,total_displacement,Y,0.033556969836354256,0.06817324832081795,0.19609032571315765,True,496,280,280,0.0
COMMON_B2,common,-1,V40_C_E7_C11_2T,total_displacement,Z,0.047672705724835396,0.058574750646948816,0.2015237659215927,True,508,443,443,0.0
COMMON_B2,common,-1,V52_A_E7_C11_2T,total_displacement,X,0.014003482181578875,0.028597069904208183,0.059805773198604584,True,496,36,60,4.792009909719341
COMMON_B2,common,-1,V52_A_E7_C11_2T,total_displacement,Y,0.02761552296578884,0.07079934701323509,0.17542153596878052,True,496,280,280,0.0
COMMON_B2,common,-1,V52_A_E7_C11_2T,total_displacement,Z,0.05466609075665474,0.07030940055847168,0.12549392879009247,True,508,443,443,0.0
COMMON_B2,common,-1,V52_B_E7_C11_2T,total_displacement,X,0.022138883359730244,0.03976486064493656,0.0897781029343605,True,496,36,36,0.0
COMMON_B2,common,-1,V52_B_E7_C11_2T,total_displacement,Y,0.05012628249824047,0.10246092081069946,0.21731945872306824,True,496,280,280,0.0
COMMON_B2,common,-1,V52_B_E7_C11_2T,total_displacement,Z,0.0569552518427372,0.06805414259433747,0.12547987699508667,True,508,443,443,0.0
COMMON_B2,common,-1,V52_CPLUS_E7_C11_2T,total_displacement,X,0.02381602395325899,0.053321538493037224,0.11656536906957626,True,496,208,208,0.0
COMMON_B2,common,-1,V52_CPLUS_E7_C11_2T,total_displacement,Y,0.042541179805994034,0.0817054770886898,0.20140019059181213,True,496,280,280,0.0
COMMON_B2,common,-1,V52_CPLUS_E7_C11_2T,total_displacement,Z,0.05212050676345825,0.06275141686201095,0.11202021688222885,True,508,443,1,8.86000000000001
COMMON_B2,common,-1,V52_C_E7_C11_2T,total_displacement,X,0.01747079472988844,0.038286877796053886,0.08645321428775787,True,496,36,36,0.0
COMMON_B2,common,-1,V52_C_E7_C11_2T,total_displacement,Y,0.02272198535501957,0.05978277511894703,0.19179308414459229,True,496,280,280,0.0
COMMON_B2,common,-1,V52_C_E7_C11_2T,total_displacement,Z,0.04556751251220703,0.057707628980278966,0.11000663787126541,True,508,443,443,0.0
COMMON_B2,common,-1,V40_A_E8_C12_2T,total_displacement,X,0.10151340439915657,0.21148496866226196,0.45805615186691284,True,496,187,187,0.0
COMMON_B2,common,-1,V40_A_E8_C12_2T,total_displacement,Y,0.024706412106752396,0.07258214801549911,0.1965179443359375,True,496,280,280,0.0
COMMON_B2,common,-1,V40_A_E8_C12_2T,total_displacement,Z,0.047581037506461143,0.0619019940495491,0.16047117114067078,True,508,72,361,7.811999999999991
COMMON_B2,common,-1,V40_B_E8_C12_2T,total_displacement,X,0.10269169509410858,0.23041148483753204,0.5276585221290588,True,496,187,187,0.0
COMMON_B2,common,-1,V40_B_E8_C12_2T,total_displacement,Y,0.028441007249057293,0.07302059978246689,0.17324529588222504,True,496,280,280,0.0
COMMON_B2,common,-1,V40_B_E8_C12_2T,total_displacement,Z,0.05299590155482292,0.0676073469221592,0.16971665620803833,True,508,361,361,0.0
COMMON_B2,common,-1,V40_CPLUS_E8_C12_2T,total_displacement,X,0.10826249420642853,0.22468189150094986,0.42727038264274597,True,496,187,187,0.0
COMMON_B2,common,-1,V40_CPLUS_E8_C12_2T,total_displacement,Y,0.04199684225022793,0.08461443707346916,0.16558125615119934,True,496,280,280,0.0
COMMON_B2,common,-1,V40_CPLUS_E8_C12_2T,total_displacement,Z,0.06391603872179985,0.07774959579110145,0.2097875326871872,True,508,361,361,0.0
COMMON_B2,common,-1,V40_C_E8_C12_2T,total_displacement,X,0.09061311185359955,0.16966694593429565,0.3338930606842041,True,496,187,187,0.0
COMMON_B2,common,-1,V40_C_E8_C12_2T,total_displacement,Y,0.022111465223133564,0.06124967709183693,0.1896221786737442,True,496,280,280,0.0
COMMON_B2,common,-1,V40_C_E8_C12_2T,total_displacement,Z,0.045370299369096756,0.05765388906002045,0.19167391955852509,True,508,361,361,0.0
COMMON_B2,common,-1,V52_A_E8_C12_2T,total_displacement,X,0.1232859194278717,0.2865518182516098,0.741873562335968,True,496,187,187,0.0
COMMON_B2,common,-1,V52_A_E8_C12_2T,total_displacement,Y,0.035238297656178474,0.09625488892197609,0.1953791081905365,True,496,280,280,0.0
COMMON_B2,common,-1,V52_A_E8_C12_2T,total_displacement,Z,0.0570574551820755,0.07308649197220803,0.12400978058576584,True,508,361,72,7.811999999999991
COMMON_B2,common,-1,V52_B_E8_C12_2T,total_displacement,X,0.08743501827120781,0.157934308052063,0.27040010690689087,True,496,187,187,0.0
COMMON_B2,common,-1,V52_B_E8_C12_2T,total_displacement,Y,0.03225401230156422,0.06795459985733032,0.1899179071187973,True,496,280,280,0.0
COMMON_B2,common,-1,V52_B_E8_C12_2T,total_displacement,Z,0.04525640420615673,0.0551083792001009,0.09926585853099823,True,508,361,361,0.0
COMMON_B2,common,-1,V52_CPLUS_E8_C12_2T,total_displacement,X,0.08169334381818771,0.16194846481084824,0.2814452052116394,True,496,187,187,0.0
COMMON_B2,common,-1,V52_CPLUS_E8_C12_2T,total_displacement,Y,0.02321254089474678,0.05950659513473511,0.15693825483322144,True,496,280,280,0.0
COMMON_B2,common,-1,V52_CPLUS_E8_C12_2T,total_displacement,Z,0.04677821695804596,0.058724387735128405,0.10208187252283096,True,508,361,361,0.0
COMMON_B2,common,-1,V52_C_E8_C12_2T,total_displacement,X,0.09964156895875931,0.20132892578840256,0.3935353755950928,True,496,187,187,0.0
COMMON_B2,common,-1,V52_C_E8_C12_2T,total_displacement,Y,0.039216019213199615,0.08041771128773689,0.19215227663516998,True,496,280,280,0.0
COMMON_B2,common,-1,V52_C_E8_C12_2T,total_displacement,Z,0.06259377673268318,0.07586088106036186,0.12544873356819153,True,508,361,361,0.0
R4_LHS_03,physics,20260813,BASE_C1_0T,total_displacement,X,0.3849118798971176,1.282837152481079,8.511346817016602,True,496,437,437,0.0
R4_LHS_03,physics,20260813,BASE_C1_0T,incremental_velocity,X,,,,False,0,0,0,0.0
R4_LHS_03,physics,20260813,BASE_C1_0T,total_displacement,Y,0.03623479977250099,0.16594043374061584,2.5279083251953125,True,496,236,236,0.0
R4_LHS_03,physics,20260813,BASE_C1_0T,incremental_velocity,Y,,,,False,0,0,0,0.0
R4_LHS_03,physics,20260813,BASE_C1_0T,total_displacement,Z,0.036849506199359894,0.04298714771866798,0.18115772306919098,True,508,226,226,0.0
R4_LHS_03,physics,20260813,BASE_C1_0T,incremental_velocity,Z,,,,False,0,0,0,0.0
R4_LHS_03,physics,20260813,BASE_C2_0T,total_displacement,X,0.009949057828634977,0.014951025601476431,0.02436234802007675,True,496,433,433,0.0
R4_LHS_03,physics,20260813,BASE_C2_0T,incremental_velocity,X,,,,False,0,0,0,0.0
R4_LHS_03,physics,20260813,BASE_C2_0T,total_displacement,Y,0.06576468423008919,0.2308400273323059,2.650890350341797,True,496,236,236,0.0
R4_LHS_03,physics,20260813,BASE_C2_0T,incremental_velocity,Y,,,,False,0,0,0,0.0
R4_LHS_03,physics,20260813,BASE_C2_0T,total_displacement,Z,0.0647687166929245,0.06990576460957527,0.20205484330654144,True,508,443,443,0.0
R4_LHS_03,physics,20260813,BASE_C2_0T,incremental_velocity,Z,,,,False,0,0,0,0.0
R4_LHS_03,physics,20260813,BASE_C3_0T,total_displacement,X,0.30600185692310333,0.9762547612190247,7.024093151092529,True,496,437,437,0.0
R4_LHS_03,physics,20260813,BASE_C3_0T,incremental_velocity,X,,,,False,0,0,0,0.0
R4_LHS_03,physics,20260813,BASE_C3_0T,total_displacement,Y,0.02267469372600317,0.10797262564301491,1.7821738719940186,True,496,236,236,0.0
R4_LHS_03,physics,20260813,BASE_C3_0T,incremental_velocity,Y,,,,False,0,0,0,0.0
R4_LHS_03,physics,20260813,BASE_C3_0T,total_displacement,Z,0.02197218593209982,0.026732088439166544,0.130360946059227,True,508,226,226,0.0
R4_LHS_03,physics,20260813,BASE_C3_0T,incremental_velocity,Z,,,,False,0,0,0,0.0
R4_LHS_03,physics,20260813,BASE_C8_0T,total_displacement,X,0.011419326532632113,0.017568781040608883,0.024327095597982407,True,496,433,433,0.0
R4_LHS_03,physics,20260813,BASE_C8_0T,incremental_velocity,X,,,,False,0,0,0,0.0
R4_LHS_03,physics,20260813,BASE_C8_0T,total_displacement,Y,0.02642172947525978,0.11787122115492821,1.5971720218658447,True,496,433,236,10.59715891150338
R4_LHS_03,physics,20260813,BASE_C8_0T,incremental_velocity,Y,,,,False,0,0,0,0.0
R4_LHS_03,physics,20260813,BASE_C8_0T,total_displacement,Z,0.028570489026606083,0.03442755416035652,0.15942183136940002,True,508,443,443,0.0
R4_LHS_03,physics,20260813,BASE_C8_0T,incremental_velocity,Z,,,,False,0,0,0,0.0
R4_LHS_03,physics,20260813,V40_A_E1_C4_2T,total_displacement,X,0.11156198009848595,0.1868983507156372,0.377422571182251,True,496,187,187,0.0
R4_LHS_03,physics,20260813,V40_A_E1_C4_2T,incremental_velocity,X,0.4115015119314194,0.6528298556804657,0.9024854302406311,True,496,493,50,8.86000000000001
R4_LHS_03,physics,20260813,V40_A_E1_C4_2T,total_displacement,Y,0.05765917710959911,0.16851116716861725,0.4900400936603546,True,496,280,280,0.0
R4_LHS_03,physics,20260813,V40_A_E1_C4_2T,incremental_velocity,Y,0.21067269146442413,0.49783769249916077,1.0453847646713257,True,496,266,266,0.0
R4_LHS_03,physics,20260813,V40_A_E1_C4_2T,total_displacement,Z,0.05756295844912529,0.07868122532963753,1.4780638217926025,True,508,443,361,0.5240000000000145
R4_LHS_03,physics,20260813,V40_A_E1_C4_2T,incremental_velocity,Z,0.1573832556605339,0.2695834338665009,2.3341424465179443,True,508,265,265,0.0
R4_LHS_03,physics,20260813,V40_B_E1_C4_2T,total_displacement,X,0.1389344483613968,0.2885834276676178,0.7425856590270996,True,496,187,187,0.0
R4_LHS_03,physics,20260813,V40_B_E1_C4_2T,incremental_velocity,X,0.4073854982852936,0.6521616578102112,0.9157030582427979,True,496,153,50,135.00101694431785
R4_LHS_03,physics,20260813,V40_B_E1_C4_2T,total_displacement,Y,0.04857087507843971,0.15579983592033386,0.5080932378768921,True,496,280,280,0.0
R4_LHS_03,physics,20260813,V40_B_E1_C4_2T,incremental_velocity,Y,0.20527072995901108,0.46250875294208527,1.0421704053878784,True,496,265,266,135.00458240048846
R4_LHS_03,physics,20260813,V40_B_E1_C4_2T,total_displacement,Z,0.04324626736342907,0.05830053202807904,0.7462125420570374,True,508,1,361,8.335999999999995
R4_LHS_03,physics,20260813,V40_B_E1_C4_2T,incremental_velocity,Z,0.1421140432357788,0.26185382604599,1.790806531906128,True,508,265,265,0.0
R4_LHS_03,physics,20260813,V40_CPLUS_E1_C4_2T,total_displacement,X,0.09107734635472298,0.16700894385576248,0.32322585582733154,True,496,187,187,0.0
R4_LHS_03,physics,20260813,V40_CPLUS_E1_C4_2T,incremental_velocity,X,0.38152487576007843,0.6393716633319855,0.863480806350708,True,496,153,493,135.25712142434497
R4_LHS_03,physics,20260813,V40_CPLUS_E1_C4_2T,total_displacement,Y,0.03186732158064842,0.14826440066099167,0.41508978605270386,True,496,280,280,0.0
R4_LHS_03,physics,20260813,V40_CPLUS_E1_C4_2T,incremental_velocity,Y,0.19506336748600006,0.49207746982574463,1.13136625289917,True,496,265,266,135.00458240048846
R4_LHS_03,physics,20260813,V40_CPLUS_E1_C4_2T,total_displacement,Z,0.02772795967757702,0.053058957681059844,1.177672028541565,True,508,443,361,0.5240000000000145
R4_LHS_03,physics,20260813,V40_CPLUS_E1_C4_2T,incremental_velocity,Z,0.1454906016588211,0.2539086490869522,1.5460494756698608,True,508,265,265,0.0
R4_LHS_03,physics,20260813,V40_C_E1_C4_2T,total_displacement,X,0.13613971322774887,0.26820601522922516,0.6547595858573914,True,496,187,187,0.0
R4_LHS_03,physics,20260813,V40_C_E1_C4_2T,incremental_velocity,X,0.3823304772377014,0.6224089860916138,0.9253562092781067,True,496,493,50,8.86000000000001
R4_LHS_03,physics,20260813,V40_C_E1_C4_2T,total_displacement,Y,0.043721433728933334,0.15272591263055801,0.5066777467727661,True,496,280,280,0.0
R4_LHS_03,physics,20260813,V40_C_E1_C4_2T,incremental_velocity,Y,0.20378074795007706,0.43524911999702454,1.0114258527755737,True,496,266,198,1.2691934446726394
R4_LHS_03,physics,20260813,V40_C_E1_C4_2T,total_displacement,Z,0.03828970715403557,0.05382748171687127,0.8319163918495178,True,508,1,361,8.335999999999995
R4_LHS_03,physics,20260813,V40_C_E1_C4_2T,incremental_velocity,Z,0.13944342732429504,0.2535383701324463,1.8361775875091553,True,508,265,265,0.0
R4_LHS_03,physics,20260813,V52_A_E1_C4_2T,total_displacement,X,0.09855109080672264,0.181301087141037,0.3628367781639099,True,496,187,187,0.0
R4_LHS_03,physics,20260813,V52_A_E1_C4_2T,incremental_velocity,X,0.44422823190689087,0.7498860657215118,0.8911740779876709,True,496,50,50,0.0
R4_LHS_03,physics,20260813,V52_A_E1_C4_2T,total_displacement,Y,0.03724457509815693,0.14413627237081528,0.4977041780948639,True,496,280,280,0.0
R4_LHS_03,physics,20260813,V52_A_E1_C4_2T,incremental_velocity,Y,0.1941559687256813,0.3860039561986923,1.0436022281646729,True,496,266,266,0.0
R4_LHS_03,physics,20260813,V52_A_E1_C4_2T,total_displacement,Z,0.031711312010884285,0.05122333429753781,1.6916887760162354,True,508,361,72,7.811999999999991
R4_LHS_03,physics,20260813,V52_A_E1_C4_2T,incremental_velocity,Z,0.175386443734169,0.26794312596321107,1.0909425020217896,True,508,265,265,0.0
R4_LHS_03,physics,20260813,V52_B_E1_C4_2T,total_displacement,X,0.11926524713635445,0.2218099981546402,0.39931580424308777,True,496,187,187,0.0
R4_LHS_03,physics,20260813,V52_B_E1_C4_2T,incremental_velocity,X,0.4554586708545685,0.7163844108581543,0.891670823097229,True,496,70,493,135.2904268601441
R4_LHS_03,physics,20260813,V52_B_E1_C4_2T,total_displacement,Y,0.04114353097975254,0.20726288110017776,0.7512897849082947,True,496,306,280,1.034716823373547
R4_LHS_03,physics,20260813,V52_B_E1_C4_2T,incremental_velocity,Y,0.22654113173484802,0.4201442301273346,1.0301554203033447,True,496,266,296,1.2691934446726394
R4_LHS_03,physics,20260813,V52_B_E1_C4_2T,total_displacement,Z,0.037498963996768,0.06910134926438333,0.9194285869598389,True,508,72,361,7.811999999999991
R4_LHS_03,physics,20260813,V52_B_E1_C4_2T,incremental_velocity,Z,0.17479445785284042,0.2797220289707184,1.2697890996932983,True,508,265,265,0.0
R4_LHS_03,physics,20260813,V52_CPLUS_E1_C4_2T,total_displacement,X,0.08703742176294327,0.16059522330760956,0.3040978014469147,True,496,187,187,0.0
R4_LHS_03,physics,20260813,V52_CPLUS_E1_C4_2T,incremental_velocity,X,0.44423428177833557,0.7545883655548096,0.9249013066291809,True,496,50,493,8.86000000000001
R4_LHS_03,physics,20260813,V52_CPLUS_E1_C4_2T,total_displacement,Y,0.03705932758748531,0.14245818555355072,0.500778317451477,True,496,280,280,0.0
R4_LHS_03,physics,20260813,V52_CPLUS_E1_C4_2T,incremental_velocity,Y,0.1680443212389946,0.41222596168518066,1.0480456352233887,True,496,266,296,1.2691934446726394
R4_LHS_03,physics,20260813,V52_CPLUS_E1_C4_2T,total_displacement,Z,0.032166266813874245,0.05499314591288568,1.8894288539886475,True,508,361,361,0.0
R4_LHS_03,physics,20260813,V52_CPLUS_E1_C4_2T,incremental_velocity,Z,0.11684403568506241,0.20993449240922932,1.1242064237594604,True,508,265,265,0.0
R4_LHS_03,physics,20260813,V52_C_E1_C4_2T,total_displacement,X,0.09631681069731712,0.1687665954232216,0.32412993907928467,True,496,187,187,0.0
R4_LHS_03,physics,20260813,V52_C_E1_C4_2T,incremental_velocity,X,0.4325672537088394,0.7320086061954498,0.8741723299026489,True,496,50,493,8.86000000000001
R4_LHS_03,physics,20260813,V52_C_E1_C4_2T,total_displacement,Y,0.04547390528023243,0.15383535623550415,0.48196014761924744,True,496,280,280,0.0
R4_LHS_03,physics,20260813,V52_C_E1_C4_2T,incremental_velocity,Y,0.16953619569540024,0.3951210379600525,1.0679064989089966,True,496,266,266,0.0
R4_LHS_03,physics,20260813,V52_C_E1_C4_2T,total_displacement,Z,0.04351293854415417,0.061275925114750864,1.1127172708511353,True,508,224,361,3.9059999999999957
R4_LHS_03,physics,20260813,V52_C_E1_C4_2T,incremental_velocity,Z,0.11302559822797775,0.2244213372468949,1.7202110290527344,True,508,265,265,0.0
R4_LHS_03,physics,20260813,V40_A_E2_C5_2T,total_displacement,X,0.019579938612878323,0.045000288635492325,0.10303327441215515,True,496,433,433,0.0
R4_LHS_03,physics,20260813,V40_A_E2_C5_2T,incremental_velocity,X,0.7376886010169983,1.1771544814109802,1.3228435516357422,True,496,153,153,0.0
R4_LHS_03,physics,20260813,V40_A_E2_C5_2T,total_displacement,Y,0.05365999415516853,0.19809763133525848,0.7967618107795715,True,496,306,280,1.034716823373547
R4_LHS_03,physics,20260813,V40_A_E2_C5_2T,incremental_velocity,Y,0.24552585929632187,0.48206672072410583,1.0946745872497559,True,496,265,316,2.117891640824903
R4_LHS_03,physics,20260813,V40_A_E2_C5_2T,total_displacement,Z,0.05321933701634407,0.08648667559027672,1.0943948030471802,True,508,1,443,8.86000000000001
R4_LHS_03,physics,20260813,V40_A_E2_C5_2T,incremental_velocity,Z,0.15729589015245438,0.24894707947969438,1.8857319355010986,True,508,265,265,0.0
R4_LHS_03,physics,20260813,V40_B_E2_C5_2T,total_displacement,X,0.02029502112418413,0.03868738189339638,0.0849677175283432,True,496,433,433,0.0
R4_LHS_03,physics,20260813,V40_B_E2_C5_2T,incremental_velocity,X,0.6321386396884918,0.7669410109519958,0.8851293921470642,True,496,50,493,8.86000000000001
R4_LHS_03,physics,20260813,V40_B_E2_C5_2T,total_displacement,Y,0.04128836654126644,0.14032669365406036,0.5649920105934143,True,496,280,280,0.0
R4_LHS_03,physics,20260813,V40_B_E2_C5_2T,incremental_velocity,Y,0.20812010020017624,0.4629143625497818,1.0263742208480835,True,496,266,266,0.0
R4_LHS_03,physics,20260813,V40_B_E2_C5_2T,total_displacement,Z,0.031230319291353226,0.05187250971794129,1.9328889846801758,True,508,443,443,0.0
R4_LHS_03,physics,20260813,V40_B_E2_C5_2T,incremental_velocity,Z,0.14434663206338882,0.2448832869529724,1.3528743982315063,True,508,265,265,0.0
R4_LHS_03,physics,20260813,V40_CPLUS_E2_C5_2T,total_displacement,X,0.02599289547652006,0.05158050172030926,0.1261643022298813,True,496,433,433,0.0
R4_LHS_03,physics,20260813,V40_CPLUS_E2_C5_2T,incremental_velocity,X,0.4471054673194885,0.6255989670753479,0.8498545289039612,True,496,153,153,0.0
R4_LHS_03,physics,20260813,V40_CPLUS_E2_C5_2T,total_displacement,Y,0.04403001628816128,0.13835440576076508,0.5425398945808411,True,496,280,280,0.0
R4_LHS_03,physics,20260813,V40_CPLUS_E2_C5_2T,incremental_velocity,Y,0.18671834468841553,0.4331385940313339,0.9730342030525208,True,496,266,296,1.2691934446726394
R4_LHS_03,physics,20260813,V40_CPLUS_E2_C5_2T,total_displacement,Z,0.034902483224868774,0.0572915218770504,2.0230422019958496,True,508,443,443,0.0
R4_LHS_03,physics,20260813,V40_CPLUS_E2_C5_2T,incremental_velocity,Z,0.12164358794689178,0.2251145780086518,1.223661184310913,True,508,265,265,0.0
R4_LHS_03,physics,20260813,V40_C_E2_C5_2T,total_displacement,X,0.0249111233279109,0.056179191917181015,0.13080906867980957,True,496,433,433,0.0
R4_LHS_03,physics,20260813,V40_C_E2_C5_2T,incremental_velocity,X,0.5586615800857544,0.8211022615432739,0.897991955280304,True,496,153,493,135.25712142434497
R4_LHS_03,physics,20260813,V40_C_E2_C5_2T,total_displacement,Y,0.045445794239640236,0.1943790689110756,0.8511129021644592,True,496,280,280,0.0
R4_LHS_03,physics,20260813,V40_C_E2_C5_2T,incremental_velocity,Y,0.20600773394107819,0.4171890616416931,1.0114662647247314,True,496,265,265,0.0
R4_LHS_03,physics,20260813,V40_C_E2_C5_2T,total_displacement,Z,0.0466356985270977,0.08985307440161705,0.7836909294128418,True,508,72,443,8.336000000000006
R4_LHS_03,physics,20260813,V40_C_E2_C5_2T,incremental_velocity,Z,0.11452661454677582,0.22525749653577806,1.5568442344665527,True,508,265,265,0.0
R4_LHS_03,physics,20260813,V52_A_E2_C5_2T,total_displacement,X,0.013307312037795782,0.02911248989403248,0.06255636364221573,True,496,36,36,0.0
R4_LHS_03,physics,20260813,V52_A_E2_C5_2T,incremental_velocity,X,0.6606243550777435,0.9311359822750092,1.034674048423767,True,496,50,493,8.86000000000001
R4_LHS_03,physics,20260813,V52_A_E2_C5_2T,total_displacement,Y,0.035461485385894775,0.16111789643764496,0.46270716190338135,True,496,280,280,0.0
R4_LHS_03,physics,20260813,V52_A_E2_C5_2T,incremental_velocity,Y,0.19066433608531952,0.4259819835424423,1.0777448415756226,True,496,266,266,0.0
R4_LHS_03,physics,20260813,V52_A_E2_C5_2T,total_displacement,Z,0.032844556495547295,0.05721124894917012,1.6010606288909912,True,508,443,443,0.0
R4_LHS_03,physics,20260813,V52_A_E2_C5_2T,incremental_velocity,Z,0.1264619305729866,0.2372719153761864,2.1353421211242676,True,508,265,265,0.0
R4_LHS_03,physics,20260813,V52_B_E2_C5_2T,total_displacement,X,0.017527743242681026,0.03810204938054085,0.08000530302524567,True,496,36,36,0.0
R4_LHS_03,physics,20260813,V52_B_E2_C5_2T,incremental_velocity,X,0.6110604405403137,0.7247083187103271,0.9268525242805481,True,496,50,441,135.25712142434497
R4_LHS_03,physics,20260813,V52_B_E2_C5_2T,total_displacement,Y,0.041859595105051994,0.15717314928770065,0.4623035788536072,True,496,306,280,1.034716823373547
R4_LHS_03,physics,20260813,V52_B_E2_C5_2T,incremental_velocity,Y,0.19009380042552948,0.42219921946525574,1.0966203212738037,True,496,266,198,1.2691934446726394
R4_LHS_03,physics,20260813,V52_B_E2_C5_2T,total_displacement,Z,0.04134543053805828,0.0591495055705309,0.7073032855987549,True,508,1,443,8.86000000000001
R4_LHS_03,physics,20260813,V52_B_E2_C5_2T,incremental_velocity,Z,0.12685471773147583,0.23030110299587253,1.4310816526412964,True,508,265,265,0.0
R4_LHS_03,physics,20260813,V52_CPLUS_E2_C5_2T,total_displacement,X,0.02227610070258379,0.045943453907966614,0.09537042677402496,True,496,208,208,0.0
R4_LHS_03,physics,20260813,V52_CPLUS_E2_C5_2T,incremental_velocity,X,0.5669775903224945,0.7144680917263031,0.9041488766670227,True,496,50,50,0.0
R4_LHS_03,physics,20260813,V52_CPLUS_E2_C5_2T,total_displacement,Y,0.03260764665901661,0.14488325268030167,0.4076794683933258,True,496,280,280,0.0
R4_LHS_03,physics,20260813,V52_CPLUS_E2_C5_2T,incremental_velocity,Y,0.18834546208381653,0.4752843528985977,1.385746717453003,True,496,266,266,0.0
R4_LHS_03,physics,20260813,V52_CPLUS_E2_C5_2T,total_displacement,Z,0.028836828656494617,0.05412849597632886,1.2551239728927612,True,508,443,1,8.86000000000001
R4_LHS_03,physics,20260813,V52_CPLUS_E2_C5_2T,incremental_velocity,Z,0.13278785347938538,0.23246034234762197,1.488905906677246,True,508,265,265,0.0
R4_LHS_03,physics,20260813,V52_C_E2_C5_2T,total_displacement,X,0.02087302040308714,0.0385112464427948,0.08122909814119339,True,496,36,36,0.0
R4_LHS_03,physics,20260813,V52_C_E2_C5_2T,incremental_velocity,X,0.6143214106559753,0.8637272715568542,0.9778003096580505,True,496,50,50,0.0
R4_LHS_03,physics,20260813,V52_C_E2_C5_2T,total_displacement,Y,0.03310547024011612,0.14607690274715424,0.3655441105365753,True,496,280,280,0.0
R4_LHS_03,physics,20260813,V52_C_E2_C5_2T,incremental_velocity,Y,0.19171864539384842,0.4636352062225342,1.3522764444351196,True,496,266,266,0.0
R4_LHS_03,physics,20260813,V52_C_E2_C5_2T,total_displacement,Z,0.02788667194545269,0.04877389259636403,1.147757887840271,True,508,443,443,0.0
R4_LHS_03,physics,20260813,V52_C_E2_C5_2T,incremental_velocity,Z,0.13074801117181778,0.23884779661893848,1.3945866823196411,True,508,265,265,0.0
R4_LHS_03,physics,20260813,V40_A_E3_C6_1T,total_displacement,X,0.08571064099669456,0.19393261522054672,0.7435848712921143,True,496,433,433,0.0
R4_LHS_03,physics,20260813,V40_A_E3_C6_1T,incremental_velocity,X,0.42442479729652405,0.6576063334941864,0.9356656074523926,True,496,153,50,135.00101694431785
R4_LHS_03,physics,20260813,V40_A_E3_C6_1T,total_displacement,Y,0.028584452345967293,0.1560976877808571,0.5899239778518677,True,496,207,207,0.0
R4_LHS_03,physics,20260813,V40_A_E3_C6_1T,incremental_velocity,Y,0.25912483036518097,0.6451273858547211,1.294870376586914,True,496,265,265,0.0
R4_LHS_03,physics,20260813,V40_A_E3_C6_1T,total_displacement,Z,0.01658735889941454,0.027280868217349055,0.27950742840766907,True,508,72,72,0.0
R4_LHS_03,physics,20260813,V40_A_E3_C6_1T,incremental_velocity,Z,0.12519405782222748,0.20001255422830594,1.9293376207351685,True,508,265,265,0.0
R4_LHS_03,physics,20260813,V40_B_E3_C6_1T,total_displacement,X,0.09246862679719925,0.20689423382282257,0.8184066414833069,True,496,433,433,0.0
R4_LHS_03,physics,20260813,V40_B_E3_C6_1T,incremental_velocity,X,0.4033939987421036,0.6261948049068451,0.9176895618438721,True,496,153,70,0.524
R4_LHS_03,physics,20260813,V40_B_E3_C6_1T,total_displacement,Y,0.04007563926279545,0.17506716400384903,0.651005208492279,True,496,207,207,0.0
R4_LHS_03,physics,20260813,V40_B_E3_C6_1T,incremental_velocity,Y,0.26422668993473053,0.6423358619213104,1.240848422050476,True,496,265,265,0.0
R4_LHS_03,physics,20260813,V40_B_E3_C6_1T,total_displacement,Z,0.02148392889648676,0.03023242689669132,0.7862516045570374,True,508,1,72,0.5240000000000045
R4_LHS_03,physics,20260813,V40_B_E3_C6_1T,incremental_velocity,Z,0.12067052721977234,0.22043286412954333,1.6292606592178345,True,508,265,265,0.0
R4_LHS_03,physics,20260813,V40_CPLUS_E3_C6_1T,total_displacement,X,0.10810266435146332,0.2479390799999237,0.7719031572341919,True,496,433,433,0.0
R4_LHS_03,physics,20260813,V40_CPLUS_E3_C6_1T,incremental_velocity,X,0.4695303440093994,0.7092224955558777,0.9201605916023254,True,496,153,50,135.00101694431785
R4_LHS_03,physics,20260813,V40_CPLUS_E3_C6_1T,total_displacement,Y,0.04595745913684368,0.2382902055978775,1.345306396484375,True,496,207,207,0.0
R4_LHS_03,physics,20260813,V40_CPLUS_E3_C6_1T,incremental_velocity,Y,0.29722750186920166,0.6417256593704224,1.1014630794525146,True,496,265,198,135.0166118112963
R4_LHS_03,physics,20260813,V40_CPLUS_E3_C6_1T,total_displacement,Z,0.023061244748532772,0.04701109379529953,0.3351040184497833,True,508,1,72,0.5240000000000045
R4_LHS_03,physics,20260813,V40_CPLUS_E3_C6_1T,incremental_velocity,Z,0.17183659970760345,0.27139635384082794,1.3423947095870972,True,508,265,265,0.0
R4_LHS_03,physics,20260813,V40_C_E3_C6_1T,total_displacement,X,0.09857285022735596,0.1921810582280159,0.6412770748138428,True,496,433,433,0.0
R4_LHS_03,physics,20260813,V40_C_E3_C6_1T,incremental_velocity,X,0.4075879603624344,0.5948878526687622,0.8893919587135315,True,496,50,153,135.00101694431785
R4_LHS_03,physics,20260813,V40_C_E3_C6_1T,total_displacement,Y,0.03157207742333412,0.16665615886449814,0.8074256181716919,True,496,207,207,0.0
R4_LHS_03,physics,20260813,V40_C_E3_C6_1T,incremental_velocity,Y,0.270023375749588,0.6246584057807922,1.0703717470169067,True,496,265,265,0.0
R4_LHS_03,physics,20260813,V40_C_E3_C6_1T,total_displacement,Z,0.014930505771189928,0.0277137003839016,0.7264317870140076,True,508,72,72,0.0
R4_LHS_03,physics,20260813,V40_C_E3_C6_1T,incremental_velocity,Z,0.14081332832574844,0.24243991672992712,1.3141982555389404,True,508,265,265,0.0
R4_LHS_03,physics,20260813,V52_A_E3_C6_1T,total_displacement,X,0.08394990861415863,0.17771726846694946,0.7128872275352478,True,496,433,433,0.0
R4_LHS_03,physics,20260813,V52_A_E3_C6_1T,incremental_velocity,X,0.5625449120998383,0.7715305387973785,0.9526158571243286,True,496,50,50,0.0
R4_LHS_03,physics,20260813,V52_A_E3_C6_1T,total_displacement,Y,0.02399956528097391,0.14834138751029968,0.7270424962043762,True,496,207,207,0.0
R4_LHS_03,physics,20260813,V52_A_E3_C6_1T,incremental_velocity,Y,0.31448762118816376,0.5694321990013123,1.0285556316375732,True,496,265,296,135.0166118112963
R4_LHS_03,physics,20260813,V52_A_E3_C6_1T,total_displacement,Z,0.01394596928730607,0.022789045609533785,0.7433165907859802,True,508,72,72,0.0
R4_LHS_03,physics,20260813,V52_A_E3_C6_1T,incremental_velocity,Z,0.1262168362736702,0.20809400081634524,1.1602083444595337,True,508,265,265,0.0
R4_LHS_03,physics,20260813,V52_B_E3_C6_1T,total_displacement,X,0.08302070200443268,0.1928149238228798,0.6826257109642029,True,496,433,433,0.0
R4_LHS_03,physics,20260813,V52_B_E3_C6_1T,incremental_velocity,X,0.5184843838214874,0.7335351407527924,0.995542049407959,True,496,50,50,0.0
R4_LHS_03,physics,20260813,V52_B_E3_C6_1T,total_displacement,Y,0.025330718606710434,0.15162651985883713,0.5188258290290833,True,496,207,207,0.0
R4_LHS_03,physics,20260813,V52_B_E3_C6_1T,incremental_velocity,Y,0.24501978605985641,0.5622433423995972,1.4137994050979614,True,496,266,198,1.2691934446726394
R4_LHS_03,physics,20260813,V52_B_E3_C6_1T,total_displacement,Z,0.015067674219608307,0.026859431341290475,0.34240853786468506,True,508,72,72,0.0
R4_LHS_03,physics,20260813,V52_B_E3_C6_1T,incremental_velocity,Z,0.1254526451230049,0.221265707910061,1.3903850317001343,True,508,265,265,0.0
R4_LHS_03,physics,20260813,V52_CPLUS_E3_C6_1T,total_displacement,X,0.08672729507088661,0.2050817608833313,0.7216011881828308,True,496,433,433,0.0
R4_LHS_03,physics,20260813,V52_CPLUS_E3_C6_1T,incremental_velocity,X,0.5346827507019043,0.7352993190288544,0.9556857347488403,True,496,50,50,0.0
R4_LHS_03,physics,20260813,V52_CPLUS_E3_C6_1T,total_displacement,Y,0.039949676021933556,0.14551948755979538,0.5555798411369324,True,496,207,207,0.0
R4_LHS_03,physics,20260813,V52_CPLUS_E3_C6_1T,incremental_velocity,Y,0.23895184695720673,0.58161461353302,1.0731834173202515,True,496,266,266,0.0
R4_LHS_03,physics,20260813,V52_CPLUS_E3_C6_1T,total_displacement,Z,0.030190487392246723,0.03622890524566174,0.45763877034187317,True,508,1,72,0.5240000000000045
R4_LHS_03,physics,20260813,V52_CPLUS_E3_C6_1T,incremental_velocity,Z,0.1338438019156456,0.25020565092563635,1.3923760652542114,True,508,265,265,0.0
R4_LHS_03,physics,20260813,V52_C_E3_C6_1T,total_displacement,X,0.0974087081849575,0.20904503017663956,0.7422926425933838,True,496,433,433,0.0
R4_LHS_03,physics,20260813,V52_C_E3_C6_1T,incremental_velocity,X,0.5498482882976532,0.7385750114917755,0.9398371577262878,True,496,50,70,135.0
R4_LHS_03,physics,20260813,V52_C_E3_C6_1T,total_displacement,Y,0.03699546493589878,0.16277488321065903,0.5630131363868713,True,496,207,207,0.0
R4_LHS_03,physics,20260813,V52_C_E3_C6_1T,incremental_velocity,Y,0.2494942918419838,0.5667023956775665,1.1366976499557495,True,496,265,266,135.00458240048846
R4_LHS_03,physics,20260813,V52_C_E3_C6_1T,total_displacement,Z,0.022171394899487495,0.026958931237459183,0.36325007677078247,True,508,1,72,0.5240000000000045
R4_LHS_03,physics,20260813,V52_C_E3_C6_1T,incremental_velocity,Z,0.12648306787014008,0.23051982223987583,1.3097749948501587,True,508,265,265,0.0
R4_LHS_03,physics,20260813,V40_A_E4_C7_1T,total_displacement,X,0.017584919929504395,0.03937617503106594,0.10161222517490387,True,496,433,433,0.0
R4_LHS_03,physics,20260813,V40_A_E4_C7_1T,incremental_velocity,X,0.7245050370693207,0.8289278149604797,0.9093000292778015,True,496,153,50,135.00101694431785
R4_LHS_03,physics,20260813,V40_A_E4_C7_1T,total_displacement,Y,0.03931217081844807,0.18536970764398575,0.5652135610580444,True,496,207,207,0.0
R4_LHS_03,physics,20260813,V40_A_E4_C7_1T,incremental_velocity,Y,0.2865150421857834,0.6789769530296326,1.267306923866272,True,496,265,265,0.0
R4_LHS_03,physics,20260813,V40_A_E4_C7_1T,total_displacement,Z,0.02391678187996149,0.030054725892841815,0.22867071628570557,True,508,1,1,0.0
R4_LHS_03,physics,20260813,V40_A_E4_C7_1T,incremental_velocity,Z,0.10492187738418579,0.17998785227537156,1.673898696899414,True,508,265,265,0.0
R4_LHS_03,physics,20260813,V40_B_E4_C7_1T,total_displacement,X,0.01671716570854187,0.040528010576963425,0.11687517911195755,True,496,433,433,0.0
R4_LHS_03,physics,20260813,V40_B_E4_C7_1T,incremental_velocity,X,0.6456923186779022,0.7750761806964874,0.9360737800598145,True,496,50,50,0.0
R4_LHS_03,physics,20260813,V40_B_E4_C7_1T,total_displacement,Y,0.025016016326844692,0.16190216690301895,0.6278098225593567,True,496,207,207,0.0
R4_LHS_03,physics,20260813,V40_B_E4_C7_1T,incremental_velocity,Y,0.2499881163239479,0.6630558967590332,1.3471314907073975,True,496,266,265,135.00458240048846
R4_LHS_03,physics,20260813,V40_B_E4_C7_1T,total_displacement,Z,0.013345066457986832,0.025392010249197485,0.7739018797874451,True,508,1,1,0.0
R4_LHS_03,physics,20260813,V40_B_E4_C7_1T,incremental_velocity,Z,0.09315568208694458,0.19339375793933872,2.168027639389038,True,508,265,265,0.0
R4_LHS_03,physics,20260813,V40_CPLUS_E4_C7_1T,total_displacement,X,0.024161900393664837,0.05318116582930088,0.13877688348293304,True,496,433,433,0.0
R4_LHS_03,physics,20260813,V40_CPLUS_E4_C7_1T,incremental_velocity,X,0.528184175491333,0.7131792306900024,0.8495063781738281,True,496,50,153,135.00101694431785
R4_LHS_03,physics,20260813,V40_CPLUS_E4_C7_1T,total_displacement,Y,0.039071887731552124,0.1588742807507515,0.6672884225845337,True,496,207,207,0.0
R4_LHS_03,physics,20260813,V40_CPLUS_E4_C7_1T,incremental_velocity,Y,0.23499415814876556,0.6083371639251709,1.2960143089294434,True,496,266,266,0.0
R4_LHS_03,physics,20260813,V40_CPLUS_E4_C7_1T,total_displacement,Z,0.019361961632966995,0.0337027806788683,0.9569107890129089,True,508,72,1,0.5240000000000045
R4_LHS_03,physics,20260813,V40_CPLUS_E4_C7_1T,incremental_velocity,Z,0.12151744589209557,0.22411900460720063,1.4456688165664673,True,508,265,265,0.0
R4_LHS_03,physics,20260813,V40_C_E4_C7_1T,total_displacement,X,0.017827951349318027,0.04967854544520378,0.12163179367780685,True,496,433,433,0.0
R4_LHS_03,physics,20260813,V40_C_E4_C7_1T,incremental_velocity,X,0.5797886848449707,0.7351294755935669,0.8432340621948242,True,496,153,153,0.0
R4_LHS_03,physics,20260813,V40_C_E4_C7_1T,total_displacement,Y,0.030430449172854424,0.16998987644910812,0.5977281928062439,True,496,207,207,0.0
R4_LHS_03,physics,20260813,V40_C_E4_C7_1T,incremental_velocity,Y,0.26948943734169006,0.6739511489868164,1.2849313020706177,True,496,271,265,1.112326
R4_LHS_03,physics,20260813,V40_C_E4_C7_1T,total_displacement,Z,0.016474824398756027,0.033578532561659824,0.46018075942993164,True,508,72,1,0.5240000000000045
R4_LHS_03,physics,20260813,V40_C_E4_C7_1T,incremental_velocity,Z,0.13986481726169586,0.2307917043566704,2.0033504962921143,True,508,265,265,0.0
R4_LHS_03,physics,20260813,V52_A_E4_C7_1T,total_displacement,X,0.013295489363372326,0.032091254368424416,0.07795366644859314,True,496,433,503,3.660046115141711
R4_LHS_03,physics,20260813,V52_A_E4_C7_1T,incremental_velocity,X,0.76039057970047,0.8981502652168274,0.9692398309707642,True,496,50,70,135.0
R4_LHS_03,physics,20260813,V52_A_E4_C7_1T,total_displacement,Y,0.02678826078772545,0.15106283128261566,0.6567018628120422,True,496,207,207,0.0
R4_LHS_03,physics,20260813,V52_A_E4_C7_1T,incremental_velocity,Y,0.2805127948522568,0.6033684313297272,1.3561028242111206,True,496,266,265,135.00458240048846
R4_LHS_03,physics,20260813,V52_A_E4_C7_1T,total_displacement,Z,0.015824520960450172,0.02610575370490551,0.36091482639312744,True,508,1,1,0.0
R4_LHS_03,physics,20260813,V52_A_E4_C7_1T,incremental_velocity,Z,0.12393965944647789,0.1992577522993089,1.4675188064575195,True,508,265,265,0.0
R4_LHS_03,physics,20260813,V52_B_E4_C7_1T,total_displacement,X,0.021726716309785843,0.04819665849208832,0.10488732159137726,True,496,503,503,0.0
R4_LHS_03,physics,20260813,V52_B_E4_C7_1T,incremental_velocity,X,0.745680183172226,0.8305996060371399,0.9221388697624207,True,496,153,50,135.00101694431785
R4_LHS_03,physics,20260813,V52_B_E4_C7_1T,total_displacement,Y,0.04057050310075283,0.22216735035181046,1.2981081008911133,True,496,144,207,3.7896906786502123
R4_LHS_03,physics,20260813,V52_B_E4_C7_1T,incremental_velocity,Y,0.2828224003314972,0.5988999903202057,1.1407371759414673,True,496,265,265,0.0
R4_LHS_03,physics,20260813,V52_B_E4_C7_1T,total_displacement,Z,0.021148924715816975,0.034184043481945994,0.2998450994491577,True,508,1,1,0.0
R4_LHS_03,physics,20260813,V52_B_E4_C7_1T,incremental_velocity,Z,0.1395268589258194,0.2233901157975197,1.3351879119873047,True,508,265,265,0.0
R4_LHS_03,physics,20260813,V52_CPLUS_E4_C7_1T,total_displacement,X,0.020548910833895206,0.04541430622339249,0.1274743378162384,True,496,503,503,0.0
R4_LHS_03,physics,20260813,V52_CPLUS_E4_C7_1T,incremental_velocity,X,0.5910323858261108,0.7065501809120178,0.9185820817947388,True,496,50,153,135.00101694431785
R4_LHS_03,physics,20260813,V52_CPLUS_E4_C7_1T,total_displacement,Y,0.0326689537614584,0.17120564728975296,0.6821842193603516,True,496,207,207,0.0
R4_LHS_03,physics,20260813,V52_CPLUS_E4_C7_1T,incremental_velocity,Y,0.24179169535636902,0.5920954644680023,1.23577082157135,True,496,266,265,135.00458240048846
R4_LHS_03,physics,20260813,V52_CPLUS_E4_C7_1T,total_displacement,Z,0.024488582275807858,0.03859962150454521,0.8471758961677551,True,508,1,1,0.0
R4_LHS_03,physics,20260813,V52_CPLUS_E4_C7_1T,incremental_velocity,Z,0.11050326377153397,0.2120068728923798,1.684735894203186,True,508,265,265,0.0
R4_LHS_03,physics,20260813,V52_C_E4_C7_1T,total_displacement,X,0.023456727154552937,0.053516317158937454,0.1213403195142746,True,496,503,503,0.0
R4_LHS_03,physics,20260813,V52_C_E4_C7_1T,incremental_velocity,X,0.7054905891418457,0.7923597395420074,0.9250436425209045,True,496,153,50,135.00101694431785
R4_LHS_03,physics,20260813,V52_C_E4_C7_1T,total_displacement,Y,0.04310494847595692,0.219660185277462,1.4140630960464478,True,496,144,207,3.7896906786502123
R4_LHS_03,physics,20260813,V52_C_E4_C7_1T,incremental_velocity,Y,0.2695844769477844,0.5910931527614594,1.1346516609191895,True,496,265,266,135.00458240048846
R4_LHS_03,physics,20260813,V52_C_E4_C7_1T,total_displacement,Z,0.02363330963999033,0.03934288136661054,0.2969280183315277,True,508,1,1,0.0
R4_LHS_03,physics,20260813,V52_C_E4_C7_1T,incremental_velocity,Z,0.12841369211673737,0.22745081186294558,1.3224269151687622,True,508,265,265,0.0
R4_LHS_03,physics,20260813,V40_A_E5_C9_1T,total_displacement,X,0.021658262237906456,0.04607248120009899,0.09905807673931122,True,496,433,433,0.0
R4_LHS_03,physics,20260813,V40_A_E5_C9_1T,incremental_velocity,X,0.6080377697944641,0.7033125460147858,0.80708247423172,True,496,153,153,0.0
R4_LHS_03,physics,20260813,V40_A_E5_C9_1T,total_displacement,Y,0.05310229770839214,0.20241773128509521,0.6016271710395813,True,496,207,207,0.0
R4_LHS_03,physics,20260813,V40_A_E5_C9_1T,incremental_velocity,Y,0.32956212759017944,0.7098101377487183,1.5280474424362183,True,496,265,265,0.0
R4_LHS_03,physics,20260813,V40_A_E5_C9_1T,total_displacement,Z,0.03355146013200283,0.03949754685163498,0.25514453649520874,True,508,1,1,0.0
R4_LHS_03,physics,20260813,V40_A_E5_C9_1T,incremental_velocity,Z,0.12627241760492325,0.2001148357987404,2.1556930541992188,True,508,265,265,0.0
R4_LHS_03,physics,20260813,V40_B_E5_C9_1T,total_displacement,X,0.021832406520843506,0.046953290700912476,0.11427568644285202,True,496,433,433,0.0
R4_LHS_03,physics,20260813,V40_B_E5_C9_1T,incremental_velocity,X,0.5506361424922943,0.6673770844936371,0.8127492666244507,True,496,153,153,0.0
R4_LHS_03,physics,20260813,V40_B_E5_C9_1T,total_displacement,Y,0.04917733930051327,0.1758420243859291,0.5400805473327637,True,496,207,207,0.0
R4_LHS_03,physics,20260813,V40_B_E5_C9_1T,incremental_velocity,Y,0.28880421817302704,0.6584056615829468,1.3774311542510986,True,496,266,217,135.00596598669262
R4_LHS_03,physics,20260813,V40_B_E5_C9_1T,total_displacement,Z,0.029048331081867218,0.03512379936873913,0.2596684992313385,True,508,1,1,0.0
R4_LHS_03,physics,20260813,V40_B_E5_C9_1T,incremental_velocity,Z,0.1049242913722992,0.2063746750354767,2.187596321105957,True,508,265,265,0.0
R4_LHS_03,physics,20260813,V40_CPLUS_E5_C9_1T,total_displacement,X,0.024778982624411583,0.05414331890642643,0.1475638747215271,True,496,433,433,0.0
R4_LHS_03,physics,20260813,V40_CPLUS_E5_C9_1T,incremental_velocity,X,0.5269424617290497,0.6599842607975006,0.881412148475647,True,496,153,50,135.00101694431785
R4_LHS_03,physics,20260813,V40_CPLUS_E5_C9_1T,total_displacement,Y,0.037694718688726425,0.17681244015693665,0.7190358638763428,True,496,207,207,0.0
R4_LHS_03,physics,20260813,V40_CPLUS_E5_C9_1T,incremental_velocity,Y,0.2557211369276047,0.6603713631629944,1.387600064277649,True,496,266,198,1.2691934446726394
R4_LHS_03,physics,20260813,V40_CPLUS_E5_C9_1T,total_displacement,Z,0.020677203312516212,0.035934044048190124,0.9182897210121155,True,508,1,1,0.0
R4_LHS_03,physics,20260813,V40_CPLUS_E5_C9_1T,incremental_velocity,Z,0.12739329040050507,0.24239804446697238,2.0792176723480225,True,508,265,265,0.0
R4_LHS_03,physics,20260813,V40_C_E5_C9_1T,total_displacement,X,0.01830910798162222,0.049739714711904526,0.12174013257026672,True,496,433,433,0.0
R4_LHS_03,physics,20260813,V40_C_E5_C9_1T,incremental_velocity,X,0.4857960194349289,0.6107423901557922,0.8808366656303406,True,496,153,153,0.0
R4_LHS_03,physics,20260813,V40_C_E5_C9_1T,total_displacement,Y,0.031498877331614494,0.1772247701883316,0.6029890179634094,True,496,207,207,0.0
R4_LHS_03,physics,20260813,V40_C_E5_C9_1T,incremental_velocity,Y,0.2757062762975693,0.6723146438598633,1.455092430114746,True,496,271,265,1.112326
R4_LHS_03,physics,20260813,V40_C_E5_C9_1T,total_displacement,Z,0.018662942573428154,0.03562358543276787,0.4496456980705261,True,508,72,1,0.5240000000000045
R4_LHS_03,physics,20260813,V40_C_E5_C9_1T,incremental_velocity,Z,0.14447513222694397,0.233060497045517,1.6615301370620728,True,508,265,265,0.0
R4_LHS_03,physics,20260813,V52_A_E5_C9_1T,total_displacement,X,0.012664984446018934,0.03338262066245079,0.079781673848629,True,496,433,503,3.660046115141711
R4_LHS_03,physics,20260813,V52_A_E5_C9_1T,incremental_velocity,X,0.5476248860359192,0.6957680881023407,0.9242856502532959,True,496,50,70,135.0
R4_LHS_03,physics,20260813,V52_A_E5_C9_1T,total_displacement,Y,0.025957941077649593,0.15997474640607834,0.7514346837997437,True,496,207,207,0.0
R4_LHS_03,physics,20260813,V52_A_E5_C9_1T,incremental_velocity,Y,0.2853676676750183,0.6338221430778503,1.428127646446228,True,496,266,265,135.00458240048846
R4_LHS_03,physics,20260813,V52_A_E5_C9_1T,total_displacement,Z,0.014699572697281837,0.026354379951953895,0.38345494866371155,True,508,1,1,0.0
R4_LHS_03,physics,20260813,V52_A_E5_C9_1T,incremental_velocity,Z,0.11532603576779366,0.19579543322324755,1.5805346965789795,True,508,265,265,0.0
R4_LHS_03,physics,20260813,V52_B_E5_C9_1T,total_displacement,X,0.01689927466213703,0.041237493976950645,0.10104858130216599,True,496,433,503,3.660046115141711
R4_LHS_03,physics,20260813,V52_B_E5_C9_1T,incremental_velocity,X,0.611032247543335,0.7286643981933594,0.8853391408920288,True,496,153,50,135.00101694431785
R4_LHS_03,physics,20260813,V52_B_E5_C9_1T,total_displacement,Y,0.026330547407269478,0.16671885550022125,0.7766050100326538,True,496,207,207,0.0
R4_LHS_03,physics,20260813,V52_B_E5_C9_1T,incremental_velocity,Y,0.2535046935081482,0.5550180077552795,1.142289638519287,True,496,265,265,0.0
R4_LHS_03,physics,20260813,V52_B_E5_C9_1T,total_displacement,Z,0.013937291223555803,0.024064960516989232,0.7543262839317322,True,508,72,1,0.5240000000000045
R4_LHS_03,physics,20260813,V52_B_E5_C9_1T,incremental_velocity,Z,0.10314930602908134,0.1818124905228615,1.1222355365753174,True,508,265,265,0.0
R4_LHS_03,physics,20260813,V52_CPLUS_E5_C9_1T,total_displacement,X,0.022008158266544342,0.05615076422691345,0.1390967220067978,True,496,503,503,0.0
R4_LHS_03,physics,20260813,V52_CPLUS_E5_C9_1T,incremental_velocity,X,0.5937577486038208,0.7494485676288605,0.9212206602096558,True,496,70,70,0.0
R4_LHS_03,physics,20260813,V52_CPLUS_E5_C9_1T,total_displacement,Y,0.0399940200150013,0.2182319313287735,1.4328581094741821,True,496,207,207,0.0
R4_LHS_03,physics,20260813,V52_CPLUS_E5_C9_1T,incremental_velocity,Y,0.25545087456703186,0.5811954140663147,1.1316580772399902,True,496,265,271,1.112326
R4_LHS_03,physics,20260813,V52_CPLUS_E5_C9_1T,total_displacement,Z,0.020439970307052135,0.042015103623271,0.2850108742713928,True,508,1,1,0.0
R4_LHS_03,physics,20260813,V52_CPLUS_E5_C9_1T,incremental_velocity,Z,0.12656553834676743,0.2309513300657273,1.408887267112732,True,508,265,265,0.0
R4_LHS_03,physics,20260813,V52_C_E5_C9_1T,total_displacement,X,0.019116638228297234,0.04128927178680897,0.11236143112182617,True,496,503,503,0.0
R4_LHS_03,physics,20260813,V52_C_E5_C9_1T,incremental_velocity,X,0.5515073239803314,0.6854011118412018,0.9162530899047852,True,496,50,50,0.0
R4_LHS_03,physics,20260813,V52_C_E5_C9_1T,total_displacement,Y,0.042435627430677414,0.17733297497034073,0.6173803806304932,True,496,207,207,0.0
R4_LHS_03,physics,20260813,V52_C_E5_C9_1T,incremental_velocity,Y,0.2520974576473236,0.5789430439472198,1.2363890409469604,True,496,265,266,135.00458240048846
R4_LHS_03,physics,20260813,V52_C_E5_C9_1T,total_displacement,Z,0.025316908955574036,0.03345084600150586,0.9520225524902344,True,508,1,1,0.0
R4_LHS_03,physics,20260813,V52_C_E5_C9_1T,incremental_velocity,Z,0.1066691130399704,0.20813007354736332,1.52839994430542,True,508,265,265,0.0
R4_LHS_03,physics,20260813,V40_A_E6_C10_1T,total_displacement,X,0.0817231684923172,0.1976887285709381,0.8107109069824219,True,496,433,433,0.0
R4_LHS_03,physics,20260813,V40_A_E6_C10_1T,incremental_velocity,X,0.4261380732059479,0.645192950963974,0.9506483674049377,True,496,153,153,0.0
R4_LHS_03,physics,20260813,V40_A_E6_C10_1T,total_displacement,Y,0.022895192727446556,0.1602628454566002,0.6855230331420898,True,496,207,207,0.0
R4_LHS_03,physics,20260813,V40_A_E6_C10_1T,incremental_velocity,Y,0.2882912904024124,0.6352536976337433,1.208086371421814,True,496,265,217,2.117891640824903
R4_LHS_03,physics,20260813,V40_A_E6_C10_1T,total_displacement,Z,0.011687959544360638,0.023857980966567993,0.6935861110687256,True,508,1,72,0.5240000000000045
R4_LHS_03,physics,20260813,V40_A_E6_C10_1T,incremental_velocity,Z,0.12110840901732445,0.1940633267164231,1.6958073377609253,True,508,265,265,0.0
R4_LHS_03,physics,20260813,V40_B_E6_C10_1T,total_displacement,X,0.08322280645370483,0.18600714206695557,0.6888182163238525,True,496,433,433,0.0
R4_LHS_03,physics,20260813,V40_B_E6_C10_1T,incremental_velocity,X,0.4202699512243271,0.608475923538208,0.9132495522499084,True,496,153,50,135.00101694431785
R4_LHS_03,physics,20260813,V40_B_E6_C10_1T,total_displacement,Y,0.02654148545116186,0.1590254232287407,0.7750529050827026,True,496,207,207,0.0
R4_LHS_03,physics,20260813,V40_B_E6_C10_1T,incremental_velocity,Y,0.2726479470729828,0.6159876585006714,1.1121388673782349,True,496,265,198,135.0166118112963
R4_LHS_03,physics,20260813,V40_B_E6_C10_1T,total_displacement,Z,0.014940116088837385,0.026341222412884235,0.7553560137748718,True,508,72,72,0.0
R4_LHS_03,physics,20260813,V40_B_E6_C10_1T,incremental_velocity,Z,0.12458140030503273,0.21474946588277818,1.214268684387207,True,508,265,265,0.0
R4_LHS_03,physics,20260813,V40_CPLUS_E6_C10_1T,total_displacement,X,0.11754699051380157,0.24836786091327667,0.8194437026977539,True,496,433,433,0.0
R4_LHS_03,physics,20260813,V40_CPLUS_E6_C10_1T,incremental_velocity,X,0.4960394650697708,0.7287245690822601,0.9015071392059326,True,496,153,153,0.0
R4_LHS_03,physics,20260813,V40_CPLUS_E6_C10_1T,total_displacement,Y,0.043488070368766785,0.23493337631225586,1.3115755319595337,True,496,207,207,0.0
R4_LHS_03,physics,20260813,V40_CPLUS_E6_C10_1T,incremental_velocity,Y,0.2832659184932709,0.6620108783245087,1.1023662090301514,True,496,265,265,0.0
R4_LHS_03,physics,20260813,V40_CPLUS_E6_C10_1T,total_displacement,Z,0.023245750926434994,0.04575317613780499,0.34128084778785706,True,508,1,72,0.5240000000000045
R4_LHS_03,physics,20260813,V40_CPLUS_E6_C10_1T,incremental_velocity,Z,0.1673111841082573,0.2641929239034653,1.5720645189285278,True,508,265,265,0.0
R4_LHS_03,physics,20260813,V40_C_E6_C10_1T,total_displacement,X,0.11596491187810898,0.25232354551553726,0.8205686211585999,True,496,433,433,0.0
R4_LHS_03,physics,20260813,V40_C_E6_C10_1T,incremental_velocity,X,0.4369830936193466,0.6740240454673767,0.906145453453064,True,496,153,511,8.336000000000011
R4_LHS_03,physics,20260813,V40_C_E6_C10_1T,total_displacement,Y,0.03903139568865299,0.22318269312381744,1.340801477432251,True,496,207,207,0.0
R4_LHS_03,physics,20260813,V40_C_E6_C10_1T,incremental_velocity,Y,0.30228912830352783,0.6441344916820526,1.1104413270950317,True,496,265,265,0.0
R4_LHS_03,physics,20260813,V40_C_E6_C10_1T,total_displacement,Z,0.019568522460758686,0.03833457715809346,0.30478259921073914,True,508,1,72,0.5240000000000045
R4_LHS_03,physics,20260813,V40_C_E6_C10_1T,incremental_velocity,Z,0.1504838615655899,0.23965280652046209,1.4390791654586792,True,508,265,265,0.0
R4_LHS_03,physics,20260813,V52_A_E6_C10_1T,total_displacement,X,0.0896880179643631,0.18630873411893845,0.6541250348091125,True,496,433,433,0.0
R4_LHS_03,physics,20260813,V52_A_E6_C10_1T,incremental_velocity,X,0.5787401795387268,0.7748130261898041,0.9774971008300781,True,496,50,50,0.0
R4_LHS_03,physics,20260813,V52_A_E6_C10_1T,total_displacement,Y,0.025502493605017662,0.16528278589248657,0.5838350057601929,True,496,207,207,0.0
R4_LHS_03,physics,20260813,V52_A_E6_C10_1T,incremental_velocity,Y,0.32571785151958466,0.5899185240268707,1.2236729860305786,True,496,265,198,135.0166118112963
R4_LHS_03,physics,20260813,V52_A_E6_C10_1T,total_displacement,Z,0.015093788970261812,0.021049662679433822,0.21312594413757324,True,508,1,72,0.5240000000000045
R4_LHS_03,physics,20260813,V52_A_E6_C10_1T,incremental_velocity,Z,0.1385083571076393,0.21751244068145753,1.3087953329086304,True,508,265,265,0.0
R4_LHS_03,physics,20260813,V52_B_E6_C10_1T,total_displacement,X,0.0963011272251606,0.19989587366580963,0.7174802422523499,True,496,433,433,0.0
R4_LHS_03,physics,20260813,V52_B_E6_C10_1T,incremental_velocity,X,0.5156994462013245,0.726785272359848,1.0109732151031494,True,496,50,50,0.0
R4_LHS_03,physics,20260813,V52_B_E6_C10_1T,total_displacement,Y,0.026319507509469986,0.16183854639530182,0.5745984315872192,True,496,207,207,0.0
R4_LHS_03,physics,20260813,V52_B_E6_C10_1T,incremental_velocity,Y,0.23733647167682648,0.5467012226581573,1.367559552192688,True,496,266,198,1.2691934446726394
R4_LHS_03,physics,20260813,V52_B_E6_C10_1T,total_displacement,Z,0.014331690967082977,0.02693285495042801,0.35254165530204773,True,508,72,72,0.0
R4_LHS_03,physics,20260813,V52_B_E6_C10_1T,incremental_velocity,Z,0.12275855988264084,0.21763272434473047,1.4558292627334595,True,508,265,265,0.0
R4_LHS_03,physics,20260813,V52_CPLUS_E6_C10_1T,total_displacement,X,0.0824948400259018,0.17951355874538422,0.746204137802124,True,496,433,433,0.0
R4_LHS_03,physics,20260813,V52_CPLUS_E6_C10_1T,incremental_velocity,X,0.5159386992454529,0.7318591177463531,0.8965215086936951,True,496,50,50,0.0
R4_LHS_03,physics,20260813,V52_CPLUS_E6_C10_1T,total_displacement,Y,0.03092578798532486,0.1725110113620758,0.7136848568916321,True,496,207,207,0.0
R4_LHS_03,physics,20260813,V52_CPLUS_E6_C10_1T,incremental_velocity,Y,0.23678191006183624,0.57822585105896,1.192769169807434,True,496,266,265,135.00458240048846
R4_LHS_03,physics,20260813,V52_CPLUS_E6_C10_1T,total_displacement,Z,0.02442263998091221,0.037175928056240086,0.909264326095581,True,508,1,72,0.5240000000000045
R4_LHS_03,physics,20260813,V52_CPLUS_E6_C10_1T,incremental_velocity,Z,0.11767612397670746,0.22534999251365664,1.4685392379760742,True,508,265,265,0.0
R4_LHS_03,physics,20260813,V52_C_E6_C10_1T,total_displacement,X,0.08547011762857437,0.18065296113491058,0.6229690909385681,True,496,433,433,0.0
R4_LHS_03,physics,20260813,V52_C_E6_C10_1T,incremental_velocity,X,0.5208312571048737,0.7162182033061981,0.9222264885902405,True,496,153,50,135.00101694431785
R4_LHS_03,physics,20260813,V52_C_E6_C10_1T,total_displacement,Y,0.026304121129214764,0.16001685708761215,0.7427104115486145,True,496,207,207,0.0
R4_LHS_03,physics,20260813,V52_C_E6_C10_1T,incremental_velocity,Y,0.2557581216096878,0.5579635500907898,1.055066466331482,True,496,265,266,135.00458240048846
R4_LHS_03,physics,20260813,V52_C_E6_C10_1T,total_displacement,Z,0.015070965979248285,0.02628400176763535,0.6988068222999573,True,508,72,72,0.0
R4_LHS_03,physics,20260813,V52_C_E6_C10_1T,incremental_velocity,Z,0.11602490767836571,0.21329621523618705,1.1524707078933716,True,508,265,265,0.0
R4_LHS_03,physics,20260813,V40_A_E7_C11_2T,total_displacement,X,0.01837436854839325,0.03850872069597244,0.07543385773897171,True,496,433,433,0.0
R4_LHS_03,physics,20260813,V40_A_E7_C11_2T,incremental_velocity,X,0.6927655041217804,0.7591330707073212,0.8710175156593323,True,496,50,50,0.0
R4_LHS_03,physics,20260813,V40_A_E7_C11_2T,total_displacement,Y,0.04440104030072689,0.15958551317453384,0.576789140701294,True,496,280,280,0.0
R4_LHS_03,physics,20260813,V40_A_E7_C11_2T,incremental_velocity,Y,0.2421395257115364,0.5036578476428986,1.0567914247512817,True,496,266,265,135.00458240048846
R4_LHS_03,physics,20260813,V40_A_E7_C11_2T,total_displacement,Z,0.040778376162052155,0.0601478461176157,1.805252194404602,True,508,443,443,0.0
R4_LHS_03,physics,20260813,V40_A_E7_C11_2T,incremental_velocity,Z,0.17715047299861908,0.2718095749616623,1.7248647212982178,True,508,265,265,0.0
R4_LHS_03,physics,20260813,V40_B_E7_C11_2T,total_displacement,X,0.01898908708244562,0.040912797674536705,0.08278347551822662,True,496,433,433,0.0
R4_LHS_03,physics,20260813,V40_B_E7_C11_2T,incremental_velocity,X,0.6397309303283691,0.80336993932724,0.8741418123245239,True,496,50,493,8.86000000000001
R4_LHS_03,physics,20260813,V40_B_E7_C11_2T,total_displacement,Y,0.0292195500805974,0.13907207548618317,0.345672607421875,True,496,280,280,0.0
R4_LHS_03,physics,20260813,V40_B_E7_C11_2T,incremental_velocity,Y,0.21556781977415085,0.5255341827869415,1.2025243043899536,True,496,266,296,1.2691934446726394
R4_LHS_03,physics,20260813,V40_B_E7_C11_2T,total_displacement,Z,0.02334364876151085,0.04082391783595085,1.0790705680847168,True,508,443,443,0.0
R4_LHS_03,physics,20260813,V40_B_E7_C11_2T,incremental_velocity,Z,0.1512174978852272,0.25546968877315523,1.504988193511963,True,508,265,265,0.0
R4_LHS_03,physics,20260813,V40_CPLUS_E7_C11_2T,total_displacement,X,0.026190921664237976,0.0581238754093647,0.1365714818239212,True,496,433,433,0.0
R4_LHS_03,physics,20260813,V40_CPLUS_E7_C11_2T,incremental_velocity,X,0.4559629112482071,0.6185234785079956,0.8060721158981323,True,496,50,493,8.86000000000001
R4_LHS_03,physics,20260813,V40_CPLUS_E7_C11_2T,total_displacement,Y,0.044770220294594765,0.1505056694149971,0.5453984141349792,True,496,280,280,0.0
R4_LHS_03,physics,20260813,V40_CPLUS_E7_C11_2T,incremental_velocity,Y,0.19397851824760437,0.4514087736606598,1.0443757772445679,True,496,266,266,0.0
R4_LHS_03,physics,20260813,V40_CPLUS_E7_C11_2T,total_displacement,Z,0.04125169664621353,0.06483283862471582,1.1302964687347412,True,508,443,443,0.0
R4_LHS_03,physics,20260813,V40_CPLUS_E7_C11_2T,incremental_velocity,Z,0.10441235825419426,0.20976133942604072,2.4039597511291504,True,508,265,265,0.0
R4_LHS_03,physics,20260813,V40_C_E7_C11_2T,total_displacement,X,0.022887754254043102,0.0474855862557888,0.10674925893545151,True,496,433,433,0.0
R4_LHS_03,physics,20260813,V40_C_E7_C11_2T,incremental_velocity,X,0.4927501678466797,0.6404494047164917,0.7961286902427673,True,496,50,153,135.00101694431785
R4_LHS_03,physics,20260813,V40_C_E7_C11_2T,total_displacement,Y,0.0437480304390192,0.15943460911512375,0.5065011978149414,True,496,280,280,0.0
R4_LHS_03,physics,20260813,V40_C_E7_C11_2T,incremental_velocity,Y,0.20176240801811218,0.44155122339725494,1.0406684875488281,True,496,266,316,135.00596598669262
R4_LHS_03,physics,20260813,V40_C_E7_C11_2T,total_displacement,Z,0.04040461964905262,0.059888696670532225,1.0874171257019043,True,508,443,443,0.0
R4_LHS_03,physics,20260813,V40_C_E7_C11_2T,incremental_velocity,Z,0.11338334530591965,0.2250413939356804,2.288896322250366,True,508,265,265,0.0
R4_LHS_03,physics,20260813,V52_A_E7_C11_2T,total_displacement,X,0.01772424206137657,0.03562062978744507,0.08752553164958954,True,496,36,60,4.792009909719341
R4_LHS_03,physics,20260813,V52_A_E7_C11_2T,incremental_velocity,X,0.6901316940784454,1.2001896500587463,1.3433865308761597,True,496,50,50,0.0
R4_LHS_03,physics,20260813,V52_A_E7_C11_2T,total_displacement,Y,0.04435316286981106,0.20915275067090988,0.7761091589927673,True,496,306,280,1.034716823373547
R4_LHS_03,physics,20260813,V52_A_E7_C11_2T,incremental_velocity,Y,0.24113094806671143,0.4530816972255707,1.1002094745635986,True,496,266,198,1.2691934446726394
R4_LHS_03,physics,20260813,V52_A_E7_C11_2T,total_displacement,Z,0.03237585909664631,0.059224328398704534,1.1727997064590454,True,508,1,443,8.86000000000001
R4_LHS_03,physics,20260813,V52_A_E7_C11_2T,incremental_velocity,Z,0.18511763960123062,0.2694332987070084,1.6027419567108154,True,508,265,265,0.0
R4_LHS_03,physics,20260813,V52_B_E7_C11_2T,total_displacement,X,0.024759630672633648,0.0435836985707283,0.09086120873689651,True,496,503,36,9.902761372205656
R4_LHS_03,physics,20260813,V52_B_E7_C11_2T,incremental_velocity,X,0.5715681314468384,0.7189068794250488,0.8939735889434814,True,496,50,50,0.0
R4_LHS_03,physics,20260813,V52_B_E7_C11_2T,total_displacement,Y,0.05846142955124378,0.18883046507835388,0.4588433802127838,True,496,280,280,0.0
R4_LHS_03,physics,20260813,V52_B_E7_C11_2T,incremental_velocity,Y,0.19338733702898026,0.4278261512517929,1.1343859434127808,True,496,266,198,1.2691934446726394
R4_LHS_03,physics,20260813,V52_B_E7_C11_2T,total_displacement,Z,0.06066549941897392,0.07704250365495682,0.7650919556617737,True,508,1,443,8.86000000000001
R4_LHS_03,physics,20260813,V52_B_E7_C11_2T,incremental_velocity,Z,0.12116258218884468,0.23266983777284622,1.3608543872833252,True,508,265,265,0.0
R4_LHS_03,physics,20260813,V52_CPLUS_E7_C11_2T,total_displacement,X,0.027034806087613106,0.048786573112010956,0.11308996379375458,True,496,503,208,10.30760891233149
R4_LHS_03,physics,20260813,V52_CPLUS_E7_C11_2T,incremental_velocity,X,0.5656797885894775,0.6795910894870758,0.9026191830635071,True,496,50,511,135.2904268601441
R4_LHS_03,physics,20260813,V52_CPLUS_E7_C11_2T,total_displacement,Y,0.04835320636630058,0.16011202335357666,0.43919193744659424,True,496,280,280,0.0
R4_LHS_03,physics,20260813,V52_CPLUS_E7_C11_2T,incremental_velocity,Y,0.1756787672638893,0.43391193449497223,1.1412593126296997,True,496,266,266,0.0
R4_LHS_03,physics,20260813,V52_CPLUS_E7_C11_2T,total_displacement,Z,0.04835900291800499,0.06388591825962067,0.7521349787712097,True,508,1,1,0.0
R4_LHS_03,physics,20260813,V52_CPLUS_E7_C11_2T,incremental_velocity,Z,0.10883082821965218,0.20947393476963047,1.4110537767410278,True,508,265,265,0.0
R4_LHS_03,physics,20260813,V52_C_E7_C11_2T,total_displacement,X,0.01797160692512989,0.040345676243305206,0.08712195605039597,True,496,208,36,8.556802959534613
R4_LHS_03,physics,20260813,V52_C_E7_C11_2T,incremental_velocity,X,0.5170157253742218,0.6568752825260162,0.863879919052124,True,496,70,493,135.2904268601441
R4_LHS_03,physics,20260813,V52_C_E7_C11_2T,total_displacement,Y,0.040108829736709595,0.13944820314645767,0.5148798823356628,True,496,207,280,1.0347168233735533
R4_LHS_03,physics,20260813,V52_C_E7_C11_2T,incremental_velocity,Y,0.17794177681207657,0.4032272845506668,1.0680547952651978,True,496,266,296,1.2691934446726394
R4_LHS_03,physics,20260813,V52_C_E7_C11_2T,total_displacement,Z,0.032793957740068436,0.05155824236571789,1.925527572631836,True,508,443,443,0.0
R4_LHS_03,physics,20260813,V52_C_E7_C11_2T,incremental_velocity,Z,0.1170898824930191,0.21857165992259986,1.1784007549285889,True,508,265,265,0.0
R4_LHS_03,physics,20260813,V40_A_E8_C12_2T,total_displacement,X,0.11529239639639854,0.2491874247789383,0.6075037121772766,True,496,187,187,0.0
R4_LHS_03,physics,20260813,V40_A_E8_C12_2T,incremental_velocity,X,0.40895240008831024,0.6275873184204102,0.8499678373336792,True,496,50,50,0.0
R4_LHS_03,physics,20260813,V40_A_E8_C12_2T,total_displacement,Y,0.03608299605548382,0.15267229825258255,0.3608852028846741,True,496,280,280,0.0
R4_LHS_03,physics,20260813,V40_A_E8_C12_2T,incremental_velocity,Y,0.21513618528842926,0.49969787895679474,1.1834625005722046,True,496,265,266,135.00458240048846
R4_LHS_03,physics,20260813,V40_A_E8_C12_2T,total_displacement,Z,0.03382810018956661,0.05145415998995305,0.999259352684021,True,508,443,361,0.5240000000000145
R4_LHS_03,physics,20260813,V40_A_E8_C12_2T,incremental_velocity,Z,0.1747317984700203,0.28927670121192933,1.596030831336975,True,508,265,265,0.0
R4_LHS_03,physics,20260813,V40_B_E8_C12_2T,total_displacement,X,0.14552655071020126,0.31992772221565247,0.7943059206008911,True,496,187,187,0.0
R4_LHS_03,physics,20260813,V40_B_E8_C12_2T,incremental_velocity,X,0.3860357403755188,0.6222666203975677,0.8878982067108154,True,496,153,50,135.00101694431785
R4_LHS_03,physics,20260813,V40_B_E8_C12_2T,total_displacement,Y,0.0453135147690773,0.20646601915359497,0.8601745367050171,True,496,306,280,1.034716823373547
R4_LHS_03,physics,20260813,V40_B_E8_C12_2T,incremental_velocity,Y,0.21506773680448532,0.4313031733036041,1.0178217887878418,True,496,265,266,135.00458240048846
R4_LHS_03,physics,20260813,V40_B_E8_C12_2T,total_displacement,Z,0.0353497713804245,0.06484078839421273,0.863128125667572,True,508,72,361,7.811999999999991
R4_LHS_03,physics,20260813,V40_B_E8_C12_2T,incremental_velocity,Z,0.1514522284269333,0.25229650139808657,1.319159746170044,True,508,265,265,0.0
R4_LHS_03,physics,20260813,V40_CPLUS_E8_C12_2T,total_displacement,X,0.09962718933820724,0.1808755025267601,0.34436219930648804,True,496,187,187,0.0
R4_LHS_03,physics,20260813,V40_CPLUS_E8_C12_2T,incremental_velocity,X,0.40713605284690857,0.639610767364502,0.9117245078086853,True,496,153,493,135.25712142434497
R4_LHS_03,physics,20260813,V40_CPLUS_E8_C12_2T,total_displacement,Y,0.03285685367882252,0.14726144075393677,0.4608515799045563,True,496,280,280,0.0
R4_LHS_03,physics,20260813,V40_CPLUS_E8_C12_2T,incremental_velocity,Y,0.1953151524066925,0.4593692570924759,1.0434293746948242,True,496,266,296,1.2691934446726394
R4_LHS_03,physics,20260813,V40_CPLUS_E8_C12_2T,total_displacement,Z,0.02503690216690302,0.04725905284285546,0.741133451461792,True,508,1,361,8.335999999999995
R4_LHS_03,physics,20260813,V40_CPLUS_E8_C12_2T,incremental_velocity,Z,0.12400206178426743,0.23455807119607935,1.8220349550247192,True,508,265,265,0.0
R4_LHS_03,physics,20260813,V40_C_E8_C12_2T,total_displacement,X,0.09027349576354027,0.16985344886779785,0.3458622992038727,True,496,187,187,0.0
R4_LHS_03,physics,20260813,V40_C_E8_C12_2T,incremental_velocity,X,0.38005250692367554,0.5809862613677979,0.8490599393844604,True,496,50,50,0.0
R4_LHS_03,physics,20260813,V40_C_E8_C12_2T,total_displacement,Y,0.03873640112578869,0.14480485022068024,0.5177649259567261,True,496,280,280,0.0
R4_LHS_03,physics,20260813,V40_C_E8_C12_2T,incremental_velocity,Y,0.19288186728954315,0.43046464025974274,0.9923629760742188,True,496,266,198,1.2691934446726394
R4_LHS_03,physics,20260813,V40_C_E8_C12_2T,total_displacement,Z,0.03075891174376011,0.051487352699041374,1.8242372274398804,True,508,443,361,0.5240000000000145
R4_LHS_03,physics,20260813,V40_C_E8_C12_2T,incremental_velocity,Z,0.12826798856258392,0.24517958909273152,1.2849466800689697,True,508,265,265,0.0
R4_LHS_03,physics,20260813,V52_A_E8_C12_2T,total_displacement,X,0.15843310207128525,0.3688481003046036,0.9693245887756348,True,496,187,187,0.0
R4_LHS_03,physics,20260813,V52_A_E8_C12_2T,incremental_velocity,X,0.5282995998859406,0.9263987243175507,1.2656769752502441,True,496,70,50,135.0
R4_LHS_03,physics,20260813,V52_A_E8_C12_2T,total_displacement,Y,0.05385393463075161,0.22654128819704056,0.7469140887260437,True,496,306,280,1.034716823373547
R4_LHS_03,physics,20260813,V52_A_E8_C12_2T,incremental_velocity,Y,0.24720612913370132,0.43283991515636444,1.0678036212921143,True,496,265,266,135.00458240048846
R4_LHS_03,physics,20260813,V52_A_E8_C12_2T,total_displacement,Z,0.052237728610634804,0.0758173145353794,1.1304830312728882,True,508,72,72,0.0
R4_LHS_03,physics,20260813,V52_A_E8_C12_2T,incremental_velocity,Z,0.20558913052082062,0.31649898886680605,1.3400671482086182,True,508,265,265,0.0
R4_LHS_03,physics,20260813,V52_B_E8_C12_2T,total_displacement,X,0.08000995591282845,0.14626716077327728,0.29504698514938354,True,496,187,187,0.0
R4_LHS_03,physics,20260813,V52_B_E8_C12_2T,incremental_velocity,X,0.4528859555721283,0.7336416244506836,0.904739499092102,True,496,50,50,0.0
R4_LHS_03,physics,20260813,V52_B_E8_C12_2T,total_displacement,Y,0.031067555770277977,0.15679974853992462,0.5078107118606567,True,496,280,280,0.0
R4_LHS_03,physics,20260813,V52_B_E8_C12_2T,incremental_velocity,Y,0.1876712217926979,0.4102240800857544,1.0826126337051392,True,496,266,266,0.0
R4_LHS_03,physics,20260813,V52_B_E8_C12_2T,total_displacement,Z,0.026770195923745632,0.05173399746418,1.5189487934112549,True,508,443,361,0.5240000000000145
R4_LHS_03,physics,20260813,V52_B_E8_C12_2T,incremental_velocity,Z,0.1349719688296318,0.23644411861896522,1.8245331048965454,True,508,265,265,0.0
R4_LHS_03,physics,20260813,V52_CPLUS_E8_C12_2T,total_displacement,X,0.0945575125515461,0.17841970920562744,0.3205758333206177,True,496,187,187,0.0
R4_LHS_03,physics,20260813,V52_CPLUS_E8_C12_2T,incremental_velocity,X,0.49961481988430023,0.7565386295318604,0.9172319173812866,True,496,50,50,0.0
R4_LHS_03,physics,20260813,V52_CPLUS_E8_C12_2T,total_displacement,Y,0.032074201852083206,0.1384022980928421,0.39396291971206665,True,496,280,280,0.0
R4_LHS_03,physics,20260813,V52_CPLUS_E8_C12_2T,incremental_velocity,Y,0.18709486722946167,0.47087348997592926,1.3658380508422852,True,496,266,198,1.2691934446726394
R4_LHS_03,physics,20260813,V52_CPLUS_E8_C12_2T,total_displacement,Z,0.027476090006530285,0.05149686969816685,1.2399448156356812,True,508,443,361,0.5240000000000145
R4_LHS_03,physics,20260813,V52_CPLUS_E8_C12_2T,incremental_velocity,Z,0.13795429468154907,0.2429696187376976,1.4626166820526123,True,508,265,265,0.0
R4_LHS_03,physics,20260813,V52_C_E8_C12_2T,total_displacement,X,0.09947605431079865,0.17448744922876358,0.34496164321899414,True,496,187,187,0.0
R4_LHS_03,physics,20260813,V52_C_E8_C12_2T,incremental_velocity,X,0.47281695902347565,0.7472349405288696,0.8985788226127625,True,496,50,50,0.0
R4_LHS_03,physics,20260813,V52_C_E8_C12_2T,total_displacement,Y,0.038981812074780464,0.14711587876081467,0.42317119240760803,True,496,306,280,1.034716823373547
R4_LHS_03,physics,20260813,V52_C_E8_C12_2T,incremental_velocity,Y,0.18673420697450638,0.41674624383449554,1.0840176343917847,True,496,266,198,1.2691934446726394
R4_LHS_03,physics,20260813,V52_C_E8_C12_2T,total_displacement,Z,0.033587390556931496,0.05051397532224655,0.8414112329483032,True,508,1,361,8.335999999999995
R4_LHS_03,physics,20260813,V52_C_E8_C12_2T,incremental_velocity,Z,0.12809888273477554,0.23350761979818346,1.38302481174469,True,508,265,265,0.0
R4_LHS_03,control,20260813,BASE_C1_0T,total_displacement,X,0.3849118798971176,1.282837152481079,8.511346817016602,True,496,437,437,0.0
R4_LHS_03,control,20260813,BASE_C1_0T,incremental_velocity,X,,,,False,0,0,0,0.0
R4_LHS_03,control,20260813,BASE_C1_0T,total_displacement,Y,0.03623479977250099,0.16594043374061584,2.5279083251953125,True,496,236,236,0.0
R4_LHS_03,control,20260813,BASE_C1_0T,incremental_velocity,Y,,,,False,0,0,0,0.0
R4_LHS_03,control,20260813,BASE_C1_0T,total_displacement,Z,0.036849506199359894,0.04298714771866798,0.18115772306919098,True,508,226,226,0.0
R4_LHS_03,control,20260813,BASE_C1_0T,incremental_velocity,Z,,,,False,0,0,0,0.0
R4_LHS_03,control,20260813,BASE_C2_0T,total_displacement,X,0.009949057828634977,0.014951025601476431,0.02436234802007675,True,496,433,433,0.0
R4_LHS_03,control,20260813,BASE_C2_0T,incremental_velocity,X,,,,False,0,0,0,0.0
R4_LHS_03,control,20260813,BASE_C2_0T,total_displacement,Y,0.06576468423008919,0.2308400273323059,2.650890350341797,True,496,236,236,0.0
R4_LHS_03,control,20260813,BASE_C2_0T,incremental_velocity,Y,,,,False,0,0,0,0.0
R4_LHS_03,control,20260813,BASE_C2_0T,total_displacement,Z,0.0647687166929245,0.06990576460957527,0.20205484330654144,True,508,443,443,0.0
R4_LHS_03,control,20260813,BASE_C2_0T,incremental_velocity,Z,,,,False,0,0,0,0.0
R4_LHS_03,control,20260813,BASE_C3_0T,total_displacement,X,0.30600185692310333,0.9762547612190247,7.024093151092529,True,496,437,437,0.0
R4_LHS_03,control,20260813,BASE_C3_0T,incremental_velocity,X,,,,False,0,0,0,0.0
R4_LHS_03,control,20260813,BASE_C3_0T,total_displacement,Y,0.02267469372600317,0.10797262564301491,1.7821738719940186,True,496,236,236,0.0
R4_LHS_03,control,20260813,BASE_C3_0T,incremental_velocity,Y,,,,False,0,0,0,0.0
R4_LHS_03,control,20260813,BASE_C3_0T,total_displacement,Z,0.02197218593209982,0.026732088439166544,0.130360946059227,True,508,226,226,0.0
R4_LHS_03,control,20260813,BASE_C3_0T,incremental_velocity,Z,,,,False,0,0,0,0.0
R4_LHS_03,control,20260813,BASE_C8_0T,total_displacement,X,0.011419326532632113,0.017568781040608883,0.024327095597982407,True,496,433,433,0.0
R4_LHS_03,control,20260813,BASE_C8_0T,incremental_velocity,X,,,,False,0,0,0,0.0
R4_LHS_03,control,20260813,BASE_C8_0T,total_displacement,Y,0.02642172947525978,0.11787122115492821,1.5971720218658447,True,496,433,236,10.59715891150338
R4_LHS_03,control,20260813,BASE_C8_0T,incremental_velocity,Y,,,,False,0,0,0,0.0
R4_LHS_03,control,20260813,BASE_C8_0T,total_displacement,Z,0.028570489026606083,0.03442755416035652,0.15942183136940002,True,508,443,443,0.0
R4_LHS_03,control,20260813,BASE_C8_0T,incremental_velocity,Z,,,,False,0,0,0,0.0
R4_LHS_03,control,20260813,V40_A_E1_C4_2T,total_displacement,X,0.12816394120454788,0.2063656449317932,0.39058607816696167,True,496,187,187,0.0
R4_LHS_03,control,20260813,V40_A_E1_C4_2T,incremental_velocity,X,0.40366269648075104,0.6506541073322296,0.9121849536895752,True,496,50,50,0.0
R4_LHS_03,control,20260813,V40_A_E1_C4_2T,total_displacement,Y,0.06659149378538132,0.17392903566360474,0.5603433847427368,True,496,306,280,1.034716823373547
R4_LHS_03,control,20260813,V40_A_E1_C4_2T,incremental_velocity,Y,0.24294379353523254,0.47840559482574463,1.0392528772354126,True,496,266,266,0.0
R4_LHS_03,control,20260813,V40_A_E1_C4_2T,total_displacement,Z,0.06132451817393303,0.0731269046664238,1.6548113822937012,True,508,72,361,7.811999999999991
R4_LHS_03,control,20260813,V40_A_E1_C4_2T,incremental_velocity,Z,0.22243328392505646,0.31966932117939,1.9113056659698486,True,508,265,265,0.0
R4_LHS_03,control,20260813,V40_B_E1_C4_2T,total_displacement,X,0.12986141443252563,0.2842031568288803,0.6766952276229858,True,496,187,187,0.0
R4_LHS_03,control,20260813,V40_B_E1_C4_2T,incremental_velocity,X,0.3971679359674454,0.705586314201355,1.0224703550338745,True,496,50,50,0.0
R4_LHS_03,control,20260813,V40_B_E1_C4_2T,total_displacement,Y,0.04878067225217819,0.16121406853199005,0.4311370253562927,True,496,280,280,0.0
R4_LHS_03,control,20260813,V40_B_E1_C4_2T,incremental_velocity,Y,0.22019439935684204,0.4306906461715698,1.0237492322921753,True,496,266,266,0.0
R4_LHS_03,control,20260813,V40_B_E1_C4_2T,total_displacement,Z,0.05372793227434158,0.06862759366631507,0.8027052283287048,True,508,443,361,0.5240000000000145
R4_LHS_03,control,20260813,V40_B_E1_C4_2T,incremental_velocity,Z,0.19264661520719528,0.28985653519630433,1.234277606010437,True,508,265,265,0.0
R4_LHS_03,control,20260813,V40_CPLUS_E1_C4_2T,total_displacement,X,0.12488541379570961,0.2539542466402054,0.6165217161178589,True,496,187,187,0.0
R4_LHS_03,control,20260813,V40_CPLUS_E1_C4_2T,incremental_velocity,X,0.36828337609767914,0.6250392496585846,0.9098357558250427,True,496,153,493,135.25712142434497
R4_LHS_03,control,20260813,V40_CPLUS_E1_C4_2T,total_displacement,Y,0.04087482951581478,0.17016743123531342,0.6395927667617798,True,496,280,280,0.0
R4_LHS_03,control,20260813,V40_CPLUS_E1_C4_2T,incremental_velocity,Y,0.22214698791503906,0.41328538954257965,1.130743145942688,True,496,266,266,0.0
R4_LHS_03,control,20260813,V40_CPLUS_E1_C4_2T,total_displacement,Z,0.042420269921422005,0.07566188573837282,2.8855717182159424,True,508,72,361,7.811999999999991
R4_LHS_03,control,20260813,V40_CPLUS_E1_C4_2T,incremental_velocity,Z,0.19300423562526703,0.27270206511020667,1.7177754640579224,True,508,265,265,0.0
R4_LHS_03,control,20260813,V40_C_E1_C4_2T,total_displacement,X,0.12744014710187912,0.25541190803050995,0.5644132494926453,True,496,187,187,0.0
R4_LHS_03,control,20260813,V40_C_E1_C4_2T,incremental_velocity,X,0.3908627927303314,0.6950377225875854,1.030875325202942,True,496,50,50,0.0
R4_LHS_03,control,20260813,V40_C_E1_C4_2T,total_displacement,Y,0.046321459114551544,0.1607218161225319,0.4395335614681244,True,496,280,280,0.0
R4_LHS_03,control,20260813,V40_C_E1_C4_2T,incremental_velocity,Y,0.2102331891655922,0.4157046973705292,1.0093944072723389,True,496,266,198,1.2691934446726394
R4_LHS_03,control,20260813,V40_C_E1_C4_2T,total_displacement,Z,0.049216438084840775,0.06525972858071327,0.7667477130889893,True,508,443,361,0.5240000000000145
R4_LHS_03,control,20260813,V40_C_E1_C4_2T,incremental_velocity,Z,0.18006043136119843,0.2861126512289047,1.2559431791305542,True,508,265,265,0.0
R4_LHS_03,control,20260813,V52_A_E1_C4_2T,total_displacement,X,0.08226403966546059,0.15866492688655853,0.29786503314971924,True,496,187,187,0.0
R4_LHS_03,control,20260813,V52_A_E1_C4_2T,incremental_velocity,X,0.4368303567171097,0.7115603089332581,0.8311694264411926,True,496,493,50,8.86000000000001
R4_LHS_03,control,20260813,V52_A_E1_C4_2T,total_displacement,Y,0.029530874453485012,0.12933390587568283,0.36602091789245605,True,496,280,280,0.0
R4_LHS_03,control,20260813,V52_A_E1_C4_2T,incremental_velocity,Y,0.22244106233119965,0.3755857050418854,1.1660411357879639,True,496,266,266,0.0
R4_LHS_03,control,20260813,V52_A_E1_C4_2T,total_displacement,Z,0.026098142378032207,0.03785055167973042,1.0827268362045288,True,508,443,72,8.336000000000006
R4_LHS_03,control,20260813,V52_A_E1_C4_2T,incremental_velocity,Z,0.2053569182753563,0.3013052463531494,1.0180401802062988,True,508,265,265,0.0
R4_LHS_03,control,20260813,V52_B_E1_C4_2T,total_displacement,X,0.10517197847366333,0.19542686641216278,0.42683133482933044,True,496,187,187,0.0
R4_LHS_03,control,20260813,V52_B_E1_C4_2T,incremental_velocity,X,0.44181662797927856,0.7156364023685455,0.8610305190086365,True,496,50,493,8.86000000000001
R4_LHS_03,control,20260813,V52_B_E1_C4_2T,total_displacement,Y,0.048614222556352615,0.17921723425388336,0.4734764099121094,True,496,280,280,0.0
R4_LHS_03,control,20260813,V52_B_E1_C4_2T,incremental_velocity,Y,0.2104460746049881,0.37840208411216736,1.105738639831543,True,496,266,296,1.2691934446726394
R4_LHS_03,control,20260813,V52_B_E1_C4_2T,total_displacement,Z,0.03621608205139637,0.06002743095159531,1.0320619344711304,True,508,443,361,0.5240000000000145
R4_LHS_03,control,20260813,V52_B_E1_C4_2T,incremental_velocity,Z,0.17320533841848373,0.2602135449647904,1.290265679359436,True,508,265,265,0.0
R4_LHS_03,control,20260813,V52_CPLUS_E1_C4_2T,total_displacement,X,0.0671529732644558,0.13104656338691711,0.24405083060264587,True,496,187,187,0.0
R4_LHS_03,control,20260813,V52_CPLUS_E1_C4_2T,incremental_velocity,X,0.4258042275905609,0.7012770175933838,0.9091266393661499,True,496,70,493,135.2904268601441
R4_LHS_03,control,20260813,V52_CPLUS_E1_C4_2T,total_displacement,Y,0.027192178182303905,0.11791514977812767,0.3428369462490082,True,496,280,280,0.0
R4_LHS_03,control,20260813,V52_CPLUS_E1_C4_2T,incremental_velocity,Y,0.1740095093846321,0.37941670417785645,1.2286285161972046,True,496,266,296,1.2691934446726394
R4_LHS_03,control,20260813,V52_CPLUS_E1_C4_2T,total_displacement,Z,0.022423550486564636,0.036350292339921,1.0919110774993896,True,508,361,361,0.0
R4_LHS_03,control,20260813,V52_CPLUS_E1_C4_2T,incremental_velocity,Z,0.1381218433380127,0.22399758547544485,1.0698117017745972,True,508,265,265,0.0
R4_LHS_03,control,20260813,V52_C_E1_C4_2T,total_displacement,X,0.10322022438049316,0.179014191031456,0.3451029360294342,True,496,187,187,0.0
R4_LHS_03,control,20260813,V52_C_E1_C4_2T,incremental_velocity,X,0.4245253652334213,0.702240914106369,0.8324012160301208,True,496,50,493,8.86000000000001
R4_LHS_03,control,20260813,V52_C_E1_C4_2T,total_displacement,Y,0.05533207021653652,0.18609719723463058,0.7123488187789917,True,496,280,280,0.0
R4_LHS_03,control,20260813,V52_C_E1_C4_2T,incremental_velocity,Y,0.1996055394411087,0.3918137848377228,1.0559834241867065,True,496,266,266,0.0
R4_LHS_03,control,20260813,V52_C_E1_C4_2T,total_displacement,Z,0.057200588285923004,0.07902607843279838,1.254739761352539,True,508,72,361,7.811999999999991
R4_LHS_03,control,20260813,V52_C_E1_C4_2T,incremental_velocity,Z,0.16510183364152908,0.24862670153379446,1.6136385202407837,True,508,265,265,0.0
R4_LHS_03,control,20260813,V40_A_E2_C5_2T,total_displacement,X,0.020164438523352146,0.037084609270095825,0.0787663534283638,True,496,433,433,0.0
R4_LHS_03,control,20260813,V40_A_E2_C5_2T,incremental_velocity,X,0.6159496903419495,0.8805948495864868,0.9491130113601685,True,496,50,153,135.00101694431785
R4_LHS_03,control,20260813,V40_A_E2_C5_2T,total_displacement,Y,0.049460163339972496,0.18062983453273773,0.5170773863792419,True,496,280,280,0.0
R4_LHS_03,control,20260813,V40_A_E2_C5_2T,incremental_velocity,Y,0.24176087230443954,0.457519069314003,1.074282169342041,True,496,266,316,135.00596598669262
R4_LHS_03,control,20260813,V40_A_E2_C5_2T,total_displacement,Z,0.03995845280587673,0.06344798877835275,0.9606246948242188,True,508,361,443,0.5240000000000145
R4_LHS_03,control,20260813,V40_A_E2_C5_2T,incremental_velocity,Z,0.2221800833940506,0.29451011717319486,1.6270420551300049,True,508,265,265,0.0
R4_LHS_03,control,20260813,V40_B_E2_C5_2T,total_displacement,X,0.014706175308674574,0.033376870676875114,0.0755080133676529,True,496,433,433,0.0
R4_LHS_03,control,20260813,V40_B_E2_C5_2T,incremental_velocity,X,0.58022740483284,0.7126266956329346,0.8891968727111816,True,496,493,493,0.0
R4_LHS_03,control,20260813,V40_B_E2_C5_2T,total_displacement,Y,0.030093705281615257,0.11448846384882927,0.36232638359069824,True,496,280,280,0.0
R4_LHS_03,control,20260813,V40_B_E2_C5_2T,incremental_velocity,Y,0.2071685940027237,0.4207196980714798,1.154496669769287,True,496,265,266,135.00458240048846
R4_LHS_03,control,20260813,V40_B_E2_C5_2T,total_displacement,Z,0.024781598709523678,0.03786410726606846,1.075944185256958,True,508,443,443,0.0
R4_LHS_03,control,20260813,V40_B_E2_C5_2T,incremental_velocity,Z,0.1741851568222046,0.2515339016914368,1.2141145467758179,True,508,265,265,0.0
R4_LHS_03,control,20260813,V40_CPLUS_E2_C5_2T,total_displacement,X,0.017110219225287437,0.04311649687588215,0.09641135483980179,True,496,433,433,0.0
R4_LHS_03,control,20260813,V40_CPLUS_E2_C5_2T,incremental_velocity,X,0.403351828455925,0.6064438223838806,0.8900785446166992,True,496,153,153,0.0
R4_LHS_03,control,20260813,V40_CPLUS_E2_C5_2T,total_displacement,Y,0.029350295662879944,0.11308592930436134,0.3518664538860321,True,496,280,280,0.0
R4_LHS_03,control,20260813,V40_CPLUS_E2_C5_2T,incremental_velocity,Y,0.1961575374007225,0.403752401471138,1.1241660118103027,True,496,266,296,1.2691934446726394
R4_LHS_03,control,20260813,V40_CPLUS_E2_C5_2T,total_displacement,Z,0.024878027848899364,0.039705963805317886,0.979709267616272,True,508,443,443,0.0
R4_LHS_03,control,20260813,V40_CPLUS_E2_C5_2T,incremental_velocity,Z,0.1686186119914055,0.24656239598989488,1.1606186628341675,True,508,265,265,0.0
R4_LHS_03,control,20260813,V40_C_E2_C5_2T,total_displacement,X,0.024763504043221474,0.04596829414367676,0.10817568749189377,True,496,433,433,0.0
R4_LHS_03,control,20260813,V40_C_E2_C5_2T,incremental_velocity,X,0.5037186145782471,0.7199549376964569,0.861385703086853,True,496,50,493,8.86000000000001
R4_LHS_03,control,20260813,V40_C_E2_C5_2T,total_displacement,Y,0.04786474630236626,0.17466387152671814,0.5033963322639465,True,496,280,280,0.0
R4_LHS_03,control,20260813,V40_C_E2_C5_2T,incremental_velocity,Y,0.21445809304714203,0.4127386212348938,1.0187325477600098,True,496,266,265,135.00458240048846
R4_LHS_03,control,20260813,V40_C_E2_C5_2T,total_displacement,Z,0.03829750791192055,0.06264864131808281,1.2062695026397705,True,508,443,443,0.0
R4_LHS_03,control,20260813,V40_C_E2_C5_2T,incremental_velocity,Z,0.1777416169643402,0.266757944226265,1.554131269454956,True,508,265,265,0.0
R4_LHS_03,control,20260813,V52_A_E2_C5_2T,total_displacement,X,0.015765578486025333,0.032587647438049316,0.06126253306865692,True,496,36,36,0.0
R4_LHS_03,control,20260813,V52_A_E2_C5_2T,incremental_velocity,X,0.6444193720817566,0.8219278752803802,0.9041822552680969,True,496,50,493,8.86000000000001
R4_LHS_03,control,20260813,V52_A_E2_C5_2T,total_displacement,Y,0.037886615842580795,0.16461854428052902,0.609539806842804,True,496,306,280,1.034716823373547
R4_LHS_03,control,20260813,V52_A_E2_C5_2T,incremental_velocity,Y,0.1962072253227234,0.4229023903608322,1.062361717224121,True,496,266,266,0.0
R4_LHS_03,control,20260813,V52_A_E2_C5_2T,total_displacement,Z,0.03238360211253166,0.05204570181667805,1.49711275100708,True,508,1,443,8.86000000000001
R4_LHS_03,control,20260813,V52_A_E2_C5_2T,incremental_velocity,Z,0.15480826050043106,0.23483169227838518,1.9328733682632446,True,508,265,265,0.0
R4_LHS_03,control,20260813,V52_B_E2_C5_2T,total_displacement,X,0.01759839802980423,0.036724548786878586,0.08607789129018784,True,496,36,36,0.0
R4_LHS_03,control,20260813,V52_B_E2_C5_2T,incremental_velocity,X,0.5904178619384766,0.7817435264587402,0.9028251767158508,True,496,50,441,135.25712142434497
R4_LHS_03,control,20260813,V52_B_E2_C5_2T,total_displacement,Y,0.049322694540023804,0.16371316462755203,0.43265050649642944,True,496,207,280,1.0347168233735533
R4_LHS_03,control,20260813,V52_B_E2_C5_2T,incremental_velocity,Y,0.188259057700634,0.39813366532325745,1.0559550523757935,True,496,265,198,135.0166118112963
R4_LHS_03,control,20260813,V52_B_E2_C5_2T,total_displacement,Z,0.056266095489263535,0.0739365577697754,0.9117932915687561,True,508,443,443,0.0
R4_LHS_03,control,20260813,V52_B_E2_C5_2T,incremental_velocity,Z,0.14221294224262238,0.2434953287243843,1.2340096235275269,True,508,265,265,0.0
R4_LHS_03,control,20260813,V52_CPLUS_E2_C5_2T,total_displacement,X,0.02429442759603262,0.06418522447347641,0.16592532396316528,True,496,36,208,8.556802959534613
R4_LHS_03,control,20260813,V52_CPLUS_E2_C5_2T,incremental_velocity,X,0.589485228061676,0.7481507956981659,0.8632718920707703,True,496,50,50,0.0
R4_LHS_03,control,20260813,V52_CPLUS_E2_C5_2T,total_displacement,Y,0.0428202748298645,0.1784033700823784,0.6448306441307068,True,496,280,280,0.0
R4_LHS_03,control,20260813,V52_CPLUS_E2_C5_2T,incremental_velocity,Y,0.19828731566667557,0.3922211229801178,1.2763606309890747,True,496,266,266,0.0
R4_LHS_03,control,20260813,V52_CPLUS_E2_C5_2T,total_displacement,Z,0.041338248178362846,0.07271641343832018,2.9820098876953125,True,508,1,1,0.0
R4_LHS_03,control,20260813,V52_CPLUS_E2_C5_2T,incremental_velocity,Z,0.15870773792266846,0.2424430444836617,1.7040927410125732,True,508,265,265,0.0
R4_LHS_03,control,20260813,V52_C_E2_C5_2T,total_displacement,X,0.021382632665336132,0.0519761573523283,0.12181413918733597,True,496,36,36,0.0
R4_LHS_03,control,20260813,V52_C_E2_C5_2T,incremental_velocity,X,0.6139608323574066,0.8036114275455475,0.8780466318130493,True,496,50,50,0.0
R4_LHS_03,control,20260813,V52_C_E2_C5_2T,total_displacement,Y,0.042330263182520866,0.1809925213456154,0.6159763932228088,True,496,207,280,1.0347168233735533
R4_LHS_03,control,20260813,V52_C_E2_C5_2T,incremental_velocity,Y,0.1961904987692833,0.39749056100845337,1.2653687000274658,True,496,266,266,0.0
R4_LHS_03,control,20260813,V52_C_E2_C5_2T,total_displacement,Z,0.03935496136546135,0.06806955039501192,2.7584826946258545,True,508,1,443,8.86000000000001
R4_LHS_03,control,20260813,V52_C_E2_C5_2T,incremental_velocity,Z,0.15350332856178284,0.24568268805742266,1.59038245677948,True,508,265,265,0.0
R4_LHS_03,control,20260813,V40_A_E3_C6_1T,total_displacement,X,0.10539144650101662,0.23336240649223328,1.1320406198501587,True,496,433,433,0.0
R4_LHS_03,control,20260813,V40_A_E3_C6_1T,incremental_velocity,X,0.41221584379673004,0.6192690134048462,0.9562070965766907,True,496,153,50,135.00101694431785
R4_LHS_03,control,20260813,V40_A_E3_C6_1T,total_displacement,Y,0.035338062793016434,0.18365173786878586,1.0224213600158691,True,496,207,207,0.0
R4_LHS_03,control,20260813,V40_A_E3_C6_1T,incremental_velocity,Y,0.3476508557796478,0.5759795010089874,1.2878988981246948,True,496,265,265,0.0
R4_LHS_03,control,20260813,V40_A_E3_C6_1T,total_displacement,Z,0.03280851058661938,0.04678680934011936,0.8311322927474976,True,508,1,72,0.5240000000000045
R4_LHS_03,control,20260813,V40_A_E3_C6_1T,incremental_velocity,Z,0.17807788401842117,0.23615343868732452,1.994139552116394,True,508,265,265,0.0
R4_LHS_03,control,20260813,V40_B_E3_C6_1T,total_displacement,X,0.10051896423101425,0.23097533732652664,0.7853913307189941,True,496,433,433,0.0
R4_LHS_03,control,20260813,V40_B_E3_C6_1T,incremental_velocity,X,0.41695111989974976,0.6379330456256866,0.9160605072975159,True,496,50,70,135.0
R4_LHS_03,control,20260813,V40_B_E3_C6_1T,total_displacement,Y,0.04691646061837673,0.1933126598596573,0.6320234537124634,True,496,207,207,0.0
R4_LHS_03,control,20260813,V40_B_E3_C6_1T,incremental_velocity,Y,0.3281732499599457,0.6184270083904266,1.0544588565826416,True,496,266,265,135.00458240048846
R4_LHS_03,control,20260813,V40_B_E3_C6_1T,total_displacement,Z,0.035469865426421165,0.04393145889043808,0.4674559235572815,True,508,1,72,0.5240000000000045
R4_LHS_03,control,20260813,V40_B_E3_C6_1T,incremental_velocity,Z,0.17194779962301254,0.25213111340999605,1.65521240234375,True,508,265,265,0.0
R4_LHS_03,control,20260813,V40_CPLUS_E3_C6_1T,total_displacement,X,0.1054435484111309,0.24200889468193054,0.6207481622695923,True,496,433,433,0.0
R4_LHS_03,control,20260813,V40_CPLUS_E3_C6_1T,incremental_velocity,X,0.4508432596921921,0.6520243287086487,0.9876881241798401,True,496,70,50,135.0
R4_LHS_03,control,20260813,V40_CPLUS_E3_C6_1T,total_displacement,Y,0.03964393213391304,0.17032473534345627,0.6182512044906616,True,496,207,207,0.0
R4_LHS_03,control,20260813,V40_CPLUS_E3_C6_1T,incremental_velocity,Y,0.2999983876943588,0.6170281767845154,1.2071260213851929,True,496,266,198,1.2691934446726394
R4_LHS_03,control,20260813,V40_CPLUS_E3_C6_1T,total_displacement,Z,0.02645919006317854,0.04724375940859318,0.34246036410331726,True,508,1,72,0.5240000000000045
R4_LHS_03,control,20260813,V40_CPLUS_E3_C6_1T,incremental_velocity,Z,0.18540824949741364,0.28237412571907045,1.2825549840927124,True,508,265,265,0.0
R4_LHS_03,control,20260813,V40_C_E3_C6_1T,total_displacement,X,0.0700465515255928,0.17994016408920288,0.6106638312339783,True,496,433,433,0.0
R4_LHS_03,control,20260813,V40_C_E3_C6_1T,incremental_velocity,X,0.4056786298751831,0.6048836410045624,0.9479758143424988,True,496,153,153,0.0
R4_LHS_03,control,20260813,V40_C_E3_C6_1T,total_displacement,Y,0.02318497095257044,0.1437007412314415,0.4856424033641815,True,496,207,207,0.0
R4_LHS_03,control,20260813,V40_C_E3_C6_1T,incremental_velocity,Y,0.29749900102615356,0.5583581924438477,1.3454914093017578,True,496,266,265,135.00458240048846
R4_LHS_03,control,20260813,V40_C_E3_C6_1T,total_displacement,Z,0.013147425837814808,0.01892415340989828,0.2736479640007019,True,508,1,72,0.5240000000000045
R4_LHS_03,control,20260813,V40_C_E3_C6_1T,incremental_velocity,Z,0.15923777967691422,0.24581990987062463,1.2934396266937256,True,508,265,265,0.0
R4_LHS_03,control,20260813,V52_A_E3_C6_1T,total_displacement,X,0.08518778532743454,0.15702976286411285,0.6047734618186951,True,496,433,433,0.0
R4_LHS_03,control,20260813,V52_A_E3_C6_1T,incremental_velocity,X,0.5162405669689178,0.7443525493144989,0.9100645184516907,True,496,50,50,0.0
R4_LHS_03,control,20260813,V52_A_E3_C6_1T,total_displacement,Y,0.023495499975979328,0.12274690344929695,0.5066271424293518,True,496,207,207,0.0
R4_LHS_03,control,20260813,V52_A_E3_C6_1T,incremental_velocity,Y,0.34264199435710907,0.5205811560153961,1.5693390369415283,True,496,265,296,135.0166118112963
R4_LHS_03,control,20260813,V52_A_E3_C6_1T,total_displacement,Z,0.016083665192127228,0.02071632780134678,0.2535106837749481,True,508,1,72,0.5240000000000045
R4_LHS_03,control,20260813,V52_A_E3_C6_1T,incremental_velocity,Z,0.1449894905090332,0.21988116204738617,1.070885419845581,True,508,265,265,0.0
R4_LHS_03,control,20260813,V52_B_E3_C6_1T,total_displacement,X,0.09680594131350517,0.22269517183303833,0.9654723405838013,True,496,433,433,0.0
R4_LHS_03,control,20260813,V52_B_E3_C6_1T,incremental_velocity,X,0.49367429316043854,0.7141551971435547,0.8987362384796143,True,496,50,50,0.0
R4_LHS_03,control,20260813,V52_B_E3_C6_1T,total_displacement,Y,0.04349570721387863,0.1845473349094391,1.135879397392273,True,496,207,207,0.0
R4_LHS_03,control,20260813,V52_B_E3_C6_1T,incremental_velocity,Y,0.3243376314640045,0.5244657397270203,1.2321205139160156,True,496,266,198,1.2691934446726394
R4_LHS_03,control,20260813,V52_B_E3_C6_1T,total_displacement,Z,0.039620425552129745,0.052617950737476354,0.7800590395927429,True,508,1,72,0.5240000000000045
R4_LHS_03,control,20260813,V52_B_E3_C6_1T,incremental_velocity,Z,0.1809690073132515,0.24970096796751023,1.3734195232391357,True,508,265,265,0.0
R4_LHS_03,control,20260813,V52_CPLUS_E3_C6_1T,total_displacement,X,0.08337468653917313,0.18031296133995056,0.6336165070533752,True,496,433,433,0.0
R4_LHS_03,control,20260813,V52_CPLUS_E3_C6_1T,incremental_velocity,X,0.498395100235939,0.7017145156860352,0.9180243611335754,True,496,70,50,135.0
R4_LHS_03,control,20260813,V52_CPLUS_E3_C6_1T,total_displacement,Y,0.055406248196959496,0.1530199646949768,0.5006896257400513,True,496,207,207,0.0
R4_LHS_03,control,20260813,V52_CPLUS_E3_C6_1T,incremental_velocity,Y,0.26004090905189514,0.5332842469215393,1.039707899093628,True,496,265,266,135.00458240048846
R4_LHS_03,control,20260813,V52_CPLUS_E3_C6_1T,total_displacement,Z,0.041636744514107704,0.048343109712004666,0.37193167209625244,True,508,72,72,0.0
R4_LHS_03,control,20260813,V52_CPLUS_E3_C6_1T,incremental_velocity,Z,0.15837733447551727,0.26570322513580324,1.183282732963562,True,508,265,265,0.0
R4_LHS_03,control,20260813,V52_C_E3_C6_1T,total_displacement,X,0.09275444597005844,0.20115523785352707,0.7114339470863342,True,496,433,433,0.0
R4_LHS_03,control,20260813,V52_C_E3_C6_1T,incremental_velocity,X,0.5016895085573196,0.718933641910553,0.9061123728752136,True,496,50,70,135.0
R4_LHS_03,control,20260813,V52_C_E3_C6_1T,total_displacement,Y,0.05143307149410248,0.15537962317466736,0.5441951751708984,True,496,207,207,0.0
R4_LHS_03,control,20260813,V52_C_E3_C6_1T,incremental_velocity,Y,0.268285870552063,0.5207239389419556,1.0374542474746704,True,496,265,266,135.00458240048846
R4_LHS_03,control,20260813,V52_C_E3_C6_1T,total_displacement,Z,0.033656734973192215,0.040593672543764114,0.3384023606777191,True,508,72,72,0.0
R4_LHS_03,control,20260813,V52_C_E3_C6_1T,incremental_velocity,Z,0.15246619284152985,0.25057986825704576,1.1769351959228516,True,508,265,265,0.0
R4_LHS_03,control,20260813,V40_A_E4_C7_1T,total_displacement,X,0.018103343434631824,0.03459298983216286,0.10055910050868988,True,496,433,433,0.0
R4_LHS_03,control,20260813,V40_A_E4_C7_1T,incremental_velocity,X,0.659511923789978,0.7509942054748535,0.9510459303855896,True,496,153,50,135.00101694431785
R4_LHS_03,control,20260813,V40_A_E4_C7_1T,total_displacement,Y,0.05286616086959839,0.16569042950868607,0.5838349461555481,True,496,207,207,0.0
R4_LHS_03,control,20260813,V40_A_E4_C7_1T,incremental_velocity,Y,0.2688819468021393,0.6011355221271515,1.1450246572494507,True,496,266,265,135.00458240048846
R4_LHS_03,control,20260813,V40_A_E4_C7_1T,total_displacement,Z,0.03488064371049404,0.0412312176078558,0.32206231355667114,True,508,72,1,0.5240000000000045
R4_LHS_03,control,20260813,V40_A_E4_C7_1T,incremental_velocity,Z,0.13826023787260056,0.20008423626422886,1.3710951805114746,True,508,265,265,0.0
R4_LHS_03,control,20260813,V40_B_E4_C7_1T,total_displacement,X,0.01707570254802704,0.04122133366763592,0.1300894320011139,True,496,433,433,0.0
R4_LHS_03,control,20260813,V40_B_E4_C7_1T,incremental_velocity,X,0.6737542748451233,0.8076134622097015,0.9310691952705383,True,496,153,50,135.00101694431785
R4_LHS_03,control,20260813,V40_B_E4_C7_1T,total_displacement,Y,0.03436712920665741,0.16005390882492065,0.6133638620376587,True,496,207,207,0.0
R4_LHS_03,control,20260813,V40_B_E4_C7_1T,incremental_velocity,Y,0.26469196379184723,0.6243768036365509,1.1203022003173828,True,496,266,265,135.00458240048846
R4_LHS_03,control,20260813,V40_B_E4_C7_1T,total_displacement,Z,0.030443307012319565,0.03960482105612755,0.4967741072177887,True,508,1,1,0.0
R4_LHS_03,control,20260813,V40_B_E4_C7_1T,incremental_velocity,Z,0.16674204915761948,0.2377404257655144,2.032696008682251,True,508,265,265,0.0
R4_LHS_03,control,20260813,V40_CPLUS_E4_C7_1T,total_displacement,X,0.019544863142073154,0.04365215077996254,0.1334865838289261,True,496,433,433,0.0
R4_LHS_03,control,20260813,V40_CPLUS_E4_C7_1T,incremental_velocity,X,0.5126840770244598,0.7007434666156769,0.8712994456291199,True,496,50,153,135.00101694431785
R4_LHS_03,control,20260813,V40_CPLUS_E4_C7_1T,total_displacement,Y,0.02781423833221197,0.13335020840168,0.5185270309448242,True,496,207,207,0.0
R4_LHS_03,control,20260813,V40_CPLUS_E4_C7_1T,incremental_velocity,Y,0.25298720598220825,0.5553403496742249,1.3269258737564087,True,496,266,266,0.0
R4_LHS_03,control,20260813,V40_CPLUS_E4_C7_1T,total_displacement,Z,0.01883714273571968,0.0260512687265873,0.3667938709259033,True,508,72,1,0.5240000000000045
R4_LHS_03,control,20260813,V40_CPLUS_E4_C7_1T,incremental_velocity,Z,0.15850820392370224,0.24313948303461075,1.4146649837493896,True,508,265,265,0.0
R4_LHS_03,control,20260813,V40_C_E4_C7_1T,total_displacement,X,0.02139568980783224,0.06324232742190361,0.13911794126033783,True,496,433,433,0.0
R4_LHS_03,control,20260813,V40_C_E4_C7_1T,incremental_velocity,X,0.578790694475174,0.7223922908306122,0.8891593217849731,True,496,153,153,0.0
R4_LHS_03,control,20260813,V40_C_E4_C7_1T,total_displacement,Y,0.04397458769381046,0.20386997610330582,1.0545268058776855,True,496,207,207,0.0
R4_LHS_03,control,20260813,V40_C_E4_C7_1T,incremental_velocity,Y,0.28149183094501495,0.5842227637767792,1.2616113424301147,True,496,265,265,0.0
R4_LHS_03,control,20260813,V40_C_E4_C7_1T,total_displacement,Z,0.03772424906492233,0.051443638652563094,0.769951581954956,True,508,1,1,0.0
R4_LHS_03,control,20260813,V40_C_E4_C7_1T,incremental_velocity,Z,0.1795165091753006,0.2598338693380356,2.2305872440338135,True,508,265,265,0.0
R4_LHS_03,control,20260813,V52_A_E4_C7_1T,total_displacement,X,0.015708598773926497,0.04730673134326935,0.08840131014585495,True,496,433,503,3.660046115141711
R4_LHS_03,control,20260813,V52_A_E4_C7_1T,incremental_velocity,X,0.744804322719574,0.8732063174247742,0.9536341428756714,True,496,50,70,135.0
R4_LHS_03,control,20260813,V52_A_E4_C7_1T,total_displacement,Y,0.04106908477842808,0.18178771436214447,0.9430111050605774,True,496,113,207,4.659058153534819
R4_LHS_03,control,20260813,V52_A_E4_C7_1T,incremental_velocity,Y,0.3064879775047302,0.5709658861160278,1.2372684478759766,True,496,266,265,135.00458240048846
R4_LHS_03,control,20260813,V52_A_E4_C7_1T,total_displacement,Z,0.03826068714261055,0.05359894707798958,0.7357475161552429,True,508,1,1,0.0
R4_LHS_03,control,20260813,V52_A_E4_C7_1T,incremental_velocity,Z,0.18178627640008926,0.2328971043229104,1.4320536851882935,True,508,265,265,0.0
R4_LHS_03,control,20260813,V52_B_E4_C7_1T,total_displacement,X,0.017261458560824394,0.03777699917554855,0.11107844114303589,True,496,433,503,3.660046115141711
R4_LHS_03,control,20260813,V52_B_E4_C7_1T,incremental_velocity,X,0.6952261328697205,0.7908861339092255,0.9257253408432007,True,496,50,50,0.0
R4_LHS_03,control,20260813,V52_B_E4_C7_1T,total_displacement,Y,0.0352960005402565,0.1714257299900055,0.6775113940238953,True,496,144,207,3.7896906786502123
R4_LHS_03,control,20260813,V52_B_E4_C7_1T,incremental_velocity,Y,0.2841857820749283,0.5566620826721191,1.2469760179519653,True,496,265,265,0.0
R4_LHS_03,control,20260813,V52_B_E4_C7_1T,total_displacement,Z,0.020482235588133335,0.032436101138591765,0.2844938635826111,True,508,1,1,0.0
R4_LHS_03,control,20260813,V52_B_E4_C7_1T,incremental_velocity,Z,0.150643490254879,0.22799920886754996,1.173935055732727,True,508,265,265,0.0
R4_LHS_03,control,20260813,V52_CPLUS_E4_C7_1T,total_displacement,X,0.0207328200340271,0.049712976440787315,0.1730465143918991,True,496,503,503,0.0
R4_LHS_03,control,20260813,V52_CPLUS_E4_C7_1T,incremental_velocity,X,0.5933393239974976,0.6964469254016876,0.9179321527481079,True,496,50,153,135.00101694431785
R4_LHS_03,control,20260813,V52_CPLUS_E4_C7_1T,total_displacement,Y,0.04506468400359154,0.1889164075255394,0.7793455719947815,True,496,207,207,0.0
R4_LHS_03,control,20260813,V52_CPLUS_E4_C7_1T,incremental_velocity,Y,0.2628011554479599,0.546258807182312,1.0914602279663086,True,496,266,265,135.00458240048846
R4_LHS_03,control,20260813,V52_CPLUS_E4_C7_1T,total_displacement,Z,0.036109572276473045,0.043650373443961145,0.5333828330039978,True,508,1,1,0.0
R4_LHS_03,control,20260813,V52_CPLUS_E4_C7_1T,incremental_velocity,Z,0.18381070345640182,0.2665183007717133,1.5163359642028809,True,508,265,265,0.0
R4_LHS_03,control,20260813,V52_C_E4_C7_1T,total_displacement,X,0.01939770020544529,0.04228595830500126,0.12520922720432281,True,496,503,503,0.0
R4_LHS_03,control,20260813,V52_C_E4_C7_1T,incremental_velocity,X,0.7041111886501312,0.7797257900238037,0.9352215528488159,True,496,50,50,0.0
R4_LHS_03,control,20260813,V52_C_E4_C7_1T,total_displacement,Y,0.03510339930653572,0.17095225304365158,0.628709614276886,True,496,207,207,0.0
R4_LHS_03,control,20260813,V52_C_E4_C7_1T,incremental_velocity,Y,0.2649288475513458,0.5539690852165222,1.2469605207443237,True,496,265,266,135.00458240048846
R4_LHS_03,control,20260813,V52_C_E4_C7_1T,total_displacement,Z,0.018910144455730915,0.031964172050356864,0.32636579871177673,True,508,1,1,0.0
R4_LHS_03,control,20260813,V52_C_E4_C7_1T,incremental_velocity,Z,0.14230576902627945,0.2208774849772454,1.2285256385803223,True,508,265,265,0.0
R4_LHS_03,control,20260813,V40_A_E5_C9_1T,total_displacement,X,0.02378944680094719,0.04150468856096268,0.1002768874168396,True,496,433,433,0.0
R4_LHS_03,control,20260813,V40_A_E5_C9_1T,incremental_velocity,X,0.5566594898700714,0.6394712328910828,0.8713502287864685,True,496,70,153,0.524
R4_LHS_03,control,20260813,V40_A_E5_C9_1T,total_displacement,Y,0.065556600689888,0.19340357184410095,0.6202425956726074,True,496,207,207,0.0
R4_LHS_03,control,20260813,V40_A_E5_C9_1T,incremental_velocity,Y,0.30331704020500183,0.6374212205410004,1.2106600999832153,True,496,265,265,0.0
R4_LHS_03,control,20260813,V40_A_E5_C9_1T,total_displacement,Z,0.0447057019919157,0.051253987848758696,0.36754173040390015,True,508,72,1,0.5240000000000045
R4_LHS_03,control,20260813,V40_A_E5_C9_1T,incremental_velocity,Z,0.1618838757276535,0.22716190218925478,1.6361074447631836,True,508,265,265,0.0
R4_LHS_03,control,20260813,V40_B_E5_C9_1T,total_displacement,X,0.024322526529431343,0.04373485408723354,0.10978671163320541,True,496,433,433,0.0
R4_LHS_03,control,20260813,V40_B_E5_C9_1T,incremental_velocity,X,0.5497596263885498,0.6342377066612244,0.8772819638252258,True,496,153,153,0.0
R4_LHS_03,control,20260813,V40_B_E5_C9_1T,total_displacement,Y,0.06353718787431717,0.18237482756376266,0.569860577583313,True,496,207,207,0.0
R4_LHS_03,control,20260813,V40_B_E5_C9_1T,incremental_velocity,Y,0.26918862760066986,0.5913717746734619,1.0840504169464111,True,496,265,217,2.117891640824903
R4_LHS_03,control,20260813,V40_B_E5_C9_1T,total_displacement,Z,0.0426594503223896,0.04944054856896401,0.36108359694480896,True,508,72,1,0.5240000000000045
R4_LHS_03,control,20260813,V40_B_E5_C9_1T,incremental_velocity,Z,0.1497216895222664,0.23171068280935297,1.649234414100647,True,508,265,265,0.0
R4_LHS_03,control,20260813,V40_CPLUS_E5_C9_1T,total_displacement,X,0.025645775720477104,0.056084251031279564,0.18461322784423828,True,496,433,433,0.0
R4_LHS_03,control,20260813,V40_CPLUS_E5_C9_1T,incremental_velocity,X,0.5041084885597229,0.6356534957885742,0.8516026139259338,True,496,153,50,135.00101694431785
R4_LHS_03,control,20260813,V40_CPLUS_E5_C9_1T,total_displacement,Y,0.04389599710702896,0.18950285017490387,0.606615424156189,True,496,207,207,0.0
R4_LHS_03,control,20260813,V40_CPLUS_E5_C9_1T,incremental_velocity,Y,0.26755569875240326,0.6102686524391174,1.1942546367645264,True,496,265,198,135.0166118112963
R4_LHS_03,control,20260813,V40_CPLUS_E5_C9_1T,total_displacement,Z,0.027879949659109116,0.040215531736612325,0.6178804636001587,True,508,1,1,0.0
R4_LHS_03,control,20260813,V40_CPLUS_E5_C9_1T,incremental_velocity,Z,0.18065018206834793,0.2705849915742875,2.3537087440490723,True,508,265,265,0.0
R4_LHS_03,control,20260813,V40_C_E5_C9_1T,total_displacement,X,0.022139886394143105,0.06686981767416,0.14540494978427887,True,496,433,433,0.0
R4_LHS_03,control,20260813,V40_C_E5_C9_1T,incremental_velocity,X,0.4557651877403259,0.5562823712825775,0.8489693403244019,True,496,50,153,135.00101694431785
R4_LHS_03,control,20260813,V40_C_E5_C9_1T,total_displacement,Y,0.049088140949606895,0.20688577741384506,1.0318598747253418,True,496,207,207,0.0
R4_LHS_03,control,20260813,V40_C_E5_C9_1T,incremental_velocity,Y,0.2880934625864029,0.5896145701408386,1.2166777849197388,True,496,266,265,135.00458240048846
R4_LHS_03,control,20260813,V40_C_E5_C9_1T,total_displacement,Z,0.03679734840989113,0.050349123403429986,0.7555805444717407,True,508,1,1,0.0
R4_LHS_03,control,20260813,V40_C_E5_C9_1T,incremental_velocity,Z,0.17771976441144943,0.2599058896303177,2.0049147605895996,True,508,265,265,0.0
R4_LHS_03,control,20260813,V52_A_E5_C9_1T,total_displacement,X,0.015559921506792307,0.04872424341738224,0.09133200347423553,True,496,433,503,3.660046115141711
R4_LHS_03,control,20260813,V52_A_E5_C9_1T,incremental_velocity,X,0.5624730587005615,0.6688055098056793,0.8764907121658325,True,496,50,70,135.0
R4_LHS_03,control,20260813,V52_A_E5_C9_1T,total_displacement,Y,0.041760193184018135,0.17637518048286438,0.9145203232765198,True,496,113,207,4.659058153534819
R4_LHS_03,control,20260813,V52_A_E5_C9_1T,incremental_velocity,Y,0.2972332090139389,0.5696922838687897,1.2754175662994385,True,496,266,265,135.00458240048846
R4_LHS_03,control,20260813,V52_A_E5_C9_1T,total_displacement,Z,0.0389047060161829,0.05292799957096577,0.6890568733215332,True,508,1,1,0.0
R4_LHS_03,control,20260813,V52_A_E5_C9_1T,incremental_velocity,Z,0.1817885786294937,0.22875839024782185,1.4581202268600464,True,508,265,265,0.0
R4_LHS_03,control,20260813,V52_B_E5_C9_1T,total_displacement,X,0.013923303689807653,0.031463637948036194,0.09213830530643463,True,496,503,503,0.0
R4_LHS_03,control,20260813,V52_B_E5_C9_1T,incremental_velocity,X,0.5429410338401794,0.6319186687469482,0.8036590218544006,True,496,50,50,0.0
R4_LHS_03,control,20260813,V52_B_E5_C9_1T,total_displacement,Y,0.023431245237588882,0.13269388675689697,0.5810065269470215,True,496,207,207,0.0
R4_LHS_03,control,20260813,V52_B_E5_C9_1T,incremental_velocity,Y,0.23942546546459198,0.5084002614021301,1.4293466806411743,True,496,265,265,0.0
R4_LHS_03,control,20260813,V52_B_E5_C9_1T,total_displacement,Z,0.01369566936045885,0.01901215445250273,0.32199621200561523,True,508,1,1,0.0
R4_LHS_03,control,20260813,V52_B_E5_C9_1T,incremental_velocity,Z,0.11134382709860802,0.18647756874561314,1.0453462600708008,True,508,265,265,0.0
R4_LHS_03,control,20260813,V52_CPLUS_E5_C9_1T,total_displacement,X,0.02037075348198414,0.047051241621375084,0.14316308498382568,True,496,503,503,0.0
R4_LHS_03,control,20260813,V52_CPLUS_E5_C9_1T,incremental_velocity,X,0.542433112859726,0.6921219229698181,0.9124388098716736,True,496,50,70,135.0
R4_LHS_03,control,20260813,V52_CPLUS_E5_C9_1T,total_displacement,Y,0.03146728500723839,0.1646674945950508,0.6120014190673828,True,496,207,207,0.0
R4_LHS_03,control,20260813,V52_CPLUS_E5_C9_1T,incremental_velocity,Y,0.25247347354888916,0.5482973456382751,1.281875491142273,True,496,266,271,135.0
R4_LHS_03,control,20260813,V52_CPLUS_E5_C9_1T,total_displacement,Z,0.019817786291241646,0.03750293366611004,0.4398496448993683,True,508,1,1,0.0
R4_LHS_03,control,20260813,V52_CPLUS_E5_C9_1T,incremental_velocity,Z,0.15303709357976913,0.2331954523921013,1.3888945579528809,True,508,265,265,0.0
R4_LHS_03,control,20260813,V52_C_E5_C9_1T,total_displacement,X,0.02013631910085678,0.04353701323270798,0.137600377202034,True,496,503,503,0.0
R4_LHS_03,control,20260813,V52_C_E5_C9_1T,incremental_velocity,X,0.5928052663803101,0.6680279672145844,0.9183958172798157,True,496,50,50,0.0
R4_LHS_03,control,20260813,V52_C_E5_C9_1T,total_displacement,Y,0.045566240325570107,0.18470335006713867,0.804345965385437,True,496,207,207,0.0
R4_LHS_03,control,20260813,V52_C_E5_C9_1T,incremental_velocity,Y,0.2705410420894623,0.5654717087745667,1.1340864896774292,True,496,266,266,0.0
R4_LHS_03,control,20260813,V52_C_E5_C9_1T,total_displacement,Z,0.029100374318659306,0.03749226778745651,0.6309182643890381,True,508,1,1,0.0
R4_LHS_03,control,20260813,V52_C_E5_C9_1T,incremental_velocity,Z,0.16430511325597763,0.23742467612028123,1.4333271980285645,True,508,265,265,0.0
R4_LHS_03,control,20260813,V40_A_E6_C10_1T,total_displacement,X,0.10963283851742744,0.21137167513370514,0.7166197299957275,True,496,433,433,0.0
R4_LHS_03,control,20260813,V40_A_E6_C10_1T,incremental_velocity,X,0.4646817743778229,0.6924207210540771,0.9675801992416382,True,496,50,153,135.00101694431785
R4_LHS_03,control,20260813,V40_A_E6_C10_1T,total_displacement,Y,0.036131130531430244,0.19996897131204605,0.6921954154968262,True,496,207,207,0.0
R4_LHS_03,control,20260813,V40_A_E6_C10_1T,incremental_velocity,Y,0.3555973172187805,0.619024932384491,1.0703275203704834,True,496,266,217,135.00596598669262
R4_LHS_03,control,20260813,V40_A_E6_C10_1T,total_displacement,Z,0.02386685460805893,0.03274225629866124,0.615105152130127,True,508,1,72,0.5240000000000045
R4_LHS_03,control,20260813,V40_A_E6_C10_1T,incremental_velocity,Z,0.17282113432884216,0.24381412118673326,1.6272697448730469,True,508,265,265,0.0
R4_LHS_03,control,20260813,V40_B_E6_C10_1T,total_displacement,X,0.06927093490958214,0.17440801113843918,0.6130046844482422,True,496,433,433,0.0
R4_LHS_03,control,20260813,V40_B_E6_C10_1T,incremental_velocity,X,0.407862588763237,0.6208891272544861,0.9512497186660767,True,496,153,50,135.00101694431785
R4_LHS_03,control,20260813,V40_B_E6_C10_1T,total_displacement,Y,0.02213040366768837,0.1304268091917038,0.47296208143234253,True,496,207,207,0.0
R4_LHS_03,control,20260813,V40_B_E6_C10_1T,incremental_velocity,Y,0.31275051832199097,0.5632114410400391,1.4121346473693848,True,496,266,198,1.2691934446726394
R4_LHS_03,control,20260813,V40_B_E6_C10_1T,total_displacement,Z,0.011069850530475378,0.017528762109577656,0.28614386916160583,True,508,1,72,0.5240000000000045
R4_LHS_03,control,20260813,V40_B_E6_C10_1T,incremental_velocity,Z,0.15412814170122147,0.23464262485504156,1.1819194555282593,True,508,265,265,0.0
R4_LHS_03,control,20260813,V40_CPLUS_E6_C10_1T,total_displacement,X,0.1195775493979454,0.2420046180486679,0.6899013519287109,True,496,433,433,0.0
R4_LHS_03,control,20260813,V40_CPLUS_E6_C10_1T,incremental_velocity,X,0.47289474308490753,0.6757608354091644,0.9862582683563232,True,496,70,153,0.524
R4_LHS_03,control,20260813,V40_CPLUS_E6_C10_1T,total_displacement,Y,0.0373144056648016,0.18126028031110764,0.6325764656066895,True,496,207,207,0.0
R4_LHS_03,control,20260813,V40_CPLUS_E6_C10_1T,incremental_velocity,Y,0.2916586399078369,0.6259271204471588,1.1214218139648438,True,496,266,265,135.00458240048846
R4_LHS_03,control,20260813,V40_CPLUS_E6_C10_1T,total_displacement,Z,0.021532420068979263,0.03986536413431168,0.40599408745765686,True,508,1,72,0.5240000000000045
R4_LHS_03,control,20260813,V40_CPLUS_E6_C10_1T,incremental_velocity,Z,0.1886817216873169,0.279196834564209,1.565859079360962,True,508,265,265,0.0
R4_LHS_03,control,20260813,V40_C_E6_C10_1T,total_displacement,X,0.1128845140337944,0.23089399188756943,0.7529961466789246,True,496,433,433,0.0
R4_LHS_03,control,20260813,V40_C_E6_C10_1T,incremental_velocity,X,0.4190152436494827,0.6314285397529602,0.9595078825950623,True,496,70,511,8.86000000000001
R4_LHS_03,control,20260813,V40_C_E6_C10_1T,total_displacement,Y,0.03278777934610844,0.17575524002313614,0.6012402772903442,True,496,207,207,0.0
R4_LHS_03,control,20260813,V40_C_E6_C10_1T,incremental_velocity,Y,0.305193230509758,0.6091849207878113,1.133436918258667,True,496,266,265,135.00458240048846
R4_LHS_03,control,20260813,V40_C_E6_C10_1T,total_displacement,Z,0.01842517126351595,0.03379572816193104,0.36943331360816956,True,508,72,72,0.0
R4_LHS_03,control,20260813,V40_C_E6_C10_1T,incremental_velocity,Z,0.17735110968351364,0.2613976061344147,1.443406343460083,True,508,265,265,0.0
R4_LHS_03,control,20260813,V52_A_E6_C10_1T,total_displacement,X,0.09524612873792648,0.16626433283090591,0.7125227451324463,True,496,433,433,0.0
R4_LHS_03,control,20260813,V52_A_E6_C10_1T,incremental_velocity,X,0.5274702310562134,0.7535665333271027,0.9550766944885254,True,496,50,50,0.0
R4_LHS_03,control,20260813,V52_A_E6_C10_1T,total_displacement,Y,0.03109972458332777,0.13966487348079681,0.6568389534950256,True,496,207,207,0.0
R4_LHS_03,control,20260813,V52_A_E6_C10_1T,incremental_velocity,Y,0.33907487988471985,0.5221167504787445,1.0661041736602783,True,496,265,198,135.0166118112963
R4_LHS_03,control,20260813,V52_A_E6_C10_1T,total_displacement,Z,0.023310898803174496,0.029067875631153584,0.2850452959537506,True,508,72,72,0.0
R4_LHS_03,control,20260813,V52_A_E6_C10_1T,incremental_velocity,Z,0.15989520400762558,0.23337896168231964,1.187829613685608,True,508,265,265,0.0
R4_LHS_03,control,20260813,V52_B_E6_C10_1T,total_displacement,X,0.10328169167041779,0.22814498096704483,0.8947091102600098,True,496,433,433,0.0
R4_LHS_03,control,20260813,V52_B_E6_C10_1T,incremental_velocity,X,0.49730563163757324,0.7053834497928619,0.8925150632858276,True,496,50,50,0.0
R4_LHS_03,control,20260813,V52_B_E6_C10_1T,total_displacement,Y,0.046836184337735176,0.18947703391313553,1.0369144678115845,True,496,207,207,0.0
R4_LHS_03,control,20260813,V52_B_E6_C10_1T,incremental_velocity,Y,0.3111151307821274,0.5267621278762817,1.2068666219711304,True,496,266,198,1.2691934446726394
R4_LHS_03,control,20260813,V52_B_E6_C10_1T,total_displacement,Z,0.039548054337501526,0.05102234184741974,0.7554306387901306,True,508,1,72,0.5240000000000045
R4_LHS_03,control,20260813,V52_B_E6_C10_1T,incremental_velocity,Z,0.17609228938817978,0.23851798325777057,1.4865214824676514,True,508,265,265,0.0
R4_LHS_03,control,20260813,V52_CPLUS_E6_C10_1T,total_displacement,X,0.0866091288626194,0.19141484797000885,0.7510185241699219,True,496,433,433,0.0
R4_LHS_03,control,20260813,V52_CPLUS_E6_C10_1T,incremental_velocity,X,0.5271197557449341,0.7262380719184875,0.9056139588356018,True,496,50,50,0.0
R4_LHS_03,control,20260813,V52_CPLUS_E6_C10_1T,total_displacement,Y,0.04445645026862621,0.18771325796842575,0.7751675248146057,True,496,207,207,0.0
R4_LHS_03,control,20260813,V52_CPLUS_E6_C10_1T,incremental_velocity,Y,0.271026074886322,0.557803750038147,1.0806065797805786,True,496,266,265,135.00458240048846
R4_LHS_03,control,20260813,V52_CPLUS_E6_C10_1T,total_displacement,Z,0.036288388073444366,0.04406837709248066,0.5404129028320312,True,508,1,72,0.5240000000000045
R4_LHS_03,control,20260813,V52_CPLUS_E6_C10_1T,incremental_velocity,Z,0.1910681128501892,0.26568261682987215,1.5043365955352783,True,508,265,265,0.0
R4_LHS_03,control,20260813,V52_C_E6_C10_1T,total_displacement,X,0.0679524652659893,0.16013629734516144,0.612108588218689,True,496,433,433,0.0
R4_LHS_03,control,20260813,V52_C_E6_C10_1T,incremental_velocity,X,0.46487413346767426,0.6954153180122375,0.8787619471549988,True,496,50,50,0.0
R4_LHS_03,control,20260813,V52_C_E6_C10_1T,total_displacement,Y,0.020197792910039425,0.13726471364498138,0.5309892892837524,True,496,207,207,0.0
R4_LHS_03,control,20260813,V52_C_E6_C10_1T,incremental_velocity,Y,0.25898611545562744,0.4972441494464874,1.3539087772369385,True,496,265,266,135.00458240048846
R4_LHS_03,control,20260813,V52_C_E6_C10_1T,total_displacement,Z,0.011948647908866405,0.017283972725272177,0.31387245655059814,True,508,72,72,0.0
R4_LHS_03,control,20260813,V52_C_E6_C10_1T,incremental_velocity,Z,0.13675306737422943,0.2226884603500367,1.0491974353790283,True,508,265,265,0.0
R4_LHS_03,control,20260813,V40_A_E7_C11_2T,total_displacement,X,0.01614650059491396,0.0335858128964901,0.0683654397726059,True,496,433,433,0.0
R4_LHS_03,control,20260813,V40_A_E7_C11_2T,incremental_velocity,X,0.6341882050037384,0.7039123177528381,0.8730184435844421,True,496,493,50,8.86000000000001
R4_LHS_03,control,20260813,V40_A_E7_C11_2T,total_displacement,Y,0.035955892875790596,0.13190844655036926,0.38667917251586914,True,496,280,280,0.0
R4_LHS_03,control,20260813,V40_A_E7_C11_2T,incremental_velocity,Y,0.23206209391355515,0.46756963431835175,1.2198323011398315,True,496,265,265,0.0
R4_LHS_03,control,20260813,V40_A_E7_C11_2T,total_displacement,Z,0.0303938714787364,0.043568224832415584,1.1763339042663574,True,508,443,443,0.0
R4_LHS_03,control,20260813,V40_A_E7_C11_2T,incremental_velocity,Z,0.1996346414089203,0.2823811829090119,1.3862237930297852,True,508,265,265,0.0
R4_LHS_03,control,20260813,V40_B_E7_C11_2T,total_displacement,X,0.019676009193062782,0.048370542004704475,0.10599939525127411,True,496,433,433,0.0
R4_LHS_03,control,20260813,V40_B_E7_C11_2T,incremental_velocity,X,0.5816945433616638,0.7939914464950562,0.9020550847053528,True,496,50,493,8.86000000000001
R4_LHS_03,control,20260813,V40_B_E7_C11_2T,total_displacement,Y,0.03968162462115288,0.1716940626502037,0.6161629557609558,True,496,280,280,0.0
R4_LHS_03,control,20260813,V40_B_E7_C11_2T,incremental_velocity,Y,0.23662900924682617,0.45340675115585327,1.1725549697875977,True,496,266,296,1.2691934446726394
R4_LHS_03,control,20260813,V40_B_E7_C11_2T,total_displacement,Z,0.038154738023877144,0.06233681850135327,2.4102861881256104,True,508,72,443,8.336000000000006
R4_LHS_03,control,20260813,V40_B_E7_C11_2T,incremental_velocity,Z,0.19414560496807098,0.27287985384464264,1.8386231660842896,True,508,265,265,0.0
R4_LHS_03,control,20260813,V40_CPLUS_E7_C11_2T,total_displacement,X,0.025357491336762905,0.05941048823297024,0.1419697105884552,True,496,433,433,0.0
R4_LHS_03,control,20260813,V40_CPLUS_E7_C11_2T,incremental_velocity,X,0.4678238034248352,0.698805183172226,0.8319994807243347,True,496,153,493,135.25712142434497
R4_LHS_03,control,20260813,V40_CPLUS_E7_C11_2T,total_displacement,Y,0.05836384370923042,0.18809711933135986,0.7133933305740356,True,496,280,280,0.0
R4_LHS_03,control,20260813,V40_CPLUS_E7_C11_2T,incremental_velocity,Y,0.1979186162352562,0.4367263615131378,1.0113316774368286,True,496,265,266,135.00458240048846
R4_LHS_03,control,20260813,V40_CPLUS_E7_C11_2T,total_displacement,Z,0.0751199796795845,0.10284695774316788,1.353980302810669,True,508,72,443,8.336000000000006
R4_LHS_03,control,20260813,V40_CPLUS_E7_C11_2T,incremental_velocity,Z,0.1817595511674881,0.25628153681755067,2.124181032180786,True,508,265,265,0.0
R4_LHS_03,control,20260813,V40_C_E7_C11_2T,total_displacement,X,0.021546177566051483,0.04738594591617584,0.1043219268321991,True,496,433,433,0.0
R4_LHS_03,control,20260813,V40_C_E7_C11_2T,incremental_velocity,X,0.48234380781650543,0.6687453091144562,0.816464364528656,True,496,50,153,135.00101694431785
R4_LHS_03,control,20260813,V40_C_E7_C11_2T,total_displacement,Y,0.056002888828516006,0.19017597287893295,0.6305052042007446,True,496,306,280,1.034716823373547
R4_LHS_03,control,20260813,V40_C_E7_C11_2T,incremental_velocity,Y,0.20860207825899124,0.4328911453485489,1.0120811462402344,True,496,266,316,135.00596598669262
R4_LHS_03,control,20260813,V40_C_E7_C11_2T,total_displacement,Z,0.06680599227547646,0.09098092913627626,1.4169203042984009,True,508,72,443,8.336000000000006
R4_LHS_03,control,20260813,V40_C_E7_C11_2T,incremental_velocity,Z,0.17952574789524078,0.26151539385318756,2.1133785247802734,True,508,265,265,0.0
R4_LHS_03,control,20260813,V52_A_E7_C11_2T,total_displacement,X,0.015124823432415724,0.032929036766290665,0.063987135887146,True,496,36,60,4.792009909719341
R4_LHS_03,control,20260813,V52_A_E7_C11_2T,incremental_velocity,X,0.5707440674304962,0.7088522911071777,0.8856150507926941,True,496,50,50,0.0
R4_LHS_03,control,20260813,V52_A_E7_C11_2T,total_displacement,Y,0.0474369078874588,0.1647021472454071,0.4487316310405731,True,496,280,280,0.0
R4_LHS_03,control,20260813,V52_A_E7_C11_2T,incremental_velocity,Y,0.2102554589509964,0.39872118830680847,1.1426334381103516,True,496,266,198,1.2691934446726394
R4_LHS_03,control,20260813,V52_A_E7_C11_2T,total_displacement,Z,0.03851700387895107,0.06048831604421139,0.9991119503974915,True,508,361,443,0.5240000000000145
R4_LHS_03,control,20260813,V52_A_E7_C11_2T,incremental_velocity,Z,0.1729188933968544,0.2588733583688736,1.5424326658248901,True,508,265,265,0.0
R4_LHS_03,control,20260813,V52_B_E7_C11_2T,total_displacement,X,0.024379035457968712,0.042694341391325,0.09137457609176636,True,496,503,36,9.902761372205656
R4_LHS_03,control,20260813,V52_B_E7_C11_2T,incremental_velocity,X,0.5331932306289673,0.730718582868576,0.8597067594528198,True,496,50,50,0.0
R4_LHS_03,control,20260813,V52_B_E7_C11_2T,total_displacement,Y,0.0643412135541439,0.18149182200431824,0.4692997932434082,True,496,207,280,1.0347168233735533
R4_LHS_03,control,20260813,V52_B_E7_C11_2T,incremental_velocity,Y,0.19166124612092972,0.3971063196659088,1.0619173049926758,True,496,265,198,135.0166118112963
R4_LHS_03,control,20260813,V52_B_E7_C11_2T,total_displacement,Z,0.06800102442502975,0.08524576798081399,0.9325881600379944,True,508,443,443,0.0
R4_LHS_03,control,20260813,V52_B_E7_C11_2T,incremental_velocity,Z,0.13745779544115067,0.24443253427743913,1.2518571615219116,True,508,265,265,0.0
R4_LHS_03,control,20260813,V52_CPLUS_E7_C11_2T,total_displacement,X,0.0266179870814085,0.05020270124077797,0.1128985658288002,True,496,503,208,10.30760891233149
R4_LHS_03,control,20260813,V52_CPLUS_E7_C11_2T,incremental_velocity,X,0.5345375537872314,0.7032766938209534,0.8482705354690552,True,496,70,511,8.86000000000001
R4_LHS_03,control,20260813,V52_CPLUS_E7_C11_2T,total_displacement,Y,0.05534391291439533,0.16700561344623566,0.4935559928417206,True,496,207,280,1.0347168233735533
R4_LHS_03,control,20260813,V52_CPLUS_E7_C11_2T,incremental_velocity,Y,0.17900985479354858,0.39102640748023987,1.0676300525665283,True,496,266,266,0.0
R4_LHS_03,control,20260813,V52_CPLUS_E7_C11_2T,total_displacement,Z,0.05777790583670139,0.07503378018736839,0.744401216506958,True,508,443,1,8.86000000000001
R4_LHS_03,control,20260813,V52_CPLUS_E7_C11_2T,incremental_velocity,Z,0.1356942132115364,0.2323606595396996,1.3136794567108154,True,508,265,265,0.0
R4_LHS_03,control,20260813,V52_C_E7_C11_2T,total_displacement,X,0.01489665126428008,0.034309474751353264,0.07267765700817108,True,496,208,36,8.556802959534613
R4_LHS_03,control,20260813,V52_C_E7_C11_2T,incremental_velocity,X,0.4633042961359024,0.6134290993213654,0.7432254552841187,True,496,50,493,8.86000000000001
R4_LHS_03,control,20260813,V52_C_E7_C11_2T,total_displacement,Y,0.030644468031823635,0.11263266950845718,0.3392963111400604,True,496,280,280,0.0
R4_LHS_03,control,20260813,V52_C_E7_C11_2T,incremental_velocity,Y,0.17666447162628174,0.3724653869867325,1.2878683805465698,True,496,266,296,1.2691934446726394
R4_LHS_03,control,20260813,V52_C_E7_C11_2T,total_displacement,Z,0.025654509663581848,0.037876693159341814,1.2828775644302368,True,508,443,443,0.0
R4_LHS_03,control,20260813,V52_C_E7_C11_2T,incremental_velocity,Z,0.13425064831972122,0.20952908396720887,1.1231415271759033,True,508,265,265,0.0
R4_LHS_03,control,20260813,V40_A_E8_C12_2T,total_displacement,X,0.13370663672685623,0.31377750635147095,0.8857133388519287,True,496,187,187,0.0
R4_LHS_03,control,20260813,V40_A_E8_C12_2T,incremental_velocity,X,0.40165184438228607,0.6562286615371704,0.9055769443511963,True,496,50,50,0.0
R4_LHS_03,control,20260813,V40_A_E8_C12_2T,total_displacement,Y,0.044209279119968414,0.1752042919397354,0.6350721716880798,True,496,280,280,0.0
R4_LHS_03,control,20260813,V40_A_E8_C12_2T,incremental_velocity,Y,0.24438010901212692,0.45160891115665436,1.1312209367752075,True,496,266,266,0.0
R4_LHS_03,control,20260813,V40_A_E8_C12_2T,total_displacement,Z,0.043326107785105705,0.06518733650445939,1.9162532091140747,True,508,72,361,7.811999999999991
R4_LHS_03,control,20260813,V40_A_E8_C12_2T,incremental_velocity,Z,0.21066675335168839,0.2942916989326477,1.780623197555542,True,508,265,265,0.0
R4_LHS_03,control,20260813,V40_B_E8_C12_2T,total_displacement,X,0.1284216120839119,0.29628539085388184,0.6866557002067566,True,496,187,187,0.0
R4_LHS_03,control,20260813,V40_B_E8_C12_2T,incremental_velocity,X,0.3633233308792114,0.5918061435222626,0.8773064613342285,True,496,50,50,0.0
R4_LHS_03,control,20260813,V40_B_E8_C12_2T,total_displacement,Y,0.04861329309642315,0.17398753762245178,0.5067509412765503,True,496,280,280,0.0
R4_LHS_03,control,20260813,V40_B_E8_C12_2T,incremental_velocity,Y,0.22269203513860703,0.40963760018348694,1.0348773002624512,True,496,266,266,0.0
R4_LHS_03,control,20260813,V40_B_E8_C12_2T,total_displacement,Z,0.048207489773631096,0.07582756876945496,1.0480077266693115,True,508,361,361,0.0
R4_LHS_03,control,20260813,V40_B_E8_C12_2T,incremental_velocity,Z,0.18698738515377045,0.275621247291565,1.357398509979248,True,508,265,265,0.0
R4_LHS_03,control,20260813,V40_CPLUS_E8_C12_2T,total_displacement,X,0.08757772296667099,0.1580347642302513,0.3389264941215515,True,496,187,187,0.0
R4_LHS_03,control,20260813,V40_CPLUS_E8_C12_2T,incremental_velocity,X,0.39283373951911926,0.6763536036014557,0.9696694016456604,True,496,153,493,135.25712142434497
R4_LHS_03,control,20260813,V40_CPLUS_E8_C12_2T,total_displacement,Y,0.03521260246634483,0.14700452983379364,0.44945400953292847,True,496,207,280,1.0347168233735533
R4_LHS_03,control,20260813,V40_CPLUS_E8_C12_2T,incremental_velocity,Y,0.202016182243824,0.4159337282180786,0.9968182444572449,True,496,266,296,1.2691934446726394
R4_LHS_03,control,20260813,V40_CPLUS_E8_C12_2T,total_displacement,Z,0.039222074672579765,0.05944178365170956,0.6088935136795044,True,508,443,361,0.5240000000000145
R4_LHS_03,control,20260813,V40_CPLUS_E8_C12_2T,incremental_velocity,Z,0.17813120782375336,0.2738295406103135,1.2454063892364502,True,508,265,265,0.0
R4_LHS_03,control,20260813,V40_C_E8_C12_2T,total_displacement,X,0.07611233741044998,0.1456241011619568,0.3222886323928833,True,496,187,187,0.0
R4_LHS_03,control,20260813,V40_C_E8_C12_2T,incremental_velocity,X,0.3661250174045563,0.5696996748447418,0.8896181583404541,True,496,153,50,135.00101694431785
R4_LHS_03,control,20260813,V40_C_E8_C12_2T,total_displacement,Y,0.023029823787510395,0.1222609095275402,0.3377467393875122,True,496,280,280,0.0
R4_LHS_03,control,20260813,V40_C_E8_C12_2T,incremental_velocity,Y,0.21065357327461243,0.40498410165309906,1.1420526504516602,True,496,265,198,135.0166118112963
R4_LHS_03,control,20260813,V40_C_E8_C12_2T,total_displacement,Z,0.019508750177919865,0.03368633612990379,1.0670199394226074,True,508,443,361,0.5240000000000145
R4_LHS_03,control,20260813,V40_C_E8_C12_2T,incremental_velocity,Z,0.18498767167329788,0.2702729254961014,1.240340232849121,True,508,265,265,0.0
R4_LHS_03,control,20260813,V52_A_E8_C12_2T,total_displacement,X,0.14193274825811386,0.3431890904903412,0.9632209539413452,True,496,187,187,0.0
R4_LHS_03,control,20260813,V52_A_E8_C12_2T,incremental_velocity,X,0.4540885388851166,0.7247251570224762,0.9175196290016174,True,496,50,50,0.0
R4_LHS_03,control,20260813,V52_A_E8_C12_2T,total_displacement,Y,0.06597481667995453,0.19128800928592682,0.4400438368320465,True,496,280,280,0.0
R4_LHS_03,control,20260813,V52_A_E8_C12_2T,incremental_velocity,Y,0.22844769805669785,0.3866560012102127,1.1231011152267456,True,496,266,266,0.0
R4_LHS_03,control,20260813,V52_A_E8_C12_2T,total_displacement,Z,0.05788123421370983,0.07618910148739814,0.9486013054847717,True,508,361,72,7.811999999999991
R4_LHS_03,control,20260813,V52_A_E8_C12_2T,incremental_velocity,Z,0.20577428489923477,0.29815242886543275,1.3254127502441406,True,508,265,265,0.0
R4_LHS_03,control,20260813,V52_B_E8_C12_2T,total_displacement,X,0.08416946977376938,0.15186455845832825,0.3109610974788666,True,496,187,187,0.0
R4_LHS_03,control,20260813,V52_B_E8_C12_2T,incremental_velocity,X,0.4375796616077423,0.7213713228702545,0.8774742484092712,True,496,511,50,135.2904268601441
R4_LHS_03,control,20260813,V52_B_E8_C12_2T,total_displacement,Y,0.03629606403410435,0.16857050359249115,0.553580105304718,True,496,306,280,1.034716823373547
R4_LHS_03,control,20260813,V52_B_E8_C12_2T,incremental_velocity,Y,0.209337517619133,0.39065931737422943,1.06247079372406,True,496,266,266,0.0
R4_LHS_03,control,20260813,V52_B_E8_C12_2T,total_displacement,Z,0.03491772711277008,0.0578291479498148,1.4653935432434082,True,508,72,361,7.811999999999991
R4_LHS_03,control,20260813,V52_B_E8_C12_2T,incremental_velocity,Z,0.17396735399961472,0.25878784358501433,1.6375283002853394,True,508,265,265,0.0
R4_LHS_03,control,20260813,V52_CPLUS_E8_C12_2T,total_displacement,X,0.11662336811423302,0.214850515127182,0.4591614007949829,True,496,187,187,0.0
R4_LHS_03,control,20260813,V52_CPLUS_E8_C12_2T,incremental_velocity,X,0.4327639937400818,0.7369259595870972,0.8681520223617554,True,496,50,50,0.0
R4_LHS_03,control,20260813,V52_CPLUS_E8_C12_2T,total_displacement,Y,0.040667008608579636,0.1783505380153656,0.6395804286003113,True,496,280,280,0.0
R4_LHS_03,control,20260813,V52_CPLUS_E8_C12_2T,incremental_velocity,Y,0.19991003721952438,0.3932035118341446,1.2628638744354248,True,496,266,198,1.2691934446726394
R4_LHS_03,control,20260813,V52_CPLUS_E8_C12_2T,total_displacement,Z,0.03752441331744194,0.06823268979787826,3.0536117553710938,True,508,72,361,7.811999999999991
R4_LHS_03,control,20260813,V52_CPLUS_E8_C12_2T,incremental_velocity,Z,0.16192953288555145,0.2449086353182793,1.7158856391906738,True,508,265,265,0.0
R4_LHS_03,control,20260813,V52_C_E8_C12_2T,total_displacement,X,0.0841636024415493,0.1526605784893036,0.33731967210769653,True,496,187,187,0.0
R4_LHS_03,control,20260813,V52_C_E8_C12_2T,incremental_velocity,X,0.43609924614429474,0.7421459555625916,0.8529234528541565,True,496,50,50,0.0
R4_LHS_03,control,20260813,V52_C_E8_C12_2T,total_displacement,Y,0.04216550476849079,0.1529972329735756,0.4439704418182373,True,496,280,280,0.0
R4_LHS_03,control,20260813,V52_C_E8_C12_2T,incremental_velocity,Y,0.18438854068517685,0.38683757185935974,1.0416463613510132,True,496,266,198,1.2691934446726394
R4_LHS_03,control,20260813,V52_C_E8_C12_2T,total_displacement,Z,0.0465015284717083,0.06252101063728333,0.8859479427337646,True,508,443,361,0.5240000000000145
R4_LHS_03,control,20260813,V52_C_E8_C12_2T,incremental_velocity,Z,0.1450919806957245,0.2504722982645035,1.2794467210769653,True,508,265,265,0.0
