trial_id,variant,seed,case_id,quantity,axis,band_low_hz,band_high_hz,predicted_energy,target_energy,relative_energy_error
COMMON_B2,common,-1,BASE_C1_0T,total_displacement,X,0.0,0.5,6.337560919378752e-09,1.2794898599871708e-14,495318.354812417
COMMON_B2,common,-1,BASE_C1_0T,total_displacement,X,0.5,1.0,8.694355471833574e-12,4.790725535735361e-14,180.48306361906867
COMMON_B2,common,-1,BASE_C1_0T,total_displacement,X,1.0,2.0,1.414118330078292e-10,1.6471560131371803e-10,0.1414788163357056
COMMON_B2,common,-1,BASE_C1_0T,total_displacement,X,2.0,5.0,2.440730531444424e-10,7.815018685642845e-12,30.231282094415818
COMMON_B2,common,-1,BASE_C1_0T,total_displacement,X,5.0,10.0,3.008174881781713e-11,5.677292692886491e-12,4.298608059349983
COMMON_B2,common,-1,BASE_C1_0T,total_displacement,X,10.0,20.0,2.1246137358185685e-11,3.1184464414946206e-12,5.813051869508061
COMMON_B2,common,-1,BASE_C1_0T,total_displacement,Y,0.0,0.5,9.072981688737899e-08,2.1894223932682585e-11,4143.006984049439
COMMON_B2,common,-1,BASE_C1_0T,total_displacement,Y,0.5,1.0,4.890477855226376e-10,5.645863367901659e-11,7.662054917995598
COMMON_B2,common,-1,BASE_C1_0T,total_displacement,Y,1.0,2.0,1.2286693871591527e-08,1.2415815787822197e-08,0.01039979317004014
COMMON_B2,common,-1,BASE_C1_0T,total_displacement,Y,2.0,5.0,2.0956531115866785e-08,2.1376395920276613e-08,0.019641515154178314
COMMON_B2,common,-1,BASE_C1_0T,total_displacement,Y,5.0,10.0,1.500344191331373e-09,1.4998601999572409e-09,0.0003226909908975841
COMMON_B2,common,-1,BASE_C1_0T,total_displacement,Y,10.0,20.0,4.597795507375625e-10,4.387799375965619e-10,0.04785910052320762
COMMON_B2,common,-1,BASE_C1_0T,total_displacement,Z,0.0,0.5,6.618657575380092e-08,1.2025354850925083e-11,5502.918726249424
COMMON_B2,common,-1,BASE_C1_0T,total_displacement,Z,0.5,1.0,9.235396100382788e-11,6.473638664169895e-11,0.4266159388071174
COMMON_B2,common,-1,BASE_C1_0T,total_displacement,Z,1.0,2.0,4.078972226133297e-08,4.1753547439757856e-08,0.023083671628512395
COMMON_B2,common,-1,BASE_C1_0T,total_displacement,Z,2.0,5.0,1.61938865245518e-08,1.6825845278197276e-08,0.03755881164938322
COMMON_B2,common,-1,BASE_C1_0T,total_displacement,Z,5.0,10.0,4.081821932911553e-10,3.699526556249078e-10,0.10333629745587815
COMMON_B2,common,-1,BASE_C1_0T,total_displacement,Z,10.0,20.0,1.0332418369007097e-10,9.084427391690251e-11,0.1373769554764028
COMMON_B2,common,-1,BASE_C2_0T,total_displacement,X,0.0,0.5,3.356306654217051e-09,5.1771709953119955e-12,647.2897044073368
COMMON_B2,common,-1,BASE_C2_0T,total_displacement,X,0.5,1.0,1.6948535009409278e-08,1.6746270090514675e-08,0.0120782071351619
COMMON_B2,common,-1,BASE_C2_0T,total_displacement,X,1.0,2.0,5.27633385133417e-05,5.27772613844501e-05,0.0002638043495091391
COMMON_B2,common,-1,BASE_C2_0T,total_displacement,X,2.0,5.0,4.010637658645548e-06,3.983117284552985e-06,0.006909255270812643
COMMON_B2,common,-1,BASE_C2_0T,total_displacement,X,5.0,10.0,1.452481054887626e-10,2.43917318192725e-10,0.404519094564665
COMMON_B2,common,-1,BASE_C2_0T,total_displacement,X,10.0,20.0,2.477331942814289e-11,7.67575963024498e-11,0.6772525375791084
COMMON_B2,common,-1,BASE_C2_0T,total_displacement,Y,0.0,0.5,3.643417264140628e-07,2.2245217336697347e-11,16377.429614756691
COMMON_B2,common,-1,BASE_C2_0T,total_displacement,Y,0.5,1.0,3.490863681015455e-10,1.5629128253410343e-10,1.2335626302469773
COMMON_B2,common,-1,BASE_C2_0T,total_displacement,Y,1.0,2.0,3.66529582079965e-07,3.663977910045488e-07,0.000359693968282007
COMMON_B2,common,-1,BASE_C2_0T,total_displacement,Y,2.0,5.0,1.371008286213033e-07,1.3747908495772369e-07,0.0027513736837622644
COMMON_B2,common,-1,BASE_C2_0T,total_displacement,Y,5.0,10.0,1.5089247667526247e-09,1.502201886797975e-09,0.004475350492988641
COMMON_B2,common,-1,BASE_C2_0T,total_displacement,Y,10.0,20.0,4.5440972516622257e-10,4.389719439551031e-10,0.035168036189343374
COMMON_B2,common,-1,BASE_C2_0T,total_displacement,Z,0.0,0.5,2.189970200446729e-07,1.147477710558154e-11,19084.07834441061
COMMON_B2,common,-1,BASE_C2_0T,total_displacement,Z,0.5,1.0,1.3424495902923863e-10,1.147909073744143e-10,0.16947380328104666
COMMON_B2,common,-1,BASE_C2_0T,total_displacement,Z,1.0,2.0,2.0831646729012443e-07,2.0849064315305116e-07,0.0008354133321890948
COMMON_B2,common,-1,BASE_C2_0T,total_displacement,Z,2.0,5.0,3.674621398194793e-08,3.652462728971114e-08,0.0060667749044823315
COMMON_B2,common,-1,BASE_C2_0T,total_displacement,Z,5.0,10.0,3.979367075241318e-10,3.711858369472536e-10,0.0720686726543382
COMMON_B2,common,-1,BASE_C2_0T,total_displacement,Z,10.0,20.0,1.0057904673625615e-10,8.946896745125755e-11,0.12417802061984617
COMMON_B2,common,-1,BASE_C3_0T,total_displacement,X,0.0,0.5,3.275268231124557e-09,1.2876829973987699e-14,254352.61325270892
COMMON_B2,common,-1,BASE_C3_0T,total_displacement,X,0.5,1.0,4.034373857571874e-12,4.7305505773695916e-14,84.28338914442334
COMMON_B2,common,-1,BASE_C3_0T,total_displacement,X,1.0,2.0,1.3575272062365964e-10,1.6532683653885083e-10,0.17888273031971702
COMMON_B2,common,-1,BASE_C3_0T,total_displacement,X,2.0,5.0,2.581801884035819e-10,7.527757131777977e-12,33.297093262173625
COMMON_B2,common,-1,BASE_C3_0T,total_displacement,X,5.0,10.0,2.8945713183700394e-11,5.733321091155606e-12,4.048681684399802
COMMON_B2,common,-1,BASE_C3_0T,total_displacement,X,10.0,20.0,1.7679708358956966e-11,3.1028174070735373e-12,4.697953195264498
COMMON_B2,common,-1,BASE_C3_0T,total_displacement,Y,0.0,0.5,3.240053798762232e-08,2.1703492863109987e-11,1491.8720548338279
COMMON_B2,common,-1,BASE_C3_0T,total_displacement,Y,0.5,1.0,2.4057642084402344e-10,5.502174902205604e-11,3.372387739756981
COMMON_B2,common,-1,BASE_C3_0T,total_displacement,Y,1.0,2.0,1.2150578917516255e-08,1.2516215218473172e-08,0.029213008451409495
COMMON_B2,common,-1,BASE_C3_0T,total_displacement,Y,2.0,5.0,2.1005654233319525e-08,2.135089792170793e-08,0.016169984496876188
COMMON_B2,common,-1,BASE_C3_0T,total_displacement,Y,5.0,10.0,1.4977660588787287e-09,1.4965406927384123e-09,0.0008187990786098674
COMMON_B2,common,-1,BASE_C3_0T,total_displacement,Y,10.0,20.0,4.519992873487019e-10,4.385976354053635e-10,0.030555686719451303
COMMON_B2,common,-1,BASE_C3_0T,total_displacement,Z,0.0,0.5,2.2430758713113273e-08,1.1283952106726977e-11,1986.845969298388
COMMON_B2,common,-1,BASE_C3_0T,total_displacement,Z,0.5,1.0,8.518997793252142e-11,6.199039015478997e-11,0.3742449066670186
COMMON_B2,common,-1,BASE_C3_0T,total_displacement,Z,1.0,2.0,4.059482181806035e-08,4.221302879086547e-08,0.03833430149781824
COMMON_B2,common,-1,BASE_C3_0T,total_displacement,Z,2.0,5.0,1.6265443416705524e-08,1.6610486719775446e-08,0.020772618460308808
COMMON_B2,common,-1,BASE_C3_0T,total_displacement,Z,5.0,10.0,3.823660817380936e-10,3.6823512650847625e-10,0.03837481601389839
COMMON_B2,common,-1,BASE_C3_0T,total_displacement,Z,10.0,20.0,9.946021022459111e-11,9.051302148549449e-11,0.09884974108979978
COMMON_B2,common,-1,BASE_C8_0T,total_displacement,X,0.0,0.5,4.6595369109510736e-09,4.061826869464167e-12,1146.1530079187635
COMMON_B2,common,-1,BASE_C8_0T,total_displacement,X,0.5,1.0,1.681906144101299e-08,1.711943479612213e-08,0.017545751871269676
COMMON_B2,common,-1,BASE_C8_0T,total_displacement,X,1.0,2.0,5.275140700094043e-05,5.280143814496043e-05,0.0009475337372941771
COMMON_B2,common,-1,BASE_C8_0T,total_displacement,X,2.0,5.0,4.009996684161606e-06,3.990211971234122e-06,0.004958311255169933
COMMON_B2,common,-1,BASE_C8_0T,total_displacement,X,5.0,10.0,1.4453796168884802e-10,2.5094470050724774e-10,0.4240246500655888
COMMON_B2,common,-1,BASE_C8_0T,total_displacement,X,10.0,20.0,2.0368684709543806e-11,1.0313000426719181e-10,0.8024950657737576
COMMON_B2,common,-1,BASE_C8_0T,total_displacement,Y,0.0,0.5,4.606047297851452e-08,2.224908705556409e-11,2069.218560585641
COMMON_B2,common,-1,BASE_C8_0T,total_displacement,Y,0.5,1.0,4.225477179736343e-10,1.6073370477137295e-10,1.628868155404398
COMMON_B2,common,-1,BASE_C8_0T,total_displacement,Y,1.0,2.0,3.6637438761781736e-07,3.6679616289049514e-07,0.001149890089781822
COMMON_B2,common,-1,BASE_C8_0T,total_displacement,Y,2.0,5.0,1.37044676146645e-07,1.3770793488775594e-07,0.004816416291853883
COMMON_B2,common,-1,BASE_C8_0T,total_displacement,Y,5.0,10.0,1.5027804609002856e-09,1.5028591420640073e-09,5.2354316861425485e-05
COMMON_B2,common,-1,BASE_C8_0T,total_displacement,Y,10.0,20.0,4.553506334019955e-10,4.389465615851994e-10,0.037371455326030735
COMMON_B2,common,-1,BASE_C8_0T,total_displacement,Z,0.0,0.5,3.8252635829929054e-08,1.1382699658979797e-11,3359.594320851785
COMMON_B2,common,-1,BASE_C8_0T,total_displacement,Z,0.5,1.0,1.3641484232346985e-10,1.165328267318061e-10,0.17061300364249396
COMMON_B2,common,-1,BASE_C8_0T,total_displacement,Z,1.0,2.0,2.0828122417815229e-07,2.0863415787670136e-07,0.001691639097552054
COMMON_B2,common,-1,BASE_C8_0T,total_displacement,Z,2.0,5.0,3.670850883856441e-08,3.6611606528861337e-08,0.0026467647527753813
COMMON_B2,common,-1,BASE_C8_0T,total_displacement,Z,5.0,10.0,3.863137915190543e-10,3.719556870043029e-10,0.03860165341304561
COMMON_B2,common,-1,BASE_C8_0T,total_displacement,Z,10.0,20.0,1.010290021569215e-10,8.914933105901207e-11,0.13325586358068953
COMMON_B2,common,-1,V40_A_E1_C4_2T,total_displacement,X,0.0,0.5,3.7815292568129327e-07,3.589593051480441e-07,0.053470185221506455
COMMON_B2,common,-1,V40_A_E1_C4_2T,total_displacement,X,0.5,1.0,1.4348247227223767e-09,1.8155075453912883e-09,0.20968396613678889
COMMON_B2,common,-1,V40_A_E1_C4_2T,total_displacement,X,1.0,2.0,5.446717491869879e-10,7.94379676295443e-10,0.3143432977451761
COMMON_B2,common,-1,V40_A_E1_C4_2T,total_displacement,X,2.0,5.0,2.1947324011831733e-10,1.0308723313063379e-10,1.1290050518690062
COMMON_B2,common,-1,V40_A_E1_C4_2T,total_displacement,X,5.0,10.0,9.104641897585124e-11,1.567744005377963e-10,0.41925200374852584
COMMON_B2,common,-1,V40_A_E1_C4_2T,total_displacement,X,10.0,20.0,3.2716865553634663e-11,2.4456365011735548e-11,0.3377648533596575
COMMON_B2,common,-1,V40_A_E1_C4_2T,total_displacement,Y,0.0,0.5,0.0001330423452841937,0.00012850553811204112,0.035304370837286665
COMMON_B2,common,-1,V40_A_E1_C4_2T,total_displacement,Y,0.5,1.0,1.1845545961087281e-07,1.1323379801021719e-07,0.04611398444998255
COMMON_B2,common,-1,V40_A_E1_C4_2T,total_displacement,Y,1.0,2.0,5.920547530818129e-08,5.9517148726312836e-08,0.00523669941859558
COMMON_B2,common,-1,V40_A_E1_C4_2T,total_displacement,Y,2.0,5.0,2.893999235276541e-08,2.3081403294345633e-08,0.25382291465159684
COMMON_B2,common,-1,V40_A_E1_C4_2T,total_displacement,Y,5.0,10.0,1.5829447583411845e-08,4.91744375097457e-09,2.219039888412484
COMMON_B2,common,-1,V40_A_E1_C4_2T,total_displacement,Y,10.0,20.0,1.9586830528644026e-09,9.617325507301159e-10,1.036619277758078
COMMON_B2,common,-1,V40_A_E1_C4_2T,total_displacement,Z,0.0,0.5,6.717858111726484e-05,6.541887219228547e-05,0.02689910213993087
COMMON_B2,common,-1,V40_A_E1_C4_2T,total_displacement,Z,0.5,1.0,4.136863436877891e-08,1.103196035032668e-08,2.749889689147939
COMMON_B2,common,-1,V40_A_E1_C4_2T,total_displacement,Z,1.0,2.0,8.416370942946208e-08,6.344954060536315e-08,0.3264668053774379
COMMON_B2,common,-1,V40_A_E1_C4_2T,total_displacement,Z,2.0,5.0,5.758589436551425e-08,1.659843344230413e-08,2.4693571875732627
COMMON_B2,common,-1,V40_A_E1_C4_2T,total_displacement,Z,5.0,10.0,4.8801952133406585e-08,4.67403342242218e-09,9.44107898315293
COMMON_B2,common,-1,V40_A_E1_C4_2T,total_displacement,Z,10.0,20.0,7.2863330124526815e-09,3.51789803862949e-10,19.712177932511388
COMMON_B2,common,-1,V40_B_E1_C4_2T,total_displacement,X,0.0,0.5,5.01324233956647e-07,5.516270073049776e-07,0.09118983059602022
COMMON_B2,common,-1,V40_B_E1_C4_2T,total_displacement,X,0.5,1.0,1.9329265887019834e-09,2.6425469361976904e-09,0.26853651595561284
COMMON_B2,common,-1,V40_B_E1_C4_2T,total_displacement,X,1.0,2.0,6.656031166141257e-10,1.0652799264414173e-09,0.3751847752941498
COMMON_B2,common,-1,V40_B_E1_C4_2T,total_displacement,X,2.0,5.0,2.0893673355885374e-10,1.2007924176110564e-10,0.7399904470959905
COMMON_B2,common,-1,V40_B_E1_C4_2T,total_displacement,X,5.0,10.0,1.222229969132223e-10,2.421480904962731e-10,0.4952551694183051
COMMON_B2,common,-1,V40_B_E1_C4_2T,total_displacement,X,10.0,20.0,3.51302820834687e-11,2.67532632169816e-11,0.31312138629764613
COMMON_B2,common,-1,V40_B_E1_C4_2T,total_displacement,Y,0.0,0.5,0.00018881098899301604,0.0002007857454416307,0.05963947501490221
COMMON_B2,common,-1,V40_B_E1_C4_2T,total_displacement,Y,0.5,1.0,1.7344317125459157e-07,1.7679895792543228e-07,0.01898080571411549
COMMON_B2,common,-1,V40_B_E1_C4_2T,total_displacement,Y,1.0,2.0,7.774606244388155e-08,8.541226320347732e-08,0.08975527016925669
COMMON_B2,common,-1,V40_B_E1_C4_2T,total_displacement,Y,2.0,5.0,3.099373389262759e-08,2.3998659663271756e-08,0.29147770448452576
COMMON_B2,common,-1,V40_B_E1_C4_2T,total_displacement,Y,5.0,10.0,1.714248748225827e-08,6.726764939776492e-09,1.5483999568487756
COMMON_B2,common,-1,V40_B_E1_C4_2T,total_displacement,Y,10.0,20.0,2.238964123155014e-09,1.2725528601664025e-09,0.7594272059254505
COMMON_B2,common,-1,V40_B_E1_C4_2T,total_displacement,Z,0.0,0.5,9.490432995141226e-05,0.00010217093100810185,0.07112200099374028
COMMON_B2,common,-1,V40_B_E1_C4_2T,total_displacement,Z,0.5,1.0,7.813808522965723e-08,1.6222198527585216e-08,3.8167383167445808
COMMON_B2,common,-1,V40_B_E1_C4_2T,total_displacement,Z,1.0,2.0,1.044974916404288e-07,7.333074337598316e-08,0.4250161232465179
COMMON_B2,common,-1,V40_B_E1_C4_2T,total_displacement,Z,2.0,5.0,5.168942255252406e-08,1.6702495378539324e-08,2.0947125792316448
COMMON_B2,common,-1,V40_B_E1_C4_2T,total_displacement,Z,5.0,10.0,4.640778949026646e-08,7.928123977584055e-09,4.8535650579480905
COMMON_B2,common,-1,V40_B_E1_C4_2T,total_displacement,Z,10.0,20.0,7.790213260183531e-09,4.510351040059506e-10,16.27185576243031
COMMON_B2,common,-1,V40_CPLUS_E1_C4_2T,total_displacement,X,0.0,0.5,1.2371338961122832e-06,1.268387152141322e-06,0.024640155000211245
COMMON_B2,common,-1,V40_CPLUS_E1_C4_2T,total_displacement,X,0.5,1.0,1.3319947624294793e-09,1.7629256348753165e-09,0.2444407545734707
COMMON_B2,common,-1,V40_CPLUS_E1_C4_2T,total_displacement,X,1.0,2.0,1.2827881688697762e-09,2.1351379675303216e-09,0.3992012748695786
COMMON_B2,common,-1,V40_CPLUS_E1_C4_2T,total_displacement,X,2.0,5.0,3.7595607483406793e-10,1.884793871189115e-10,0.9946800580207614
COMMON_B2,common,-1,V40_CPLUS_E1_C4_2T,total_displacement,X,5.0,10.0,2.2203041312482942e-10,4.704701410404318e-10,0.5280669403719963
COMMON_B2,common,-1,V40_CPLUS_E1_C4_2T,total_displacement,X,10.0,20.0,4.826625045235096e-11,3.485280248326182e-11,0.38485995424703645
COMMON_B2,common,-1,V40_CPLUS_E1_C4_2T,total_displacement,Y,0.0,0.5,0.00046275259273973455,0.0004695838263862466,0.014547421062353912
COMMON_B2,common,-1,V40_CPLUS_E1_C4_2T,total_displacement,Y,0.5,1.0,1.338893707384436e-07,1.1866850715328938e-07,0.12826371503513356
COMMON_B2,common,-1,V40_CPLUS_E1_C4_2T,total_displacement,Y,1.0,2.0,1.779342369587638e-07,1.90385693022588e-07,0.065401217214084
COMMON_B2,common,-1,V40_CPLUS_E1_C4_2T,total_displacement,Y,2.0,5.0,5.356647752618498e-08,2.7620056492644506e-08,0.9394050674896434
COMMON_B2,common,-1,V40_CPLUS_E1_C4_2T,total_displacement,Y,5.0,10.0,3.6571536671446765e-08,1.3184399445082276e-08,1.7738492620600774
COMMON_B2,common,-1,V40_CPLUS_E1_C4_2T,total_displacement,Y,10.0,20.0,3.973828904997426e-09,2.4147161023314873e-09,0.6456712659349746
COMMON_B2,common,-1,V40_CPLUS_E1_C4_2T,total_displacement,Z,0.0,0.5,0.0002349592011124531,0.00023888326019711736,0.01642668088766987
COMMON_B2,common,-1,V40_CPLUS_E1_C4_2T,total_displacement,Z,0.5,1.0,1.46868688704851e-07,1.034750835482965e-08,13.193628424209075
COMMON_B2,common,-1,V40_CPLUS_E1_C4_2T,total_displacement,Z,1.0,2.0,1.855602539530796e-07,1.0722258223860516e-07,0.7306079566349897
COMMON_B2,common,-1,V40_CPLUS_E1_C4_2T,total_displacement,Z,2.0,5.0,1.8089459702760483e-07,1.7340363753090116e-08,9.431995522318195
COMMON_B2,common,-1,V40_CPLUS_E1_C4_2T,total_displacement,Z,5.0,10.0,1.0624061117571821e-07,1.795506796924303e-08,4.91702639932681
COMMON_B2,common,-1,V40_CPLUS_E1_C4_2T,total_displacement,Z,10.0,20.0,1.597935885311864e-08,8.849472001420793e-10,17.056850002523465
COMMON_B2,common,-1,V40_C_E1_C4_2T,total_displacement,X,0.0,0.5,7.200691896129e-07,7.870567723580312e-07,0.08511150033616471
COMMON_B2,common,-1,V40_C_E1_C4_2T,total_displacement,X,0.5,1.0,2.6435713466551598e-09,3.6516454999962704e-09,0.27606024553646846
COMMON_B2,common,-1,V40_C_E1_C4_2T,total_displacement,X,1.0,2.0,8.51681958374743e-10,1.3992539493625435e-09,0.3913313885855082
COMMON_B2,common,-1,V40_C_E1_C4_2T,total_displacement,X,2.0,5.0,2.2160314330848455e-10,1.4040175627722783e-10,0.5783502228485087
COMMON_B2,common,-1,V40_C_E1_C4_2T,total_displacement,X,5.0,10.0,1.5657289344109959e-10,3.4910913589940415e-10,0.5515073157918844
COMMON_B2,common,-1,V40_C_E1_C4_2T,total_displacement,X,10.0,20.0,3.820002021245045e-11,2.969852170225405e-11,0.28625998948463344
COMMON_B2,common,-1,V40_C_E1_C4_2T,total_displacement,Y,0.0,0.5,0.00027366445527779974,0.0002891282888579702,0.05348433265126409
COMMON_B2,common,-1,V40_C_E1_C4_2T,total_displacement,Y,0.5,1.0,2.4590044477089905e-07,2.5456940041581983e-07,0.03405340795382594
COMMON_B2,common,-1,V40_C_E1_C4_2T,total_displacement,Y,1.0,2.0,1.0290307432692157e-07,1.1731460817128008e-07,0.12284517733134796
COMMON_B2,common,-1,V40_C_E1_C4_2T,total_displacement,Y,2.0,5.0,3.5408720980731254e-08,2.5271605866338737e-08,0.40112667030372406
COMMON_B2,common,-1,V40_C_E1_C4_2T,total_displacement,Y,5.0,10.0,2.4191824275156382e-08,8.860233421219826e-09,1.7303822738143835
COMMON_B2,common,-1,V40_C_E1_C4_2T,total_displacement,Y,10.0,20.0,2.8242488281426747e-09,1.7218427302653818e-09,0.6402478452299665
COMMON_B2,common,-1,V40_C_E1_C4_2T,total_displacement,Z,0.0,0.5,0.00013763349172240006,0.00014708929475193438,0.06428614023530059
COMMON_B2,common,-1,V40_C_E1_C4_2T,total_displacement,Z,0.5,1.0,1.0215444238872456e-07,2.2545504931931016e-08,3.531033689294049
COMMON_B2,common,-1,V40_C_E1_C4_2T,total_displacement,Z,1.0,2.0,1.151680117985195e-07,8.635824939969112e-08,0.3336075314066223
COMMON_B2,common,-1,V40_C_E1_C4_2T,total_displacement,Z,2.0,5.0,6.620805521369918e-08,1.679990447339191e-08,2.940978076307582
COMMON_B2,common,-1,V40_C_E1_C4_2T,total_displacement,Z,5.0,10.0,6.707104911984419e-08,1.2988744915983604e-08,4.16378214782772
COMMON_B2,common,-1,V40_C_E1_C4_2T,total_displacement,Z,10.0,20.0,1.0637554097884778e-08,6.181320757311096e-10,16.209192849769153
COMMON_B2,common,-1,V52_A_E1_C4_2T,total_displacement,X,0.0,0.5,2.7047022730839314e-07,2.830998234172583e-07,0.04461181203299628
COMMON_B2,common,-1,V52_A_E1_C4_2T,total_displacement,X,0.5,1.0,1.4524183946390687e-09,1.8556322285029577e-09,0.21729188988552123
COMMON_B2,common,-1,V52_A_E1_C4_2T,total_displacement,X,1.0,2.0,5.878862684846237e-10,6.674363384112681e-10,0.11918750201105528
COMMON_B2,common,-1,V52_A_E1_C4_2T,total_displacement,X,2.0,5.0,2.0356992828408095e-10,1.3635880835749303e-10,0.4928989974038198
COMMON_B2,common,-1,V52_A_E1_C4_2T,total_displacement,X,5.0,10.0,6.582077924377901e-11,6.40870637706933e-11,0.027052502815373587
COMMON_B2,common,-1,V52_A_E1_C4_2T,total_displacement,X,10.0,20.0,5.0611266048329624e-11,5.188022435964233e-11,0.024459383647149932
COMMON_B2,common,-1,V52_A_E1_C4_2T,total_displacement,Y,0.0,0.5,0.00010022596890964758,0.0001025826542294725,0.02297352644583687
COMMON_B2,common,-1,V52_A_E1_C4_2T,total_displacement,Y,0.5,1.0,1.1844200222135421e-07,1.195061152821352e-07,0.008904256140104443
COMMON_B2,common,-1,V52_A_E1_C4_2T,total_displacement,Y,1.0,2.0,5.001636935316693e-08,5.615334321315152e-08,0.10928955443827013
COMMON_B2,common,-1,V52_A_E1_C4_2T,total_displacement,Y,2.0,5.0,3.62480134537945e-08,2.5475710406065728e-08,0.4228460316130735
COMMON_B2,common,-1,V52_A_E1_C4_2T,total_displacement,Y,5.0,10.0,7.985280897058066e-09,2.8847370426354096e-09,1.7681139663818204
COMMON_B2,common,-1,V52_A_E1_C4_2T,total_displacement,Y,10.0,20.0,5.694734987253675e-09,4.306247358536759e-09,0.3224356413164146
COMMON_B2,common,-1,V52_A_E1_C4_2T,total_displacement,Z,0.0,0.5,5.029533885106045e-05,5.131688248980094e-05,0.019906580235919846
COMMON_B2,common,-1,V52_A_E1_C4_2T,total_displacement,Z,0.5,1.0,3.346810859535444e-08,1.51810933072331e-08,1.204591455834634
COMMON_B2,common,-1,V52_A_E1_C4_2T,total_displacement,Z,1.0,2.0,6.86946598855219e-08,5.940643127389881e-08,0.1563505568748754
COMMON_B2,common,-1,V52_A_E1_C4_2T,total_displacement,Z,2.0,5.0,6.867259451628433e-08,1.7370169944373398e-08,2.9534785633187766
COMMON_B2,common,-1,V52_A_E1_C4_2T,total_displacement,Z,5.0,10.0,2.4322132871893933e-08,9.994803868572201e-10,23.334777542131448
COMMON_B2,common,-1,V52_A_E1_C4_2T,total_displacement,Z,10.0,20.0,1.188052808395e-08,6.950220772032743e-10,16.09374201716945
COMMON_B2,common,-1,V52_B_E1_C4_2T,total_displacement,X,0.0,0.5,4.23716579380595e-07,4.325815430313452e-07,0.020493162025888478
COMMON_B2,common,-1,V52_B_E1_C4_2T,total_displacement,X,0.5,1.0,2.1610776966626884e-09,2.7358989456397504e-09,0.21010324591599577
COMMON_B2,common,-1,V52_B_E1_C4_2T,total_displacement,X,1.0,2.0,6.745339771060097e-10,8.905707677461249e-10,0.24258239599180384
COMMON_B2,common,-1,V52_B_E1_C4_2T,total_displacement,X,2.0,5.0,3.8146741929101813e-10,1.7105737604207804e-10,1.2300553657340199
COMMON_B2,common,-1,V52_B_E1_C4_2T,total_displacement,X,5.0,10.0,9.42702478896846e-11,8.229161457290865e-11,0.1455632311863699
COMMON_B2,common,-1,V52_B_E1_C4_2T,total_displacement,X,10.0,20.0,7.745901097220836e-11,6.852733651441479e-11,0.13033739398166722
COMMON_B2,common,-1,V52_B_E1_C4_2T,total_displacement,Y,0.0,0.5,0.00015717229068604893,0.00016028219023949853,0.019402651965278857
COMMON_B2,common,-1,V52_B_E1_C4_2T,total_displacement,Y,0.5,1.0,1.775583707374638e-07,1.8670625265654386e-07,0.04899611978131267
COMMON_B2,common,-1,V52_B_E1_C4_2T,total_displacement,Y,1.0,2.0,7.102997110645304e-08,8.016661464737087e-08,0.1139706794543739
COMMON_B2,common,-1,V52_B_E1_C4_2T,total_displacement,Y,2.0,5.0,4.2311950738379226e-08,2.7856081702567766e-08,0.5189484002152005
COMMON_B2,common,-1,V52_B_E1_C4_2T,total_displacement,Y,5.0,10.0,1.2761906648482788e-08,3.5994965311635415e-09,2.545469911692757
COMMON_B2,common,-1,V52_B_E1_C4_2T,total_displacement,Y,10.0,20.0,9.11350051592951e-09,6.297514576610359e-09,0.44715830429008013
COMMON_B2,common,-1,V52_B_E1_C4_2T,total_displacement,Z,0.0,0.5,7.692285980829065e-05,8.013654332666115e-05,0.04010259720425593
COMMON_B2,common,-1,V52_B_E1_C4_2T,total_displacement,Z,0.5,1.0,4.072496290423697e-08,2.2769814854034047e-08,0.7885504632033437
COMMON_B2,common,-1,V52_B_E1_C4_2T,total_displacement,Z,1.0,2.0,8.59958667991241e-08,6.728784258987377e-08,0.2780297820406822
COMMON_B2,common,-1,V52_B_E1_C4_2T,total_displacement,Z,2.0,5.0,9.796706321925616e-08,1.7707112395369804e-08,4.532639147017181
COMMON_B2,common,-1,V52_B_E1_C4_2T,total_displacement,Z,5.0,10.0,4.02923048704962e-08,1.3087435010959436e-09,29.787014290237444
COMMON_B2,common,-1,V52_B_E1_C4_2T,total_displacement,Z,10.0,20.0,2.1505733068458793e-08,9.518520487025025e-10,21.593567033630794
COMMON_B2,common,-1,V52_CPLUS_E1_C4_2T,total_displacement,X,0.0,0.5,9.588039667279272e-07,9.883778994468947e-07,0.02992168555723203
COMMON_B2,common,-1,V52_CPLUS_E1_C4_2T,total_displacement,X,0.5,1.0,1.6654909147626536e-09,2.2174957290881968e-09,0.2489316245729681
COMMON_B2,common,-1,V52_CPLUS_E1_C4_2T,total_displacement,X,1.0,2.0,1.354514132459969e-09,1.810588316337212e-09,0.25189281282885606
COMMON_B2,common,-1,V52_CPLUS_E1_C4_2T,total_displacement,X,2.0,5.0,3.0477909700127437e-10,2.9990858504888033e-10,0.01623998843380967
COMMON_B2,common,-1,V52_CPLUS_E1_C4_2T,total_displacement,X,5.0,10.0,1.2608148652925126e-10,1.5103439596856096e-10,0.16521342227570368
COMMON_B2,common,-1,V52_CPLUS_E1_C4_2T,total_displacement,X,10.0,20.0,1.0531421313646367e-10,1.2474799959564653e-10,0.15578435343392116
COMMON_B2,common,-1,V52_CPLUS_E1_C4_2T,total_displacement,Y,0.0,0.5,0.0003680775820005345,0.000374835309965298,0.018028525555367658
COMMON_B2,common,-1,V52_CPLUS_E1_C4_2T,total_displacement,Y,0.5,1.0,1.4800197105984879e-07,1.3855066360923705e-07,0.06821553361352231
COMMON_B2,common,-1,V52_CPLUS_E1_C4_2T,total_displacement,Y,1.0,2.0,1.5544087730355006e-07,1.7698961902322182e-07,0.12175144417280472
COMMON_B2,common,-1,V52_CPLUS_E1_C4_2T,total_displacement,Y,2.0,5.0,5.567266901347615e-08,3.6791635635018194e-08,0.5131882030405582
COMMON_B2,common,-1,V52_CPLUS_E1_C4_2T,total_displacement,Y,5.0,10.0,2.2509501867214246e-08,6.21023604037568e-09,2.6245807278289157
COMMON_B2,common,-1,V52_CPLUS_E1_C4_2T,total_displacement,Y,10.0,20.0,1.817689044521021e-08,1.3063892300366874e-08,0.39138397862478924
COMMON_B2,common,-1,V52_CPLUS_E1_C4_2T,total_displacement,Z,0.0,0.5,0.00018518572523044719,0.0001873321259503846,0.011457728934896617
COMMON_B2,common,-1,V52_CPLUS_E1_C4_2T,total_displacement,Z,0.5,1.0,6.382745865932387e-08,2.5890878169310823e-08,1.4652488896641727
COMMON_B2,common,-1,V52_CPLUS_E1_C4_2T,total_displacement,Z,1.0,2.0,1.2710459149802273e-07,1.0219754355018407e-07,0.24371474188719683
COMMON_B2,common,-1,V52_CPLUS_E1_C4_2T,total_displacement,Z,2.0,5.0,1.1723832282262502e-07,1.8610892329044628e-08,5.299446622430883
COMMON_B2,common,-1,V52_CPLUS_E1_C4_2T,total_displacement,Z,5.0,10.0,7.863877853089088e-08,2.3734204863044765e-09,32.13310009105678
COMMON_B2,common,-1,V52_CPLUS_E1_C4_2T,total_displacement,Z,10.0,20.0,4.129471702137639e-08,1.7893946682078382e-09,22.077478521121876
COMMON_B2,common,-1,V52_C_E1_C4_2T,total_displacement,X,0.0,0.5,5.862237529860556e-07,6.151438382745732e-07,0.047013533240674255
COMMON_B2,common,-1,V52_C_E1_C4_2T,total_displacement,X,0.5,1.0,2.834329496055636e-09,3.815143468051638e-09,0.2570844268923117
COMMON_B2,common,-1,V52_C_E1_C4_2T,total_displacement,X,1.0,2.0,8.625405029868287e-10,1.1651552264414012e-09,0.2597205218559707
COMMON_B2,common,-1,V52_C_E1_C4_2T,total_displacement,X,2.0,5.0,2.8436317350467574e-10,2.1317211797922062e-10,0.33396044567326866
COMMON_B2,common,-1,V52_C_E1_C4_2T,total_displacement,X,5.0,10.0,8.724502230153908e-11,1.0468787866641101e-10,0.16661772678051648
COMMON_B2,common,-1,V52_C_E1_C4_2T,total_displacement,X,10.0,20.0,7.752722864791128e-11,8.872702835107111e-11,0.12622759841392367
COMMON_B2,common,-1,V52_C_E1_C4_2T,total_displacement,Y,0.0,0.5,0.0002254880222078984,0.00023080321843175366,0.023029125243445938
COMMON_B2,common,-1,V52_C_E1_C4_2T,total_displacement,Y,0.5,1.0,2.4941018777133795e-07,2.688638321730616e-07,0.07235500678723415
COMMON_B2,common,-1,V52_C_E1_C4_2T,total_displacement,Y,1.0,2.0,9.504847114941087e-08,1.0952283435062216e-07,0.13215840593454345
COMMON_B2,common,-1,V52_C_E1_C4_2T,total_displacement,Y,2.0,5.0,4.53435996124057e-08,3.0562368269417355e-08,0.483641555938562
COMMON_B2,common,-1,V52_C_E1_C4_2T,total_displacement,Y,5.0,10.0,1.289417782094163e-08,4.531737523401473e-09,1.8453055267118381
COMMON_B2,common,-1,V52_C_E1_C4_2T,total_displacement,Y,10.0,20.0,1.0556356220743646e-08,8.717337705721765e-09,0.21096102699047803
COMMON_B2,common,-1,V52_C_E1_C4_2T,total_displacement,Z,0.0,0.5,0.00011263313611941842,0.00011536029564433995,0.023640365254692666
COMMON_B2,common,-1,V52_C_E1_C4_2T,total_displacement,Z,0.5,1.0,4.470313283019693e-08,3.213303577148152e-08,0.3911892156131582
COMMON_B2,common,-1,V52_C_E1_C4_2T,total_displacement,Z,1.0,2.0,9.312773270647406e-08,7.713172786012262e-08,0.20738553757488726
COMMON_B2,common,-1,V52_C_E1_C4_2T,total_displacement,Z,2.0,5.0,1.0277256692815829e-07,1.787120707409753e-08,4.7507344916346765
COMMON_B2,common,-1,V52_C_E1_C4_2T,total_displacement,Z,5.0,10.0,3.427257214774686e-08,1.6835865701836047e-09,19.35688140706019
COMMON_B2,common,-1,V52_C_E1_C4_2T,total_displacement,Z,10.0,20.0,1.9304639773238663e-08,1.2617412232281946e-09,14.299999253291642
COMMON_B2,common,-1,V40_A_E2_C5_2T,total_displacement,X,0.0,0.5,3.403271778924244e-07,3.592867287871754e-07,0.05276997277008173
COMMON_B2,common,-1,V40_A_E2_C5_2T,total_displacement,X,0.5,1.0,1.813752395937815e-08,1.8537320635853272e-08,0.02156712312036457
COMMON_B2,common,-1,V40_A_E2_C5_2T,total_displacement,X,1.0,2.0,5.277377663445021e-05,5.272140237456144e-05,0.0009934155301233576
COMMON_B2,common,-1,V40_A_E2_C5_2T,total_displacement,X,2.0,5.0,3.99747332070254e-06,4.029997873520914e-06,0.008070612898353192
COMMON_B2,common,-1,V40_A_E2_C5_2T,total_displacement,X,5.0,10.0,2.511275495046627e-10,3.1293077172056606e-10,0.19749806602941258
COMMON_B2,common,-1,V40_A_E2_C5_2T,total_displacement,X,10.0,20.0,5.304419459543738e-11,8.389140743648807e-11,0.36770408059257187
COMMON_B2,common,-1,V40_A_E2_C5_2T,total_displacement,Y,0.0,0.5,0.00012493027185461096,0.0001285037472130364,0.027808335833983476
COMMON_B2,common,-1,V40_A_E2_C5_2T,total_displacement,Y,0.5,1.0,1.101703216692636e-07,1.1327123318498483e-07,0.027375984427194206
COMMON_B2,common,-1,V40_A_E2_C5_2T,total_displacement,Y,1.0,2.0,4.101339460851387e-07,4.1232314711209196e-07,0.00530943033949556
COMMON_B2,common,-1,V40_A_E2_C5_2T,total_displacement,Y,2.0,5.0,1.5016324060600823e-07,1.392356854089064e-07,0.07848243189244085
COMMON_B2,common,-1,V40_A_E2_C5_2T,total_displacement,Y,5.0,10.0,1.6982593491343676e-08,4.893430431193419e-09,2.4704883884906748
COMMON_B2,common,-1,V40_A_E2_C5_2T,total_displacement,Y,10.0,20.0,1.9596852576769723e-09,9.499995955384679e-10,1.0628274652750835
COMMON_B2,common,-1,V40_A_E2_C5_2T,total_displacement,Z,0.0,0.5,6.428156248685934e-05,6.541829472396899e-05,0.017376366074751168
COMMON_B2,common,-1,V40_A_E2_C5_2T,total_displacement,Z,0.5,1.0,3.998278989416816e-08,1.1098271466421513e-08,2.6026141561898615
COMMON_B2,common,-1,V40_A_E2_C5_2T,total_displacement,Z,1.0,2.0,2.626088548210034e-07,2.3020501653320538e-07,0.14076078260928768
COMMON_B2,common,-1,V40_A_E2_C5_2T,total_displacement,Z,2.0,5.0,9.437683566927143e-08,3.701707973429377e-08,1.5495483800100471
COMMON_B2,common,-1,V40_A_E2_C5_2T,total_displacement,Z,5.0,10.0,5.772971394475931e-08,4.86281543850794e-09,10.871664609683922
COMMON_B2,common,-1,V40_A_E2_C5_2T,total_displacement,Z,10.0,20.0,7.542565117269065e-09,3.477660374494447e-10,20.688619085943778
COMMON_B2,common,-1,V40_B_E2_C5_2T,total_displacement,X,0.0,0.5,5.402299622579739e-07,5.519233902398249e-07,0.021186686755148867
COMMON_B2,common,-1,V40_B_E2_C5_2T,total_displacement,X,0.5,1.0,1.854998509872607e-08,1.930486379320399e-08,0.03910303136889596
COMMON_B2,common,-1,V40_B_E2_C5_2T,total_displacement,X,1.0,2.0,5.2752628554282765e-05,5.2733203385269426e-05,0.00036836694466328696
COMMON_B2,common,-1,V40_B_E2_C5_2T,total_displacement,X,2.0,5.0,4.006588419030058e-06,4.0296099014893984e-06,0.00571307968318006
COMMON_B2,common,-1,V40_B_E2_C5_2T,total_displacement,X,5.0,10.0,2.5095885072319416e-10,3.988646662152626e-10,0.37081704151815087
COMMON_B2,common,-1,V40_B_E2_C5_2T,total_displacement,X,10.0,20.0,4.6745371762976905e-11,8.564822805409443e-11,0.45421670914834256
COMMON_B2,common,-1,V40_B_E2_C5_2T,total_displacement,Y,0.0,0.5,0.00019907475425528162,0.00020078424969580726,0.008514091334930767
COMMON_B2,common,-1,V40_B_E2_C5_2T,total_displacement,Y,0.5,1.0,1.7521387711980791e-07,1.7688264560152002e-07,0.009434325657201512
COMMON_B2,common,-1,V40_B_E2_C5_2T,total_displacement,Y,1.0,2.0,4.317981326885492e-07,4.3836000736618197e-07,0.014969145376784631
COMMON_B2,common,-1,V40_B_E2_C5_2T,total_displacement,Y,2.0,5.0,1.4637157438178956e-07,1.4017971555115026e-07,0.04417086171344067
COMMON_B2,common,-1,V40_B_E2_C5_2T,total_displacement,Y,5.0,10.0,1.7635792850133088e-08,6.785250958792554e-09,1.5991364147379163
COMMON_B2,common,-1,V40_B_E2_C5_2T,total_displacement,Y,10.0,20.0,2.1982077586745526e-09,1.2669009351055821e-09,0.7351062721343373
COMMON_B2,common,-1,V40_B_E2_C5_2T,total_displacement,Z,0.0,0.5,0.00010049009461851403,0.00010216983951128017,0.016440711865664523
COMMON_B2,common,-1,V40_B_E2_C5_2T,total_displacement,Z,0.5,1.0,5.827599190332966e-08,1.6277180894657813e-08,2.580226347576926
COMMON_B2,common,-1,V40_B_E2_C5_2T,total_displacement,Z,1.0,2.0,2.633834246307198e-07,2.4052107929715407e-07,0.09505339573717869
COMMON_B2,common,-1,V40_B_E2_C5_2T,total_displacement,Z,2.0,5.0,8.02889429434435e-08,3.706340627089637e-08,1.1662591494319694
COMMON_B2,common,-1,V40_B_E2_C5_2T,total_displacement,Z,5.0,10.0,5.2371498732684134e-08,7.978073367083233e-09,5.564429320588091
COMMON_B2,common,-1,V40_B_E2_C5_2T,total_displacement,Z,10.0,20.0,7.764535007466196e-09,4.560659517549313e-10,16.025026704116904
COMMON_B2,common,-1,V40_CPLUS_E2_C5_2T,total_displacement,X,0.0,0.5,1.2422634555779717e-06,1.2682236755892008e-06,0.020469748760342514
COMMON_B2,common,-1,V40_CPLUS_E2_C5_2T,total_displacement,X,0.5,1.0,1.7755880836316053e-08,1.824578536550905e-08,0.026850284565940893
COMMON_B2,common,-1,V40_CPLUS_E2_C5_2T,total_displacement,X,1.0,2.0,5.2743806675242744e-05,5.271267338814256e-05,0.0005906224271900613
COMMON_B2,common,-1,V40_CPLUS_E2_C5_2T,total_displacement,X,2.0,5.0,4.007628125588428e-06,4.038832027021344e-06,0.007725971573997175
COMMON_B2,common,-1,V40_CPLUS_E2_C5_2T,total_displacement,X,5.0,10.0,3.495728343959828e-10,6.286258678954346e-10,0.4439095617138513
COMMON_B2,common,-1,V40_CPLUS_E2_C5_2T,total_displacement,X,10.0,20.0,5.546637270656442e-11,8.947399296394459e-11,0.3800838559991868
COMMON_B2,common,-1,V40_CPLUS_E2_C5_2T,total_displacement,Y,0.0,0.5,0.00046383224748414447,0.0004695784687610215,0.012236977755897492
COMMON_B2,common,-1,V40_CPLUS_E2_C5_2T,total_displacement,Y,0.5,1.0,1.2603045629407452e-07,1.1873041778903406e-07,0.06148414737335069
COMMON_B2,common,-1,V40_CPLUS_E2_C5_2T,total_displacement,Y,1.0,2.0,5.292284872378845e-07,5.429860108955015e-07,0.025336792074860125
COMMON_B2,common,-1,V40_CPLUS_E2_C5_2T,total_displacement,Y,2.0,5.0,1.6540848852880523e-07,1.4386882807295284e-07,0.1497173553462886
COMMON_B2,common,-1,V40_CPLUS_E2_C5_2T,total_displacement,Y,5.0,10.0,3.899870710019335e-08,1.3129765821617443e-08,1.9702515360924493
COMMON_B2,common,-1,V40_CPLUS_E2_C5_2T,total_displacement,Y,10.0,20.0,3.915253327162583e-09,2.3921882330514924e-09,0.6366827965574675
COMMON_B2,common,-1,V40_CPLUS_E2_C5_2T,total_displacement,Z,0.0,0.5,0.0002346486867323421,0.0002388808048362328,0.017716442753916917
COMMON_B2,common,-1,V40_CPLUS_E2_C5_2T,total_displacement,Z,0.5,1.0,1.0040370812859778e-07,1.0402310671645004e-08,8.652058210709074
COMMON_B2,common,-1,V40_CPLUS_E2_C5_2T,total_displacement,Z,1.0,2.0,3.5590811817912684e-07,2.7694539525763426e-07,0.2851201871330479
COMMON_B2,common,-1,V40_CPLUS_E2_C5_2T,total_displacement,Z,2.0,5.0,1.685831551773446e-07,3.808542334936631e-08,3.4264482406009438
COMMON_B2,common,-1,V40_CPLUS_E2_C5_2T,total_displacement,Z,5.0,10.0,1.233307313246369e-07,1.9568480360256706e-08,5.302519615939099
COMMON_B2,common,-1,V40_CPLUS_E2_C5_2T,total_displacement,Z,10.0,20.0,1.6729022193272018e-08,8.555977549057899e-10,18.55243816075003
COMMON_B2,common,-1,V40_C_E2_C5_2T,total_displacement,X,0.0,0.5,7.47672023359048e-07,7.867024063848856e-07,0.049612639683146526
COMMON_B2,common,-1,V40_C_E2_C5_2T,total_displacement,X,0.5,1.0,1.9419810587076488e-08,2.0220598994813658e-08,0.0396026056370814
COMMON_B2,common,-1,V40_C_E2_C5_2T,total_displacement,X,1.0,2.0,5.2772666870741776e-05,5.272142257114708e-05,0.0009719824901451275
COMMON_B2,common,-1,V40_C_E2_C5_2T,total_displacement,X,2.0,5.0,3.998381274499396e-06,4.035963059543623e-06,0.009311726715476028
COMMON_B2,common,-1,V40_C_E2_C5_2T,total_displacement,X,5.0,10.0,3.18174726059813e-10,5.132511576646066e-10,0.38007986673119176
COMMON_B2,common,-1,V40_C_E2_C5_2T,total_displacement,X,10.0,20.0,5.7759313192920646e-11,7.985741368701763e-11,0.276719461272629
COMMON_B2,common,-1,V40_C_E2_C5_2T,total_displacement,Y,0.0,0.5,0.0002823915016944434,0.00028912566700852176,0.023291482156372695
COMMON_B2,common,-1,V40_C_E2_C5_2T,total_displacement,Y,0.5,1.0,2.442340610149649e-07,2.545753031859973e-07,0.040621545144451404
COMMON_B2,common,-1,V40_C_E2_C5_2T,total_displacement,Y,1.0,2.0,4.598364097711878e-07,4.692885423920581e-07,0.020141409318648364
COMMON_B2,common,-1,V40_C_E2_C5_2T,total_displacement,Y,2.0,5.0,1.6380290893686925e-07,1.4150956979249527e-07,0.15753944540333314
COMMON_B2,common,-1,V40_C_E2_C5_2T,total_displacement,Y,5.0,10.0,3.6079858832287854e-08,8.935514198760854e-09,3.0378044318133686
COMMON_B2,common,-1,V40_C_E2_C5_2T,total_displacement,Y,10.0,20.0,3.7247127222834583e-09,1.6452991703463845e-09,1.2638513344046087
COMMON_B2,common,-1,V40_C_E2_C5_2T,total_displacement,Z,0.0,0.5,0.0001437461076577481,0.00014708934568548356,0.022729301107125722
COMMON_B2,common,-1,V40_C_E2_C5_2T,total_displacement,Z,0.5,1.0,7.340806861813101e-08,2.2627027316296353e-08,2.244264816229807
COMMON_B2,common,-1,V40_C_E2_C5_2T,total_displacement,Z,1.0,2.0,2.9535512856801085e-07,2.516019110697012e-07,0.17389858968991986
COMMON_B2,common,-1,V40_C_E2_C5_2T,total_displacement,Z,2.0,5.0,1.5440609998836977e-07,3.7625901332296095e-08,3.1037183036419567
COMMON_B2,common,-1,V40_C_E2_C5_2T,total_displacement,Z,5.0,10.0,1.2899687064849208e-07,1.2536577474391938e-08,9.289640128016584
COMMON_B2,common,-1,V40_C_E2_C5_2T,total_displacement,Z,10.0,20.0,1.6562850609481815e-08,5.9447657081822e-10,26.861233600316993
COMMON_B2,common,-1,V52_A_E2_C5_2T,total_displacement,X,0.0,0.5,3.0460256653187566e-07,2.829534932937382e-07,0.07651106542679516
COMMON_B2,common,-1,V52_A_E2_C5_2T,total_displacement,X,0.5,1.0,1.8389820623833952e-08,1.8805038762177704e-08,0.022080153282048712
COMMON_B2,common,-1,V52_A_E2_C5_2T,total_displacement,X,1.0,2.0,5.2759543987423325e-05,5.275470462778775e-05,9.17332334570159e-05
COMMON_B2,common,-1,V52_A_E2_C5_2T,total_displacement,X,2.0,5.0,4.005419243096729e-06,4.022734339213804e-06,0.004304310117694412
COMMON_B2,common,-1,V52_A_E2_C5_2T,total_displacement,X,5.0,10.0,2.0598322349882385e-10,2.600965219724217e-10,0.2080508346026078
COMMON_B2,common,-1,V52_A_E2_C5_2T,total_displacement,X,10.0,20.0,6.398552943067492e-11,1.5074268233392e-10,0.5755314391385422
COMMON_B2,common,-1,V52_A_E2_C5_2T,total_displacement,Y,0.0,0.5,0.0001092192230420421,0.0001025802399034663,0.06471990263254844
COMMON_B2,common,-1,V52_A_E2_C5_2T,total_displacement,Y,0.5,1.0,1.2013114062030971e-07,1.1956786540976644e-07,0.0047109247004861205
COMMON_B2,common,-1,V52_A_E2_C5_2T,total_displacement,Y,1.0,2.0,4.1013841543444427e-07,4.1005842920679274e-07,0.00019506056199417718
COMMON_B2,common,-1,V52_A_E2_C5_2T,total_displacement,Y,2.0,5.0,1.5098945860649097e-07,1.4191471488010988e-07,0.06394505132217942
COMMON_B2,common,-1,V52_A_E2_C5_2T,total_displacement,Y,5.0,10.0,6.734369721138445e-09,2.9023614444346134e-09,1.320307049989191
COMMON_B2,common,-1,V52_A_E2_C5_2T,total_displacement,Y,10.0,20.0,5.2325343442898854e-09,4.474810726652855e-09,0.16933087540974176
COMMON_B2,common,-1,V52_A_E2_C5_2T,total_displacement,Z,0.0,0.5,5.5190259893346676e-05,5.131584663563413e-05,0.0755013024577504
COMMON_B2,common,-1,V52_A_E2_C5_2T,total_displacement,Z,0.5,1.0,2.99252771401899e-08,1.5239940444776236e-08,0.9636085356519438
COMMON_B2,common,-1,V52_A_E2_C5_2T,total_displacement,Z,1.0,2.0,2.507941704731163e-07,2.2632777842635115e-07,0.10810158707375249
COMMON_B2,common,-1,V52_A_E2_C5_2T,total_displacement,Z,2.0,5.0,8.774917631076265e-08,3.7383610304875276e-08,1.3472632952018306
COMMON_B2,common,-1,V52_A_E2_C5_2T,total_displacement,Z,5.0,10.0,1.5574331716502947e-08,1.0326620963882435e-09,14.081730772316023
COMMON_B2,common,-1,V52_A_E2_C5_2T,total_displacement,Z,10.0,20.0,8.877811152399966e-09,6.755513539747624e-10,12.141578504972736
COMMON_B2,common,-1,V52_B_E2_C5_2T,total_displacement,X,0.0,0.5,3.9408642761518665e-07,4.32610022010165e-07,0.08904924166105697
COMMON_B2,common,-1,V52_B_E2_C5_2T,total_displacement,X,0.5,1.0,1.88657920740788e-08,1.9807223231367197e-08,0.04752968885600904
COMMON_B2,common,-1,V52_B_E2_C5_2T,total_displacement,X,1.0,2.0,5.276017309466237e-05,5.275116489811638e-05,0.00017076772737421815
COMMON_B2,common,-1,V52_B_E2_C5_2T,total_displacement,X,2.0,5.0,4.009999255151014e-06,4.015970984812689e-06,0.001486995220896354
COMMON_B2,common,-1,V52_B_E2_C5_2T,total_displacement,X,5.0,10.0,2.1231510504395207e-10,3.082177854427239e-10,0.31115232451955127
COMMON_B2,common,-1,V52_B_E2_C5_2T,total_displacement,X,10.0,20.0,8.551275936687365e-11,1.3729248495935894e-10,0.37714901589706845
COMMON_B2,common,-1,V52_B_E2_C5_2T,total_displacement,Y,0.0,0.5,0.0001505975137301437,0.00016027903416745862,0.060404160079974824
COMMON_B2,common,-1,V52_B_E2_C5_2T,total_displacement,Y,0.5,1.0,1.7652447556242112e-07,1.867500803050577e-07,0.05475555740556029
COMMON_B2,common,-1,V52_B_E2_C5_2T,total_displacement,Y,1.0,2.0,4.1856837562257896e-07,4.341141210000315e-07,0.035810273440636115
COMMON_B2,common,-1,V52_B_E2_C5_2T,total_displacement,Y,2.0,5.0,1.5464246161158457e-07,1.4409043868698304e-07,0.07323194391492115
COMMON_B2,common,-1,V52_B_E2_C5_2T,total_displacement,Y,5.0,10.0,9.784878182939266e-09,3.6337349047024063e-09,1.6927881200900712
COMMON_B2,common,-1,V52_B_E2_C5_2T,total_displacement,Y,10.0,20.0,8.471234329758342e-09,6.522797164435053e-09,0.2987119047556717
COMMON_B2,common,-1,V52_B_E2_C5_2T,total_displacement,Z,0.0,0.5,7.482652189716156e-05,8.013514552995255e-05,0.0662458849694952
COMMON_B2,common,-1,V52_B_E2_C5_2T,total_displacement,Z,0.5,1.0,4.1921345891364696e-08,2.285818962734892e-08,0.8339748936725708
COMMON_B2,common,-1,V52_B_E2_C5_2T,total_displacement,Z,1.0,2.0,2.3586296605333598e-07,2.3453544780443223e-07,0.005660203015497699
COMMON_B2,common,-1,V52_B_E2_C5_2T,total_displacement,Z,2.0,5.0,8.867032651655609e-08,3.771270376242093e-08,1.3512057654405625
COMMON_B2,common,-1,V52_B_E2_C5_2T,total_displacement,Z,5.0,10.0,2.9586073655756977e-08,1.2346541809788953e-09,22.96304496559487
COMMON_B2,common,-1,V52_B_E2_C5_2T,total_displacement,Z,10.0,20.0,1.773426823724326e-08,9.816469383417767e-10,17.065831557729343
COMMON_B2,common,-1,V52_CPLUS_E2_C5_2T,total_displacement,X,0.0,0.5,9.652908739997917e-07,9.879378568400453e-07,0.022923489249304478
COMMON_B2,common,-1,V52_CPLUS_E2_C5_2T,total_displacement,X,0.5,1.0,1.8634795873097635e-08,1.961882351274555e-08,0.05015732156460003
COMMON_B2,common,-1,V52_CPLUS_E2_C5_2T,total_displacement,X,1.0,2.0,5.276289955096244e-05,5.274223844815139e-05,0.0003917373137539251
COMMON_B2,common,-1,V52_CPLUS_E2_C5_2T,total_displacement,X,2.0,5.0,4.001048425797359e-06,4.028061997039995e-06,0.006706344456090027
COMMON_B2,common,-1,V52_CPLUS_E2_C5_2T,total_displacement,X,5.0,10.0,2.866075960611708e-10,3.5659932738667744e-10,0.19627555620600284
COMMON_B2,common,-1,V52_CPLUS_E2_C5_2T,total_displacement,X,10.0,20.0,1.2320547065454286e-10,1.914999258974178e-10,0.35662914710190924
COMMON_B2,common,-1,V52_CPLUS_E2_C5_2T,total_displacement,Y,0.0,0.5,0.00036919149670514197,0.0003748303333405422,0.015043704134470997
COMMON_B2,common,-1,V52_CPLUS_E2_C5_2T,total_displacement,Y,0.5,1.0,1.5220649321909272e-07,1.3863932893004358e-07,0.09785941978913525
COMMON_B2,common,-1,V52_CPLUS_E2_C5_2T,total_displacement,Y,1.0,2.0,5.129263610129401e-07,5.303312753586746e-07,0.03281894761715334
COMMON_B2,common,-1,V52_CPLUS_E2_C5_2T,total_displacement,Y,2.0,5.0,1.7769298348028705e-07,1.533256791250385e-07,0.15892513566091418
COMMON_B2,common,-1,V52_CPLUS_E2_C5_2T,total_displacement,Y,5.0,10.0,2.0855033261430708e-08,6.314276395206438e-09,2.3028381965133913
COMMON_B2,common,-1,V52_CPLUS_E2_C5_2T,total_displacement,Y,10.0,20.0,1.6372687948098622e-08,1.3290059830348125e-08,0.2319499051999189
COMMON_B2,common,-1,V52_CPLUS_E2_C5_2T,total_displacement,Z,0.0,0.5,0.000186310505084109,0.00018733093118715094,0.005447184277445873
COMMON_B2,common,-1,V52_CPLUS_E2_C5_2T,total_displacement,Z,0.5,1.0,7.738832917262168e-08,2.5999678058567886e-08,1.9765110551866727
COMMON_B2,common,-1,V52_CPLUS_E2_C5_2T,total_displacement,Z,1.0,2.0,3.016575647170687e-07,2.680162239686956e-07,0.12551979223579532
COMMON_B2,common,-1,V52_CPLUS_E2_C5_2T,total_displacement,Z,2.0,5.0,1.7456758329554e-07,3.9098257875347495e-08,3.4648430078929313
COMMON_B2,common,-1,V52_CPLUS_E2_C5_2T,total_displacement,Z,5.0,10.0,6.729015457894182e-08,2.3849673359128717e-09,27.214287703519343
COMMON_B2,common,-1,V52_CPLUS_E2_C5_2T,total_displacement,Z,10.0,20.0,2.985069118800997e-08,1.8183474847375167e-09,15.416384348186893
COMMON_B2,common,-1,V52_C_E2_C5_2T,total_displacement,X,0.0,0.5,6.018537338852023e-07,6.151453530735914e-07,0.021607282119546545
COMMON_B2,common,-1,V52_C_E2_C5_2T,total_displacement,X,0.5,1.0,1.9661476953890977e-08,2.0947632474953008e-08,0.061398610205706125
COMMON_B2,common,-1,V52_C_E2_C5_2T,total_displacement,X,1.0,2.0,5.2761886677365806e-05,5.2750198486356814e-05,0.000221576246997716
COMMON_B2,common,-1,V52_C_E2_C5_2T,total_displacement,X,2.0,5.0,4.00056898205354e-06,4.016866327733942e-06,0.0040572287825161885
COMMON_B2,common,-1,V52_C_E2_C5_2T,total_displacement,X,5.0,10.0,2.496600282878252e-10,3.055300631994425e-10,0.18286264312768055
COMMON_B2,common,-1,V52_C_E2_C5_2T,total_displacement,X,10.0,20.0,9.44455498866757e-11,1.7640967561258749e-10,0.46462375400492684
COMMON_B2,common,-1,V52_C_E2_C5_2T,total_displacement,Y,0.0,0.5,0.00022895207422450703,0.00023079759933342797,0.007996292484198465
COMMON_B2,common,-1,V52_C_E2_C5_2T,total_displacement,Y,0.5,1.0,2.50748042361147e-07,2.688849380729555e-07,0.06745225612781444
COMMON_B2,common,-1,V52_C_E2_C5_2T,total_displacement,Y,1.0,2.0,4.478164169691884e-07,4.634275420401587e-07,0.033686226334855005
COMMON_B2,common,-1,V52_C_E2_C5_2T,total_displacement,Y,2.0,5.0,1.649109158047331e-07,1.469759644510981e-07,0.1220264239844626
COMMON_B2,common,-1,V52_C_E2_C5_2T,total_displacement,Y,5.0,10.0,1.3388492366755173e-08,4.553115250448652e-09,1.940512512929671
COMMON_B2,common,-1,V52_C_E2_C5_2T,total_displacement,Y,10.0,20.0,1.0989424358713635e-08,9.100368401535539e-09,0.20758016311288552
COMMON_B2,common,-1,V52_C_E2_C5_2T,total_displacement,Z,0.0,0.5,0.00011504658954838366,0.0001153591686430999,0.0027096163954102325
COMMON_B2,common,-1,V52_C_E2_C5_2T,total_displacement,Z,0.5,1.0,4.488582940062341e-08,3.216042254968157e-08,0.3956853126318092
COMMON_B2,common,-1,V52_C_E2_C5_2T,total_displacement,Z,1.0,2.0,2.516593957149254e-07,2.4399488801123886e-07,0.03141257493613349
COMMON_B2,common,-1,V52_C_E2_C5_2T,total_displacement,Z,2.0,5.0,1.4003237982625496e-07,3.812947747159086e-08,2.672549143391459
COMMON_B2,common,-1,V52_C_E2_C5_2T,total_displacement,Z,5.0,10.0,4.145230187781792e-08,1.6252453297733348e-09,24.50525826374722
COMMON_B2,common,-1,V52_C_E2_C5_2T,total_displacement,Z,10.0,20.0,2.050797933016366e-08,1.2906546545729647e-09,14.889594677787047
COMMON_B2,common,-1,V40_A_E3_C6_1T,total_displacement,X,0.0,0.5,1.0145978346013993e-06,9.522061524910742e-07,0.06552329235334359
COMMON_B2,common,-1,V40_A_E3_C6_1T,total_displacement,X,0.5,1.0,7.56010482729713e-10,8.478142186816016e-10,0.10828284537931965
COMMON_B2,common,-1,V40_A_E3_C6_1T,total_displacement,X,1.0,2.0,4.40736333311342e-10,4.4432160028224247e-10,0.008069080973382896
COMMON_B2,common,-1,V40_A_E3_C6_1T,total_displacement,X,2.0,5.0,2.858976259141534e-10,6.067262676343792e-11,3.712135293381411
COMMON_B2,common,-1,V40_A_E3_C6_1T,total_displacement,X,5.0,10.0,7.875323548761661e-11,1.0578546617323055e-10,0.2555382290545179
COMMON_B2,common,-1,V40_A_E3_C6_1T,total_displacement,X,10.0,20.0,2.7249655601676228e-11,1.42095004428723e-11,0.9177067984360467
COMMON_B2,common,-1,V40_A_E3_C6_1T,total_displacement,Y,0.0,0.5,4.438484351942638e-05,4.5065420924616204e-05,0.015101987094013137
COMMON_B2,common,-1,V40_A_E3_C6_1T,total_displacement,Y,0.5,1.0,1.7380790952470838e-07,1.833100716015939e-07,0.05183655209920778
COMMON_B2,common,-1,V40_A_E3_C6_1T,total_displacement,Y,1.0,2.0,8.984316182308682e-08,7.832290413976396e-08,0.1470867022852656
COMMON_B2,common,-1,V40_A_E3_C6_1T,total_displacement,Y,2.0,5.0,6.885095435775171e-08,6.564878121365765e-08,0.048777343385437925
COMMON_B2,common,-1,V40_A_E3_C6_1T,total_displacement,Y,5.0,10.0,2.3058533448814898e-08,1.798528937954654e-08,0.2820774223982081
COMMON_B2,common,-1,V40_A_E3_C6_1T,total_displacement,Y,10.0,20.0,1.02276676442485e-08,1.0553274211583784e-08,0.03085360626542636
COMMON_B2,common,-1,V40_A_E3_C6_1T,total_displacement,Z,0.0,0.5,6.80241831349218e-05,6.954247652283686e-05,0.021832604529355093
COMMON_B2,common,-1,V40_A_E3_C6_1T,total_displacement,Z,0.5,1.0,9.524661908987559e-07,9.230817764041976e-07,0.03183294833207873
COMMON_B2,common,-1,V40_A_E3_C6_1T,total_displacement,Z,1.0,2.0,4.16468458032408e-07,3.4447662941031e-07,0.20898900672982298
COMMON_B2,common,-1,V40_A_E3_C6_1T,total_displacement,Z,2.0,5.0,2.834760269244982e-07,2.669287299105266e-07,0.06199144250796157
COMMON_B2,common,-1,V40_A_E3_C6_1T,total_displacement,Z,5.0,10.0,1.0309148365206912e-07,7.648298265602093e-08,0.3479009326260043
COMMON_B2,common,-1,V40_A_E3_C6_1T,total_displacement,Z,10.0,20.0,5.4657211453638986e-08,5.330295319939153e-08,0.02540681468776324
COMMON_B2,common,-1,V40_B_E3_C6_1T,total_displacement,X,0.0,0.5,1.4877929081933815e-06,1.4834755010418227e-06,0.0029103326266775235
COMMON_B2,common,-1,V40_B_E3_C6_1T,total_displacement,X,0.5,1.0,1.0605094751301727e-09,1.2313814835036773e-09,0.13876447767211716
COMMON_B2,common,-1,V40_B_E3_C6_1T,total_displacement,X,1.0,2.0,5.875574899407759e-10,5.80514926073146e-10,0.012131581034907869
COMMON_B2,common,-1,V40_B_E3_C6_1T,total_displacement,X,2.0,5.0,1.914197515859918e-10,6.827323453381056e-11,1.8037305232872205
COMMON_B2,common,-1,V40_B_E3_C6_1T,total_displacement,X,5.0,10.0,1.0767133931945744e-10,1.6583070848948297e-10,0.35071531503294523
COMMON_B2,common,-1,V40_B_E3_C6_1T,total_displacement,X,10.0,20.0,2.4217295159332755e-11,1.6017055310824004e-11,0.5119692533600226
COMMON_B2,common,-1,V40_B_E3_C6_1T,total_displacement,Y,0.0,0.5,6.8867752392873e-05,6.531464575518662e-05,0.05439984549566704
COMMON_B2,common,-1,V40_B_E3_C6_1T,total_displacement,Y,0.5,1.0,2.0292539080305662e-07,2.0789075632581838e-07,0.023884494003089524
COMMON_B2,common,-1,V40_B_E3_C6_1T,total_displacement,Y,1.0,2.0,9.7586407482886e-08,9.118910961889759e-08,0.07015418716910757
COMMON_B2,common,-1,V40_B_E3_C6_1T,total_displacement,Y,2.0,5.0,6.771345993677252e-08,6.621133645982232e-08,0.02268680194760463
COMMON_B2,common,-1,V40_B_E3_C6_1T,total_displacement,Y,5.0,10.0,2.424698157214875e-08,1.8881827939470385e-08,0.2841437624512561
COMMON_B2,common,-1,V40_B_E3_C6_1T,total_displacement,Y,10.0,20.0,1.0560694126945898e-08,1.0775105287619546e-08,0.019898753186198905
COMMON_B2,common,-1,V40_B_E3_C6_1T,total_displacement,Z,0.0,0.5,8.275375423255856e-05,8.125196469188047e-05,0.018483116640601822
COMMON_B2,common,-1,V40_B_E3_C6_1T,total_displacement,Z,0.5,1.0,1.009174222082918e-06,9.13219718692878e-07,0.10507274583096275
COMMON_B2,common,-1,V40_B_E3_C6_1T,total_displacement,Z,1.0,2.0,4.171328818707725e-07,3.508986360577495e-07,0.18875606516214097
COMMON_B2,common,-1,V40_B_E3_C6_1T,total_displacement,Z,2.0,5.0,2.7755077981314587e-07,2.6721907246300626e-07,0.03866380964094518
COMMON_B2,common,-1,V40_B_E3_C6_1T,total_displacement,Z,5.0,10.0,1.0309882097460333e-07,7.805573066426597e-08,0.3208360244304539
COMMON_B2,common,-1,V40_B_E3_C6_1T,total_displacement,Z,10.0,20.0,5.611630366973281e-08,5.336267841334169e-08,0.05160208104739097
COMMON_B2,common,-1,V40_CPLUS_E3_C6_1T,total_displacement,X,0.0,0.5,3.2979314797688537e-06,3.45822610860022e-06,0.04635169124214621
COMMON_B2,common,-1,V40_CPLUS_E3_C6_1T,total_displacement,X,0.5,1.0,8.989521182214648e-10,8.357046228132165e-10,0.07568163880120647
COMMON_B2,common,-1,V40_CPLUS_E3_C6_1T,total_displacement,X,1.0,2.0,1.0924079630519207e-09,1.1106009913181577e-09,0.01638124619774019
COMMON_B2,common,-1,V40_CPLUS_E3_C6_1T,total_displacement,X,2.0,5.0,3.4282001935394237e-10,1.0230604901726174e-10,2.350926192996658
COMMON_B2,common,-1,V40_CPLUS_E3_C6_1T,total_displacement,X,5.0,10.0,1.7610150261539378e-10,3.4270141571768595e-10,0.4861372187605304
COMMON_B2,common,-1,V40_CPLUS_E3_C6_1T,total_displacement,X,10.0,20.0,3.493215993095258e-11,1.9777857431833948e-11,0.7662256921079147
COMMON_B2,common,-1,V40_CPLUS_E3_C6_1T,total_displacement,Y,0.0,0.5,0.00014230212892288595,0.0001394584912113866,0.020390567019609084
COMMON_B2,common,-1,V40_CPLUS_E3_C6_1T,total_displacement,Y,0.5,1.0,1.9915283153373122e-07,1.8698422715073907e-07,0.06507823985165502
COMMON_B2,common,-1,V40_CPLUS_E3_C6_1T,total_displacement,Y,1.0,2.0,1.387575925267573e-07,1.4131890195941427e-07,0.01812432305334891
COMMON_B2,common,-1,V40_CPLUS_E3_C6_1T,total_displacement,Y,2.0,5.0,7.840250612116786e-08,6.83866548513328e-08,0.14645914896128112
COMMON_B2,common,-1,V40_CPLUS_E3_C6_1T,total_displacement,Y,5.0,10.0,4.0226384210872276e-08,2.2282782602148322e-08,0.8052675435155922
COMMON_B2,common,-1,V40_CPLUS_E3_C6_1T,total_displacement,Y,10.0,20.0,1.0786977553210374e-08,1.1302876331251349e-08,0.045643140995408914
COMMON_B2,common,-1,V40_CPLUS_E3_C6_1T,total_displacement,Z,0.0,0.5,0.0001212044488580595,0.00012258751347153296,0.011282263375010341
COMMON_B2,common,-1,V40_CPLUS_E3_C6_1T,total_displacement,Z,0.5,1.0,1.058323686834507e-06,9.273528337615531e-07,0.14123087599970605
COMMON_B2,common,-1,V40_CPLUS_E3_C6_1T,total_displacement,Z,1.0,2.0,4.577291375608196e-07,3.687739010598623e-07,0.24121890471451066
COMMON_B2,common,-1,V40_CPLUS_E3_C6_1T,total_displacement,Z,2.0,5.0,3.348679757910385e-07,2.6856009041747297e-07,0.2469014858853035
COMMON_B2,common,-1,V40_CPLUS_E3_C6_1T,total_displacement,Z,5.0,10.0,1.6628991932726279e-07,8.246984873153691e-08,1.0163723092130839
COMMON_B2,common,-1,V40_CPLUS_E3_C6_1T,total_displacement,Z,10.0,20.0,5.739731749560235e-08,5.3588365511179616e-08,0.07107796530252655
COMMON_B2,common,-1,V40_C_E3_C6_1T,total_displacement,X,0.0,0.5,2.124857435212568e-06,2.1329153500475316e-06,0.0037778877791769796
COMMON_B2,common,-1,V40_C_E3_C6_1T,total_displacement,X,0.5,1.0,1.3482659659832095e-09,1.6995277329041119e-09,0.20668198589538447
COMMON_B2,common,-1,V40_C_E3_C6_1T,total_displacement,X,1.0,2.0,6.960461442114961e-10,7.321433851447232e-10,0.049303513035348655
COMMON_B2,common,-1,V40_C_E3_C6_1T,total_displacement,X,2.0,5.0,1.681610493142685e-10,7.911331381613622e-11,1.1255720586434317
COMMON_B2,common,-1,V40_C_E3_C6_1T,total_displacement,X,5.0,10.0,1.1201197833949921e-10,2.2931325819208262e-10,0.5115329169250511
COMMON_B2,common,-1,V40_C_E3_C6_1T,total_displacement,X,10.0,20.0,2.3462116558580523e-11,1.7068374377089117e-11,0.3745958484525467
COMMON_B2,common,-1,V40_C_E3_C6_1T,total_displacement,Y,0.0,0.5,9.09383919127474e-05,8.984502068287141e-05,0.012169525050645794
COMMON_B2,common,-1,V40_C_E3_C6_1T,total_displacement,Y,0.5,1.0,2.3762814454981486e-07,2.388893347140527e-07,0.005279390834871153
COMMON_B2,common,-1,V40_C_E3_C6_1T,total_displacement,Y,1.0,2.0,1.1498942939477448e-07,1.065998419964028e-07,0.07870168699363357
COMMON_B2,common,-1,V40_C_E3_C6_1T,total_displacement,Y,2.0,5.0,6.934246692620851e-08,6.694746737180827e-08,0.03577431153741869
COMMON_B2,common,-1,V40_C_E3_C6_1T,total_displacement,Y,5.0,10.0,2.757362406493882e-08,2.0052173602760727e-08,0.37509402278177756
COMMON_B2,common,-1,V40_C_E3_C6_1T,total_displacement,Y,10.0,20.0,1.0268046157067908e-08,1.0968783080453508e-08,0.06388465504749755
COMMON_B2,common,-1,V40_C_E3_C6_1T,total_displacement,Z,0.0,0.5,9.558738855716303e-05,9.517267423615683e-05,0.004357493622351545
COMMON_B2,common,-1,V40_C_E3_C6_1T,total_displacement,Z,0.5,1.0,1.1033562056826558e-06,9.038028315652741e-07,0.22079303930900504
COMMON_B2,common,-1,V40_C_E3_C6_1T,total_displacement,Z,1.0,2.0,4.54709874815552e-07,3.580949123091206e-07,0.2698026673526986
COMMON_B2,common,-1,V40_C_E3_C6_1T,total_displacement,Z,2.0,5.0,2.8683466304328085e-07,2.674610675815566e-07,0.07243519827728448
COMMON_B2,common,-1,V40_C_E3_C6_1T,total_displacement,Z,5.0,10.0,1.238511205702558e-07,7.972394023696686e-08,0.5534997417604779
COMMON_B2,common,-1,V40_C_E3_C6_1T,total_displacement,Z,10.0,20.0,5.374924444832924e-08,5.3407947129492654e-08,0.006390384524780096
COMMON_B2,common,-1,V52_A_E3_C6_1T,total_displacement,X,0.0,0.5,7.84704160094459e-07,7.790401748732007e-07,0.007270466150452706
COMMON_B2,common,-1,V52_A_E3_C6_1T,total_displacement,X,0.5,1.0,8.4604019968902e-10,9.146099050657795e-10,0.07497153157534185
COMMON_B2,common,-1,V52_A_E3_C6_1T,total_displacement,X,1.0,2.0,4.131801388678462e-10,4.158089898395222e-10,0.006322256218391487
COMMON_B2,common,-1,V52_A_E3_C6_1T,total_displacement,X,2.0,5.0,2.0538337404582523e-10,7.943195178185752e-11,1.5856518622363167
COMMON_B2,common,-1,V52_A_E3_C6_1T,total_displacement,X,5.0,10.0,4.7644499898808504e-11,3.476859167541182e-11,0.37033160110717
COMMON_B2,common,-1,V52_A_E3_C6_1T,total_displacement,X,10.0,20.0,3.4925584200541706e-11,3.060711570302705e-11,0.14109361167565215
COMMON_B2,common,-1,V52_A_E3_C6_1T,total_displacement,Y,0.0,0.5,3.636017439643555e-05,3.870949962943979e-05,0.060691180601505454
COMMON_B2,common,-1,V52_A_E3_C6_1T,total_displacement,Y,0.5,1.0,2.0840753742980449e-07,2.1529898552290113e-07,0.03200873462714762
COMMON_B2,common,-1,V52_A_E3_C6_1T,total_displacement,Y,1.0,2.0,6.684933801815073e-08,7.07760981656503e-08,0.0554814442908262
COMMON_B2,common,-1,V52_A_E3_C6_1T,total_displacement,Y,2.0,5.0,7.140955616999162e-08,6.690513641855917e-08,0.06732546994976228
COMMON_B2,common,-1,V52_A_E3_C6_1T,total_displacement,Y,5.0,10.0,1.830377871288935e-08,1.6913397743128314e-08,0.08220589327333294
COMMON_B2,common,-1,V52_A_E3_C6_1T,total_displacement,Y,10.0,20.0,1.250702681119879e-08,1.2474453179184316e-08,0.0026112272455219966
COMMON_B2,common,-1,V52_A_E3_C6_1T,total_displacement,Z,0.0,0.5,6.440076270456019e-05,7.008821597883124e-05,0.08114706865971355
COMMON_B2,common,-1,V52_A_E3_C6_1T,total_displacement,Z,0.5,1.0,9.469864588157326e-07,9.890865359639251e-07,0.042564604427825316
COMMON_B2,common,-1,V52_A_E3_C6_1T,total_displacement,Z,1.0,2.0,3.295184521138267e-07,3.2327586206268615e-07,0.019310411891903263
COMMON_B2,common,-1,V52_A_E3_C6_1T,total_displacement,Z,2.0,5.0,2.8569615722299244e-07,2.676426676324939e-07,0.0674537051591795
COMMON_B2,common,-1,V52_A_E3_C6_1T,total_displacement,Z,5.0,10.0,8.385446682476797e-08,7.460417667669147e-08,0.12399158545994063
COMMON_B2,common,-1,V52_A_E3_C6_1T,total_displacement,Z,10.0,20.0,6.139184062770471e-08,5.3508631789472914e-08,0.14732592807171552
COMMON_B2,common,-1,V52_B_E3_C6_1T,total_displacement,X,0.0,0.5,1.1693048740463046e-06,1.212543681388917e-06,0.035659587366852014
COMMON_B2,common,-1,V52_B_E3_C6_1T,total_displacement,X,0.5,1.0,1.1569480427808093e-09,1.3386282590309722e-09,0.13572118698710312
COMMON_B2,common,-1,V52_B_E3_C6_1T,total_displacement,X,1.0,2.0,4.842193534841332e-10,5.475988646710216e-10,0.11574076440966438
COMMON_B2,common,-1,V52_B_E3_C6_1T,total_displacement,X,2.0,5.0,3.5814734487152945e-10,9.677937757786774e-11,2.700657659048981
COMMON_B2,common,-1,V52_B_E3_C6_1T,total_displacement,X,5.0,10.0,7.798346410699344e-11,4.405134764918417e-11,0.770285547857415
COMMON_B2,common,-1,V52_B_E3_C6_1T,total_displacement,X,10.0,20.0,5.133520706746297e-11,3.950751414915463e-11,0.2993783125320079
COMMON_B2,common,-1,V52_B_E3_C6_1T,total_displacement,Y,0.0,0.5,5.491093844488158e-05,5.519489286106139e-05,0.005144577721974996
COMMON_B2,common,-1,V52_B_E3_C6_1T,total_displacement,Y,0.5,1.0,2.4160763954035876e-07,2.48384077446865e-07,0.027282094634088982
COMMON_B2,common,-1,V52_B_E3_C6_1T,total_displacement,Y,1.0,2.0,7.53710641498203e-08,8.125258146758673e-08,0.07238560562057568
COMMON_B2,common,-1,V52_B_E3_C6_1T,total_displacement,Y,2.0,5.0,8.501655108280616e-08,6.813980800085113e-08,0.2476781719394371
COMMON_B2,common,-1,V52_B_E3_C6_1T,total_displacement,Y,5.0,10.0,2.0854672927963506e-08,1.7335917639892834e-08,0.20297485031732213
COMMON_B2,common,-1,V52_B_E3_C6_1T,total_displacement,Y,10.0,20.0,1.4753329113474498e-08,1.3460741573095273e-08,0.09602647323404462
COMMON_B2,common,-1,V52_B_E3_C6_1T,total_displacement,Z,0.0,0.5,7.666822297654095e-05,8.073490573101542e-05,0.05037081195119544
COMMON_B2,common,-1,V52_B_E3_C6_1T,total_displacement,Z,0.5,1.0,9.81980339019321e-07,9.960157553492678e-07,0.014091560554707349
COMMON_B2,common,-1,V52_B_E3_C6_1T,total_displacement,Z,1.0,2.0,3.3495050293371193e-07,3.2462687772616936e-07,0.031801510952678434
COMMON_B2,common,-1,V52_B_E3_C6_1T,total_displacement,Z,2.0,5.0,3.508682179657984e-07,2.685864722007145e-07,0.30635104251860773
COMMON_B2,common,-1,V52_B_E3_C6_1T,total_displacement,Z,5.0,10.0,9.601033327234273e-08,7.482751330389252e-08,0.28308865326610133
COMMON_B2,common,-1,V52_B_E3_C6_1T,total_displacement,Z,10.0,20.0,7.070723894627837e-08,5.364813360321869e-08,0.3179813387214686
COMMON_B2,common,-1,V52_CPLUS_E3_C6_1T,total_displacement,X,0.0,0.5,2.647732876978021e-06,2.8232869590755337e-06,0.0621807434533671
COMMON_B2,common,-1,V52_CPLUS_E3_C6_1T,total_displacement,X,0.5,1.0,1.3979773394040824e-09,1.0683873473213766e-09,0.30849297580043633
COMMON_B2,common,-1,V52_CPLUS_E3_C6_1T,total_displacement,X,1.0,2.0,9.77458174073177e-10,1.08880434735761e-09,0.1022646295954419
COMMON_B2,common,-1,V52_CPLUS_E3_C6_1T,total_displacement,X,2.0,5.0,3.3388890343449835e-10,1.616748382467618e-10,1.0651877995071126
COMMON_B2,common,-1,V52_CPLUS_E3_C6_1T,total_displacement,X,5.0,10.0,9.013799732982201e-11,7.845170435084716e-11,0.14896162009064953
COMMON_B2,common,-1,V52_CPLUS_E3_C6_1T,total_displacement,X,10.0,20.0,7.690635258421705e-11,7.035332709833147e-11,0.093144500141785
COMMON_B2,common,-1,V52_CPLUS_E3_C6_1T,total_displacement,Y,0.0,0.5,0.00012434385415759482,0.0001149546476716276,0.08167748478328467
COMMON_B2,common,-1,V52_CPLUS_E3_C6_1T,total_displacement,Y,0.5,1.0,3.235387678445753e-07,2.3112584988633963e-07,0.39983808822631234
COMMON_B2,common,-1,V52_CPLUS_E3_C6_1T,total_displacement,Y,1.0,2.0,1.0356584261846051e-07,1.239700102698952e-07,0.16458954554422278
COMMON_B2,common,-1,V52_CPLUS_E3_C6_1T,total_displacement,Y,2.0,5.0,1.067026582402184e-07,7.263999988988999e-08,0.46892426214154287
COMMON_B2,common,-1,V52_CPLUS_E3_C6_1T,total_displacement,Y,5.0,10.0,2.998456739076007e-08,1.864930001157443e-08,0.6078119485530591
COMMON_B2,common,-1,V52_CPLUS_E3_C6_1T,total_displacement,Y,10.0,20.0,2.1531336984418618e-08,1.7116473918672712e-08,0.2579306396120314
COMMON_B2,common,-1,V52_CPLUS_E3_C6_1T,total_displacement,Z,0.0,0.5,0.00011587129849884015,0.00011599133675986986,0.0010348898838731446
COMMON_B2,common,-1,V52_CPLUS_E3_C6_1T,total_displacement,Z,0.5,1.0,1.5480347099781344e-06,9.867254051744733e-07,0.568860700109784
COMMON_B2,common,-1,V52_CPLUS_E3_C6_1T,total_displacement,Z,1.0,2.0,3.30023571797533e-07,3.33269612391775e-07,0.009739983705523475
COMMON_B2,common,-1,V52_CPLUS_E3_C6_1T,total_displacement,Z,2.0,5.0,4.479270437697204e-07,2.6904135207580814e-07,0.6649003594194971
COMMON_B2,common,-1,V52_CPLUS_E3_C6_1T,total_displacement,Z,5.0,10.0,1.371146590771881e-07,7.522760574895811e-08,0.8226641365505257
COMMON_B2,common,-1,V52_CPLUS_E3_C6_1T,total_displacement,Z,10.0,20.0,9.354778180883034e-08,5.4147238107821734e-08,0.727655649260476
COMMON_B2,common,-1,V52_C_E3_C6_1T,total_displacement,X,0.0,0.5,1.614118505155767e-06,1.7423635857077132e-06,0.07360408677265573
COMMON_B2,common,-1,V52_C_E3_C6_1T,total_displacement,X,0.5,1.0,1.6859108983499377e-09,1.8578590160425901e-09,0.09255175780717614
COMMON_B2,common,-1,V52_C_E3_C6_1T,total_displacement,X,1.0,2.0,6.117696145209904e-10,7.154357372973909e-10,0.14489927937903493
COMMON_B2,common,-1,V52_C_E3_C6_1T,total_displacement,X,2.0,5.0,2.682989601604495e-10,1.1700172907382307e-10,1.293119616985868
COMMON_B2,common,-1,V52_C_E3_C6_1T,total_displacement,X,5.0,10.0,6.521536511274879e-11,5.4194981149474796e-11,0.2033469470702232
COMMON_B2,common,-1,V52_C_E3_C6_1T,total_displacement,X,10.0,20.0,5.5476395457823665e-11,5.041639826630349e-11,0.1003641149610264
COMMON_B2,common,-1,V52_C_E3_C6_1T,total_displacement,Y,0.0,0.5,8.174612323877591e-05,7.509060187665712e-05,0.08863321368832645
COMMON_B2,common,-1,V52_C_E3_C6_1T,total_displacement,Y,0.5,1.0,2.9334341453461215e-07,2.8807992740673513e-07,0.018270926319852863
COMMON_B2,common,-1,V52_C_E3_C6_1T,total_displacement,Y,1.0,2.0,7.927414186652317e-08,9.477870537617921e-08,0.16358699402062957
COMMON_B2,common,-1,V52_C_E3_C6_1T,total_displacement,Y,2.0,5.0,8.844839389902331e-08,6.946168425349443e-08,0.2733407611632122
COMMON_B2,common,-1,V52_C_E3_C6_1T,total_displacement,Y,5.0,10.0,2.2800083996763367e-08,1.772885977907678e-08,0.2860434501079161
COMMON_B2,common,-1,V52_C_E3_C6_1T,total_displacement,Y,10.0,20.0,1.709831355139298e-08,1.4745414840111646e-08,0.15956815978352762
COMMON_B2,common,-1,V52_C_E3_C6_1T,total_displacement,Z,0.0,0.5,9.04193012137962e-05,9.31153851989077e-05,0.028954226837512177
COMMON_B2,common,-1,V52_C_E3_C6_1T,total_displacement,Z,0.5,1.0,1.062887734388681e-06,1.0035613003318853e-06,0.05911590456624418
COMMON_B2,common,-1,V52_C_E3_C6_1T,total_displacement,Z,1.0,2.0,3.087807871767254e-07,3.293004068409912e-07,0.062312767424469166
COMMON_B2,common,-1,V52_C_E3_C6_1T,total_displacement,Z,2.0,5.0,3.678399133406131e-07,2.681264302119386e-07,0.37188979486228474
COMMON_B2,common,-1,V52_C_E3_C6_1T,total_displacement,Z,5.0,10.0,1.0297676790291093e-07,7.493859110086678e-08,0.3741487048282636
COMMON_B2,common,-1,V52_C_E3_C6_1T,total_displacement,Z,10.0,20.0,7.633816886235087e-08,5.37895918351541e-08,0.41919963059582444
COMMON_B2,common,-1,V40_A_E4_C7_1T,total_displacement,X,0.0,0.5,9.10950045321437e-07,9.51210661781133e-07,0.04232565726745357
COMMON_B2,common,-1,V40_A_E4_C7_1T,total_displacement,X,0.5,1.0,1.739704400521852e-08,1.7598208526469828e-08,0.01143096588205161
COMMON_B2,common,-1,V40_A_E4_C7_1T,total_displacement,X,1.0,2.0,5.276688790226029e-05,5.2744460429617835e-05,0.000425210011815037
COMMON_B2,common,-1,V40_A_E4_C7_1T,total_displacement,X,2.0,5.0,4.011515168659938e-06,4.020677286649507e-06,0.0022787499061392175
COMMON_B2,common,-1,V40_A_E4_C7_1T,total_displacement,X,5.0,10.0,2.0141317714266487e-10,2.5375402849836614e-10,0.20626609029790546
COMMON_B2,common,-1,V40_A_E4_C7_1T,total_displacement,X,10.0,20.0,3.457956869278791e-11,7.215882011888045e-11,0.5207852811919784
COMMON_B2,common,-1,V40_A_E4_C7_1T,total_displacement,Y,0.0,0.5,5.059160516933852e-05,4.506442386359795e-05,0.12265065947520763
COMMON_B2,common,-1,V40_A_E4_C7_1T,total_displacement,Y,0.5,1.0,1.7186598321210566e-07,1.8344717310021867e-07,0.06313092588124057
COMMON_B2,common,-1,V40_A_E4_C7_1T,total_displacement,Y,1.0,2.0,4.452188913921914e-07,4.289153369822644e-07,0.0380111248169267
COMMON_B2,common,-1,V40_A_E4_C7_1T,total_displacement,Y,2.0,5.0,1.8373788995963036e-07,1.823071236243577e-07,0.007848109864432665
COMMON_B2,common,-1,V40_A_E4_C7_1T,total_displacement,Y,5.0,10.0,2.1757553769569162e-08,1.8009149619817293e-08,0.2081388754540148
COMMON_B2,common,-1,V40_A_E4_C7_1T,total_displacement,Y,10.0,20.0,9.672713979581511e-09,1.0519176975493581e-08,0.08046855736756463
COMMON_B2,common,-1,V40_A_E4_C7_1T,total_displacement,Z,0.0,0.5,7.200068434966941e-05,6.954155920352725e-05,0.035361950095841796
COMMON_B2,common,-1,V40_A_E4_C7_1T,total_displacement,Z,0.5,1.0,9.570908678044091e-07,9.233822835633672e-07,0.036505556627055
COMMON_B2,common,-1,V40_A_E4_C7_1T,total_displacement,Z,1.0,2.0,6.01871511534293e-07,5.066430745526558e-07,0.18795961449926046
COMMON_B2,common,-1,V40_A_E4_C7_1T,total_displacement,Z,2.0,5.0,3.0031121857952273e-07,2.878041058392804e-07,0.04345703374790183
COMMON_B2,common,-1,V40_A_E4_C7_1T,total_displacement,Z,5.0,10.0,9.526853675822193e-08,7.57855802574463e-08,0.25707999377442703
COMMON_B2,common,-1,V40_A_E4_C7_1T,total_displacement,Z,10.0,20.0,5.043077598041552e-08,5.322386834341791e-08,0.052478191644779446
COMMON_B2,common,-1,V40_B_E4_C7_1T,total_displacement,X,0.0,0.5,1.5047003750160307e-06,1.4841759585079292e-06,0.013828829654898265
COMMON_B2,common,-1,V40_B_E4_C7_1T,total_displacement,X,0.5,1.0,1.7481019396388856e-08,1.813378133377747e-08,0.03599701162011513
COMMON_B2,common,-1,V40_B_E4_C7_1T,total_displacement,X,1.0,2.0,5.2772132095505374e-05,5.2711942184073115e-05,0.0011418648021367208
COMMON_B2,common,-1,V40_B_E4_C7_1T,total_displacement,X,2.0,5.0,4.0047687816956515e-06,4.007796152879325e-06,0.0007553705498465288
COMMON_B2,common,-1,V40_B_E4_C7_1T,total_displacement,X,5.0,10.0,2.4821516699388936e-10,3.071256328491094e-10,0.19181227339680468
COMMON_B2,common,-1,V40_B_E4_C7_1T,total_displacement,X,10.0,20.0,3.660550109781546e-11,7.666470827254107e-11,0.5225247454450117
COMMON_B2,common,-1,V40_B_E4_C7_1T,total_displacement,Y,0.0,0.5,6.281602371152386e-05,6.531286875797132e-05,0.03822899060979809
COMMON_B2,common,-1,V40_B_E4_C7_1T,total_displacement,Y,0.5,1.0,2.0222216387683303e-07,2.079158002061934e-07,0.02738433694656155
COMMON_B2,common,-1,V40_B_E4_C7_1T,total_displacement,Y,1.0,2.0,4.460749255329793e-07,4.4121225745554734e-07,0.011021153640369694
COMMON_B2,common,-1,V40_B_E4_C7_1T,total_displacement,Y,2.0,5.0,1.8386951840077736e-07,1.8262552344469812e-07,0.006811725615428236
COMMON_B2,common,-1,V40_B_E4_C7_1T,total_displacement,Y,5.0,10.0,2.4050195101229738e-08,1.899305082160974e-08,0.26626287304334106
COMMON_B2,common,-1,V40_B_E4_C7_1T,total_displacement,Y,10.0,20.0,1.0533556513852944e-08,1.064986186203437e-08,0.010920831620928613
COMMON_B2,common,-1,V40_B_E4_C7_1T,total_displacement,Z,0.0,0.5,7.979166955959276e-05,8.124929565813446e-05,0.01794016904066254
COMMON_B2,common,-1,V40_B_E4_C7_1T,total_displacement,Z,0.5,1.0,1.0112632503838038e-06,9.133957283521265e-07,0.1071469013854946
COMMON_B2,common,-1,V40_B_E4_C7_1T,total_displacement,Z,1.0,2.0,5.802762365424277e-07,5.131389227417285e-07,0.13083652559813813
COMMON_B2,common,-1,V40_B_E4_C7_1T,total_displacement,Z,2.0,5.0,2.9873900901003183e-07,2.8790434679460766e-07,0.03763285388377156
COMMON_B2,common,-1,V40_B_E4_C7_1T,total_displacement,Z,5.0,10.0,1.0306313846945213e-07,7.655041552814827e-08,0.3463432923045975
COMMON_B2,common,-1,V40_B_E4_C7_1T,total_displacement,Z,10.0,20.0,5.6115370010070125e-08,5.3256929124840995e-08,0.053672656914344086
COMMON_B2,common,-1,V40_CPLUS_E4_C7_1T,total_displacement,X,0.0,0.5,3.4436148421764177e-06,3.4561325525713404e-06,0.003621883768783585
COMMON_B2,common,-1,V40_CPLUS_E4_C7_1T,total_displacement,X,0.5,1.0,1.7147101812269925e-08,1.7613803342129764e-08,0.02649635179833958
COMMON_B2,common,-1,V40_CPLUS_E4_C7_1T,total_displacement,X,1.0,2.0,5.273984893168993e-05,5.268582755538621e-05,0.001025349298099724
COMMON_B2,common,-1,V40_CPLUS_E4_C7_1T,total_displacement,X,2.0,5.0,4.009713851109624e-06,4.036322412880157e-06,0.006592278576563531
COMMON_B2,common,-1,V40_CPLUS_E4_C7_1T,total_displacement,X,5.0,10.0,3.108444039076173e-10,4.393296618608438e-10,0.2924575076697731
COMMON_B2,common,-1,V40_CPLUS_E4_C7_1T,total_displacement,X,10.0,20.0,3.7168617403860655e-11,8.541933166337213e-11,0.5648687869586951
COMMON_B2,common,-1,V40_CPLUS_E4_C7_1T,total_displacement,Y,0.0,0.5,0.00013960466211014832,0.00013945611245677077,0.0010652071878427126
COMMON_B2,common,-1,V40_CPLUS_E4_C7_1T,total_displacement,Y,0.5,1.0,2.354430093389144e-07,1.8705679125367537e-07,0.2586712717616358
COMMON_B2,common,-1,V40_CPLUS_E4_C7_1T,total_displacement,Y,1.0,2.0,4.946548672084454e-07,4.915715326179294e-07,0.006272402663545662
COMMON_B2,common,-1,V40_CPLUS_E4_C7_1T,total_displacement,Y,2.0,5.0,1.9229673578154312e-07,1.847141708124415e-07,0.04105026125364765
COMMON_B2,common,-1,V40_CPLUS_E4_C7_1T,total_displacement,Y,5.0,10.0,3.55352893969471e-08,2.2310396080309788e-08,0.5927681995887577
COMMON_B2,common,-1,V40_CPLUS_E4_C7_1T,total_displacement,Y,10.0,20.0,9.978987066776625e-09,1.1188726453801978e-08,0.10812127653851777
COMMON_B2,common,-1,V40_CPLUS_E4_C7_1T,total_displacement,Z,0.0,0.5,0.00012267586086676653,0.00012258519938305066,0.0007395793633501944
COMMON_B2,common,-1,V40_CPLUS_E4_C7_1T,total_displacement,Z,0.5,1.0,1.284309244095954e-06,9.277504158490757e-07,0.3843262392079406
COMMON_B2,common,-1,V40_CPLUS_E4_C7_1T,total_displacement,Z,1.0,2.0,6.510960621351601e-07,5.335852730849556e-07,0.22022869628842778
COMMON_B2,common,-1,V40_CPLUS_E4_C7_1T,total_displacement,Z,2.0,5.0,3.437569736237789e-07,2.885560788369816e-07,0.19130040513886673
COMMON_B2,common,-1,V40_CPLUS_E4_C7_1T,total_displacement,Z,5.0,10.0,1.6196214841108845e-07,8.031226092527513e-08,1.0166553219287744
COMMON_B2,common,-1,V40_CPLUS_E4_C7_1T,total_displacement,Z,10.0,20.0,5.3798383008143047e-08,5.342353077821325e-08,0.007016612800939459
COMMON_B2,common,-1,V40_C_E4_C7_1T,total_displacement,X,0.0,0.5,2.0820696957069373e-06,2.1323331849607403e-06,0.023572061631038425
COMMON_B2,common,-1,V40_C_E4_C7_1T,total_displacement,X,0.5,1.0,1.77791658350024e-08,1.8413866601366154e-08,0.034468630630606706
COMMON_B2,common,-1,V40_C_E4_C7_1T,total_displacement,X,1.0,2.0,5.276065908030582e-05,5.2723308684168785e-05,0.0007084228412289921
COMMON_B2,common,-1,V40_C_E4_C7_1T,total_displacement,X,2.0,5.0,4.001413021917792e-06,4.027948948145401e-06,0.006587949988747342
COMMON_B2,common,-1,V40_C_E4_C7_1T,total_displacement,X,5.0,10.0,2.63446509756011e-10,3.5742747861095553e-10,0.2629371676183822
COMMON_B2,common,-1,V40_C_E4_C7_1T,total_displacement,X,10.0,20.0,4.122495988583518e-11,8.445739143651624e-11,0.511884523253094
COMMON_B2,common,-1,V40_C_E4_C7_1T,total_displacement,Y,0.0,0.5,9.16029197466436e-05,8.984116052155137e-05,0.01960971134906049
COMMON_B2,common,-1,V40_C_E4_C7_1T,total_displacement,Y,0.5,1.0,2.3220372854416472e-07,2.388745102249283e-07,0.027925883236693
COMMON_B2,common,-1,V40_C_E4_C7_1T,total_displacement,Y,1.0,2.0,4.583851697179032e-07,4.5641232036062237e-07,0.004322515561635262
COMMON_B2,common,-1,V40_C_E4_C7_1T,total_displacement,Y,2.0,5.0,1.8910727873447447e-07,1.8374757023175683e-07,0.029168867354042064
COMMON_B2,common,-1,V40_C_E4_C7_1T,total_displacement,Y,5.0,10.0,3.049734137769149e-08,2.012084644517567e-08,0.5157086686581106
COMMON_B2,common,-1,V40_C_E4_C7_1T,total_displacement,Y,10.0,20.0,1.0669239571758912e-08,1.0841318570972381e-08,0.015872515698801642
COMMON_B2,common,-1,V40_C_E4_C7_1T,total_displacement,Z,0.0,0.5,9.565974095078517e-05,9.517022402259534e-05,0.00514359331626254
COMMON_B2,common,-1,V40_C_E4_C7_1T,total_displacement,Z,0.5,1.0,1.0546155312534112e-06,9.039257269421911e-07,0.1667059580447777
COMMON_B2,common,-1,V40_C_E4_C7_1T,total_displacement,Z,1.0,2.0,5.83723101007109e-07,5.194394943816841e-07,0.12375571615312964
COMMON_B2,common,-1,V40_C_E4_C7_1T,total_displacement,Z,2.0,5.0,3.313646777859374e-07,2.885340450901497e-07,0.1484422147909988
COMMON_B2,common,-1,V40_C_E4_C7_1T,total_displacement,Z,5.0,10.0,1.3222809930162579e-07,7.872487413928343e-08,0.6796228732951946
COMMON_B2,common,-1,V40_C_E4_C7_1T,total_displacement,Z,10.0,20.0,5.617482567924893e-08,5.3341930047784814e-08,0.05310823265911726
COMMON_B2,common,-1,V52_A_E4_C7_1T,total_displacement,X,0.0,0.5,7.87908504816301e-07,7.779507520405637e-07,0.012799978340040328
COMMON_B2,common,-1,V52_A_E4_C7_1T,total_displacement,X,0.5,1.0,1.778378403739058e-08,1.7866958832964068e-08,0.004655229597329729
COMMON_B2,common,-1,V52_A_E4_C7_1T,total_displacement,X,1.0,2.0,5.276287858302233e-05,5.278404583703167e-05,0.00040101613420640534
COMMON_B2,common,-1,V52_A_E4_C7_1T,total_displacement,X,2.0,5.0,4.002324915976933e-06,4.00431275070948e-06,0.0004964234454950545
COMMON_B2,common,-1,V52_A_E4_C7_1T,total_displacement,X,5.0,10.0,2.094621667257391e-10,3.365844303445828e-10,0.37768313729990594
COMMON_B2,common,-1,V52_A_E4_C7_1T,total_displacement,X,10.0,20.0,5.459827940022623e-11,1.2940542468826803e-10,0.5780835345059832
COMMON_B2,common,-1,V52_A_E4_C7_1T,total_displacement,Y,0.0,0.5,3.744961263726006e-05,3.8708794488012064e-05,0.03252960644749516
COMMON_B2,common,-1,V52_A_E4_C7_1T,total_displacement,Y,0.5,1.0,2.0651747387405154e-07,2.154050616847253e-07,0.04125988377971344
COMMON_B2,common,-1,V52_A_E4_C7_1T,total_displacement,Y,1.0,2.0,4.200432924862138e-07,4.2194532874622696e-07,0.0045077789240252145
COMMON_B2,common,-1,V52_A_E4_C7_1T,total_displacement,Y,2.0,5.0,1.9939277847291091e-07,1.8352016988877504e-07,0.08648972259428316
COMMON_B2,common,-1,V52_A_E4_C7_1T,total_displacement,Y,5.0,10.0,1.999792589087798e-08,1.6952733220366603e-08,0.17962841926002565
COMMON_B2,common,-1,V52_A_E4_C7_1T,total_displacement,Y,10.0,20.0,1.3722294652225514e-08,1.244626792229894e-08,0.10252283960884555
COMMON_B2,common,-1,V52_A_E4_C7_1T,total_displacement,Z,0.0,0.5,6.5682451055275e-05,7.008876184604058e-05,0.06286757926248777
COMMON_B2,common,-1,V52_A_E4_C7_1T,total_displacement,Z,0.5,1.0,9.330111592525638e-07,9.889643533779223e-07,0.056577564129833335
COMMON_B2,common,-1,V52_A_E4_C7_1T,total_displacement,Z,1.0,2.0,5.033344770896714e-07,4.8612099206799e-07,0.03540987799859074
COMMON_B2,common,-1,V52_A_E4_C7_1T,total_displacement,Z,2.0,5.0,3.621879196077383e-07,2.8906942638075017e-07,0.2529444021197853
COMMON_B2,common,-1,V52_A_E4_C7_1T,total_displacement,Z,5.0,10.0,9.342786129160955e-08,7.460774941690783e-08,0.25225411598378333
COMMON_B2,common,-1,V52_A_E4_C7_1T,total_displacement,Z,10.0,20.0,6.868556420636707e-08,5.34861439105811e-08,0.28417491306153203
COMMON_B2,common,-1,V52_B_E4_C7_1T,total_displacement,X,0.0,0.5,1.131279328739651e-06,1.2129210632818836e-06,0.06731001465283233
COMMON_B2,common,-1,V52_B_E4_C7_1T,total_displacement,X,0.5,1.0,1.8080714226218442e-08,1.8197750339649268e-08,0.006431350647548319
COMMON_B2,common,-1,V52_B_E4_C7_1T,total_displacement,X,1.0,2.0,5.277029743313238e-05,5.275193545007612e-05,0.0003480816940572331
COMMON_B2,common,-1,V52_B_E4_C7_1T,total_displacement,X,2.0,5.0,3.999880438659484e-06,4.010643663289322e-06,0.002683665150398966
COMMON_B2,common,-1,V52_B_E4_C7_1T,total_displacement,X,5.0,10.0,2.3388761202840543e-10,3.2892222644345604e-10,0.2889273110018538
COMMON_B2,common,-1,V52_B_E4_C7_1T,total_displacement,X,10.0,20.0,6.913129377021612e-11,1.1519185391030881e-10,0.39985952631647514
COMMON_B2,common,-1,V52_B_E4_C7_1T,total_displacement,Y,0.0,0.5,5.6616119029745914e-05,5.519332327085652e-05,0.025778403520062464
COMMON_B2,common,-1,V52_B_E4_C7_1T,total_displacement,Y,0.5,1.0,2.421660179814471e-07,2.484374421052876e-07,0.025243474054054516
COMMON_B2,common,-1,V52_B_E4_C7_1T,total_displacement,Y,1.0,2.0,4.294047460986986e-07,4.3224048594961046e-07,0.006560560482162835
COMMON_B2,common,-1,V52_B_E4_C7_1T,total_displacement,Y,2.0,5.0,1.957076053108174e-07,1.846101872315135e-07,0.06011270691896865
COMMON_B2,common,-1,V52_B_E4_C7_1T,total_displacement,Y,5.0,10.0,2.03567437714576e-08,1.7316316008075466e-08,0.17558167464512833
COMMON_B2,common,-1,V52_B_E4_C7_1T,total_displacement,Y,10.0,20.0,1.498046094610588e-08,1.3553143527441217e-08,0.10531264689809837
COMMON_B2,common,-1,V52_B_E4_C7_1T,total_displacement,Z,0.0,0.5,7.959073475503302e-05,8.073529678344593e-05,0.014176724109690621
COMMON_B2,common,-1,V52_B_E4_C7_1T,total_displacement,Z,0.5,1.0,9.927913060248287e-07,9.960375404357234e-07,0.0032591486556566595
COMMON_B2,common,-1,V52_B_E4_C7_1T,total_displacement,Z,1.0,2.0,5.227305258793334e-07,4.879388216480729e-07,0.07130341487022339
COMMON_B2,common,-1,V52_B_E4_C7_1T,total_displacement,Z,2.0,5.0,3.5978546507859347e-07,2.892127039807297e-07,0.24401680882789323
COMMON_B2,common,-1,V52_B_E4_C7_1T,total_displacement,Z,5.0,10.0,9.570694098279263e-08,7.4754114890077e-08,0.2802899361931572
COMMON_B2,common,-1,V52_B_E4_C7_1T,total_displacement,Z,10.0,20.0,7.04381004185499e-08,5.362652684760743e-08,0.31349361144935917
COMMON_B2,common,-1,V52_CPLUS_E4_C7_1T,total_displacement,X,0.0,0.5,2.800737672001089e-06,2.82250357613981e-06,0.007711559454776366
COMMON_B2,common,-1,V52_CPLUS_E4_C7_1T,total_displacement,X,0.5,1.0,1.8372734607635075e-08,1.7846839140207934e-08,0.029467148960979243
COMMON_B2,common,-1,V52_CPLUS_E4_C7_1T,total_displacement,X,1.0,2.0,5.2767242079024074e-05,5.274914662784349e-05,0.00034304727824791546
COMMON_B2,common,-1,V52_CPLUS_E4_C7_1T,total_displacement,X,2.0,5.0,4.007165765028167e-06,4.0192438967873175e-06,0.003005075598623143
COMMON_B2,common,-1,V52_CPLUS_E4_C7_1T,total_displacement,X,5.0,10.0,2.430899214864946e-10,2.771293409331915e-10,0.1228286378197065
COMMON_B2,common,-1,V52_CPLUS_E4_C7_1T,total_displacement,X,10.0,20.0,1.1387694360464708e-10,1.4973310395355215e-10,0.23946715457142864
COMMON_B2,common,-1,V52_CPLUS_E4_C7_1T,total_displacement,Y,0.0,0.5,0.00011672688791915333,0.00011495227768064827,0.015437799705327698
COMMON_B2,common,-1,V52_CPLUS_E4_C7_1T,total_displacement,Y,0.5,1.0,2.16156583981797e-07,2.311785495572227e-07,0.06497992830302529
COMMON_B2,common,-1,V52_CPLUS_E4_C7_1T,total_displacement,Y,1.0,2.0,4.5178988914865467e-07,4.753855934418653e-07,0.049634874549676765
COMMON_B2,common,-1,V52_CPLUS_E4_C7_1T,total_displacement,Y,2.0,5.0,2.0199885111434272e-07,1.8895714343570266e-07,0.06901939477656119
COMMON_B2,common,-1,V52_CPLUS_E4_C7_1T,total_displacement,Y,5.0,10.0,2.5715794256728576e-08,1.8749067640278167e-08,0.3715772298716316
COMMON_B2,common,-1,V52_CPLUS_E4_C7_1T,total_displacement,Y,10.0,20.0,1.8926570271245344e-08,1.717605406039961e-08,0.10191608647073676
COMMON_B2,common,-1,V52_CPLUS_E4_C7_1T,total_displacement,Z,0.0,0.5,0.00011137217026754677,0.00011598716719996301,0.0397888580592708
COMMON_B2,common,-1,V52_CPLUS_E4_C7_1T,total_displacement,Z,0.5,1.0,9.711800250668669e-07,9.866590124398847e-07,0.015688284582472168
COMMON_B2,common,-1,V52_CPLUS_E4_C7_1T,total_displacement,Z,1.0,2.0,4.699611376789531e-07,4.982771493514742e-07,0.05682783509012085
COMMON_B2,common,-1,V52_CPLUS_E4_C7_1T,total_displacement,Z,2.0,5.0,3.7145134793356575e-07,2.893504017791241e-07,0.2837422918704412
COMMON_B2,common,-1,V52_CPLUS_E4_C7_1T,total_displacement,Z,5.0,10.0,1.1431494949828656e-07,7.528538852188113e-08,0.5184214592325811
COMMON_B2,common,-1,V52_CPLUS_E4_C7_1T,total_displacement,Z,10.0,20.0,8.309876875796545e-08,5.4030191899773566e-08,0.5380061746238903
COMMON_B2,common,-1,V52_C_E4_C7_1T,total_displacement,X,0.0,0.5,1.6416587425569332e-06,1.7422716113935273e-06,0.05774809632358102
COMMON_B2,common,-1,V52_C_E4_C7_1T,total_displacement,X,0.5,1.0,1.843988278936736e-08,1.8770986992539826e-08,0.017639147227796564
COMMON_B2,common,-1,V52_C_E4_C7_1T,total_displacement,X,1.0,2.0,5.277075529173308e-05,5.275561610025063e-05,0.00028696833818944517
COMMON_B2,common,-1,V52_C_E4_C7_1T,total_displacement,X,2.0,5.0,4.000490539985094e-06,4.013356173777309e-06,0.0032057044615868796
COMMON_B2,common,-1,V52_C_E4_C7_1T,total_displacement,X,5.0,10.0,2.467611392824444e-10,2.2245204608651342e-10,0.10927790336653934
COMMON_B2,common,-1,V52_C_E4_C7_1T,total_displacement,X,10.0,20.0,8.043681415901647e-11,1.160377125916821e-10,0.3068045520505857
COMMON_B2,common,-1,V52_C_E4_C7_1T,total_displacement,Y,0.0,0.5,7.659327043146936e-05,7.508845881445058e-05,0.020040518087304046
COMMON_B2,common,-1,V52_C_E4_C7_1T,total_displacement,Y,0.5,1.0,2.8670935826978487e-07,2.8812798115755544e-07,0.0049235859775619475
COMMON_B2,common,-1,V52_C_E4_C7_1T,total_displacement,Y,1.0,2.0,4.371459961450906e-07,4.4545103049613424e-07,0.018644101781050217
COMMON_B2,common,-1,V52_C_E4_C7_1T,total_displacement,Y,2.0,5.0,1.9835534260898636e-07,1.8585715333298747e-07,0.06724621060781419
COMMON_B2,common,-1,V52_C_E4_C7_1T,total_displacement,Y,5.0,10.0,2.216054742060094e-08,1.780784000600558e-08,0.24442646683300367
COMMON_B2,common,-1,V52_C_E4_C7_1T,total_displacement,Y,10.0,20.0,1.716099364102487e-08,1.491115820696406e-08,0.1508826747616462
COMMON_B2,common,-1,V52_C_E4_C7_1T,total_displacement,Z,0.0,0.5,9.148556321139252e-05,9.311304736208748e-05,0.01747858325768445
COMMON_B2,common,-1,V52_C_E4_C7_1T,total_displacement,Z,0.5,1.0,1.0522811859727321e-06,1.0034936978406051e-06,0.04861763281335163
COMMON_B2,common,-1,V52_C_E4_C7_1T,total_displacement,Z,1.0,2.0,5.234927451281021e-07,4.908273928657987e-07,0.06655160803389526
COMMON_B2,common,-1,V52_C_E4_C7_1T,total_displacement,Z,2.0,5.0,3.6740082058918636e-07,2.8909771586178634e-07,0.2708534188655979
COMMON_B2,common,-1,V52_C_E4_C7_1T,total_displacement,Z,5.0,10.0,1.0230368205458988e-07,7.488093165236782e-08,0.3662180717720134
COMMON_B2,common,-1,V52_C_E4_C7_1T,total_displacement,Z,10.0,20.0,7.714225514829504e-08,5.3821951628600115e-08,0.4332861000771085
COMMON_B2,common,-1,V40_A_E5_C9_1T,total_displacement,X,0.0,0.5,8.797033973694218e-07,9.526087508638838e-07,0.07653231552654427
COMMON_B2,common,-1,V40_A_E5_C9_1T,total_displacement,X,0.5,1.0,1.749211497823878e-08,1.763941232879754e-08,0.008350468134263567
COMMON_B2,common,-1,V40_A_E5_C9_1T,total_displacement,X,1.0,2.0,5.2749402694366825e-05,5.2741177982137196e-05,0.00015594479578015112
COMMON_B2,common,-1,V40_A_E5_C9_1T,total_displacement,X,2.0,5.0,4.011902843792792e-06,4.016136196547779e-06,0.001054085954212761
COMMON_B2,common,-1,V40_A_E5_C9_1T,total_displacement,X,5.0,10.0,1.9884569704046072e-10,2.342501668010717e-10,0.151139571186205
COMMON_B2,common,-1,V40_A_E5_C9_1T,total_displacement,X,10.0,20.0,3.828598464374037e-11,7.9110077549385e-11,0.5160416241554044
COMMON_B2,common,-1,V40_A_E5_C9_1T,total_displacement,Y,0.0,0.5,5.038192003370939e-05,4.5064223240880325e-05,0.11800262847990423
COMMON_B2,common,-1,V40_A_E5_C9_1T,total_displacement,Y,0.5,1.0,1.647954880522627e-07,1.8345206596494239e-07,0.10169728977729223
COMMON_B2,common,-1,V40_A_E5_C9_1T,total_displacement,Y,1.0,2.0,4.164802262115859e-07,4.288094704039241e-07,0.02875226655028033
COMMON_B2,common,-1,V40_A_E5_C9_1T,total_displacement,Y,2.0,5.0,1.8485376261249043e-07,1.8222499559253307e-07,0.014425940916664652
COMMON_B2,common,-1,V40_A_E5_C9_1T,total_displacement,Y,5.0,10.0,2.206478349462322e-08,1.800520815613859e-08,0.22546672625390243
COMMON_B2,common,-1,V40_A_E5_C9_1T,total_displacement,Y,10.0,20.0,9.554676921980872e-09,1.0533404072189252e-08,0.09291651051272756
COMMON_B2,common,-1,V40_A_E5_C9_1T,total_displacement,Z,0.0,0.5,7.026225085511108e-05,6.954140188593411e-05,0.01036575262545546
COMMON_B2,common,-1,V40_A_E5_C9_1T,total_displacement,Z,0.5,1.0,8.031043799564297e-07,9.233109931127221e-07,0.13019081766918486
COMMON_B2,common,-1,V40_A_E5_C9_1T,total_displacement,Z,1.0,2.0,4.675376779150652e-07,5.066320085447068e-07,0.07716514150367143
COMMON_B2,common,-1,V40_A_E5_C9_1T,total_displacement,Z,2.0,5.0,3.0942567499458764e-07,2.879869244029726e-07,0.07444348605777802
COMMON_B2,common,-1,V40_A_E5_C9_1T,total_displacement,Z,5.0,10.0,9.6612462250901e-08,7.57415800020689e-08,0.275553827214352
COMMON_B2,common,-1,V40_A_E5_C9_1T,total_displacement,Z,10.0,20.0,4.979642050173216e-08,5.3243864708052344e-08,0.06474819634568735
COMMON_B2,common,-1,V40_B_E5_C9_1T,total_displacement,X,0.0,0.5,1.3867359510935381e-06,1.4844706276799597e-06,0.06583806696072428
COMMON_B2,common,-1,V40_B_E5_C9_1T,total_displacement,X,0.5,1.0,1.7767010318331465e-08,1.7839151874636865e-08,0.004044001464440025
COMMON_B2,common,-1,V40_B_E5_C9_1T,total_displacement,X,1.0,2.0,5.274493615600923e-05,5.270907498138174e-05,0.0006803605382973423
COMMON_B2,common,-1,V40_B_E5_C9_1T,total_displacement,X,2.0,5.0,4.012141913622214e-06,4.020863375549196e-06,0.0021690520448959224
COMMON_B2,common,-1,V40_B_E5_C9_1T,total_displacement,X,5.0,10.0,2.1867738787798862e-10,3.355563545362927e-10,0.3483139719401822
COMMON_B2,common,-1,V40_B_E5_C9_1T,total_displacement,X,10.0,20.0,3.931250715954169e-11,1.0620642272997642e-10,0.6298481188892745
COMMON_B2,common,-1,V40_B_E5_C9_1T,total_displacement,Y,0.0,0.5,7.17192390436486e-05,6.531298537548723e-05,0.09808545163464097
COMMON_B2,common,-1,V40_B_E5_C9_1T,total_displacement,Y,0.5,1.0,1.9944314095515914e-07,2.0790636613919553e-07,0.040706907350639636
COMMON_B2,common,-1,V40_B_E5_C9_1T,total_displacement,Y,1.0,2.0,4.2784492937661847e-07,4.4087160001712514e-07,0.029547538648442458
COMMON_B2,common,-1,V40_B_E5_C9_1T,total_displacement,Y,2.0,5.0,1.882262331935748e-07,1.8286239341139584e-07,0.02933265655181287
COMMON_B2,common,-1,V40_B_E5_C9_1T,total_displacement,Y,5.0,10.0,2.5691251241315103e-08,1.8977132220174112e-08,0.3538005080664074
COMMON_B2,common,-1,V40_B_E5_C9_1T,total_displacement,Y,10.0,20.0,1.0524875331518753e-08,1.0681258492172368e-08,0.014640892809421168
COMMON_B2,common,-1,V40_B_E5_C9_1T,total_displacement,Z,0.0,0.5,8.282185661461398e-05,8.124940710531309e-05,0.01935336595456913
COMMON_B2,common,-1,V40_B_E5_C9_1T,total_displacement,Z,0.5,1.0,8.726674040660346e-07,9.133366429076605e-07,0.04452820234185832
COMMON_B2,common,-1,V40_B_E5_C9_1T,total_displacement,Z,1.0,2.0,4.876270638936657e-07,5.119066885251312e-07,0.04742978588816298
COMMON_B2,common,-1,V40_B_E5_C9_1T,total_displacement,Z,2.0,5.0,3.263941549416634e-07,2.882983727961836e-07,0.13214012197152478
COMMON_B2,common,-1,V40_B_E5_C9_1T,total_displacement,Z,5.0,10.0,1.1149629902105076e-07,7.675053710903324e-08,0.4527103421133984
COMMON_B2,common,-1,V40_B_E5_C9_1T,total_displacement,Z,10.0,20.0,5.459634345505235e-08,5.32831567155758e-08,0.024645438078796832
COMMON_B2,common,-1,V40_CPLUS_E5_C9_1T,total_displacement,X,0.0,0.5,3.4321995471261847e-06,3.458449372908548e-06,0.007590056395790833
COMMON_B2,common,-1,V40_CPLUS_E5_C9_1T,total_displacement,X,0.5,1.0,1.743481056445732e-08,1.7655346316204873e-08,0.012491159776635832
COMMON_B2,common,-1,V40_CPLUS_E5_C9_1T,total_displacement,X,1.0,2.0,5.2716229784215745e-05,5.2676933101028236e-05,0.0007459941358420129
COMMON_B2,common,-1,V40_CPLUS_E5_C9_1T,total_displacement,X,2.0,5.0,4.006601407174247e-06,4.035021703615094e-06,0.007043406090079903
COMMON_B2,common,-1,V40_CPLUS_E5_C9_1T,total_displacement,X,5.0,10.0,3.558117585087222e-10,4.296124236292743e-10,0.17178428988877875
COMMON_B2,common,-1,V40_CPLUS_E5_C9_1T,total_displacement,X,10.0,20.0,4.643924075269661e-11,7.233486007388244e-11,0.3579963975147831
COMMON_B2,common,-1,V40_CPLUS_E5_C9_1T,total_displacement,Y,0.0,0.5,0.00013230717638719938,0.00013945570201794201,0.0512601889152078
COMMON_B2,common,-1,V40_CPLUS_E5_C9_1T,total_displacement,Y,0.5,1.0,1.953581617836915e-07,1.8709214528071777e-07,0.04418152611682971
COMMON_B2,common,-1,V40_CPLUS_E5_C9_1T,total_displacement,Y,1.0,2.0,4.7295821758765564e-07,4.916322623683281e-07,0.037983765936585194
COMMON_B2,common,-1,V40_CPLUS_E5_C9_1T,total_displacement,Y,2.0,5.0,2.0065413850774253e-07,1.8462960303362792e-07,0.08679288267329455
COMMON_B2,common,-1,V40_CPLUS_E5_C9_1T,total_displacement,Y,5.0,10.0,3.5110906041216364e-08,2.230725538601804e-08,0.573967995328709
COMMON_B2,common,-1,V40_CPLUS_E5_C9_1T,total_displacement,Y,10.0,20.0,1.1486081286759478e-08,1.118625394552744e-08,0.02680319458972379
COMMON_B2,common,-1,V40_CPLUS_E5_C9_1T,total_displacement,Z,0.0,0.5,0.00011466442795015589,0.00012258667097349757,0.0646256478002769
COMMON_B2,common,-1,V40_CPLUS_E5_C9_1T,total_displacement,Z,0.5,1.0,9.705032059554254e-07,9.277511267467871e-07,0.04608140909356897
COMMON_B2,common,-1,V40_CPLUS_E5_C9_1T,total_displacement,Z,1.0,2.0,6.008966290337273e-07,5.343584382416105e-07,0.12451977180536544
COMMON_B2,common,-1,V40_CPLUS_E5_C9_1T,total_displacement,Z,2.0,5.0,3.8467453946041605e-07,2.88353506061146e-07,0.3340380171373569
COMMON_B2,common,-1,V40_CPLUS_E5_C9_1T,total_displacement,Z,5.0,10.0,1.500866228560248e-07,8.015829456761756e-08,0.8723779449850841
COMMON_B2,common,-1,V40_CPLUS_E5_C9_1T,total_displacement,Z,10.0,20.0,6.191851139132507e-08,5.34101467651e-08,0.15930240116443042
COMMON_B2,common,-1,V40_C_E5_C9_1T,total_displacement,X,0.0,0.5,2.0565284058947782e-06,2.133334585288929e-06,0.036002875462569944
COMMON_B2,common,-1,V40_C_E5_C9_1T,total_displacement,X,0.5,1.0,1.7875869495901526e-08,1.840232236739144e-08,0.028607958331540746
COMMON_B2,common,-1,V40_C_E5_C9_1T,total_displacement,X,1.0,2.0,5.2749660490471567e-05,5.270437082022823e-05,0.0008593152624440891
COMMON_B2,common,-1,V40_C_E5_C9_1T,total_displacement,X,2.0,5.0,4.0007901215321865e-06,4.017783146155589e-06,0.004229452911031936
COMMON_B2,common,-1,V40_C_E5_C9_1T,total_displacement,X,5.0,10.0,2.68228175512878e-10,3.645013144369062e-10,0.2641228854627155
COMMON_B2,common,-1,V40_C_E5_C9_1T,total_displacement,X,10.0,20.0,4.66603353329157e-11,7.823708030363748e-11,0.4036033150543538
COMMON_B2,common,-1,V40_C_E5_C9_1T,total_displacement,Y,0.0,0.5,9.094330181345803e-05,8.984109295029795e-05,0.012268426696120455
COMMON_B2,common,-1,V40_C_E5_C9_1T,total_displacement,Y,0.5,1.0,2.4863080841261864e-07,2.3889080478615086e-07,0.04077178121270424
COMMON_B2,common,-1,V40_C_E5_C9_1T,total_displacement,Y,1.0,2.0,4.4160312908517976e-07,4.5643309607408756e-07,0.032490998388295285
COMMON_B2,common,-1,V40_C_E5_C9_1T,total_displacement,Y,2.0,5.0,1.92604839624657e-07,1.8332546345998034e-07,0.050616951892786706
COMMON_B2,common,-1,V40_C_E5_C9_1T,total_displacement,Y,5.0,10.0,2.957932940216024e-08,2.007099758297415e-08,0.4737348893535731
COMMON_B2,common,-1,V40_C_E5_C9_1T,total_displacement,Y,10.0,20.0,1.0548211748044464e-08,1.0854432876617146e-08,0.028211619349763534
COMMON_B2,common,-1,V40_C_E5_C9_1T,total_displacement,Z,0.0,0.5,9.478192219636905e-05,9.516826109297078e-05,0.004059535103035187
COMMON_B2,common,-1,V40_C_E5_C9_1T,total_displacement,Z,0.5,1.0,1.050641698714594e-06,9.039535551324937e-07,0.1622739827165126
COMMON_B2,common,-1,V40_C_E5_C9_1T,total_displacement,Z,1.0,2.0,5.118076143744529e-07,5.199815541232122e-07,0.01571967252288794
COMMON_B2,common,-1,V40_C_E5_C9_1T,total_displacement,Z,2.0,5.0,3.464794495311804e-07,2.882379312859355e-07,0.20206056151391338
COMMON_B2,common,-1,V40_C_E5_C9_1T,total_displacement,Z,5.0,10.0,1.2657593074883665e-07,7.887223599925398e-08,0.6048223959319967
COMMON_B2,common,-1,V40_C_E5_C9_1T,total_displacement,Z,10.0,20.0,5.5516730847959575e-08,5.333324023140978e-08,0.040940520528581374
COMMON_B2,common,-1,V52_A_E5_C9_1T,total_displacement,X,0.0,0.5,7.867797187739601e-07,7.797193067539171e-07,0.009055068867585822
COMMON_B2,common,-1,V52_A_E5_C9_1T,total_displacement,X,0.5,1.0,1.7811328317504806e-08,1.7722146400033622e-08,0.005032230039077849
COMMON_B2,common,-1,V52_A_E5_C9_1T,total_displacement,X,1.0,2.0,5.278911625541047e-05,5.27594881871371e-05,0.0005615685309205368
COMMON_B2,common,-1,V52_A_E5_C9_1T,total_displacement,X,2.0,5.0,4.001487726451998e-06,4.010361488308258e-06,0.002212708725168575
COMMON_B2,common,-1,V52_A_E5_C9_1T,total_displacement,X,5.0,10.0,2.0073175571254698e-10,2.6669910216168685e-10,0.2473474635439419
COMMON_B2,common,-1,V52_A_E5_C9_1T,total_displacement,X,10.0,20.0,5.845661572035931e-11,1.1658518604142118e-10,0.4985931085653503
COMMON_B2,common,-1,V52_A_E5_C9_1T,total_displacement,Y,0.0,0.5,3.8013137489331996e-05,3.870843151178144e-05,0.017962340381521894
COMMON_B2,common,-1,V52_A_E5_C9_1T,total_displacement,Y,0.5,1.0,1.9466275283908942e-07,2.153753331919521e-07,0.09616969615737145
COMMON_B2,common,-1,V52_A_E5_C9_1T,total_displacement,Y,1.0,2.0,4.1973890343270087e-07,4.218328113458897e-07,0.00496383367265355
COMMON_B2,common,-1,V52_A_E5_C9_1T,total_displacement,Y,2.0,5.0,1.8776975131380182e-07,1.835730424771253e-07,0.0228612479264186
COMMON_B2,common,-1,V52_A_E5_C9_1T,total_displacement,Y,5.0,10.0,1.953111787020049e-08,1.696609227426116e-08,0.1511854087832981
COMMON_B2,common,-1,V52_A_E5_C9_1T,total_displacement,Y,10.0,20.0,1.3524029257005501e-08,1.2562738295287946e-08,0.07651922209333274
COMMON_B2,common,-1,V52_A_E5_C9_1T,total_displacement,Z,0.0,0.5,6.67922400796872e-05,7.008663769125198e-05,0.047004646250507424
COMMON_B2,common,-1,V52_A_E5_C9_1T,total_displacement,Z,0.5,1.0,8.628257863204679e-07,9.890813708329506e-07,0.12764934032288675
COMMON_B2,common,-1,V52_A_E5_C9_1T,total_displacement,Z,1.0,2.0,4.836669274950091e-07,4.861107406106145e-07,0.005027276526611268
COMMON_B2,common,-1,V52_A_E5_C9_1T,total_displacement,Z,2.0,5.0,3.018393801198427e-07,2.889468745018452e-07,0.04461894817247857
COMMON_B2,common,-1,V52_A_E5_C9_1T,total_displacement,Z,5.0,10.0,8.9973100092501e-08,7.462997056125141e-08,0.20558938206543906
COMMON_B2,common,-1,V52_A_E5_C9_1T,total_displacement,Z,10.0,20.0,6.660254891775467e-08,5.3513736278790036e-08,0.24458790488438267
COMMON_B2,common,-1,V52_B_E5_C9_1T,total_displacement,X,0.0,0.5,1.1776774482354429e-06,1.2136173545182272e-06,0.029613869766267068
COMMON_B2,common,-1,V52_B_E5_C9_1T,total_displacement,X,0.5,1.0,1.8220556217475688e-08,1.8008707568019234e-08,0.011763678690227916
COMMON_B2,common,-1,V52_B_E5_C9_1T,total_displacement,X,1.0,2.0,5.277565724409732e-05,5.2766349894949293e-05,0.00017638796631855872
COMMON_B2,common,-1,V52_B_E5_C9_1T,total_displacement,X,2.0,5.0,4.014292933898051e-06,4.012810650543799e-06,0.000369387814012926
COMMON_B2,common,-1,V52_B_E5_C9_1T,total_displacement,X,5.0,10.0,1.8219998926422725e-10,2.7331671588924815e-10,0.333374145553332
COMMON_B2,common,-1,V52_B_E5_C9_1T,total_displacement,X,10.0,20.0,5.233775994052703e-11,1.1124391697951416e-10,0.5295225000917115
COMMON_B2,common,-1,V52_B_E5_C9_1T,total_displacement,Y,0.0,0.5,5.575623164019532e-05,5.519352793177605e-05,0.010195103112720337
COMMON_B2,common,-1,V52_B_E5_C9_1T,total_displacement,Y,0.5,1.0,2.163969019591754e-07,2.4841837329177815e-07,0.12890138079679048
COMMON_B2,common,-1,V52_B_E5_C9_1T,total_displacement,Y,1.0,2.0,4.281743857093117e-07,4.325574384162883e-07,0.010132880208982504
COMMON_B2,common,-1,V52_B_E5_C9_1T,total_displacement,Y,2.0,5.0,1.8544916164647962e-07,1.8463971837266887e-07,0.0043839065665004775
COMMON_B2,common,-1,V52_B_E5_C9_1T,total_displacement,Y,5.0,10.0,1.919340513149408e-08,1.7343073684545967e-08,0.10668993747036341
COMMON_B2,common,-1,V52_B_E5_C9_1T,total_displacement,Y,10.0,20.0,1.3908306397597551e-08,1.3518965186832038e-08,0.028799631139278734
COMMON_B2,common,-1,V52_B_E5_C9_1T,total_displacement,Z,0.0,0.5,7.776021104653371e-05,8.073551855702701e-05,0.03685252245443507
COMMON_B2,common,-1,V52_B_E5_C9_1T,total_displacement,Z,0.5,1.0,8.774456410302414e-07,9.960303869683407e-07,0.11905735757624891
COMMON_B2,common,-1,V52_B_E5_C9_1T,total_displacement,Z,1.0,2.0,4.846929483656423e-07,4.881384771756355e-07,0.007058506901420618
COMMON_B2,common,-1,V52_B_E5_C9_1T,total_displacement,Z,2.0,5.0,2.8796941487875073e-07,2.8897528094732675e-07,0.0034808031513233954
COMMON_B2,common,-1,V52_B_E5_C9_1T,total_displacement,Z,5.0,10.0,8.769359677496975e-08,7.476068948107353e-08,0.1729907439814386
COMMON_B2,common,-1,V52_B_E5_C9_1T,total_displacement,Z,10.0,20.0,6.540985824583805e-08,5.3624367501725566e-08,0.2197786434261112
COMMON_B2,common,-1,V52_CPLUS_E5_C9_1T,total_displacement,X,0.0,0.5,2.7461153224674425e-06,2.824060382580439e-06,0.027600351817469074
COMMON_B2,common,-1,V52_CPLUS_E5_C9_1T,total_displacement,X,0.5,1.0,1.81453102187571e-08,1.7775398520112342e-08,0.02081031816114909
COMMON_B2,common,-1,V52_CPLUS_E5_C9_1T,total_displacement,X,1.0,2.0,5.276973710254021e-05,5.275495296273643e-05,0.00028024173984614494
COMMON_B2,common,-1,V52_CPLUS_E5_C9_1T,total_displacement,X,2.0,5.0,4.00287879374195e-06,4.022156656259887e-06,0.004792916876555306
COMMON_B2,common,-1,V52_CPLUS_E5_C9_1T,total_displacement,X,5.0,10.0,2.5757275475687956e-10,2.7779657522129636e-10,0.07280082718192706
COMMON_B2,common,-1,V52_CPLUS_E5_C9_1T,total_displacement,X,10.0,20.0,1.0242420287120861e-10,1.4838306557694376e-10,0.3097311848022392
COMMON_B2,common,-1,V52_CPLUS_E5_C9_1T,total_displacement,Y,0.0,0.5,0.00011222605489267249,0.00011495258358438247,0.023718724770622854
COMMON_B2,common,-1,V52_CPLUS_E5_C9_1T,total_displacement,Y,0.5,1.0,2.323083700131211e-07,2.3114730129577361e-07,0.0050230684539197875
COMMON_B2,common,-1,V52_CPLUS_E5_C9_1T,total_displacement,Y,1.0,2.0,4.6309210990106753e-07,4.752627600081826e-07,0.025608255329968445
COMMON_B2,common,-1,V52_CPLUS_E5_C9_1T,total_displacement,Y,2.0,5.0,1.9765027667273794e-07,1.8902442896339344e-07,0.04563350756644786
COMMON_B2,common,-1,V52_CPLUS_E5_C9_1T,total_displacement,Y,5.0,10.0,2.685584580697787e-08,1.877160406207711e-08,0.43066334225708286
COMMON_B2,common,-1,V52_CPLUS_E5_C9_1T,total_displacement,Y,10.0,20.0,2.2390886045081696e-08,1.7199833874672372e-08,0.3018082737446326
COMMON_B2,common,-1,V52_CPLUS_E5_C9_1T,total_displacement,Z,0.0,0.5,0.00010519385112957919,0.00011598878212480592,0.09306875024871974
COMMON_B2,common,-1,V52_CPLUS_E5_C9_1T,total_displacement,Z,0.5,1.0,1.051510297392636e-06,9.86635560388223e-07,0.06575349562596951
COMMON_B2,common,-1,V52_CPLUS_E5_C9_1T,total_displacement,Z,1.0,2.0,5.4099680243061e-07,4.975285977264965e-07,0.08736825360943165
COMMON_B2,common,-1,V52_CPLUS_E5_C9_1T,total_displacement,Z,2.0,5.0,3.461345743323772e-07,2.897497501066827e-07,0.1945983532511564
COMMON_B2,common,-1,V52_CPLUS_E5_C9_1T,total_displacement,Z,5.0,10.0,1.220691020408469e-07,7.529817332146704e-08,0.6211429395465263
COMMON_B2,common,-1,V52_CPLUS_E5_C9_1T,total_displacement,Z,10.0,20.0,9.546025267696592e-08,5.406313879320612e-08,0.7657179144204997
COMMON_B2,common,-1,V52_C_E5_C9_1T,total_displacement,X,0.0,0.5,1.7332671475707934e-06,1.7438657651228945e-06,0.006077656757803349
COMMON_B2,common,-1,V52_C_E5_C9_1T,total_displacement,X,0.5,1.0,1.8525824515856895e-08,1.8491126927359438e-08,0.0018764453152997971
COMMON_B2,common,-1,V52_C_E5_C9_1T,total_displacement,X,1.0,2.0,5.278911584900783e-05,5.275654472642279e-05,0.0006173854401182074
COMMON_B2,common,-1,V52_C_E5_C9_1T,total_displacement,X,2.0,5.0,4.006696113302364e-06,4.017406757682514e-06,0.0026660592332772527
COMMON_B2,common,-1,V52_C_E5_C9_1T,total_displacement,X,5.0,10.0,2.1176988183099633e-10,2.4007904153563907e-10,0.11791599767962387
COMMON_B2,common,-1,V52_C_E5_C9_1T,total_displacement,X,10.0,20.0,8.468403076205783e-11,1.3376578275493616e-10,0.3669230724182873
COMMON_B2,common,-1,V52_C_E5_C9_1T,total_displacement,Y,0.0,0.5,7.877198035858803e-05,7.508826654265119e-05,0.04905844795131133
COMMON_B2,common,-1,V52_C_E5_C9_1T,total_displacement,Y,0.5,1.0,2.793615938338491e-07,2.88099726996587e-07,0.030330237566804186
COMMON_B2,common,-1,V52_C_E5_C9_1T,total_displacement,Y,1.0,2.0,4.4166531707515815e-07,4.4554539962331985e-07,0.008708613199557352
COMMON_B2,common,-1,V52_C_E5_C9_1T,total_displacement,Y,2.0,5.0,1.9191043608915156e-07,1.8586658966295447e-07,0.03251712121665782
COMMON_B2,common,-1,V52_C_E5_C9_1T,total_displacement,Y,5.0,10.0,2.1614236661919634e-08,1.785399444163099e-08,0.21061069737541255
COMMON_B2,common,-1,V52_C_E5_C9_1T,total_displacement,Y,10.0,20.0,1.586865676330585e-08,1.4913794218458262e-08,0.06402546064808837
COMMON_B2,common,-1,V52_C_E5_C9_1T,total_displacement,Z,0.0,0.5,9.310100592296401e-05,9.311409795720583e-05,0.0001406020627277275
COMMON_B2,common,-1,V52_C_E5_C9_1T,total_displacement,Z,0.5,1.0,1.0103531702090156e-06,1.0034927559721326e-06,0.006836535885340774
COMMON_B2,common,-1,V52_C_E5_C9_1T,total_displacement,Z,1.0,2.0,5.103010964628301e-07,4.912229691047855e-07,0.03883801971396596
COMMON_B2,common,-1,V52_C_E5_C9_1T,total_displacement,Z,2.0,5.0,3.159193094377747e-07,2.891494567436956e-07,0.09258136949504317
COMMON_B2,common,-1,V52_C_E5_C9_1T,total_displacement,Z,5.0,10.0,9.558939587139266e-08,7.49241305208487e-08,0.2758158847741792
COMMON_B2,common,-1,V52_C_E5_C9_1T,total_displacement,Z,10.0,20.0,7.159338145175286e-08,5.3780860457057845e-08,0.331205578403077
COMMON_B2,common,-1,V40_A_E6_C10_1T,total_displacement,X,0.0,0.5,9.466764697196324e-07,9.522005361196114e-07,0.005801368714294812
COMMON_B2,common,-1,V40_A_E6_C10_1T,total_displacement,X,0.5,1.0,7.763447965720381e-10,8.481612962615261e-10,0.08467316300099566
COMMON_B2,common,-1,V40_A_E6_C10_1T,total_displacement,X,1.0,2.0,4.2136266698022723e-10,4.448134920579579e-10,0.05272057951577403
COMMON_B2,common,-1,V40_A_E6_C10_1T,total_displacement,X,2.0,5.0,1.868404900855155e-10,6.004106462980378e-11,2.111878365873775
COMMON_B2,common,-1,V40_A_E6_C10_1T,total_displacement,X,5.0,10.0,7.996072829241973e-11,1.0743508168166322e-10,0.2557298133830409
COMMON_B2,common,-1,V40_A_E6_C10_1T,total_displacement,X,10.0,20.0,2.3516481678324748e-11,1.4452268464650734e-11,0.6271827316136884
COMMON_B2,common,-1,V40_A_E6_C10_1T,total_displacement,Y,0.0,0.5,4.6067188350775e-05,4.5065173814299904e-05,0.02223478690227836
COMMON_B2,common,-1,V40_A_E6_C10_1T,total_displacement,Y,0.5,1.0,1.690788202276568e-07,1.8333163116024704e-07,0.07774332690103058
COMMON_B2,common,-1,V40_A_E6_C10_1T,total_displacement,Y,1.0,2.0,6.813813075614476e-08,7.808254356531889e-08,0.12735769552454795
COMMON_B2,common,-1,V40_A_E6_C10_1T,total_displacement,Y,2.0,5.0,6.889524962739656e-08,6.572152626538303e-08,0.0482904695365421
COMMON_B2,common,-1,V40_A_E6_C10_1T,total_displacement,Y,5.0,10.0,2.1671891957944155e-08,1.797718708838918e-08,0.20552185675039508
COMMON_B2,common,-1,V40_A_E6_C10_1T,total_displacement,Y,10.0,20.0,1.0237095941044763e-08,1.0577353065029101e-08,0.03216845669161764
COMMON_B2,common,-1,V40_A_E6_C10_1T,total_displacement,Z,0.0,0.5,6.82023419865677e-05,6.954311378631226e-05,0.019279720546658406
COMMON_B2,common,-1,V40_A_E6_C10_1T,total_displacement,Z,0.5,1.0,8.762615306129741e-07,9.231474468818576e-07,0.05078919562335511
COMMON_B2,common,-1,V40_A_E6_C10_1T,total_displacement,Z,1.0,2.0,3.239367013578971e-07,3.4350366720917107e-07,0.05696290234758675
COMMON_B2,common,-1,V40_A_E6_C10_1T,total_displacement,Z,2.0,5.0,2.849568895103528e-07,2.6744190180055803e-07,0.06549081348836791
COMMON_B2,common,-1,V40_A_E6_C10_1T,total_displacement,Z,5.0,10.0,9.527468486087982e-08,7.656151123571869e-08,0.24442011819159032
COMMON_B2,common,-1,V40_A_E6_C10_1T,total_displacement,Z,10.0,20.0,5.4937335983003105e-08,5.330172656657086e-08,0.030685861824559534
COMMON_B2,common,-1,V40_B_E6_C10_1T,total_displacement,X,0.0,0.5,1.4828780188781609e-06,1.4834689150028643e-06,0.00039832053016242716
COMMON_B2,common,-1,V40_B_E6_C10_1T,total_displacement,X,0.5,1.0,1.0658382364313856e-09,1.231025408818721e-09,0.13418664732992577
COMMON_B2,common,-1,V40_B_E6_C10_1T,total_displacement,X,1.0,2.0,6.249382887394194e-10,5.790808708209503e-10,0.07919000648986742
COMMON_B2,common,-1,V40_B_E6_C10_1T,total_displacement,X,2.0,5.0,1.68071986415525e-10,6.85127081264918e-11,1.4531505323832998
COMMON_B2,common,-1,V40_B_E6_C10_1T,total_displacement,X,5.0,10.0,8.593834646533705e-11,1.6042980201773063e-10,0.46432430019555104
COMMON_B2,common,-1,V40_B_E6_C10_1T,total_displacement,X,10.0,20.0,2.1585632355813943e-11,1.594969767194943e-11,0.3533568347051727
COMMON_B2,common,-1,V40_B_E6_C10_1T,total_displacement,Y,0.0,0.5,6.530935750733054e-05,6.531442154032031e-05,7.753315225568461e-05
COMMON_B2,common,-1,V40_B_E6_C10_1T,total_displacement,Y,0.5,1.0,1.9516828512271572e-07,2.0789195271176362e-07,0.06120327132954929
COMMON_B2,common,-1,V40_B_E6_C10_1T,total_displacement,Y,1.0,2.0,7.658183731348104e-08,9.083002184966401e-08,0.1568664660211758
COMMON_B2,common,-1,V40_B_E6_C10_1T,total_displacement,Y,2.0,5.0,6.894617354785681e-08,6.625268377580875e-08,0.04065480247053115
COMMON_B2,common,-1,V40_B_E6_C10_1T,total_displacement,Y,5.0,10.0,2.399169791134559e-08,1.8938030878895587e-08,0.2668528246028882
COMMON_B2,common,-1,V40_B_E6_C10_1T,total_displacement,Y,10.0,20.0,9.806733451020266e-09,1.0765338310864934e-08,0.08904549324540917
COMMON_B2,common,-1,V40_B_E6_C10_1T,total_displacement,Z,0.0,0.5,7.96333907683905e-05,8.125171282773153e-05,0.019917390083482638
COMMON_B2,common,-1,V40_B_E6_C10_1T,total_displacement,Z,0.5,1.0,8.947289710421085e-07,9.13174638217306e-07,0.020199495696909656
COMMON_B2,common,-1,V40_B_E6_C10_1T,total_displacement,Z,1.0,2.0,3.203656626576999e-07,3.494773499067157e-07,0.08330064096224384
COMMON_B2,common,-1,V40_B_E6_C10_1T,total_displacement,Z,2.0,5.0,2.85605845111424e-07,2.674165145404963e-07,0.06801872577758548
COMMON_B2,common,-1,V40_B_E6_C10_1T,total_displacement,Z,5.0,10.0,1.0764248680859689e-07,7.77660486621314e-08,0.3841835693140211
COMMON_B2,common,-1,V40_B_E6_C10_1T,total_displacement,Z,10.0,20.0,5.14473155427207e-08,5.3339412649893226e-08,0.03547277731743667
COMMON_B2,common,-1,V40_CPLUS_E6_C10_1T,total_displacement,X,0.0,0.5,3.1841516315150353e-06,3.4582629992055102e-06,0.07926273038038123
COMMON_B2,common,-1,V40_CPLUS_E6_C10_1T,total_displacement,X,0.5,1.0,9.92518235236902e-10,8.36068553643364e-10,0.18712542280387406
COMMON_B2,common,-1,V40_CPLUS_E6_C10_1T,total_displacement,X,1.0,2.0,1.2153003028016889e-09,1.1113792174463454e-09,0.09350641412399865
COMMON_B2,common,-1,V40_CPLUS_E6_C10_1T,total_displacement,X,2.0,5.0,3.2875251103603306e-10,1.0258771406034117e-10,2.2045992451168543
COMMON_B2,common,-1,V40_CPLUS_E6_C10_1T,total_displacement,X,5.0,10.0,1.7266807718919684e-10,3.4898826489578933e-10,0.5052324259649336
COMMON_B2,common,-1,V40_CPLUS_E6_C10_1T,total_displacement,X,10.0,20.0,3.375051660573689e-11,2.0121525426127184e-11,0.6773338944726766
COMMON_B2,common,-1,V40_CPLUS_E6_C10_1T,total_displacement,Y,0.0,0.5,0.00014768874070781077,0.00013945967083775265,0.05900680691862396
COMMON_B2,common,-1,V40_CPLUS_E6_C10_1T,total_displacement,Y,0.5,1.0,2.0739694876644585e-07,1.8696466148977798e-07,0.1092842204182258
COMMON_B2,common,-1,V40_CPLUS_E6_C10_1T,total_displacement,Y,1.0,2.0,1.397728371086568e-07,1.4227906486613205e-07,0.0176148736979211
COMMON_B2,common,-1,V40_CPLUS_E6_C10_1T,total_displacement,Y,2.0,5.0,8.307186644744465e-08,6.829612222599151e-08,0.21634821626563622
COMMON_B2,common,-1,V40_CPLUS_E6_C10_1T,total_displacement,Y,5.0,10.0,3.992308657407485e-08,2.222958139887576e-08,0.7959441456731129
COMMON_B2,common,-1,V40_CPLUS_E6_C10_1T,total_displacement,Y,10.0,20.0,1.0732568543763374e-08,1.1364119294953833e-08,0.05557410431892376
COMMON_B2,common,-1,V40_CPLUS_E6_C10_1T,total_displacement,Z,0.0,0.5,0.00013023324625496474,0.0001225880074043987,0.062365308095314605
COMMON_B2,common,-1,V40_CPLUS_E6_C10_1T,total_displacement,Z,0.5,1.0,1.0214258247203077e-06,9.273032195381934e-07,0.1015014325400361
COMMON_B2,common,-1,V40_CPLUS_E6_C10_1T,total_displacement,Z,1.0,2.0,4.962659232319756e-07,3.719727663494572e-07,0.33414585186526463
COMMON_B2,common,-1,V40_CPLUS_E6_C10_1T,total_displacement,Z,2.0,5.0,3.577702230910608e-07,2.681884146234361e-07,0.3340256460869374
COMMON_B2,common,-1,V40_CPLUS_E6_C10_1T,total_displacement,Z,5.0,10.0,1.6468901350433114e-07,8.342881489733389e-08,0.9740063874453292
COMMON_B2,common,-1,V40_CPLUS_E6_C10_1T,total_displacement,Z,10.0,20.0,5.7104890423129636e-08,5.361877141563683e-08,0.0650167640073183
COMMON_B2,common,-1,V40_C_E6_C10_1T,total_displacement,X,0.0,0.5,1.9286889210330887e-06,2.132863527166269e-06,0.0957279279863009
COMMON_B2,common,-1,V40_C_E6_C10_1T,total_displacement,X,0.5,1.0,1.673771196579509e-09,1.699154339294621e-09,0.014938691635069206
COMMON_B2,common,-1,V40_C_E6_C10_1T,total_displacement,X,1.0,2.0,7.575073217410422e-10,7.603448435673909e-10,0.003731888037848189
COMMON_B2,common,-1,V40_C_E6_C10_1T,total_displacement,X,2.0,5.0,2.885004092640428e-10,7.814979145936103e-11,2.6916337699258865
COMMON_B2,common,-1,V40_C_E6_C10_1T,total_displacement,X,5.0,10.0,1.1977806747760998e-10,2.234859053198765e-10,0.46404643592099903
COMMON_B2,common,-1,V40_C_E6_C10_1T,total_displacement,X,10.0,20.0,2.979897220300531e-11,1.7255858691766642e-11,0.7268901383171048
COMMON_B2,common,-1,V40_C_E6_C10_1T,total_displacement,Y,0.0,0.5,9.644119972412077e-05,8.984254535691925e-05,0.07344687687761865
COMMON_B2,common,-1,V40_C_E6_C10_1T,total_displacement,Y,0.5,1.0,2.388936761834146e-07,2.3888625411786194e-07,3.1069454289274415e-05
COMMON_B2,common,-1,V40_C_E6_C10_1T,total_displacement,Y,1.0,2.0,1.0207604068320638e-07,1.0717591419402604e-07,0.0475841381822701
COMMON_B2,common,-1,V40_C_E6_C10_1T,total_displacement,Y,2.0,5.0,7.411000958624438e-08,6.674298170666048e-08,0.11037906445298538
COMMON_B2,common,-1,V40_C_E6_C10_1T,total_displacement,Y,5.0,10.0,3.168605134033125e-08,2.007778780313197e-08,0.5781644696627628
COMMON_B2,common,-1,V40_C_E6_C10_1T,total_displacement,Y,10.0,20.0,9.912895733241963e-09,1.0929421836057357e-08,0.0930082229475089
COMMON_B2,common,-1,V40_C_E6_C10_1T,total_displacement,Z,0.0,0.5,0.00010185263137334059,9.517202118336877e-05,0.07019510678564056
COMMON_B2,common,-1,V40_C_E6_C10_1T,total_displacement,Z,0.5,1.0,1.0084474209934422e-06,9.037942714480927e-07,0.11579311005995901
COMMON_B2,common,-1,V40_C_E6_C10_1T,total_displacement,Z,1.0,2.0,4.17460338833234e-07,3.6043690068679765e-07,0.15820643790294642
COMMON_B2,common,-1,V40_C_E6_C10_1T,total_displacement,Z,2.0,5.0,3.1292364132601647e-07,2.6709499058029707e-07,0.17158184302203106
COMMON_B2,common,-1,V40_C_E6_C10_1T,total_displacement,Z,5.0,10.0,1.3147738524876492e-07,7.960170827978079e-08,0.6516904987346961
COMMON_B2,common,-1,V40_C_E6_C10_1T,total_displacement,Z,10.0,20.0,5.2309187130788675e-08,5.342111479979584e-08,0.02081438534508859
COMMON_B2,common,-1,V52_A_E6_C10_1T,total_displacement,X,0.0,0.5,7.487118684346683e-07,7.790403662198156e-07,0.038930585756823
COMMON_B2,common,-1,V52_A_E6_C10_1T,total_displacement,X,0.5,1.0,8.360454229185329e-10,9.145262066368904e-10,0.0858157843359847
COMMON_B2,common,-1,V52_A_E6_C10_1T,total_displacement,X,1.0,2.0,3.4355200616066386e-10,4.1146925491229096e-10,0.16506032453410008
COMMON_B2,common,-1,V52_A_E6_C10_1T,total_displacement,X,2.0,5.0,1.5142182372207646e-10,7.948471172809826e-11,0.905043377902169
COMMON_B2,common,-1,V52_A_E6_C10_1T,total_displacement,X,5.0,10.0,4.336499108966096e-11,3.505969874903982e-11,0.2368900086698149
COMMON_B2,common,-1,V52_A_E6_C10_1T,total_displacement,X,10.0,20.0,3.695855575702926e-11,3.0113985362193393e-11,0.22728876010642163
COMMON_B2,common,-1,V52_A_E6_C10_1T,total_displacement,Y,0.0,0.5,4.1348081505890576e-05,3.8709941853253095e-05,0.06815147546949306
COMMON_B2,common,-1,V52_A_E6_C10_1T,total_displacement,Y,0.5,1.0,1.8465285822176296e-07,2.1537338271960294e-07,0.14263844542867854
COMMON_B2,common,-1,V52_A_E6_C10_1T,total_displacement,Y,1.0,2.0,6.687667903408549e-08,7.08157820661864e-08,0.05562464915545674
COMMON_B2,common,-1,V52_A_E6_C10_1T,total_displacement,Y,2.0,5.0,7.068438344212986e-08,6.691478721292395e-08,0.056334278060408347
COMMON_B2,common,-1,V52_A_E6_C10_1T,total_displacement,Y,5.0,10.0,1.8219273531796285e-08,1.6933636600438705e-08,0.07592208110361086
COMMON_B2,common,-1,V52_A_E6_C10_1T,total_displacement,Y,10.0,20.0,1.2498001925632384e-08,1.2470035210741574e-08,0.0022427133859831
COMMON_B2,common,-1,V52_A_E6_C10_1T,total_displacement,Z,0.0,0.5,6.894460262874177e-05,7.008731982363753e-05,0.016304193080448812
COMMON_B2,common,-1,V52_A_E6_C10_1T,total_displacement,Z,0.5,1.0,8.103720240431165e-07,9.892322117787535e-07,0.1808070800828713
COMMON_B2,common,-1,V52_A_E6_C10_1T,total_displacement,Z,1.0,2.0,3.144891131044993e-07,3.2342967297063205e-07,0.027642979643814413
COMMON_B2,common,-1,V52_A_E6_C10_1T,total_displacement,Z,2.0,5.0,2.858128456156812e-07,2.6778459685782815e-07,0.06732369587121761
COMMON_B2,common,-1,V52_A_E6_C10_1T,total_displacement,Z,5.0,10.0,8.347996298485701e-08,7.458511650092054e-08,0.11925766025754869
COMMON_B2,common,-1,V52_A_E6_C10_1T,total_displacement,Z,10.0,20.0,6.00903683773534e-08,5.350278165921204e-08,0.12312606025049772
COMMON_B2,common,-1,V52_B_E6_C10_1T,total_displacement,X,0.0,0.5,1.171630491232411e-06,1.2125447032452149e-06,0.03374243597230065
COMMON_B2,common,-1,V52_B_E6_C10_1T,total_displacement,X,0.5,1.0,1.23043114045213e-09,1.3382977435103859e-09,0.0805998542411939
COMMON_B2,common,-1,V52_B_E6_C10_1T,total_displacement,X,1.0,2.0,4.882634818246951e-10,5.502326464750152e-10,0.11262356940707983
COMMON_B2,common,-1,V52_B_E6_C10_1T,total_displacement,X,2.0,5.0,3.3580770444165574e-10,9.67264040049808e-11,2.4717273726454647
COMMON_B2,common,-1,V52_B_E6_C10_1T,total_displacement,X,5.0,10.0,6.747362615494842e-11,4.4717977015669286e-11,0.5088702722689243
COMMON_B2,common,-1,V52_B_E6_C10_1T,total_displacement,X,10.0,20.0,5.385498104633833e-11,3.9594224269602355e-11,0.3601726524462906
COMMON_B2,common,-1,V52_B_E6_C10_1T,total_displacement,Y,0.0,0.5,5.5536068498004996e-05,5.519527193330356e-05,0.0061743796663098795
COMMON_B2,common,-1,V52_B_E6_C10_1T,total_displacement,Y,0.5,1.0,2.3358235834769083e-07,2.4831210544315434e-07,0.0593194885492023
COMMON_B2,common,-1,V52_B_E6_C10_1T,total_displacement,Y,1.0,2.0,8.003354435468232e-08,8.126717498595014e-08,0.015179937428378693
COMMON_B2,common,-1,V52_B_E6_C10_1T,total_displacement,Y,2.0,5.0,7.41331338919342e-08,6.818381658336343e-08,0.08725409645112744
COMMON_B2,common,-1,V52_B_E6_C10_1T,total_displacement,Y,5.0,10.0,2.0493302677004808e-08,1.7350210767588212e-08,0.18115583444601033
COMMON_B2,common,-1,V52_B_E6_C10_1T,total_displacement,Y,10.0,20.0,1.457002430260323e-08,1.3533940370474895e-08,0.07655449217055922
COMMON_B2,common,-1,V52_B_E6_C10_1T,total_displacement,Z,0.0,0.5,7.779848432911745e-05,8.073544954220632e-05,0.03637764116930451
COMMON_B2,common,-1,V52_B_E6_C10_1T,total_displacement,Z,0.5,1.0,9.39183010840047e-07,9.959232496662577e-07,0.056972501490676994
COMMON_B2,common,-1,V52_B_E6_C10_1T,total_displacement,Z,1.0,2.0,3.4238644412576565e-07,3.249971780490935e-07,0.053505898669819744
COMMON_B2,common,-1,V52_B_E6_C10_1T,total_displacement,Z,2.0,5.0,2.9147854252906506e-07,2.683665260337824e-07,0.08612108535612707
COMMON_B2,common,-1,V52_B_E6_C10_1T,total_displacement,Z,5.0,10.0,9.30771922927288e-08,7.480917227901454e-08,0.24419492232289822
COMMON_B2,common,-1,V52_B_E6_C10_1T,total_displacement,Z,10.0,20.0,6.843160448143649e-08,5.3656480173022767e-08,0.27536514249107064
COMMON_B2,common,-1,V52_CPLUS_E6_C10_1T,total_displacement,X,0.0,0.5,2.8611190482068794e-06,2.823354459762783e-06,0.013375787200049102
COMMON_B2,common,-1,V52_CPLUS_E6_C10_1T,total_displacement,X,0.5,1.0,1.3695477428605681e-09,1.0684916139953097e-09,0.28175806428610867
COMMON_B2,common,-1,V52_CPLUS_E6_C10_1T,total_displacement,X,1.0,2.0,1.0125421030815182e-09,1.1238501705721047e-09,0.09904173207886267
COMMON_B2,common,-1,V52_CPLUS_E6_C10_1T,total_displacement,X,2.0,5.0,3.955872918186668e-10,1.591642690125294e-10,1.485402623798223
COMMON_B2,common,-1,V52_CPLUS_E6_C10_1T,total_displacement,X,5.0,10.0,9.141888301332938e-11,7.849844909649198e-11,0.16459476671896192
COMMON_B2,common,-1,V52_CPLUS_E6_C10_1T,total_displacement,X,10.0,20.0,1.0119943323166418e-10,7.012650091086141e-11,0.44309828548696484
COMMON_B2,common,-1,V52_CPLUS_E6_C10_1T,total_displacement,Y,0.0,0.5,0.00011030632712217322,0.0001149554309957113,0.040442664024386364
COMMON_B2,common,-1,V52_CPLUS_E6_C10_1T,total_displacement,Y,0.5,1.0,2.0829571823680244e-07,2.3114010996433175e-07,0.09883352452784819
COMMON_B2,common,-1,V52_CPLUS_E6_C10_1T,total_displacement,Y,1.0,2.0,1.0675287426546892e-07,1.2481468371386093e-07,0.14470901107916845
COMMON_B2,common,-1,V52_CPLUS_E6_C10_1T,total_displacement,Y,2.0,5.0,8.591784784599798e-08,7.241526217417368e-08,0.18646049556995034
COMMON_B2,common,-1,V52_CPLUS_E6_C10_1T,total_displacement,Y,5.0,10.0,2.5769046809433756e-08,1.8696424037044463e-08,0.378287460659634
COMMON_B2,common,-1,V52_CPLUS_E6_C10_1T,total_displacement,Y,10.0,20.0,1.8681494539864812e-08,1.699992224333981e-08,0.09891646987878465
COMMON_B2,common,-1,V52_CPLUS_E6_C10_1T,total_displacement,Z,0.0,0.5,0.0001106622408273126,0.00011598951680871922,0.045928943649208756
COMMON_B2,common,-1,V52_CPLUS_E6_C10_1T,total_displacement,Z,0.5,1.0,9.297774748840878e-07,9.865774182321322e-07,0.05757271786113385
COMMON_B2,common,-1,V52_CPLUS_E6_C10_1T,total_displacement,Z,1.0,2.0,3.461311321344212e-07,3.364642016458354e-07,0.02873093316108938
COMMON_B2,common,-1,V52_CPLUS_E6_C10_1T,total_displacement,Z,2.0,5.0,3.3064472949954896e-07,2.6807818406436755e-07,0.23338917209376023
COMMON_B2,common,-1,V52_CPLUS_E6_C10_1T,total_displacement,Z,5.0,10.0,1.1455576237814655e-07,7.531051141389838e-08,0.5211125276863483
COMMON_B2,common,-1,V52_CPLUS_E6_C10_1T,total_displacement,Z,10.0,20.0,8.201047535585822e-08,5.4086632702401855e-08,0.5162799245998602
COMMON_B2,common,-1,V52_C_E6_C10_1T,total_displacement,X,0.0,0.5,1.7710628592214082e-06,1.7423511810573652e-06,0.01647869756464309
COMMON_B2,common,-1,V52_C_E6_C10_1T,total_displacement,X,0.5,1.0,1.7594260954253442e-09,1.8572364406865332e-09,0.052664455164918626
COMMON_B2,common,-1,V52_C_E6_C10_1T,total_displacement,X,1.0,2.0,7.132920685781243e-10,7.11035734870038e-10,0.0031733056405368054
COMMON_B2,common,-1,V52_C_E6_C10_1T,total_displacement,X,2.0,5.0,2.7021429310727825e-10,1.181870311327044e-10,1.2863277850162127
COMMON_B2,common,-1,V52_C_E6_C10_1T,total_displacement,X,5.0,10.0,5.837600566979526e-11,5.4740754779645314e-11,0.06640849043429092
COMMON_B2,common,-1,V52_C_E6_C10_1T,total_displacement,X,10.0,20.0,5.187633223092154e-11,5.0937219081873954e-11,0.018436678836708787
COMMON_B2,common,-1,V52_C_E6_C10_1T,total_displacement,Y,0.0,0.5,7.26245763711155e-05,7.508950861253048e-05,0.03282658638950866
COMMON_B2,common,-1,V52_C_E6_C10_1T,total_displacement,Y,0.5,1.0,2.696617954486823e-07,2.8805617859550964e-07,0.0638569297020942
COMMON_B2,common,-1,V52_C_E6_C10_1T,total_displacement,Y,1.0,2.0,8.894993263370355e-08,9.471103780604749e-08,0.06082823402422993
COMMON_B2,common,-1,V52_C_E6_C10_1T,total_displacement,Y,2.0,5.0,7.204171772965312e-08,6.947374957679313e-08,0.03696314318002189
COMMON_B2,common,-1,V52_C_E6_C10_1T,total_displacement,Y,5.0,10.0,2.0928149869027552e-08,1.7793132847394996e-08,0.17619252598856072
COMMON_B2,common,-1,V52_C_E6_C10_1T,total_displacement,Y,10.0,20.0,1.56666361967801e-08,1.486491509955433e-08,0.05393378245731163
COMMON_B2,common,-1,V52_C_E6_C10_1T,total_displacement,Z,0.0,0.5,8.829830448841486e-05,9.311557685920251e-05,0.05173433418204263
COMMON_B2,common,-1,V52_C_E6_C10_1T,total_displacement,Z,0.5,1.0,9.718704804459252e-07,1.003433392700133e-06,0.031454915178052274
COMMON_B2,common,-1,V52_C_E6_C10_1T,total_displacement,Z,1.0,2.0,3.4425695326144995e-07,3.288911716159517e-07,0.046719957759890754
COMMON_B2,common,-1,V52_C_E6_C10_1T,total_displacement,Z,2.0,5.0,2.7752880561346327e-07,2.6825021143035283e-07,0.03458932663514224
COMMON_B2,common,-1,V52_C_E6_C10_1T,total_displacement,Z,5.0,10.0,9.612957901985907e-08,7.488220817404459e-08,0.2837439141275105
COMMON_B2,common,-1,V52_C_E6_C10_1T,total_displacement,Z,10.0,20.0,7.233004298563552e-08,5.386981290871641e-08,0.34268227565966075
COMMON_B2,common,-1,V40_A_E7_C11_2T,total_displacement,X,0.0,0.5,3.516799358933836e-07,3.589949948340548e-07,0.020376492836766593
COMMON_B2,common,-1,V40_A_E7_C11_2T,total_displacement,X,0.5,1.0,1.7958586691008105e-08,1.858236096960659e-08,0.03356808532665658
COMMON_B2,common,-1,V40_A_E7_C11_2T,total_displacement,X,1.0,2.0,5.2748396087175845e-05,5.274683024221083e-05,2.9686048580082384e-05
COMMON_B2,common,-1,V40_A_E7_C11_2T,total_displacement,X,2.0,5.0,4.010743431907901e-06,4.028700953763011e-06,0.004457397573363458
COMMON_B2,common,-1,V40_A_E7_C11_2T,total_displacement,X,5.0,10.0,2.1589241187291656e-10,3.349218596800168e-10,0.3553946819739403
COMMON_B2,common,-1,V40_A_E7_C11_2T,total_displacement,X,10.0,20.0,4.296173625213396e-11,1.2790814132195961e-10,0.664120392899821
COMMON_B2,common,-1,V40_A_E7_C11_2T,total_displacement,Y,0.0,0.5,0.0001283902914227506,0.00012850277444938495,0.0008753353934677046
COMMON_B2,common,-1,V40_A_E7_C11_2T,total_displacement,Y,0.5,1.0,1.0709525061385325e-07,1.1323166440006307e-07,0.05419344331572334
COMMON_B2,common,-1,V40_A_E7_C11_2T,total_displacement,Y,1.0,2.0,4.0879500960379156e-07,4.125473478089562e-07,0.009095533458385697
COMMON_B2,common,-1,V40_A_E7_C11_2T,total_displacement,Y,2.0,5.0,1.4534906703701306e-07,1.3925004880327337e-07,0.043799038392841966
COMMON_B2,common,-1,V40_A_E7_C11_2T,total_displacement,Y,5.0,10.0,1.278079443370336e-08,4.907795169198301e-09,1.6041825286264197
COMMON_B2,common,-1,V40_A_E7_C11_2T,total_displacement,Y,10.0,20.0,1.491243246128069e-09,9.482576944382825e-10,0.5726139158949127
COMMON_B2,common,-1,V40_A_E7_C11_2T,total_displacement,Z,0.0,0.5,6.521862574744748e-05,6.541790348624124e-05,0.003046226310747952
COMMON_B2,common,-1,V40_A_E7_C11_2T,total_displacement,Z,0.5,1.0,2.3284715179204985e-08,1.1082115275409785e-08,1.1011074691554301
COMMON_B2,common,-1,V40_A_E7_C11_2T,total_displacement,Z,1.0,2.0,2.477346843384223e-07,2.3000213233287828e-07,0.07709733742763726
COMMON_B2,common,-1,V40_A_E7_C11_2T,total_displacement,Z,2.0,5.0,8.0719360169959e-08,3.6907465336293163e-08,1.187074063050956
COMMON_B2,common,-1,V40_A_E7_C11_2T,total_displacement,Z,5.0,10.0,3.783522100948546e-08,5.2186417173021354e-09,6.250013137335095
COMMON_B2,common,-1,V40_A_E7_C11_2T,total_displacement,Z,10.0,20.0,4.678481324999008e-09,3.481077972713859e-10,12.439748726316664
COMMON_B2,common,-1,V40_B_E7_C11_2T,total_displacement,X,0.0,0.5,5.597607353489224e-07,5.517095356604842e-07,0.014593185667526324
COMMON_B2,common,-1,V40_B_E7_C11_2T,total_displacement,X,0.5,1.0,1.8554073973399277e-08,1.9210870629503e-08,0.03418880220321977
COMMON_B2,common,-1,V40_B_E7_C11_2T,total_displacement,X,1.0,2.0,5.2766442066193556e-05,5.270650789076543e-05,0.001137130457444507
COMMON_B2,common,-1,V40_B_E7_C11_2T,total_displacement,X,2.0,5.0,4.000596219318682e-06,4.032792851222121e-06,0.007983705856273272
COMMON_B2,common,-1,V40_B_E7_C11_2T,total_displacement,X,5.0,10.0,2.6451979809124183e-10,4.008450022117547e-10,0.34009455866558674
COMMON_B2,common,-1,V40_B_E7_C11_2T,total_displacement,X,10.0,20.0,5.78378418930813e-11,9.350603603419904e-11,0.3814533869029845
COMMON_B2,common,-1,V40_B_E7_C11_2T,total_displacement,Y,0.0,0.5,0.00020398175277854268,0.00020078324707066545,0.0159301423527209
COMMON_B2,common,-1,V40_B_E7_C11_2T,total_displacement,Y,0.5,1.0,1.680438953868544e-07,1.7687191032725366e-07,0.04991191039925669
COMMON_B2,common,-1,V40_B_E7_C11_2T,total_displacement,Y,1.0,2.0,4.326309743831314e-07,4.377919018553565e-07,0.01178854028672792
COMMON_B2,common,-1,V40_B_E7_C11_2T,total_displacement,Y,2.0,5.0,1.4960934909475948e-07,1.4029507589801518e-07,0.06639059237913048
COMMON_B2,common,-1,V40_B_E7_C11_2T,total_displacement,Y,5.0,10.0,1.7146887378377848e-08,6.743056783679676e-09,1.5428952963704416
COMMON_B2,common,-1,V40_B_E7_C11_2T,total_displacement,Y,10.0,20.0,1.8022665308639846e-09,1.2452286652428813e-09,0.44733781125449223
COMMON_B2,common,-1,V40_B_E7_C11_2T,total_displacement,Z,0.0,0.5,0.00010364512809880831,0.00010217000048133508,0.01443797211044066
COMMON_B2,common,-1,V40_B_E7_C11_2T,total_displacement,Z,0.5,1.0,3.017952246514039e-08,1.6269964677950458e-08,0.8549224329933905
COMMON_B2,common,-1,V40_B_E7_C11_2T,total_displacement,Z,1.0,2.0,2.6401345985722603e-07,2.394849561698083e-07,0.1024218977246556
COMMON_B2,common,-1,V40_B_E7_C11_2T,total_displacement,Z,2.0,5.0,1.0358700132096828e-07,3.7392927611261415e-08,1.7702297717328657
COMMON_B2,common,-1,V40_B_E7_C11_2T,total_displacement,Z,5.0,10.0,4.8381637099819156e-08,7.970675355399913e-09,5.069954544948557
COMMON_B2,common,-1,V40_B_E7_C11_2T,total_displacement,Z,10.0,20.0,6.569280246008475e-09,4.428797208060783e-10,13.833102391890586
COMMON_B2,common,-1,V40_CPLUS_E7_C11_2T,total_displacement,X,0.0,0.5,1.2040757396742637e-06,1.26856605752845e-06,0.050837177513509135
COMMON_B2,common,-1,V40_CPLUS_E7_C11_2T,total_displacement,X,0.5,1.0,1.783607862939822e-08,1.8278872178472833e-08,0.024224336422467765
COMMON_B2,common,-1,V40_CPLUS_E7_C11_2T,total_displacement,X,1.0,2.0,5.274734122376487e-05,5.271690125978773e-05,0.0005774232409286179
COMMON_B2,common,-1,V40_CPLUS_E7_C11_2T,total_displacement,X,2.0,5.0,4.005903940562825e-06,4.043483521659104e-06,0.009293862802947486
COMMON_B2,common,-1,V40_CPLUS_E7_C11_2T,total_displacement,X,5.0,10.0,3.505472275324715e-10,6.555938039153219e-10,0.4652981382085346
COMMON_B2,common,-1,V40_CPLUS_E7_C11_2T,total_displacement,X,10.0,20.0,5.821446149964494e-11,8.970984563552656e-11,0.35108057440920326
COMMON_B2,common,-1,V40_CPLUS_E7_C11_2T,total_displacement,Y,0.0,0.5,0.00045705852468437135,0.0004695797690705568,0.02666478671125213
COMMON_B2,common,-1,V40_CPLUS_E7_C11_2T,total_displacement,Y,0.5,1.0,1.3917330303838175e-07,1.1871286856671262e-07,0.1723522876559171
COMMON_B2,common,-1,V40_CPLUS_E7_C11_2T,total_displacement,Y,1.0,2.0,5.227429807883036e-07,5.426438485382142e-07,0.03667390278820986
COMMON_B2,common,-1,V40_CPLUS_E7_C11_2T,total_displacement,Y,2.0,5.0,1.7938188249260268e-07,1.4400857208725925e-07,0.2456333667686785
COMMON_B2,common,-1,V40_CPLUS_E7_C11_2T,total_displacement,Y,5.0,10.0,5.314948369935413e-08,1.3258385761508074e-08,3.0087447035715638
COMMON_B2,common,-1,V40_CPLUS_E7_C11_2T,total_displacement,Y,10.0,20.0,5.785083526397392e-09,2.430006188232559e-09,1.3806867465654955
COMMON_B2,common,-1,V40_CPLUS_E7_C11_2T,total_displacement,Z,0.0,0.5,0.00023447110063517403,0.00023888149377344062,0.01846268234763085
COMMON_B2,common,-1,V40_CPLUS_E7_C11_2T,total_displacement,Z,0.5,1.0,1.4905479462598763e-07,1.040433691648442e-08,13.326217597762355
COMMON_B2,common,-1,V40_CPLUS_E7_C11_2T,total_displacement,Z,1.0,2.0,3.4376823557823426e-07,2.756341486296577e-07,0.24719029658448294
COMMON_B2,common,-1,V40_CPLUS_E7_C11_2T,total_displacement,Z,2.0,5.0,2.33439958587468e-07,3.82996114025883e-08,5.095099925000598
COMMON_B2,common,-1,V40_CPLUS_E7_C11_2T,total_displacement,Z,5.0,10.0,1.842660020608168e-07,1.9410180396662284e-08,8.49326581696802
COMMON_B2,common,-1,V40_CPLUS_E7_C11_2T,total_displacement,Z,10.0,20.0,2.631188225256912e-08,8.484670700899307e-10,30.01108243338221
COMMON_B2,common,-1,V40_C_E7_C11_2T,total_displacement,X,0.0,0.5,7.393878842890691e-07,7.870557582224523e-07,0.06056479917133194
COMMON_B2,common,-1,V40_C_E7_C11_2T,total_displacement,X,0.5,1.0,1.9226014433929765e-08,2.0201835918791545e-08,0.04830360412709227
COMMON_B2,common,-1,V40_C_E7_C11_2T,total_displacement,X,1.0,2.0,5.2760951853937964e-05,5.2724404703390136e-05,0.000693173318000089
COMMON_B2,common,-1,V40_C_E7_C11_2T,total_displacement,X,2.0,5.0,4.004993705598185e-06,4.038206911767642e-06,0.00822474105342928
COMMON_B2,common,-1,V40_C_E7_C11_2T,total_displacement,X,5.0,10.0,2.852150743210795e-10,4.826774220621035e-10,0.4090979580056213
COMMON_B2,common,-1,V40_C_E7_C11_2T,total_displacement,X,10.0,20.0,5.2855516031615485e-11,9.286182628952674e-11,0.43081545836906826
COMMON_B2,common,-1,V40_C_E7_C11_2T,total_displacement,Y,0.0,0.5,0.00027972974528243347,0.0002891261355895066,0.032499276787671186
COMMON_B2,common,-1,V40_C_E7_C11_2T,total_displacement,Y,0.5,1.0,2.3327476232668953e-07,2.546080275245476e-07,0.08378865900369648
COMMON_B2,common,-1,V40_C_E7_C11_2T,total_displacement,Y,1.0,2.0,4.5470767319799766e-07,4.697512660732449e-07,0.032024592506157544
COMMON_B2,common,-1,V40_C_E7_C11_2T,total_displacement,Y,2.0,5.0,1.6058279107222066e-07,1.4143894559029235e-07,0.13535059528358254
COMMON_B2,common,-1,V40_C_E7_C11_2T,total_displacement,Y,5.0,10.0,3.426748738406998e-08,9.004493369364626e-09,2.805598602654972
COMMON_B2,common,-1,V40_C_E7_C11_2T,total_displacement,Y,10.0,20.0,3.968149553164034e-09,1.6529879921131847e-09,1.4005918809435147
COMMON_B2,common,-1,V40_C_E7_C11_2T,total_displacement,Z,0.0,0.5,0.00014150544783790158,0.00014708873919223585,0.037958659411970734
COMMON_B2,common,-1,V40_C_E7_C11_2T,total_displacement,Z,0.5,1.0,4.860700776283354e-08,2.2603112857207252e-08,1.150456358374314
COMMON_B2,common,-1,V40_C_E7_C11_2T,total_displacement,Z,1.0,2.0,2.801910902683828e-07,2.5266261833970654e-07,0.1089534815619779
COMMON_B2,common,-1,V40_C_E7_C11_2T,total_displacement,Z,2.0,5.0,1.4719254561246676e-07,3.734571286226683e-08,2.9413505415018175
COMMON_B2,common,-1,V40_C_E7_C11_2T,total_displacement,Z,5.0,10.0,1.135991804648267e-07,1.2835434386872286e-08,7.850435212462515
COMMON_B2,common,-1,V40_C_E7_C11_2T,total_displacement,Z,10.0,20.0,1.6966610568845983e-08,5.843829110252762e-10,28.033379054631745
COMMON_B2,common,-1,V52_A_E7_C11_2T,total_displacement,X,0.0,0.5,2.9093795785887413e-07,2.833566632881211e-07,0.026755307190515113
COMMON_B2,common,-1,V52_A_E7_C11_2T,total_displacement,X,0.5,1.0,1.8326504469774915e-08,1.8791234265728994e-08,0.02473120122831111
COMMON_B2,common,-1,V52_A_E7_C11_2T,total_displacement,X,1.0,2.0,5.2771591289463545e-05,5.2759456659776116e-05,0.00022999914054613364
COMMON_B2,common,-1,V52_A_E7_C11_2T,total_displacement,X,2.0,5.0,4.0000855048481535e-06,4.01951698449875e-06,0.004834282259667969
COMMON_B2,common,-1,V52_A_E7_C11_2T,total_displacement,X,5.0,10.0,2.1899939634209275e-10,2.8427285192755476e-10,0.22961550898323754
COMMON_B2,common,-1,V52_A_E7_C11_2T,total_displacement,X,10.0,20.0,7.555654791862626e-11,1.4101402952799247e-10,0.464191271098826
COMMON_B2,common,-1,V52_A_E7_C11_2T,total_displacement,Y,0.0,0.5,0.00010474219711613939,0.00010258085827845579,0.021069611562584564
COMMON_B2,common,-1,V52_A_E7_C11_2T,total_displacement,Y,0.5,1.0,1.3481074599873888e-07,1.1954374695066312e-07,0.12771056150997678
COMMON_B2,common,-1,V52_A_E7_C11_2T,total_displacement,Y,1.0,2.0,4.040122245892406e-07,4.1012321860554396e-07,0.014900385394129365
COMMON_B2,common,-1,V52_A_E7_C11_2T,total_displacement,Y,2.0,5.0,1.526472749497563e-07,1.4184427884822998e-07,0.07616095756026423
COMMON_B2,common,-1,V52_A_E7_C11_2T,total_displacement,Y,5.0,10.0,8.43192638294271e-09,2.8724445751936495e-09,1.935453117445882
COMMON_B2,common,-1,V52_A_E7_C11_2T,total_displacement,Y,10.0,20.0,6.140458575623019e-09,4.410713633017236e-09,0.3921689519032585
COMMON_B2,common,-1,V52_A_E7_C11_2T,total_displacement,Z,0.0,0.5,5.326428530562902e-05,5.1315663448132524e-05,0.03797323714748561
COMMON_B2,common,-1,V52_A_E7_C11_2T,total_displacement,Z,0.5,1.0,5.627627024575309e-08,1.5243950721945317e-08,2.6917116351430677
COMMON_B2,common,-1,V52_A_E7_C11_2T,total_displacement,Z,1.0,2.0,2.2986357095291204e-07,2.2629572821596097e-07,0.015766284079150473
COMMON_B2,common,-1,V52_A_E7_C11_2T,total_displacement,Z,2.0,5.0,9.368160202897737e-08,3.730617063626482e-08,1.5111556729414295
COMMON_B2,common,-1,V52_A_E7_C11_2T,total_displacement,Z,5.0,10.0,2.48587953256614e-08,9.970013925368248e-10,23.933561288625008
COMMON_B2,common,-1,V52_A_E7_C11_2T,total_displacement,Z,10.0,20.0,1.3862606783183825e-08,7.18347444277088e-10,18.297913417280295
COMMON_B2,common,-1,V52_B_E7_C11_2T,total_displacement,X,0.0,0.5,3.9394577108075127e-07,4.33058538268067e-07,0.09031750613609793
COMMON_B2,common,-1,V52_B_E7_C11_2T,total_displacement,X,0.5,1.0,1.8980940871228017e-08,1.9813236177082596e-08,0.04200703501517191
COMMON_B2,common,-1,V52_B_E7_C11_2T,total_displacement,X,1.0,2.0,5.275677402279004e-05,5.2763027133673234e-05,0.00011851311842568935
COMMON_B2,common,-1,V52_B_E7_C11_2T,total_displacement,X,2.0,5.0,4.0107503564367926e-06,4.020173989530936e-06,0.0023440858825224463
COMMON_B2,common,-1,V52_B_E7_C11_2T,total_displacement,X,5.0,10.0,2.0677176512188473e-10,2.7684023139870155e-10,0.2531007358388787
COMMON_B2,common,-1,V52_B_E7_C11_2T,total_displacement,X,10.0,20.0,8.717744041426746e-11,1.3638412301396088e-10,0.36079480156686866
COMMON_B2,common,-1,V52_B_E7_C11_2T,total_displacement,Y,0.0,0.5,0.00014958059183573747,0.00016027949100869195,0.0667515170258076
COMMON_B2,common,-1,V52_B_E7_C11_2T,total_displacement,Y,0.5,1.0,1.8523889612144012e-07,1.866906990476296e-07,0.007776514489450183
COMMON_B2,common,-1,V52_B_E7_C11_2T,total_displacement,Y,1.0,2.0,4.218824260425501e-07,4.34207507850694e-07,0.02838523421474786
COMMON_B2,common,-1,V52_B_E7_C11_2T,total_displacement,Y,2.0,5.0,1.5628060032128714e-07,1.4401791865463164e-07,0.08514691630881396
COMMON_B2,common,-1,V52_B_E7_C11_2T,total_displacement,Y,5.0,10.0,8.699801632170973e-09,3.6234821972858854e-09,1.4009505659190014
COMMON_B2,common,-1,V52_B_E7_C11_2T,total_displacement,Y,10.0,20.0,8.09247082091609e-09,6.468887821213739e-09,0.25098332890826414
COMMON_B2,common,-1,V52_B_E7_C11_2T,total_displacement,Z,0.0,0.5,7.462836739367216e-05,8.01350613041927e-05,0.0687176601714589
COMMON_B2,common,-1,V52_B_E7_C11_2T,total_displacement,Z,0.5,1.0,6.709134026579342e-08,2.2849364313846448e-08,1.9362453740184296
COMMON_B2,common,-1,V52_B_E7_C11_2T,total_displacement,Z,1.0,2.0,2.438179958531798e-07,2.3422463014361968e-07,0.04095797142972438
COMMON_B2,common,-1,V52_B_E7_C11_2T,total_displacement,Z,2.0,5.0,9.536068110200072e-08,3.762905340544943e-08,1.5342301352760208
COMMON_B2,common,-1,V52_B_E7_C11_2T,total_displacement,Z,5.0,10.0,2.4904750572855327e-08,1.3175326610545702e-09,17.902567889984027
COMMON_B2,common,-1,V52_B_E7_C11_2T,total_displacement,Z,10.0,20.0,1.696610196202013e-08,9.95928011630047e-10,16.035470198545283
COMMON_B2,common,-1,V52_CPLUS_E7_C11_2T,total_displacement,X,0.0,0.5,9.324792524626945e-07,9.887364152913465e-07,0.056898038707388965
COMMON_B2,common,-1,V52_CPLUS_E7_C11_2T,total_displacement,X,0.5,1.0,1.9041435036183376e-08,1.9453249513604773e-08,0.021169444062977296
COMMON_B2,common,-1,V52_CPLUS_E7_C11_2T,total_displacement,X,1.0,2.0,5.274840432767452e-05,5.274083311925347e-05,0.00014355496440364036
COMMON_B2,common,-1,V52_CPLUS_E7_C11_2T,total_displacement,X,2.0,5.0,4.010789062458482e-06,4.030543208437523e-06,0.004901112569066983
COMMON_B2,common,-1,V52_CPLUS_E7_C11_2T,total_displacement,X,5.0,10.0,2.5518889186304343e-10,3.6942942382355815e-10,0.3092350651936071
COMMON_B2,common,-1,V52_CPLUS_E7_C11_2T,total_displacement,X,10.0,20.0,1.3965023823188977e-10,2.1437435557574895e-10,0.34856835904262573
COMMON_B2,common,-1,V52_CPLUS_E7_C11_2T,total_displacement,Y,0.0,0.5,0.0003579493115995466,0.00037483146633921264,0.04503932101684367
COMMON_B2,common,-1,V52_CPLUS_E7_C11_2T,total_displacement,Y,0.5,1.0,1.411668078907399e-07,1.3867238330711607e-07,0.017987897259250665
COMMON_B2,common,-1,V52_CPLUS_E7_C11_2T,total_displacement,Y,1.0,2.0,5.176158876927701e-07,5.304567989745998e-07,0.024207270614029056
COMMON_B2,common,-1,V52_CPLUS_E7_C11_2T,total_displacement,Y,2.0,5.0,1.772976995932509e-07,1.5330505201321492e-07,0.156502654445907
COMMON_B2,common,-1,V52_CPLUS_E7_C11_2T,total_displacement,Y,5.0,10.0,1.9301726047797714e-08,6.318884277419893e-09,2.0546098330635885
COMMON_B2,common,-1,V52_CPLUS_E7_C11_2T,total_displacement,Y,10.0,20.0,1.7514903230234703e-08,1.3183964035209637e-08,0.3285005316654901
COMMON_B2,common,-1,V52_CPLUS_E7_C11_2T,total_displacement,Z,0.0,0.5,0.00017899803152222456,0.00018732972860546236,0.0444761071574779
COMMON_B2,common,-1,V52_CPLUS_E7_C11_2T,total_displacement,Z,0.5,1.0,8.58915205219229e-08,2.5995922742591116e-08,2.3040381513828794
COMMON_B2,common,-1,V52_CPLUS_E7_C11_2T,total_displacement,Z,1.0,2.0,3.23775478797015e-07,2.6812851823731526e-07,0.20753838840241412
COMMON_B2,common,-1,V52_CPLUS_E7_C11_2T,total_displacement,Z,2.0,5.0,1.4212480733977565e-07,3.899658460798458e-08,2.644544997170739
COMMON_B2,common,-1,V52_CPLUS_E7_C11_2T,total_displacement,Z,5.0,10.0,6.444137439041643e-08,2.3980634683576207e-09,25.87225556817763
COMMON_B2,common,-1,V52_CPLUS_E7_C11_2T,total_displacement,Z,10.0,20.0,3.900204889067913e-08,1.8534908468454324e-09,20.04248259820601
COMMON_B2,common,-1,V52_C_E7_C11_2T,total_displacement,X,0.0,0.5,6.285579438192962e-07,6.151613970220721e-07,0.021777287817596063
COMMON_B2,common,-1,V52_C_E7_C11_2T,total_displacement,X,0.5,1.0,1.960978102076138e-08,2.0937709251640474e-08,0.06342280403836678
COMMON_B2,common,-1,V52_C_E7_C11_2T,total_displacement,X,1.0,2.0,5.2742314382725044e-05,5.275833627651545e-05,0.00030368459131143035
COMMON_B2,common,-1,V52_C_E7_C11_2T,total_displacement,X,2.0,5.0,4.013314296148181e-06,4.026479853204355e-06,0.0032697436808721567
COMMON_B2,common,-1,V52_C_E7_C11_2T,total_displacement,X,5.0,10.0,2.17939913646928e-10,2.9216290782848493e-10,0.2540466027437328
COMMON_B2,common,-1,V52_C_E7_C11_2T,total_displacement,X,10.0,20.0,8.683330094459385e-11,1.5579054603747516e-10,0.44262791836093673
COMMON_B2,common,-1,V52_C_E7_C11_2T,total_displacement,Y,0.0,0.5,0.000235778628904152,0.00023079862437125296,0.021577271296419905
COMMON_B2,common,-1,V52_C_E7_C11_2T,total_displacement,Y,0.5,1.0,2.729103348341806e-07,2.687848889227531e-07,0.015348503883390402
COMMON_B2,common,-1,V52_C_E7_C11_2T,total_displacement,Y,1.0,2.0,4.54769806876716e-07,4.6322998027674417e-07,0.018263440969373025
COMMON_B2,common,-1,V52_C_E7_C11_2T,total_displacement,Y,2.0,5.0,1.6864849415960328e-07,1.4707619284361858e-07,0.14667432504811867
COMMON_B2,common,-1,V52_C_E7_C11_2T,total_displacement,Y,5.0,10.0,1.3967269762826869e-08,4.564683103239587e-09,2.0598552948646534
COMMON_B2,common,-1,V52_C_E7_C11_2T,total_displacement,Y,10.0,20.0,1.2243947888365146e-08,8.56507050962226e-09,0.42952096828740916
COMMON_B2,common,-1,V52_C_E7_C11_2T,total_displacement,Z,0.0,0.5,0.0001190518018240224,0.0001153589872756763,0.03201150283611017
COMMON_B2,common,-1,V52_C_E7_C11_2T,total_displacement,Z,0.5,1.0,7.87496712524852e-08,3.217854902141788e-08,1.4472722868911774
COMMON_B2,common,-1,V52_C_E7_C11_2T,total_displacement,Z,1.0,2.0,2.5883594757209963e-07,2.429839856678148e-07,0.0652387105294922
COMMON_B2,common,-1,V52_C_E7_C11_2T,total_displacement,Z,2.0,5.0,1.395275820055401e-07,3.829068208725694e-08,2.643904323448304
COMMON_B2,common,-1,V52_C_E7_C11_2T,total_displacement,Z,5.0,10.0,4.7820949910663474e-08,1.6964078154286638e-09,27.189536428526555
COMMON_B2,common,-1,V52_C_E7_C11_2T,total_displacement,Z,10.0,20.0,2.568984670565441e-08,1.1549830624236413e-09,21.242617698432984
COMMON_B2,common,-1,V40_A_E8_C12_2T,total_displacement,X,0.0,0.5,3.4573750885261223e-07,3.5897081156233154e-07,0.0368645647040901
COMMON_B2,common,-1,V40_A_E8_C12_2T,total_displacement,X,0.5,1.0,1.3487564918194604e-09,1.815525402325649e-09,0.257098529113538
COMMON_B2,common,-1,V40_A_E8_C12_2T,total_displacement,X,1.0,2.0,5.150049777883587e-10,7.877683795323649e-10,0.34624822324796034
COMMON_B2,common,-1,V40_A_E8_C12_2T,total_displacement,X,2.0,5.0,3.295880691251221e-10,1.0319565274123466e-10,2.193817378640662
COMMON_B2,common,-1,V40_A_E8_C12_2T,total_displacement,X,5.0,10.0,1.0100719695726428e-10,1.6769236738035212e-10,0.3976637187775851
COMMON_B2,common,-1,V40_A_E8_C12_2T,total_displacement,X,10.0,20.0,4.306777247400841e-11,2.4425852410200484e-11,0.763204483132915
COMMON_B2,common,-1,V40_A_E8_C12_2T,total_displacement,Y,0.0,0.5,0.00012661560630428207,0.00012850600449596395,0.014710582584032126
COMMON_B2,common,-1,V40_A_E8_C12_2T,total_displacement,Y,0.5,1.0,1.0593660383555437e-07,1.1324124668414575e-07,0.06450514333320263
COMMON_B2,common,-1,V40_A_E8_C12_2T,total_displacement,Y,1.0,2.0,5.388020844179541e-08,5.921885618567716e-08,0.09015114589756251
COMMON_B2,common,-1,V40_A_E8_C12_2T,total_displacement,Y,2.0,5.0,2.8839252333238063e-08,2.308532639173703e-08,0.24924602944147864
COMMON_B2,common,-1,V40_A_E8_C12_2T,total_displacement,Y,5.0,10.0,1.1356345151888936e-08,4.849826363663089e-09,1.3415982965854996
COMMON_B2,common,-1,V40_A_E8_C12_2T,total_displacement,Y,10.0,20.0,1.3640362805984165e-09,9.691796195844726e-10,0.40741329371250645
COMMON_B2,common,-1,V40_A_E8_C12_2T,total_displacement,Z,0.0,0.5,6.384175546450683e-05,6.541942386287185e-05,0.024116207468779145
COMMON_B2,common,-1,V40_A_E8_C12_2T,total_displacement,Z,0.5,1.0,2.1917736708736627e-08,1.1044852178740062e-08,0.9844300633489227
COMMON_B2,common,-1,V40_A_E8_C12_2T,total_displacement,Z,1.0,2.0,7.742158831142674e-08,6.216437354331506e-08,0.24543341947266176
COMMON_B2,common,-1,V40_A_E8_C12_2T,total_displacement,Z,2.0,5.0,5.854570497378445e-08,1.6750706873008474e-08,2.495118469783686
COMMON_B2,common,-1,V40_A_E8_C12_2T,total_displacement,Z,5.0,10.0,3.133093990280492e-08,5.323277930956364e-09,4.885647961495052
COMMON_B2,common,-1,V40_A_E8_C12_2T,total_displacement,Z,10.0,20.0,4.365094415077991e-09,3.654745195189175e-10,10.943635416290759
COMMON_B2,common,-1,V40_B_E8_C12_2T,total_displacement,X,0.0,0.5,5.832121457175586e-07,5.51632985359554e-07,0.05724668610493131
COMMON_B2,common,-1,V40_B_E8_C12_2T,total_displacement,X,0.5,1.0,2.2123905575524285e-09,2.642572884540988e-09,0.1627892004436735
COMMON_B2,common,-1,V40_B_E8_C12_2T,total_displacement,X,1.0,2.0,6.864885896302607e-10,1.0699874532512675e-09,0.358414355659691
COMMON_B2,common,-1,V40_B_E8_C12_2T,total_displacement,X,2.0,5.0,3.176407977888488e-10,1.1961529313068995e-10,1.655519954641578
COMMON_B2,common,-1,V40_B_E8_C12_2T,total_displacement,X,5.0,10.0,1.3819847109190447e-10,2.4087805968242173e-10,0.4262720678084671
COMMON_B2,common,-1,V40_B_E8_C12_2T,total_displacement,X,10.0,20.0,4.073966074361264e-11,2.6725713269651446e-11,0.5243619630490768
COMMON_B2,common,-1,V40_B_E8_C12_2T,total_displacement,Y,0.0,0.5,0.00020666047440945752,0.0002007869329796919,0.02925260793918141
COMMON_B2,common,-1,V40_B_E8_C12_2T,total_displacement,Y,0.5,1.0,1.7785935249895027e-07,1.7688375972188045e-07,0.005515445728900021
COMMON_B2,common,-1,V40_B_E8_C12_2T,total_displacement,Y,1.0,2.0,8.52294314761083e-08,8.548284632095742e-08,0.0029645110774345436
COMMON_B2,common,-1,V40_B_E8_C12_2T,total_displacement,Y,2.0,5.0,4.12046334770887e-08,2.400937087592686e-08,0.7161896365390721
COMMON_B2,common,-1,V40_B_E8_C12_2T,total_displacement,Y,5.0,10.0,2.6521587479605167e-08,6.7105891317432754e-09,2.9521995698037014
COMMON_B2,common,-1,V40_B_E8_C12_2T,total_displacement,Y,10.0,20.0,2.894433634855482e-09,1.2743266929470353e-09,1.2713434874080467
COMMON_B2,common,-1,V40_B_E8_C12_2T,total_displacement,Z,0.0,0.5,0.00010334512190196708,0.00010217129922152346,0.011488771204705834
COMMON_B2,common,-1,V40_B_E8_C12_2T,total_displacement,Z,0.5,1.0,4.244733896597644e-08,1.621447807549742e-08,1.6178664998240633
COMMON_B2,common,-1,V40_B_E8_C12_2T,total_displacement,Z,1.0,2.0,1.182347335922278e-07,7.371691555819721e-08,0.6039023431316136
COMMON_B2,common,-1,V40_B_E8_C12_2T,total_displacement,Z,2.0,5.0,9.913744889679613e-08,1.6610444734671913e-08,4.968380165635239
COMMON_B2,common,-1,V40_B_E8_C12_2T,total_displacement,Z,5.0,10.0,9.116006693519865e-08,7.977456568399683e-09,10.427209431174104
COMMON_B2,common,-1,V40_B_E8_C12_2T,total_displacement,Z,10.0,20.0,1.2060649715490554e-08,4.553852754687106e-10,25.484496458689822
COMMON_B2,common,-1,V40_CPLUS_E8_C12_2T,total_displacement,X,0.0,0.5,1.1723165868017038e-06,1.2683957777071214e-06,0.07574858935520891
COMMON_B2,common,-1,V40_CPLUS_E8_C12_2T,total_displacement,X,0.5,1.0,1.2830671542345151e-09,1.763869857833996e-09,0.2725840012878835
COMMON_B2,common,-1,V40_CPLUS_E8_C12_2T,total_displacement,X,1.0,2.0,1.2563444719752623e-09,2.154839393699395e-09,0.41696607382957224
COMMON_B2,common,-1,V40_CPLUS_E8_C12_2T,total_displacement,X,2.0,5.0,2.583827588236602e-10,1.8759477457425595e-10,0.3773451814425892
COMMON_B2,common,-1,V40_CPLUS_E8_C12_2T,total_displacement,X,5.0,10.0,2.296665179884861e-10,4.76813752378384e-10,0.5183307594571431
COMMON_B2,common,-1,V40_CPLUS_E8_C12_2T,total_displacement,X,10.0,20.0,4.625781312717742e-11,3.5087051763367863e-11,0.3183727558287536
COMMON_B2,common,-1,V40_CPLUS_E8_C12_2T,total_displacement,Y,0.0,0.5,0.000445972675284907,0.000469586178291458,0.050285770957881226
COMMON_B2,common,-1,V40_CPLUS_E8_C12_2T,total_displacement,Y,0.5,1.0,1.4046914911107066e-07,1.1874108859086524e-07,0.18298687318819948
COMMON_B2,common,-1,V40_CPLUS_E8_C12_2T,total_displacement,Y,1.0,2.0,1.608176019884214e-07,1.9081667112157327e-07,0.15721408908783888
COMMON_B2,common,-1,V40_CPLUS_E8_C12_2T,total_displacement,Y,2.0,5.0,5.727605191129498e-08,2.7714696909897942e-08,1.066631004391016
COMMON_B2,common,-1,V40_CPLUS_E8_C12_2T,total_displacement,Y,5.0,10.0,3.9428587481646994e-08,1.3108104904501592e-08,2.007954831678713
COMMON_B2,common,-1,V40_CPLUS_E8_C12_2T,total_displacement,Y,10.0,20.0,4.02339308047268e-09,2.436355799142707e-09,0.6513979944507332
COMMON_B2,common,-1,V40_CPLUS_E8_C12_2T,total_displacement,Z,0.0,0.5,0.00022503910999062055,0.0002388832761568183,0.057953685117368973
COMMON_B2,common,-1,V40_CPLUS_E8_C12_2T,total_displacement,Z,0.5,1.0,1.9198304060013853e-07,1.0342206462127372e-08,17.563064013774095
COMMON_B2,common,-1,V40_CPLUS_E8_C12_2T,total_displacement,Z,1.0,2.0,1.345618419909632e-07,1.0919515693355035e-07,0.23230595357676448
COMMON_B2,common,-1,V40_CPLUS_E8_C12_2T,total_displacement,Z,2.0,5.0,1.5070475627724292e-07,1.733112270636128e-08,7.695614175181375
COMMON_B2,common,-1,V40_CPLUS_E8_C12_2T,total_displacement,Z,5.0,10.0,1.1771903588472815e-07,1.8421689157804443e-08,5.390241137841362
COMMON_B2,common,-1,V40_CPLUS_E8_C12_2T,total_displacement,Z,10.0,20.0,1.7596380700746e-08,8.806116489749952e-10,18.981998558873983
COMMON_B2,common,-1,V40_C_E8_C12_2T,total_displacement,X,0.0,0.5,7.908890369478853e-07,7.870766332107478e-07,0.004843751645358105
COMMON_B2,common,-1,V40_C_E8_C12_2T,total_displacement,X,0.5,1.0,2.7312597322114965e-09,3.6521117687073954e-09,0.25214234799331436
COMMON_B2,common,-1,V40_C_E8_C12_2T,total_displacement,X,1.0,2.0,9.517729624136856e-10,1.4120544182535183e-09,0.32596580548866244
COMMON_B2,common,-1,V40_C_E8_C12_2T,total_displacement,X,2.0,5.0,2.2012933888277373e-10,1.4121670940464436e-10,0.5588051853836362
COMMON_B2,common,-1,V40_C_E8_C12_2T,total_displacement,X,5.0,10.0,1.4601316708070418e-10,3.4049012414798574e-10,0.5711676882080635
COMMON_B2,common,-1,V40_C_E8_C12_2T,total_displacement,X,10.0,20.0,3.709376417253623e-11,2.963698668042049e-11,0.25160376702676107
COMMON_B2,common,-1,V40_C_E8_C12_2T,total_displacement,Y,0.0,0.5,0.0002926018103397391,0.00028913057077146825,0.012005785341234398
COMMON_B2,common,-1,V40_C_E8_C12_2T,total_displacement,Y,0.5,1.0,2.402056496238397e-07,2.545976362363847e-07,0.056528359121066345
COMMON_B2,common,-1,V40_C_E8_C12_2T,total_displacement,Y,1.0,2.0,1.0748341073312807e-07,1.1742620080113417e-07,0.08467267100674232
COMMON_B2,common,-1,V40_C_E8_C12_2T,total_displacement,Y,2.0,5.0,4.098419443029624e-08,2.531013814667494e-08,0.6192797602600381
COMMON_B2,common,-1,V40_C_E8_C12_2T,total_displacement,Y,5.0,10.0,2.6772415739608453e-08,8.905436516349358e-09,2.006300217901433
COMMON_B2,common,-1,V40_C_E8_C12_2T,total_displacement,Y,10.0,20.0,2.6541204801526955e-09,1.6947616056619547e-09,0.56607305197714
COMMON_B2,common,-1,V40_C_E8_C12_2T,total_displacement,Z,0.0,0.5,0.0001498827775611873,0.00014709132256541082,0.018977700023977615
COMMON_B2,common,-1,V40_C_E8_C12_2T,total_displacement,Z,0.5,1.0,4.4949010493879114e-08,2.2553490347386917e-08,0.9929957537187577
COMMON_B2,common,-1,V40_C_E8_C12_2T,total_displacement,Z,1.0,2.0,1.1775385791064608e-07,8.650124963804176e-08,0.36129661020365145
COMMON_B2,common,-1,V40_C_E8_C12_2T,total_displacement,Z,2.0,5.0,1.0531537705381643e-07,1.6826508028304636e-08,5.258896788131003
COMMON_B2,common,-1,V40_C_E8_C12_2T,total_displacement,Z,5.0,10.0,8.433601970356921e-08,1.2354530030383718e-08,5.826323583022593
COMMON_B2,common,-1,V40_C_E8_C12_2T,total_displacement,Z,10.0,20.0,1.0033398761535118e-08,6.419032182353234e-10,14.630703315553168
COMMON_B2,common,-1,V52_A_E8_C12_2T,total_displacement,X,0.0,0.5,2.799407579868808e-07,2.831028975351452e-07,0.011169576771540714
COMMON_B2,common,-1,V52_A_E8_C12_2T,total_displacement,X,0.5,1.0,1.5274054202020381e-09,1.8558543322704751e-09,0.17697989888387877
COMMON_B2,common,-1,V52_A_E8_C12_2T,total_displacement,X,1.0,2.0,5.049364451399746e-10,6.66003596060197e-10,0.24184126312985305
COMMON_B2,common,-1,V52_A_E8_C12_2T,total_displacement,X,2.0,5.0,2.998440897922106e-10,1.3658913399208706e-10,1.195226523726121
COMMON_B2,common,-1,V52_A_E8_C12_2T,total_displacement,X,5.0,10.0,7.389581247883472e-11,6.436453090573479e-11,0.1480828251053206
COMMON_B2,common,-1,V52_A_E8_C12_2T,total_displacement,X,10.0,20.0,6.088402855095804e-11,5.323188998920191e-11,0.1437510214893435
COMMON_B2,common,-1,V52_A_E8_C12_2T,total_displacement,Y,0.0,0.5,0.00010104682390848974,0.00010258251055051349,0.014970257929762289
COMMON_B2,common,-1,V52_A_E8_C12_2T,total_displacement,Y,0.5,1.0,1.2338587787899684e-07,1.195313386618158e-07,0.032247101557914506
COMMON_B2,common,-1,V52_A_E8_C12_2T,total_displacement,Y,1.0,2.0,4.7874563686123534e-08,5.594939830149437e-08,0.14432388659227394
COMMON_B2,common,-1,V52_A_E8_C12_2T,total_displacement,Y,2.0,5.0,3.6260017983831743e-08,2.551251979960432e-08,0.42126368812829335
COMMON_B2,common,-1,V52_A_E8_C12_2T,total_displacement,Y,5.0,10.0,8.344204347737486e-09,2.893090136501929e-09,1.8841840226335174
COMMON_B2,common,-1,V52_A_E8_C12_2T,total_displacement,Y,10.0,20.0,5.961700819038186e-09,4.504379461938073e-09,0.3235343224109898
COMMON_B2,common,-1,V52_A_E8_C12_2T,total_displacement,Z,0.0,0.5,5.050412501914287e-05,5.1317658420927124e-05,0.01585289404889333
COMMON_B2,common,-1,V52_A_E8_C12_2T,total_displacement,Z,0.5,1.0,5.370461422227172e-08,1.51952821238826e-08,2.534295301951884
COMMON_B2,common,-1,V52_A_E8_C12_2T,total_displacement,Z,1.0,2.0,6.135648313965067e-08,5.884928718634943e-08,0.042603675816192475
COMMON_B2,common,-1,V52_A_E8_C12_2T,total_displacement,Z,2.0,5.0,7.314944104969953e-08,1.7445447155981606e-08,3.1930390431189615
COMMON_B2,common,-1,V52_A_E8_C12_2T,total_displacement,Z,5.0,10.0,2.4917590764342858e-08,1.0048495671865359e-09,23.797334425001814
COMMON_B2,common,-1,V52_A_E8_C12_2T,total_displacement,Z,10.0,20.0,1.3876025861052794e-08,7.144622707718964e-10,18.42163558344558
COMMON_B2,common,-1,V52_B_E8_C12_2T,total_displacement,X,0.0,0.5,4.101681461162336e-07,4.325736826597262e-07,0.05179588458948713
COMMON_B2,common,-1,V52_B_E8_C12_2T,total_displacement,X,0.5,1.0,2.0670617553635924e-09,2.735748805770669e-09,0.24442560259793494
COMMON_B2,common,-1,V52_B_E8_C12_2T,total_displacement,X,1.0,2.0,6.544694511563306e-10,8.930330367322932e-10,0.2671385892384151
COMMON_B2,common,-1,V52_B_E8_C12_2T,total_displacement,X,2.0,5.0,2.489764855335549e-10,1.7184989022523097e-10,0.44880212147496756
COMMON_B2,common,-1,V52_B_E8_C12_2T,total_displacement,X,5.0,10.0,7.362819834925488e-11,8.315501092224728e-11,0.11456690904532853
COMMON_B2,common,-1,V52_B_E8_C12_2T,total_displacement,X,10.0,20.0,6.500056780262942e-11,7.007257618844261e-11,0.07238221657747101
COMMON_B2,common,-1,V52_B_E8_C12_2T,total_displacement,Y,0.0,0.5,0.00015440256090986406,0.0001602808748255166,0.03667508005588152
COMMON_B2,common,-1,V52_B_E8_C12_2T,total_displacement,Y,0.5,1.0,1.8398472275899627e-07,1.867020828770254e-07,0.014554524920961775
COMMON_B2,common,-1,V52_B_E8_C12_2T,total_displacement,Y,1.0,2.0,6.82881054432686e-08,8.043733517912475e-08,0.1510396846041854
COMMON_B2,common,-1,V52_B_E8_C12_2T,total_displacement,Y,2.0,5.0,4.01420361961306e-08,2.781375273866083e-08,0.44324415958201796
COMMON_B2,common,-1,V52_B_E8_C12_2T,total_displacement,Y,5.0,10.0,9.53742060533511e-09,3.6631721562101086e-09,1.6035960633645063
COMMON_B2,common,-1,V52_B_E8_C12_2T,total_displacement,Y,10.0,20.0,7.725533615494532e-09,6.52440498380349e-09,0.18409780427070102
COMMON_B2,common,-1,V52_B_E8_C12_2T,total_displacement,Z,0.0,0.5,7.592093919692748e-05,8.013591897908966e-05,0.05259788414308967
COMMON_B2,common,-1,V52_B_E8_C12_2T,total_displacement,Z,0.5,1.0,4.0837187568066584e-08,2.2793409310055718e-08,0.7916226139128091
COMMON_B2,common,-1,V52_B_E8_C12_2T,total_displacement,Z,1.0,2.0,6.936272288150812e-08,6.817080785706266e-08,0.01748424379750072
COMMON_B2,common,-1,V52_B_E8_C12_2T,total_displacement,Z,2.0,5.0,8.018618657956682e-08,1.7519551024087704e-08,3.576954424763425
COMMON_B2,common,-1,V52_B_E8_C12_2T,total_displacement,Z,5.0,10.0,2.52638232380639e-08,1.294872544140971e-09,18.510664082250756
COMMON_B2,common,-1,V52_B_E8_C12_2T,total_displacement,Z,10.0,20.0,1.3607992687048034e-08,9.744780958203624e-10,12.964390523926731
COMMON_B2,common,-1,V52_CPLUS_E8_C12_2T,total_displacement,X,0.0,0.5,9.92735540666728e-07,9.883622278677709e-07,0.004424807702730442
COMMON_B2,common,-1,V52_CPLUS_E8_C12_2T,total_displacement,X,0.5,1.0,1.7677796427176696e-09,2.2175285754200124e-09,0.2028153944384495
COMMON_B2,common,-1,V52_CPLUS_E8_C12_2T,total_displacement,X,1.0,2.0,1.3625143487325647e-09,1.8187411462147882e-09,0.25084757027229226
COMMON_B2,common,-1,V52_CPLUS_E8_C12_2T,total_displacement,X,2.0,5.0,4.496705046551425e-10,3.0030647491823514e-10,0.4973719923207613
COMMON_B2,common,-1,V52_CPLUS_E8_C12_2T,total_displacement,X,5.0,10.0,1.374457889763386e-10,1.5247131335560804e-10,0.09854656622669403
COMMON_B2,common,-1,V52_CPLUS_E8_C12_2T,total_displacement,X,10.0,20.0,1.1624098615613882e-10,1.264591472046153e-10,0.08080207145429454
COMMON_B2,common,-1,V52_CPLUS_E8_C12_2T,total_displacement,Y,0.0,0.5,0.00037507319319563654,0.00037483537315757294,0.0006344653015541849
COMMON_B2,common,-1,V52_CPLUS_E8_C12_2T,total_displacement,Y,0.5,1.0,1.5947340321633231e-07,1.385615471597508e-07,0.15092106349297435
COMMON_B2,common,-1,V52_CPLUS_E8_C12_2T,total_displacement,Y,1.0,2.0,1.6537658356812605e-07,1.7751137953201386e-07,0.0683606650789355
COMMON_B2,common,-1,V52_CPLUS_E8_C12_2T,total_displacement,Y,2.0,5.0,6.745770447925348e-08,3.6801191625026185e-08,0.8330304400626997
COMMON_B2,common,-1,V52_CPLUS_E8_C12_2T,total_displacement,Y,5.0,10.0,2.0396814360547013e-08,6.3366576825193096e-09,2.2188600651120716
COMMON_B2,common,-1,V52_CPLUS_E8_C12_2T,total_displacement,Y,10.0,20.0,1.6482790660964692e-08,1.3321629018529007e-08,0.2372954267108652
COMMON_B2,common,-1,V52_CPLUS_E8_C12_2T,total_displacement,Z,0.0,0.5,0.00019023285090872041,0.00018733210381552892,0.015484516717155672
COMMON_B2,common,-1,V52_CPLUS_E8_C12_2T,total_displacement,Z,0.5,1.0,8.5312473984125e-08,2.592036465749949e-08,2.2913300067883773
COMMON_B2,common,-1,V52_CPLUS_E8_C12_2T,total_displacement,Z,1.0,2.0,1.3815646994087397e-07,1.0363396094098916e-07,0.3331196519598674
COMMON_B2,common,-1,V52_CPLUS_E8_C12_2T,total_displacement,Z,2.0,5.0,1.591179882904216e-07,1.8451562746489105e-08,7.623550778683934
COMMON_B2,common,-1,V52_CPLUS_E8_C12_2T,total_displacement,Z,5.0,10.0,6.407690590079693e-08,2.3898173420760447e-09,25.812470046406577
COMMON_B2,common,-1,V52_CPLUS_E8_C12_2T,total_displacement,Z,10.0,20.0,2.8709291144327922e-08,1.8310588283605885e-09,14.67906541267839
COMMON_B2,common,-1,V52_C_E8_C12_2T,total_displacement,X,0.0,0.5,6.523273958379377e-07,6.151517826866549e-07,0.06043323647526382
COMMON_B2,common,-1,V52_C_E8_C12_2T,total_displacement,X,0.5,1.0,3.0161209675609687e-09,3.813900136589243e-09,0.2091767325983856
COMMON_B2,common,-1,V52_C_E8_C12_2T,total_displacement,X,1.0,2.0,8.753415903117777e-10,1.1674247732825453e-09,0.2501944362115026
COMMON_B2,common,-1,V52_C_E8_C12_2T,total_displacement,X,2.0,5.0,2.6597533258552017e-10,2.133502495543045e-10,0.24666051781589732
COMMON_B2,common,-1,V52_C_E8_C12_2T,total_displacement,X,5.0,10.0,9.253080986573107e-11,1.0423899519941266e-10,0.11232058896273363
COMMON_B2,common,-1,V52_C_E8_C12_2T,total_displacement,X,10.0,20.0,9.275242474744095e-11,8.87973358305239e-11,0.0445406259087055
COMMON_B2,common,-1,V52_C_E8_C12_2T,total_displacement,Y,0.0,0.5,0.00024159313428690363,0.0002308026636513448,0.046751932862694974
COMMON_B2,common,-1,V52_C_E8_C12_2T,total_displacement,Y,0.5,1.0,2.832007907708961e-07,2.6875133048039265e-07,0.05376516746791573
COMMON_B2,common,-1,V52_C_E8_C12_2T,total_displacement,Y,1.0,2.0,1.0180422838715671e-07,1.0974302297325361e-07,0.07233985697689164
COMMON_B2,common,-1,V52_C_E8_C12_2T,total_displacement,Y,2.0,5.0,4.9858084510814716e-08,3.0492489979936354e-08,0.6350939048802069
COMMON_B2,common,-1,V52_C_E8_C12_2T,total_displacement,Y,5.0,10.0,1.2192343701394749e-08,4.546645386022782e-09,1.6816130721072373
COMMON_B2,common,-1,V52_C_E8_C12_2T,total_displacement,Y,10.0,20.0,1.1979188569146046e-08,8.713813203355426e-09,0.37473552503205165
COMMON_B2,common,-1,V52_C_E8_C12_2T,total_displacement,Z,0.0,0.5,0.000123517779125839,0.00011536062975301183,0.07070999343789736
COMMON_B2,common,-1,V52_C_E8_C12_2T,total_displacement,Z,0.5,1.0,8.481617354975546e-08,3.2116919437568816e-08,1.640856440625548
COMMON_B2,common,-1,V52_C_E8_C12_2T,total_displacement,Z,1.0,2.0,9.098748702387865e-08,7.757122995752686e-08,0.172954033005506
COMMON_B2,common,-1,V52_C_E8_C12_2T,total_displacement,Z,2.0,5.0,9.776185598864204e-08,1.7749187116817473e-08,4.507962440489008
COMMON_B2,common,-1,V52_C_E8_C12_2T,total_displacement,Z,5.0,10.0,3.55990858116704e-08,1.6608843607031781e-09,20.433813607949567
COMMON_B2,common,-1,V52_C_E8_C12_2T,total_displacement,Z,10.0,20.0,2.3896029489622737e-08,1.217787501223049e-09,18.62249527575498
R4_LHS_03,physics,20260813,BASE_C1_0T,total_displacement,X,0.0,0.5,6.337560919378752e-09,1.2794898599871708e-14,495318.354812417
R4_LHS_03,physics,20260813,BASE_C1_0T,total_displacement,X,0.5,1.0,8.694355471833574e-12,4.790725535735361e-14,180.48306361906867
R4_LHS_03,physics,20260813,BASE_C1_0T,total_displacement,X,1.0,2.0,1.414118330078292e-10,1.6471560131371803e-10,0.1414788163357056
R4_LHS_03,physics,20260813,BASE_C1_0T,total_displacement,X,2.0,5.0,2.440730531444424e-10,7.815018685642845e-12,30.231282094415818
R4_LHS_03,physics,20260813,BASE_C1_0T,total_displacement,X,5.0,10.0,3.008174881781713e-11,5.677292692886491e-12,4.298608059349983
R4_LHS_03,physics,20260813,BASE_C1_0T,total_displacement,X,10.0,20.0,2.1246137358185685e-11,3.1184464414946206e-12,5.813051869508061
R4_LHS_03,physics,20260813,BASE_C1_0T,incremental_velocity,X,0.0,0.5,0.0,0.0,0.0
R4_LHS_03,physics,20260813,BASE_C1_0T,incremental_velocity,X,0.5,1.0,0.0,0.0,0.0
R4_LHS_03,physics,20260813,BASE_C1_0T,incremental_velocity,X,1.0,2.0,0.0,0.0,0.0
R4_LHS_03,physics,20260813,BASE_C1_0T,incremental_velocity,X,2.0,5.0,0.0,0.0,0.0
R4_LHS_03,physics,20260813,BASE_C1_0T,incremental_velocity,X,5.0,10.0,0.0,0.0,0.0
R4_LHS_03,physics,20260813,BASE_C1_0T,incremental_velocity,X,10.0,20.0,0.0,0.0,0.0
R4_LHS_03,physics,20260813,BASE_C1_0T,total_displacement,Y,0.0,0.5,9.072981688737899e-08,2.1894223932682585e-11,4143.006984049439
R4_LHS_03,physics,20260813,BASE_C1_0T,total_displacement,Y,0.5,1.0,4.890477855226376e-10,5.645863367901659e-11,7.662054917995598
R4_LHS_03,physics,20260813,BASE_C1_0T,total_displacement,Y,1.0,2.0,1.2286693871591527e-08,1.2415815787822197e-08,0.01039979317004014
R4_LHS_03,physics,20260813,BASE_C1_0T,total_displacement,Y,2.0,5.0,2.0956531115866785e-08,2.1376395920276613e-08,0.019641515154178314
R4_LHS_03,physics,20260813,BASE_C1_0T,total_displacement,Y,5.0,10.0,1.500344191331373e-09,1.4998601999572409e-09,0.0003226909908975841
R4_LHS_03,physics,20260813,BASE_C1_0T,total_displacement,Y,10.0,20.0,4.597795507375625e-10,4.387799375965619e-10,0.04785910052320762
R4_LHS_03,physics,20260813,BASE_C1_0T,incremental_velocity,Y,0.0,0.5,0.0,0.0,0.0
R4_LHS_03,physics,20260813,BASE_C1_0T,incremental_velocity,Y,0.5,1.0,0.0,0.0,0.0
R4_LHS_03,physics,20260813,BASE_C1_0T,incremental_velocity,Y,1.0,2.0,0.0,0.0,0.0
R4_LHS_03,physics,20260813,BASE_C1_0T,incremental_velocity,Y,2.0,5.0,0.0,0.0,0.0
R4_LHS_03,physics,20260813,BASE_C1_0T,incremental_velocity,Y,5.0,10.0,0.0,0.0,0.0
R4_LHS_03,physics,20260813,BASE_C1_0T,incremental_velocity,Y,10.0,20.0,0.0,0.0,0.0
R4_LHS_03,physics,20260813,BASE_C1_0T,total_displacement,Z,0.0,0.5,6.618657575380092e-08,1.2025354850925083e-11,5502.918726249424
R4_LHS_03,physics,20260813,BASE_C1_0T,total_displacement,Z,0.5,1.0,9.235396100382788e-11,6.473638664169895e-11,0.4266159388071174
R4_LHS_03,physics,20260813,BASE_C1_0T,total_displacement,Z,1.0,2.0,4.078972226133297e-08,4.1753547439757856e-08,0.023083671628512395
R4_LHS_03,physics,20260813,BASE_C1_0T,total_displacement,Z,2.0,5.0,1.61938865245518e-08,1.6825845278197276e-08,0.03755881164938322
R4_LHS_03,physics,20260813,BASE_C1_0T,total_displacement,Z,5.0,10.0,4.081821932911553e-10,3.699526556249078e-10,0.10333629745587815
R4_LHS_03,physics,20260813,BASE_C1_0T,total_displacement,Z,10.0,20.0,1.0332418369007097e-10,9.084427391690251e-11,0.1373769554764028
R4_LHS_03,physics,20260813,BASE_C1_0T,incremental_velocity,Z,0.0,0.5,0.0,0.0,0.0
R4_LHS_03,physics,20260813,BASE_C1_0T,incremental_velocity,Z,0.5,1.0,0.0,0.0,0.0
R4_LHS_03,physics,20260813,BASE_C1_0T,incremental_velocity,Z,1.0,2.0,0.0,0.0,0.0
R4_LHS_03,physics,20260813,BASE_C1_0T,incremental_velocity,Z,2.0,5.0,0.0,0.0,0.0
R4_LHS_03,physics,20260813,BASE_C1_0T,incremental_velocity,Z,5.0,10.0,0.0,0.0,0.0
R4_LHS_03,physics,20260813,BASE_C1_0T,incremental_velocity,Z,10.0,20.0,0.0,0.0,0.0
R4_LHS_03,physics,20260813,BASE_C2_0T,total_displacement,X,0.0,0.5,3.356306654217051e-09,5.1771709953119955e-12,647.2897044073368
R4_LHS_03,physics,20260813,BASE_C2_0T,total_displacement,X,0.5,1.0,1.6948535009409278e-08,1.6746270090514675e-08,0.0120782071351619
R4_LHS_03,physics,20260813,BASE_C2_0T,total_displacement,X,1.0,2.0,5.27633385133417e-05,5.27772613844501e-05,0.0002638043495091391
R4_LHS_03,physics,20260813,BASE_C2_0T,total_displacement,X,2.0,5.0,4.010637658645548e-06,3.983117284552985e-06,0.006909255270812643
R4_LHS_03,physics,20260813,BASE_C2_0T,total_displacement,X,5.0,10.0,1.452481054887626e-10,2.43917318192725e-10,0.404519094564665
R4_LHS_03,physics,20260813,BASE_C2_0T,total_displacement,X,10.0,20.0,2.477331942814289e-11,7.67575963024498e-11,0.6772525375791084
R4_LHS_03,physics,20260813,BASE_C2_0T,incremental_velocity,X,0.0,0.5,0.0,0.0,0.0
R4_LHS_03,physics,20260813,BASE_C2_0T,incremental_velocity,X,0.5,1.0,0.0,0.0,0.0
R4_LHS_03,physics,20260813,BASE_C2_0T,incremental_velocity,X,1.0,2.0,0.0,0.0,0.0
R4_LHS_03,physics,20260813,BASE_C2_0T,incremental_velocity,X,2.0,5.0,0.0,0.0,0.0
R4_LHS_03,physics,20260813,BASE_C2_0T,incremental_velocity,X,5.0,10.0,0.0,0.0,0.0
R4_LHS_03,physics,20260813,BASE_C2_0T,incremental_velocity,X,10.0,20.0,0.0,0.0,0.0
R4_LHS_03,physics,20260813,BASE_C2_0T,total_displacement,Y,0.0,0.5,3.643417264140628e-07,2.2245217336697347e-11,16377.429614756691
R4_LHS_03,physics,20260813,BASE_C2_0T,total_displacement,Y,0.5,1.0,3.490863681015455e-10,1.5629128253410343e-10,1.2335626302469773
R4_LHS_03,physics,20260813,BASE_C2_0T,total_displacement,Y,1.0,2.0,3.66529582079965e-07,3.663977910045488e-07,0.000359693968282007
R4_LHS_03,physics,20260813,BASE_C2_0T,total_displacement,Y,2.0,5.0,1.371008286213033e-07,1.3747908495772369e-07,0.0027513736837622644
R4_LHS_03,physics,20260813,BASE_C2_0T,total_displacement,Y,5.0,10.0,1.5089247667526247e-09,1.502201886797975e-09,0.004475350492988641
R4_LHS_03,physics,20260813,BASE_C2_0T,total_displacement,Y,10.0,20.0,4.5440972516622257e-10,4.389719439551031e-10,0.035168036189343374
R4_LHS_03,physics,20260813,BASE_C2_0T,incremental_velocity,Y,0.0,0.5,0.0,0.0,0.0
R4_LHS_03,physics,20260813,BASE_C2_0T,incremental_velocity,Y,0.5,1.0,0.0,0.0,0.0
R4_LHS_03,physics,20260813,BASE_C2_0T,incremental_velocity,Y,1.0,2.0,0.0,0.0,0.0
R4_LHS_03,physics,20260813,BASE_C2_0T,incremental_velocity,Y,2.0,5.0,0.0,0.0,0.0
R4_LHS_03,physics,20260813,BASE_C2_0T,incremental_velocity,Y,5.0,10.0,0.0,0.0,0.0
R4_LHS_03,physics,20260813,BASE_C2_0T,incremental_velocity,Y,10.0,20.0,0.0,0.0,0.0
R4_LHS_03,physics,20260813,BASE_C2_0T,total_displacement,Z,0.0,0.5,2.189970200446729e-07,1.147477710558154e-11,19084.07834441061
R4_LHS_03,physics,20260813,BASE_C2_0T,total_displacement,Z,0.5,1.0,1.3424495902923863e-10,1.147909073744143e-10,0.16947380328104666
R4_LHS_03,physics,20260813,BASE_C2_0T,total_displacement,Z,1.0,2.0,2.0831646729012443e-07,2.0849064315305116e-07,0.0008354133321890948
R4_LHS_03,physics,20260813,BASE_C2_0T,total_displacement,Z,2.0,5.0,3.674621398194793e-08,3.652462728971114e-08,0.0060667749044823315
R4_LHS_03,physics,20260813,BASE_C2_0T,total_displacement,Z,5.0,10.0,3.979367075241318e-10,3.711858369472536e-10,0.0720686726543382
R4_LHS_03,physics,20260813,BASE_C2_0T,total_displacement,Z,10.0,20.0,1.0057904673625615e-10,8.946896745125755e-11,0.12417802061984617
R4_LHS_03,physics,20260813,BASE_C2_0T,incremental_velocity,Z,0.0,0.5,0.0,0.0,0.0
R4_LHS_03,physics,20260813,BASE_C2_0T,incremental_velocity,Z,0.5,1.0,0.0,0.0,0.0
R4_LHS_03,physics,20260813,BASE_C2_0T,incremental_velocity,Z,1.0,2.0,0.0,0.0,0.0
R4_LHS_03,physics,20260813,BASE_C2_0T,incremental_velocity,Z,2.0,5.0,0.0,0.0,0.0
R4_LHS_03,physics,20260813,BASE_C2_0T,incremental_velocity,Z,5.0,10.0,0.0,0.0,0.0
R4_LHS_03,physics,20260813,BASE_C2_0T,incremental_velocity,Z,10.0,20.0,0.0,0.0,0.0
R4_LHS_03,physics,20260813,BASE_C3_0T,total_displacement,X,0.0,0.5,3.275268231124557e-09,1.2876829973987699e-14,254352.61325270892
R4_LHS_03,physics,20260813,BASE_C3_0T,total_displacement,X,0.5,1.0,4.034373857571874e-12,4.7305505773695916e-14,84.28338914442334
R4_LHS_03,physics,20260813,BASE_C3_0T,total_displacement,X,1.0,2.0,1.3575272062365964e-10,1.6532683653885083e-10,0.17888273031971702
R4_LHS_03,physics,20260813,BASE_C3_0T,total_displacement,X,2.0,5.0,2.581801884035819e-10,7.527757131777977e-12,33.297093262173625
R4_LHS_03,physics,20260813,BASE_C3_0T,total_displacement,X,5.0,10.0,2.8945713183700394e-11,5.733321091155606e-12,4.048681684399802
R4_LHS_03,physics,20260813,BASE_C3_0T,total_displacement,X,10.0,20.0,1.7679708358956966e-11,3.1028174070735373e-12,4.697953195264498
R4_LHS_03,physics,20260813,BASE_C3_0T,incremental_velocity,X,0.0,0.5,0.0,0.0,0.0
R4_LHS_03,physics,20260813,BASE_C3_0T,incremental_velocity,X,0.5,1.0,0.0,0.0,0.0
R4_LHS_03,physics,20260813,BASE_C3_0T,incremental_velocity,X,1.0,2.0,0.0,0.0,0.0
R4_LHS_03,physics,20260813,BASE_C3_0T,incremental_velocity,X,2.0,5.0,0.0,0.0,0.0
R4_LHS_03,physics,20260813,BASE_C3_0T,incremental_velocity,X,5.0,10.0,0.0,0.0,0.0
R4_LHS_03,physics,20260813,BASE_C3_0T,incremental_velocity,X,10.0,20.0,0.0,0.0,0.0
R4_LHS_03,physics,20260813,BASE_C3_0T,total_displacement,Y,0.0,0.5,3.240053798762232e-08,2.1703492863109987e-11,1491.8720548338279
R4_LHS_03,physics,20260813,BASE_C3_0T,total_displacement,Y,0.5,1.0,2.4057642084402344e-10,5.502174902205604e-11,3.372387739756981
R4_LHS_03,physics,20260813,BASE_C3_0T,total_displacement,Y,1.0,2.0,1.2150578917516255e-08,1.2516215218473172e-08,0.029213008451409495
R4_LHS_03,physics,20260813,BASE_C3_0T,total_displacement,Y,2.0,5.0,2.1005654233319525e-08,2.135089792170793e-08,0.016169984496876188
R4_LHS_03,physics,20260813,BASE_C3_0T,total_displacement,Y,5.0,10.0,1.4977660588787287e-09,1.4965406927384123e-09,0.0008187990786098674
R4_LHS_03,physics,20260813,BASE_C3_0T,total_displacement,Y,10.0,20.0,4.519992873487019e-10,4.385976354053635e-10,0.030555686719451303
R4_LHS_03,physics,20260813,BASE_C3_0T,incremental_velocity,Y,0.0,0.5,0.0,0.0,0.0
R4_LHS_03,physics,20260813,BASE_C3_0T,incremental_velocity,Y,0.5,1.0,0.0,0.0,0.0
R4_LHS_03,physics,20260813,BASE_C3_0T,incremental_velocity,Y,1.0,2.0,0.0,0.0,0.0
R4_LHS_03,physics,20260813,BASE_C3_0T,incremental_velocity,Y,2.0,5.0,0.0,0.0,0.0
R4_LHS_03,physics,20260813,BASE_C3_0T,incremental_velocity,Y,5.0,10.0,0.0,0.0,0.0
R4_LHS_03,physics,20260813,BASE_C3_0T,incremental_velocity,Y,10.0,20.0,0.0,0.0,0.0
R4_LHS_03,physics,20260813,BASE_C3_0T,total_displacement,Z,0.0,0.5,2.2430758713113273e-08,1.1283952106726977e-11,1986.845969298388
R4_LHS_03,physics,20260813,BASE_C3_0T,total_displacement,Z,0.5,1.0,8.518997793252142e-11,6.199039015478997e-11,0.3742449066670186
R4_LHS_03,physics,20260813,BASE_C3_0T,total_displacement,Z,1.0,2.0,4.059482181806035e-08,4.221302879086547e-08,0.03833430149781824
R4_LHS_03,physics,20260813,BASE_C3_0T,total_displacement,Z,2.0,5.0,1.6265443416705524e-08,1.6610486719775446e-08,0.020772618460308808
R4_LHS_03,physics,20260813,BASE_C3_0T,total_displacement,Z,5.0,10.0,3.823660817380936e-10,3.6823512650847625e-10,0.03837481601389839
R4_LHS_03,physics,20260813,BASE_C3_0T,total_displacement,Z,10.0,20.0,9.946021022459111e-11,9.051302148549449e-11,0.09884974108979978
R4_LHS_03,physics,20260813,BASE_C3_0T,incremental_velocity,Z,0.0,0.5,0.0,0.0,0.0
R4_LHS_03,physics,20260813,BASE_C3_0T,incremental_velocity,Z,0.5,1.0,0.0,0.0,0.0
R4_LHS_03,physics,20260813,BASE_C3_0T,incremental_velocity,Z,1.0,2.0,0.0,0.0,0.0
R4_LHS_03,physics,20260813,BASE_C3_0T,incremental_velocity,Z,2.0,5.0,0.0,0.0,0.0
R4_LHS_03,physics,20260813,BASE_C3_0T,incremental_velocity,Z,5.0,10.0,0.0,0.0,0.0
R4_LHS_03,physics,20260813,BASE_C3_0T,incremental_velocity,Z,10.0,20.0,0.0,0.0,0.0
R4_LHS_03,physics,20260813,BASE_C8_0T,total_displacement,X,0.0,0.5,4.6595369109510736e-09,4.061826869464167e-12,1146.1530079187635
R4_LHS_03,physics,20260813,BASE_C8_0T,total_displacement,X,0.5,1.0,1.681906144101299e-08,1.711943479612213e-08,0.017545751871269676
R4_LHS_03,physics,20260813,BASE_C8_0T,total_displacement,X,1.0,2.0,5.275140700094043e-05,5.280143814496043e-05,0.0009475337372941771
R4_LHS_03,physics,20260813,BASE_C8_0T,total_displacement,X,2.0,5.0,4.009996684161606e-06,3.990211971234122e-06,0.004958311255169933
R4_LHS_03,physics,20260813,BASE_C8_0T,total_displacement,X,5.0,10.0,1.4453796168884802e-10,2.5094470050724774e-10,0.4240246500655888
R4_LHS_03,physics,20260813,BASE_C8_0T,total_displacement,X,10.0,20.0,2.0368684709543806e-11,1.0313000426719181e-10,0.8024950657737576
R4_LHS_03,physics,20260813,BASE_C8_0T,incremental_velocity,X,0.0,0.5,0.0,0.0,0.0
R4_LHS_03,physics,20260813,BASE_C8_0T,incremental_velocity,X,0.5,1.0,0.0,0.0,0.0
R4_LHS_03,physics,20260813,BASE_C8_0T,incremental_velocity,X,1.0,2.0,0.0,0.0,0.0
R4_LHS_03,physics,20260813,BASE_C8_0T,incremental_velocity,X,2.0,5.0,0.0,0.0,0.0
R4_LHS_03,physics,20260813,BASE_C8_0T,incremental_velocity,X,5.0,10.0,0.0,0.0,0.0
R4_LHS_03,physics,20260813,BASE_C8_0T,incremental_velocity,X,10.0,20.0,0.0,0.0,0.0
R4_LHS_03,physics,20260813,BASE_C8_0T,total_displacement,Y,0.0,0.5,4.606047297851452e-08,2.224908705556409e-11,2069.218560585641
R4_LHS_03,physics,20260813,BASE_C8_0T,total_displacement,Y,0.5,1.0,4.225477179736343e-10,1.6073370477137295e-10,1.628868155404398
R4_LHS_03,physics,20260813,BASE_C8_0T,total_displacement,Y,1.0,2.0,3.6637438761781736e-07,3.6679616289049514e-07,0.001149890089781822
R4_LHS_03,physics,20260813,BASE_C8_0T,total_displacement,Y,2.0,5.0,1.37044676146645e-07,1.3770793488775594e-07,0.004816416291853883
R4_LHS_03,physics,20260813,BASE_C8_0T,total_displacement,Y,5.0,10.0,1.5027804609002856e-09,1.5028591420640073e-09,5.2354316861425485e-05
R4_LHS_03,physics,20260813,BASE_C8_0T,total_displacement,Y,10.0,20.0,4.553506334019955e-10,4.389465615851994e-10,0.037371455326030735
R4_LHS_03,physics,20260813,BASE_C8_0T,incremental_velocity,Y,0.0,0.5,0.0,0.0,0.0
R4_LHS_03,physics,20260813,BASE_C8_0T,incremental_velocity,Y,0.5,1.0,0.0,0.0,0.0
R4_LHS_03,physics,20260813,BASE_C8_0T,incremental_velocity,Y,1.0,2.0,0.0,0.0,0.0
R4_LHS_03,physics,20260813,BASE_C8_0T,incremental_velocity,Y,2.0,5.0,0.0,0.0,0.0
R4_LHS_03,physics,20260813,BASE_C8_0T,incremental_velocity,Y,5.0,10.0,0.0,0.0,0.0
R4_LHS_03,physics,20260813,BASE_C8_0T,incremental_velocity,Y,10.0,20.0,0.0,0.0,0.0
R4_LHS_03,physics,20260813,BASE_C8_0T,total_displacement,Z,0.0,0.5,3.8252635829929054e-08,1.1382699658979797e-11,3359.594320851785
R4_LHS_03,physics,20260813,BASE_C8_0T,total_displacement,Z,0.5,1.0,1.3641484232346985e-10,1.165328267318061e-10,0.17061300364249396
R4_LHS_03,physics,20260813,BASE_C8_0T,total_displacement,Z,1.0,2.0,2.0828122417815229e-07,2.0863415787670136e-07,0.001691639097552054
R4_LHS_03,physics,20260813,BASE_C8_0T,total_displacement,Z,2.0,5.0,3.670850883856441e-08,3.6611606528861337e-08,0.0026467647527753813
R4_LHS_03,physics,20260813,BASE_C8_0T,total_displacement,Z,5.0,10.0,3.863137915190543e-10,3.719556870043029e-10,0.03860165341304561
R4_LHS_03,physics,20260813,BASE_C8_0T,total_displacement,Z,10.0,20.0,1.010290021569215e-10,8.914933105901207e-11,0.13325586358068953
R4_LHS_03,physics,20260813,BASE_C8_0T,incremental_velocity,Z,0.0,0.5,0.0,0.0,0.0
R4_LHS_03,physics,20260813,BASE_C8_0T,incremental_velocity,Z,0.5,1.0,0.0,0.0,0.0
R4_LHS_03,physics,20260813,BASE_C8_0T,incremental_velocity,Z,1.0,2.0,0.0,0.0,0.0
R4_LHS_03,physics,20260813,BASE_C8_0T,incremental_velocity,Z,2.0,5.0,0.0,0.0,0.0
R4_LHS_03,physics,20260813,BASE_C8_0T,incremental_velocity,Z,5.0,10.0,0.0,0.0,0.0
R4_LHS_03,physics,20260813,BASE_C8_0T,incremental_velocity,Z,10.0,20.0,0.0,0.0,0.0
R4_LHS_03,physics,20260813,V40_A_E1_C4_2T,total_displacement,X,0.0,0.5,4.079024304042308e-07,3.589593051480441e-07,0.13634728102674845
R4_LHS_03,physics,20260813,V40_A_E1_C4_2T,total_displacement,X,0.5,1.0,1.067009939558175e-09,1.8155075453912883e-09,0.4122800853861463
R4_LHS_03,physics,20260813,V40_A_E1_C4_2T,total_displacement,X,1.0,2.0,3.9365997578916495e-10,7.94379676295443e-10,0.504443545654413
R4_LHS_03,physics,20260813,V40_A_E1_C4_2T,total_displacement,X,2.0,5.0,2.1669066081211067e-10,1.0308723313063379e-10,1.1020125793609845
R4_LHS_03,physics,20260813,V40_A_E1_C4_2T,total_displacement,X,5.0,10.0,1.9882226375732266e-10,1.567744005377963e-10,0.26820618082598985
R4_LHS_03,physics,20260813,V40_A_E1_C4_2T,total_displacement,X,10.0,20.0,7.146849617021455e-11,2.4456365011735548e-11,1.9222861261646986
R4_LHS_03,physics,20260813,V40_A_E1_C4_2T,incremental_velocity,X,0.0,0.5,1.7246867100353586e-07,1.508206733857017e-07,0.14353468348780407
R4_LHS_03,physics,20260813,V40_A_E1_C4_2T,incremental_velocity,X,0.5,1.0,1.9634381300017903e-08,2.6026779702653426e-08,0.2456085030751545
R4_LHS_03,physics,20260813,V40_A_E1_C4_2T,incremental_velocity,X,1.0,2.0,3.707743808712712e-08,4.2231774188365435e-08,0.12204877015700415
R4_LHS_03,physics,20260813,V40_A_E1_C4_2T,incremental_velocity,X,2.0,5.0,1.0978658365426655e-08,1.2398526365546063e-08,0.11451909350009867
R4_LHS_03,physics,20260813,V40_A_E1_C4_2T,incremental_velocity,X,5.0,10.0,3.2970304603968744e-07,3.1352199626086434e-07,0.05161057269283187
R4_LHS_03,physics,20260813,V40_A_E1_C4_2T,incremental_velocity,X,10.0,20.0,2.589811794359181e-08,4.122215676123537e-08,0.3717427718884916
R4_LHS_03,physics,20260813,V40_A_E1_C4_2T,total_displacement,Y,0.0,0.5,0.0001421331553207258,0.00012850553811204112,0.1060469253613262
R4_LHS_03,physics,20260813,V40_A_E1_C4_2T,total_displacement,Y,0.5,1.0,3.469194639766355e-08,1.1323379801021719e-07,0.6936255163450998
R4_LHS_03,physics,20260813,V40_A_E1_C4_2T,total_displacement,Y,1.0,2.0,2.9234372539566726e-08,5.9517148726312836e-08,0.5088075762163979
R4_LHS_03,physics,20260813,V40_A_E1_C4_2T,total_displacement,Y,2.0,5.0,2.1713370393026202e-08,2.3081403294345633e-08,0.05926991889849976
R4_LHS_03,physics,20260813,V40_A_E1_C4_2T,total_displacement,Y,5.0,10.0,1.0014350530714725e-08,4.91744375097457e-09,1.0364951869007184
R4_LHS_03,physics,20260813,V40_A_E1_C4_2T,total_displacement,Y,10.0,20.0,3.421434243217443e-09,9.617325507301159e-10,2.5575735069172842
R4_LHS_03,physics,20260813,V40_A_E1_C4_2T,incremental_velocity,Y,0.0,0.5,3.042718287711518e-05,2.9256410778969236e-05,0.04001762577751147
R4_LHS_03,physics,20260813,V40_A_E1_C4_2T,incremental_velocity,Y,0.5,1.0,1.1622262713335308e-06,1.9009134029943193e-06,0.38859588790168365
R4_LHS_03,physics,20260813,V40_A_E1_C4_2T,incremental_velocity,Y,1.0,2.0,2.0042857505676474e-06,2.9075416623027455e-06,0.31065966257547206
R4_LHS_03,physics,20260813,V40_A_E1_C4_2T,incremental_velocity,Y,2.0,5.0,5.66150959925632e-07,1.188851451728676e-06,0.5237832623222964
R4_LHS_03,physics,20260813,V40_A_E1_C4_2T,incremental_velocity,Y,5.0,10.0,8.534786101383623e-06,8.702475265734553e-06,0.019269134267028008
R4_LHS_03,physics,20260813,V40_A_E1_C4_2T,incremental_velocity,Y,10.0,20.0,4.5697806934995606e-06,5.809878445065812e-06,0.21344641945468512
R4_LHS_03,physics,20260813,V40_A_E1_C4_2T,total_displacement,Z,0.0,0.5,7.43736492623444e-05,6.541887219228547e-05,0.13688369685949622
R4_LHS_03,physics,20260813,V40_A_E1_C4_2T,total_displacement,Z,0.5,1.0,1.879673603185465e-08,1.103196035032668e-08,0.7038436900562317
R4_LHS_03,physics,20260813,V40_A_E1_C4_2T,total_displacement,Z,1.0,2.0,6.213976538064307e-08,6.344954060536315e-08,0.020642784994559307
R4_LHS_03,physics,20260813,V40_A_E1_C4_2T,total_displacement,Z,2.0,5.0,1.8190514102875256e-08,1.659843344230413e-08,0.0959175253559422
R4_LHS_03,physics,20260813,V40_A_E1_C4_2T,total_displacement,Z,5.0,10.0,5.902803908075326e-09,4.67403342242218e-09,0.262892960875828
R4_LHS_03,physics,20260813,V40_A_E1_C4_2T,total_displacement,Z,10.0,20.0,2.058769277675169e-09,3.51789803862949e-10,4.852271029655052
R4_LHS_03,physics,20260813,V40_A_E1_C4_2T,incremental_velocity,Z,0.0,0.5,1.6419264114185668e-05,1.693027842540358e-05,0.030183455840344924
R4_LHS_03,physics,20260813,V40_A_E1_C4_2T,incremental_velocity,Z,0.5,1.0,1.7362419926242214e-07,1.561351576033753e-07,0.11201219461073365
R4_LHS_03,physics,20260813,V40_A_E1_C4_2T,incremental_velocity,Z,1.0,2.0,1.3763298664992819e-06,1.573804344738018e-06,0.12547587563790125
R4_LHS_03,physics,20260813,V40_A_E1_C4_2T,incremental_velocity,Z,2.0,5.0,1.4429778474885002e-07,3.09757510965076e-07,0.5341588835109181
R4_LHS_03,physics,20260813,V40_A_E1_C4_2T,incremental_velocity,Z,5.0,10.0,1.2964652386046579e-05,1.0921660550244044e-05,0.1870587193590158
R4_LHS_03,physics,20260813,V40_A_E1_C4_2T,incremental_velocity,Z,10.0,20.0,8.763527949150365e-07,1.934192955866691e-06,0.5469155276070415
R4_LHS_03,physics,20260813,V40_B_E1_C4_2T,total_displacement,X,0.0,0.5,5.46947690727871e-07,5.516270073049776e-07,0.008482754678687343
R4_LHS_03,physics,20260813,V40_B_E1_C4_2T,total_displacement,X,0.5,1.0,9.968866069388315e-10,2.6425469361976904e-09,0.6227553829665435
R4_LHS_03,physics,20260813,V40_B_E1_C4_2T,total_displacement,X,1.0,2.0,4.3791388407984447e-10,1.0652799264414173e-09,0.5889213030206041
R4_LHS_03,physics,20260813,V40_B_E1_C4_2T,total_displacement,X,2.0,5.0,2.3262659890949634e-10,1.2007924176110564e-10,0.9372757147509357
R4_LHS_03,physics,20260813,V40_B_E1_C4_2T,total_displacement,X,5.0,10.0,2.8387450172816493e-10,2.421480904962731e-10,0.17231773806836614
R4_LHS_03,physics,20260813,V40_B_E1_C4_2T,total_displacement,X,10.0,20.0,1.3022565031702913e-10,2.67532632169816e-11,3.8676548075962773
R4_LHS_03,physics,20260813,V40_B_E1_C4_2T,incremental_velocity,X,0.0,0.5,2.584143877732814e-07,2.3330588327023955e-07,0.10762053725819902
R4_LHS_03,physics,20260813,V40_B_E1_C4_2T,incremental_velocity,X,0.5,1.0,3.1634575089000556e-08,3.9400481707855845e-08,0.19710181912082786
R4_LHS_03,physics,20260813,V40_B_E1_C4_2T,incremental_velocity,X,1.0,2.0,5.0298320497992806e-08,6.195406215247584e-08,0.1881352287408848
R4_LHS_03,physics,20260813,V40_B_E1_C4_2T,incremental_velocity,X,2.0,5.0,1.9505228316030856e-08,1.8562228746860453e-08,0.050802065960419696
R4_LHS_03,physics,20260813,V40_B_E1_C4_2T,incremental_velocity,X,5.0,10.0,4.987592359341739e-07,5.203009269740721e-07,0.0414023691350672
R4_LHS_03,physics,20260813,V40_B_E1_C4_2T,incremental_velocity,X,10.0,20.0,4.312601781561159e-08,6.348896727064468e-08,0.3207320945736706
R4_LHS_03,physics,20260813,V40_B_E1_C4_2T,total_displacement,Y,0.0,0.5,0.00020097290509131106,0.0002007857454416307,0.000932136139787784
R4_LHS_03,physics,20260813,V40_B_E1_C4_2T,total_displacement,Y,0.5,1.0,4.5747712828605224e-08,1.7679895792543228e-07,0.7412444430362535
R4_LHS_03,physics,20260813,V40_B_E1_C4_2T,total_displacement,Y,1.0,2.0,3.85175268347949e-08,8.541226320347732e-08,0.5490398522395463
R4_LHS_03,physics,20260813,V40_B_E1_C4_2T,total_displacement,Y,2.0,5.0,2.207636099276557e-08,2.3998659663271756e-08,0.08010025132562418
R4_LHS_03,physics,20260813,V40_B_E1_C4_2T,total_displacement,Y,5.0,10.0,1.4394806317417881e-08,6.726764939776492e-09,1.1399300326816793
R4_LHS_03,physics,20260813,V40_B_E1_C4_2T,total_displacement,Y,10.0,20.0,5.432784163213985e-09,1.2725528601664025e-09,3.2692011729112602
R4_LHS_03,physics,20260813,V40_B_E1_C4_2T,incremental_velocity,Y,0.0,0.5,4.82159724149255e-05,4.570392361873769e-05,0.054963526045232504
R4_LHS_03,physics,20260813,V40_B_E1_C4_2T,incremental_velocity,Y,0.5,1.0,1.8789746693927654e-06,2.9465991852804473e-06,0.3623243097401688
R4_LHS_03,physics,20260813,V40_B_E1_C4_2T,incremental_velocity,Y,1.0,2.0,3.088297873870354e-06,4.523420157957676e-06,0.3172648646318275
R4_LHS_03,physics,20260813,V40_B_E1_C4_2T,incremental_velocity,Y,2.0,5.0,7.30306109704232e-07,1.5008299593100878e-06,0.5133984998274259
R4_LHS_03,physics,20260813,V40_B_E1_C4_2T,incremental_velocity,Y,5.0,10.0,1.2664132721391383e-05,1.3034978705934856e-05,0.028450064469581777
R4_LHS_03,physics,20260813,V40_B_E1_C4_2T,incremental_velocity,Y,10.0,20.0,7.283592441744913e-06,8.866800465813202e-06,0.17855460153552563
R4_LHS_03,physics,20260813,V40_B_E1_C4_2T,total_displacement,Z,0.0,0.5,0.00010217244923464549,0.00010217093100810185,1.4859672204835617e-05
R4_LHS_03,physics,20260813,V40_B_E1_C4_2T,total_displacement,Z,0.5,1.0,2.3345442089799184e-08,1.6222198527585216e-08,0.43910469657372087
R4_LHS_03,physics,20260813,V40_B_E1_C4_2T,total_displacement,Z,1.0,2.0,7.649516765045358e-08,7.333074337598316e-08,0.043152764158488115
R4_LHS_03,physics,20260813,V40_B_E1_C4_2T,total_displacement,Z,2.0,5.0,2.1857541799267054e-08,1.6702495378539324e-08,0.30863929633839854
R4_LHS_03,physics,20260813,V40_B_E1_C4_2T,total_displacement,Z,5.0,10.0,8.443206875164413e-09,7.928123977584055e-09,0.06496907705236458
R4_LHS_03,physics,20260813,V40_B_E1_C4_2T,total_displacement,Z,10.0,20.0,3.5455644765553825e-09,4.510351040059506e-10,6.860950167880071
R4_LHS_03,physics,20260813,V40_B_E1_C4_2T,incremental_velocity,Z,0.0,0.5,2.6868252077877944e-05,2.644365033308058e-05,0.01605685067867478
R4_LHS_03,physics,20260813,V40_B_E1_C4_2T,incremental_velocity,Z,0.5,1.0,2.617614438795114e-07,2.3672945861703875e-07,0.10574089683940567
R4_LHS_03,physics,20260813,V40_B_E1_C4_2T,incremental_velocity,Z,1.0,2.0,2.1829358578536265e-06,2.452030838275532e-06,0.1097437178282615
R4_LHS_03,physics,20260813,V40_B_E1_C4_2T,incremental_velocity,Z,2.0,5.0,1.3706714842417637e-07,3.818765547947346e-07,0.6410694851433015
R4_LHS_03,physics,20260813,V40_B_E1_C4_2T,incremental_velocity,Z,5.0,10.0,2.015358365161938e-05,1.9397010015750047e-05,0.039004652534334286
R4_LHS_03,physics,20260813,V40_B_E1_C4_2T,incremental_velocity,Z,10.0,20.0,1.463356181170866e-06,3.12961265347779e-06,0.5324161986804636
R4_LHS_03,physics,20260813,V40_CPLUS_E1_C4_2T,total_displacement,X,0.0,0.5,1.226756234750893e-06,1.268387152141322e-06,0.032821932420355006
R4_LHS_03,physics,20260813,V40_CPLUS_E1_C4_2T,total_displacement,X,0.5,1.0,1.3437830106680741e-09,1.7629256348753165e-09,0.2377540015956977
R4_LHS_03,physics,20260813,V40_CPLUS_E1_C4_2T,total_displacement,X,1.0,2.0,7.960594571357255e-10,2.1351379675303216e-09,0.6271625209978753
R4_LHS_03,physics,20260813,V40_CPLUS_E1_C4_2T,total_displacement,X,2.0,5.0,3.697294624337146e-10,1.884793871189115e-10,0.9616440189316436
R4_LHS_03,physics,20260813,V40_CPLUS_E1_C4_2T,total_displacement,X,5.0,10.0,6.074338504783481e-10,4.704701410404318e-10,0.29112093943948236
R4_LHS_03,physics,20260813,V40_CPLUS_E1_C4_2T,total_displacement,X,10.0,20.0,2.826694114720444e-10,3.485280248326182e-11,7.110378257467168
R4_LHS_03,physics,20260813,V40_CPLUS_E1_C4_2T,incremental_velocity,X,0.0,0.5,5.579069571133709e-07,5.408610922586727e-07,0.031516160246457224
R4_LHS_03,physics,20260813,V40_CPLUS_E1_C4_2T,incremental_velocity,X,0.5,1.0,2.6116845342861565e-08,2.953276252099224e-08,0.11566534541774069
R4_LHS_03,physics,20260813,V40_CPLUS_E1_C4_2T,incremental_velocity,X,1.0,2.0,8.335631880179772e-08,1.3737366258322077e-07,0.3932147018989132
R4_LHS_03,physics,20260813,V40_CPLUS_E1_C4_2T,incremental_velocity,X,2.0,5.0,3.884648410883461e-08,4.744342560963935e-08,0.1812040633730724
R4_LHS_03,physics,20260813,V40_CPLUS_E1_C4_2T,incremental_velocity,X,5.0,10.0,1.0018523647243725e-06,1.0725802557306004e-06,0.0659418170606271
R4_LHS_03,physics,20260813,V40_CPLUS_E1_C4_2T,incremental_velocity,X,10.0,20.0,1.1063041058969016e-07,1.4826713445760997e-07,0.253844009365948
R4_LHS_03,physics,20260813,V40_CPLUS_E1_C4_2T,total_displacement,Y,0.0,0.5,0.0004586180408997656,0.0004695838263862466,0.02335213623277835
R4_LHS_03,physics,20260813,V40_CPLUS_E1_C4_2T,total_displacement,Y,0.5,1.0,7.635857904713375e-08,1.1866850715328938e-07,0.35653880815659045
R4_LHS_03,physics,20260813,V40_CPLUS_E1_C4_2T,total_displacement,Y,1.0,2.0,6.312084535505022e-08,1.90385693022588e-07,0.6684580424456508
R4_LHS_03,physics,20260813,V40_CPLUS_E1_C4_2T,total_displacement,Y,2.0,5.0,2.4879453557008637e-08,2.7620056492644506e-08,0.09922510246732184
R4_LHS_03,physics,20260813,V40_CPLUS_E1_C4_2T,total_displacement,Y,5.0,10.0,3.550273469788662e-08,1.3184399445082276e-08,1.6927836073056017
R4_LHS_03,physics,20260813,V40_CPLUS_E1_C4_2T,total_displacement,Y,10.0,20.0,1.4225709505280112e-08,2.4147161023314873e-09,4.891255494401484
R4_LHS_03,physics,20260813,V40_CPLUS_E1_C4_2T,incremental_velocity,Y,0.0,0.5,0.00011480992682244944,0.00010700371684160675,0.072952699319762
R4_LHS_03,physics,20260813,V40_CPLUS_E1_C4_2T,incremental_velocity,Y,0.5,1.0,1.7504955241571889e-06,2.399324137219921e-06,0.2704214086782476
R4_LHS_03,physics,20260813,V40_CPLUS_E1_C4_2T,incremental_velocity,Y,1.0,2.0,7.234497202038555e-06,1.1098247188607968e-05,0.3481405595773215
R4_LHS_03,physics,20260813,V40_CPLUS_E1_C4_2T,incremental_velocity,Y,2.0,5.0,1.6801036923543707e-06,2.668902654308913e-06,0.3704889574590282
R4_LHS_03,physics,20260813,V40_CPLUS_E1_C4_2T,incremental_velocity,Y,5.0,10.0,2.6671636476246706e-05,2.873455402340675e-05,0.07179222428437977
R4_LHS_03,physics,20260813,V40_CPLUS_E1_C4_2T,incremental_velocity,Y,10.0,20.0,1.880687454435061e-05,2.0954864817430657e-05,0.1025055657382866
R4_LHS_03,physics,20260813,V40_CPLUS_E1_C4_2T,total_displacement,Z,0.0,0.5,0.00023359015916293112,0.00023888326019711736,0.022157689198559073
R4_LHS_03,physics,20260813,V40_CPLUS_E1_C4_2T,total_displacement,Z,0.5,1.0,2.8653468355527355e-08,1.034750835482965e-08,1.769117682534026
R4_LHS_03,physics,20260813,V40_CPLUS_E1_C4_2T,total_displacement,Z,1.0,2.0,9.24458412457938e-08,1.0722258223860516e-07,0.13781370196744835
R4_LHS_03,physics,20260813,V40_CPLUS_E1_C4_2T,total_displacement,Z,2.0,5.0,2.0458833481073588e-08,1.7340363753090116e-08,0.179838772264956
R4_LHS_03,physics,20260813,V40_CPLUS_E1_C4_2T,total_displacement,Z,5.0,10.0,1.7233760919396713e-08,1.795506796924303e-08,0.04017289442077929
R4_LHS_03,physics,20260813,V40_CPLUS_E1_C4_2T,total_displacement,Z,10.0,20.0,8.161559736048992e-09,8.849472001420793e-10,8.222651627960001
R4_LHS_03,physics,20260813,V40_CPLUS_E1_C4_2T,incremental_velocity,Z,0.0,0.5,6.350974494804184e-05,6.198558729107125e-05,0.024588904027213067
R4_LHS_03,physics,20260813,V40_CPLUS_E1_C4_2T,incremental_velocity,Z,0.5,1.0,1.9464426476558778e-07,1.6646703753079717e-07,0.16926610608768528
R4_LHS_03,physics,20260813,V40_CPLUS_E1_C4_2T,incremental_velocity,Z,1.0,2.0,3.7730713035779324e-06,5.5217173094872515e-06,0.3166851738144666
R4_LHS_03,physics,20260813,V40_CPLUS_E1_C4_2T,incremental_velocity,Z,2.0,5.0,3.2721604055239346e-07,5.901024861981799e-07,0.44549286233221985
R4_LHS_03,physics,20260813,V40_CPLUS_E1_C4_2T,incremental_velocity,Z,5.0,10.0,4.292610202565912e-05,4.554203004336357e-05,0.05743986412581187
R4_LHS_03,physics,20260813,V40_CPLUS_E1_C4_2T,incremental_velocity,Z,10.0,20.0,3.81626297758435e-06,8.025276901605017e-06,0.5244696196313032
R4_LHS_03,physics,20260813,V40_C_E1_C4_2T,total_displacement,X,0.0,0.5,7.710194722439843e-07,7.870567723580312e-07,0.020376293905710312
R4_LHS_03,physics,20260813,V40_C_E1_C4_2T,total_displacement,X,0.5,1.0,1.363371821766765e-09,3.6516454999962704e-09,0.6266417915517382
R4_LHS_03,physics,20260813,V40_C_E1_C4_2T,total_displacement,X,1.0,2.0,5.141432459719154e-10,1.3992539493625435e-09,0.632559017463454
R4_LHS_03,physics,20260813,V40_C_E1_C4_2T,total_displacement,X,2.0,5.0,2.4760186106989465e-10,1.4040175627722783e-10,0.7635239589239663
R4_LHS_03,physics,20260813,V40_C_E1_C4_2T,total_displacement,X,5.0,10.0,3.8157649610326873e-10,3.4910913589940415e-10,0.09300060315012795
R4_LHS_03,physics,20260813,V40_C_E1_C4_2T,total_displacement,X,10.0,20.0,1.823463831308475e-10,2.969852170225405e-11,5.139914469783452
R4_LHS_03,physics,20260813,V40_C_E1_C4_2T,incremental_velocity,X,0.0,0.5,3.613049877267398e-07,3.344375673982375e-07,0.08033613130701141
R4_LHS_03,physics,20260813,V40_C_E1_C4_2T,incremental_velocity,X,0.5,1.0,4.459589359096705e-08,5.583762331404193e-08,0.2013289437454948
R4_LHS_03,physics,20260813,V40_C_E1_C4_2T,incremental_velocity,X,1.0,2.0,6.2662532511365e-08,8.623920714191172e-08,0.2733869595038125
R4_LHS_03,physics,20260813,V40_C_E1_C4_2T,incremental_velocity,X,2.0,5.0,2.7613760466865884e-08,2.693207673436764e-08,0.025311220490782195
R4_LHS_03,physics,20260813,V40_C_E1_C4_2T,incremental_velocity,X,5.0,10.0,7.630922507225335e-07,7.88111723876902e-07,0.031746099437896885
R4_LHS_03,physics,20260813,V40_C_E1_C4_2T,incremental_velocity,X,10.0,20.0,6.758025170788613e-08,9.371598442968761e-08,0.27888233667769197
R4_LHS_03,physics,20260813,V40_C_E1_C4_2T,total_displacement,Y,0.0,0.5,0.00028516783748997723,0.0002891282888579702,0.013697903389655758
R4_LHS_03,physics,20260813,V40_C_E1_C4_2T,total_displacement,Y,0.5,1.0,7.198966788589526e-08,2.5456940041581983e-07,0.7172100505076197
R4_LHS_03,physics,20260813,V40_C_E1_C4_2T,total_displacement,Y,1.0,2.0,4.580133065855173e-08,1.1731460817128008e-07,0.6095854440251679
R4_LHS_03,physics,20260813,V40_C_E1_C4_2T,total_displacement,Y,2.0,5.0,2.3759864117810132e-08,2.5271605866338737e-08,0.05981977388078111
R4_LHS_03,physics,20260813,V40_C_E1_C4_2T,total_displacement,Y,5.0,10.0,2.1251462760890316e-08,8.860233421219826e-09,1.3985217714461227
R4_LHS_03,physics,20260813,V40_C_E1_C4_2T,total_displacement,Y,10.0,20.0,8.988726844679682e-09,1.7218427302653818e-09,4.220411066981872
R4_LHS_03,physics,20260813,V40_C_E1_C4_2T,incremental_velocity,Y,0.0,0.5,6.960502214406045e-05,6.58149068572349e-05,0.057587489944292365
R4_LHS_03,physics,20260813,V40_C_E1_C4_2T,incremental_velocity,Y,0.5,1.0,2.720900769165276e-06,4.259811018984744e-06,0.3612625637524742
R4_LHS_03,physics,20260813,V40_C_E1_C4_2T,incremental_velocity,Y,1.0,2.0,4.67795939244124e-06,6.5023018983503535e-06,0.2805687177293249
R4_LHS_03,physics,20260813,V40_C_E1_C4_2T,incremental_velocity,Y,2.0,5.0,1.0106575443535556e-06,1.819018894042302e-06,0.44439414694169066
R4_LHS_03,physics,20260813,V40_C_E1_C4_2T,incremental_velocity,Y,5.0,10.0,1.9592878937453582e-05,1.8041492062353966e-05,0.08598994305669411
R4_LHS_03,physics,20260813,V40_C_E1_C4_2T,incremental_velocity,Y,10.0,20.0,1.15221080657291e-05,1.318962915727706e-05,0.126426685061721
R4_LHS_03,physics,20260813,V40_C_E1_C4_2T,total_displacement,Z,0.0,0.5,0.00014581101545487135,0.00014708929475193438,0.008690498511253593
R4_LHS_03,physics,20260813,V40_C_E1_C4_2T,total_displacement,Z,0.5,1.0,3.526255217881013e-08,2.2545504931931016e-08,0.5640613188870329
R4_LHS_03,physics,20260813,V40_C_E1_C4_2T,total_displacement,Z,1.0,2.0,8.343146359180886e-08,8.635824939969112e-08,0.03389121280511657
R4_LHS_03,physics,20260813,V40_C_E1_C4_2T,total_displacement,Z,2.0,5.0,2.2613836216682133e-08,1.679990447339191e-08,0.34606933345951274
R4_LHS_03,physics,20260813,V40_C_E1_C4_2T,total_displacement,Z,5.0,10.0,1.2430098985446189e-08,1.2988744915983604e-08,0.04301000090085382
R4_LHS_03,physics,20260813,V40_C_E1_C4_2T,total_displacement,Z,10.0,20.0,5.762074182695582e-09,6.181320757311096e-10,8.321752435966632
R4_LHS_03,physics,20260813,V40_C_E1_C4_2T,incremental_velocity,Z,0.0,0.5,3.912391206030205e-05,3.806471802357676e-05,0.027826136425580256
R4_LHS_03,physics,20260813,V40_C_E1_C4_2T,incremental_velocity,Z,0.5,1.0,3.6424982351652163e-07,3.3664153015759516e-07,0.08201095493476977
R4_LHS_03,physics,20260813,V40_C_E1_C4_2T,incremental_velocity,Z,1.0,2.0,3.1640334694578695e-06,3.616270246976112e-06,0.12505613425777523
R4_LHS_03,physics,20260813,V40_C_E1_C4_2T,incremental_velocity,Z,2.0,5.0,1.796813634544197e-07,4.2349260444818383e-07,0.5757154633466463
R4_LHS_03,physics,20260813,V40_C_E1_C4_2T,incremental_velocity,Z,5.0,10.0,3.1650318746650205e-05,3.241216407490738e-05,0.02350492014345245
R4_LHS_03,physics,20260813,V40_C_E1_C4_2T,incremental_velocity,Z,10.0,20.0,2.385807590108076e-06,5.065093331461406e-06,0.5289706558240831
R4_LHS_03,physics,20260813,V52_A_E1_C4_2T,total_displacement,X,0.0,0.5,2.5675435164584836e-07,2.830998234172583e-07,0.09306071425053346
R4_LHS_03,physics,20260813,V52_A_E1_C4_2T,total_displacement,X,0.5,1.0,1.1948087814715186e-09,1.8556322285029577e-09,0.35611768155404494
R4_LHS_03,physics,20260813,V52_A_E1_C4_2T,total_displacement,X,1.0,2.0,5.048266444526055e-10,6.674363384112681e-10,0.24363326447842273
R4_LHS_03,physics,20260813,V52_A_E1_C4_2T,total_displacement,X,2.0,5.0,1.83115222639252e-10,1.3635880835749303e-10,0.3428925116386856
R4_LHS_03,physics,20260813,V52_A_E1_C4_2T,total_displacement,X,5.0,10.0,1.1178015221965247e-10,6.40870637706933e-11,0.744192129313451
R4_LHS_03,physics,20260813,V52_A_E1_C4_2T,total_displacement,X,10.0,20.0,1.611596340841241e-10,5.188022435964233e-11,2.1063788962618735
R4_LHS_03,physics,20260813,V52_A_E1_C4_2T,incremental_velocity,X,0.0,0.5,1.8100101454279694e-07,1.8897182941040747e-07,0.04217991058497707
R4_LHS_03,physics,20260813,V52_A_E1_C4_2T,incremental_velocity,X,0.5,1.0,2.832017825725966e-08,3.597255313312954e-08,0.21272815547869167
R4_LHS_03,physics,20260813,V52_A_E1_C4_2T,incremental_velocity,X,1.0,2.0,2.9698503218132673e-08,4.271873169571084e-08,0.3047896779876884
R4_LHS_03,physics,20260813,V52_A_E1_C4_2T,incremental_velocity,X,2.0,5.0,2.3296659914349535e-08,2.6235977154317707e-08,0.11203383897917607
R4_LHS_03,physics,20260813,V52_A_E1_C4_2T,incremental_velocity,X,5.0,10.0,8.479453720637704e-08,9.353488842046582e-08,0.09344482429698775
R4_LHS_03,physics,20260813,V52_A_E1_C4_2T,incremental_velocity,X,10.0,20.0,1.747928109274405e-07,1.8811219928127758e-07,0.07080555330662558
R4_LHS_03,physics,20260813,V52_A_E1_C4_2T,total_displacement,Y,0.0,0.5,9.396427155618148e-05,0.0001025826542294725,0.08401403471206849
R4_LHS_03,physics,20260813,V52_A_E1_C4_2T,total_displacement,Y,0.5,1.0,6.581497968875277e-08,1.195061152821352e-07,0.44927521463337733
R4_LHS_03,physics,20260813,V52_A_E1_C4_2T,total_displacement,Y,1.0,2.0,3.160594293822869e-08,5.615334321315152e-08,0.4371493996669757
R4_LHS_03,physics,20260813,V52_A_E1_C4_2T,total_displacement,Y,2.0,5.0,2.3600012444788647e-08,2.5475710406065728e-08,0.07362691486830844
R4_LHS_03,physics,20260813,V52_A_E1_C4_2T,total_displacement,Y,5.0,10.0,5.214207457884903e-09,2.8847370426354096e-09,0.8075156871564829
R4_LHS_03,physics,20260813,V52_A_E1_C4_2T,total_displacement,Y,10.0,20.0,9.27381089582772e-09,4.306247358536759e-09,1.1535713403558205
R4_LHS_03,physics,20260813,V52_A_E1_C4_2T,incremental_velocity,Y,0.0,0.5,3.4653358800791475e-05,3.761555163244237e-05,0.07874915302574186
R4_LHS_03,physics,20260813,V52_A_E1_C4_2T,incremental_velocity,Y,0.5,1.0,1.8283388727694599e-06,2.7013907882497842e-06,0.3231860859516626
R4_LHS_03,physics,20260813,V52_A_E1_C4_2T,incremental_velocity,Y,1.0,2.0,2.640188207572191e-06,3.7676530168168614e-06,0.29924857841532876
R4_LHS_03,physics,20260813,V52_A_E1_C4_2T,incremental_velocity,Y,2.0,5.0,1.4343135985384156e-06,2.590480614933093e-06,0.4463137109499424
R4_LHS_03,physics,20260813,V52_A_E1_C4_2T,incremental_velocity,Y,5.0,10.0,4.3681468402090285e-06,4.37615172997885e-06,0.0018292075466634621
R4_LHS_03,physics,20260813,V52_A_E1_C4_2T,incremental_velocity,Y,10.0,20.0,2.3620400795631575e-05,2.3111291518057675e-05,0.02202859486135225
R4_LHS_03,physics,20260813,V52_A_E1_C4_2T,total_displacement,Z,0.0,0.5,4.848313879114904e-05,5.131688248980094e-05,0.055220495890706114
R4_LHS_03,physics,20260813,V52_A_E1_C4_2T,total_displacement,Z,0.5,1.0,2.379669506132304e-08,1.51810933072331e-08,0.5675218233448971
R4_LHS_03,physics,20260813,V52_A_E1_C4_2T,total_displacement,Z,1.0,2.0,6.099598554062882e-08,5.940643127389881e-08,0.026757275814149266
R4_LHS_03,physics,20260813,V52_A_E1_C4_2T,total_displacement,Z,2.0,5.0,1.784701537031809e-08,1.7370169944373398e-08,0.02745197240278883
R4_LHS_03,physics,20260813,V52_A_E1_C4_2T,total_displacement,Z,5.0,10.0,2.4917818396115115e-09,9.994803868572201e-10,1.4930772753297386
R4_LHS_03,physics,20260813,V52_A_E1_C4_2T,total_displacement,Z,10.0,20.0,5.230295139307844e-09,6.950220772032743e-10,6.525365468035529
R4_LHS_03,physics,20260813,V52_A_E1_C4_2T,incremental_velocity,Z,0.0,0.5,2.106510033456117e-05,2.2032639701465456e-05,0.043913910453495554
R4_LHS_03,physics,20260813,V52_A_E1_C4_2T,incremental_velocity,Z,0.5,1.0,2.9512646810618116e-07,2.817832843995711e-07,0.047352644551084594
R4_LHS_03,physics,20260813,V52_A_E1_C4_2T,incremental_velocity,Z,1.0,2.0,1.2203260108039148e-06,2.009899982947592e-06,0.3928424194450402
R4_LHS_03,physics,20260813,V52_A_E1_C4_2T,incremental_velocity,Z,2.0,5.0,2.6319006799647274e-07,6.874016704023217e-07,0.6171233220273772
R4_LHS_03,physics,20260813,V52_A_E1_C4_2T,incremental_velocity,Z,5.0,10.0,1.2418847823357037e-06,1.3535460680636305e-06,0.08249537150048264
R4_LHS_03,physics,20260813,V52_A_E1_C4_2T,incremental_velocity,Z,10.0,20.0,2.283852330301153e-06,3.834454538703347e-06,0.4043866455452991
R4_LHS_03,physics,20260813,V52_B_E1_C4_2T,total_displacement,X,0.0,0.5,4.268095815232801e-07,4.325815430313452e-07,0.013343060056648993
R4_LHS_03,physics,20260813,V52_B_E1_C4_2T,total_displacement,X,0.5,1.0,1.4421570755987828e-09,2.7358989456397504e-09,0.4728763363511019
R4_LHS_03,physics,20260813,V52_B_E1_C4_2T,total_displacement,X,1.0,2.0,5.407659466853209e-10,8.905707677461249e-10,0.39278722559701507
R4_LHS_03,physics,20260813,V52_B_E1_C4_2T,total_displacement,X,2.0,5.0,3.778574092413132e-10,1.7105737604207804e-10,1.2089512769584685
R4_LHS_03,physics,20260813,V52_B_E1_C4_2T,total_displacement,X,5.0,10.0,1.382325770698456e-10,8.229161457290865e-11,0.6797893416877177
R4_LHS_03,physics,20260813,V52_B_E1_C4_2T,total_displacement,X,10.0,20.0,1.9813439386461556e-10,6.852733651441479e-11,1.8913190551764376
R4_LHS_03,physics,20260813,V52_B_E1_C4_2T,incremental_velocity,X,0.0,0.5,2.646797773718509e-07,2.9294675621180877e-07,0.09649186495692084
R4_LHS_03,physics,20260813,V52_B_E1_C4_2T,incremental_velocity,X,0.5,1.0,4.209753031691102e-08,5.5471744803280215e-08,0.24109958202681842
R4_LHS_03,physics,20260813,V52_B_E1_C4_2T,incremental_velocity,X,1.0,2.0,4.3419301045675285e-08,6.153449982329096e-08,0.2943909323978778
R4_LHS_03,physics,20260813,V52_B_E1_C4_2T,incremental_velocity,X,2.0,5.0,3.2658595946008715e-08,4.1334079070014016e-08,0.2098869339585448
R4_LHS_03,physics,20260813,V52_B_E1_C4_2T,incremental_velocity,X,5.0,10.0,1.20933391004114e-07,1.427989377142978e-07,0.15312121406624796
R4_LHS_03,physics,20260813,V52_B_E1_C4_2T,incremental_velocity,X,10.0,20.0,2.5412836478889055e-07,2.8375737572387685e-07,0.10441670761650322
R4_LHS_03,physics,20260813,V52_B_E1_C4_2T,total_displacement,Y,0.0,0.5,0.00014972650017233363,0.00016028219023949853,0.06585691180905547
R4_LHS_03,physics,20260813,V52_B_E1_C4_2T,total_displacement,Y,0.5,1.0,8.529321585031963e-08,1.8670625265654386e-07,0.5431689371045272
R4_LHS_03,physics,20260813,V52_B_E1_C4_2T,total_displacement,Y,1.0,2.0,3.2981003861897615e-08,8.016661464737087e-08,0.5885942794644472
R4_LHS_03,physics,20260813,V52_B_E1_C4_2T,total_displacement,Y,2.0,5.0,2.4666015081122736e-08,2.7856081702567766e-08,0.11451957441491029
R4_LHS_03,physics,20260813,V52_B_E1_C4_2T,total_displacement,Y,5.0,10.0,7.3295680941021995e-09,3.5994965311635415e-09,1.03627591543557
R4_LHS_03,physics,20260813,V52_B_E1_C4_2T,total_displacement,Y,10.0,20.0,1.3380861075467517e-08,6.297514576610359e-09,1.1247844546744619
R4_LHS_03,physics,20260813,V52_B_E1_C4_2T,incremental_velocity,Y,0.0,0.5,5.374799503252668e-05,5.87801968152676e-05,0.08561049563266943
R4_LHS_03,physics,20260813,V52_B_E1_C4_2T,incremental_velocity,Y,0.5,1.0,2.559728734083747e-06,4.219096773975762e-06,0.3932993550011298
R4_LHS_03,physics,20260813,V52_B_E1_C4_2T,incremental_velocity,Y,1.0,2.0,4.113364039168444e-06,5.799819967369959e-06,0.2907772892416643
R4_LHS_03,physics,20260813,V52_B_E1_C4_2T,incremental_velocity,Y,2.0,5.0,1.3874132031716226e-06,3.4040061872286066e-06,0.5924175436645742
R4_LHS_03,physics,20260813,V52_B_E1_C4_2T,incremental_velocity,Y,5.0,10.0,6.5569979797677604e-06,6.495218149142818e-06,0.009511586709846788
R4_LHS_03,physics,20260813,V52_B_E1_C4_2T,incremental_velocity,Y,10.0,20.0,3.547263351584934e-05,3.4590012176991524e-05,0.025516653025202313
R4_LHS_03,physics,20260813,V52_B_E1_C4_2T,total_displacement,Z,0.0,0.5,7.536481779927649e-05,8.013654332666115e-05,0.05954493829280406
R4_LHS_03,physics,20260813,V52_B_E1_C4_2T,total_displacement,Z,0.5,1.0,3.32145305652846e-08,2.2769814854034047e-08,0.4587088554828588
R4_LHS_03,physics,20260813,V52_B_E1_C4_2T,total_displacement,Z,1.0,2.0,6.417798320533971e-08,6.728784258987377e-08,0.04621725507665574
R4_LHS_03,physics,20260813,V52_B_E1_C4_2T,total_displacement,Z,2.0,5.0,1.8605680939855998e-08,1.7707112395369804e-08,0.05074619307895501
R4_LHS_03,physics,20260813,V52_B_E1_C4_2T,total_displacement,Z,5.0,10.0,4.378117445322153e-09,1.3087435010959436e-09,2.345283045650971
R4_LHS_03,physics,20260813,V52_B_E1_C4_2T,total_displacement,Z,10.0,20.0,7.841349608669724e-09,9.518520487025025e-10,7.2379920486156415
R4_LHS_03,physics,20260813,V52_B_E1_C4_2T,incremental_velocity,Z,0.0,0.5,3.514388182625726e-05,3.44126097467787e-05,0.021250119792121037
R4_LHS_03,physics,20260813,V52_B_E1_C4_2T,incremental_velocity,Z,0.5,1.0,4.201658121806688e-07,4.348333831778351e-07,0.033731474087783424
R4_LHS_03,physics,20260813,V52_B_E1_C4_2T,incremental_velocity,Z,1.0,2.0,1.9036164457649676e-06,2.725190893679588e-06,0.3014740911618562
R4_LHS_03,physics,20260813,V52_B_E1_C4_2T,incremental_velocity,Z,2.0,5.0,1.6753113009173974e-07,8.054864398975298e-07,0.7920124761963065
R4_LHS_03,physics,20260813,V52_B_E1_C4_2T,incremental_velocity,Z,5.0,10.0,1.9143790032158223e-06,2.1500413633167335e-06,0.109608291320205
R4_LHS_03,physics,20260813,V52_B_E1_C4_2T,incremental_velocity,Z,10.0,20.0,3.1835275100481574e-06,5.6874337481455025e-06,0.44025237901255415
R4_LHS_03,physics,20260813,V52_CPLUS_E1_C4_2T,total_displacement,X,0.0,0.5,9.035245739780739e-07,9.883778994468947e-07,0.08585109553370779
R4_LHS_03,physics,20260813,V52_CPLUS_E1_C4_2T,total_displacement,X,0.5,1.0,2.022618919422444e-09,2.2174957290881968e-09,0.08788148139788463
R4_LHS_03,physics,20260813,V52_CPLUS_E1_C4_2T,total_displacement,X,1.0,2.0,1.0073194919508343e-09,1.810588316337212e-09,0.44365072785368254
R4_LHS_03,physics,20260813,V52_CPLUS_E1_C4_2T,total_displacement,X,2.0,5.0,2.946457796386147e-10,2.9990858504888033e-10,0.017548031875806027
R4_LHS_03,physics,20260813,V52_CPLUS_E1_C4_2T,total_displacement,X,5.0,10.0,2.699232027236833e-10,1.5103439596856096e-10,0.7871637847306652
R4_LHS_03,physics,20260813,V52_CPLUS_E1_C4_2T,total_displacement,X,10.0,20.0,5.030710813289691e-10,1.2474799959564653e-10,3.0326985840222274
R4_LHS_03,physics,20260813,V52_CPLUS_E1_C4_2T,incremental_velocity,X,0.0,0.5,6.35987304799907e-07,6.852143398746832e-07,0.07184180512593939
R4_LHS_03,physics,20260813,V52_CPLUS_E1_C4_2T,incremental_velocity,X,0.5,1.0,3.283500336276146e-08,3.8336776351290334e-08,0.14351162283741928
R4_LHS_03,physics,20260813,V52_CPLUS_E1_C4_2T,incremental_velocity,X,1.0,2.0,1.1615494299769548e-07,1.40382312624323e-07,0.17258135425836998
R4_LHS_03,physics,20260813,V52_CPLUS_E1_C4_2T,incremental_velocity,X,2.0,5.0,7.798824941192865e-08,9.121803844233832e-08,0.1450347897885638
R4_LHS_03,physics,20260813,V52_CPLUS_E1_C4_2T,incremental_velocity,X,5.0,10.0,2.73426471291466e-07,3.348353931579903e-07,0.1834003307934321
R4_LHS_03,physics,20260813,V52_CPLUS_E1_C4_2T,incremental_velocity,X,10.0,20.0,5.351866803681724e-07,6.156054724507358e-07,0.13063365366525218
R4_LHS_03,physics,20260813,V52_CPLUS_E1_C4_2T,total_displacement,Y,0.0,0.5,0.0003500816964856616,0.000374835309965298,0.06603863836074593
R4_LHS_03,physics,20260813,V52_CPLUS_E1_C4_2T,total_displacement,Y,0.5,1.0,1.2895889517134878e-07,1.3855066360923705e-07,0.06922932152054156
R4_LHS_03,physics,20260813,V52_CPLUS_E1_C4_2T,total_displacement,Y,1.0,2.0,8.273611619109362e-08,1.7698961902322182e-07,0.532536898787051
R4_LHS_03,physics,20260813,V52_CPLUS_E1_C4_2T,total_displacement,Y,2.0,5.0,3.086242447466752e-08,3.6791635635018194e-08,0.1611564981554466
R4_LHS_03,physics,20260813,V52_CPLUS_E1_C4_2T,total_displacement,Y,5.0,10.0,1.6924606430913246e-08,6.21023604037568e-09,1.7252758704948379
R4_LHS_03,physics,20260813,V52_CPLUS_E1_C4_2T,total_displacement,Y,10.0,20.0,3.5427931099470764e-08,1.3063892300366874e-08,1.7118970583120807
R4_LHS_03,physics,20260813,V52_CPLUS_E1_C4_2T,incremental_velocity,Y,0.0,0.5,0.00012547361125177665,0.00013792406561765518,0.09027035499658873
R4_LHS_03,physics,20260813,V52_CPLUS_E1_C4_2T,incremental_velocity,Y,0.5,1.0,2.4061644461146746e-06,2.8021316542311334e-06,0.14130928056808476
R4_LHS_03,physics,20260813,V52_CPLUS_E1_C4_2T,incremental_velocity,Y,1.0,2.0,9.562677449027174e-06,1.4024670105749549e-05,0.3181531275301183
R4_LHS_03,physics,20260813,V52_CPLUS_E1_C4_2T,incremental_velocity,Y,2.0,5.0,4.420661720017997e-06,5.9944966166145855e-06,0.2625466318947425
R4_LHS_03,physics,20260813,V52_CPLUS_E1_C4_2T,incremental_velocity,Y,5.0,10.0,1.3912118259886027e-05,1.4037474289248922e-05,0.008930098590378436
R4_LHS_03,physics,20260813,V52_CPLUS_E1_C4_2T,incremental_velocity,Y,10.0,20.0,7.277203923310894e-05,7.499412654343023e-05,0.029630151223035424
R4_LHS_03,physics,20260813,V52_CPLUS_E1_C4_2T,total_displacement,Z,0.0,0.5,0.00017783914720422364,0.0001873321259503846,0.050674590372583525
R4_LHS_03,physics,20260813,V52_CPLUS_E1_C4_2T,total_displacement,Z,0.5,1.0,4.5486033368933295e-08,2.5890878169310823e-08,0.7568362521920617
R4_LHS_03,physics,20260813,V52_CPLUS_E1_C4_2T,total_displacement,Z,1.0,2.0,1.0563736068517335e-07,1.0219754355018407e-07,0.03365851091420958
R4_LHS_03,physics,20260813,V52_CPLUS_E1_C4_2T,total_displacement,Z,2.0,5.0,2.157313554274211e-08,1.8610892329044628e-08,0.15916717808713177
R4_LHS_03,physics,20260813,V52_CPLUS_E1_C4_2T,total_displacement,Z,5.0,10.0,8.359778735663535e-09,2.3734204863044765e-09,2.5222493375710644
R4_LHS_03,physics,20260813,V52_CPLUS_E1_C4_2T,total_displacement,Z,10.0,20.0,1.9765808189003012e-08,1.7893946682078382e-09,10.046086444864278
R4_LHS_03,physics,20260813,V52_CPLUS_E1_C4_2T,incremental_velocity,Z,0.0,0.5,7.71708774496785e-05,8.067775444138251e-05,0.04346770700282658
R4_LHS_03,physics,20260813,V52_CPLUS_E1_C4_2T,incremental_velocity,Z,0.5,1.0,4.3535545187936215e-07,3.9295420211115987e-07,0.10790379525247501
R4_LHS_03,physics,20260813,V52_CPLUS_E1_C4_2T,incremental_velocity,Z,1.0,2.0,4.449155897707939e-06,5.89283289423744e-06,0.244988619640184
R4_LHS_03,physics,20260813,V52_CPLUS_E1_C4_2T,incremental_velocity,Z,2.0,5.0,6.599528217979544e-07,1.1462705390111388e-06,0.4242608534916369
R4_LHS_03,physics,20260813,V52_CPLUS_E1_C4_2T,incremental_velocity,Z,5.0,10.0,4.2496359249562284e-06,4.971598103685499e-06,0.14521732522869704
R4_LHS_03,physics,20260813,V52_CPLUS_E1_C4_2T,incremental_velocity,Z,10.0,20.0,7.842871659675625e-06,1.186309031030428e-05,0.3388846030394536
R4_LHS_03,physics,20260813,V52_C_E1_C4_2T,total_displacement,X,0.0,0.5,5.844430212208473e-07,6.151438382745732e-07,0.04990835499521399
R4_LHS_03,physics,20260813,V52_C_E1_C4_2T,total_displacement,X,0.5,1.0,1.9845715782173703e-09,3.815143468051638e-09,0.479817313598727
R4_LHS_03,physics,20260813,V52_C_E1_C4_2T,total_displacement,X,1.0,2.0,6.169199701001459e-10,1.1651552264414012e-09,0.47052550930545695
R4_LHS_03,physics,20260813,V52_C_E1_C4_2T,total_displacement,X,2.0,5.0,2.6545264084504277e-10,2.1317211797922062e-10,0.24525028583202566
R4_LHS_03,physics,20260813,V52_C_E1_C4_2T,total_displacement,X,5.0,10.0,1.9545442997347539e-10,1.0468787866641101e-10,0.8670206375686809
R4_LHS_03,physics,20260813,V52_C_E1_C4_2T,total_displacement,X,10.0,20.0,2.580324417595852e-10,8.872702835107111e-11,1.908160529603382
R4_LHS_03,physics,20260813,V52_C_E1_C4_2T,incremental_velocity,X,0.0,0.5,4.143585997659598e-07,4.199735790736341e-07,0.013369839407659095
R4_LHS_03,physics,20260813,V52_C_E1_C4_2T,incremental_velocity,X,0.5,1.0,5.6828916689487114e-08,7.92907044047084e-08,0.2832839975865755
R4_LHS_03,physics,20260813,V52_C_E1_C4_2T,incremental_velocity,X,1.0,2.0,7.369548013745377e-08,8.464134282348778e-08,0.1293205225826894
R4_LHS_03,physics,20260813,V52_C_E1_C4_2T,incremental_velocity,X,2.0,5.0,5.0387757580027694e-08,5.9530633280705525e-08,0.15358270518585476
R4_LHS_03,physics,20260813,V52_C_E1_C4_2T,incremental_velocity,X,5.0,10.0,1.7510605418059178e-07,2.0321048318110852e-07,0.13830206277039878
R4_LHS_03,physics,20260813,V52_C_E1_C4_2T,incremental_velocity,X,10.0,20.0,3.212668651083239e-07,4.0097040608525044e-07,0.19877661734462457
R4_LHS_03,physics,20260813,V52_C_E1_C4_2T,total_displacement,Y,0.0,0.5,0.00022488010357525878,0.00023080321843175366,0.025663051393914133
R4_LHS_03,physics,20260813,V52_C_E1_C4_2T,total_displacement,Y,0.5,1.0,1.1917898258984309e-07,2.688638321730616e-07,0.5567310722807437
R4_LHS_03,physics,20260813,V52_C_E1_C4_2T,total_displacement,Y,1.0,2.0,4.234702769590803e-08,1.0952283435062216e-07,0.6133497827463092
R4_LHS_03,physics,20260813,V52_C_E1_C4_2T,total_displacement,Y,2.0,5.0,2.4578492421080938e-08,3.0562368269417355e-08,0.19579228270488003
R4_LHS_03,physics,20260813,V52_C_E1_C4_2T,total_displacement,Y,5.0,10.0,1.1242561891158972e-08,4.531737523401473e-09,1.480850188940428
R4_LHS_03,physics,20260813,V52_C_E1_C4_2T,total_displacement,Y,10.0,20.0,1.646938714187536e-08,8.717337705721765e-09,0.8892679964739019
R4_LHS_03,physics,20260813,V52_C_E1_C4_2T,incremental_velocity,Y,0.0,0.5,8.100527783964898e-05,8.462011665929576e-05,0.04271843342170199
R4_LHS_03,physics,20260813,V52_C_E1_C4_2T,incremental_velocity,Y,0.5,1.0,3.547567945583585e-06,6.037983989998664e-06,0.4124582060072057
R4_LHS_03,physics,20260813,V52_C_E1_C4_2T,incremental_velocity,Y,1.0,2.0,5.147471548282269e-06,8.198558394450965e-06,0.37214918762227334
R4_LHS_03,physics,20260813,V52_C_E1_C4_2T,incremental_velocity,Y,2.0,5.0,2.6482660947221965e-06,4.248557842483275e-06,0.3766670496418876
R4_LHS_03,physics,20260813,V52_C_E1_C4_2T,incremental_velocity,Y,5.0,10.0,9.017919063881337e-06,9.368806925247743e-06,0.03745277965124974
R4_LHS_03,physics,20260813,V52_C_E1_C4_2T,incremental_velocity,Y,10.0,20.0,4.586864727985291e-05,4.904332462056651e-05,0.06473209892019205
R4_LHS_03,physics,20260813,V52_C_E1_C4_2T,total_displacement,Z,0.0,0.5,0.00011125683839926876,0.00011536029564433995,0.035570793418580514
R4_LHS_03,physics,20260813,V52_C_E1_C4_2T,total_displacement,Z,0.5,1.0,5.416442071434818e-08,3.213303577148152e-08,0.6856303618352733
R4_LHS_03,physics,20260813,V52_C_E1_C4_2T,total_displacement,Z,1.0,2.0,7.351338051758552e-08,7.713172786012262e-08,0.046911270406115105
R4_LHS_03,physics,20260813,V52_C_E1_C4_2T,total_displacement,Z,2.0,5.0,1.9356614330633195e-08,1.787120707409753e-08,0.08311734346632965
R4_LHS_03,physics,20260813,V52_C_E1_C4_2T,total_displacement,Z,5.0,10.0,6.456131153787211e-09,1.6835865701836047e-09,2.834748547015989
R4_LHS_03,physics,20260813,V52_C_E1_C4_2T,total_displacement,Z,10.0,20.0,1.1652253252391083e-08,1.2617412232281946e-09,8.2350579008416
R4_LHS_03,physics,20260813,V52_C_E1_C4_2T,incremental_velocity,Z,0.0,0.5,4.938047371938417e-05,4.9550641558230855e-05,0.003434220698166032
R4_LHS_03,physics,20260813,V52_C_E1_C4_2T,incremental_velocity,Z,0.5,1.0,6.977175806598977e-07,6.255220777136546e-07,0.11541639459013951
R4_LHS_03,physics,20260813,V52_C_E1_C4_2T,incremental_velocity,Z,1.0,2.0,2.771300555794539e-06,3.5639746578421375e-06,0.22241294569909625
R4_LHS_03,physics,20260813,V52_C_E1_C4_2T,incremental_velocity,Z,2.0,5.0,4.5977615906030064e-07,9.021437166733592e-07,0.4903515364982888
R4_LHS_03,physics,20260813,V52_C_E1_C4_2T,incremental_velocity,Z,5.0,10.0,2.790956113856443e-06,3.127147991856548e-06,0.10750750488163242
R4_LHS_03,physics,20260813,V52_C_E1_C4_2T,incremental_velocity,Z,10.0,20.0,4.477355694761806e-06,7.913055642109307e-06,0.43418119405914846
R4_LHS_03,physics,20260813,V40_A_E2_C5_2T,total_displacement,X,0.0,0.5,3.317305770923503e-07,3.592867287871754e-07,0.07669682592464484
R4_LHS_03,physics,20260813,V40_A_E2_C5_2T,total_displacement,X,0.5,1.0,1.766408857282282e-08,1.8537320635853272e-08,0.047106703292466315
R4_LHS_03,physics,20260813,V40_A_E2_C5_2T,total_displacement,X,1.0,2.0,5.272962258920456e-05,5.272140237456144e-05,0.0001559179815574859
R4_LHS_03,physics,20260813,V40_A_E2_C5_2T,total_displacement,X,2.0,5.0,4.02208707575116e-06,4.029997873520914e-06,0.001962978149872545
R4_LHS_03,physics,20260813,V40_A_E2_C5_2T,total_displacement,X,5.0,10.0,3.6952386089851927e-10,3.1293077172056606e-10,0.18084859110144794
R4_LHS_03,physics,20260813,V40_A_E2_C5_2T,total_displacement,X,10.0,20.0,1.0640390370825776e-10,8.389140743648807e-11,0.2683528261081243
R4_LHS_03,physics,20260813,V40_A_E2_C5_2T,incremental_velocity,X,0.0,0.5,1.4708073122272765e-07,1.54245674965118e-07,0.04645150500336987
R4_LHS_03,physics,20260813,V40_A_E2_C5_2T,incremental_velocity,X,0.5,1.0,2.1622806659254245e-08,2.8457773157115066e-08,0.24017924593484677
R4_LHS_03,physics,20260813,V40_A_E2_C5_2T,incremental_velocity,X,1.0,2.0,4.690803214374716e-07,8.656586560165303e-08,4.418767757675079
R4_LHS_03,physics,20260813,V40_A_E2_C5_2T,incremental_velocity,X,2.0,5.0,2.710798487781752e-07,3.079349599142996e-07,0.11968472545754935
R4_LHS_03,physics,20260813,V40_A_E2_C5_2T,incremental_velocity,X,5.0,10.0,3.338294526795124e-07,3.6953230948335206e-07,0.09661633336948605
R4_LHS_03,physics,20260813,V40_A_E2_C5_2T,incremental_velocity,X,10.0,20.0,2.982066935670345e-08,6.588572657383529e-08,0.5473880169890103
R4_LHS_03,physics,20260813,V40_A_E2_C5_2T,total_displacement,Y,0.0,0.5,0.00011430590300271076,0.0001285037472130364,0.11048583810391253
R4_LHS_03,physics,20260813,V40_A_E2_C5_2T,total_displacement,Y,0.5,1.0,3.556480217921046e-08,1.1327123318498483e-07,0.6860208794484556
R4_LHS_03,physics,20260813,V40_A_E2_C5_2T,total_displacement,Y,1.0,2.0,4.092039957691072e-07,4.1232314711209196e-07,0.0075648223118960365
R4_LHS_03,physics,20260813,V40_A_E2_C5_2T,total_displacement,Y,2.0,5.0,1.5613693101687573e-07,1.392356854089064e-07,0.12138587574251428
R4_LHS_03,physics,20260813,V40_A_E2_C5_2T,total_displacement,Y,5.0,10.0,1.129786891850434e-08,4.893430431193419e-09,1.3087829851397306
R4_LHS_03,physics,20260813,V40_A_E2_C5_2T,total_displacement,Y,10.0,20.0,3.885262403457518e-09,9.499995955384679e-10,3.0897516395839286
R4_LHS_03,physics,20260813,V40_A_E2_C5_2T,incremental_velocity,Y,0.0,0.5,2.6405841220318863e-05,2.9249726560872095e-05,0.09722775816843195
R4_LHS_03,physics,20260813,V40_A_E2_C5_2T,incremental_velocity,Y,0.5,1.0,1.2109576482430413e-06,1.8992958825701208e-06,0.36241758887805436
R4_LHS_03,physics,20260813,V40_A_E2_C5_2T,incremental_velocity,Y,1.0,2.0,2.4347135576916398e-06,3.0270750553264232e-06,0.19568774701917868
R4_LHS_03,physics,20260813,V40_A_E2_C5_2T,incremental_velocity,Y,2.0,5.0,8.795907942794649e-07,5.353957946353832e-07,0.6428795352763023
R4_LHS_03,physics,20260813,V40_A_E2_C5_2T,incremental_velocity,Y,5.0,10.0,9.483666941381946e-06,8.581258476914171e-06,0.10516038724337332
R4_LHS_03,physics,20260813,V40_A_E2_C5_2T,incremental_velocity,Y,10.0,20.0,4.921654613964156e-06,5.690971037796249e-06,0.13518192567186224
R4_LHS_03,physics,20260813,V40_A_E2_C5_2T,total_displacement,Z,0.0,0.5,5.899938024090025e-05,6.541829472396899e-05,0.09812109151045897
R4_LHS_03,physics,20260813,V40_A_E2_C5_2T,total_displacement,Z,0.5,1.0,1.7305222655915755e-08,1.1098271466421513e-08,0.5592718837589931
R4_LHS_03,physics,20260813,V40_A_E2_C5_2T,total_displacement,Z,1.0,2.0,2.676081059848433e-07,2.3020501653320538e-07,0.16247729964756352
R4_LHS_03,physics,20260813,V40_A_E2_C5_2T,total_displacement,Z,2.0,5.0,5.047941646885148e-08,3.701707973429377e-08,0.3636790592664117
R4_LHS_03,physics,20260813,V40_A_E2_C5_2T,total_displacement,Z,5.0,10.0,7.486833252995633e-09,4.86281543850794e-09,0.539608761152741
R4_LHS_03,physics,20260813,V40_A_E2_C5_2T,total_displacement,Z,10.0,20.0,2.571576084072574e-09,3.477660374494447e-10,6.394557855427179
R4_LHS_03,physics,20260813,V40_A_E2_C5_2T,incremental_velocity,Z,0.0,0.5,1.59710543310553e-05,1.6928709777067186e-05,0.056569901582765224
R4_LHS_03,physics,20260813,V40_A_E2_C5_2T,incremental_velocity,Z,0.5,1.0,1.66556074037709e-07,1.5632141682679613e-07,0.06547188106830472
R4_LHS_03,physics,20260813,V40_A_E2_C5_2T,incremental_velocity,Z,1.0,2.0,2.136509094418916e-06,1.9488711092619854e-06,0.09628034622976535
R4_LHS_03,physics,20260813,V40_A_E2_C5_2T,incremental_velocity,Z,2.0,5.0,2.535157607017177e-07,8.943658023259895e-08,1.834586922290586
R4_LHS_03,physics,20260813,V40_A_E2_C5_2T,incremental_velocity,Z,5.0,10.0,1.2307741971644118e-05,1.1419743400294104e-05,0.07775994085183593
R4_LHS_03,physics,20260813,V40_A_E2_C5_2T,incremental_velocity,Z,10.0,20.0,8.193262092946452e-07,2.057240233893485e-06,0.6017352782645091
R4_LHS_03,physics,20260813,V40_B_E2_C5_2T,total_displacement,X,0.0,0.5,4.995006265134104e-07,5.519233902398249e-07,0.09498195701333743
R4_LHS_03,physics,20260813,V40_B_E2_C5_2T,total_displacement,X,0.5,1.0,1.813582256154343e-08,1.930486379320399e-08,0.060556823616238264
R4_LHS_03,physics,20260813,V40_B_E2_C5_2T,total_displacement,X,1.0,2.0,5.270368661153519e-05,5.2733203385269426e-05,0.0005597379229663657
R4_LHS_03,physics,20260813,V40_B_E2_C5_2T,total_displacement,X,2.0,5.0,4.046435928877105e-06,4.0296099014893984e-06,0.004175597092286129
R4_LHS_03,physics,20260813,V40_B_E2_C5_2T,total_displacement,X,5.0,10.0,4.398028922729357e-10,3.988646662152626e-10,0.10263688294610492
R4_LHS_03,physics,20260813,V40_B_E2_C5_2T,total_displacement,X,10.0,20.0,1.4038290477288932e-10,8.564822805409443e-11,0.6390637373633125
R4_LHS_03,physics,20260813,V40_B_E2_C5_2T,incremental_velocity,X,0.0,0.5,2.4599074043526686e-07,2.396227639070902e-07,0.02657500658262052
R4_LHS_03,physics,20260813,V40_B_E2_C5_2T,incremental_velocity,X,0.5,1.0,3.332171991565835e-08,4.1108307750528044e-08,0.18941640415177813
R4_LHS_03,physics,20260813,V40_B_E2_C5_2T,incremental_velocity,X,1.0,2.0,6.449763884044947e-08,4.248251128990667e-07,0.848178375331184
R4_LHS_03,physics,20260813,V40_B_E2_C5_2T,incremental_velocity,X,2.0,5.0,3.296610443373583e-07,3.38365345438141e-07,0.025724564344825847
R4_LHS_03,physics,20260813,V40_B_E2_C5_2T,incremental_velocity,X,5.0,10.0,5.154583464733528e-07,5.697072003975003e-07,0.0952223420843138
R4_LHS_03,physics,20260813,V40_B_E2_C5_2T,incremental_velocity,X,10.0,20.0,4.492692198005042e-08,9.083687877934247e-08,0.505410989635771
R4_LHS_03,physics,20260813,V40_B_E2_C5_2T,total_displacement,Y,0.0,0.5,0.00018626364448422344,0.00020078424969580726,0.07231944354989436
R4_LHS_03,physics,20260813,V40_B_E2_C5_2T,total_displacement,Y,0.5,1.0,7.302415498267579e-08,1.7688264560152002e-07,0.5871604320800126
R4_LHS_03,physics,20260813,V40_B_E2_C5_2T,total_displacement,Y,1.0,2.0,4.017053027675689e-07,4.3836000736618197e-07,0.0836178118046105
R4_LHS_03,physics,20260813,V40_B_E2_C5_2T,total_displacement,Y,2.0,5.0,1.543522154534563e-07,1.4017971555115026e-07,0.10110235882975972
R4_LHS_03,physics,20260813,V40_B_E2_C5_2T,total_displacement,Y,5.0,10.0,1.5491685807236024e-08,6.785250958792554e-09,1.283141169179805
R4_LHS_03,physics,20260813,V40_B_E2_C5_2T,total_displacement,Y,10.0,20.0,6.70427726171396e-09,1.2669009351055821e-09,4.291871744616901
R4_LHS_03,physics,20260813,V40_B_E2_C5_2T,incremental_velocity,Y,0.0,0.5,4.506178846260255e-05,4.570516947123648e-05,0.014076766721953167
R4_LHS_03,physics,20260813,V40_B_E2_C5_2T,incremental_velocity,Y,0.5,1.0,2.0037606082511156e-06,2.9864823444814303e-06,0.3290566033468225
R4_LHS_03,physics,20260813,V40_B_E2_C5_2T,incremental_velocity,Y,1.0,2.0,3.566541710838434e-06,4.64603486848244e-06,0.23234719243435364
R4_LHS_03,physics,20260813,V40_B_E2_C5_2T,incremental_velocity,Y,2.0,5.0,1.000885238543216e-06,8.080251453151263e-07,0.23868080634158376
R4_LHS_03,physics,20260813,V40_B_E2_C5_2T,incremental_velocity,Y,5.0,10.0,1.2075943890527874e-05,1.3215351516806687e-05,0.086218488008417
R4_LHS_03,physics,20260813,V40_B_E2_C5_2T,incremental_velocity,Y,10.0,20.0,7.226574836364517e-06,8.992099159258234e-06,0.1963417319609892
R4_LHS_03,physics,20260813,V40_B_E2_C5_2T,total_displacement,Z,0.0,0.5,9.782498586516685e-05,0.00010216983951128017,0.042525794959613526
R4_LHS_03,physics,20260813,V40_B_E2_C5_2T,total_displacement,Z,0.5,1.0,3.0043125829642543e-08,1.6277180894657813e-08,0.8457204613056015
R4_LHS_03,physics,20260813,V40_B_E2_C5_2T,total_displacement,Z,1.0,2.0,2.3613758669411647e-07,2.4052107929715407e-07,0.01822498309024286
R4_LHS_03,physics,20260813,V40_B_E2_C5_2T,total_displacement,Z,2.0,5.0,4.639347228894249e-08,3.706340627089637e-08,0.2517325566315378
R4_LHS_03,physics,20260813,V40_B_E2_C5_2T,total_displacement,Z,5.0,10.0,8.149833721657852e-09,7.978073367083233e-09,0.021529051773738418
R4_LHS_03,physics,20260813,V40_B_E2_C5_2T,total_displacement,Z,10.0,20.0,3.992332932581828e-09,4.560659517549313e-10,7.7538500017802745
R4_LHS_03,physics,20260813,V40_B_E2_C5_2T,incremental_velocity,Z,0.0,0.5,2.4878262601449833e-05,2.6439875127350176e-05,0.05906277992534712
R4_LHS_03,physics,20260813,V40_B_E2_C5_2T,incremental_velocity,Z,0.5,1.0,2.612988115749488e-07,2.352796975102412e-07,0.11058801222564062
R4_LHS_03,physics,20260813,V40_B_E2_C5_2T,incremental_velocity,Z,1.0,2.0,2.080892809722583e-06,3.0428587364403067e-06,0.3161388713835205
R4_LHS_03,physics,20260813,V40_B_E2_C5_2T,incremental_velocity,Z,2.0,5.0,2.525594786539979e-07,1.3329646901664593e-07,0.8947199465760681
R4_LHS_03,physics,20260813,V40_B_E2_C5_2T,incremental_velocity,Z,5.0,10.0,1.7418684500161764e-05,1.9544506364111033e-05,0.10876825560827924
R4_LHS_03,physics,20260813,V40_B_E2_C5_2T,incremental_velocity,Z,10.0,20.0,1.741717040667981e-06,3.233305018628176e-06,0.46131990930847744
R4_LHS_03,physics,20260813,V40_CPLUS_E2_C5_2T,total_displacement,X,0.0,0.5,1.141665474741545e-06,1.2682236755892008e-06,0.09979170337508354
R4_LHS_03,physics,20260813,V40_CPLUS_E2_C5_2T,total_displacement,X,0.5,1.0,1.8058650994229523e-08,1.824578536550905e-08,0.010256306732253794
R4_LHS_03,physics,20260813,V40_CPLUS_E2_C5_2T,total_displacement,X,1.0,2.0,5.26934897645677e-05,5.271267338814256e-05,0.00036392810953841785
R4_LHS_03,physics,20260813,V40_CPLUS_E2_C5_2T,total_displacement,X,2.0,5.0,4.045061568533861e-06,4.038832027021344e-06,0.001542411635551838
R4_LHS_03,physics,20260813,V40_CPLUS_E2_C5_2T,total_displacement,X,5.0,10.0,7.376139521892343e-10,6.286258678954346e-10,0.1733751184288343
R4_LHS_03,physics,20260813,V40_CPLUS_E2_C5_2T,total_displacement,X,10.0,20.0,2.954636026139744e-10,8.947399296394459e-11,2.3022288692652575
R4_LHS_03,physics,20260813,V40_CPLUS_E2_C5_2T,incremental_velocity,X,0.0,0.5,5.742181496506382e-07,5.432354710908092e-07,0.05703360735560259
R4_LHS_03,physics,20260813,V40_CPLUS_E2_C5_2T,incremental_velocity,X,0.5,1.0,2.706749179867146e-08,3.1083014766930026e-08,0.12918704953069027
R4_LHS_03,physics,20260813,V40_CPLUS_E2_C5_2T,incremental_velocity,X,1.0,2.0,1.60841802742691e-07,2.0154164112793942e-07,0.20194257701519852
R4_LHS_03,physics,20260813,V40_CPLUS_E2_C5_2T,incremental_velocity,X,2.0,5.0,5.521942226110646e-07,4.7604886313637557e-07,0.15995282285313506
R4_LHS_03,physics,20260813,V40_CPLUS_E2_C5_2T,incremental_velocity,X,5.0,10.0,1.1115195763374763e-06,1.1875721617972172e-06,0.06404039089687523
R4_LHS_03,physics,20260813,V40_CPLUS_E2_C5_2T,incremental_velocity,X,10.0,20.0,1.1307371964832709e-07,1.6888374350759078e-07,0.3304641565856527
R4_LHS_03,physics,20260813,V40_CPLUS_E2_C5_2T,total_displacement,Y,0.0,0.5,0.0004335428920401298,0.0004695784687610215,0.07674026625618344
R4_LHS_03,physics,20260813,V40_CPLUS_E2_C5_2T,total_displacement,Y,0.5,1.0,8.338147062432269e-08,1.1873041778903406e-07,0.2977244401474362
R4_LHS_03,physics,20260813,V40_CPLUS_E2_C5_2T,total_displacement,Y,1.0,2.0,4.4159310010873314e-07,5.429860108955015e-07,0.18673208655882229
R4_LHS_03,physics,20260813,V40_CPLUS_E2_C5_2T,total_displacement,Y,2.0,5.0,1.6409950252382483e-07,1.4386882807295284e-07,0.14061888681412932
R4_LHS_03,physics,20260813,V40_CPLUS_E2_C5_2T,total_displacement,Y,5.0,10.0,3.3850006380098224e-08,1.3129765821617443e-08,1.5781119663509944
R4_LHS_03,physics,20260813,V40_CPLUS_E2_C5_2T,total_displacement,Y,10.0,20.0,1.662974451039158e-08,2.3921882330514924e-09,5.951687279716512
R4_LHS_03,physics,20260813,V40_CPLUS_E2_C5_2T,incremental_velocity,Y,0.0,0.5,0.0001054275038114241,0.00010697551192663365,0.014470677329136854
R4_LHS_03,physics,20260813,V40_CPLUS_E2_C5_2T,incremental_velocity,Y,0.5,1.0,1.911809509703422e-06,2.4014951052381e-06,0.2039086377759355
R4_LHS_03,physics,20260813,V40_CPLUS_E2_C5_2T,incremental_velocity,Y,1.0,2.0,8.354284666716872e-06,1.1390933632370968e-05,0.2665847298964582
R4_LHS_03,physics,20260813,V40_CPLUS_E2_C5_2T,incremental_velocity,Y,2.0,5.0,2.023445528219583e-06,1.9064810454834706e-06,0.06135098117718297
R4_LHS_03,physics,20260813,V40_CPLUS_E2_C5_2T,incremental_velocity,Y,5.0,10.0,2.74608891633879e-05,2.8598539700782098e-05,0.039780021962558025
R4_LHS_03,physics,20260813,V40_CPLUS_E2_C5_2T,incremental_velocity,Y,10.0,20.0,1.8709936715898895e-05,2.0825907748608534e-05,0.10160282366808315
R4_LHS_03,physics,20260813,V40_CPLUS_E2_C5_2T,total_displacement,Z,0.0,0.5,0.00022698519786387434,0.0002388808048362328,0.04979724922022771
R4_LHS_03,physics,20260813,V40_CPLUS_E2_C5_2T,total_displacement,Z,0.5,1.0,3.046554591171821e-08,1.0402310671645004e-08,1.9287287097435288
R4_LHS_03,physics,20260813,V40_CPLUS_E2_C5_2T,total_displacement,Z,1.0,2.0,2.709104968037845e-07,2.7694539525763426e-07,0.02179093264300596
R4_LHS_03,physics,20260813,V40_CPLUS_E2_C5_2T,total_displacement,Z,2.0,5.0,5.225728273271798e-08,3.808542334936631e-08,0.3721071774192967
R4_LHS_03,physics,20260813,V40_CPLUS_E2_C5_2T,total_displacement,Z,5.0,10.0,1.8467579764435117e-08,1.9568480360256706e-08,0.056258870160275795
R4_LHS_03,physics,20260813,V40_CPLUS_E2_C5_2T,total_displacement,Z,10.0,20.0,1.060640815715726e-08,8.555977549057899e-10,11.396489000050188
R4_LHS_03,physics,20260813,V40_CPLUS_E2_C5_2T,incremental_velocity,Z,0.0,0.5,5.910540214743234e-05,6.198478290368468e-05,0.04645302639401795
R4_LHS_03,physics,20260813,V40_CPLUS_E2_C5_2T,incremental_velocity,Z,0.5,1.0,2.030935431967218e-07,1.6952405896667884e-07,0.19802194705968715
R4_LHS_03,physics,20260813,V40_CPLUS_E2_C5_2T,incremental_velocity,Z,1.0,2.0,4.915094336913184e-06,7.113900489679441e-06,0.30908587433239976
R4_LHS_03,physics,20260813,V40_CPLUS_E2_C5_2T,incremental_velocity,Z,2.0,5.0,4.4024644789351517e-07,3.269368620698599e-07,0.34657941324292546
R4_LHS_03,physics,20260813,V40_CPLUS_E2_C5_2T,incremental_velocity,Z,5.0,10.0,4.190370800821882e-05,4.957653821062482e-05,0.1547673653575437
R4_LHS_03,physics,20260813,V40_CPLUS_E2_C5_2T,incremental_velocity,Z,10.0,20.0,4.788635112287311e-06,7.66695068746096e-06,0.3754185584995398
R4_LHS_03,physics,20260813,V40_C_E2_C5_2T,total_displacement,X,0.0,0.5,7.378739316215175e-07,7.867024063848856e-07,0.062067275207341024
R4_LHS_03,physics,20260813,V40_C_E2_C5_2T,total_displacement,X,0.5,1.0,1.8408205880145124e-08,2.0220598994813658e-08,0.08963102997756847
R4_LHS_03,physics,20260813,V40_C_E2_C5_2T,total_displacement,X,1.0,2.0,5.273110531683197e-05,5.272142257114708e-05,0.00018365865738588966
R4_LHS_03,physics,20260813,V40_C_E2_C5_2T,total_displacement,X,2.0,5.0,4.020521252507474e-06,4.035963059543623e-06,0.0038260526194943416
R4_LHS_03,physics,20260813,V40_C_E2_C5_2T,total_displacement,X,5.0,10.0,5.36327008107892e-10,5.132511576646066e-10,0.044960152741369594
R4_LHS_03,physics,20260813,V40_C_E2_C5_2T,total_displacement,X,10.0,20.0,1.8599687315146915e-10,7.985741368701763e-11,1.3291121583331034
R4_LHS_03,physics,20260813,V40_C_E2_C5_2T,incremental_velocity,X,0.0,0.5,3.422441289828407e-07,3.418250965508108e-07,0.0012258679548639985
R4_LHS_03,physics,20260813,V40_C_E2_C5_2T,incremental_velocity,X,0.5,1.0,4.359339970141885e-08,5.864362328338158e-08,0.2566387057845326
R4_LHS_03,physics,20260813,V40_C_E2_C5_2T,incremental_velocity,X,1.0,2.0,3.1793625217235374e-07,1.5102940433662654e-07,1.105128160763395
R4_LHS_03,physics,20260813,V40_C_E2_C5_2T,incremental_velocity,X,2.0,5.0,3.1962441850033324e-07,5.25161279207623e-07,0.39137855139931327
R4_LHS_03,physics,20260813,V40_C_E2_C5_2T,incremental_velocity,X,5.0,10.0,7.647526354248686e-07,8.352993131334212e-07,0.08445676489773934
R4_LHS_03,physics,20260813,V40_C_E2_C5_2T,incremental_velocity,X,10.0,20.0,7.193436587535277e-08,1.1643651178577891e-07,0.38220095421873895
R4_LHS_03,physics,20260813,V40_C_E2_C5_2T,total_displacement,Y,0.0,0.5,0.00026766159436774744,0.00028912566700852176,0.07423786640202262
R4_LHS_03,physics,20260813,V40_C_E2_C5_2T,total_displacement,Y,0.5,1.0,8.557978986398311e-08,2.545753031859973e-07,0.663833102453552
R4_LHS_03,physics,20260813,V40_C_E2_C5_2T,total_displacement,Y,1.0,2.0,4.1668302100984035e-07,4.692885423920581e-07,0.11209632588530037
R4_LHS_03,physics,20260813,V40_C_E2_C5_2T,total_displacement,Y,2.0,5.0,1.5566508295528153e-07,1.4150956979249527e-07,0.10003219699942134
R4_LHS_03,physics,20260813,V40_C_E2_C5_2T,total_displacement,Y,5.0,10.0,2.3236550298850016e-08,8.935514198760854e-09,1.6004715321332463
R4_LHS_03,physics,20260813,V40_C_E2_C5_2T,total_displacement,Y,10.0,20.0,9.713619405542591e-09,1.6452991703463845e-09,4.903862094270421
R4_LHS_03,physics,20260813,V40_C_E2_C5_2T,incremental_velocity,Y,0.0,0.5,6.361331589497213e-05,6.581252019471036e-05,0.03341619942879789
R4_LHS_03,physics,20260813,V40_C_E2_C5_2T,incremental_velocity,Y,0.5,1.0,2.543645716520076e-06,4.2539004062139445e-06,0.40204389533793267
R4_LHS_03,physics,20260813,V40_C_E2_C5_2T,incremental_velocity,Y,1.0,2.0,5.366286373096627e-06,6.673213813290209e-06,0.19584678039099196
R4_LHS_03,physics,20260813,V40_C_E2_C5_2T,incremental_velocity,Y,2.0,5.0,1.312413970295132e-06,1.2613109491520444e-06,0.040515799198796505
R4_LHS_03,physics,20260813,V40_C_E2_C5_2T,incremental_velocity,Y,5.0,10.0,2.0647646723638754e-05,1.8504783418466202e-05,0.11580050718314036
R4_LHS_03,physics,20260813,V40_C_E2_C5_2T,incremental_velocity,Y,10.0,20.0,1.2187475123928292e-05,1.2563472496597156e-05,0.029927822325452075
R4_LHS_03,physics,20260813,V40_C_E2_C5_2T,total_displacement,Z,0.0,0.5,0.000136178746736093,0.00014708934568548356,0.07417667743740153
R4_LHS_03,physics,20260813,V40_C_E2_C5_2T,total_displacement,Z,0.5,1.0,3.300725173061099e-08,2.2627027316296353e-08,0.458753342593909
R4_LHS_03,physics,20260813,V40_C_E2_C5_2T,total_displacement,Z,1.0,2.0,2.7722447853276586e-07,2.516019110697012e-07,0.10183772990486738
R4_LHS_03,physics,20260813,V40_C_E2_C5_2T,total_displacement,Z,2.0,5.0,5.1251625927778074e-08,3.7625901332296095e-08,0.3621368289664432
R4_LHS_03,physics,20260813,V40_C_E2_C5_2T,total_displacement,Z,5.0,10.0,1.5261717108882195e-08,1.2536577474391938e-08,0.21737508822139143
R4_LHS_03,physics,20260813,V40_C_E2_C5_2T,total_displacement,Z,10.0,20.0,6.6682780291616816e-09,5.9447657081822e-10,10.21705775550357
R4_LHS_03,physics,20260813,V40_C_E2_C5_2T,incremental_velocity,Z,0.0,0.5,3.823833611690467e-05,3.8064262392100106e-05,0.004573153763270892
R4_LHS_03,physics,20260813,V40_C_E2_C5_2T,incremental_velocity,Z,0.5,1.0,3.4617471295659907e-07,3.387494229243959e-07,0.021919712713017302
R4_LHS_03,physics,20260813,V40_C_E2_C5_2T,incremental_velocity,Z,1.0,2.0,3.98369733386316e-06,4.266720855758189e-06,0.06633279547994621
R4_LHS_03,physics,20260813,V40_C_E2_C5_2T,incremental_velocity,Z,2.0,5.0,2.9239093986595064e-07,2.2620355910893973e-07,0.2926009697536856
R4_LHS_03,physics,20260813,V40_C_E2_C5_2T,incremental_velocity,Z,5.0,10.0,3.138005835802354e-05,3.1274078775049376e-05,0.0033887355639301954
R4_LHS_03,physics,20260813,V40_C_E2_C5_2T,incremental_velocity,Z,10.0,20.0,2.3467093873459183e-06,4.7313558721371865e-06,0.5040091147728667
R4_LHS_03,physics,20260813,V52_A_E2_C5_2T,total_displacement,X,0.0,0.5,2.972518739469593e-07,2.829534932937382e-07,0.05053261752233508
R4_LHS_03,physics,20260813,V52_A_E2_C5_2T,total_displacement,X,0.5,1.0,1.7940656513358338e-08,1.8805038762177704e-08,0.045965459563842265
R4_LHS_03,physics,20260813,V52_A_E2_C5_2T,total_displacement,X,1.0,2.0,5.279349419611447e-05,5.275470462778775e-05,0.000735281689100621
R4_LHS_03,physics,20260813,V52_A_E2_C5_2T,total_displacement,X,2.0,5.0,4.014999393798113e-06,4.022734339213804e-06,0.0019228079120935462
R4_LHS_03,physics,20260813,V52_A_E2_C5_2T,total_displacement,X,5.0,10.0,2.635902561363386e-10,2.600965219724217e-10,0.013432452450430492
R4_LHS_03,physics,20260813,V52_A_E2_C5_2T,total_displacement,X,10.0,20.0,1.577884844218512e-10,1.5074268233392e-10,0.046740591177246035
R4_LHS_03,physics,20260813,V52_A_E2_C5_2T,incremental_velocity,X,0.0,0.5,1.8635288218276035e-07,1.9529934641646052e-07,0.045808981944171684
R4_LHS_03,physics,20260813,V52_A_E2_C5_2T,incremental_velocity,X,0.5,1.0,2.6502447005405624e-08,3.5539847871000506e-08,0.25428923889595884
R4_LHS_03,physics,20260813,V52_A_E2_C5_2T,incremental_velocity,X,1.0,2.0,1.1510986295705552e-07,6.432242136831472e-08,0.7895760219897247
R4_LHS_03,physics,20260813,V52_A_E2_C5_2T,incremental_velocity,X,2.0,5.0,1.7104510278861256e-07,3.08103883492358e-07,0.44484600177766
R4_LHS_03,physics,20260813,V52_A_E2_C5_2T,incremental_velocity,X,5.0,10.0,8.205633111653084e-08,1.3768380746551982e-07,0.404023373357973
R4_LHS_03,physics,20260813,V52_A_E2_C5_2T,incremental_velocity,X,10.0,20.0,1.531938365633762e-07,2.2759312689995993e-07,0.32689603306556103
R4_LHS_03,physics,20260813,V52_A_E2_C5_2T,total_displacement,Y,0.0,0.5,0.00010808339813108854,0.0001025802399034663,0.05364735189546268
R4_LHS_03,physics,20260813,V52_A_E2_C5_2T,total_displacement,Y,0.5,1.0,5.315846968828933e-08,1.1956786540976644e-07,0.5554117362042722
R4_LHS_03,physics,20260813,V52_A_E2_C5_2T,total_displacement,Y,1.0,2.0,3.886182591270963e-07,4.1005842920679274e-07,0.052285646514253534
R4_LHS_03,physics,20260813,V52_A_E2_C5_2T,total_displacement,Y,2.0,5.0,1.4432192322154906e-07,1.4191471488010988e-07,0.01696235900183291
R4_LHS_03,physics,20260813,V52_A_E2_C5_2T,total_displacement,Y,5.0,10.0,6.012833785319141e-09,2.9023614444346134e-09,1.071703990159108
R4_LHS_03,physics,20260813,V52_A_E2_C5_2T,total_displacement,Y,10.0,20.0,7.69974566527772e-09,4.474810726652855e-09,0.7206863341540943
R4_LHS_03,physics,20260813,V52_A_E2_C5_2T,incremental_velocity,Y,0.0,0.5,3.5756965222589865e-05,3.762535440450301e-05,0.04965771649155649
R4_LHS_03,physics,20260813,V52_A_E2_C5_2T,incremental_velocity,Y,0.5,1.0,1.6905016338241879e-06,2.6955544145932383e-06,0.37285568242580397
R4_LHS_03,physics,20260813,V52_A_E2_C5_2T,incremental_velocity,Y,1.0,2.0,2.458698379384453e-06,3.568088614792241e-06,0.3109200345553594
R4_LHS_03,physics,20260813,V52_A_E2_C5_2T,incremental_velocity,Y,2.0,5.0,1.3149522586164512e-06,1.3222943711316019e-06,0.00555255522177511
R4_LHS_03,physics,20260813,V52_A_E2_C5_2T,incremental_velocity,Y,5.0,10.0,4.186822892955961e-06,4.546265593794028e-06,0.07906328687191778
R4_LHS_03,physics,20260813,V52_A_E2_C5_2T,incremental_velocity,Y,10.0,20.0,2.1913095425482883e-05,2.3935913902932945e-05,0.08450976577093221
R4_LHS_03,physics,20260813,V52_A_E2_C5_2T,total_displacement,Z,0.0,0.5,5.495029779978721e-05,5.131584663563413e-05,0.07082512327935148
R4_LHS_03,physics,20260813,V52_A_E2_C5_2T,total_displacement,Z,0.5,1.0,2.758414218290946e-08,1.5239940444776236e-08,0.8099901559893837
R4_LHS_03,physics,20260813,V52_A_E2_C5_2T,total_displacement,Z,1.0,2.0,2.2281731000378459e-07,2.2632777842635115e-07,0.015510550436957963
R4_LHS_03,physics,20260813,V52_A_E2_C5_2T,total_displacement,Z,2.0,5.0,4.2834956584615316e-08,3.7383610304875276e-08,0.1458218249998481
R4_LHS_03,physics,20260813,V52_A_E2_C5_2T,total_displacement,Z,5.0,10.0,3.3445746537732948e-09,1.0326620963882435e-09,2.238789014791007
R4_LHS_03,physics,20260813,V52_A_E2_C5_2T,total_displacement,Z,10.0,20.0,5.16612877650277e-09,6.755513539747624e-10,6.647277658621596
R4_LHS_03,physics,20260813,V52_A_E2_C5_2T,incremental_velocity,Z,0.0,0.5,2.1716556126438852e-05,2.202795704569247e-05,0.014136622774762103
R4_LHS_03,physics,20260813,V52_A_E2_C5_2T,incremental_velocity,Z,0.5,1.0,3.074920964646221e-07,2.845368430314877e-07,0.08067585620395072
R4_LHS_03,physics,20260813,V52_A_E2_C5_2T,incremental_velocity,Z,1.0,2.0,1.064919909331391e-06,1.287660353815953e-06,0.1729807428057218
R4_LHS_03,physics,20260813,V52_A_E2_C5_2T,incremental_velocity,Z,2.0,5.0,2.369946689002303e-07,2.109045218752706e-07,0.12370596321490665
R4_LHS_03,physics,20260813,V52_A_E2_C5_2T,incremental_velocity,Z,5.0,10.0,1.2740424899362019e-06,1.4046207023551474e-06,0.09296332611359291
R4_LHS_03,physics,20260813,V52_A_E2_C5_2T,incremental_velocity,Z,10.0,20.0,2.04040171626542e-06,3.61019682326933e-06,0.43482258277052366
R4_LHS_03,physics,20260813,V52_B_E2_C5_2T,total_displacement,X,0.0,0.5,4.3570748368116527e-07,4.32610022010165e-07,0.007159939699518733
R4_LHS_03,physics,20260813,V52_B_E2_C5_2T,total_displacement,X,0.5,1.0,1.845526012333732e-08,1.9807223231367197e-08,0.06825606457995965
R4_LHS_03,physics,20260813,V52_B_E2_C5_2T,total_displacement,X,1.0,2.0,5.275705065418246e-05,5.275116489811638e-05,0.00011157585007738009
R4_LHS_03,physics,20260813,V52_B_E2_C5_2T,total_displacement,X,2.0,5.0,4.027173060375408e-06,4.015970984812689e-06,0.002789381597895484
R4_LHS_03,physics,20260813,V52_B_E2_C5_2T,total_displacement,X,5.0,10.0,2.8363683401006605e-10,3.082177854427239e-10,0.07975189166111814
R4_LHS_03,physics,20260813,V52_B_E2_C5_2T,total_displacement,X,10.0,20.0,2.486040990603153e-10,1.3729248495935894e-10,0.8107626148212453
R4_LHS_03,physics,20260813,V52_B_E2_C5_2T,incremental_velocity,X,0.0,0.5,2.8825474209994025e-07,2.955805768560443e-07,0.02478456072461054
R4_LHS_03,physics,20260813,V52_B_E2_C5_2T,incremental_velocity,X,0.5,1.0,4.179803460142258e-08,5.570599530182367e-08,0.24966721490291333
R4_LHS_03,physics,20260813,V52_B_E2_C5_2T,incremental_velocity,X,1.0,2.0,7.506267600086824e-08,1.7709829526266066e-07,0.5761524644292021
R4_LHS_03,physics,20260813,V52_B_E2_C5_2T,incremental_velocity,X,2.0,5.0,1.5226604950905054e-07,3.45555337853076e-07,0.559358421562594
R4_LHS_03,physics,20260813,V52_B_E2_C5_2T,incremental_velocity,X,5.0,10.0,1.2018720951393984e-07,1.8416518884052345e-07,0.3473945305808303
R4_LHS_03,physics,20260813,V52_B_E2_C5_2T,incremental_velocity,X,10.0,20.0,2.2500848287557343e-07,3.238435762536367e-07,0.3051939288758807
R4_LHS_03,physics,20260813,V52_B_E2_C5_2T,total_displacement,Y,0.0,0.5,0.00016163090743437033,0.00016027903416745862,0.008434498460349361
R4_LHS_03,physics,20260813,V52_B_E2_C5_2T,total_displacement,Y,0.5,1.0,6.76707594687614e-08,1.867500803050577e-07,0.6376399980218446
R4_LHS_03,physics,20260813,V52_B_E2_C5_2T,total_displacement,Y,1.0,2.0,3.842773157502974e-07,4.341141210000315e-07,0.11480116135114268
R4_LHS_03,physics,20260813,V52_B_E2_C5_2T,total_displacement,Y,2.0,5.0,1.4548275734997315e-07,1.4409043868698304e-07,0.009662810910130784
R4_LHS_03,physics,20260813,V52_B_E2_C5_2T,total_displacement,Y,5.0,10.0,7.511488698134202e-09,3.6337349047024063e-09,1.067153739920214
R4_LHS_03,physics,20260813,V52_B_E2_C5_2T,total_displacement,Y,10.0,20.0,1.425661933844291e-08,6.522797164435053e-09,1.1856603814351006
R4_LHS_03,physics,20260813,V52_B_E2_C5_2T,incremental_velocity,Y,0.0,0.5,5.6564235656862536e-05,5.88020169733081e-05,0.03805619996778944
R4_LHS_03,physics,20260813,V52_B_E2_C5_2T,incremental_velocity,Y,0.5,1.0,2.5880107024173e-06,4.196749996920432e-06,0.38332978988112754
R4_LHS_03,physics,20260813,V52_B_E2_C5_2T,incremental_velocity,Y,1.0,2.0,4.043649327851314e-06,5.555394390831044e-06,0.27212200550060034
R4_LHS_03,physics,20260813,V52_B_E2_C5_2T,incremental_velocity,Y,2.0,5.0,1.8552407264367407e-06,2.035930874272936e-06,0.08875063005305743
R4_LHS_03,physics,20260813,V52_B_E2_C5_2T,incremental_velocity,Y,5.0,10.0,6.314489120449535e-06,6.4249471565210155e-06,0.017192053627922914
R4_LHS_03,physics,20260813,V52_B_E2_C5_2T,incremental_velocity,Y,10.0,20.0,3.146703118502472e-05,3.6321211108936735e-05,0.13364587181173754
R4_LHS_03,physics,20260813,V52_B_E2_C5_2T,total_displacement,Z,0.0,0.5,8.051003146353928e-05,8.013514552995255e-05,0.004678171245681487
R4_LHS_03,physics,20260813,V52_B_E2_C5_2T,total_displacement,Z,0.5,1.0,3.824907508492833e-08,2.285818962734892e-08,0.673320403255594
R4_LHS_03,physics,20260813,V52_B_E2_C5_2T,total_displacement,Z,1.0,2.0,2.3344830898804984e-07,2.3453544780443223e-07,0.004635285738507626
R4_LHS_03,physics,20260813,V52_B_E2_C5_2T,total_displacement,Z,2.0,5.0,4.3848647922904714e-08,3.771270376242093e-08,0.16270231376510283
R4_LHS_03,physics,20260813,V52_B_E2_C5_2T,total_displacement,Z,5.0,10.0,4.2085114027247474e-09,1.2346541809788953e-09,2.4086560168516415
R4_LHS_03,physics,20260813,V52_B_E2_C5_2T,total_displacement,Z,10.0,20.0,8.501016508597725e-09,9.816469383417767e-10,7.65995316295476
R4_LHS_03,physics,20260813,V52_B_E2_C5_2T,incremental_velocity,Z,0.0,0.5,3.4899370825561e-05,3.44111257927699e-05,0.014188580627422724
R4_LHS_03,physics,20260813,V52_B_E2_C5_2T,incremental_velocity,Z,0.5,1.0,4.817631431874575e-07,4.361596030888561e-07,0.10455700109693768
R4_LHS_03,physics,20260813,V52_B_E2_C5_2T,incremental_velocity,Z,1.0,2.0,1.701176901011213e-06,2.0061087741500515e-06,0.15200166464953127
R4_LHS_03,physics,20260813,V52_B_E2_C5_2T,incremental_velocity,Z,2.0,5.0,2.8668382363570524e-07,3.3049846495776243e-07,0.13257139130027937
R4_LHS_03,physics,20260813,V52_B_E2_C5_2T,incremental_velocity,Z,5.0,10.0,1.973416776742224e-06,1.934980231553094e-06,0.019864050579100366
R4_LHS_03,physics,20260813,V52_B_E2_C5_2T,incremental_velocity,Z,10.0,20.0,2.921828781548765e-06,5.874292437407347e-06,0.5026075373873741
R4_LHS_03,physics,20260813,V52_CPLUS_E2_C5_2T,total_displacement,X,0.0,0.5,9.808760542624286e-07,9.879378568400453e-07,0.007148023055017063
R4_LHS_03,physics,20260813,V52_CPLUS_E2_C5_2T,total_displacement,X,0.5,1.0,1.873542341159485e-08,1.961882351274555e-08,0.045028189410888514
R4_LHS_03,physics,20260813,V52_CPLUS_E2_C5_2T,total_displacement,X,1.0,2.0,5.275871484249593e-05,5.274223844815139e-05,0.00031239467321314985
R4_LHS_03,physics,20260813,V52_CPLUS_E2_C5_2T,total_displacement,X,2.0,5.0,4.0201596534598645e-06,4.028061997039995e-06,0.001961822729128157
R4_LHS_03,physics,20260813,V52_CPLUS_E2_C5_2T,total_displacement,X,5.0,10.0,4.10733514516401e-10,3.5659932738667744e-10,0.15180675613283842
R4_LHS_03,physics,20260813,V52_CPLUS_E2_C5_2T,total_displacement,X,10.0,20.0,5.36987158527742e-10,1.914999258974178e-10,1.804111573470759
R4_LHS_03,physics,20260813,V52_CPLUS_E2_C5_2T,incremental_velocity,X,0.0,0.5,6.128467279772398e-07,6.94099331867449e-07,0.11706192494322404
R4_LHS_03,physics,20260813,V52_CPLUS_E2_C5_2T,incremental_velocity,X,0.5,1.0,3.5208914928742636e-08,3.825343471720604e-08,0.07958814184844971
R4_LHS_03,physics,20260813,V52_CPLUS_E2_C5_2T,incremental_velocity,X,1.0,2.0,1.3692479250343446e-07,2.511676669515651e-07,0.454847058280639
R4_LHS_03,physics,20260813,V52_CPLUS_E2_C5_2T,incremental_velocity,X,2.0,5.0,2.2478886500186694e-07,3.862159772639777e-07,0.41797108810901346
R4_LHS_03,physics,20260813,V52_CPLUS_E2_C5_2T,incremental_velocity,X,5.0,10.0,2.654974970338403e-07,3.8693017154452754e-07,0.3138361478143683
R4_LHS_03,physics,20260813,V52_CPLUS_E2_C5_2T,incremental_velocity,X,10.0,20.0,5.046289174406747e-07,6.464581969632264e-07,0.2193943555651436
R4_LHS_03,physics,20260813,V52_CPLUS_E2_C5_2T,total_displacement,Y,0.0,0.5,0.0003711363771650166,0.0003748303333405422,0.009855008645123637
R4_LHS_03,physics,20260813,V52_CPLUS_E2_C5_2T,total_displacement,Y,0.5,1.0,1.2004033361365515e-07,1.3863932893004358e-07,0.1341538181115501
R4_LHS_03,physics,20260813,V52_CPLUS_E2_C5_2T,total_displacement,Y,1.0,2.0,4.119345635217708e-07,5.303312753586746e-07,0.22325048010195045
R4_LHS_03,physics,20260813,V52_CPLUS_E2_C5_2T,total_displacement,Y,2.0,5.0,1.5164056822696179e-07,1.533256791250385e-07,0.010990402310251616
R4_LHS_03,physics,20260813,V52_CPLUS_E2_C5_2T,total_displacement,Y,5.0,10.0,1.4831714833075302e-08,6.314276395206438e-09,1.3489175805378086
R4_LHS_03,physics,20260813,V52_CPLUS_E2_C5_2T,total_displacement,Y,10.0,20.0,3.837109888130598e-08,1.3290059830348125e-08,1.8872028697481702
R4_LHS_03,physics,20260813,V52_CPLUS_E2_C5_2T,incremental_velocity,Y,0.0,0.5,0.00013152513592536128,0.00013793285051861063,0.04645531915825069
R4_LHS_03,physics,20260813,V52_CPLUS_E2_C5_2T,incremental_velocity,Y,0.5,1.0,2.3263927869871603e-06,2.7928913167989217e-06,0.16703067785195438
R4_LHS_03,physics,20260813,V52_CPLUS_E2_C5_2T,incremental_velocity,Y,1.0,2.0,8.233848190323247e-06,1.376506904025746e-05,0.4018302293840698
R4_LHS_03,physics,20260813,V52_CPLUS_E2_C5_2T,incremental_velocity,Y,2.0,5.0,3.835119803072064e-06,4.9054122082645384e-06,0.21818602795281258
R4_LHS_03,physics,20260813,V52_CPLUS_E2_C5_2T,incremental_velocity,Y,5.0,10.0,1.3425956044151866e-05,1.4667900740171351e-05,0.0846709231279524
R4_LHS_03,physics,20260813,V52_CPLUS_E2_C5_2T,incremental_velocity,Y,10.0,20.0,7.31962064150571e-05,7.618356208187628e-05,0.03921260157944054
R4_LHS_03,physics,20260813,V52_CPLUS_E2_C5_2T,total_displacement,Z,0.0,0.5,0.00018397259932051964,0.00018733093118715094,0.01792726831254686
R4_LHS_03,physics,20260813,V52_CPLUS_E2_C5_2T,total_displacement,Z,0.5,1.0,4.832323950553741e-08,2.5999678058567886e-08,0.8586091488010967
R4_LHS_03,physics,20260813,V52_CPLUS_E2_C5_2T,total_displacement,Z,1.0,2.0,2.5472547890761043e-07,2.680162239686956e-07,0.04958933031844206
R4_LHS_03,physics,20260813,V52_CPLUS_E2_C5_2T,total_displacement,Z,2.0,5.0,4.8094153354064007e-08,3.9098257875347495e-08,0.23008430471242727
R4_LHS_03,physics,20260813,V52_CPLUS_E2_C5_2T,total_displacement,Z,5.0,10.0,7.622834359292444e-09,2.3849673359128717e-09,2.196200738059468
R4_LHS_03,physics,20260813,V52_CPLUS_E2_C5_2T,total_displacement,Z,10.0,20.0,1.6307701251461235e-08,1.8183474847375167e-09,7.968418516450554
R4_LHS_03,physics,20260813,V52_CPLUS_E2_C5_2T,incremental_velocity,Z,0.0,0.5,8.152676458951818e-05,8.066883419534748e-05,0.01063521498393224
R4_LHS_03,physics,20260813,V52_CPLUS_E2_C5_2T,incremental_velocity,Z,0.5,1.0,3.8172817875481305e-07,3.928331010173479e-07,0.028268804827738896
R4_LHS_03,physics,20260813,V52_CPLUS_E2_C5_2T,incremental_velocity,Z,1.0,2.0,3.903308341717747e-06,5.255450324296254e-06,0.25728375289315847
R4_LHS_03,physics,20260813,V52_CPLUS_E2_C5_2T,incremental_velocity,Z,2.0,5.0,4.901332819484757e-07,7.409654872240253e-07,0.3385207672968341
R4_LHS_03,physics,20260813,V52_CPLUS_E2_C5_2T,incremental_velocity,Z,5.0,10.0,4.333167905038349e-06,4.961401239701363e-06,0.12662417416190047
R4_LHS_03,physics,20260813,V52_CPLUS_E2_C5_2T,incremental_velocity,Z,10.0,20.0,6.768330974516833e-06,1.1991754160976115e-05,0.43558457889818025
R4_LHS_03,physics,20260813,V52_C_E2_C5_2T,total_displacement,X,0.0,0.5,6.029803912426747e-07,6.151453530735914e-07,0.019775751812371015
R4_LHS_03,physics,20260813,V52_C_E2_C5_2T,total_displacement,X,0.5,1.0,1.9150158879323124e-08,2.0947632474953008e-08,0.08580795933760606
R4_LHS_03,physics,20260813,V52_C_E2_C5_2T,total_displacement,X,1.0,2.0,5.2747155223725375e-05,5.2750198486356814e-05,5.769196550467374e-05
R4_LHS_03,physics,20260813,V52_C_E2_C5_2T,total_displacement,X,2.0,5.0,4.021372087853657e-06,4.016866327733942e-06,0.00112171024676758
R4_LHS_03,physics,20260813,V52_C_E2_C5_2T,total_displacement,X,5.0,10.0,3.3572015148898027e-10,3.055300631994425e-10,0.09881216916395687
R4_LHS_03,physics,20260813,V52_C_E2_C5_2T,total_displacement,X,10.0,20.0,3.5070655620725095e-10,1.7640967561258749e-10,0.9880233609036053
R4_LHS_03,physics,20260813,V52_C_E2_C5_2T,incremental_velocity,X,0.0,0.5,3.7909266984683817e-07,4.22103104997353e-07,0.10189556684446698
R4_LHS_03,physics,20260813,V52_C_E2_C5_2T,incremental_velocity,X,0.5,1.0,5.735366971616035e-08,7.994721820445745e-08,0.2826058116308217
R4_LHS_03,physics,20260813,V52_C_E2_C5_2T,incremental_velocity,X,1.0,2.0,7.067617659957859e-08,1.7131818322004166e-07,0.5874566536302696
R4_LHS_03,physics,20260813,V52_C_E2_C5_2T,incremental_velocity,X,2.0,5.0,2.4277047494146163e-07,3.4846153079688026e-07,0.3033076724817191
R4_LHS_03,physics,20260813,V52_C_E2_C5_2T,incremental_velocity,X,5.0,10.0,1.7795198924374222e-07,2.392049300869982e-07,0.25606888963776137
R4_LHS_03,physics,20260813,V52_C_E2_C5_2T,incremental_velocity,X,10.0,20.0,3.398258011171899e-07,4.4681152461335036e-07,0.2394426231255805
R4_LHS_03,physics,20260813,V52_C_E2_C5_2T,total_displacement,Y,0.0,0.5,0.0002253228448501599,0.00023079759933342797,0.02372102005861341
R4_LHS_03,physics,20260813,V52_C_E2_C5_2T,total_displacement,Y,0.5,1.0,1.3077543145715978e-07,2.688849380729555e-07,0.5136379434474794
R4_LHS_03,physics,20260813,V52_C_E2_C5_2T,total_displacement,Y,1.0,2.0,3.9739199663380535e-07,4.634275420401587e-07,0.1424937868725787
R4_LHS_03,physics,20260813,V52_C_E2_C5_2T,total_displacement,Y,2.0,5.0,1.4872264217260618e-07,1.469759644510981e-07,0.011884104506687792
R4_LHS_03,physics,20260813,V52_C_E2_C5_2T,total_displacement,Y,5.0,10.0,9.918794589444247e-09,4.553115250448652e-09,1.1784633254049248
R4_LHS_03,physics,20260813,V52_C_E2_C5_2T,total_displacement,Y,10.0,20.0,2.286033060139698e-08,9.100368401535539e-09,1.5120225459817287
R4_LHS_03,physics,20260813,V52_C_E2_C5_2T,incremental_velocity,Y,0.0,0.5,8.076858186623103e-05,8.465063857449733e-05,0.04585974510812307
R4_LHS_03,physics,20260813,V52_C_E2_C5_2T,incremental_velocity,Y,0.5,1.0,3.5938131082574064e-06,6.086450697607729e-06,0.4095387793628313
R4_LHS_03,physics,20260813,V52_C_E2_C5_2T,incremental_velocity,Y,1.0,2.0,5.180291338575999e-06,8.022437430014435e-06,0.354274634889028
R4_LHS_03,physics,20260813,V52_C_E2_C5_2T,incremental_velocity,Y,2.0,5.0,2.6135530169847237e-06,3.159220156294153e-06,0.1727220998581849
R4_LHS_03,physics,20260813,V52_C_E2_C5_2T,incremental_velocity,Y,5.0,10.0,9.341022057522625e-06,9.37994258487316e-06,0.004149335350229217
R4_LHS_03,physics,20260813,V52_C_E2_C5_2T,incremental_velocity,Y,10.0,20.0,4.94569914508339e-05,5.107119370103869e-05,0.03160690270241237
R4_LHS_03,physics,20260813,V52_C_E2_C5_2T,total_displacement,Z,0.0,0.5,0.00011223461186051107,0.0001153591686430999,0.027085465501711755
R4_LHS_03,physics,20260813,V52_C_E2_C5_2T,total_displacement,Z,0.5,1.0,5.5127273684983725e-08,3.216042254968157e-08,0.7141339980786279
R4_LHS_03,physics,20260813,V52_C_E2_C5_2T,total_displacement,Z,1.0,2.0,2.431554527640492e-07,2.4399488801123886e-07,0.0034403804687538116
R4_LHS_03,physics,20260813,V52_C_E2_C5_2T,total_displacement,Z,2.0,5.0,4.720369585448782e-08,3.812947747159086e-08,0.237984336125715
R4_LHS_03,physics,20260813,V52_C_E2_C5_2T,total_displacement,Z,5.0,10.0,4.418039830730763e-09,1.6252453297733348e-09,1.718383341761041
R4_LHS_03,physics,20260813,V52_C_E2_C5_2T,total_displacement,Z,10.0,20.0,9.015765695299749e-09,1.2906546545729647e-09,5.985420664897203
R4_LHS_03,physics,20260813,V52_C_E2_C5_2T,incremental_velocity,Z,0.0,0.5,4.976867025891429e-05,4.9541238273766514e-05,0.004590761011886302
R4_LHS_03,physics,20260813,V52_C_E2_C5_2T,incremental_velocity,Z,0.5,1.0,6.512016265405599e-07,6.246333183172962e-07,0.04253424760439652
R4_LHS_03,physics,20260813,V52_C_E2_C5_2T,incremental_velocity,Z,1.0,2.0,2.4546049423287654e-06,2.9176102995764796e-06,0.15869335164978138
R4_LHS_03,physics,20260813,V52_C_E2_C5_2T,incremental_velocity,Z,2.0,5.0,3.648136817152512e-07,4.6415162925277365e-07,0.21402046503088695
R4_LHS_03,physics,20260813,V52_C_E2_C5_2T,incremental_velocity,Z,5.0,10.0,2.8410446702989264e-06,2.9569305785215916e-06,0.039191284727626556
R4_LHS_03,physics,20260813,V52_C_E2_C5_2T,incremental_velocity,Z,10.0,20.0,4.343053665473234e-06,8.1088878609231e-06,0.4644082221925278
R4_LHS_03,physics,20260813,V40_A_E3_C6_1T,total_displacement,X,0.0,0.5,9.751257406353719e-07,9.522061524910742e-07,0.024069985353841278
R4_LHS_03,physics,20260813,V40_A_E3_C6_1T,total_displacement,X,0.5,1.0,3.458862898198051e-10,8.478142186816016e-10,0.5920258445798684
R4_LHS_03,physics,20260813,V40_A_E3_C6_1T,total_displacement,X,1.0,2.0,2.344239683489199e-10,4.4432160028224247e-10,0.472400242977139
R4_LHS_03,physics,20260813,V40_A_E3_C6_1T,total_displacement,X,2.0,5.0,2.8138287382545926e-10,6.067262676343792e-11,3.637723613361406
R4_LHS_03,physics,20260813,V40_A_E3_C6_1T,total_displacement,X,5.0,10.0,1.1652927174753169e-10,1.0578546617323055e-10,0.10156220852406564
R4_LHS_03,physics,20260813,V40_A_E3_C6_1T,total_displacement,X,10.0,20.0,4.701967677769626e-11,1.42095004428723e-11,2.3090309519841026
R4_LHS_03,physics,20260813,V40_A_E3_C6_1T,incremental_velocity,X,0.0,0.5,1.8874754455475537e-07,1.8678442348004482e-07,0.010510089857253423
R4_LHS_03,physics,20260813,V40_A_E3_C6_1T,incremental_velocity,X,0.5,1.0,8.178690712004944e-09,1.2099487920970415e-08,0.32404654102510244
R4_LHS_03,physics,20260813,V40_A_E3_C6_1T,incremental_velocity,X,1.0,2.0,1.3660176695966133e-08,1.6793544362508222e-08,0.18658167679822066
R4_LHS_03,physics,20260813,V40_A_E3_C6_1T,incremental_velocity,X,2.0,5.0,5.673329126776047e-09,6.580434723814774e-09,0.13784888614666857
R4_LHS_03,physics,20260813,V40_A_E3_C6_1T,incremental_velocity,X,5.0,10.0,1.9683734074267501e-07,2.2125043412966268e-07,0.11034144851747724
R4_LHS_03,physics,20260813,V40_A_E3_C6_1T,incremental_velocity,X,10.0,20.0,1.0067773626872516e-08,2.010718991668181e-08,0.49929484584417994
R4_LHS_03,physics,20260813,V40_A_E3_C6_1T,total_displacement,Y,0.0,0.5,4.386606407487428e-05,4.5065420924616204e-05,0.026613683510205356
R4_LHS_03,physics,20260813,V40_A_E3_C6_1T,total_displacement,Y,0.5,1.0,1.5081843763133168e-07,1.833100716015939e-07,0.1772495841956766
R4_LHS_03,physics,20260813,V40_A_E3_C6_1T,total_displacement,Y,1.0,2.0,6.483972236358229e-08,7.832290413976396e-08,0.17214864443894334
R4_LHS_03,physics,20260813,V40_A_E3_C6_1T,total_displacement,Y,2.0,5.0,6.568323673840796e-08,6.564878121365765e-08,0.0005248463735857536
R4_LHS_03,physics,20260813,V40_A_E3_C6_1T,total_displacement,Y,5.0,10.0,2.1524359469359227e-08,1.798528937954654e-08,0.196775821346385
R4_LHS_03,physics,20260813,V40_A_E3_C6_1T,total_displacement,Y,10.0,20.0,1.1579430906587452e-08,1.0553274211583784e-08,0.09723586011603
R4_LHS_03,physics,20260813,V40_A_E3_C6_1T,incremental_velocity,Y,0.0,0.5,8.801909369671615e-06,8.769608139027727e-06,0.0036833151643499364
R4_LHS_03,physics,20260813,V40_A_E3_C6_1T,incremental_velocity,Y,0.5,1.0,1.2527629697826556e-06,1.744086600488801e-06,0.2817082767383489
R4_LHS_03,physics,20260813,V40_A_E3_C6_1T,incremental_velocity,Y,1.0,2.0,1.4178659483098543e-06,2.0464654747643483e-06,0.30716351397371
R4_LHS_03,physics,20260813,V40_A_E3_C6_1T,incremental_velocity,Y,2.0,5.0,4.612179020384262e-07,1.0281634975361297e-06,0.5514157980285437
R4_LHS_03,physics,20260813,V40_A_E3_C6_1T,incremental_velocity,Y,5.0,10.0,4.33468786361127e-06,4.595876850970625e-06,0.0568311544954025
R4_LHS_03,physics,20260813,V40_A_E3_C6_1T,incremental_velocity,Y,10.0,20.0,1.6502040419385325e-06,2.62954810250355e-06,0.3724381613831669
R4_LHS_03,physics,20260813,V40_A_E3_C6_1T,total_displacement,Z,0.0,0.5,6.938188317742436e-05,6.954247652283686e-05,0.002309284245288051
R4_LHS_03,physics,20260813,V40_A_E3_C6_1T,total_displacement,Z,0.5,1.0,9.487521166919076e-07,9.230817764041976e-07,0.027809389096280356
R4_LHS_03,physics,20260813,V40_A_E3_C6_1T,total_displacement,Z,1.0,2.0,3.5530654453763826e-07,3.4447662941031e-07,0.03143875143538009
R4_LHS_03,physics,20260813,V40_A_E3_C6_1T,total_displacement,Z,2.0,5.0,2.756120743712407e-07,2.669287299105266e-07,0.03253057272487944
R4_LHS_03,physics,20260813,V40_A_E3_C6_1T,total_displacement,Z,5.0,10.0,8.141963476819005e-08,7.648298265602093e-08,0.06454575829464597
R4_LHS_03,physics,20260813,V40_A_E3_C6_1T,total_displacement,Z,10.0,20.0,5.517804364958766e-08,5.330295319939153e-08,0.03517798428882425
R4_LHS_03,physics,20260813,V40_A_E3_C6_1T,incremental_velocity,Z,0.0,0.5,1.0756735752362215e-05,1.1232334204529084e-05,0.04234190716788848
R4_LHS_03,physics,20260813,V40_A_E3_C6_1T,incremental_velocity,Z,0.5,1.0,5.786799122292448e-06,6.1245931485077386e-06,0.05515370866676991
R4_LHS_03,physics,20260813,V40_A_E3_C6_1T,incremental_velocity,Z,1.0,2.0,3.642744769474512e-06,4.046414049754481e-06,0.09975975649463313
R4_LHS_03,physics,20260813,V40_A_E3_C6_1T,incremental_velocity,Z,2.0,5.0,2.2824283511576558e-07,4.903350825341545e-07,0.5345166127290776
R4_LHS_03,physics,20260813,V40_A_E3_C6_1T,incremental_velocity,Z,5.0,10.0,5.54029400643732e-06,5.478152392188686e-06,0.011343535155619606
R4_LHS_03,physics,20260813,V40_A_E3_C6_1T,incremental_velocity,Z,10.0,20.0,2.2287308529611626e-07,8.613370034164975e-07,0.7412475205267055
R4_LHS_03,physics,20260813,V40_B_E3_C6_1T,total_displacement,X,0.0,0.5,1.4139699877420976e-06,1.4834755010418227e-06,0.04685315884954782
R4_LHS_03,physics,20260813,V40_B_E3_C6_1T,total_displacement,X,0.5,1.0,4.6313129018743064e-10,1.2313814835036773e-09,0.6238929231990131
R4_LHS_03,physics,20260813,V40_B_E3_C6_1T,total_displacement,X,1.0,2.0,2.423733768963872e-10,5.80514926073146e-10,0.5824855382515217
R4_LHS_03,physics,20260813,V40_B_E3_C6_1T,total_displacement,X,2.0,5.0,1.7461744980159807e-10,6.827323453381056e-11,1.5576267331398117
R4_LHS_03,physics,20260813,V40_B_E3_C6_1T,total_displacement,X,5.0,10.0,1.6465931470967726e-10,1.6583070848948297e-10,0.00706379289141129
R4_LHS_03,physics,20260813,V40_B_E3_C6_1T,total_displacement,X,10.0,20.0,5.688888913718038e-11,1.6017055310824004e-11,2.5517695377336937
R4_LHS_03,physics,20260813,V40_B_E3_C6_1T,incremental_velocity,X,0.0,0.5,3.274997455944594e-07,2.9089270134500794e-07,0.12584380453751687
R4_LHS_03,physics,20260813,V40_B_E3_C6_1T,incremental_velocity,X,0.5,1.0,1.1817245111958935e-08,1.8480673695962103e-08,0.36056199539192557
R4_LHS_03,physics,20260813,V40_B_E3_C6_1T,incremental_velocity,X,1.0,2.0,2.1429109263265044e-08,2.5923105653014046e-08,0.1733587190478657
R4_LHS_03,physics,20260813,V40_B_E3_C6_1T,incremental_velocity,X,2.0,5.0,7.24179329141097e-09,9.421451231116742e-09,0.23135055165460033
R4_LHS_03,physics,20260813,V40_B_E3_C6_1T,incremental_velocity,X,5.0,10.0,2.901092139614236e-07,3.696146202887617e-07,0.21510352124389576
R4_LHS_03,physics,20260813,V40_B_E3_C6_1T,incremental_velocity,X,10.0,20.0,1.6514800206374467e-08,3.855722959802943e-08,0.5716808396623366
R4_LHS_03,physics,20260813,V40_B_E3_C6_1T,total_displacement,Y,0.0,0.5,7.193235302541988e-05,6.531464575518662e-05,0.1013204189308146
R4_LHS_03,physics,20260813,V40_B_E3_C6_1T,total_displacement,Y,0.5,1.0,1.559735291871088e-07,2.0789075632581838e-07,0.24973321592683956
R4_LHS_03,physics,20260813,V40_B_E3_C6_1T,total_displacement,Y,1.0,2.0,6.596607490058761e-08,9.118910961889759e-08,0.2766013926851949
R4_LHS_03,physics,20260813,V40_B_E3_C6_1T,total_displacement,Y,2.0,5.0,6.61754173412778e-08,6.621133645982232e-08,0.0005424919729011274
R4_LHS_03,physics,20260813,V40_B_E3_C6_1T,total_displacement,Y,5.0,10.0,2.7807914771859196e-08,1.8881827939470385e-08,0.4727342533256437
R4_LHS_03,physics,20260813,V40_B_E3_C6_1T,total_displacement,Y,10.0,20.0,1.3222270468819939e-08,1.0775105287619546e-08,0.22711287879591802
R4_LHS_03,physics,20260813,V40_B_E3_C6_1T,incremental_velocity,Y,0.0,0.5,1.3936122893356197e-05,1.3142369093933514e-05,0.060396553600756624
R4_LHS_03,physics,20260813,V40_B_E3_C6_1T,incremental_velocity,Y,0.5,1.0,1.4533732074133856e-06,2.186541475432578e-06,0.33530956364509157
R4_LHS_03,physics,20260813,V40_B_E3_C6_1T,incremental_velocity,Y,1.0,2.0,1.7430409901738443e-06,2.8385949032079204e-06,0.3859493694559873
R4_LHS_03,physics,20260813,V40_B_E3_C6_1T,incremental_velocity,Y,2.0,5.0,6.181132198548641e-07,1.193499878968991e-06,0.4821003078870662
R4_LHS_03,physics,20260813,V40_B_E3_C6_1T,incremental_velocity,Y,5.0,10.0,6.4398736806768515e-06,6.668503077797154e-06,0.03428496537424218
R4_LHS_03,physics,20260813,V40_B_E3_C6_1T,incremental_velocity,Y,10.0,20.0,2.784503161952471e-06,5.110667888900466e-06,0.45515865587745274
R4_LHS_03,physics,20260813,V40_B_E3_C6_1T,total_displacement,Z,0.0,0.5,8.399147695812785e-05,8.125196469188047e-05,0.03371625875923147
R4_LHS_03,physics,20260813,V40_B_E3_C6_1T,total_displacement,Z,0.5,1.0,8.969772153453896e-07,9.13219718692878e-07,0.017785975286141203
R4_LHS_03,physics,20260813,V40_B_E3_C6_1T,total_displacement,Z,1.0,2.0,3.5532341415925975e-07,3.508986360577495e-07,0.012609846966695018
R4_LHS_03,physics,20260813,V40_B_E3_C6_1T,total_displacement,Z,2.0,5.0,2.7146110979963354e-07,2.6721907246300626e-07,0.01587475511207958
R4_LHS_03,physics,20260813,V40_B_E3_C6_1T,total_displacement,Z,5.0,10.0,8.825805182072307e-08,7.805573066426597e-08,0.13070560059631517
R4_LHS_03,physics,20260813,V40_B_E3_C6_1T,total_displacement,Z,10.0,20.0,5.753298344350174e-08,5.336267841334169e-08,0.07815021948218763
R4_LHS_03,physics,20260813,V40_B_E3_C6_1T,incremental_velocity,Z,0.0,0.5,1.2622532766462734e-05,1.285352833606071e-05,0.0179713743618486
R4_LHS_03,physics,20260813,V40_B_E3_C6_1T,incremental_velocity,Z,0.5,1.0,5.917898822972422e-06,6.001126933034454e-06,0.013868746818849304
R4_LHS_03,physics,20260813,V40_B_E3_C6_1T,incremental_velocity,Z,1.0,2.0,4.247030345634681e-06,4.523836591613668e-06,0.061188382996002225
R4_LHS_03,physics,20260813,V40_B_E3_C6_1T,incremental_velocity,Z,2.0,5.0,3.099513181224651e-07,5.196215780942106e-07,0.4035056833874035
R4_LHS_03,physics,20260813,V40_B_E3_C6_1T,incremental_velocity,Z,5.0,10.0,7.324500670637361e-06,9.631059577881018e-06,0.23949170790522048
R4_LHS_03,physics,20260813,V40_B_E3_C6_1T,incremental_velocity,Z,10.0,20.0,4.172832618216548e-07,1.850840313733448e-06,0.7745438875923736
R4_LHS_03,physics,20260813,V40_CPLUS_E3_C6_1T,total_displacement,X,0.0,0.5,3.10478253750356e-06,3.45822610860022e-06,0.10220371947851692
R4_LHS_03,physics,20260813,V40_CPLUS_E3_C6_1T,total_displacement,X,0.5,1.0,5.375754000518796e-10,8.357046228132165e-10,0.356739946893856
R4_LHS_03,physics,20260813,V40_CPLUS_E3_C6_1T,total_displacement,X,1.0,2.0,4.876780908513273e-10,1.1106009913181577e-09,0.5608881185379561
R4_LHS_03,physics,20260813,V40_CPLUS_E3_C6_1T,total_displacement,X,2.0,5.0,3.518624442024322e-10,1.0230604901726174e-10,2.4393122164561714
R4_LHS_03,physics,20260813,V40_CPLUS_E3_C6_1T,total_displacement,X,5.0,10.0,3.9653981770410746e-10,3.4270141571768595e-10,0.1571000279461146
R4_LHS_03,physics,20260813,V40_CPLUS_E3_C6_1T,total_displacement,X,10.0,20.0,1.3729488594086803e-10,1.9777857431833948e-11,5.941848297474405
R4_LHS_03,physics,20260813,V40_CPLUS_E3_C6_1T,incremental_velocity,X,0.0,0.5,7.259365759750323e-07,6.784112373285807e-07,0.07005387887381537
R4_LHS_03,physics,20260813,V40_CPLUS_E3_C6_1T,incremental_velocity,X,0.5,1.0,1.2038760537075473e-08,1.4146806083875969e-08,0.14901211865787653
R4_LHS_03,physics,20260813,V40_CPLUS_E3_C6_1T,incremental_velocity,X,1.0,2.0,6.524298142724816e-08,6.309465582065305e-08,0.03404924836584805
R4_LHS_03,physics,20260813,V40_CPLUS_E3_C6_1T,incremental_velocity,X,2.0,5.0,2.0266197414848386e-08,2.4383847070267642e-08,0.16886792488294836
R4_LHS_03,physics,20260813,V40_CPLUS_E3_C6_1T,incremental_velocity,X,5.0,10.0,6.54523665763045e-07,8.050989182720458e-07,0.18702702126612586
R4_LHS_03,physics,20260813,V40_CPLUS_E3_C6_1T,incremental_velocity,X,10.0,20.0,4.383121896565418e-08,7.409828398009825e-08,0.4084718753078462
R4_LHS_03,physics,20260813,V40_CPLUS_E3_C6_1T,total_displacement,Y,0.0,0.5,0.00012995676486273497,0.0001394584912113866,0.06813300693357734
R4_LHS_03,physics,20260813,V40_CPLUS_E3_C6_1T,total_displacement,Y,0.5,1.0,1.6093402752171183e-07,1.8698422715073907e-07,0.1393176313637761
R4_LHS_03,physics,20260813,V40_CPLUS_E3_C6_1T,total_displacement,Y,1.0,2.0,7.562615375454687e-08,1.4131890195941427e-07,0.46485464643458574
R4_LHS_03,physics,20260813,V40_CPLUS_E3_C6_1T,total_displacement,Y,2.0,5.0,6.656817804727889e-08,6.83866548513328e-08,0.026591106232745677
R4_LHS_03,physics,20260813,V40_CPLUS_E3_C6_1T,total_displacement,Y,5.0,10.0,4.0715531887810276e-08,2.2282782602148322e-08,0.8272193654972346
R4_LHS_03,physics,20260813,V40_CPLUS_E3_C6_1T,total_displacement,Y,10.0,20.0,1.7064276325584283e-08,1.1302876331251349e-08,0.5097286589258015
R4_LHS_03,physics,20260813,V40_CPLUS_E3_C6_1T,incremental_velocity,Y,0.0,0.5,3.037135122378002e-05,3.0040944225610145e-05,0.010998555694138297
R4_LHS_03,physics,20260813,V40_CPLUS_E3_C6_1T,incremental_velocity,Y,0.5,1.0,1.5423940187260906e-06,1.9818482275614587e-06,0.22173958768582863
R4_LHS_03,physics,20260813,V40_CPLUS_E3_C6_1T,incremental_velocity,Y,1.0,2.0,3.5751586051768446e-06,5.971070779838596e-06,0.40125335354449027
R4_LHS_03,physics,20260813,V40_CPLUS_E3_C6_1T,incremental_velocity,Y,2.0,5.0,8.262460981438313e-07,1.9996351119923223e-06,0.5868015653512871
R4_LHS_03,physics,20260813,V40_CPLUS_E3_C6_1T,incremental_velocity,Y,5.0,10.0,1.7476658671910505e-05,1.4610003337773052e-05,0.19621181924893433
R4_LHS_03,physics,20260813,V40_CPLUS_E3_C6_1T,incremental_velocity,Y,10.0,20.0,7.41457804294289e-06,1.008820879208484e-05,0.2650253185917076
R4_LHS_03,physics,20260813,V40_CPLUS_E3_C6_1T,total_displacement,Z,0.0,0.5,0.00011779133230559787,0.00012258751347153296,0.03912454890480221
R4_LHS_03,physics,20260813,V40_CPLUS_E3_C6_1T,total_displacement,Z,0.5,1.0,9.041900398471798e-07,9.273528337615531e-07,0.02497732585818471
R4_LHS_03,physics,20260813,V40_CPLUS_E3_C6_1T,total_displacement,Z,1.0,2.0,3.7671323699107575e-07,3.687739010598623e-07,0.021529007091867548
R4_LHS_03,physics,20260813,V40_CPLUS_E3_C6_1T,total_displacement,Z,2.0,5.0,2.766725683379141e-07,2.6856009041747297e-07,0.030207310057985153
R4_LHS_03,physics,20260813,V40_CPLUS_E3_C6_1T,total_displacement,Z,5.0,10.0,9.499230659171754e-08,8.246984873153691e-08,0.15184286200093366
R4_LHS_03,physics,20260813,V40_CPLUS_E3_C6_1T,total_displacement,Z,10.0,20.0,5.867014183574625e-08,5.3588365511179616e-08,0.09482984368139523
R4_LHS_03,physics,20260813,V40_CPLUS_E3_C6_1T,incremental_velocity,Z,0.0,0.5,2.2780333830927185e-05,2.139180789108987e-05,0.06490923754114612
R4_LHS_03,physics,20260813,V40_CPLUS_E3_C6_1T,incremental_velocity,Z,0.5,1.0,6.2685069858466895e-06,6.166947945701524e-06,0.01646828237231261
R4_LHS_03,physics,20260813,V40_CPLUS_E3_C6_1T,incremental_velocity,Z,1.0,2.0,6.19013399477445e-06,6.042088931102138e-06,0.024502298023161964
R4_LHS_03,physics,20260813,V40_CPLUS_E3_C6_1T,incremental_velocity,Z,2.0,5.0,3.0651145546186085e-07,6.225656906199683e-07,0.5076640745225967
R4_LHS_03,physics,20260813,V40_CPLUS_E3_C6_1T,incremental_velocity,Z,5.0,10.0,1.7676098809535825e-05,2.0821955713284553e-05,0.15108364204913036
R4_LHS_03,physics,20260813,V40_CPLUS_E3_C6_1T,incremental_velocity,Z,10.0,20.0,1.0637557664591784e-06,3.5476978790534338e-06,0.7001560440814648
R4_LHS_03,physics,20260813,V40_C_E3_C6_1T,total_displacement,X,0.0,0.5,1.9436050480732434e-06,2.1329153500475316e-06,0.08875659410021569
R4_LHS_03,physics,20260813,V40_C_E3_C6_1T,total_displacement,X,0.5,1.0,7.158374198702455e-10,1.6995277329041119e-09,0.578802154262561
R4_LHS_03,physics,20260813,V40_C_E3_C6_1T,total_displacement,X,1.0,2.0,4.140295438345994e-10,7.321433851447232e-10,0.4344966406371917
R4_LHS_03,physics,20260813,V40_C_E3_C6_1T,total_displacement,X,2.0,5.0,1.4216395796083602e-10,7.911331381613622e-11,0.7969662892801209
R4_LHS_03,physics,20260813,V40_C_E3_C6_1T,total_displacement,X,5.0,10.0,2.1705790669737632e-10,2.2931325819208262e-10,0.05344371098002844
R4_LHS_03,physics,20260813,V40_C_E3_C6_1T,total_displacement,X,10.0,20.0,7.262572257461073e-11,1.7068374377089117e-11,3.254987673114099
R4_LHS_03,physics,20260813,V40_C_E3_C6_1T,incremental_velocity,X,0.0,0.5,4.3748233536505e-07,4.181741726656891e-07,0.0461725375727517
R4_LHS_03,physics,20260813,V40_C_E3_C6_1T,incremental_velocity,X,0.5,1.0,1.676660165133206e-08,2.598975933900769e-08,0.3548766099512401
R4_LHS_03,physics,20260813,V40_C_E3_C6_1T,incremental_velocity,X,1.0,2.0,3.1921367582722794e-08,3.498302559837294e-08,0.08751838822633294
R4_LHS_03,physics,20260813,V40_C_E3_C6_1T,incremental_velocity,X,2.0,5.0,1.3669231131398662e-08,1.3763750846332646e-08,0.00686729337004593
R4_LHS_03,physics,20260813,V40_C_E3_C6_1T,incremental_velocity,X,5.0,10.0,4.3945314619385795e-07,5.284014172868257e-07,0.16833465653761687
R4_LHS_03,physics,20260813,V40_C_E3_C6_1T,incremental_velocity,X,10.0,20.0,2.6859280617236303e-08,4.9498647600936936e-08,0.45737344515392586
R4_LHS_03,physics,20260813,V40_C_E3_C6_1T,total_displacement,Y,0.0,0.5,8.604259166606015e-05,8.984502068287141e-05,0.04232208961510287
R4_LHS_03,physics,20260813,V40_C_E3_C6_1T,total_displacement,Y,0.5,1.0,1.6569120023649e-07,2.388893347140527e-07,0.30641022365096326
R4_LHS_03,physics,20260813,V40_C_E3_C6_1T,total_displacement,Y,1.0,2.0,7.78213352173709e-08,1.065998419964028e-07,0.2699676307212821
R4_LHS_03,physics,20260813,V40_C_E3_C6_1T,total_displacement,Y,2.0,5.0,6.804797841315735e-08,6.694746737180827e-08,0.01643842679271404
R4_LHS_03,physics,20260813,V40_C_E3_C6_1T,total_displacement,Y,5.0,10.0,3.002297161551369e-08,2.0052173602760727e-08,0.49724275334321905
R4_LHS_03,physics,20260813,V40_C_E3_C6_1T,total_displacement,Y,10.0,20.0,1.405850890784762e-08,1.0968783080453508e-08,0.28168355639196097
R4_LHS_03,physics,20260813,V40_C_E3_C6_1T,incremental_velocity,Y,0.0,0.5,1.85240853494514e-05,1.856270739409794e-05,0.0020806256235454935
R4_LHS_03,physics,20260813,V40_C_E3_C6_1T,incremental_velocity,Y,0.5,1.0,1.8173894501519103e-06,2.732822713104324e-06,0.33497718624876915
R4_LHS_03,physics,20260813,V40_C_E3_C6_1T,incremental_velocity,Y,1.0,2.0,2.5385629256753726e-06,3.775039124765639e-06,0.327539969315425
R4_LHS_03,physics,20260813,V40_C_E3_C6_1T,incremental_velocity,Y,2.0,5.0,8.476532076639642e-07,1.4338087848140559e-06,0.40881014494977275
R4_LHS_03,physics,20260813,V40_C_E3_C6_1T,incremental_velocity,Y,5.0,10.0,9.793792726380747e-06,9.45556420198096e-06,0.03577031652208829
R4_LHS_03,physics,20260813,V40_C_E3_C6_1T,incremental_velocity,Y,10.0,20.0,4.436981161669485e-06,6.498054749336156e-06,0.31718316745134084
R4_LHS_03,physics,20260813,V40_C_E3_C6_1T,total_displacement,Z,0.0,0.5,9.491059346289433e-05,9.517267423615683e-05,0.002753739719577346
R4_LHS_03,physics,20260813,V40_C_E3_C6_1T,total_displacement,Z,0.5,1.0,9.465513524989503e-07,9.038028315652741e-07,0.04729850299278328
R4_LHS_03,physics,20260813,V40_C_E3_C6_1T,total_displacement,Z,1.0,2.0,3.8674495337566504e-07,3.580949123091206e-07,0.0800068364049046
R4_LHS_03,physics,20260813,V40_C_E3_C6_1T,total_displacement,Z,2.0,5.0,2.7793637029396e-07,2.674610675815566e-07,0.03916571038590193
R4_LHS_03,physics,20260813,V40_C_E3_C6_1T,total_displacement,Z,5.0,10.0,8.726084718526833e-08,7.972394023696686e-08,0.09453756206603935
R4_LHS_03,physics,20260813,V40_C_E3_C6_1T,total_displacement,Z,10.0,20.0,5.99596517722677e-08,5.3407947129492654e-08,0.12267284168196566
R4_LHS_03,physics,20260813,V40_C_E3_C6_1T,incremental_velocity,Z,0.0,0.5,1.521249742093616e-05,1.5102655330076067e-05,0.007273031692734755
R4_LHS_03,physics,20260813,V40_C_E3_C6_1T,incremental_velocity,Z,0.5,1.0,5.7694551113393204e-06,5.903432177605353e-06,0.02269477521470878
R4_LHS_03,physics,20260813,V40_C_E3_C6_1T,incremental_velocity,Z,1.0,2.0,4.6603321100486865e-06,4.9637446826061695e-06,0.0611257411406944
R4_LHS_03,physics,20260813,V40_C_E3_C6_1T,incremental_velocity,Z,2.0,5.0,3.433444178834458e-07,5.628121814204137e-07,0.3899484957540892
R4_LHS_03,physics,20260813,V40_C_E3_C6_1T,incremental_velocity,Z,5.0,10.0,1.1947006449176856e-05,1.3872737929430486e-05,0.13881408919058894
R4_LHS_03,physics,20260813,V40_C_E3_C6_1T,incremental_velocity,Z,10.0,20.0,6.522559995454143e-07,2.312369617683624e-06,0.7179274478624225
R4_LHS_03,physics,20260813,V52_A_E3_C6_1T,total_displacement,X,0.0,0.5,7.313577215169419e-07,7.790401748732007e-07,0.06120666801814131
R4_LHS_03,physics,20260813,V52_A_E3_C6_1T,total_displacement,X,0.5,1.0,4.4733948897814856e-10,9.146099050657795e-10,0.5108958622682142
R4_LHS_03,physics,20260813,V52_A_E3_C6_1T,total_displacement,X,1.0,2.0,3.225654617127979e-10,4.158089898395222e-10,0.22424606106450656
R4_LHS_03,physics,20260813,V52_A_E3_C6_1T,total_displacement,X,2.0,5.0,1.475009966373884e-10,7.943195178185752e-11,0.8569479073417158
R4_LHS_03,physics,20260813,V52_A_E3_C6_1T,total_displacement,X,5.0,10.0,6.002568342461277e-11,3.476859167541182e-11,0.7264341329954598
R4_LHS_03,physics,20260813,V52_A_E3_C6_1T,total_displacement,X,10.0,20.0,1.0078551722202898e-10,3.060711570302705e-11,2.2928786299213835
R4_LHS_03,physics,20260813,V52_A_E3_C6_1T,incremental_velocity,X,0.0,0.5,2.0219144405566003e-07,2.4018615128990883e-07,0.15818858427182395
R4_LHS_03,physics,20260813,V52_A_E3_C6_1T,incremental_velocity,X,0.5,1.0,1.057191280026715e-08,1.7547511753388104e-08,0.3975263872824643
R4_LHS_03,physics,20260813,V52_A_E3_C6_1T,incremental_velocity,X,1.0,2.0,1.5039853976889885e-08,2.3161714174874512e-08,0.3506588561046618
R4_LHS_03,physics,20260813,V52_A_E3_C6_1T,incremental_velocity,X,2.0,5.0,1.1753391173631866e-08,1.3951763210359599e-08,0.15756947731849236
R4_LHS_03,physics,20260813,V52_A_E3_C6_1T,incremental_velocity,X,5.0,10.0,3.3569627758030165e-08,4.719999386619286e-08,0.2887789804973997
R4_LHS_03,physics,20260813,V52_A_E3_C6_1T,incremental_velocity,X,10.0,20.0,8.162929279948133e-08,1.1308920585995571e-07,0.2781867006779837
R4_LHS_03,physics,20260813,V52_A_E3_C6_1T,total_displacement,Y,0.0,0.5,3.691425348340852e-05,3.870949962943979e-05,0.04637740511287646
R4_LHS_03,physics,20260813,V52_A_E3_C6_1T,total_displacement,Y,0.5,1.0,1.707704744566952e-07,2.1529898552290113e-07,0.20682174120820224
R4_LHS_03,physics,20260813,V52_A_E3_C6_1T,total_displacement,Y,1.0,2.0,5.9060504800199056e-08,7.07760981656503e-08,0.1655303650397778
R4_LHS_03,physics,20260813,V52_A_E3_C6_1T,total_displacement,Y,2.0,5.0,6.730744580429043e-08,6.690513641855917e-08,0.0060131315361859625
R4_LHS_03,physics,20260813,V52_A_E3_C6_1T,total_displacement,Y,5.0,10.0,1.9278790324720257e-08,1.6913397743128314e-08,0.1398531872493196
R4_LHS_03,physics,20260813,V52_A_E3_C6_1T,total_displacement,Y,10.0,20.0,1.6153480370322096e-08,1.2474453179184316e-08,0.2949249268318105
R4_LHS_03,physics,20260813,V52_A_E3_C6_1T,incremental_velocity,Y,0.0,0.5,1.0277137083506784e-05,1.1978506300570983e-05,0.14203517319877348
R4_LHS_03,physics,20260813,V52_A_E3_C6_1T,incremental_velocity,Y,0.5,1.0,1.6792330853429634e-06,2.3715933257047675e-06,0.29193885513910994
R4_LHS_03,physics,20260813,V52_A_E3_C6_1T,incremental_velocity,Y,1.0,2.0,1.2123079856665646e-06,2.050568632470634e-06,0.408794240548822
R4_LHS_03,physics,20260813,V52_A_E3_C6_1T,incremental_velocity,Y,2.0,5.0,7.580908540753463e-07,1.904169371337812e-06,0.6018784539409251
R4_LHS_03,physics,20260813,V52_A_E3_C6_1T,incremental_velocity,Y,5.0,10.0,2.150606798058043e-06,2.1450899709259957e-06,0.00257183950641743
R4_LHS_03,physics,20260813,V52_A_E3_C6_1T,incremental_velocity,Y,10.0,20.0,1.1979218884223905e-05,1.3451035312868219e-05,0.10942030813317907
R4_LHS_03,physics,20260813,V52_A_E3_C6_1T,total_displacement,Z,0.0,0.5,7.043769521910112e-05,7.008821597883124e-05,0.004986276728393791
R4_LHS_03,physics,20260813,V52_A_E3_C6_1T,total_displacement,Z,0.5,1.0,9.644497955115962e-07,9.890865359639251e-07,0.02490857933711427
R4_LHS_03,physics,20260813,V52_A_E3_C6_1T,total_displacement,Z,1.0,2.0,3.2859992600566036e-07,3.2327586206268615e-07,0.016469104463920144
R4_LHS_03,physics,20260813,V52_A_E3_C6_1T,total_displacement,Z,2.0,5.0,2.715643339103618e-07,2.676426676324939e-07,0.01465261990010061
R4_LHS_03,physics,20260813,V52_A_E3_C6_1T,total_displacement,Z,5.0,10.0,7.65817345776392e-08,7.460417667669147e-08,0.026507334964874427
R4_LHS_03,physics,20260813,V52_A_E3_C6_1T,total_displacement,Z,10.0,20.0,6.073436518438673e-08,5.3508631789472914e-08,0.1350386499012554
R4_LHS_03,physics,20260813,V52_A_E3_C6_1T,incremental_velocity,Z,0.0,0.5,1.5066619165915122e-05,1.611509674432664e-05,0.06506182339740765
R4_LHS_03,physics,20260813,V52_A_E3_C6_1T,incremental_velocity,Z,0.5,1.0,6.4536311867631815e-06,6.578396472670444e-06,0.018965911590399308
R4_LHS_03,physics,20260813,V52_A_E3_C6_1T,incremental_velocity,Z,1.0,2.0,2.4804381056438074e-06,2.872705680905594e-06,0.13654986581783346
R4_LHS_03,physics,20260813,V52_A_E3_C6_1T,incremental_velocity,Z,2.0,5.0,3.844674306738239e-07,7.095989605439172e-07,0.45819053852738956
R4_LHS_03,physics,20260813,V52_A_E3_C6_1T,incremental_velocity,Z,5.0,10.0,4.7574681455502145e-07,6.284812101882824e-07,0.2430214191884978
R4_LHS_03,physics,20260813,V52_A_E3_C6_1T,incremental_velocity,Z,10.0,20.0,8.691398063017631e-07,2.3314337618594007e-06,0.627208020866699
R4_LHS_03,physics,20260813,V52_B_E3_C6_1T,total_displacement,X,0.0,0.5,1.1345444740590963e-06,1.212543681388917e-06,0.06432692572400857
R4_LHS_03,physics,20260813,V52_B_E3_C6_1T,total_displacement,X,0.5,1.0,6.445338351294987e-10,1.3386282590309722e-09,0.5185117072038549
R4_LHS_03,physics,20260813,V52_B_E3_C6_1T,total_displacement,X,1.0,2.0,3.532250821746372e-10,5.475988646710216e-10,0.3549565111190606
R4_LHS_03,physics,20260813,V52_B_E3_C6_1T,total_displacement,X,2.0,5.0,2.854799926094912e-10,9.677937757786774e-11,1.949801907744207
R4_LHS_03,physics,20260813,V52_B_E3_C6_1T,total_displacement,X,5.0,10.0,8.79797373328595e-11,4.405134764918417e-11,0.9972087581408847
R4_LHS_03,physics,20260813,V52_B_E3_C6_1T,total_displacement,X,10.0,20.0,1.2289835767305664e-10,3.950751414915463e-11,2.1107590624171526
R4_LHS_03,physics,20260813,V52_B_E3_C6_1T,incremental_velocity,X,0.0,0.5,3.4139643611680485e-07,3.740102214943835e-07,0.08720025149919171
R4_LHS_03,physics,20260813,V52_B_E3_C6_1T,incremental_velocity,X,0.5,1.0,1.7942357452682952e-08,2.692767612737254e-08,0.333683405585669
R4_LHS_03,physics,20260813,V52_B_E3_C6_1T,incremental_velocity,X,1.0,2.0,2.276587980210129e-08,3.519821487840478e-08,0.35320924993645414
R4_LHS_03,physics,20260813,V52_B_E3_C6_1T,incremental_velocity,X,2.0,5.0,1.6459556321288137e-08,2.121815347161958e-08,0.2242700881910541
R4_LHS_03,physics,20260813,V52_B_E3_C6_1T,incremental_velocity,X,5.0,10.0,5.196496405859433e-08,7.14517463319857e-08,0.27272646609433565
R4_LHS_03,physics,20260813,V52_B_E3_C6_1T,incremental_velocity,X,10.0,20.0,1.2251805942613154e-07,1.6330919801959148e-07,0.24977857394515157
R4_LHS_03,physics,20260813,V52_B_E3_C6_1T,total_displacement,Y,0.0,0.5,5.477979059247753e-05,5.519489286106139e-05,0.0075206644504007426
R4_LHS_03,physics,20260813,V52_B_E3_C6_1T,total_displacement,Y,0.5,1.0,2.0619856336221284e-07,2.48384077446865e-07,0.1698398485050903
R4_LHS_03,physics,20260813,V52_B_E3_C6_1T,total_displacement,Y,1.0,2.0,6.091875494383824e-08,8.125258146758673e-08,0.25025452922821984
R4_LHS_03,physics,20260813,V52_B_E3_C6_1T,total_displacement,Y,2.0,5.0,6.659883002374889e-08,6.813980800085113e-08,0.0226149445135359
R4_LHS_03,physics,20260813,V52_B_E3_C6_1T,total_displacement,Y,5.0,10.0,1.9700875210035215e-08,1.7335917639892834e-08,0.13641952040082492
R4_LHS_03,physics,20260813,V52_B_E3_C6_1T,total_displacement,Y,10.0,20.0,1.7008020237813892e-08,1.3460741573095273e-08,0.2635277295426844
R4_LHS_03,physics,20260813,V52_B_E3_C6_1T,incremental_velocity,Y,0.0,0.5,1.7082120439188902e-05,1.786635982597332e-05,0.04389474937386657
R4_LHS_03,physics,20260813,V52_B_E3_C6_1T,incremental_velocity,Y,0.5,1.0,1.9673922522862703e-06,3.0631066682274538e-06,0.35771343757194296
R4_LHS_03,physics,20260813,V52_B_E3_C6_1T,incremental_velocity,Y,1.0,2.0,1.6402239753513438e-06,2.9408739426376284e-06,0.4422664801877737
R4_LHS_03,physics,20260813,V52_B_E3_C6_1T,incremental_velocity,Y,2.0,5.0,1.3000847035914271e-06,2.37899434558498e-06,0.45351500897672614
R4_LHS_03,physics,20260813,V52_B_E3_C6_1T,incremental_velocity,Y,5.0,10.0,3.3959967380714087e-06,3.470250776999718e-06,0.02139731209642069
R4_LHS_03,physics,20260813,V52_B_E3_C6_1T,incremental_velocity,Y,10.0,20.0,1.837833612130004e-05,1.905674194329904e-05,0.035599255319587825
R4_LHS_03,physics,20260813,V52_B_E3_C6_1T,total_displacement,Z,0.0,0.5,8.086098748589185e-05,8.073490573101542e-05,0.0015616758790367605
R4_LHS_03,physics,20260813,V52_B_E3_C6_1T,total_displacement,Z,0.5,1.0,1.0340534733149534e-06,9.960157553492678e-07,0.03818987577395004
R4_LHS_03,physics,20260813,V52_B_E3_C6_1T,total_displacement,Z,1.0,2.0,3.3211550687491276e-07,3.2462687772616936e-07,0.02306841996940329
R4_LHS_03,physics,20260813,V52_B_E3_C6_1T,total_displacement,Z,2.0,5.0,2.794101882124395e-07,2.685864722007145e-07,0.04029881297832627
R4_LHS_03,physics,20260813,V52_B_E3_C6_1T,total_displacement,Z,5.0,10.0,7.85583146688396e-08,7.482751330389252e-08,0.049858684329056935
R4_LHS_03,physics,20260813,V52_B_E3_C6_1T,total_displacement,Z,10.0,20.0,5.798487503823484e-08,5.364813360321869e-08,0.08083676250679414
R4_LHS_03,physics,20260813,V52_B_E3_C6_1T,incremental_velocity,Z,0.0,0.5,1.960241439931401e-05,1.9424161525529557e-05,0.009176863235520985
R4_LHS_03,physics,20260813,V52_B_E3_C6_1T,incremental_velocity,Z,0.5,1.0,6.711110091009387e-06,6.598485325002461e-06,0.017068275590486976
R4_LHS_03,physics,20260813,V52_B_E3_C6_1T,incremental_velocity,Z,1.0,2.0,2.7682301185308586e-06,2.948227697641029e-06,0.06105280784594493
R4_LHS_03,physics,20260813,V52_B_E3_C6_1T,incremental_velocity,Z,2.0,5.0,4.4186090687541206e-07,8.336388851943237e-07,0.46996125693871277
R4_LHS_03,physics,20260813,V52_B_E3_C6_1T,incremental_velocity,Z,5.0,10.0,9.037581825920702e-07,9.68349059119496e-07,0.06670205946826362
R4_LHS_03,physics,20260813,V52_B_E3_C6_1T,incremental_velocity,Z,10.0,20.0,1.425696254231512e-06,3.0695444636846936e-06,0.5355349071829048
R4_LHS_03,physics,20260813,V52_CPLUS_E3_C6_1T,total_displacement,X,0.0,0.5,2.6809751322582335e-06,2.8232869590755337e-06,0.050406433664078994
R4_LHS_03,physics,20260813,V52_CPLUS_E3_C6_1T,total_displacement,X,0.5,1.0,8.404048166970527e-10,1.0683873473213766e-09,0.21338939589271042
R4_LHS_03,physics,20260813,V52_CPLUS_E3_C6_1T,total_displacement,X,1.0,2.0,4.803679865762543e-10,1.08880434735761e-09,0.5588114726561788
R4_LHS_03,physics,20260813,V52_CPLUS_E3_C6_1T,total_displacement,X,2.0,5.0,2.3256129652253655e-10,1.616748382467618e-10,0.4384507759184015
R4_LHS_03,physics,20260813,V52_CPLUS_E3_C6_1T,total_displacement,X,5.0,10.0,1.4314678443889265e-10,7.845170435084716e-11,0.824648497102369
R4_LHS_03,physics,20260813,V52_CPLUS_E3_C6_1T,total_displacement,X,10.0,20.0,2.50554157957345e-10,7.035332709833147e-11,2.561368996908282
R4_LHS_03,physics,20260813,V52_CPLUS_E3_C6_1T,incremental_velocity,X,0.0,0.5,8.247555749574118e-07,8.749282395297363e-07,0.05734489104991253
R4_LHS_03,physics,20260813,V52_CPLUS_E3_C6_1T,incremental_velocity,X,0.5,1.0,1.713504530419751e-08,1.8305320135074e-08,0.0639308584739897
R4_LHS_03,physics,20260813,V52_CPLUS_E3_C6_1T,incremental_velocity,X,1.0,2.0,5.323960029796724e-08,8.25745794176828e-08,0.3552543570501513
R4_LHS_03,physics,20260813,V52_CPLUS_E3_C6_1T,incremental_velocity,X,2.0,5.0,4.06430197037466e-08,4.623737597442088e-08,0.12099207951958932
R4_LHS_03,physics,20260813,V52_CPLUS_E3_C6_1T,incremental_velocity,X,5.0,10.0,1.121095969338295e-07,1.6448676485630518e-07,0.31842785629732645
R4_LHS_03,physics,20260813,V52_CPLUS_E3_C6_1T,incremental_velocity,X,10.0,20.0,2.4215410234505384e-07,3.4176230976514087e-07,0.29145462964754015
R4_LHS_03,physics,20260813,V52_CPLUS_E3_C6_1T,total_displacement,Y,0.0,0.5,0.00012428541716922044,0.0001149546476716276,0.08116913658198963
R4_LHS_03,physics,20260813,V52_CPLUS_E3_C6_1T,total_displacement,Y,0.5,1.0,2.3716140127335068e-07,2.3112584988633963e-07,0.02611370121507024
R4_LHS_03,physics,20260813,V52_CPLUS_E3_C6_1T,total_displacement,Y,1.0,2.0,7.198072043122063e-08,1.239700102698952e-07,0.4193698921657637
R4_LHS_03,physics,20260813,V52_CPLUS_E3_C6_1T,total_displacement,Y,2.0,5.0,6.814367130334983e-08,7.263999988988999e-08,0.06189879671470033
R4_LHS_03,physics,20260813,V52_CPLUS_E3_C6_1T,total_displacement,Y,5.0,10.0,2.411308037320329e-08,1.864930001157443e-08,0.2929750906595872
R4_LHS_03,physics,20260813,V52_CPLUS_E3_C6_1T,total_displacement,Y,10.0,20.0,2.634709339218646e-08,1.7116473918672712e-08,0.5392827703516596
R4_LHS_03,physics,20260813,V52_CPLUS_E3_C6_1T,incremental_velocity,Y,0.0,0.5,3.792781534534045e-05,3.987140522011672e-05,0.04874646037796653
R4_LHS_03,physics,20260813,V52_CPLUS_E3_C6_1T,incremental_velocity,Y,0.5,1.0,2.1943474314288847e-06,2.4683762994429187e-06,0.11101583987655321
R4_LHS_03,physics,20260813,V52_CPLUS_E3_C6_1T,incremental_velocity,Y,1.0,2.0,3.633165861091028e-06,6.47517058469797e-06,0.4389080853442111
R4_LHS_03,physics,20260813,V52_CPLUS_E3_C6_1T,incremental_velocity,Y,2.0,5.0,1.8794064772766914e-06,3.8009442163632367e-06,0.5055422099630504
R4_LHS_03,physics,20260813,V52_CPLUS_E3_C6_1T,incremental_velocity,Y,5.0,10.0,7.31061100272214e-06,7.442305388920448e-06,0.017695375198438473
R4_LHS_03,physics,20260813,V52_CPLUS_E3_C6_1T,incremental_velocity,Y,10.0,20.0,3.7436626228006156e-05,4.013169646919491e-05,0.06715565197343427
R4_LHS_03,physics,20260813,V52_CPLUS_E3_C6_1T,total_displacement,Z,0.0,0.5,0.0001245541286700237,0.00011599133675986986,0.07382268494655667
R4_LHS_03,physics,20260813,V52_CPLUS_E3_C6_1T,total_displacement,Z,0.5,1.0,9.948278547396754e-07,9.867254051744733e-07,0.008211453280428504
R4_LHS_03,physics,20260813,V52_CPLUS_E3_C6_1T,total_displacement,Z,1.0,2.0,3.4279234672197023e-07,3.33269612391775e-07,0.0285736652131391
R4_LHS_03,physics,20260813,V52_CPLUS_E3_C6_1T,total_displacement,Z,2.0,5.0,2.840746506008001e-07,2.6904135207580814e-07,0.055877278377474165
R4_LHS_03,physics,20260813,V52_CPLUS_E3_C6_1T,total_displacement,Z,5.0,10.0,8.442617832518688e-08,7.522760574895811e-08,0.12227655638709688
R4_LHS_03,physics,20260813,V52_CPLUS_E3_C6_1T,total_displacement,Z,10.0,20.0,7.027640432027753e-08,5.4147238107821734e-08,0.2978760648943586
R4_LHS_03,physics,20260813,V52_CPLUS_E3_C6_1T,incremental_velocity,Z,0.0,0.5,3.131953964686352e-05,3.119489534419819e-05,0.003995663434354628
R4_LHS_03,physics,20260813,V52_CPLUS_E3_C6_1T,incremental_velocity,Z,0.5,1.0,6.955995439459843e-06,6.572990242299125e-06,0.0582695520671805
R4_LHS_03,physics,20260813,V52_CPLUS_E3_C6_1T,incremental_velocity,Z,1.0,2.0,3.3874682836073497e-06,3.6207538322212513e-06,0.06443010473064559
R4_LHS_03,physics,20260813,V52_CPLUS_E3_C6_1T,incremental_velocity,Z,2.0,5.0,5.467083858211449e-07,1.0853602654982345e-06,0.4962885567123848
R4_LHS_03,physics,20260813,V52_CPLUS_E3_C6_1T,incremental_velocity,Z,5.0,10.0,1.7176065653827277e-06,2.335119907743258e-06,0.26444609559999727
R4_LHS_03,physics,20260813,V52_CPLUS_E3_C6_1T,incremental_velocity,Z,10.0,20.0,2.7941620970862855e-06,7.385055489385744e-06,0.6216464316209638
R4_LHS_03,physics,20260813,V52_C_E3_C6_1T,total_displacement,X,0.0,0.5,1.6657239589359357e-06,1.7423635857077132e-06,0.043986012678661424
R4_LHS_03,physics,20260813,V52_C_E3_C6_1T,total_displacement,X,0.5,1.0,8.986886228251792e-10,1.8578590160425901e-09,0.5162772766582319
R4_LHS_03,physics,20260813,V52_C_E3_C6_1T,total_displacement,X,1.0,2.0,3.5427783798481694e-10,7.154357372973909e-10,0.5048083014092551
R4_LHS_03,physics,20260813,V52_C_E3_C6_1T,total_displacement,X,2.0,5.0,2.1773100391751034e-10,1.1700172907382307e-10,0.8609212499768394
R4_LHS_03,physics,20260813,V52_C_E3_C6_1T,total_displacement,X,5.0,10.0,1.0286176142854228e-10,5.4194981149474796e-11,0.8979942283740255
R4_LHS_03,physics,20260813,V52_C_E3_C6_1T,total_displacement,X,10.0,20.0,1.6426997708483507e-10,5.041639826630349e-11,2.2582648252092064
R4_LHS_03,physics,20260813,V52_C_E3_C6_1T,incremental_velocity,X,0.0,0.5,5.193937731752353e-07,5.377817223901295e-07,0.03419221674766197
R4_LHS_03,physics,20260813,V52_C_E3_C6_1T,incremental_velocity,X,0.5,1.0,2.674556952631833e-08,3.8313513856575106e-08,0.30192856686444497
R4_LHS_03,physics,20260813,V52_C_E3_C6_1T,incremental_velocity,X,1.0,2.0,3.7287749988243734e-08,4.9083394660198155e-08,0.24031843668546296
R4_LHS_03,physics,20260813,V52_C_E3_C6_1T,incremental_velocity,X,2.0,5.0,3.19024539859724e-08,3.0234746844192876e-08,0.05515862760067525
R4_LHS_03,physics,20260813,V52_C_E3_C6_1T,incremental_velocity,X,5.0,10.0,7.165368781060491e-08,1.0161711177574799e-07,0.2948659280069616
R4_LHS_03,physics,20260813,V52_C_E3_C6_1T,incremental_velocity,X,10.0,20.0,1.6554066224152375e-07,2.2819281389814132e-07,0.27455795205095146
R4_LHS_03,physics,20260813,V52_C_E3_C6_1T,total_displacement,Y,0.0,0.5,8.286841151475803e-05,7.509060187665712e-05,0.10357900248125115
R4_LHS_03,physics,20260813,V52_C_E3_C6_1T,total_displacement,Y,0.5,1.0,2.2640379040685242e-07,2.8807992740673513e-07,0.214093836926039
R4_LHS_03,physics,20260813,V52_C_E3_C6_1T,total_displacement,Y,1.0,2.0,6.297002541196758e-08,9.477870537617921e-08,0.3356099857870197
R4_LHS_03,physics,20260813,V52_C_E3_C6_1T,total_displacement,Y,2.0,5.0,6.71030548288719e-08,6.946168425349443e-08,0.033955834068389666
R4_LHS_03,physics,20260813,V52_C_E3_C6_1T,total_displacement,Y,5.0,10.0,2.1156753122479263e-08,1.772885977907678e-08,0.19335103250396346
R4_LHS_03,physics,20260813,V52_C_E3_C6_1T,total_displacement,Y,10.0,20.0,2.0349615790210463e-08,1.4745414840111646e-08,0.3800639731649886
R4_LHS_03,physics,20260813,V52_C_E3_C6_1T,incremental_velocity,Y,0.0,0.5,2.4122678386311983e-05,2.510682521592448e-05,0.039198378175998264
R4_LHS_03,physics,20260813,V52_C_E3_C6_1T,incremental_velocity,Y,0.5,1.0,2.5509872404857566e-06,3.908240208789014e-06,0.34727982309045646
R4_LHS_03,physics,20260813,V52_C_E3_C6_1T,incremental_velocity,Y,1.0,2.0,2.2662370845972064e-06,3.993136374541843e-06,0.43246689518405795
R4_LHS_03,physics,20260813,V52_C_E3_C6_1T,incremental_velocity,Y,2.0,5.0,1.2603257050481458e-06,2.5407406830743402e-06,0.5039534284454682
R4_LHS_03,physics,20260813,V52_C_E3_C6_1T,incremental_velocity,Y,5.0,10.0,5.109814223984857e-06,4.648030604237837e-06,0.09935038278921596
R4_LHS_03,physics,20260813,V52_C_E3_C6_1T,incremental_velocity,Y,10.0,20.0,2.5395884121953867e-05,2.562755530179404e-05,0.009039925077206034
R4_LHS_03,physics,20260813,V52_C_E3_C6_1T,total_displacement,Z,0.0,0.5,9.661359025897008e-05,9.31153851989077e-05,0.03756849689865663
R4_LHS_03,physics,20260813,V52_C_E3_C6_1T,total_displacement,Z,0.5,1.0,9.988571756373348e-07,1.0035613003318853e-06,0.004687431343750378
R4_LHS_03,physics,20260813,V52_C_E3_C6_1T,total_displacement,Z,1.0,2.0,3.302075414286245e-07,3.293004068409912e-07,0.0027547326659434555
R4_LHS_03,physics,20260813,V52_C_E3_C6_1T,total_displacement,Z,2.0,5.0,2.8471517239682454e-07,2.681264302119386e-07,0.061869104704722754
R4_LHS_03,physics,20260813,V52_C_E3_C6_1T,total_displacement,Z,5.0,10.0,8.176431174272708e-08,7.493859110086678e-08,0.09108418695346075
R4_LHS_03,physics,20260813,V52_C_E3_C6_1T,total_displacement,Z,10.0,20.0,6.391881504981228e-08,5.37895918351541e-08,0.1883119553258675
R4_LHS_03,physics,20260813,V52_C_E3_C6_1T,incremental_velocity,Z,0.0,0.5,2.3706918642417923e-05,2.3564910488032445e-05,0.006026254776465104
R4_LHS_03,physics,20260813,V52_C_E3_C6_1T,incremental_velocity,Z,0.5,1.0,6.9593760941206706e-06,6.623692337943471e-06,0.050679249435281376
R4_LHS_03,physics,20260813,V52_C_E3_C6_1T,incremental_velocity,Z,1.0,2.0,2.7675498216055802e-06,3.183018424015509e-06,0.13052660935772967
R4_LHS_03,physics,20260813,V52_C_E3_C6_1T,incremental_velocity,Z,2.0,5.0,4.5355077999894037e-07,8.062455084424357e-07,0.43745326299535847
R4_LHS_03,physics,20260813,V52_C_E3_C6_1T,incremental_velocity,Z,5.0,10.0,1.1055271131035488e-06,1.4537028123699058e-06,0.23950954507595815
R4_LHS_03,physics,20260813,V52_C_E3_C6_1T,incremental_velocity,Z,10.0,20.0,1.805551306105597e-06,4.331506764027318e-06,0.5831586086623483
R4_LHS_03,physics,20260813,V40_A_E4_C7_1T,total_displacement,X,0.0,0.5,1.0024468034533458e-06,9.51210661781133e-07,0.05386413728403089
R4_LHS_03,physics,20260813,V40_A_E4_C7_1T,total_displacement,X,0.5,1.0,1.7262713442077826e-08,1.7598208526469828e-08,0.019064161212056147
R4_LHS_03,physics,20260813,V40_A_E4_C7_1T,total_displacement,X,1.0,2.0,5.275704980037011e-05,5.2744460429617835e-05,0.0002386861226701454
R4_LHS_03,physics,20260813,V40_A_E4_C7_1T,total_displacement,X,2.0,5.0,4.029994584962317e-06,4.020677286649507e-06,0.0023173454740443205
R4_LHS_03,physics,20260813,V40_A_E4_C7_1T,total_displacement,X,5.0,10.0,2.6189443206492157e-10,2.5375402849836614e-10,0.03207989884821807
R4_LHS_03,physics,20260813,V40_A_E4_C7_1T,total_displacement,X,10.0,20.0,6.095486582882659e-11,7.215882011888045e-11,0.15526798070693967
R4_LHS_03,physics,20260813,V40_A_E4_C7_1T,incremental_velocity,X,0.0,0.5,2.0583152005833023e-07,1.7948619437415164e-07,0.14678190585098647
R4_LHS_03,physics,20260813,V40_A_E4_C7_1T,incremental_velocity,X,0.5,1.0,7.744784937339823e-09,1.4668057994046387e-08,0.4719965696560955
R4_LHS_03,physics,20260813,V40_A_E4_C7_1T,incremental_velocity,X,1.0,2.0,7.466383130966882e-08,7.559627228949548e-08,0.012334483587443112
R4_LHS_03,physics,20260813,V40_A_E4_C7_1T,incremental_velocity,X,2.0,5.0,1.4979931983719916e-07,3.316900093322635e-07,0.5483755445671539
R4_LHS_03,physics,20260813,V40_A_E4_C7_1T,incremental_velocity,X,5.0,10.0,1.6845692834652493e-07,2.3509272825436195e-07,0.28344475136525477
R4_LHS_03,physics,20260813,V40_A_E4_C7_1T,incremental_velocity,X,10.0,20.0,1.0616425247700373e-08,4.9597409117988174e-08,0.7859479872739972
R4_LHS_03,physics,20260813,V40_A_E4_C7_1T,total_displacement,Y,0.0,0.5,5.2306987354551875e-05,4.506442386359795e-05,0.16071576800528697
R4_LHS_03,physics,20260813,V40_A_E4_C7_1T,total_displacement,Y,0.5,1.0,1.4589709901669525e-07,1.8344717310021867e-07,0.20469148392387337
R4_LHS_03,physics,20260813,V40_A_E4_C7_1T,total_displacement,Y,1.0,2.0,4.2602897492532324e-07,4.289153369822644e-07,0.006729444736690507
R4_LHS_03,physics,20260813,V40_A_E4_C7_1T,total_displacement,Y,2.0,5.0,1.8990009811849148e-07,1.823071236243577e-07,0.04164935710235355
R4_LHS_03,physics,20260813,V40_A_E4_C7_1T,total_displacement,Y,5.0,10.0,2.301486268840337e-08,1.8009149619817293e-08,0.2779538831238197
R4_LHS_03,physics,20260813,V40_A_E4_C7_1T,total_displacement,Y,10.0,20.0,1.2118332214290197e-08,1.0519176975493581e-08,0.1520228476545409
R4_LHS_03,physics,20260813,V40_A_E4_C7_1T,incremental_velocity,Y,0.0,0.5,8.866507029796682e-06,8.768424008731827e-06,0.011185935005786908
R4_LHS_03,physics,20260813,V40_A_E4_C7_1T,incremental_velocity,Y,0.5,1.0,1.1819978678130952e-06,1.7365245041793096e-06,0.3193313051624841
R4_LHS_03,physics,20260813,V40_A_E4_C7_1T,incremental_velocity,Y,1.0,2.0,1.9455399954629016e-06,2.300308664474203e-06,0.1542265498932045
R4_LHS_03,physics,20260813,V40_A_E4_C7_1T,incremental_velocity,Y,2.0,5.0,4.645669653539318e-07,3.7657132091462783e-07,0.23367590560422255
R4_LHS_03,physics,20260813,V40_A_E4_C7_1T,incremental_velocity,Y,5.0,10.0,4.317304492746753e-06,4.778644824404587e-06,0.096542084337753
R4_LHS_03,physics,20260813,V40_A_E4_C7_1T,incremental_velocity,Y,10.0,20.0,1.6774879345192232e-06,2.380729217555367e-06,0.29538902528287586
R4_LHS_03,physics,20260813,V40_A_E4_C7_1T,total_displacement,Z,0.0,0.5,7.321956129996998e-05,6.954155920352725e-05,0.05288926705940434
R4_LHS_03,physics,20260813,V40_A_E4_C7_1T,total_displacement,Z,0.5,1.0,9.435838874908429e-07,9.233822835633672e-07,0.021877833576703396
R4_LHS_03,physics,20260813,V40_A_E4_C7_1T,total_displacement,Z,1.0,2.0,5.293643276266878e-07,5.066430745526558e-07,0.04484666664810108
R4_LHS_03,physics,20260813,V40_A_E4_C7_1T,total_displacement,Z,2.0,5.0,3.096011927168792e-07,2.878041058392804e-07,0.07573584405279823
R4_LHS_03,physics,20260813,V40_A_E4_C7_1T,total_displacement,Z,5.0,10.0,8.312388329326653e-08,7.57855802574463e-08,0.09682980602499532
R4_LHS_03,physics,20260813,V40_A_E4_C7_1T,total_displacement,Z,10.0,20.0,5.6288317568833e-08,5.322386834341791e-08,0.05757659713199075
R4_LHS_03,physics,20260813,V40_A_E4_C7_1T,incremental_velocity,Z,0.0,0.5,1.0403310321736639e-05,1.123354264355098e-05,0.07390654472576072
R4_LHS_03,physics,20260813,V40_A_E4_C7_1T,incremental_velocity,Z,0.5,1.0,5.715202730048967e-06,6.1283459917247925e-06,0.06741513325678729
R4_LHS_03,physics,20260813,V40_A_E4_C7_1T,incremental_velocity,Z,1.0,2.0,4.6242235043697e-06,5.033089587963e-06,0.08123560617143262
R4_LHS_03,physics,20260813,V40_A_E4_C7_1T,incremental_velocity,Z,2.0,5.0,3.701785317874412e-07,2.81493782884018e-07,0.31505047107901274
R4_LHS_03,physics,20260813,V40_A_E4_C7_1T,incremental_velocity,Z,5.0,10.0,4.448557001979847e-06,3.880339971434974e-06,0.1464348574423347
R4_LHS_03,physics,20260813,V40_A_E4_C7_1T,incremental_velocity,Z,10.0,20.0,2.5275029987626835e-07,6.467854588573766e-07,0.6092208066600913
R4_LHS_03,physics,20260813,V40_B_E4_C7_1T,total_displacement,X,0.0,0.5,1.4441676137571674e-06,1.4841759585079292e-06,0.026956604788951653
R4_LHS_03,physics,20260813,V40_B_E4_C7_1T,total_displacement,X,0.5,1.0,1.7281163159731174e-08,1.813378133377747e-08,0.04701822297030461
R4_LHS_03,physics,20260813,V40_B_E4_C7_1T,total_displacement,X,1.0,2.0,5.270139032886707e-05,5.2711942184073115e-05,0.00020017959439242852
R4_LHS_03,physics,20260813,V40_B_E4_C7_1T,total_displacement,X,2.0,5.0,4.016780153280764e-06,4.007796152879325e-06,0.002241631075718468
R4_LHS_03,physics,20260813,V40_B_E4_C7_1T,total_displacement,X,5.0,10.0,3.259527241829164e-10,3.071256328491094e-10,0.06130094436974835
R4_LHS_03,physics,20260813,V40_B_E4_C7_1T,total_displacement,X,10.0,20.0,6.912605608611498e-11,7.666470827254107e-11,0.09833275774853767
R4_LHS_03,physics,20260813,V40_B_E4_C7_1T,incremental_velocity,X,0.0,0.5,3.1398701491355393e-07,2.806451513036152e-07,0.11880434582626342
R4_LHS_03,physics,20260813,V40_B_E4_C7_1T,incremental_velocity,X,0.5,1.0,1.1811726262634687e-08,1.912413846859187e-08,0.3823655752109602
R4_LHS_03,physics,20260813,V40_B_E4_C7_1T,incremental_velocity,X,1.0,2.0,1.4072470824492194e-07,1.5622943853392626e-07,0.09924333361562557
R4_LHS_03,physics,20260813,V40_B_E4_C7_1T,incremental_velocity,X,2.0,5.0,1.9138678725831388e-07,3.1412776232173133e-07,0.3907358399532528
R4_LHS_03,physics,20260813,V40_B_E4_C7_1T,incremental_velocity,X,5.0,10.0,2.6919099860651965e-07,3.43187152050191e-07,0.21561457939675266
R4_LHS_03,physics,20260813,V40_B_E4_C7_1T,incremental_velocity,X,10.0,20.0,1.576814546901875e-08,6.262432920462431e-08,0.7482105490104891
R4_LHS_03,physics,20260813,V40_B_E4_C7_1T,total_displacement,Y,0.0,0.5,6.580826148103629e-05,6.531286875797132e-05,0.00758491752828579
R4_LHS_03,physics,20260813,V40_B_E4_C7_1T,total_displacement,Y,0.5,1.0,1.5598800059388128e-07,2.079158002061934e-07,0.24975398483816286
R4_LHS_03,physics,20260813,V40_B_E4_C7_1T,total_displacement,Y,1.0,2.0,4.217283946356222e-07,4.4121225745554734e-07,0.04415984028251562
R4_LHS_03,physics,20260813,V40_B_E4_C7_1T,total_displacement,Y,2.0,5.0,1.8985726812877473e-07,1.8262552344469812e-07,0.03959876225223523
R4_LHS_03,physics,20260813,V40_B_E4_C7_1T,total_displacement,Y,5.0,10.0,2.7369041521045824e-08,1.899305082160974e-08,0.44100291091234944
R4_LHS_03,physics,20260813,V40_B_E4_C7_1T,total_displacement,Y,10.0,20.0,1.3262642395178857e-08,1.064986186203437e-08,0.2453346876224538
R4_LHS_03,physics,20260813,V40_B_E4_C7_1T,incremental_velocity,Y,0.0,0.5,1.413975822698633e-05,1.31423412562772e-05,0.07589340067035112
R4_LHS_03,physics,20260813,V40_B_E4_C7_1T,incremental_velocity,Y,0.5,1.0,1.4630156232901484e-06,2.183319372733207e-06,0.329912223762912
R4_LHS_03,physics,20260813,V40_B_E4_C7_1T,incremental_velocity,Y,1.0,2.0,2.1303457667411068e-06,3.12879670646019e-06,0.31911659126255454
R4_LHS_03,physics,20260813,V40_B_E4_C7_1T,incremental_velocity,Y,2.0,5.0,6.282934569467042e-07,5.244634650004282e-07,0.19797373673338947
R4_LHS_03,physics,20260813,V40_B_E4_C7_1T,incremental_velocity,Y,5.0,10.0,6.124361872704344e-06,7.227497920920869e-06,0.15263042069142121
R4_LHS_03,physics,20260813,V40_B_E4_C7_1T,incremental_velocity,Y,10.0,20.0,2.6128110678532995e-06,3.7709001385039474e-06,0.30711210271139766
R4_LHS_03,physics,20260813,V40_B_E4_C7_1T,total_displacement,Z,0.0,0.5,8.101757729772418e-05,8.124929565813446e-05,0.0028519430049616626
R4_LHS_03,physics,20260813,V40_B_E4_C7_1T,total_displacement,Z,0.5,1.0,9.046694310209909e-07,9.133957283521265e-07,0.009553687476597737
R4_LHS_03,physics,20260813,V40_B_E4_C7_1T,total_displacement,Z,1.0,2.0,5.186222845681261e-07,5.131389227417285e-07,0.010685920680309586
R4_LHS_03,physics,20260813,V40_B_E4_C7_1T,total_displacement,Z,2.0,5.0,3.027763036644189e-07,2.8790434679460766e-07,0.051655895561802515
R4_LHS_03,physics,20260813,V40_B_E4_C7_1T,total_displacement,Z,5.0,10.0,8.844989214730608e-08,7.655041552814827e-08,0.15544627076233516
R4_LHS_03,physics,20260813,V40_B_E4_C7_1T,total_displacement,Z,10.0,20.0,5.700497273960311e-08,5.3256929124840995e-08,0.07037663786389603
R4_LHS_03,physics,20260813,V40_B_E4_C7_1T,incremental_velocity,Z,0.0,0.5,1.2999536146746678e-05,1.2850047659701124e-05,0.011633302148315193
R4_LHS_03,physics,20260813,V40_B_E4_C7_1T,incremental_velocity,Z,0.5,1.0,6.005459278104617e-06,6.010401537440233e-06,0.0008222843856319633
R4_LHS_03,physics,20260813,V40_B_E4_C7_1T,incremental_velocity,Z,1.0,2.0,5.094100992532436e-06,5.627486131109481e-06,0.09478213293648514
R4_LHS_03,physics,20260813,V40_B_E4_C7_1T,incremental_velocity,Z,2.0,5.0,3.455322618980153e-07,2.924681507246215e-07,0.18143552055812495
R4_LHS_03,physics,20260813,V40_B_E4_C7_1T,incremental_velocity,Z,5.0,10.0,6.671767804792699e-06,5.840283107507936e-06,0.14237061491348835
R4_LHS_03,physics,20260813,V40_B_E4_C7_1T,incremental_velocity,Z,10.0,20.0,3.778438426602971e-07,1.007884430613805e-06,0.625111936266156
R4_LHS_03,physics,20260813,V40_CPLUS_E4_C7_1T,total_displacement,X,0.0,0.5,3.1212238036520666e-06,3.4561325525713404e-06,0.09690275006093266
R4_LHS_03,physics,20260813,V40_CPLUS_E4_C7_1T,total_displacement,X,0.5,1.0,1.746519289631908e-08,1.7613803342129764e-08,0.00843715822892311
R4_LHS_03,physics,20260813,V40_CPLUS_E4_C7_1T,total_displacement,X,1.0,2.0,5.267922988699254e-05,5.268582755538621e-05,0.00012522662544751906
R4_LHS_03,physics,20260813,V40_CPLUS_E4_C7_1T,total_displacement,X,2.0,5.0,4.0376683622826605e-06,4.036322412880157e-06,0.00033345933868124346
R4_LHS_03,physics,20260813,V40_CPLUS_E4_C7_1T,total_displacement,X,5.0,10.0,4.829842250827368e-10,4.393296618608438e-10,0.09936630055204518
R4_LHS_03,physics,20260813,V40_CPLUS_E4_C7_1T,total_displacement,X,10.0,20.0,1.298933338544838e-10,8.541933166337213e-11,0.5206550007482927
R4_LHS_03,physics,20260813,V40_CPLUS_E4_C7_1T,incremental_velocity,X,0.0,0.5,6.97187415084288e-07,6.792565371860757e-07,0.026397799530194787
R4_LHS_03,physics,20260813,V40_CPLUS_E4_C7_1T,incremental_velocity,X,0.5,1.0,1.1624389851101823e-08,1.604056334516092e-08,0.27531286769871205
R4_LHS_03,physics,20260813,V40_CPLUS_E4_C7_1T,incremental_velocity,X,1.0,2.0,1.4747712958509982e-07,2.6129373367921716e-07,0.43558872419744565
R4_LHS_03,physics,20260813,V40_CPLUS_E4_C7_1T,incremental_velocity,X,2.0,5.0,2.252942403419262e-07,2.972555011759233e-07,0.24208554778405458
R4_LHS_03,physics,20260813,V40_CPLUS_E4_C7_1T,incremental_velocity,X,5.0,10.0,6.431157074622084e-07,7.830681752100286e-07,0.17872322254736414
R4_LHS_03,physics,20260813,V40_CPLUS_E4_C7_1T,incremental_velocity,X,10.0,20.0,4.451435828373512e-08,1.0297285703738565e-07,0.567707844917097
R4_LHS_03,physics,20260813,V40_CPLUS_E4_C7_1T,total_displacement,Y,0.0,0.5,0.00013021810846441554,0.00013945611245677077,0.0662430913182014
R4_LHS_03,physics,20260813,V40_CPLUS_E4_C7_1T,total_displacement,Y,0.5,1.0,1.6420298675768157e-07,1.8705679125367537e-07,0.12217575391315691
R4_LHS_03,physics,20260813,V40_CPLUS_E4_C7_1T,total_displacement,Y,1.0,2.0,4.3956034818284063e-07,4.915715326179294e-07,0.10580593257322356
R4_LHS_03,physics,20260813,V40_CPLUS_E4_C7_1T,total_displacement,Y,2.0,5.0,1.999977768298094e-07,1.847141708124415e-07,0.08274192472697102
R4_LHS_03,physics,20260813,V40_CPLUS_E4_C7_1T,total_displacement,Y,5.0,10.0,3.724182201592936e-08,2.2310396080309788e-08,0.6692586667610719
R4_LHS_03,physics,20260813,V40_CPLUS_E4_C7_1T,total_displacement,Y,10.0,20.0,1.711920594365919e-08,1.1188726453801978e-08,0.5300406185050675
R4_LHS_03,physics,20260813,V40_CPLUS_E4_C7_1T,incremental_velocity,Y,0.0,0.5,2.9987276056461862e-05,3.0029270001598746e-05,0.0013984337659439712
R4_LHS_03,physics,20260813,V40_CPLUS_E4_C7_1T,incremental_velocity,Y,0.5,1.0,1.62473698824922e-06,1.9610183452998225e-06,0.1714830245502818
R4_LHS_03,physics,20260813,V40_CPLUS_E4_C7_1T,incremental_velocity,Y,1.0,2.0,4.45535226343394e-06,6.321135599143076e-06,0.2951658458271439
R4_LHS_03,physics,20260813,V40_CPLUS_E4_C7_1T,incremental_velocity,Y,2.0,5.0,1.1721377318211048e-06,1.1358164615295789e-06,0.03197811576230624
R4_LHS_03,physics,20260813,V40_CPLUS_E4_C7_1T,incremental_velocity,Y,5.0,10.0,1.4569036703369643e-05,1.537127490605462e-05,0.05219073938811544
R4_LHS_03,physics,20260813,V40_CPLUS_E4_C7_1T,incremental_velocity,Y,10.0,20.0,7.292514186782561e-06,9.606137234983122e-06,0.2408484275838712
R4_LHS_03,physics,20260813,V40_CPLUS_E4_C7_1T,total_displacement,Z,0.0,0.5,0.00012129427660359006,0.00012258519938305066,0.010530820898098496
R4_LHS_03,physics,20260813,V40_CPLUS_E4_C7_1T,total_displacement,Z,0.5,1.0,9.443336176346631e-07,9.277504158490757e-07,0.017874636866005048
R4_LHS_03,physics,20260813,V40_CPLUS_E4_C7_1T,total_displacement,Z,1.0,2.0,5.546277819175809e-07,5.335852730849556e-07,0.03943607497067286
R4_LHS_03,physics,20260813,V40_CPLUS_E4_C7_1T,total_displacement,Z,2.0,5.0,3.0609736905214383e-07,2.885560788369816e-07,0.0607898828049716
R4_LHS_03,physics,20260813,V40_CPLUS_E4_C7_1T,total_displacement,Z,5.0,10.0,9.245724984952526e-08,8.031226092527513e-08,0.15122210213394666
R4_LHS_03,physics,20260813,V40_CPLUS_E4_C7_1T,total_displacement,Z,10.0,20.0,6.40265881057188e-08,5.342353077821325e-08,0.1984716691886939
R4_LHS_03,physics,20260813,V40_CPLUS_E4_C7_1T,incremental_velocity,Z,0.0,0.5,2.1840407693908548e-05,2.1386827373908848e-05,0.021208396742054953
R4_LHS_03,physics,20260813,V40_CPLUS_E4_C7_1T,incremental_velocity,Z,0.5,1.0,6.051685872243811e-06,6.167298748637119e-06,0.018746112537333548
R4_LHS_03,physics,20260813,V40_CPLUS_E4_C7_1T,incremental_velocity,Z,1.0,2.0,6.6085124435070134e-06,7.613462483937856e-06,0.13199645267195947
R4_LHS_03,physics,20260813,V40_CPLUS_E4_C7_1T,incremental_velocity,Z,2.0,5.0,4.2047438669178735e-07,3.460872585091779e-07,0.2149374943852108
R4_LHS_03,physics,20260813,V40_CPLUS_E4_C7_1T,incremental_velocity,Z,5.0,10.0,1.6999906627758082e-05,1.5896642638985824e-05,0.06940232688294516
R4_LHS_03,physics,20260813,V40_CPLUS_E4_C7_1T,incremental_velocity,Z,10.0,20.0,1.1476657384745469e-06,3.1961888729194334e-06,0.640926808738228
R4_LHS_03,physics,20260813,V40_C_E4_C7_1T,total_displacement,X,0.0,0.5,2.0396984535162475e-06,2.1323331849607403e-06,0.04344289724412765
R4_LHS_03,physics,20260813,V40_C_E4_C7_1T,total_displacement,X,0.5,1.0,1.727847250418749e-08,1.8413866601366154e-08,0.06165973294790932
R4_LHS_03,physics,20260813,V40_C_E4_C7_1T,total_displacement,X,1.0,2.0,5.2697946888407845e-05,5.2723308684168785e-05,0.0004810357391048046
R4_LHS_03,physics,20260813,V40_C_E4_C7_1T,total_displacement,X,2.0,5.0,4.024600357594302e-06,4.027948948145401e-06,0.0008313388759906749
R4_LHS_03,physics,20260813,V40_C_E4_C7_1T,total_displacement,X,5.0,10.0,3.2964111933783244e-10,3.5742747861095553e-10,0.07773985195852091
R4_LHS_03,physics,20260813,V40_C_E4_C7_1T,total_displacement,X,10.0,20.0,1.0761190451549228e-10,8.445739143651624e-11,0.2741561476757248
R4_LHS_03,physics,20260813,V40_C_E4_C7_1T,incremental_velocity,X,0.0,0.5,4.4437682962170863e-07,4.170971437601798e-07,0.06540367458669044
R4_LHS_03,physics,20260813,V40_C_E4_C7_1T,incremental_velocity,X,0.5,1.0,1.7526162739611008e-08,2.7374914251417035e-08,0.35977287166465616
R4_LHS_03,physics,20260813,V40_C_E4_C7_1T,incremental_velocity,X,1.0,2.0,1.3766626322394922e-07,2.2731307525890986e-07,0.39437595894056166
R4_LHS_03,physics,20260813,V40_C_E4_C7_1T,incremental_velocity,X,2.0,5.0,2.5760861846688277e-07,3.728486612690083e-07,0.3090799425426406
R4_LHS_03,physics,20260813,V40_C_E4_C7_1T,incremental_velocity,X,5.0,10.0,4.3702286293824954e-07,5.438005945925091e-07,0.19635456951692423
R4_LHS_03,physics,20260813,V40_C_E4_C7_1T,incremental_velocity,X,10.0,20.0,2.7420388246511067e-08,7.81247550868577e-08,0.6490179301551017
R4_LHS_03,physics,20260813,V40_C_E4_C7_1T,total_displacement,Y,0.0,0.5,8.945160220018586e-05,8.984116052155137e-05,0.004336078464525885
R4_LHS_03,physics,20260813,V40_C_E4_C7_1T,total_displacement,Y,0.5,1.0,1.6201562064374365e-07,2.388745102249283e-07,0.32175425292892496
R4_LHS_03,physics,20260813,V40_C_E4_C7_1T,total_displacement,Y,1.0,2.0,4.256727240911433e-07,4.5641232036062237e-07,0.0673504962468826
R4_LHS_03,physics,20260813,V40_C_E4_C7_1T,total_displacement,Y,2.0,5.0,1.9831398451061746e-07,1.8374757023175683e-07,0.07927405113704811
R4_LHS_03,physics,20260813,V40_C_E4_C7_1T,total_displacement,Y,5.0,10.0,2.8022192925780773e-08,2.012084644517567e-08,0.39269453708790614
R4_LHS_03,physics,20260813,V40_C_E4_C7_1T,total_displacement,Y,10.0,20.0,1.4583415777598476e-08,1.0841318570972381e-08,0.3451699331708189
R4_LHS_03,physics,20260813,V40_C_E4_C7_1T,incremental_velocity,Y,0.0,0.5,2.0337522844444597e-05,1.8564262925377634e-05,0.0955200821166398
R4_LHS_03,physics,20260813,V40_C_E4_C7_1T,incremental_velocity,Y,0.5,1.0,1.7731305072854586e-06,2.7293356983012278e-06,0.35034356221219803
R4_LHS_03,physics,20260813,V40_C_E4_C7_1T,incremental_velocity,Y,1.0,2.0,3.0882924896011362e-06,4.1049197112263995e-06,0.247660683556106
R4_LHS_03,physics,20260813,V40_C_E4_C7_1T,incremental_velocity,Y,2.0,5.0,8.270765914976297e-07,7.350297760101496e-07,0.12522868935612896
R4_LHS_03,physics,20260813,V40_C_E4_C7_1T,incremental_velocity,Y,5.0,10.0,9.7345840583041e-06,9.911476671086738e-06,0.017847251086072796
R4_LHS_03,physics,20260813,V40_C_E4_C7_1T,incremental_velocity,Y,10.0,20.0,4.45424251498205e-06,5.907852197747643e-06,0.24604706314754768
R4_LHS_03,physics,20260813,V40_C_E4_C7_1T,total_displacement,Z,0.0,0.5,9.574709710281314e-05,9.517022402259534e-05,0.006061487047470196
R4_LHS_03,physics,20260813,V40_C_E4_C7_1T,total_displacement,Z,0.5,1.0,9.468736693562139e-07,9.039257269421911e-07,0.047512689520750155
R4_LHS_03,physics,20260813,V40_C_E4_C7_1T,total_displacement,Z,1.0,2.0,5.449073672621358e-07,5.194394943816841e-07,0.04902952731918749
R4_LHS_03,physics,20260813,V40_C_E4_C7_1T,total_displacement,Z,2.0,5.0,3.085000402051211e-07,2.885340450901497e-07,0.06919805636361981
R4_LHS_03,physics,20260813,V40_C_E4_C7_1T,total_displacement,Z,5.0,10.0,8.658380869893397e-08,7.872487413928343e-08,0.09982784533572166
R4_LHS_03,physics,20260813,V40_C_E4_C7_1T,total_displacement,Z,10.0,20.0,5.8237829206162244e-08,5.3341930047784814e-08,0.09178331481428553
R4_LHS_03,physics,20260813,V40_C_E4_C7_1T,incremental_velocity,Z,0.0,0.5,1.5221579948542476e-05,1.510186799997487e-05,0.007926962980195944
R4_LHS_03,physics,20260813,V40_C_E4_C7_1T,incremental_velocity,Z,0.5,1.0,5.581890980739793e-06,5.896515474184778e-06,0.05335769825796702
R4_LHS_03,physics,20260813,V40_C_E4_C7_1T,incremental_velocity,Z,1.0,2.0,6.136321752880948e-06,6.226577379319186e-06,0.01449522280699674
R4_LHS_03,physics,20260813,V40_C_E4_C7_1T,incremental_velocity,Z,2.0,5.0,3.630522120773238e-07,3.322435618991716e-07,0.0927291111437756
R4_LHS_03,physics,20260813,V40_C_E4_C7_1T,incremental_velocity,Z,5.0,10.0,1.2437070723404156e-05,1.1545430368929657e-05,0.07722885383935328
R4_LHS_03,physics,20260813,V40_C_E4_C7_1T,incremental_velocity,Z,10.0,20.0,6.553906448577219e-07,1.991228363884979e-06,0.6708611343909222
R4_LHS_03,physics,20260813,V52_A_E4_C7_1T,total_displacement,X,0.0,0.5,7.751749657416275e-07,7.779507520405637e-07,0.0035680745749720054
R4_LHS_03,physics,20260813,V52_A_E4_C7_1T,total_displacement,X,0.5,1.0,1.7356121217809796e-08,1.7866958832964068e-08,0.028591190024560276
R4_LHS_03,physics,20260813,V52_A_E4_C7_1T,total_displacement,X,1.0,2.0,5.2736625708036915e-05,5.278404583703167e-05,0.0008983799601334152
R4_LHS_03,physics,20260813,V52_A_E4_C7_1T,total_displacement,X,2.0,5.0,4.0227236994534414e-06,4.00431275070948e-06,0.004597779916341381
R4_LHS_03,physics,20260813,V52_A_E4_C7_1T,total_displacement,X,5.0,10.0,2.1220519609886052e-10,3.365844303445828e-10,0.36953353462721783
R4_LHS_03,physics,20260813,V52_A_E4_C7_1T,total_displacement,X,10.0,20.0,9.592586330252541e-11,1.2940542468826803e-10,0.2587183765007797
R4_LHS_03,physics,20260813,V52_A_E4_C7_1T,incremental_velocity,X,0.0,0.5,2.109837556878615e-07,2.426983103339312e-07,0.13067480610982948
R4_LHS_03,physics,20260813,V52_A_E4_C7_1T,incremental_velocity,X,0.5,1.0,1.1848060687787816e-08,1.7684783462791406e-08,0.3300420832001699
R4_LHS_03,physics,20260813,V52_A_E4_C7_1T,incremental_velocity,X,1.0,2.0,6.882474654211346e-08,1.9991398079743354e-07,0.6557281973597865
R4_LHS_03,physics,20260813,V52_A_E4_C7_1T,incremental_velocity,X,2.0,5.0,1.9302321263043097e-07,2.3525928135743193e-07,0.17952987224691572
R4_LHS_03,physics,20260813,V52_A_E4_C7_1T,incremental_velocity,X,5.0,10.0,3.496088701820043e-08,9.647793326012278e-08,0.6376281514661052
R4_LHS_03,physics,20260813,V52_A_E4_C7_1T,incremental_velocity,X,10.0,20.0,7.78000024169174e-08,1.391735706086016e-07,0.440985798692234
R4_LHS_03,physics,20260813,V52_A_E4_C7_1T,total_displacement,Y,0.0,0.5,3.8116637337025135e-05,3.8708794488012064e-05,0.015297741994272591
R4_LHS_03,physics,20260813,V52_A_E4_C7_1T,total_displacement,Y,0.5,1.0,1.8674355112135092e-07,2.154050616847253e-07,0.13305866788462203
R4_LHS_03,physics,20260813,V52_A_E4_C7_1T,total_displacement,Y,1.0,2.0,4.134246467751522e-07,4.2194532874622696e-07,0.020193805667651745
R4_LHS_03,physics,20260813,V52_A_E4_C7_1T,total_displacement,Y,2.0,5.0,1.965020218481812e-07,1.8352016988877504e-07,0.0707380118886877
R4_LHS_03,physics,20260813,V52_A_E4_C7_1T,total_displacement,Y,5.0,10.0,1.853775759597072e-08,1.6952733220366603e-08,0.09349668605059544
R4_LHS_03,physics,20260813,V52_A_E4_C7_1T,total_displacement,Y,10.0,20.0,1.4365851428233089e-08,1.244626792229894e-08,0.1542296468240886
R4_LHS_03,physics,20260813,V52_A_E4_C7_1T,incremental_velocity,Y,0.0,0.5,1.0975894865600782e-05,1.196975090329046e-05,0.08303063662055568
R4_LHS_03,physics,20260813,V52_A_E4_C7_1T,incremental_velocity,Y,0.5,1.0,1.6750668877645308e-06,2.35481674554268e-06,0.28866359094176447
R4_LHS_03,physics,20260813,V52_A_E4_C7_1T,incremental_velocity,Y,1.0,2.0,1.529370047970492e-06,2.0680606038612606e-06,0.2604810298523087
R4_LHS_03,physics,20260813,V52_A_E4_C7_1T,incremental_velocity,Y,2.0,5.0,8.867714654504663e-07,1.0122890107319607e-06,0.12399378433510395
R4_LHS_03,physics,20260813,V52_A_E4_C7_1T,incremental_velocity,Y,5.0,10.0,2.1307197981529265e-06,2.277555150955509e-06,0.06447060249714702
R4_LHS_03,physics,20260813,V52_A_E4_C7_1T,incremental_velocity,Y,10.0,20.0,1.1889710184998136e-05,1.2827994653493019e-05,0.07314350323956448
R4_LHS_03,physics,20260813,V52_A_E4_C7_1T,total_displacement,Z,0.0,0.5,6.993250372336676e-05,7.008876184604058e-05,0.0022294319168750763
R4_LHS_03,physics,20260813,V52_A_E4_C7_1T,total_displacement,Z,0.5,1.0,1.0076368220079685e-06,9.889643533779223e-07,0.01888083080676084
R4_LHS_03,physics,20260813,V52_A_E4_C7_1T,total_displacement,Z,1.0,2.0,4.902069140545315e-07,4.8612099206799e-07,0.008405154381751302
R4_LHS_03,physics,20260813,V52_A_E4_C7_1T,total_displacement,Z,2.0,5.0,3.066295175803656e-07,2.8906942638075017e-07,0.060746968018977
R4_LHS_03,physics,20260813,V52_A_E4_C7_1T,total_displacement,Z,5.0,10.0,7.655211213381299e-08,7.460774941690783e-08,0.026061136170186024
R4_LHS_03,physics,20260813,V52_A_E4_C7_1T,total_displacement,Z,10.0,20.0,5.6527637961367633e-08,5.34861439105811e-08,0.05686508370974259
R4_LHS_03,physics,20260813,V52_A_E4_C7_1T,incremental_velocity,Z,0.0,0.5,1.5760356340362225e-05,1.610463881234302e-05,0.021377844979480587
R4_LHS_03,physics,20260813,V52_A_E4_C7_1T,incremental_velocity,Z,0.5,1.0,6.3730359010473274e-06,6.587632152823375e-06,0.03257562759998289
R4_LHS_03,physics,20260813,V52_A_E4_C7_1T,incremental_velocity,Z,1.0,2.0,2.6865689145852027e-06,3.121540928259703e-06,0.13934528608503705
R4_LHS_03,physics,20260813,V52_A_E4_C7_1T,incremental_velocity,Z,2.0,5.0,4.3232186054582e-07,5.078701787586731e-07,0.14875517676093306
R4_LHS_03,physics,20260813,V52_A_E4_C7_1T,incremental_velocity,Z,5.0,10.0,5.815270917191051e-07,5.976783188931852e-07,0.02702327767885207
R4_LHS_03,physics,20260813,V52_A_E4_C7_1T,incremental_velocity,Z,10.0,20.0,8.375425128827885e-07,1.9436316398097347e-06,0.5690837215611613
R4_LHS_03,physics,20260813,V52_B_E4_C7_1T,total_displacement,X,0.0,0.5,1.2515223985214315e-06,1.2129210632818836e-06,0.03182510091390584
R4_LHS_03,physics,20260813,V52_B_E4_C7_1T,total_displacement,X,0.5,1.0,1.7786023008726605e-08,1.8197750339649268e-08,0.02262517746633721
R4_LHS_03,physics,20260813,V52_B_E4_C7_1T,total_displacement,X,1.0,2.0,5.280271899734636e-05,5.275193545007612e-05,0.0009626859533580734
R4_LHS_03,physics,20260813,V52_B_E4_C7_1T,total_displacement,X,2.0,5.0,4.0079290099586955e-06,4.010643663289322e-06,0.0006768622591616288
R4_LHS_03,physics,20260813,V52_B_E4_C7_1T,total_displacement,X,5.0,10.0,2.466671179055821e-10,3.2892222644345604e-10,0.2500746435632381
R4_LHS_03,physics,20260813,V52_B_E4_C7_1T,total_displacement,X,10.0,20.0,1.525901174744775e-10,1.1519185391030881e-10,0.3246606621444593
R4_LHS_03,physics,20260813,V52_B_E4_C7_1T,incremental_velocity,X,0.0,0.5,3.3447426488943014e-07,3.6737285283432794e-07,0.08955094991663386
R4_LHS_03,physics,20260813,V52_B_E4_C7_1T,incremental_velocity,X,0.5,1.0,1.7379914304840408e-08,2.7876892593740745e-08,0.376547646176936
R4_LHS_03,physics,20260813,V52_B_E4_C7_1T,incremental_velocity,X,1.0,2.0,1.7746696636611296e-07,2.3283347360773627e-07,0.23779444760980306
R4_LHS_03,physics,20260813,V52_B_E4_C7_1T,incremental_velocity,X,2.0,5.0,1.6555975317306083e-07,2.879586329991522e-07,0.42505716377133834
R4_LHS_03,physics,20260813,V52_B_E4_C7_1T,incremental_velocity,X,5.0,10.0,5.281390116987731e-08,1.1714933819391149e-07,0.5491745665480663
R4_LHS_03,physics,20260813,V52_B_E4_C7_1T,incremental_velocity,X,10.0,20.0,1.258769727260509e-07,2.031591908339232e-07,0.38040227365863205
R4_LHS_03,physics,20260813,V52_B_E4_C7_1T,total_displacement,Y,0.0,0.5,5.66027962405682e-05,5.519332327085652e-05,0.025537019446986595
R4_LHS_03,physics,20260813,V52_B_E4_C7_1T,total_displacement,Y,0.5,1.0,1.9564872513096637e-07,2.484374421052876e-07,0.21248293545040361
R4_LHS_03,physics,20260813,V52_B_E4_C7_1T,total_displacement,Y,1.0,2.0,4.240569245588541e-07,4.3224048594961046e-07,0.01893288957599033
R4_LHS_03,physics,20260813,V52_B_E4_C7_1T,total_displacement,Y,2.0,5.0,1.8697067388823937e-07,1.846101872315135e-07,0.01278632935768413
R4_LHS_03,physics,20260813,V52_B_E4_C7_1T,total_displacement,Y,5.0,10.0,1.9908809137304767e-08,1.7316316008075466e-08,0.14971389572818444
R4_LHS_03,physics,20260813,V52_B_E4_C7_1T,total_displacement,Y,10.0,20.0,1.765739721705471e-08,1.3553143527441217e-08,0.3028266970908674
R4_LHS_03,physics,20260813,V52_B_E4_C7_1T,incremental_velocity,Y,0.0,0.5,1.6675435339604035e-05,1.7865453405833155e-05,0.06661001202693087
R4_LHS_03,physics,20260813,V52_B_E4_C7_1T,incremental_velocity,Y,0.5,1.0,1.8875618962941983e-06,3.0431449103965188e-06,0.3797331537365893
R4_LHS_03,physics,20260813,V52_B_E4_C7_1T,incremental_velocity,Y,1.0,2.0,2.3218754040461356e-06,2.9686109335672427e-06,0.2178579625265864
R4_LHS_03,physics,20260813,V52_B_E4_C7_1T,incremental_velocity,Y,2.0,5.0,1.0887894198183426e-06,1.4106637552371902e-06,0.2281722587851755
R4_LHS_03,physics,20260813,V52_B_E4_C7_1T,incremental_velocity,Y,5.0,10.0,3.2162493982909123e-06,3.476615241103942e-06,0.07489061191895219
R4_LHS_03,physics,20260813,V52_B_E4_C7_1T,incremental_velocity,Y,10.0,20.0,1.8522860824741807e-05,1.9760181447166185e-05,0.06261686542366351
R4_LHS_03,physics,20260813,V52_B_E4_C7_1T,total_displacement,Z,0.0,0.5,7.875197309194434e-05,8.073529678344593e-05,0.024565757116387484
R4_LHS_03,physics,20260813,V52_B_E4_C7_1T,total_displacement,Z,0.5,1.0,9.673094104267058e-07,9.960375404357234e-07,0.028842416919798233
R4_LHS_03,physics,20260813,V52_B_E4_C7_1T,total_displacement,Z,1.0,2.0,4.914415781971276e-07,4.879388216480729e-07,0.007178679772238044
R4_LHS_03,physics,20260813,V52_B_E4_C7_1T,total_displacement,Z,2.0,5.0,3.028583809347392e-07,2.892127039807297e-07,0.047182149214713344
R4_LHS_03,physics,20260813,V52_B_E4_C7_1T,total_displacement,Z,5.0,10.0,7.70722515579896e-08,7.4754114890077e-08,0.03101015470949425
R4_LHS_03,physics,20260813,V52_B_E4_C7_1T,total_displacement,Z,10.0,20.0,6.001864496006574e-08,5.362652684760743e-08,0.11919694390470303
R4_LHS_03,physics,20260813,V52_B_E4_C7_1T,incremental_velocity,Z,0.0,0.5,2.0329801938698042e-05,1.9420724665459266e-05,0.04680964736890668
R4_LHS_03,physics,20260813,V52_B_E4_C7_1T,incremental_velocity,Z,0.5,1.0,6.8421034391199055e-06,6.595357299344557e-06,0.037412095899621745
R4_LHS_03,physics,20260813,V52_B_E4_C7_1T,incremental_velocity,Z,1.0,2.0,3.433075621944389e-06,3.275288942346637e-06,0.04817488849844896
R4_LHS_03,physics,20260813,V52_B_E4_C7_1T,incremental_velocity,Z,2.0,5.0,6.718120828519389e-07,5.73310770699312e-07,0.1718113755868867
R4_LHS_03,physics,20260813,V52_B_E4_C7_1T,incremental_velocity,Z,5.0,10.0,8.8348554314556e-07,9.576282518670903e-07,0.07742326792988202
R4_LHS_03,physics,20260813,V52_B_E4_C7_1T,incremental_velocity,Z,10.0,20.0,1.3208114430243412e-06,3.0963463178835592e-06,0.573429032987772
R4_LHS_03,physics,20260813,V52_CPLUS_E4_C7_1T,total_displacement,X,0.0,0.5,2.815957536951263e-06,2.82250357613981e-06,0.002319231495004788
R4_LHS_03,physics,20260813,V52_CPLUS_E4_C7_1T,total_displacement,X,0.5,1.0,1.7859357907801406e-08,1.7846839140207934e-08,0.0007014557309069134
R4_LHS_03,physics,20260813,V52_CPLUS_E4_C7_1T,total_displacement,X,1.0,2.0,5.270191463118572e-05,5.274914662784349e-05,0.0008954077871819461
R4_LHS_03,physics,20260813,V52_CPLUS_E4_C7_1T,total_displacement,X,2.0,5.0,4.018658351635311e-06,4.0192438967873175e-06,0.00014568539930480442
R4_LHS_03,physics,20260813,V52_CPLUS_E4_C7_1T,total_displacement,X,5.0,10.0,2.9717636758176e-10,2.771293409331915e-10,0.07233816015678131
R4_LHS_03,physics,20260813,V52_CPLUS_E4_C7_1T,total_displacement,X,10.0,20.0,2.952314090245195e-10,1.4973310395355215e-10,0.9717176845282093
R4_LHS_03,physics,20260813,V52_CPLUS_E4_C7_1T,incremental_velocity,X,0.0,0.5,7.77662108977925e-07,8.886017925365857e-07,0.12484746766262356
R4_LHS_03,physics,20260813,V52_CPLUS_E4_C7_1T,incremental_velocity,X,0.5,1.0,1.503497004571755e-08,1.9785949324501263e-08,0.24011884397684663
R4_LHS_03,physics,20260813,V52_CPLUS_E4_C7_1T,incremental_velocity,X,1.0,2.0,2.0517584465167936e-07,1.5941636195776227e-07,0.2870438274462766
R4_LHS_03,physics,20260813,V52_CPLUS_E4_C7_1T,incremental_velocity,X,2.0,5.0,2.5532288800547e-07,3.5401976344611397e-07,0.27878916837835466
R4_LHS_03,physics,20260813,V52_CPLUS_E4_C7_1T,incremental_velocity,X,5.0,10.0,1.0698007106694664e-07,2.0248374767059292e-07,0.47166094910004697
R4_LHS_03,physics,20260813,V52_CPLUS_E4_C7_1T,incremental_velocity,X,10.0,20.0,2.378748983791372e-07,3.7068278314917247e-07,0.3582790752830565
R4_LHS_03,physics,20260813,V52_CPLUS_E4_C7_1T,total_displacement,Y,0.0,0.5,0.00012081352056864896,0.00011495227768064827,0.05098848849506012
R4_LHS_03,physics,20260813,V52_CPLUS_E4_C7_1T,total_displacement,Y,0.5,1.0,2.3650956226500952e-07,2.311785495572227e-07,0.023060152933727335
R4_LHS_03,physics,20260813,V52_CPLUS_E4_C7_1T,total_displacement,Y,1.0,2.0,4.282975892937542e-07,4.753855934418653e-07,0.09905223212000741
R4_LHS_03,physics,20260813,V52_CPLUS_E4_C7_1T,total_displacement,Y,2.0,5.0,1.9332772413571982e-07,1.8895714343570266e-07,0.02313001043807778
R4_LHS_03,physics,20260813,V52_CPLUS_E4_C7_1T,total_displacement,Y,5.0,10.0,2.8103743153541218e-08,1.8749067640278167e-08,0.498940837632194
R4_LHS_03,physics,20260813,V52_CPLUS_E4_C7_1T,total_displacement,Y,10.0,20.0,3.018923114455545e-08,1.717605406039961e-08,0.7576348466530782
R4_LHS_03,physics,20260813,V52_CPLUS_E4_C7_1T,incremental_velocity,Y,0.0,0.5,3.717092388870465e-05,3.987337368168032e-05,0.06777579982446545
R4_LHS_03,physics,20260813,V52_CPLUS_E4_C7_1T,incremental_velocity,Y,0.5,1.0,2.150906337095339e-06,2.458259719525716e-06,0.1250288486562665
R4_LHS_03,physics,20260813,V52_CPLUS_E4_C7_1T,incremental_velocity,Y,1.0,2.0,3.7113683237998864e-06,6.628485818031307e-06,0.44008806450125576
R4_LHS_03,physics,20260813,V52_CPLUS_E4_C7_1T,incremental_velocity,Y,2.0,5.0,2.422625699124824e-06,2.6191027773436432e-06,0.07501694088465329
R4_LHS_03,physics,20260813,V52_CPLUS_E4_C7_1T,incremental_velocity,Y,5.0,10.0,6.836974509085039e-06,7.645026695402594e-06,0.10569645058315945
R4_LHS_03,physics,20260813,V52_CPLUS_E4_C7_1T,incremental_velocity,Y,10.0,20.0,3.629238950078917e-05,4.014762207213879e-05,0.0960264237922333
R4_LHS_03,physics,20260813,V52_CPLUS_E4_C7_1T,total_displacement,Z,0.0,0.5,0.00012128031610792744,0.00011598716719996301,0.04563564259517596
R4_LHS_03,physics,20260813,V52_CPLUS_E4_C7_1T,total_displacement,Z,0.5,1.0,9.700306180064497e-07,9.866590124398847e-07,0.016853233208010875
R4_LHS_03,physics,20260813,V52_CPLUS_E4_C7_1T,total_displacement,Z,1.0,2.0,4.965375060954917e-07,4.982771493514742e-07,0.0034913165459156898
R4_LHS_03,physics,20260813,V52_CPLUS_E4_C7_1T,total_displacement,Z,2.0,5.0,2.967570948194929e-07,2.893504017791241e-07,0.02559765942893941
R4_LHS_03,physics,20260813,V52_CPLUS_E4_C7_1T,total_displacement,Z,5.0,10.0,8.49693636941996e-08,7.528538852188113e-08,0.1286302078324785
R4_LHS_03,physics,20260813,V52_CPLUS_E4_C7_1T,total_displacement,Z,10.0,20.0,7.211426397288181e-08,5.4030191899773566e-08,0.3347030879818888
R4_LHS_03,physics,20260813,V52_CPLUS_E4_C7_1T,incremental_velocity,Z,0.0,0.5,3.1750100724116655e-05,3.1181687890837965e-05,0.01822905916025492
R4_LHS_03,physics,20260813,V52_CPLUS_E4_C7_1T,incremental_velocity,Z,0.5,1.0,6.986017367332597e-06,6.577681266029194e-06,0.062079034357027635
R4_LHS_03,physics,20260813,V52_CPLUS_E4_C7_1T,incremental_velocity,Z,1.0,2.0,4.031918309644333e-06,4.180540056190547e-06,0.0355508485862097
R4_LHS_03,physics,20260813,V52_CPLUS_E4_C7_1T,incremental_velocity,Z,2.0,5.0,8.363519145514201e-07,7.404393097544037e-07,0.1295347282802013
R4_LHS_03,physics,20260813,V52_CPLUS_E4_C7_1T,incremental_velocity,Z,5.0,10.0,1.7646179623894477e-06,2.3171646665267617e-06,0.23845810879100615
R4_LHS_03,physics,20260813,V52_CPLUS_E4_C7_1T,incremental_velocity,Z,10.0,20.0,2.786262715532191e-06,6.004186993917095e-06,0.5359467121268903
R4_LHS_03,physics,20260813,V52_C_E4_C7_1T,total_displacement,X,0.0,0.5,1.7443651576309975e-06,1.7422716113935273e-06,0.0012016187509338366
R4_LHS_03,physics,20260813,V52_C_E4_C7_1T,total_displacement,X,0.5,1.0,1.8054721340883346e-08,1.8770986992539826e-08,0.03815812412747107
R4_LHS_03,physics,20260813,V52_C_E4_C7_1T,total_displacement,X,1.0,2.0,5.2791083347152994e-05,5.275561610025063e-05,0.0006722932935702512
R4_LHS_03,physics,20260813,V52_C_E4_C7_1T,total_displacement,X,2.0,5.0,4.008741556141776e-06,4.013356173777309e-06,0.0011498151262238328
R4_LHS_03,physics,20260813,V52_C_E4_C7_1T,total_displacement,X,5.0,10.0,2.7435107977403684e-10,2.2245204608651342e-10,0.23330436649406883
R4_LHS_03,physics,20260813,V52_C_E4_C7_1T,total_displacement,X,10.0,20.0,2.0301405475006627e-10,1.160377125916821e-10,0.7495523672070287
R4_LHS_03,physics,20260813,V52_C_E4_C7_1T,incremental_velocity,X,0.0,0.5,4.93273285073229e-07,5.27111881832739e-07,0.064196232196199
R4_LHS_03,physics,20260813,V52_C_E4_C7_1T,incremental_velocity,X,0.5,1.0,2.5383842238815166e-08,3.926212852105254e-08,0.3534776846037721
R4_LHS_03,physics,20260813,V52_C_E4_C7_1T,incremental_velocity,X,1.0,2.0,1.5893757104761463e-07,3.0366950978039113e-07,0.47661004503693605
R4_LHS_03,physics,20260813,V52_C_E4_C7_1T,incremental_velocity,X,2.0,5.0,1.9812153682085986e-07,5.67944570351879e-07,0.6511604350788835
R4_LHS_03,physics,20260813,V52_C_E4_C7_1T,incremental_velocity,X,5.0,10.0,7.591410020354259e-08,1.3837494748519152e-07,0.4513884082111995
R4_LHS_03,physics,20260813,V52_C_E4_C7_1T,incremental_velocity,X,10.0,20.0,1.7784982472025476e-07,2.6642426028689823e-07,0.3324563441454706
R4_LHS_03,physics,20260813,V52_C_E4_C7_1T,total_displacement,Y,0.0,0.5,7.562238024062999e-05,7.508845881445058e-05,0.007110565786131885
R4_LHS_03,physics,20260813,V52_C_E4_C7_1T,total_displacement,Y,0.5,1.0,2.2443694587522122e-07,2.8812798115755544e-07,0.2210511975492807
R4_LHS_03,physics,20260813,V52_C_E4_C7_1T,total_displacement,Y,1.0,2.0,4.235775055490432e-07,4.4545103049613424e-07,0.04910421898166619
R4_LHS_03,physics,20260813,V52_C_E4_C7_1T,total_displacement,Y,2.0,5.0,1.8774455353673316e-07,1.8585715333298747e-07,0.010155111976584339
R4_LHS_03,physics,20260813,V52_C_E4_C7_1T,total_displacement,Y,5.0,10.0,2.142483379717045e-08,1.780784000600558e-08,0.20311243755250846
R4_LHS_03,physics,20260813,V52_C_E4_C7_1T,total_displacement,Y,10.0,20.0,2.137792192875708e-08,1.491115820696406e-08,0.4336862121664568
R4_LHS_03,physics,20260813,V52_C_E4_C7_1T,incremental_velocity,Y,0.0,0.5,2.3244003923090168e-05,2.511102955775614e-05,0.07435081984080957
R4_LHS_03,physics,20260813,V52_C_E4_C7_1T,incremental_velocity,Y,0.5,1.0,2.245249540179504e-06,3.906787198235987e-06,0.4252951527041732
R4_LHS_03,physics,20260813,V52_C_E4_C7_1T,incremental_velocity,Y,1.0,2.0,2.7995164915753648e-06,4.053938359626102e-06,0.30943289136898317
R4_LHS_03,physics,20260813,V52_C_E4_C7_1T,incremental_velocity,Y,2.0,5.0,1.4110708010617508e-06,1.8007595291461016e-06,0.21640242451980052
R4_LHS_03,physics,20260813,V52_C_E4_C7_1T,incremental_velocity,Y,5.0,10.0,4.603783956955494e-06,4.9382092627881145e-06,0.0677219793727015
R4_LHS_03,physics,20260813,V52_C_E4_C7_1T,incremental_velocity,Y,10.0,20.0,2.631088334106092e-05,2.759694409432864e-05,0.046601563885909164
R4_LHS_03,physics,20260813,V52_C_E4_C7_1T,total_displacement,Z,0.0,0.5,9.010357289972487e-05,9.311304736208748e-05,0.03232065266492362
R4_LHS_03,physics,20260813,V52_C_E4_C7_1T,total_displacement,Z,0.5,1.0,9.928733924653505e-07,1.0034936978406051e-06,0.010583330416631677
R4_LHS_03,physics,20260813,V52_C_E4_C7_1T,total_displacement,Z,1.0,2.0,4.929862486447426e-07,4.908273928657987e-07,0.0043984011697858665
R4_LHS_03,physics,20260813,V52_C_E4_C7_1T,total_displacement,Z,2.0,5.0,3.0320920771285865e-07,2.8909771586178634e-07,0.048812187287632605
R4_LHS_03,physics,20260813,V52_C_E4_C7_1T,total_displacement,Z,5.0,10.0,7.824980643461542e-08,7.488093165236782e-08,0.0449897551740875
R4_LHS_03,physics,20260813,V52_C_E4_C7_1T,total_displacement,Z,10.0,20.0,6.246772463351482e-08,5.3821951628600115e-08,0.16063655707944413
R4_LHS_03,physics,20260813,V52_C_E4_C7_1T,incremental_velocity,Z,0.0,0.5,2.4738936138765325e-05,2.3557727676003873e-05,0.05014101865031073
R4_LHS_03,physics,20260813,V52_C_E4_C7_1T,incremental_velocity,Z,0.5,1.0,6.932308986553457e-06,6.630967477693977e-06,0.04544457650760135
R4_LHS_03,physics,20260813,V52_C_E4_C7_1T,incremental_velocity,Z,1.0,2.0,3.3757176115871435e-06,3.469984660582261e-06,0.027166416631737977
R4_LHS_03,physics,20260813,V52_C_E4_C7_1T,incremental_velocity,Z,2.0,5.0,6.165237281229942e-07,6.185707118767412e-07,0.0033092154452907313
R4_LHS_03,physics,20260813,V52_C_E4_C7_1T,incremental_velocity,Z,5.0,10.0,1.2857248038404982e-06,1.2533497604523685e-06,0.025830813081613075
R4_LHS_03,physics,20260813,V52_C_E4_C7_1T,incremental_velocity,Z,10.0,20.0,1.9013840445383744e-06,4.53868701705664e-06,0.5810717863133399
R4_LHS_03,physics,20260813,V40_A_E5_C9_1T,total_displacement,X,0.0,0.5,8.793287010107373e-07,9.526087508638838e-07,0.07692565262148982
R4_LHS_03,physics,20260813,V40_A_E5_C9_1T,total_displacement,X,0.5,1.0,1.7347781773400456e-08,1.763941232879754e-08,0.01653289519861023
R4_LHS_03,physics,20260813,V40_A_E5_C9_1T,total_displacement,X,1.0,2.0,5.273978855983254e-05,5.2741177982137196e-05,2.6344165181980826e-05
R4_LHS_03,physics,20260813,V40_A_E5_C9_1T,total_displacement,X,2.0,5.0,4.049555540913245e-06,4.016136196547779e-06,0.008321267688628944
R4_LHS_03,physics,20260813,V40_A_E5_C9_1T,total_displacement,X,5.0,10.0,2.9174991025093363e-10,2.342501668010717e-10,0.24546297761525812
R4_LHS_03,physics,20260813,V40_A_E5_C9_1T,total_displacement,X,10.0,20.0,6.835487955058828e-11,7.9110077549385e-11,0.13595231267574884
R4_LHS_03,physics,20260813,V40_A_E5_C9_1T,incremental_velocity,X,0.0,0.5,1.8777958721312782e-07,1.9084044788712377e-07,0.01603884662755744
R4_LHS_03,physics,20260813,V40_A_E5_C9_1T,incremental_velocity,X,0.5,1.0,9.467253625513161e-09,1.3645394940721747e-08,0.306194238668741
R4_LHS_03,physics,20260813,V40_A_E5_C9_1T,incremental_velocity,X,1.0,2.0,1.6732895650070646e-07,2.5704651822542634e-07,0.3490323943856683
R4_LHS_03,physics,20260813,V40_A_E5_C9_1T,incremental_velocity,X,2.0,5.0,2.8649840497960775e-07,5.909445861876978e-07,0.5151856676987829
R4_LHS_03,physics,20260813,V40_A_E5_C9_1T,incremental_velocity,X,5.0,10.0,1.7967952404319836e-07,2.6621514984122155e-07,0.3250589827424756
R4_LHS_03,physics,20260813,V40_A_E5_C9_1T,incremental_velocity,X,10.0,20.0,1.1381553924186793e-08,5.478818141698053e-08,0.792262607923334
R4_LHS_03,physics,20260813,V40_A_E5_C9_1T,total_displacement,Y,0.0,0.5,5.020439337554142e-05,4.5064223240880325e-05,0.11406321389776343
R4_LHS_03,physics,20260813,V40_A_E5_C9_1T,total_displacement,Y,0.5,1.0,1.466871246839325e-07,1.8345206596494239e-07,0.20040625374061274
R4_LHS_03,physics,20260813,V40_A_E5_C9_1T,total_displacement,Y,1.0,2.0,4.36531338518786e-07,4.288094704039241e-07,0.018007690239649283
R4_LHS_03,physics,20260813,V40_A_E5_C9_1T,total_displacement,Y,2.0,5.0,1.9941870187917647e-07,1.8222499559253307e-07,0.09435426918648218
R4_LHS_03,physics,20260813,V40_A_E5_C9_1T,total_displacement,Y,5.0,10.0,2.3980836415536992e-08,1.800520815613859e-08,0.33188331995823694
R4_LHS_03,physics,20260813,V40_A_E5_C9_1T,total_displacement,Y,10.0,20.0,1.220215724558056e-08,1.0533404072189252e-08,0.15842487024657317
R4_LHS_03,physics,20260813,V40_A_E5_C9_1T,incremental_velocity,Y,0.0,0.5,8.850992064941227e-06,8.766550449646175e-06,0.009632251109495466
R4_LHS_03,physics,20260813,V40_A_E5_C9_1T,incremental_velocity,Y,0.5,1.0,1.2731634206033797e-06,1.7550921490012893e-06,0.2745888463304587
R4_LHS_03,physics,20260813,V40_A_E5_C9_1T,incremental_velocity,Y,1.0,2.0,1.9188764207934123e-06,2.3782343891870487e-06,0.19315083932944832
R4_LHS_03,physics,20260813,V40_A_E5_C9_1T,incremental_velocity,Y,2.0,5.0,6.500618857011531e-07,4.3919708572359365e-07,0.48011429681996126
R4_LHS_03,physics,20260813,V40_A_E5_C9_1T,incremental_velocity,Y,5.0,10.0,4.2619228704389324e-06,4.7235277576571285e-06,0.09772460561280841
R4_LHS_03,physics,20260813,V40_A_E5_C9_1T,incremental_velocity,Y,10.0,20.0,1.6550066697723022e-06,2.4782923618040056e-06,0.3321987771581618
R4_LHS_03,physics,20260813,V40_A_E5_C9_1T,total_displacement,Z,0.0,0.5,7.255201647487621e-05,6.954140188593411e-05,0.043292405779801355
R4_LHS_03,physics,20260813,V40_A_E5_C9_1T,total_displacement,Z,0.5,1.0,9.4242222667427e-07,9.233109931127221e-07,0.020698587695917058
R4_LHS_03,physics,20260813,V40_A_E5_C9_1T,total_displacement,Z,1.0,2.0,5.444087312069399e-07,5.066320085447068e-07,0.07456442156259778
R4_LHS_03,physics,20260813,V40_A_E5_C9_1T,total_displacement,Z,2.0,5.0,3.150286134722765e-07,2.879869244029726e-07,0.09389901685767228
R4_LHS_03,physics,20260813,V40_A_E5_C9_1T,total_displacement,Z,5.0,10.0,8.386857651145005e-08,7.57415800020689e-08,0.10729900946295508
R4_LHS_03,physics,20260813,V40_A_E5_C9_1T,total_displacement,Z,10.0,20.0,5.619671066913736e-08,5.3243864708052344e-08,0.05545889610523407
R4_LHS_03,physics,20260813,V40_A_E5_C9_1T,incremental_velocity,Z,0.0,0.5,1.0316039844715356e-05,1.123297325897449e-05,0.0816287364991773
R4_LHS_03,physics,20260813,V40_A_E5_C9_1T,incremental_velocity,Z,0.5,1.0,5.7254680702819214e-06,6.122601680741766e-06,0.06486353860140891
R4_LHS_03,physics,20260813,V40_A_E5_C9_1T,incremental_velocity,Z,1.0,2.0,4.270820031112047e-06,5.102994469624216e-06,0.16307570848170053
R4_LHS_03,physics,20260813,V40_A_E5_C9_1T,incremental_velocity,Z,2.0,5.0,3.5644313899205153e-07,2.888242140595832e-07,0.2341179223931648
R4_LHS_03,physics,20260813,V40_A_E5_C9_1T,incremental_velocity,Z,5.0,10.0,4.345449656784967e-06,3.688667573492699e-06,0.1780540182075499
R4_LHS_03,physics,20260813,V40_A_E5_C9_1T,incremental_velocity,Z,10.0,20.0,2.745074903496186e-07,7.272162980559509e-07,0.6225229122567074
R4_LHS_03,physics,20260813,V40_B_E5_C9_1T,total_displacement,X,0.0,0.5,1.4130105929876906e-06,1.4844706276799597e-06,0.048138395842801
R4_LHS_03,physics,20260813,V40_B_E5_C9_1T,total_displacement,X,0.5,1.0,1.751511610001573e-08,1.7839151874636865e-08,0.0181643038244345
R4_LHS_03,physics,20260813,V40_B_E5_C9_1T,total_displacement,X,1.0,2.0,5.2745892255884226e-05,5.270907498138174e-05,0.0006984997273333111
R4_LHS_03,physics,20260813,V40_B_E5_C9_1T,total_displacement,X,2.0,5.0,4.043637195276787e-06,4.020863375549196e-06,0.005663912846697933
R4_LHS_03,physics,20260813,V40_B_E5_C9_1T,total_displacement,X,5.0,10.0,3.3999651376106775e-10,3.355563545362927e-10,0.013232231083541615
R4_LHS_03,physics,20260813,V40_B_E5_C9_1T,total_displacement,X,10.0,20.0,8.891705295053601e-11,1.0620642272997642e-10,0.16279024690811422
R4_LHS_03,physics,20260813,V40_B_E5_C9_1T,incremental_velocity,X,0.0,0.5,2.9915163371915736e-07,2.9234780903445093e-07,0.023273048315900484
R4_LHS_03,physics,20260813,V40_B_E5_C9_1T,incremental_velocity,X,0.5,1.0,1.3519166284181559e-08,1.9898073175273276e-08,0.3205791251696968
R4_LHS_03,physics,20260813,V40_B_E5_C9_1T,incremental_velocity,X,1.0,2.0,1.8385858783079333e-07,2.620399770164864e-07,0.29835672432826627
R4_LHS_03,physics,20260813,V40_B_E5_C9_1T,incremental_velocity,X,2.0,5.0,3.220296861515882e-07,4.2448618501987313e-07,0.2413659206918318
R4_LHS_03,physics,20260813,V40_B_E5_C9_1T,incremental_velocity,X,5.0,10.0,2.9977957951332654e-07,4.056332112757794e-07,0.26095898664097733
R4_LHS_03,physics,20260813,V40_B_E5_C9_1T,incremental_velocity,X,10.0,20.0,1.865791341738133e-08,6.542072281440381e-08,0.7148011728590473
R4_LHS_03,physics,20260813,V40_B_E5_C9_1T,total_displacement,Y,0.0,0.5,7.117306381303678e-05,6.531298537548723e-05,0.08972302221158164
R4_LHS_03,physics,20260813,V40_B_E5_C9_1T,total_displacement,Y,0.5,1.0,1.5158767226199224e-07,2.0790636613919553e-07,0.2708848936328257
R4_LHS_03,physics,20260813,V40_B_E5_C9_1T,total_displacement,Y,1.0,2.0,4.4356418124403115e-07,4.4087160001712514e-07,0.0061074045749407
R4_LHS_03,physics,20260813,V40_B_E5_C9_1T,total_displacement,Y,2.0,5.0,1.980673112727634e-07,1.8286239341139584e-07,0.08314950700202305
R4_LHS_03,physics,20260813,V40_B_E5_C9_1T,total_displacement,Y,5.0,10.0,2.7122920699108515e-08,1.8977132220174112e-08,0.4292423314769773
R4_LHS_03,physics,20260813,V40_B_E5_C9_1T,total_displacement,Y,10.0,20.0,1.3411461707126988e-08,1.0681258492172368e-08,0.25560688536424964
R4_LHS_03,physics,20260813,V40_B_E5_C9_1T,incremental_velocity,Y,0.0,0.5,1.3537516037790095e-05,1.314023204643277e-05,0.030234168616921568
R4_LHS_03,physics,20260813,V40_B_E5_C9_1T,incremental_velocity,Y,0.5,1.0,1.4587170832520303e-06,2.16892449490393e-06,0.32744681215071875
R4_LHS_03,physics,20260813,V40_B_E5_C9_1T,incremental_velocity,Y,1.0,2.0,2.5001465822633995e-06,3.1351769064532752e-06,0.20255007712093195
R4_LHS_03,physics,20260813,V40_B_E5_C9_1T,incremental_velocity,Y,2.0,5.0,7.265636882144943e-07,6.26554372688477e-07,0.15961793562606255
R4_LHS_03,physics,20260813,V40_B_E5_C9_1T,incremental_velocity,Y,5.0,10.0,6.969412504938648e-06,7.111211049631218e-06,0.019940140111566952
R4_LHS_03,physics,20260813,V40_B_E5_C9_1T,incremental_velocity,Y,10.0,20.0,2.9207504338277207e-06,4.152892666607907e-06,0.2966949381301018
R4_LHS_03,physics,20260813,V40_B_E5_C9_1T,total_displacement,Z,0.0,0.5,8.358595531127616e-05,8.124940710531309e-05,0.02875772623096816
R4_LHS_03,physics,20260813,V40_B_E5_C9_1T,total_displacement,Z,0.5,1.0,9.248029302851014e-07,9.133366429076605e-07,0.01255428375340035
R4_LHS_03,physics,20260813,V40_B_E5_C9_1T,total_displacement,Z,1.0,2.0,5.561854939304333e-07,5.119066885251312e-07,0.0864978059436475
R4_LHS_03,physics,20260813,V40_B_E5_C9_1T,total_displacement,Z,2.0,5.0,3.1151410616742737e-07,2.882983727961836e-07,0.08052675825422181
R4_LHS_03,physics,20260813,V40_B_E5_C9_1T,total_displacement,Z,5.0,10.0,8.589194826746658e-08,7.675053710903324e-08,0.11910550079209065
R4_LHS_03,physics,20260813,V40_B_E5_C9_1T,total_displacement,Z,10.0,20.0,5.716508275532882e-08,5.32831567155758e-08,0.07285465574937025
R4_LHS_03,physics,20260813,V40_B_E5_C9_1T,incremental_velocity,Z,0.0,0.5,1.2249115294331681e-05,1.2840582856553216e-05,0.046062360940233964
R4_LHS_03,physics,20260813,V40_B_E5_C9_1T,incremental_velocity,Z,0.5,1.0,5.784699635938411e-06,6.013659209636809e-06,0.038073253857068105
R4_LHS_03,physics,20260813,V40_B_E5_C9_1T,incremental_velocity,Z,1.0,2.0,5.166872369008317e-06,5.5923439733568965e-06,0.07608108628074668
R4_LHS_03,physics,20260813,V40_B_E5_C9_1T,incremental_velocity,Z,2.0,5.0,3.429632130812408e-07,3.020919281217822e-07,0.13529419741060467
R4_LHS_03,physics,20260813,V40_B_E5_C9_1T,incremental_velocity,Z,5.0,10.0,7.182572592857788e-06,6.422935030434957e-06,0.11826953858684588
R4_LHS_03,physics,20260813,V40_B_E5_C9_1T,incremental_velocity,Z,10.0,20.0,4.489927162344163e-07,1.2492079594637823e-06,0.6405780856318394
R4_LHS_03,physics,20260813,V40_CPLUS_E5_C9_1T,total_displacement,X,0.0,0.5,3.463540106752824e-06,3.458449372908548e-06,0.0014719700349392325
R4_LHS_03,physics,20260813,V40_CPLUS_E5_C9_1T,total_displacement,X,0.5,1.0,1.718851367279593e-08,1.7655346316204873e-08,0.02644143224652935
R4_LHS_03,physics,20260813,V40_CPLUS_E5_C9_1T,total_displacement,X,1.0,2.0,5.262325695104959e-05,5.2676933101028236e-05,0.0010189687747329736
R4_LHS_03,physics,20260813,V40_CPLUS_E5_C9_1T,total_displacement,X,2.0,5.0,4.019790212309397e-06,4.035021703615094e-06,0.0037748226464434324
R4_LHS_03,physics,20260813,V40_CPLUS_E5_C9_1T,total_displacement,X,5.0,10.0,5.34096191127726e-10,4.296124236292743e-10,0.24320471604567453
R4_LHS_03,physics,20260813,V40_CPLUS_E5_C9_1T,total_displacement,X,10.0,20.0,1.3915611082226722e-10,7.233486007388244e-11,0.9237765951317789
R4_LHS_03,physics,20260813,V40_CPLUS_E5_C9_1T,incremental_velocity,X,0.0,0.5,7.685558858067184e-07,6.757483602786226e-07,0.13734036363747837
R4_LHS_03,physics,20260813,V40_CPLUS_E5_C9_1T,incremental_velocity,X,0.5,1.0,1.0199157333289357e-08,1.4640883934947628e-08,0.30337830839953034
R4_LHS_03,physics,20260813,V40_CPLUS_E5_C9_1T,incremental_velocity,X,1.0,2.0,2.3961625406955124e-07,2.9142713227730417e-07,0.17778330316359453
R4_LHS_03,physics,20260813,V40_CPLUS_E5_C9_1T,incremental_velocity,X,2.0,5.0,3.9335741498363153e-07,5.338357352875109e-07,0.2631489632821625
R4_LHS_03,physics,20260813,V40_CPLUS_E5_C9_1T,incremental_velocity,X,5.0,10.0,6.06575272822619e-07,8.161707874775737e-07,0.25680349979533396
R4_LHS_03,physics,20260813,V40_CPLUS_E5_C9_1T,incremental_velocity,X,10.0,20.0,4.0642922651673464e-08,9.502287267149865e-08,0.5722827408914571
R4_LHS_03,physics,20260813,V40_CPLUS_E5_C9_1T,total_displacement,Y,0.0,0.5,0.00013367942536124245,0.00013945570201794201,0.04142015402106974
R4_LHS_03,physics,20260813,V40_CPLUS_E5_C9_1T,total_displacement,Y,0.5,1.0,1.7159391267133983e-07,1.8709214528071777e-07,0.08283743064747054
R4_LHS_03,physics,20260813,V40_CPLUS_E5_C9_1T,total_displacement,Y,1.0,2.0,4.3660236469013055e-07,4.916322623683281e-07,0.11193304811426191
R4_LHS_03,physics,20260813,V40_CPLUS_E5_C9_1T,total_displacement,Y,2.0,5.0,1.921726937744212e-07,1.8462960303362792e-07,0.040855261652809775
R4_LHS_03,physics,20260813,V40_CPLUS_E5_C9_1T,total_displacement,Y,5.0,10.0,4.0701524312065185e-08,2.230725538601804e-08,0.8245868264715561
R4_LHS_03,physics,20260813,V40_CPLUS_E5_C9_1T,total_displacement,Y,10.0,20.0,1.7350786881820857e-08,1.118625394552744e-08,0.5510810827567669
R4_LHS_03,physics,20260813,V40_CPLUS_E5_C9_1T,incremental_velocity,Y,0.0,0.5,3.270335542647526e-05,3.002460472542892e-05,0.08921851679791172
R4_LHS_03,physics,20260813,V40_CPLUS_E5_C9_1T,incremental_velocity,Y,0.5,1.0,1.4845313978384093e-06,1.9816748783256695e-06,0.2508703551347939
R4_LHS_03,physics,20260813,V40_CPLUS_E5_C9_1T,incremental_velocity,Y,1.0,2.0,3.839161615559499e-06,6.461130729753685e-06,0.40580654127921384
R4_LHS_03,physics,20260813,V40_CPLUS_E5_C9_1T,incremental_velocity,Y,2.0,5.0,1.0433348132635626e-06,1.1422711528470501e-06,0.08661370755699642
R4_LHS_03,physics,20260813,V40_CPLUS_E5_C9_1T,incremental_velocity,Y,5.0,10.0,1.3621838891280237e-05,1.576409897199749e-05,0.13589486367236414
R4_LHS_03,physics,20260813,V40_CPLUS_E5_C9_1T,incremental_velocity,Y,10.0,20.0,6.614168011488747e-06,9.59493903688853e-06,0.310660757086623
R4_LHS_03,physics,20260813,V40_CPLUS_E5_C9_1T,total_displacement,Z,0.0,0.5,0.00012349950541024252,0.00012258667097349757,0.007446441195407811
R4_LHS_03,physics,20260813,V40_CPLUS_E5_C9_1T,total_displacement,Z,0.5,1.0,9.326892603198532e-07,9.277511267467871e-07,0.0053226920784045974
R4_LHS_03,physics,20260813,V40_CPLUS_E5_C9_1T,total_displacement,Z,1.0,2.0,5.347466064957418e-07,5.343584382416105e-07,0.0007264192466178624
R4_LHS_03,physics,20260813,V40_CPLUS_E5_C9_1T,total_displacement,Z,2.0,5.0,3.094398834236365e-07,2.88353506061146e-07,0.0731268284215662
R4_LHS_03,physics,20260813,V40_CPLUS_E5_C9_1T,total_displacement,Z,5.0,10.0,9.730754716198408e-08,8.015829456761756e-08,0.21394233356474743
R4_LHS_03,physics,20260813,V40_CPLUS_E5_C9_1T,total_displacement,Z,10.0,20.0,6.128791462676994e-08,5.34101467651e-08,0.14749571642850337
R4_LHS_03,physics,20260813,V40_CPLUS_E5_C9_1T,incremental_velocity,Z,0.0,0.5,2.2215028304093207e-05,2.138665322952782e-05,0.03873327283493227
R4_LHS_03,physics,20260813,V40_CPLUS_E5_C9_1T,incremental_velocity,Z,0.5,1.0,6.1990590609042125e-06,6.168752274141349e-06,0.004912952476614407
R4_LHS_03,physics,20260813,V40_CPLUS_E5_C9_1T,incremental_velocity,Z,1.0,2.0,6.4327360041450646e-06,7.769334561702994e-06,0.17203513981060362
R4_LHS_03,physics,20260813,V40_CPLUS_E5_C9_1T,incremental_velocity,Z,2.0,5.0,3.9740108738027944e-07,3.412225967041465e-07,0.1646388346456489
R4_LHS_03,physics,20260813,V40_CPLUS_E5_C9_1T,incremental_velocity,Z,5.0,10.0,1.6626622613538233e-05,1.565557996565288e-05,0.06202533857038482
R4_LHS_03,physics,20260813,V40_CPLUS_E5_C9_1T,incremental_velocity,Z,10.0,20.0,1.0193695274359493e-06,3.107998083301551e-06,0.6720173242986374
R4_LHS_03,physics,20260813,V40_C_E5_C9_1T,total_displacement,X,0.0,0.5,2.0696615514603783e-06,2.133334585288929e-06,0.029846717091462204
R4_LHS_03,physics,20260813,V40_C_E5_C9_1T,total_displacement,X,0.5,1.0,1.7131129550362908e-08,1.840232236739144e-08,0.06907784743957435
R4_LHS_03,physics,20260813,V40_C_E5_C9_1T,total_displacement,X,1.0,2.0,5.271418487925432e-05,5.270437082022823e-05,0.0001862095851511423
R4_LHS_03,physics,20260813,V40_C_E5_C9_1T,total_displacement,X,2.0,5.0,4.018827602698308e-06,4.017783146155589e-06,0.0002599584160528772
R4_LHS_03,physics,20260813,V40_C_E5_C9_1T,total_displacement,X,5.0,10.0,3.3259681049847674e-10,3.645013144369062e-10,0.0875291876182027
R4_LHS_03,physics,20260813,V40_C_E5_C9_1T,total_displacement,X,10.0,20.0,1.1146583006827832e-10,7.823708030363748e-11,0.4247186837197954
R4_LHS_03,physics,20260813,V40_C_E5_C9_1T,incremental_velocity,X,0.0,0.5,4.574843485480019e-07,4.17954776415054e-07,0.09457858687967871
R4_LHS_03,physics,20260813,V40_C_E5_C9_1T,incremental_velocity,X,0.5,1.0,1.6632471904518566e-08,2.7959088218827287e-08,0.4051139373951946
R4_LHS_03,physics,20260813,V40_C_E5_C9_1T,incremental_velocity,X,1.0,2.0,2.415354724479994e-07,2.7520860264763636e-07,0.12235493322405476
R4_LHS_03,physics,20260813,V40_C_E5_C9_1T,incremental_velocity,X,2.0,5.0,3.986112501043106e-07,5.969398149252428e-07,0.3322421454594543
R4_LHS_03,physics,20260813,V40_C_E5_C9_1T,incremental_velocity,X,5.0,10.0,4.2318120466073994e-07,5.715224284282986e-07,0.2595545098300006
R4_LHS_03,physics,20260813,V40_C_E5_C9_1T,incremental_velocity,X,10.0,20.0,2.7704701228124663e-08,7.676346409851488e-08,0.6390900078119239
R4_LHS_03,physics,20260813,V40_C_E5_C9_1T,total_displacement,Y,0.0,0.5,9.06722908302333e-05,8.984109295029795e-05,0.00925186740988537
R4_LHS_03,physics,20260813,V40_C_E5_C9_1T,total_displacement,Y,0.5,1.0,1.5761560599191997e-07,2.3889080478615086e-07,0.3402190338258789
R4_LHS_03,physics,20260813,V40_C_E5_C9_1T,total_displacement,Y,1.0,2.0,4.3696783882457257e-07,4.5643309607408756e-07,0.04264646323183239
R4_LHS_03,physics,20260813,V40_C_E5_C9_1T,total_displacement,Y,2.0,5.0,1.9856432616939052e-07,1.8332546345998034e-07,0.08312463758062066
R4_LHS_03,physics,20260813,V40_C_E5_C9_1T,total_displacement,Y,5.0,10.0,2.7890310107671996e-08,2.007099758297415e-08,0.3895826548915946
R4_LHS_03,physics,20260813,V40_C_E5_C9_1T,total_displacement,Y,10.0,20.0,1.3955334621266457e-08,1.0854432876617146e-08,0.2856806781061165
R4_LHS_03,physics,20260813,V40_C_E5_C9_1T,incremental_velocity,Y,0.0,0.5,2.1037105093709046e-05,1.856302978384351e-05,0.1332797145010707
R4_LHS_03,physics,20260813,V40_C_E5_C9_1T,incremental_velocity,Y,0.5,1.0,1.79772176732309e-06,2.730271160174794e-06,0.34155925845548674
R4_LHS_03,physics,20260813,V40_C_E5_C9_1T,incremental_velocity,Y,1.0,2.0,3.147331006298444e-06,4.127954753698264e-06,0.23755680619349626
R4_LHS_03,physics,20260813,V40_C_E5_C9_1T,incremental_velocity,Y,2.0,5.0,1.0090807674319243e-06,7.861268384892007e-07,0.28361063129609254
R4_LHS_03,physics,20260813,V40_C_E5_C9_1T,incremental_velocity,Y,5.0,10.0,9.3048931700195e-06,9.989862576820452e-06,0.06856644939143523
R4_LHS_03,physics,20260813,V40_C_E5_C9_1T,incremental_velocity,Y,10.0,20.0,4.3546244376570886e-06,6.126646191413187e-06,0.28923193838738054
R4_LHS_03,physics,20260813,V40_C_E5_C9_1T,total_displacement,Z,0.0,0.5,9.545912935572789e-05,9.516826109297078e-05,0.003056357859401916
R4_LHS_03,physics,20260813,V40_C_E5_C9_1T,total_displacement,Z,0.5,1.0,9.449852154962773e-07,9.039535551324937e-07,0.045391336900898215
R4_LHS_03,physics,20260813,V40_C_E5_C9_1T,total_displacement,Z,1.0,2.0,5.642970145409653e-07,5.199815541232122e-07,0.08522506243991186
R4_LHS_03,physics,20260813,V40_C_E5_C9_1T,total_displacement,Z,2.0,5.0,3.138444947130834e-07,2.882379312859355e-07,0.08883828479099735
R4_LHS_03,physics,20260813,V40_C_E5_C9_1T,total_displacement,Z,5.0,10.0,8.443986698127951e-08,7.887223599925398e-08,0.0705905051566967
R4_LHS_03,physics,20260813,V40_C_E5_C9_1T,total_displacement,Z,10.0,20.0,5.738997260765169e-08,5.333324023140978e-08,0.07606386483626328
R4_LHS_03,physics,20260813,V40_C_E5_C9_1T,incremental_velocity,Z,0.0,0.5,1.5348778166854633e-05,1.5096883151145477e-05,0.016685233182721113
R4_LHS_03,physics,20260813,V40_C_E5_C9_1T,incremental_velocity,Z,0.5,1.0,5.671498366911865e-06,5.902393551316116e-06,0.0391189069987998
R4_LHS_03,physics,20260813,V40_C_E5_C9_1T,incremental_velocity,Z,1.0,2.0,6.305161631016478e-06,6.374327411921891e-06,0.010850679049848062
R4_LHS_03,physics,20260813,V40_C_E5_C9_1T,incremental_velocity,Z,2.0,5.0,4.114077234754854e-07,3.1101235350820827e-07,0.3228018721276532
R4_LHS_03,physics,20260813,V40_C_E5_C9_1T,incremental_velocity,Z,5.0,10.0,1.1140748481669278e-05,1.1934013259682783e-05,0.0664709147503152
R4_LHS_03,physics,20260813,V40_C_E5_C9_1T,incremental_velocity,Z,10.0,20.0,6.667675836529711e-07,2.1506586096392504e-06,0.6899705138395655
R4_LHS_03,physics,20260813,V52_A_E5_C9_1T,total_displacement,X,0.0,0.5,7.226338868213233e-07,7.797193067539171e-07,0.07321278239248495
R4_LHS_03,physics,20260813,V52_A_E5_C9_1T,total_displacement,X,0.5,1.0,1.7296242197758644e-08,1.7722146400033622e-08,0.024032314859681415
R4_LHS_03,physics,20260813,V52_A_E5_C9_1T,total_displacement,X,1.0,2.0,5.2744909317438995e-05,5.27594881871371e-05,0.00027632697357473404
R4_LHS_03,physics,20260813,V52_A_E5_C9_1T,total_displacement,X,2.0,5.0,4.0187947343722194e-06,4.010361488308258e-06,0.0021028643149869695
R4_LHS_03,physics,20260813,V52_A_E5_C9_1T,total_displacement,X,5.0,10.0,2.1202770755587012e-10,2.6669910216168685e-10,0.20499279586127775
R4_LHS_03,physics,20260813,V52_A_E5_C9_1T,total_displacement,X,10.0,20.0,9.812997805688079e-11,1.1658518604142118e-10,0.15829805321907275
R4_LHS_03,physics,20260813,V52_A_E5_C9_1T,incremental_velocity,X,0.0,0.5,2.102108276844585e-07,2.3286093466457102e-07,0.09726881416472578
R4_LHS_03,physics,20260813,V52_A_E5_C9_1T,incremental_velocity,X,0.5,1.0,1.2297408446345833e-08,1.946899046826346e-08,0.3683592137768044
R4_LHS_03,physics,20260813,V52_A_E5_C9_1T,incremental_velocity,X,1.0,2.0,6.51950382513132e-08,5.040062880876591e-08,0.29353620762711946
R4_LHS_03,physics,20260813,V52_A_E5_C9_1T,incremental_velocity,X,2.0,5.0,2.948988136894458e-07,5.103132298231103e-07,0.422121950881684
R4_LHS_03,physics,20260813,V52_A_E5_C9_1T,incremental_velocity,X,5.0,10.0,4.5901317368184285e-08,1.0197876358887968e-07,0.5498933723767012
R4_LHS_03,physics,20260813,V52_A_E5_C9_1T,incremental_velocity,X,10.0,20.0,7.736612734255352e-08,1.4867549033702e-07,0.4796309252642871
R4_LHS_03,physics,20260813,V52_A_E5_C9_1T,total_displacement,Y,0.0,0.5,3.930453681258915e-05,3.870843151178144e-05,0.015399882597316603
R4_LHS_03,physics,20260813,V52_A_E5_C9_1T,total_displacement,Y,0.5,1.0,1.8200090944923854e-07,2.153753331919521e-07,0.15495935977482053
R4_LHS_03,physics,20260813,V52_A_E5_C9_1T,total_displacement,Y,1.0,2.0,4.170646379386647e-07,4.218328113458897e-07,0.011303467342930938
R4_LHS_03,physics,20260813,V52_A_E5_C9_1T,total_displacement,Y,2.0,5.0,1.9807461683238077e-07,1.835730424771253e-07,0.07899620859126145
R4_LHS_03,physics,20260813,V52_A_E5_C9_1T,total_displacement,Y,5.0,10.0,1.8303766588255562e-08,1.696609227426116e-08,0.07884398436425784
R4_LHS_03,physics,20260813,V52_A_E5_C9_1T,total_displacement,Y,10.0,20.0,1.4154896403852508e-08,1.2562738295287946e-08,0.12673654987796337
R4_LHS_03,physics,20260813,V52_A_E5_C9_1T,incremental_velocity,Y,0.0,0.5,1.1376742538908259e-05,1.1970411419084616e-05,0.04959469306375396
R4_LHS_03,physics,20260813,V52_A_E5_C9_1T,incremental_velocity,Y,0.5,1.0,1.7518542456300179e-06,2.3560648812442353e-06,0.2564490648895605
R4_LHS_03,physics,20260813,V52_A_E5_C9_1T,incremental_velocity,Y,1.0,2.0,1.6398298209077793e-06,2.121304282828354e-06,0.2269709564148999
R4_LHS_03,physics,20260813,V52_A_E5_C9_1T,incremental_velocity,Y,2.0,5.0,9.61033187743314e-07,8.677270069913423e-07,0.10752941881513049
R4_LHS_03,physics,20260813,V52_A_E5_C9_1T,incremental_velocity,Y,5.0,10.0,2.091994223377151e-06,2.3042752378960384e-06,0.09212485167905309
R4_LHS_03,physics,20260813,V52_A_E5_C9_1T,incremental_velocity,Y,10.0,20.0,1.187570280539184e-05,1.3704634903413733e-05,0.13345354406824209
R4_LHS_03,physics,20260813,V52_A_E5_C9_1T,total_displacement,Z,0.0,0.5,7.025374101950686e-05,7.008663769125198e-05,0.0023842394750195296
R4_LHS_03,physics,20260813,V52_A_E5_C9_1T,total_displacement,Z,0.5,1.0,1.0039960554595188e-06,9.890813708329506e-07,0.015079330241563339
R4_LHS_03,physics,20260813,V52_A_E5_C9_1T,total_displacement,Z,1.0,2.0,5.097631721865167e-07,4.861107406106145e-07,0.048656467755046534
R4_LHS_03,physics,20260813,V52_A_E5_C9_1T,total_displacement,Z,2.0,5.0,3.1237103827804396e-07,2.889468745018452e-07,0.08106737204402316
R4_LHS_03,physics,20260813,V52_A_E5_C9_1T,total_displacement,Z,5.0,10.0,7.559213902069188e-08,7.462997056125141e-08,0.012892520956453888
R4_LHS_03,physics,20260813,V52_A_E5_C9_1T,total_displacement,Z,10.0,20.0,5.5889836653624124e-08,5.3513736278790036e-08,0.04440169085663052
R4_LHS_03,physics,20260813,V52_A_E5_C9_1T,incremental_velocity,Z,0.0,0.5,1.5916879000285595e-05,1.6105407149832128e-05,0.011705891555091682
R4_LHS_03,physics,20260813,V52_A_E5_C9_1T,incremental_velocity,Z,0.5,1.0,6.5069694387909145e-06,6.582184847520645e-06,0.011427118878021534
R4_LHS_03,physics,20260813,V52_A_E5_C9_1T,incremental_velocity,Z,1.0,2.0,3.0403971312399365e-06,3.1962715688825655e-06,0.048767582567185816
R4_LHS_03,physics,20260813,V52_A_E5_C9_1T,incremental_velocity,Z,2.0,5.0,4.423936914162937e-07,4.356644050532584e-07,0.01544603204894071
R4_LHS_03,physics,20260813,V52_A_E5_C9_1T,incremental_velocity,Z,5.0,10.0,5.430022665129477e-07,5.692114196251567e-07,0.04604467199457901
R4_LHS_03,physics,20260813,V52_A_E5_C9_1T,incremental_velocity,Z,10.0,20.0,8.484958573220357e-07,2.2088649414280997e-06,0.6158679322541754
R4_LHS_03,physics,20260813,V52_B_E5_C9_1T,total_displacement,X,0.0,0.5,1.0550456428792522e-06,1.2136173545182272e-06,0.1306603857044576
R4_LHS_03,physics,20260813,V52_B_E5_C9_1T,total_displacement,X,0.5,1.0,1.7399052312699427e-08,1.8008707568019234e-08,0.033853359715966716
R4_LHS_03,physics,20260813,V52_B_E5_C9_1T,total_displacement,X,1.0,2.0,5.2787475115460105e-05,5.2766349894949293e-05,0.0004003540239730296
R4_LHS_03,physics,20260813,V52_B_E5_C9_1T,total_displacement,X,2.0,5.0,4.028358722931494e-06,4.012810650543799e-06,0.0038746090313502434
R4_LHS_03,physics,20260813,V52_B_E5_C9_1T,total_displacement,X,5.0,10.0,2.1786148383756066e-10,2.7331671588924815e-10,0.20289733056121873
R4_LHS_03,physics,20260813,V52_B_E5_C9_1T,total_displacement,X,10.0,20.0,1.510831079859579e-10,1.1124391697951416e-10,0.3581246695383823
R4_LHS_03,physics,20260813,V52_B_E5_C9_1T,incremental_velocity,X,0.0,0.5,3.154453389181751e-07,3.7625003838217796e-07,0.1616071581692177
R4_LHS_03,physics,20260813,V52_B_E5_C9_1T,incremental_velocity,X,0.5,1.0,1.6998687952661074e-08,2.8664206247738433e-08,0.40697161450259073
R4_LHS_03,physics,20260813,V52_B_E5_C9_1T,incremental_velocity,X,1.0,2.0,3.538709171375354e-08,1.5328711134160028e-07,0.769145028541288
R4_LHS_03,physics,20260813,V52_B_E5_C9_1T,incremental_velocity,X,2.0,5.0,2.654794935167616e-07,5.667246824808942e-07,0.5315547359705626
R4_LHS_03,physics,20260813,V52_B_E5_C9_1T,incremental_velocity,X,5.0,10.0,6.141438791693237e-08,1.283991226820937e-07,0.5216915300193317
R4_LHS_03,physics,20260813,V52_B_E5_C9_1T,incremental_velocity,X,10.0,20.0,1.2462344065860827e-07,1.9617855397898296e-07,0.364744829998291
R4_LHS_03,physics,20260813,V52_B_E5_C9_1T,total_displacement,Y,0.0,0.5,5.4939961377829244e-05,5.519352793177605e-05,0.004594135643226846
R4_LHS_03,physics,20260813,V52_B_E5_C9_1T,total_displacement,Y,0.5,1.0,1.911999783700369e-07,2.4841837329177815e-07,0.23033076887004558
R4_LHS_03,physics,20260813,V52_B_E5_C9_1T,total_displacement,Y,1.0,2.0,4.2726854213819024e-07,4.325574384162883e-07,0.012227038095708525
R4_LHS_03,physics,20260813,V52_B_E5_C9_1T,total_displacement,Y,2.0,5.0,1.968941042402688e-07,1.8463971837266887e-07,0.06636917547104468
R4_LHS_03,physics,20260813,V52_B_E5_C9_1T,total_displacement,Y,5.0,10.0,2.097960717908452e-08,1.7343073684545967e-08,0.20968217979601786
R4_LHS_03,physics,20260813,V52_B_E5_C9_1T,total_displacement,Y,10.0,20.0,1.9267918456969674e-08,1.3518965186832038e-08,0.4252509856107422
R4_LHS_03,physics,20260813,V52_B_E5_C9_1T,incremental_velocity,Y,0.0,0.5,1.5871202608790504e-05,1.7870271402899314e-05,0.11186560903515297
R4_LHS_03,physics,20260813,V52_B_E5_C9_1T,incremental_velocity,Y,0.5,1.0,2.1694330849469863e-06,3.057206130136203e-06,0.2903870420898525
R4_LHS_03,physics,20260813,V52_B_E5_C9_1T,incremental_velocity,Y,1.0,2.0,1.952709003675396e-06,3.0033086827503023e-06,0.3498140850819277
R4_LHS_03,physics,20260813,V52_B_E5_C9_1T,incremental_velocity,Y,2.0,5.0,1.1844655884139985e-06,1.2593792556753906e-06,0.05948459681529115
R4_LHS_03,physics,20260813,V52_B_E5_C9_1T,incremental_velocity,Y,5.0,10.0,3.2646917515004547e-06,3.489420849238559e-06,0.06440297901789155
R4_LHS_03,physics,20260813,V52_B_E5_C9_1T,incremental_velocity,Y,10.0,20.0,1.793419090305195e-05,1.9168873031371835e-05,0.0644107833725645
R4_LHS_03,physics,20260813,V52_B_E5_C9_1T,total_displacement,Z,0.0,0.5,8.054813851769688e-05,8.073551855702701e-05,0.0023209120679366572
R4_LHS_03,physics,20260813,V52_B_E5_C9_1T,total_displacement,Z,0.5,1.0,9.775698164994457e-07,9.960303869683407e-07,0.018534143847844065
R4_LHS_03,physics,20260813,V52_B_E5_C9_1T,total_displacement,Z,1.0,2.0,5.11584599088873e-07,4.881384771756355e-07,0.04803170208768723
R4_LHS_03,physics,20260813,V52_B_E5_C9_1T,total_displacement,Z,2.0,5.0,3.071233355523545e-07,2.8897528094732675e-07,0.06280140829185914
R4_LHS_03,physics,20260813,V52_B_E5_C9_1T,total_displacement,Z,5.0,10.0,7.833898289063982e-08,7.476068948107353e-08,0.04786330134732335
R4_LHS_03,physics,20260813,V52_B_E5_C9_1T,total_displacement,Z,10.0,20.0,6.331769084435291e-08,5.3624367501725566e-08,0.1807634065299777
R4_LHS_03,physics,20260813,V52_B_E5_C9_1T,incremental_velocity,Z,0.0,0.5,1.8749415024532935e-05,1.9420786383875746e-05,0.03456973090956922
R4_LHS_03,physics,20260813,V52_B_E5_C9_1T,incremental_velocity,Z,0.5,1.0,6.623490840566081e-06,6.5998431907475515e-06,0.00358306237513054
R4_LHS_03,physics,20260813,V52_B_E5_C9_1T,incremental_velocity,Z,1.0,2.0,3.037554381450091e-06,3.3260973100993163e-06,0.0867511987015827
R4_LHS_03,physics,20260813,V52_B_E5_C9_1T,incremental_velocity,Z,2.0,5.0,5.1452176651923e-07,5.006638436907227e-07,0.027679096469901708
R4_LHS_03,physics,20260813,V52_B_E5_C9_1T,incremental_velocity,Z,5.0,10.0,7.59059031235586e-07,9.126335576758458e-07,0.16827622121562097
R4_LHS_03,physics,20260813,V52_B_E5_C9_1T,incremental_velocity,Z,10.0,20.0,1.4186455328592356e-06,2.9708400454572274e-06,0.5224766358496764
R4_LHS_03,physics,20260813,V52_CPLUS_E5_C9_1T,total_displacement,X,0.0,0.5,2.654233042586861e-06,2.824060382580439e-06,0.0601358742331143
R4_LHS_03,physics,20260813,V52_CPLUS_E5_C9_1T,total_displacement,X,0.5,1.0,1.77305383993134e-08,1.7775398520112342e-08,0.00252371955251433
R4_LHS_03,physics,20260813,V52_CPLUS_E5_C9_1T,total_displacement,X,1.0,2.0,5.2768716734662675e-05,5.275495296273643e-05,0.00026090008905833796
R4_LHS_03,physics,20260813,V52_CPLUS_E5_C9_1T,total_displacement,X,2.0,5.0,4.015272676408919e-06,4.022156656259887e-06,0.001711514602558976
R4_LHS_03,physics,20260813,V52_CPLUS_E5_C9_1T,total_displacement,X,5.0,10.0,3.1735517601629317e-10,2.7779657522129636e-10,0.14240132645078116
R4_LHS_03,physics,20260813,V52_CPLUS_E5_C9_1T,total_displacement,X,10.0,20.0,3.064708770003936e-10,1.4838306557694376e-10,1.0654033248927164
R4_LHS_03,physics,20260813,V52_CPLUS_E5_C9_1T,incremental_velocity,X,0.0,0.5,7.62526153238166e-07,8.754040643824719e-07,0.12894378234802048
R4_LHS_03,physics,20260813,V52_CPLUS_E5_C9_1T,incremental_velocity,X,0.5,1.0,1.6487464464287964e-08,2.2663271958517733e-08,0.27250290715011527
R4_LHS_03,physics,20260813,V52_CPLUS_E5_C9_1T,incremental_velocity,X,1.0,2.0,1.759969881590484e-07,1.343523648814219e-07,0.3099656884669029
R4_LHS_03,physics,20260813,V52_CPLUS_E5_C9_1T,incremental_velocity,X,2.0,5.0,3.123567902100579e-07,5.815504911678268e-07,0.4628896459483578
R4_LHS_03,physics,20260813,V52_CPLUS_E5_C9_1T,incremental_velocity,X,5.0,10.0,1.23911508020685e-07,2.459058881361507e-07,0.49610190727893877
R4_LHS_03,physics,20260813,V52_CPLUS_E5_C9_1T,incremental_velocity,X,10.0,20.0,2.751135179285574e-07,3.7328228722679683e-07,0.26298801914111336
R4_LHS_03,physics,20260813,V52_CPLUS_E5_C9_1T,total_displacement,Y,0.0,0.5,0.00011035145404180055,0.00011495258358438247,0.04002632563020562
R4_LHS_03,physics,20260813,V52_CPLUS_E5_C9_1T,total_displacement,Y,0.5,1.0,2.206199436664201e-07,2.3114730129577361e-07,0.04554393484301523
R4_LHS_03,physics,20260813,V52_CPLUS_E5_C9_1T,total_displacement,Y,1.0,2.0,4.2754984198422136e-07,4.752627600081826e-07,0.1003927133342822
R4_LHS_03,physics,20260813,V52_CPLUS_E5_C9_1T,total_displacement,Y,2.0,5.0,1.9264153880198345e-07,1.8902442896339344e-07,0.019135673936041896
R4_LHS_03,physics,20260813,V52_CPLUS_E5_C9_1T,total_displacement,Y,5.0,10.0,2.4553980305180203e-08,1.877160406207711e-08,0.30803847257703476
R4_LHS_03,physics,20260813,V52_CPLUS_E5_C9_1T,total_displacement,Y,10.0,20.0,2.9440670654433007e-08,1.7199833874672372e-08,0.7116834307211471
R4_LHS_03,physics,20260813,V52_CPLUS_E5_C9_1T,incremental_velocity,Y,0.0,0.5,3.546978097754942e-05,3.9860225175087446e-05,0.11014599587064167
R4_LHS_03,physics,20260813,V52_CPLUS_E5_C9_1T,incremental_velocity,Y,0.5,1.0,2.0026714003118054e-06,2.455122439891745e-06,0.18428858464585976
R4_LHS_03,physics,20260813,V52_CPLUS_E5_C9_1T,incremental_velocity,Y,1.0,2.0,4.035968262667844e-06,6.679157126409128e-06,0.3957368892087023
R4_LHS_03,physics,20260813,V52_CPLUS_E5_C9_1T,incremental_velocity,Y,2.0,5.0,2.1900239041881553e-06,2.6852586883936213e-06,0.18442721602428774
R4_LHS_03,physics,20260813,V52_CPLUS_E5_C9_1T,incremental_velocity,Y,5.0,10.0,6.987420876662818e-06,7.675468600193796e-06,0.08964243870577569
R4_LHS_03,physics,20260813,V52_CPLUS_E5_C9_1T,incremental_velocity,Y,10.0,20.0,4.120921931289454e-05,4.07250285725256e-05,0.011889267051259693
R4_LHS_03,physics,20260813,V52_CPLUS_E5_C9_1T,total_displacement,Z,0.0,0.5,0.00011215433638883817,0.00011598878212480592,0.03305876366424663
R4_LHS_03,physics,20260813,V52_CPLUS_E5_C9_1T,total_displacement,Z,0.5,1.0,9.965170480415166e-07,9.86635560388223e-07,0.010015337020090206
R4_LHS_03,physics,20260813,V52_CPLUS_E5_C9_1T,total_displacement,Z,1.0,2.0,5.190796176792798e-07,4.975285977264965e-07,0.04331614313481202
R4_LHS_03,physics,20260813,V52_CPLUS_E5_C9_1T,total_displacement,Z,2.0,5.0,3.1012991833415006e-07,2.897497501066827e-07,0.07033713823726719
R4_LHS_03,physics,20260813,V52_CPLUS_E5_C9_1T,total_displacement,Z,5.0,10.0,8.178066123641677e-08,7.529817332146704e-08,0.08609090538324667
R4_LHS_03,physics,20260813,V52_CPLUS_E5_C9_1T,total_displacement,Z,10.0,20.0,6.957868563108814e-08,5.406313879320612e-08,0.28698938286268716
R4_LHS_03,physics,20260813,V52_CPLUS_E5_C9_1T,incremental_velocity,Z,0.0,0.5,3.21744672412861e-05,3.118459966728101e-05,0.031742192767145294
R4_LHS_03,physics,20260813,V52_CPLUS_E5_C9_1T,incremental_velocity,Z,0.5,1.0,7.0759655906198845e-06,6.56908324692429e-06,0.07716180852677153
R4_LHS_03,physics,20260813,V52_CPLUS_E5_C9_1T,incremental_velocity,Z,1.0,2.0,4.130312173336615e-06,4.169843420658371e-06,0.009480271399618607
R4_LHS_03,physics,20260813,V52_CPLUS_E5_C9_1T,incremental_velocity,Z,2.0,5.0,7.373034655824143e-07,7.503409428768554e-07,0.01737540436545357
R4_LHS_03,physics,20260813,V52_CPLUS_E5_C9_1T,incremental_velocity,Z,5.0,10.0,1.9402989304251136e-06,2.2888463395113932e-06,0.15228082509054983
R4_LHS_03,physics,20260813,V52_CPLUS_E5_C9_1T,incremental_velocity,Z,10.0,20.0,3.1119486840214547e-06,6.312927129546561e-06,0.5070513851717822
R4_LHS_03,physics,20260813,V52_C_E5_C9_1T,total_displacement,X,0.0,0.5,1.7898441896247828e-06,1.7438657651228945e-06,0.02636580488100134
R4_LHS_03,physics,20260813,V52_C_E5_C9_1T,total_displacement,X,0.5,1.0,1.794291561476645e-08,1.8491126927359438e-08,0.029647263508956512
R4_LHS_03,physics,20260813,V52_C_E5_C9_1T,total_displacement,X,1.0,2.0,5.271396586581153e-05,5.275654472642279e-05,0.0008070820564929429
R4_LHS_03,physics,20260813,V52_C_E5_C9_1T,total_displacement,X,2.0,5.0,4.017116604890236e-06,4.017406757682514e-06,7.222390207887162e-05
R4_LHS_03,physics,20260813,V52_C_E5_C9_1T,total_displacement,X,5.0,10.0,2.7543296674788353e-10,2.4007904153563907e-10,0.14725952330577038
R4_LHS_03,physics,20260813,V52_C_E5_C9_1T,total_displacement,X,10.0,20.0,1.8885755534172126e-10,1.3376578275493616e-10,0.41185250407210083
R4_LHS_03,physics,20260813,V52_C_E5_C9_1T,incremental_velocity,X,0.0,0.5,4.855423036413649e-07,5.393137864725379e-07,0.09970351988009318
R4_LHS_03,physics,20260813,V52_C_E5_C9_1T,incremental_velocity,X,0.5,1.0,2.4098458478981467e-08,4.317724952298839e-08,0.4418713849257353
R4_LHS_03,physics,20260813,V52_C_E5_C9_1T,incremental_velocity,X,1.0,2.0,1.7342324340023933e-07,1.8353408990018563e-07,0.055089746572122074
R4_LHS_03,physics,20260813,V52_C_E5_C9_1T,incremental_velocity,X,2.0,5.0,3.749799266173181e-07,6.311083424570659e-07,0.4058390590157222
R4_LHS_03,physics,20260813,V52_C_E5_C9_1T,incremental_velocity,X,5.0,10.0,8.043491992544912e-08,1.6590521587859338e-07,0.515175460280224
R4_LHS_03,physics,20260813,V52_C_E5_C9_1T,incremental_velocity,X,10.0,20.0,1.562425198758383e-07,2.6606297040462374e-07,0.4127611232851099
R4_LHS_03,physics,20260813,V52_C_E5_C9_1T,total_displacement,Y,0.0,0.5,8.497239971421672e-05,7.508826654265119e-05,0.13163352447284432
R4_LHS_03,physics,20260813,V52_C_E5_C9_1T,total_displacement,Y,0.5,1.0,2.1633180535866278e-07,2.88099726996587e-07,0.24910791268738142
R4_LHS_03,physics,20260813,V52_C_E5_C9_1T,total_displacement,Y,1.0,2.0,4.2035928776130786e-07,4.4554539962331985e-07,0.05652872161468895
R4_LHS_03,physics,20260813,V52_C_E5_C9_1T,total_displacement,Y,2.0,5.0,1.9430659394357816e-07,1.8586658966295447e-07,0.045408937108753995
R4_LHS_03,physics,20260813,V52_C_E5_C9_1T,total_displacement,Y,5.0,10.0,2.4724802410831366e-08,1.785399444163099e-08,0.3848330966867219
R4_LHS_03,physics,20260813,V52_C_E5_C9_1T,total_displacement,Y,10.0,20.0,2.243301467797958e-08,1.4913794218458262e-08,0.5041789064123637
R4_LHS_03,physics,20260813,V52_C_E5_C9_1T,incremental_velocity,Y,0.0,0.5,2.4187787794342646e-05,2.510666886765126e-05,0.03659908362007152
R4_LHS_03,physics,20260813,V52_C_E5_C9_1T,incremental_velocity,Y,0.5,1.0,2.2574038653158244e-06,3.904383466593539e-06,0.4218283412399183
R4_LHS_03,physics,20260813,V52_C_E5_C9_1T,incremental_velocity,Y,1.0,2.0,2.5392006094418363e-06,4.090460561996449e-06,0.3792384571475938
R4_LHS_03,physics,20260813,V52_C_E5_C9_1T,incremental_velocity,Y,2.0,5.0,1.694833966825183e-06,1.6989422154725515e-06,0.0024181214699087964
R4_LHS_03,physics,20260813,V52_C_E5_C9_1T,incremental_velocity,Y,5.0,10.0,4.604787932305939e-06,5.161929599631991e-06,0.10793282949185744
R4_LHS_03,physics,20260813,V52_C_E5_C9_1T,incremental_velocity,Y,10.0,20.0,2.3752039681816015e-05,2.7692711593164918e-05,0.14229996575422157
R4_LHS_03,physics,20260813,V52_C_E5_C9_1T,total_displacement,Z,0.0,0.5,9.696860466241244e-05,9.311409795720583e-05,0.041395522157966845
R4_LHS_03,physics,20260813,V52_C_E5_C9_1T,total_displacement,Z,0.5,1.0,9.925097952641551e-07,1.0034927559721326e-06,0.010944733424944082
R4_LHS_03,physics,20260813,V52_C_E5_C9_1T,total_displacement,Z,1.0,2.0,5.002914773065342e-07,4.912229691047855e-07,0.018461083402258896
R4_LHS_03,physics,20260813,V52_C_E5_C9_1T,total_displacement,Z,2.0,5.0,3.119202650559826e-07,2.891494567436956e-07,0.0787509980780327
R4_LHS_03,physics,20260813,V52_C_E5_C9_1T,total_displacement,Z,5.0,10.0,8.188283529987222e-08,7.49241305208487e-08,0.09287668379531162
R4_LHS_03,physics,20260813,V52_C_E5_C9_1T,total_displacement,Z,10.0,20.0,6.494037484650758e-08,5.3780860457057845e-08,0.2074997367950299
R4_LHS_03,physics,20260813,V52_C_E5_C9_1T,incremental_velocity,Z,0.0,0.5,2.386868411143314e-05,2.3561400671492902e-05,0.013041815477125825
R4_LHS_03,physics,20260813,V52_C_E5_C9_1T,incremental_velocity,Z,0.5,1.0,7.0279643534632695e-06,6.620978575384367e-06,0.06146912777999371
R4_LHS_03,physics,20260813,V52_C_E5_C9_1T,incremental_velocity,Z,1.0,2.0,3.1072621130012112e-06,3.5529534397028915e-06,0.12544249010450031
R4_LHS_03,physics,20260813,V52_C_E5_C9_1T,incremental_velocity,Z,2.0,5.0,5.579347355479332e-07,5.669698968431709e-07,0.01593587480665995
R4_LHS_03,physics,20260813,V52_C_E5_C9_1T,incremental_velocity,Z,5.0,10.0,1.2300627765504392e-06,1.3953993303387227e-06,0.11848690922629958
R4_LHS_03,physics,20260813,V52_C_E5_C9_1T,incremental_velocity,Z,10.0,20.0,1.6828205302885675e-06,4.107289390455817e-06,0.5902844016301924
R4_LHS_03,physics,20260813,V40_A_E6_C10_1T,total_displacement,X,0.0,0.5,9.569410575153391e-07,9.522005361196114e-07,0.004978490576203826
R4_LHS_03,physics,20260813,V40_A_E6_C10_1T,total_displacement,X,0.5,1.0,3.3824946544311573e-10,8.481612962615261e-10,0.6011967688999355
R4_LHS_03,physics,20260813,V40_A_E6_C10_1T,total_displacement,X,1.0,2.0,2.037115912629582e-10,4.448134920579579e-10,0.5420291989784897
R4_LHS_03,physics,20260813,V40_A_E6_C10_1T,total_displacement,X,2.0,5.0,1.75425574387212e-10,6.004106462980378e-11,1.9217598899825725
R4_LHS_03,physics,20260813,V40_A_E6_C10_1T,total_displacement,X,5.0,10.0,1.1353800974257858e-10,1.0743508168166322e-10,0.05680572830948005
R4_LHS_03,physics,20260813,V40_A_E6_C10_1T,total_displacement,X,10.0,20.0,3.904079805522959e-11,1.4452268464650734e-11,1.7013612534752403
R4_LHS_03,physics,20260813,V40_A_E6_C10_1T,incremental_velocity,X,0.0,0.5,2.0530551308050914e-07,1.867747993827999e-07,0.0992142074784406
R4_LHS_03,physics,20260813,V40_A_E6_C10_1T,incremental_velocity,X,0.5,1.0,7.975461223997443e-09,1.2163397941737504e-08,0.34430647897900046
R4_LHS_03,physics,20260813,V40_A_E6_C10_1T,incremental_velocity,X,1.0,2.0,1.5419430890781347e-08,1.716082390262261e-08,0.1014749071328175
R4_LHS_03,physics,20260813,V40_A_E6_C10_1T,incremental_velocity,X,2.0,5.0,5.315626623299712e-09,6.3797867153373676e-09,0.16680182888862954
R4_LHS_03,physics,20260813,V40_A_E6_C10_1T,incremental_velocity,X,5.0,10.0,1.751028249208234e-07,2.245122295272321e-07,0.2200744463250525
R4_LHS_03,physics,20260813,V40_A_E6_C10_1T,incremental_velocity,X,10.0,20.0,9.277029815026348e-09,2.2339699454728225e-08,0.5847289783899553
R4_LHS_03,physics,20260813,V40_A_E6_C10_1T,total_displacement,Y,0.0,0.5,4.6104017697874095e-05,4.5065173814299904e-05,0.023052033214272197
R4_LHS_03,physics,20260813,V40_A_E6_C10_1T,total_displacement,Y,0.5,1.0,1.4997518929589377e-07,1.8333163116024704e-07,0.1819459176425315
R4_LHS_03,physics,20260813,V40_A_E6_C10_1T,total_displacement,Y,1.0,2.0,6.187690898472815e-08,7.808254356531889e-08,0.2075449113287932
R4_LHS_03,physics,20260813,V40_A_E6_C10_1T,total_displacement,Y,2.0,5.0,6.603402861059789e-08,6.572152626538303e-08,0.004754946559715876
R4_LHS_03,physics,20260813,V40_A_E6_C10_1T,total_displacement,Y,5.0,10.0,2.3889251502139776e-08,1.797718708838918e-08,0.32886482099132097
R4_LHS_03,physics,20260813,V40_A_E6_C10_1T,total_displacement,Y,10.0,20.0,1.1942812417610187e-08,1.0577353065029101e-08,0.12909272709214695
R4_LHS_03,physics,20260813,V40_A_E6_C10_1T,incremental_velocity,Y,0.0,0.5,9.366817210291906e-06,8.76820679776987e-06,0.06827056276481613
R4_LHS_03,physics,20260813,V40_A_E6_C10_1T,incremental_velocity,Y,0.5,1.0,1.2056838512051477e-06,1.7365709595935313e-06,0.3057100001906315
R4_LHS_03,physics,20260813,V40_A_E6_C10_1T,incremental_velocity,Y,1.0,2.0,1.2573213225823272e-06,2.0497590108511877e-06,0.3866004169630609
R4_LHS_03,physics,20260813,V40_A_E6_C10_1T,incremental_velocity,Y,2.0,5.0,3.8132472590407544e-07,1.0017152575609292e-06,0.6193282242375335
R4_LHS_03,physics,20260813,V40_A_E6_C10_1T,incremental_velocity,Y,5.0,10.0,3.977577593308342e-06,4.490362251984491e-06,0.11419672398357758
R4_LHS_03,physics,20260813,V40_A_E6_C10_1T,incremental_velocity,Y,10.0,20.0,1.5348591837146376e-06,2.8072304476105015e-06,0.45324788528811344
R4_LHS_03,physics,20260813,V40_A_E6_C10_1T,total_displacement,Z,0.0,0.5,7.063396437263683e-05,6.954311378631226e-05,0.01568596122509645
R4_LHS_03,physics,20260813,V40_A_E6_C10_1T,total_displacement,Z,0.5,1.0,9.191193480467084e-07,9.231474468818576e-07,0.004363440367792883
R4_LHS_03,physics,20260813,V40_A_E6_C10_1T,total_displacement,Z,1.0,2.0,3.4702397871931867e-07,3.4350366720917107e-07,0.010248250153335225
R4_LHS_03,physics,20260813,V40_A_E6_C10_1T,total_displacement,Z,2.0,5.0,2.7217786389765356e-07,2.6744190180055803e-07,0.017708377278244643
R4_LHS_03,physics,20260813,V40_A_E6_C10_1T,total_displacement,Z,5.0,10.0,8.429600694036756e-08,7.656151123571869e-08,0.10102328937624798
R4_LHS_03,physics,20260813,V40_A_E6_C10_1T,total_displacement,Z,10.0,20.0,5.542241358418166e-08,5.330172656657086e-08,0.039786460105793786
R4_LHS_03,physics,20260813,V40_A_E6_C10_1T,incremental_velocity,Z,0.0,0.5,1.0878775916492615e-05,1.1232865543298899e-05,0.03152264446159247
R4_LHS_03,physics,20260813,V40_A_E6_C10_1T,incremental_velocity,Z,0.5,1.0,5.919096357145275e-06,6.109994281845974e-06,0.031243552104114992
R4_LHS_03,physics,20260813,V40_A_E6_C10_1T,incremental_velocity,Z,1.0,2.0,3.703939324391459e-06,4.0382264590657815e-06,0.08278068059403924
R4_LHS_03,physics,20260813,V40_A_E6_C10_1T,incremental_velocity,Z,2.0,5.0,2.3693583414615753e-07,4.699042749139247e-07,0.49577850895364056
R4_LHS_03,physics,20260813,V40_A_E6_C10_1T,incremental_velocity,Z,5.0,10.0,4.293754860124401e-06,5.6972233091179e-06,0.24634253790743516
R4_LHS_03,physics,20260813,V40_A_E6_C10_1T,incremental_velocity,Z,10.0,20.0,2.3701373077646352e-07,9.856039812844672e-07,0.7595243776637545
R4_LHS_03,physics,20260813,V40_B_E6_C10_1T,total_displacement,X,0.0,0.5,1.4613545312731362e-06,1.4834689150028643e-06,0.014907210731601643
R4_LHS_03,physics,20260813,V40_B_E6_C10_1T,total_displacement,X,0.5,1.0,5.313330430643766e-10,1.231025408818721e-09,0.5683817415480984
R4_LHS_03,physics,20260813,V40_B_E6_C10_1T,total_displacement,X,1.0,2.0,4.033714249841702e-10,5.790808708209503e-10,0.3034281646839424
R4_LHS_03,physics,20260813,V40_B_E6_C10_1T,total_displacement,X,2.0,5.0,1.352454539042239e-10,6.85127081264918e-11,0.9740199680112858
R4_LHS_03,physics,20260813,V40_B_E6_C10_1T,total_displacement,X,5.0,10.0,1.4747942960472033e-10,1.6042980201773063e-10,0.08072298444636258
R4_LHS_03,physics,20260813,V40_B_E6_C10_1T,total_displacement,X,10.0,20.0,5.3538713070735074e-11,1.594969767194943e-11,2.3567227524878454
R4_LHS_03,physics,20260813,V40_B_E6_C10_1T,incremental_velocity,X,0.0,0.5,2.935850889919111e-07,2.908417351085034e-07,0.009432462924842042
R4_LHS_03,physics,20260813,V40_B_E6_C10_1T,incremental_velocity,X,0.5,1.0,1.188202927482066e-08,1.843877810544045e-08,0.35559562532428274
R4_LHS_03,physics,20260813,V40_B_E6_C10_1T,incremental_velocity,X,1.0,2.0,2.4784623091019823e-08,2.6429173757449846e-08,0.062224823277589505
R4_LHS_03,physics,20260813,V40_B_E6_C10_1T,incremental_velocity,X,2.0,5.0,8.333003930698102e-09,9.686365377338206e-09,0.1397181908713013
R4_LHS_03,physics,20260813,V40_B_E6_C10_1T,incremental_velocity,X,5.0,10.0,2.8901404656585203e-07,3.58544407249418e-07,0.19392398620011894
R4_LHS_03,physics,20260813,V40_B_E6_C10_1T,incremental_velocity,X,10.0,20.0,1.7355055086111646e-08,3.8697647330055464e-08,0.5515217000638584
R4_LHS_03,physics,20260813,V40_B_E6_C10_1T,total_displacement,Y,0.0,0.5,6.44974594883404e-05,6.531442154032031e-05,0.012508141888320603
R4_LHS_03,physics,20260813,V40_B_E6_C10_1T,total_displacement,Y,0.5,1.0,1.605344875073536e-07,2.0789195271176362e-07,0.2277984529303538
R4_LHS_03,physics,20260813,V40_B_E6_C10_1T,total_displacement,Y,1.0,2.0,7.378790402817971e-08,9.083002184966401e-08,0.1876264859838008
R4_LHS_03,physics,20260813,V40_B_E6_C10_1T,total_displacement,Y,2.0,5.0,6.835309809510624e-08,6.625268377580875e-08,0.031703082797446304
R4_LHS_03,physics,20260813,V40_B_E6_C10_1T,total_displacement,Y,5.0,10.0,2.535300585993969e-08,1.8938030878895587e-08,0.33873505762380546
R4_LHS_03,physics,20260813,V40_B_E6_C10_1T,total_displacement,Y,10.0,20.0,1.282028541426952e-08,1.0765338310864934e-08,0.19088551089292086
R4_LHS_03,physics,20260813,V40_B_E6_C10_1T,incremental_velocity,Y,0.0,0.5,1.3178012176150377e-05,1.3138126138334294e-05,0.003035900051203226
R4_LHS_03,physics,20260813,V40_B_E6_C10_1T,incremental_velocity,Y,0.5,1.0,1.5535454612450484e-06,2.1827278679733335e-06,0.2882550848230485
R4_LHS_03,physics,20260813,V40_B_E6_C10_1T,incremental_velocity,Y,1.0,2.0,2.0095643714866825e-06,2.8249644647628577e-06,0.2886408319279953
R4_LHS_03,physics,20260813,V40_B_E6_C10_1T,incremental_velocity,Y,2.0,5.0,7.00623187657386e-07,1.212808947950525e-06,0.42231363905968883
R4_LHS_03,physics,20260813,V40_B_E6_C10_1T,incremental_velocity,Y,5.0,10.0,6.5347813484354836e-06,6.793587764141685e-06,0.03809569033202873
R4_LHS_03,physics,20260813,V40_B_E6_C10_1T,incremental_velocity,Y,10.0,20.0,2.866296937298556e-06,5.001446035793656e-06,0.42690635532495214
R4_LHS_03,physics,20260813,V40_B_E6_C10_1T,total_displacement,Z,0.0,0.5,8.16400179557038e-05,8.125171282773153e-05,0.004779039289861467
R4_LHS_03,physics,20260813,V40_B_E6_C10_1T,total_displacement,Z,0.5,1.0,9.62698416172142e-07,9.13174638217306e-07,0.054232537657326954
R4_LHS_03,physics,20260813,V40_B_E6_C10_1T,total_displacement,Z,1.0,2.0,3.7632181585928426e-07,3.494773499067157e-07,0.0768131781923322
R4_LHS_03,physics,20260813,V40_B_E6_C10_1T,total_displacement,Z,2.0,5.0,2.763081143440543e-07,2.674165145404963e-07,0.03325000259926552
R4_LHS_03,physics,20260813,V40_B_E6_C10_1T,total_displacement,Z,5.0,10.0,8.298096430734136e-08,7.77660486621314e-08,0.0670590281353641
R4_LHS_03,physics,20260813,V40_B_E6_C10_1T,total_displacement,Z,10.0,20.0,5.819240313970124e-08,5.3339412649893226e-08,0.09098320076491744
R4_LHS_03,physics,20260813,V40_B_E6_C10_1T,incremental_velocity,Z,0.0,0.5,1.2574904323687291e-05,1.2844923077347692e-05,0.021021437966926005
R4_LHS_03,physics,20260813,V40_B_E6_C10_1T,incremental_velocity,Z,0.5,1.0,5.750774620261732e-06,5.996645555027314e-06,0.04100141195763267
R4_LHS_03,physics,20260813,V40_B_E6_C10_1T,incremental_velocity,Z,1.0,2.0,4.2328458821687355e-06,4.510971860052201e-06,0.06165544510407269
R4_LHS_03,physics,20260813,V40_B_E6_C10_1T,incremental_velocity,Z,2.0,5.0,3.327880693117783e-07,4.95306112283521e-07,0.32811636872899075
R4_LHS_03,physics,20260813,V40_B_E6_C10_1T,incremental_velocity,Z,5.0,10.0,7.348096537812584e-06,8.991157789349043e-06,0.18274189932278084
R4_LHS_03,physics,20260813,V40_B_E6_C10_1T,incremental_velocity,Z,10.0,20.0,4.399491748195626e-07,1.754847885019503e-06,0.7492949795960959
R4_LHS_03,physics,20260813,V40_CPLUS_E6_C10_1T,total_displacement,X,0.0,0.5,2.956170371111572e-06,3.4582629992055102e-06,0.14518636327233855
R4_LHS_03,physics,20260813,V40_CPLUS_E6_C10_1T,total_displacement,X,0.5,1.0,5.072955858699076e-10,8.36068553643364e-10,0.3932368540124508
R4_LHS_03,physics,20260813,V40_CPLUS_E6_C10_1T,total_displacement,X,1.0,2.0,5.000491421620767e-10,1.1113792174463454e-09,0.5500643395950331
R4_LHS_03,physics,20260813,V40_CPLUS_E6_C10_1T,total_displacement,X,2.0,5.0,3.0098961803612596e-10,1.0258771406034117e-10,1.9339733397225962
R4_LHS_03,physics,20260813,V40_CPLUS_E6_C10_1T,total_displacement,X,5.0,10.0,4.1206511948447197e-10,3.4898826489578933e-10,0.18074205047415529
R4_LHS_03,physics,20260813,V40_CPLUS_E6_C10_1T,total_displacement,X,10.0,20.0,1.4364097870253345e-10,2.0121525426127184e-11,6.138672424706929
R4_LHS_03,physics,20260813,V40_CPLUS_E6_C10_1T,incremental_velocity,X,0.0,0.5,7.136679161706032e-07,6.782635941209016e-07,0.052198470265220676
R4_LHS_03,physics,20260813,V40_CPLUS_E6_C10_1T,incremental_velocity,X,0.5,1.0,1.1935754736313555e-08,1.4061109320100627e-08,0.15115127372979295
R4_LHS_03,physics,20260813,V40_CPLUS_E6_C10_1T,incremental_velocity,X,1.0,2.0,7.030140420586974e-08,5.978601061345652e-08,0.17588384781851357
R4_LHS_03,physics,20260813,V40_CPLUS_E6_C10_1T,incremental_velocity,X,2.0,5.0,2.297056057068845e-08,2.4531213811152064e-08,0.06361907945028504
R4_LHS_03,physics,20260813,V40_CPLUS_E6_C10_1T,incremental_velocity,X,5.0,10.0,6.539676240816627e-07,8.199399821628687e-07,0.2024201303653931
R4_LHS_03,physics,20260813,V40_CPLUS_E6_C10_1T,incremental_velocity,X,10.0,20.0,4.496401615134137e-08,7.828296783866654e-08,0.4256219789212927
R4_LHS_03,physics,20260813,V40_CPLUS_E6_C10_1T,total_displacement,Y,0.0,0.5,0.00013544845268431677,0.00013945967083775265,0.028762567194802365
R4_LHS_03,physics,20260813,V40_CPLUS_E6_C10_1T,total_displacement,Y,0.5,1.0,1.6234330295651995e-07,1.8696466148977798e-07,0.13168990512468673
R4_LHS_03,physics,20260813,V40_CPLUS_E6_C10_1T,total_displacement,Y,1.0,2.0,7.797712112056038e-08,1.4227906486613205e-07,0.4519424119498696
R4_LHS_03,physics,20260813,V40_CPLUS_E6_C10_1T,total_displacement,Y,2.0,5.0,6.677426947393064e-08,6.829612222599151e-08,0.02228315023545654
R4_LHS_03,physics,20260813,V40_CPLUS_E6_C10_1T,total_displacement,Y,5.0,10.0,4.126549385849155e-08,2.222958139887576e-08,0.8563324750945834
R4_LHS_03,physics,20260813,V40_CPLUS_E6_C10_1T,total_displacement,Y,10.0,20.0,1.7221615642476357e-08,1.1364119294953833e-08,0.5154377735301943
R4_LHS_03,physics,20260813,V40_CPLUS_E6_C10_1T,incremental_velocity,Y,0.0,0.5,2.9933902378820348e-05,3.0031931738940526e-05,0.0032641709821506324
R4_LHS_03,physics,20260813,V40_CPLUS_E6_C10_1T,incremental_velocity,Y,0.5,1.0,1.5008140640667827e-06,1.967430797898527e-06,0.23717059544363736
R4_LHS_03,physics,20260813,V40_CPLUS_E6_C10_1T,incremental_velocity,Y,1.0,2.0,3.624215703395842e-06,5.985049584667044e-06,0.39445519170290017
R4_LHS_03,physics,20260813,V40_CPLUS_E6_C10_1T,incremental_velocity,Y,2.0,5.0,8.358827672030106e-07,1.6930914683824874e-06,0.5062979273047901
R4_LHS_03,physics,20260813,V40_CPLUS_E6_C10_1T,incremental_velocity,Y,5.0,10.0,1.7363443785430045e-05,1.4481577251206971e-05,0.19900225536433774
R4_LHS_03,physics,20260813,V40_CPLUS_E6_C10_1T,incremental_velocity,Y,10.0,20.0,7.483756386107794e-06,1.0057652259548834e-05,0.25591418424686124
R4_LHS_03,physics,20260813,V40_CPLUS_E6_C10_1T,total_displacement,Z,0.0,0.5,0.0001207419081296172,0.0001225880074043987,0.015059379085031644
R4_LHS_03,physics,20260813,V40_CPLUS_E6_C10_1T,total_displacement,Z,0.5,1.0,9.08544911192758e-07,9.273032195381934e-07,0.020228883012804823
R4_LHS_03,physics,20260813,V40_CPLUS_E6_C10_1T,total_displacement,Z,1.0,2.0,3.73629999782187e-07,3.719727663494572e-07,0.004455254746184528
R4_LHS_03,physics,20260813,V40_CPLUS_E6_C10_1T,total_displacement,Z,2.0,5.0,2.7754687052652216e-07,2.681884146234361e-07,0.03489507895494405
R4_LHS_03,physics,20260813,V40_CPLUS_E6_C10_1T,total_displacement,Z,5.0,10.0,9.65738815848083e-08,8.342881489733389e-08,0.1575602710364579
R4_LHS_03,physics,20260813,V40_CPLUS_E6_C10_1T,total_displacement,Z,10.0,20.0,5.86563931444129e-08,5.361877141563683e-08,0.09395257660280792
R4_LHS_03,physics,20260813,V40_CPLUS_E6_C10_1T,incremental_velocity,Z,0.0,0.5,2.264419730163736e-05,2.138798728635249e-05,0.058734372639469956
R4_LHS_03,physics,20260813,V40_CPLUS_E6_C10_1T,incremental_velocity,Z,0.5,1.0,6.167738698713672e-06,6.157400508030835e-06,0.0016789862328028184
R4_LHS_03,physics,20260813,V40_CPLUS_E6_C10_1T,incremental_velocity,Z,1.0,2.0,6.485409030089679e-06,6.146930531489983e-06,0.0550646370356249
R4_LHS_03,physics,20260813,V40_CPLUS_E6_C10_1T,incremental_velocity,Z,2.0,5.0,3.2203497497675315e-07,5.505390667467234e-07,0.41505518058919877
R4_LHS_03,physics,20260813,V40_CPLUS_E6_C10_1T,incremental_velocity,Z,5.0,10.0,1.739161681957526e-05,2.3283721135952247e-05,0.2530568151874584
R4_LHS_03,physics,20260813,V40_CPLUS_E6_C10_1T,incremental_velocity,Z,10.0,20.0,1.1319542666137663e-06,3.9940519744977675e-06,0.7165900008709566
R4_LHS_03,physics,20260813,V40_C_E6_C10_1T,total_displacement,X,0.0,0.5,1.972936045402578e-06,2.132863527166269e-06,0.07498251985028388
R4_LHS_03,physics,20260813,V40_C_E6_C10_1T,total_displacement,X,0.5,1.0,6.116936774847033e-10,1.699154339294621e-09,0.6400011091760864
R4_LHS_03,physics,20260813,V40_C_E6_C10_1T,total_displacement,X,1.0,2.0,3.910999745911831e-10,7.603448435673909e-10,0.48562816214256455
R4_LHS_03,physics,20260813,V40_C_E6_C10_1T,total_displacement,X,2.0,5.0,2.9083361155925595e-10,7.814979145936103e-11,2.721489285233646
R4_LHS_03,physics,20260813,V40_C_E6_C10_1T,total_displacement,X,5.0,10.0,2.6461170079442447e-10,2.234859053198765e-10,0.18401963835564664
R4_LHS_03,physics,20260813,V40_C_E6_C10_1T,total_displacement,X,10.0,20.0,9.347046912948919e-11,1.7255858691766642e-11,4.416738210430938
R4_LHS_03,physics,20260813,V40_C_E6_C10_1T,incremental_velocity,X,0.0,0.5,4.640646469006543e-07,4.181628459281949e-07,0.10977015633842682
R4_LHS_03,physics,20260813,V40_C_E6_C10_1T,incremental_velocity,X,0.5,1.0,1.695664207436386e-08,2.6102568477483798e-08,0.3503841551458531
R4_LHS_03,physics,20260813,V40_C_E6_C10_1T,incremental_velocity,X,1.0,2.0,3.526701358553759e-08,3.842443415533285e-08,0.08217220732597431
R4_LHS_03,physics,20260813,V40_C_E6_C10_1T,incremental_velocity,X,2.0,5.0,1.3869570340031275e-08,1.3959881881235343e-08,0.006469362847938073
R4_LHS_03,physics,20260813,V40_C_E6_C10_1T,incremental_velocity,X,5.0,10.0,4.339419359712838e-07,5.129962941442955e-07,0.1541031759398544
R4_LHS_03,physics,20260813,V40_C_E6_C10_1T,incremental_velocity,X,10.0,20.0,2.6063828372133095e-08,5.229918372367505e-08,0.501639862873531
R4_LHS_03,physics,20260813,V40_C_E6_C10_1T,total_displacement,Y,0.0,0.5,9.229399109064413e-05,8.984254535691925e-05,0.027286022718812936
R4_LHS_03,physics,20260813,V40_C_E6_C10_1T,total_displacement,Y,0.5,1.0,1.579167078534692e-07,2.3888625411786194e-07,0.33894602501675924
R4_LHS_03,physics,20260813,V40_C_E6_C10_1T,total_displacement,Y,1.0,2.0,6.921589818829604e-08,1.0717591419402604e-07,0.3541842053897394
R4_LHS_03,physics,20260813,V40_C_E6_C10_1T,total_displacement,Y,2.0,5.0,6.568676763588078e-08,6.674298170666048e-08,0.015825095669561612
R4_LHS_03,physics,20260813,V40_C_E6_C10_1T,total_displacement,Y,5.0,10.0,3.15655446013187e-08,2.007778780313197e-08,0.5721624768040798
R4_LHS_03,physics,20260813,V40_C_E6_C10_1T,total_displacement,Y,10.0,20.0,1.4091970983589048e-08,1.0929421836057357e-08,0.2893610654772328
R4_LHS_03,physics,20260813,V40_C_E6_C10_1T,incremental_velocity,Y,0.0,0.5,1.871622679043843e-05,1.8552033538530366e-05,0.008850418018437419
R4_LHS_03,physics,20260813,V40_C_E6_C10_1T,incremental_velocity,Y,0.5,1.0,1.6700708841832987e-06,2.7193930431535146e-06,0.385866309988563
R4_LHS_03,physics,20260813,V40_C_E6_C10_1T,incremental_velocity,Y,1.0,2.0,2.3353703951786587e-06,3.861894342863367e-06,0.3952785374632702
R4_LHS_03,physics,20260813,V40_C_E6_C10_1T,incremental_velocity,Y,2.0,5.0,5.155838098062943e-07,1.3039149889559121e-06,0.6045878648736608
R4_LHS_03,physics,20260813,V40_C_E6_C10_1T,incremental_velocity,Y,5.0,10.0,1.0974600713116467e-05,9.762386879805346e-06,0.12417186987525855
R4_LHS_03,physics,20260813,V40_C_E6_C10_1T,incremental_velocity,Y,10.0,20.0,4.237375088842611e-06,6.723592360371281e-06,0.36977513481965163
R4_LHS_03,physics,20260813,V40_C_E6_C10_1T,total_displacement,Z,0.0,0.5,9.366506265336862e-05,9.517202118336877e-05,0.01583404987371946
R4_LHS_03,physics,20260813,V40_C_E6_C10_1T,total_displacement,Z,0.5,1.0,8.851117536967371e-07,9.037942714480927e-07,0.020671206204285635
R4_LHS_03,physics,20260813,V40_C_E6_C10_1T,total_displacement,Z,1.0,2.0,3.5213975483918565e-07,3.6043690068679765e-07,0.023019690358568
R4_LHS_03,physics,20260813,V40_C_E6_C10_1T,total_displacement,Z,2.0,5.0,2.735755184385578e-07,2.6709499058029707e-07,0.024263007869151653
R4_LHS_03,physics,20260813,V40_C_E6_C10_1T,total_displacement,Z,5.0,10.0,8.757574196218877e-08,7.960170827978079e-08,0.10017415272523018
R4_LHS_03,physics,20260813,V40_C_E6_C10_1T,total_displacement,Z,10.0,20.0,5.5166306434631575e-08,5.342111479979584e-08,0.03266857386589775
R4_LHS_03,physics,20260813,V40_C_E6_C10_1T,incremental_velocity,Z,0.0,0.5,1.6071583367504103e-05,1.5101964477597688e-05,0.06420481860785407
R4_LHS_03,physics,20260813,V40_C_E6_C10_1T,incremental_velocity,Z,0.5,1.0,5.855739608259266e-06,5.892617354145417e-06,0.006258296385087328
R4_LHS_03,physics,20260813,V40_C_E6_C10_1T,incremental_velocity,Z,1.0,2.0,4.976169497222134e-06,5.320015758202217e-06,0.0646325643772676
R4_LHS_03,physics,20260813,V40_C_E6_C10_1T,incremental_velocity,Z,2.0,5.0,2.7715199784908537e-07,5.224113923541028e-07,0.46947558589758853
R4_LHS_03,physics,20260813,V40_C_E6_C10_1T,incremental_velocity,Z,5.0,10.0,1.1862061969934634e-05,1.3631270342093472e-05,0.12979042508573166
R4_LHS_03,physics,20260813,V40_C_E6_C10_1T,incremental_velocity,Z,10.0,20.0,6.344205114816359e-07,2.621478990918704e-06,0.7579913805605966
R4_LHS_03,physics,20260813,V52_A_E6_C10_1T,total_displacement,X,0.0,0.5,7.951153943560678e-07,7.790403662198156e-07,0.02063439692381288
R4_LHS_03,physics,20260813,V52_A_E6_C10_1T,total_displacement,X,0.5,1.0,4.109029408706495e-10,9.145262066368904e-10,0.550693093441556
R4_LHS_03,physics,20260813,V52_A_E6_C10_1T,total_displacement,X,1.0,2.0,2.4347596840878937e-10,4.1146925491229096e-10,0.4082766439969157
R4_LHS_03,physics,20260813,V52_A_E6_C10_1T,total_displacement,X,2.0,5.0,1.4758413030617818e-10,7.948471172809826e-11,0.8567612198309882
R4_LHS_03,physics,20260813,V52_A_E6_C10_1T,total_displacement,X,5.0,10.0,6.519022895513789e-11,3.505969874903982e-11,0.8594064205107654
R4_LHS_03,physics,20260813,V52_A_E6_C10_1T,total_displacement,X,10.0,20.0,9.158281931082162e-11,3.0113985362193393e-11,2.041205546503296
R4_LHS_03,physics,20260813,V52_A_E6_C10_1T,incremental_velocity,X,0.0,0.5,2.2899125201272943e-07,2.401450622778012e-07,0.04644613617817796
R4_LHS_03,physics,20260813,V52_A_E6_C10_1T,incremental_velocity,X,0.5,1.0,1.2941085353846284e-08,1.747943619801859e-08,0.2596394295993802
R4_LHS_03,physics,20260813,V52_A_E6_C10_1T,incremental_velocity,X,1.0,2.0,1.497656398009205e-08,2.244285051629418e-08,0.33267995662054517
R4_LHS_03,physics,20260813,V52_A_E6_C10_1T,incremental_velocity,X,2.0,5.0,9.68461640053062e-09,1.369900362357681e-08,0.29304227762500823
R4_LHS_03,physics,20260813,V52_A_E6_C10_1T,incremental_velocity,X,5.0,10.0,3.231354075842195e-08,4.692328354718087e-08,0.31135380315124317
R4_LHS_03,physics,20260813,V52_A_E6_C10_1T,incremental_velocity,X,10.0,20.0,7.649848465331524e-08,1.1063059315343336e-07,0.30852323509447666
R4_LHS_03,physics,20260813,V52_A_E6_C10_1T,total_displacement,Y,0.0,0.5,3.9761717987579114e-05,3.8709941853253095e-05,0.027170697861372006
R4_LHS_03,physics,20260813,V52_A_E6_C10_1T,total_displacement,Y,0.5,1.0,1.7426201496146636e-07,2.1537338271960294e-07,0.19088416237423333
R4_LHS_03,physics,20260813,V52_A_E6_C10_1T,total_displacement,Y,1.0,2.0,5.932891433016057e-08,7.08157820661864e-08,0.16220773676254646
R4_LHS_03,physics,20260813,V52_A_E6_C10_1T,total_displacement,Y,2.0,5.0,6.456237323278025e-08,6.691478721292395e-08,0.0351553681648613
R4_LHS_03,physics,20260813,V52_A_E6_C10_1T,total_displacement,Y,5.0,10.0,1.8594649099228572e-08,1.6933636600438705e-08,0.09808953256660978
R4_LHS_03,physics,20260813,V52_A_E6_C10_1T,total_displacement,Y,10.0,20.0,1.495552571043667e-08,1.2470035210741574e-08,0.19931703942215967
R4_LHS_03,physics,20260813,V52_A_E6_C10_1T,incremental_velocity,Y,0.0,0.5,1.1074502584079478e-05,1.1974617139168032e-05,0.07516854565181465
R4_LHS_03,physics,20260813,V52_A_E6_C10_1T,incremental_velocity,Y,0.5,1.0,1.7662978393578505e-06,2.3638983189747032e-06,0.25280295468717573
R4_LHS_03,physics,20260813,V52_A_E6_C10_1T,incremental_velocity,Y,1.0,2.0,1.3453543334790476e-06,2.0526751880445193e-06,0.3445848903348906
R4_LHS_03,physics,20260813,V52_A_E6_C10_1T,incremental_velocity,Y,2.0,5.0,6.329402790615138e-07,1.832731666419801e-06,0.6546465090015344
R4_LHS_03,physics,20260813,V52_A_E6_C10_1T,incremental_velocity,Y,5.0,10.0,2.38670245338306e-06,2.2429347643757744e-06,0.06409802518143999
R4_LHS_03,physics,20260813,V52_A_E6_C10_1T,incremental_velocity,Y,10.0,20.0,1.1795076766087766e-05,1.2779810823063865e-05,0.07705388370843004
R4_LHS_03,physics,20260813,V52_A_E6_C10_1T,total_displacement,Z,0.0,0.5,7.066995357589836e-05,7.008731982363753e-05,0.008312969503284369
R4_LHS_03,physics,20260813,V52_A_E6_C10_1T,total_displacement,Z,0.5,1.0,9.868650118539145e-07,9.892322117787535e-07,0.002392966885482279
R4_LHS_03,physics,20260813,V52_A_E6_C10_1T,total_displacement,Z,1.0,2.0,3.35090688578283e-07,3.2342967297063205e-07,0.03605425408419409
R4_LHS_03,physics,20260813,V52_A_E6_C10_1T,total_displacement,Z,2.0,5.0,2.78912031788381e-07,2.6778459685782815e-07,0.04155367807230759
R4_LHS_03,physics,20260813,V52_A_E6_C10_1T,total_displacement,Z,5.0,10.0,7.95789124891764e-08,7.458511650092054e-08,0.06695432309466497
R4_LHS_03,physics,20260813,V52_A_E6_C10_1T,total_displacement,Z,10.0,20.0,5.865361747222381e-08,5.350278165921204e-08,0.09627229936978252
R4_LHS_03,physics,20260813,V52_A_E6_C10_1T,incremental_velocity,Z,0.0,0.5,1.5312981242965284e-05,1.610306545466426e-05,0.0490642116510883
R4_LHS_03,physics,20260813,V52_A_E6_C10_1T,incremental_velocity,Z,0.5,1.0,6.428700248250545e-06,6.58149850843812e-06,0.023216332874902715
R4_LHS_03,physics,20260813,V52_A_E6_C10_1T,incremental_velocity,Z,1.0,2.0,2.4503743062744963e-06,2.885730146733766e-06,0.15086505609404618
R4_LHS_03,physics,20260813,V52_A_E6_C10_1T,incremental_velocity,Z,2.0,5.0,3.286417199844294e-07,6.889679450171847e-07,0.5229941793935968
R4_LHS_03,physics,20260813,V52_A_E6_C10_1T,incremental_velocity,Z,5.0,10.0,4.856890001994943e-07,6.200985300965368e-07,0.2167551177328507
R4_LHS_03,physics,20260813,V52_A_E6_C10_1T,incremental_velocity,Z,10.0,20.0,8.007528616517151e-07,2.4778096516974992e-06,0.6768303565598209
R4_LHS_03,physics,20260813,V52_B_E6_C10_1T,total_displacement,X,0.0,0.5,1.0817043866716245e-06,1.2125447032452149e-06,0.10790556110913986
R4_LHS_03,physics,20260813,V52_B_E6_C10_1T,total_displacement,X,0.5,1.0,6.148277261533593e-10,1.3382977435103859e-09,0.5405897311455881
R4_LHS_03,physics,20260813,V52_B_E6_C10_1T,total_displacement,X,1.0,2.0,3.505919580922772e-10,5.502326464750152e-10,0.3628295951934274
R4_LHS_03,physics,20260813,V52_B_E6_C10_1T,total_displacement,X,2.0,5.0,2.8908273002240606e-10,9.67264040049808e-11,1.988664088117244
R4_LHS_03,physics,20260813,V52_B_E6_C10_1T,total_displacement,X,5.0,10.0,8.504561908358804e-11,4.4717977015669286e-11,0.90182170033738
R4_LHS_03,physics,20260813,V52_B_E6_C10_1T,total_displacement,X,10.0,20.0,1.2036790026388098e-10,3.9594224269602355e-11,2.0400368357839236
R4_LHS_03,physics,20260813,V52_B_E6_C10_1T,incremental_velocity,X,0.0,0.5,3.5087959463652047e-07,3.7402419330264384e-07,0.06187995076402928
R4_LHS_03,physics,20260813,V52_B_E6_C10_1T,incremental_velocity,X,0.5,1.0,1.762156663532983e-08,2.6915984534170594e-08,0.3453122023844693
R4_LHS_03,physics,20260813,V52_B_E6_C10_1T,incremental_velocity,X,1.0,2.0,2.2240863960401574e-08,3.4473716101215326e-08,0.35484576437590665
R4_LHS_03,physics,20260813,V52_B_E6_C10_1T,incremental_velocity,X,2.0,5.0,1.618787498348576e-08,2.149561759416426e-08,0.24692208016016584
R4_LHS_03,physics,20260813,V52_B_E6_C10_1T,incremental_velocity,X,5.0,10.0,5.180391980868169e-08,7.219484737479998e-08,0.2824429763007693
R4_LHS_03,physics,20260813,V52_B_E6_C10_1T,incremental_velocity,X,10.0,20.0,1.2181046432210216e-07,1.6230721147885517e-07,0.2495067642883433
R4_LHS_03,physics,20260813,V52_B_E6_C10_1T,total_displacement,Y,0.0,0.5,5.700398458154923e-05,5.519527193330356e-05,0.03276934028753884
R4_LHS_03,physics,20260813,V52_B_E6_C10_1T,total_displacement,Y,0.5,1.0,2.0053258175843389e-07,2.4831210544315434e-07,0.19241721461565447
R4_LHS_03,physics,20260813,V52_B_E6_C10_1T,total_displacement,Y,1.0,2.0,6.124757717186528e-08,8.126717498595014e-08,0.24634297694666935
R4_LHS_03,physics,20260813,V52_B_E6_C10_1T,total_displacement,Y,2.0,5.0,6.580387095062135e-08,6.818381658336343e-08,0.03490484622303728
R4_LHS_03,physics,20260813,V52_B_E6_C10_1T,total_displacement,Y,5.0,10.0,1.939817987801059e-08,1.7350210767588212e-08,0.11803713152857902
R4_LHS_03,physics,20260813,V52_B_E6_C10_1T,total_displacement,Y,10.0,20.0,1.6693209604890573e-08,1.3533940370474895e-08,0.23343306885759704
R4_LHS_03,physics,20260813,V52_B_E6_C10_1T,incremental_velocity,Y,0.0,0.5,1.7679874609022007e-05,1.787299828914134e-05,0.010805331987116149
R4_LHS_03,physics,20260813,V52_B_E6_C10_1T,incremental_velocity,Y,0.5,1.0,2.1027436703087677e-06,3.0566282337192025e-06,0.3120708475069538
R4_LHS_03,physics,20260813,V52_B_E6_C10_1T,incremental_velocity,Y,1.0,2.0,1.7530920823074732e-06,2.8920905267850674e-06,0.39383222410528695
R4_LHS_03,physics,20260813,V52_B_E6_C10_1T,incremental_velocity,Y,2.0,5.0,1.112027808321127e-06,2.153346313694309e-06,0.4835815301750895
R4_LHS_03,physics,20260813,V52_B_E6_C10_1T,incremental_velocity,Y,5.0,10.0,3.316029094181569e-06,3.596764342067429e-06,0.07805216611008008
R4_LHS_03,physics,20260813,V52_B_E6_C10_1T,incremental_velocity,Y,10.0,20.0,1.8323075928201766e-05,1.8984163476513603e-05,0.034823106592487295
R4_LHS_03,physics,20260813,V52_B_E6_C10_1T,total_displacement,Z,0.0,0.5,8.092946574256964e-05,8.073544954220632e-05,0.002403110423778532
R4_LHS_03,physics,20260813,V52_B_E6_C10_1T,total_displacement,Z,0.5,1.0,1.0158701676257943e-06,9.959232496662577e-07,0.020028569436671886
R4_LHS_03,physics,20260813,V52_B_E6_C10_1T,total_displacement,Z,1.0,2.0,3.3321073082160306e-07,3.249971780490935e-07,0.025272689510149677
R4_LHS_03,physics,20260813,V52_B_E6_C10_1T,total_displacement,Z,2.0,5.0,2.756313671151628e-07,2.683665260337824e-07,0.027070593299202625
R4_LHS_03,physics,20260813,V52_B_E6_C10_1T,total_displacement,Z,5.0,10.0,7.72123150761791e-08,7.480917227901454e-08,0.03212363837153007
R4_LHS_03,physics,20260813,V52_B_E6_C10_1T,total_displacement,Z,10.0,20.0,5.7244382866999865e-08,5.3656480173022767e-08,0.06686802195014299
R4_LHS_03,physics,20260813,V52_B_E6_C10_1T,incremental_velocity,Z,0.0,0.5,1.9805167197452512e-05,1.9423034872875516e-05,0.019674182077006327
R4_LHS_03,physics,20260813,V52_B_E6_C10_1T,incremental_velocity,Z,0.5,1.0,6.8340819836171185e-06,6.5957857993296104e-06,0.03612855109875281
R4_LHS_03,physics,20260813,V52_B_E6_C10_1T,incremental_velocity,Z,1.0,2.0,2.8529549981658233e-06,2.9533133103047434e-06,0.033981600187405925
R4_LHS_03,physics,20260813,V52_B_E6_C10_1T,incremental_velocity,Z,2.0,5.0,3.936882828914096e-07,7.310780020812438e-07,0.4614961990777292
R4_LHS_03,physics,20260813,V52_B_E6_C10_1T,incremental_velocity,Z,5.0,10.0,8.664643352552773e-07,1.0399851614429587e-06,0.166849328837466
R4_LHS_03,physics,20260813,V52_B_E6_C10_1T,incremental_velocity,Z,10.0,20.0,1.420670693252027e-06,3.0679157706267643e-06,0.5369264349256274
R4_LHS_03,physics,20260813,V52_CPLUS_E6_C10_1T,total_displacement,X,0.0,0.5,2.8217191553886773e-06,2.823354459762783e-06,0.000579206188033121
R4_LHS_03,physics,20260813,V52_CPLUS_E6_C10_1T,total_displacement,X,0.5,1.0,6.806525904470423e-10,1.0684916139953097e-09,0.3629780697089962
R4_LHS_03,physics,20260813,V52_CPLUS_E6_C10_1T,total_displacement,X,1.0,2.0,4.889804104227817e-10,1.1238501705721047e-09,0.564906049554753
R4_LHS_03,physics,20260813,V52_CPLUS_E6_C10_1T,total_displacement,X,2.0,5.0,2.181239260357032e-10,1.591642690125294e-10,0.37043274466665943
R4_LHS_03,physics,20260813,V52_CPLUS_E6_C10_1T,total_displacement,X,5.0,10.0,1.4566968488490058e-10,7.849844909649198e-11,0.8557014382009035
R4_LHS_03,physics,20260813,V52_CPLUS_E6_C10_1T,total_displacement,X,10.0,20.0,2.6263287208630555e-10,7.012650091086141e-11,2.7451301387494174
R4_LHS_03,physics,20260813,V52_CPLUS_E6_C10_1T,incremental_velocity,X,0.0,0.5,8.054335112378325e-07,8.748596954657969e-07,0.07935693527520447
R4_LHS_03,physics,20260813,V52_CPLUS_E6_C10_1T,incremental_velocity,X,0.5,1.0,1.3952309334704347e-08,1.828811021022048e-08,0.2370830460707215
R4_LHS_03,physics,20260813,V52_CPLUS_E6_C10_1T,incremental_velocity,X,1.0,2.0,5.866072079930938e-08,8.551896000308268e-08,0.3140618080809817
R4_LHS_03,physics,20260813,V52_CPLUS_E6_C10_1T,incremental_velocity,X,2.0,5.0,4.07628384816454e-08,4.637817754595164e-08,0.12107718244733837
R4_LHS_03,physics,20260813,V52_CPLUS_E6_C10_1T,incremental_velocity,X,5.0,10.0,1.0279042336148536e-07,1.6179810904707365e-07,0.3646994766077306
R4_LHS_03,physics,20260813,V52_CPLUS_E6_C10_1T,incremental_velocity,X,10.0,20.0,2.2809942038660286e-07,3.3563776016605486e-07,0.3204000042374494
R4_LHS_03,physics,20260813,V52_CPLUS_E6_C10_1T,total_displacement,Y,0.0,0.5,0.00011802804239095067,0.0001149554309957113,0.02672871884890762
R4_LHS_03,physics,20260813,V52_CPLUS_E6_C10_1T,total_displacement,Y,0.5,1.0,2.259429942725102e-07,2.3114010996433175e-07,0.022484698534683337
R4_LHS_03,physics,20260813,V52_CPLUS_E6_C10_1T,total_displacement,Y,1.0,2.0,7.275419589567318e-08,1.2481468371386093e-07,0.41710226929338706
R4_LHS_03,physics,20260813,V52_CPLUS_E6_C10_1T,total_displacement,Y,2.0,5.0,6.842499422279204e-08,7.241526217417368e-08,0.055102582405684275
R4_LHS_03,physics,20260813,V52_CPLUS_E6_C10_1T,total_displacement,Y,5.0,10.0,2.7446654870228488e-08,1.8696424037044463e-08,0.46801628032433434
R4_LHS_03,physics,20260813,V52_CPLUS_E6_C10_1T,total_displacement,Y,10.0,20.0,2.8593128656705664e-08,1.699992224333981e-08,0.6819564376482848
R4_LHS_03,physics,20260813,V52_CPLUS_E6_C10_1T,incremental_velocity,Y,0.0,0.5,3.7244024317107306e-05,3.986874115034889e-05,0.06583395305468817
R4_LHS_03,physics,20260813,V52_CPLUS_E6_C10_1T,incremental_velocity,Y,0.5,1.0,2.0472367845821036e-06,2.4589055895017757e-06,0.1674195246361958
R4_LHS_03,physics,20260813,V52_CPLUS_E6_C10_1T,incremental_velocity,Y,1.0,2.0,3.1954402790819462e-06,6.440478337162711e-06,0.503850473241454
R4_LHS_03,physics,20260813,V52_CPLUS_E6_C10_1T,incremental_velocity,Y,2.0,5.0,2.085000945132748e-06,3.4160358069972352e-06,0.3896431235111946
R4_LHS_03,physics,20260813,V52_CPLUS_E6_C10_1T,incremental_velocity,Y,5.0,10.0,6.599021441565763e-06,7.407766502509526e-06,0.10917529064526872
R4_LHS_03,physics,20260813,V52_CPLUS_E6_C10_1T,incremental_velocity,Y,10.0,20.0,3.4534064267919727e-05,3.931034316785622e-05,0.12150183679500469
R4_LHS_03,physics,20260813,V52_CPLUS_E6_C10_1T,total_displacement,Z,0.0,0.5,0.00012009454591583883,0.00011598951680871922,0.035391380359737976
R4_LHS_03,physics,20260813,V52_CPLUS_E6_C10_1T,total_displacement,Z,0.5,1.0,9.664885498078908e-07,9.865774182321322e-07,0.02036218146999458
R4_LHS_03,physics,20260813,V52_CPLUS_E6_C10_1T,total_displacement,Z,1.0,2.0,3.340102849793357e-07,3.364642016458354e-07,0.007293247407885253
R4_LHS_03,physics,20260813,V52_CPLUS_E6_C10_1T,total_displacement,Z,2.0,5.0,2.685531880361327e-07,2.6807818406436755e-07,0.0017718859646225738
R4_LHS_03,physics,20260813,V52_CPLUS_E6_C10_1T,total_displacement,Z,5.0,10.0,8.485082228474216e-08,7.531051141389838e-08,0.12667967182444512
R4_LHS_03,physics,20260813,V52_CPLUS_E6_C10_1T,total_displacement,Z,10.0,20.0,7.27869574696801e-08,5.4086632702401855e-08,0.34574762437462325
R4_LHS_03,physics,20260813,V52_CPLUS_E6_C10_1T,incremental_velocity,Z,0.0,0.5,3.1482615091161775e-05,3.1182579740888156e-05,0.009621889938765959
R4_LHS_03,physics,20260813,V52_CPLUS_E6_C10_1T,incremental_velocity,Z,0.5,1.0,7.075650803977392e-06,6.567774392417415e-06,0.0773285410269768
R4_LHS_03,physics,20260813,V52_CPLUS_E6_C10_1T,incremental_velocity,Z,1.0,2.0,3.4327179447888486e-06,3.707598705384709e-06,0.07413983616852571
R4_LHS_03,physics,20260813,V52_CPLUS_E6_C10_1T,incremental_velocity,Z,2.0,5.0,6.316616573493508e-07,9.143738812720606e-07,0.30918667922732623
R4_LHS_03,physics,20260813,V52_CPLUS_E6_C10_1T,incremental_velocity,Z,5.0,10.0,1.7541239546395255e-06,2.3647450877506247e-06,0.258218586127577
R4_LHS_03,physics,20260813,V52_CPLUS_E6_C10_1T,incremental_velocity,Z,10.0,20.0,2.640569434508601e-06,6.3172194031864155e-06,0.5820044760236294
R4_LHS_03,physics,20260813,V52_C_E6_C10_1T,total_displacement,X,0.0,0.5,1.657052850778413e-06,1.7423511810573652e-06,0.048955877096595414
R4_LHS_03,physics,20260813,V52_C_E6_C10_1T,total_displacement,X,0.5,1.0,8.383435549982106e-10,1.8572364406865332e-09,0.548606985824425
R4_LHS_03,physics,20260813,V52_C_E6_C10_1T,total_displacement,X,1.0,2.0,4.4375694903299535e-10,7.11035734870038e-10,0.37590063723857065
R4_LHS_03,physics,20260813,V52_C_E6_C10_1T,total_displacement,X,2.0,5.0,1.5552544955353033e-10,1.181870311327044e-10,0.31592652817296907
R4_LHS_03,physics,20260813,V52_C_E6_C10_1T,total_displacement,X,5.0,10.0,9.854208215795605e-11,5.4740754779645314e-11,0.8001593612406259
R4_LHS_03,physics,20260813,V52_C_E6_C10_1T,total_displacement,X,10.0,20.0,1.863198368690043e-10,5.0937219081873954e-11,2.657832921140101
R4_LHS_03,physics,20260813,V52_C_E6_C10_1T,incremental_velocity,X,0.0,0.5,4.906526026659072e-07,5.375775028826948e-07,0.08728955353443643
R4_LHS_03,physics,20260813,V52_C_E6_C10_1T,incremental_velocity,X,0.5,1.0,2.2839944534614662e-08,3.824698445639763e-08,0.40283018754974836
R4_LHS_03,physics,20260813,V52_C_E6_C10_1T,incremental_velocity,X,1.0,2.0,3.488302630744535e-08,4.765398673132799e-08,0.2679935363201615
R4_LHS_03,physics,20260813,V52_C_E6_C10_1T,incremental_velocity,X,2.0,5.0,2.4761617092026646e-08,3.024031821695744e-08,0.18117207251670311
R4_LHS_03,physics,20260813,V52_C_E6_C10_1T,incremental_velocity,X,5.0,10.0,7.598434410444115e-08,1.0070149219078581e-07,0.2454496705919347
R4_LHS_03,physics,20260813,V52_C_E6_C10_1T,incremental_velocity,X,10.0,20.0,1.7457089787516196e-07,2.3415062335347032e-07,0.25445042436794063
R4_LHS_03,physics,20260813,V52_C_E6_C10_1T,total_displacement,Y,0.0,0.5,7.234114004317796e-05,7.508950861253048e-05,0.036601232584093535
R4_LHS_03,physics,20260813,V52_C_E6_C10_1T,total_displacement,Y,0.5,1.0,2.12900397949545e-07,2.8805617859550964e-07,0.26090667803900464
R4_LHS_03,physics,20260813,V52_C_E6_C10_1T,total_displacement,Y,1.0,2.0,6.693258295097761e-08,9.471103780604749e-08,0.29329691130568697
R4_LHS_03,physics,20260813,V52_C_E6_C10_1T,total_displacement,Y,2.0,5.0,6.816829790996001e-08,6.947374957679313e-08,0.018790574494473272
R4_LHS_03,physics,20260813,V52_C_E6_C10_1T,total_displacement,Y,5.0,10.0,2.1932109254817096e-08,1.7793132847394996e-08,0.2326165067681191
R4_LHS_03,physics,20260813,V52_C_E6_C10_1T,total_displacement,Y,10.0,20.0,2.22398262023086e-08,1.486491509955433e-08,0.49612870664665804
R4_LHS_03,physics,20260813,V52_C_E6_C10_1T,incremental_velocity,Y,0.0,0.5,2.2869380314072024e-05,2.5103877756392045e-05,0.08901005111654771
R4_LHS_03,physics,20260813,V52_C_E6_C10_1T,incremental_velocity,Y,0.5,1.0,2.5549920311526693e-06,3.904574604364337e-06,0.3456413847754817
R4_LHS_03,physics,20260813,V52_C_E6_C10_1T,incremental_velocity,Y,1.0,2.0,2.302122392666724e-06,3.978649937631036e-06,0.42138101397343547
R4_LHS_03,physics,20260813,V52_C_E6_C10_1T,incremental_velocity,Y,2.0,5.0,1.4558804075672307e-06,2.5419653720488676e-06,0.42726190388905017
R4_LHS_03,physics,20260813,V52_C_E6_C10_1T,incremental_velocity,Y,5.0,10.0,4.8449963010277406e-06,4.743217975990729e-06,0.021457652916689513
R4_LHS_03,physics,20260813,V52_C_E6_C10_1T,incremental_velocity,Y,10.0,20.0,2.509871496232524e-05,2.701514919509593e-05,0.07093924297551463
R4_LHS_03,physics,20260813,V52_C_E6_C10_1T,total_displacement,Z,0.0,0.5,9.215709785949062e-05,9.311557685920251e-05,0.01029343351608278
R4_LHS_03,physics,20260813,V52_C_E6_C10_1T,total_displacement,Z,0.5,1.0,1.0021590266715728e-06,1.003433392700133e-06,0.001270005600602094
R4_LHS_03,physics,20260813,V52_C_E6_C10_1T,total_displacement,Z,1.0,2.0,3.4392570214276974e-07,3.288911716159517e-07,0.04571278229497127
R4_LHS_03,physics,20260813,V52_C_E6_C10_1T,total_displacement,Z,2.0,5.0,2.757332282380852e-07,2.6825021143035283e-07,0.027895660427746626
R4_LHS_03,physics,20260813,V52_C_E6_C10_1T,total_displacement,Z,5.0,10.0,8.004510537604267e-08,7.488220817404459e-08,0.06894691446596017
R4_LHS_03,physics,20260813,V52_C_E6_C10_1T,total_displacement,Z,10.0,20.0,6.666728721481656e-08,5.386981290871641e-08,0.23756299892456934
R4_LHS_03,physics,20260813,V52_C_E6_C10_1T,incremental_velocity,Z,0.0,0.5,2.3802129788185306e-05,2.3565827949332272e-05,0.010027309006969541
R4_LHS_03,physics,20260813,V52_C_E6_C10_1T,incremental_velocity,Z,0.5,1.0,6.668185182249171e-06,6.6162182149891054e-06,0.007854482057791492
R4_LHS_03,physics,20260813,V52_C_E6_C10_1T,incremental_velocity,Z,1.0,2.0,2.886332651476136e-06,3.184872700829018e-06,0.09373688602221762
R4_LHS_03,physics,20260813,V52_C_E6_C10_1T,incremental_velocity,Z,2.0,5.0,5.237183602398558e-07,7.809180278467001e-07,0.3293555257214968
R4_LHS_03,physics,20260813,V52_C_E6_C10_1T,incremental_velocity,Z,5.0,10.0,1.1469681940265882e-06,1.3432868739661794e-06,0.14614799246860954
R4_LHS_03,physics,20260813,V52_C_E6_C10_1T,incremental_velocity,Z,10.0,20.0,2.011226974804724e-06,5.0645237379226454e-06,0.6028793468288324
R4_LHS_03,physics,20260813,V40_A_E7_C11_2T,total_displacement,X,0.0,0.5,3.2871771840930165e-07,3.589949948340548e-07,0.0843389931905563
R4_LHS_03,physics,20260813,V40_A_E7_C11_2T,total_displacement,X,0.5,1.0,1.7903543922626236e-08,1.858236096960659e-08,0.03653018301014773
R4_LHS_03,physics,20260813,V40_A_E7_C11_2T,total_displacement,X,1.0,2.0,5.2720197507876716e-05,5.274683024221083e-05,0.0005049162994594726
R4_LHS_03,physics,20260813,V40_A_E7_C11_2T,total_displacement,X,2.0,5.0,4.042466764886193e-06,4.028700953763011e-06,0.0034169354541750884
R4_LHS_03,physics,20260813,V40_A_E7_C11_2T,total_displacement,X,5.0,10.0,3.8182477885575395e-10,3.349218596800168e-10,0.14004137926544433
R4_LHS_03,physics,20260813,V40_A_E7_C11_2T,total_displacement,X,10.0,20.0,1.1642986603310345e-10,1.2790814132195961e-10,0.08973842610975023
R4_LHS_03,physics,20260813,V40_A_E7_C11_2T,incremental_velocity,X,0.0,0.5,1.533760867927167e-07,1.515850844901968e-07,0.011815161818481782
R4_LHS_03,physics,20260813,V40_A_E7_C11_2T,incremental_velocity,X,0.5,1.0,2.097921435426106e-08,2.805888885655997e-08,0.2523148560333576
R4_LHS_03,physics,20260813,V40_A_E7_C11_2T,incremental_velocity,X,1.0,2.0,1.4446730839089797e-07,5.352686325114587e-07,0.7301031676131231
R4_LHS_03,physics,20260813,V40_A_E7_C11_2T,incremental_velocity,X,2.0,5.0,4.565373026979894e-07,6.368113682670156e-07,0.28308864218240076
R4_LHS_03,physics,20260813,V40_A_E7_C11_2T,incremental_velocity,X,5.0,10.0,3.749796377041933e-07,4.327110531854497e-07,0.13341793572468344
R4_LHS_03,physics,20260813,V40_A_E7_C11_2T,incremental_velocity,X,10.0,20.0,3.189565375901668e-08,7.067056937428296e-08,0.5486713345962724
R4_LHS_03,physics,20260813,V40_A_E7_C11_2T,total_displacement,Y,0.0,0.5,0.00012032368011999813,0.00012850277444938495,0.06364916527625968
R4_LHS_03,physics,20260813,V40_A_E7_C11_2T,total_displacement,Y,0.5,1.0,4.6304566472197446e-08,1.1323166440006307e-07,0.5910634475123757
R4_LHS_03,physics,20260813,V40_A_E7_C11_2T,total_displacement,Y,1.0,2.0,4.079871431905584e-07,4.125473478089562e-07,0.01105377271873671
R4_LHS_03,physics,20260813,V40_A_E7_C11_2T,total_displacement,Y,2.0,5.0,1.534072578802615e-07,1.3925004880327337e-07,0.10166753404150569
R4_LHS_03,physics,20260813,V40_A_E7_C11_2T,total_displacement,Y,5.0,10.0,1.328643494789731e-08,4.907795169198301e-09,1.7072105680538572
R4_LHS_03,physics,20260813,V40_A_E7_C11_2T,total_displacement,Y,10.0,20.0,4.9264761991842495e-09,9.482576944382825e-10,4.195292617269546
R4_LHS_03,physics,20260813,V40_A_E7_C11_2T,incremental_velocity,Y,0.0,0.5,2.83927521982251e-05,2.9246308822151687e-05,0.029185106028836304
R4_LHS_03,physics,20260813,V40_A_E7_C11_2T,incremental_velocity,Y,0.5,1.0,1.3025157064971127e-06,1.8945906531916437e-06,0.3125081112889037
R4_LHS_03,physics,20260813,V40_A_E7_C11_2T,incremental_velocity,Y,1.0,2.0,2.691618618868383e-06,2.9767295510857184e-06,0.09577992468726135
R4_LHS_03,physics,20260813,V40_A_E7_C11_2T,incremental_velocity,Y,2.0,5.0,8.281896128537171e-07,6.445469189368276e-07,0.28491749556386964
R4_LHS_03,physics,20260813,V40_A_E7_C11_2T,incremental_velocity,Y,5.0,10.0,9.03873307595502e-06,8.608636197158605e-06,0.04996109359788889
R4_LHS_03,physics,20260813,V40_A_E7_C11_2T,incremental_velocity,Y,10.0,20.0,4.819344747214847e-06,5.467626918155754e-06,0.11856737495900217
R4_LHS_03,physics,20260813,V40_A_E7_C11_2T,total_displacement,Z,0.0,0.5,6.351513493236528e-05,6.541790348624124e-05,0.02908635790011448
R4_LHS_03,physics,20260813,V40_A_E7_C11_2T,total_displacement,Z,0.5,1.0,1.7324882592468005e-08,1.1082115275409785e-08,0.5633191102884806
R4_LHS_03,physics,20260813,V40_A_E7_C11_2T,total_displacement,Z,1.0,2.0,2.598294662375313e-07,2.3000213233287828e-07,0.12968285816361227
R4_LHS_03,physics,20260813,V40_A_E7_C11_2T,total_displacement,Z,2.0,5.0,4.622545439403598e-08,3.6907465336293163e-08,0.25246895100596134
R4_LHS_03,physics,20260813,V40_A_E7_C11_2T,total_displacement,Z,5.0,10.0,6.417398451849221e-09,5.2186417173021354e-09,0.22970665538748714
R4_LHS_03,physics,20260813,V40_A_E7_C11_2T,total_displacement,Z,10.0,20.0,2.7622486226595777e-09,3.481077972713859e-10,6.9350380666886355
R4_LHS_03,physics,20260813,V40_A_E7_C11_2T,incremental_velocity,Z,0.0,0.5,1.5486529151473066e-05,1.6931737435516783e-05,0.08535499026887705
R4_LHS_03,physics,20260813,V40_A_E7_C11_2T,incremental_velocity,Z,0.5,1.0,1.621540519991222e-07,1.5455410032734077e-07,0.049173406953843146
R4_LHS_03,physics,20260813,V40_A_E7_C11_2T,incremental_velocity,Z,1.0,2.0,2.1405207769362273e-06,1.9516201866824966e-06,0.0967916767528611
R4_LHS_03,physics,20260813,V40_A_E7_C11_2T,incremental_velocity,Z,2.0,5.0,2.593005056190478e-07,1.2046965347021933e-07,1.1524134763378242
R4_LHS_03,physics,20260813,V40_A_E7_C11_2T,incremental_velocity,Z,5.0,10.0,1.2023176577662519e-05,1.2373266567085554e-05,0.028294063457286064
R4_LHS_03,physics,20260813,V40_A_E7_C11_2T,incremental_velocity,Z,10.0,20.0,1.1421590741521244e-06,1.9500937494876986e-06,0.41430555610355835
R4_LHS_03,physics,20260813,V40_B_E7_C11_2T,total_displacement,X,0.0,0.5,5.447183185520606e-07,5.517095356604842e-07,0.012671916391754967
R4_LHS_03,physics,20260813,V40_B_E7_C11_2T,total_displacement,X,0.5,1.0,1.793982927980422e-08,1.9210870629503e-08,0.06616261044133954
R4_LHS_03,physics,20260813,V40_B_E7_C11_2T,total_displacement,X,1.0,2.0,5.273457792145418e-05,5.270650789076543e-05,0.0005325723864485519
R4_LHS_03,physics,20260813,V40_B_E7_C11_2T,total_displacement,X,2.0,5.0,4.025541485822362e-06,4.032792851222121e-06,0.001798100142327373
R4_LHS_03,physics,20260813,V40_B_E7_C11_2T,total_displacement,X,5.0,10.0,4.2274354658808395e-10,4.008450022117547e-10,0.05463095275106089
R4_LHS_03,physics,20260813,V40_B_E7_C11_2T,total_displacement,X,10.0,20.0,1.5185981399950727e-10,9.350603603419904e-11,0.6240642897530789
R4_LHS_03,physics,20260813,V40_B_E7_C11_2T,incremental_velocity,X,0.0,0.5,2.4423363380188456e-07,2.3420079380133865e-07,0.0428386250861997
R4_LHS_03,physics,20260813,V40_B_E7_C11_2T,incremental_velocity,X,0.5,1.0,2.9293706940221576e-08,4.1901224871147874e-08,0.30088662013332973
R4_LHS_03,physics,20260813,V40_B_E7_C11_2T,incremental_velocity,X,1.0,2.0,3.671781938243514e-07,2.0065087629718367e-07,0.829935660388168
R4_LHS_03,physics,20260813,V40_B_E7_C11_2T,incremental_velocity,X,2.0,5.0,4.7213834044340635e-07,6.586269761494942e-07,0.2831475819535198
R4_LHS_03,physics,20260813,V40_B_E7_C11_2T,incremental_velocity,X,5.0,10.0,4.759367415152941e-07,5.931528431972734e-07,0.197615341519985
R4_LHS_03,physics,20260813,V40_B_E7_C11_2T,incremental_velocity,X,10.0,20.0,4.675906714465447e-08,9.785650525994718e-08,0.5221670034052092
R4_LHS_03,physics,20260813,V40_B_E7_C11_2T,total_displacement,Y,0.0,0.5,0.00019920926377730726,0.00020078324707066545,0.007839216250966528
R4_LHS_03,physics,20260813,V40_B_E7_C11_2T,total_displacement,Y,0.5,1.0,5.659435842713754e-08,1.7687191032725366e-07,0.6800263064811988
R4_LHS_03,physics,20260813,V40_B_E7_C11_2T,total_displacement,Y,1.0,2.0,4.1197207686511373e-07,4.377919018553565e-07,0.05897739286820674
R4_LHS_03,physics,20260813,V40_B_E7_C11_2T,total_displacement,Y,2.0,5.0,1.5268039095761064e-07,1.4029507589801518e-07,0.08828046872150185
R4_LHS_03,physics,20260813,V40_B_E7_C11_2T,total_displacement,Y,5.0,10.0,1.4556667751101454e-08,6.743056783679676e-09,1.158763928302247
R4_LHS_03,physics,20260813,V40_B_E7_C11_2T,total_displacement,Y,10.0,20.0,5.279009479876469e-09,1.2452286652428813e-09,3.2393896215413585
R4_LHS_03,physics,20260813,V40_B_E7_C11_2T,incremental_velocity,Y,0.0,0.5,4.793894818177135e-05,4.570020885161855e-05,0.04898750763747352
R4_LHS_03,physics,20260813,V40_B_E7_C11_2T,incremental_velocity,Y,0.5,1.0,1.7579959578996858e-06,2.961135560152321e-06,0.40631020695004777
R4_LHS_03,physics,20260813,V40_B_E7_C11_2T,incremental_velocity,Y,1.0,2.0,3.6214780713338218e-06,4.624797816953495e-06,0.21694348279220396
R4_LHS_03,physics,20260813,V40_B_E7_C11_2T,incremental_velocity,Y,2.0,5.0,1.1745864202893065e-06,9.133953812304061e-07,0.28595616359156334
R4_LHS_03,physics,20260813,V40_B_E7_C11_2T,incremental_velocity,Y,5.0,10.0,1.3552854808753971e-05,1.3312504870826002e-05,0.018054448825381417
R4_LHS_03,physics,20260813,V40_B_E7_C11_2T,incremental_velocity,Y,10.0,20.0,7.648657452882792e-06,8.83012995190495e-06,0.13380012587099874
R4_LHS_03,physics,20260813,V40_B_E7_C11_2T,total_displacement,Z,0.0,0.5,0.00010159592414761342,0.00010217000048133508,0.00561883459936499
R4_LHS_03,physics,20260813,V40_B_E7_C11_2T,total_displacement,Z,0.5,1.0,2.346628928734552e-08,1.6269964677950458e-08,0.44230732837101583
R4_LHS_03,physics,20260813,V40_B_E7_C11_2T,total_displacement,Z,1.0,2.0,2.582328343424668e-07,2.394849561698083e-07,0.07828415810538521
R4_LHS_03,physics,20260813,V40_B_E7_C11_2T,total_displacement,Z,2.0,5.0,5.053193753896083e-08,3.7392927611261415e-08,0.3513768716986582
R4_LHS_03,physics,20260813,V40_B_E7_C11_2T,total_displacement,Z,5.0,10.0,7.689056484217404e-09,7.970675355399913e-09,0.035331870716791954
R4_LHS_03,physics,20260813,V40_B_E7_C11_2T,total_displacement,Z,10.0,20.0,2.6695931213037135e-09,4.428797208060783e-10,5.0278061872980535
R4_LHS_03,physics,20260813,V40_B_E7_C11_2T,incremental_velocity,Z,0.0,0.5,2.640550928315076e-05,2.6441246843768106e-05,0.0013515837898457337
R4_LHS_03,physics,20260813,V40_B_E7_C11_2T,incremental_velocity,Z,0.5,1.0,2.7218571471451387e-07,2.3555898292916075e-07,0.15548858009956606
R4_LHS_03,physics,20260813,V40_B_E7_C11_2T,incremental_velocity,Z,1.0,2.0,2.655474432332972e-06,2.953901644659611e-06,0.10102814792976225
R4_LHS_03,physics,20260813,V40_B_E7_C11_2T,incremental_velocity,Z,2.0,5.0,2.8070008400738915e-07,1.4503036139413918e-07,0.935457384985407
R4_LHS_03,physics,20260813,V40_B_E7_C11_2T,incremental_velocity,Z,5.0,10.0,1.7813929854305574e-05,1.9610279076875257e-05,0.09160243031359844
R4_LHS_03,physics,20260813,V40_B_E7_C11_2T,incremental_velocity,Z,10.0,20.0,1.5078487191086267e-06,3.118032968634263e-06,0.5164102707454428
R4_LHS_03,physics,20260813,V40_CPLUS_E7_C11_2T,total_displacement,X,0.0,0.5,1.1602295926743178e-06,1.26856605752845e-06,0.08540072801979609
R4_LHS_03,physics,20260813,V40_CPLUS_E7_C11_2T,total_displacement,X,0.5,1.0,1.752668587743975e-08,1.8278872178472833e-08,0.04115058597099543
R4_LHS_03,physics,20260813,V40_CPLUS_E7_C11_2T,total_displacement,X,1.0,2.0,5.273751910037455e-05,5.271690125978773e-05,0.0003911049415673456
R4_LHS_03,physics,20260813,V40_CPLUS_E7_C11_2T,total_displacement,X,2.0,5.0,4.035366197566513e-06,4.043483521659104e-06,0.002007507647579064
R4_LHS_03,physics,20260813,V40_CPLUS_E7_C11_2T,total_displacement,X,5.0,10.0,6.990442491444684e-10,6.555938039153219e-10,0.06627647328216463
R4_LHS_03,physics,20260813,V40_CPLUS_E7_C11_2T,total_displacement,X,10.0,20.0,2.5893377202648367e-10,8.970984563552656e-11,1.8863473144127414
R4_LHS_03,physics,20260813,V40_CPLUS_E7_C11_2T,incremental_velocity,X,0.0,0.5,6.245828781841451e-07,5.350854645039135e-07,0.16725816643740476
R4_LHS_03,physics,20260813,V40_CPLUS_E7_C11_2T,incremental_velocity,X,0.5,1.0,2.484388625991332e-08,3.2408600928260364e-08,0.2334168847674815
R4_LHS_03,physics,20260813,V40_CPLUS_E7_C11_2T,incremental_velocity,X,1.0,2.0,1.6395378421546427e-07,2.675301196155152e-07,0.38715766115945066
R4_LHS_03,physics,20260813,V40_CPLUS_E7_C11_2T,incremental_velocity,X,2.0,5.0,5.426240257122543e-07,8.882746021459756e-07,0.38912581266949064
R4_LHS_03,physics,20260813,V40_CPLUS_E7_C11_2T,incremental_velocity,X,5.0,10.0,1.0165758908880272e-06,1.2137291707087286e-06,0.1624359738388577
R4_LHS_03,physics,20260813,V40_CPLUS_E7_C11_2T,incremental_velocity,X,10.0,20.0,9.851791945378422e-08,1.6868577192489803e-07,0.41596781797550664
R4_LHS_03,physics,20260813,V40_CPLUS_E7_C11_2T,total_displacement,Y,0.0,0.5,0.0004516124576878312,0.0004695797690705568,0.03826253294150303
R4_LHS_03,physics,20260813,V40_CPLUS_E7_C11_2T,total_displacement,Y,0.5,1.0,5.71213560825697e-08,1.1871286856671262e-07,0.518827598286285
R4_LHS_03,physics,20260813,V40_CPLUS_E7_C11_2T,total_displacement,Y,1.0,2.0,4.317103915909718e-07,5.426438485382142e-07,0.2044314281753628
R4_LHS_03,physics,20260813,V40_CPLUS_E7_C11_2T,total_displacement,Y,2.0,5.0,1.6042619138757153e-07,1.4400857208725925e-07,0.11400445863989496
R4_LHS_03,physics,20260813,V40_CPLUS_E7_C11_2T,total_displacement,Y,5.0,10.0,3.3976586795227374e-08,1.3258385761508074e-08,1.5626488327009356
R4_LHS_03,physics,20260813,V40_CPLUS_E7_C11_2T,total_displacement,Y,10.0,20.0,1.4759603486206494e-08,2.430006188232559e-09,5.073895431904948
R4_LHS_03,physics,20260813,V40_CPLUS_E7_C11_2T,incremental_velocity,Y,0.0,0.5,0.00011717578222862436,0.0001069821220750582,0.09528377224013496
R4_LHS_03,physics,20260813,V40_CPLUS_E7_C11_2T,incremental_velocity,Y,0.5,1.0,1.686093350490113e-06,2.396275194436044e-06,0.29636906712339023
R4_LHS_03,physics,20260813,V40_CPLUS_E7_C11_2T,incremental_velocity,Y,1.0,2.0,8.07355825813647e-06,1.1444678915462195e-05,0.2945579061000316
R4_LHS_03,physics,20260813,V40_CPLUS_E7_C11_2T,incremental_velocity,Y,2.0,5.0,1.899658327284016e-06,1.8611976046506787e-06,0.020664502542466923
R4_LHS_03,physics,20260813,V40_CPLUS_E7_C11_2T,incremental_velocity,Y,5.0,10.0,2.7340464764209248e-05,2.8770090125694028e-05,0.049691375843414855
R4_LHS_03,physics,20260813,V40_CPLUS_E7_C11_2T,incremental_velocity,Y,10.0,20.0,1.6992642470596234e-05,2.0424764108782117e-05,0.16803727180918382
R4_LHS_03,physics,20260813,V40_CPLUS_E7_C11_2T,total_displacement,Z,0.0,0.5,0.00022658171482885537,0.00023888149377344062,0.05148904065482182
R4_LHS_03,physics,20260813,V40_CPLUS_E7_C11_2T,total_displacement,Z,0.5,1.0,2.716421612950134e-08,1.040433691648442e-08,1.6108551027853495
R4_LHS_03,physics,20260813,V40_CPLUS_E7_C11_2T,total_displacement,Z,1.0,2.0,2.736646142263871e-07,2.756341486296577e-07,0.007145465875916806
R4_LHS_03,physics,20260813,V40_CPLUS_E7_C11_2T,total_displacement,Z,2.0,5.0,5.0685672848206415e-08,3.82996114025883e-08,0.32339914145397997
R4_LHS_03,physics,20260813,V40_CPLUS_E7_C11_2T,total_displacement,Z,5.0,10.0,2.125951692605194e-08,1.9410180396662284e-08,0.09527662760453595
R4_LHS_03,physics,20260813,V40_CPLUS_E7_C11_2T,total_displacement,Z,10.0,20.0,9.720589139565555e-09,8.484670700899307e-10,10.456648681174215
R4_LHS_03,physics,20260813,V40_CPLUS_E7_C11_2T,incremental_velocity,Z,0.0,0.5,6.37880211752452e-05,6.198299568270011e-05,0.029121301296653565
R4_LHS_03,physics,20260813,V40_CPLUS_E7_C11_2T,incremental_velocity,Z,0.5,1.0,1.8091546117435507e-07,1.6948014659733254e-07,0.0674728858017315
R4_LHS_03,physics,20260813,V40_CPLUS_E7_C11_2T,incremental_velocity,Z,1.0,2.0,6.086838723753315e-06,7.022493867783503e-06,0.13323687590851635
R4_LHS_03,physics,20260813,V40_CPLUS_E7_C11_2T,incremental_velocity,Z,2.0,5.0,3.926273798745719e-07,3.332639953917099e-07,0.17812720637009652
R4_LHS_03,physics,20260813,V40_CPLUS_E7_C11_2T,incremental_velocity,Z,5.0,10.0,4.187333509755618e-05,4.914704897970806e-05,0.14799899552778983
R4_LHS_03,physics,20260813,V40_CPLUS_E7_C11_2T,incremental_velocity,Z,10.0,20.0,3.37792425639388e-06,7.677446298975652e-06,0.5600198132490262
R4_LHS_03,physics,20260813,V40_C_E7_C11_2T,total_displacement,X,0.0,0.5,7.264074418192662e-07,7.870557582224523e-07,0.07705720435888683
R4_LHS_03,physics,20260813,V40_C_E7_C11_2T,total_displacement,X,0.5,1.0,1.805377493168199e-08,2.0201835918791545e-08,0.10632998880618816
R4_LHS_03,physics,20260813,V40_C_E7_C11_2T,total_displacement,X,1.0,2.0,5.274321804156583e-05,5.2724404703390136e-05,0.0003568240984706936
R4_LHS_03,physics,20260813,V40_C_E7_C11_2T,total_displacement,X,2.0,5.0,4.032895044543e-06,4.038206911767642e-06,0.0013154024399202992
R4_LHS_03,physics,20260813,V40_C_E7_C11_2T,total_displacement,X,5.0,10.0,5.167635746992513e-10,4.826774220621035e-10,0.07061890836228531
R4_LHS_03,physics,20260813,V40_C_E7_C11_2T,total_displacement,X,10.0,20.0,1.7403271652097594e-10,9.286182628952674e-11,0.8741039614962204
R4_LHS_03,physics,20260813,V40_C_E7_C11_2T,incremental_velocity,X,0.0,0.5,3.6944720922641535e-07,3.3482815599402754e-07,0.10339349487981926
R4_LHS_03,physics,20260813,V40_C_E7_C11_2T,incremental_velocity,X,0.5,1.0,4.195172996482526e-08,5.987020667370151e-08,0.29928870642678257
R4_LHS_03,physics,20260813,V40_C_E7_C11_2T,incremental_velocity,X,1.0,2.0,1.8617146713324986e-07,3.487487266685538e-07,0.4661730555644874
R4_LHS_03,physics,20260813,V40_C_E7_C11_2T,incremental_velocity,X,2.0,5.0,4.893144874205062e-07,7.112434140801615e-07,0.31202949969901944
R4_LHS_03,physics,20260813,V40_C_E7_C11_2T,incremental_velocity,X,5.0,10.0,7.100842206321127e-07,8.967712002162967e-07,0.20817682318428166
R4_LHS_03,physics,20260813,V40_C_E7_C11_2T,incremental_velocity,X,10.0,20.0,5.968146488066768e-08,1.240350106479975e-07,0.5188337182471858
R4_LHS_03,physics,20260813,V40_C_E7_C11_2T,total_displacement,Y,0.0,0.5,0.0002789452762151058,0.0002891261355895066,0.03521251841741243
R4_LHS_03,physics,20260813,V40_C_E7_C11_2T,total_displacement,Y,0.5,1.0,6.470503378171084e-08,2.546080275245476e-07,0.745864125295608
R4_LHS_03,physics,20260813,V40_C_E7_C11_2T,total_displacement,Y,1.0,2.0,4.149149671669949e-07,4.697512660732449e-07,0.11673475489409282
R4_LHS_03,physics,20260813,V40_C_E7_C11_2T,total_displacement,Y,2.0,5.0,1.5682505641774026e-07,1.4143894559029235e-07,0.1087827031178316
R4_LHS_03,physics,20260813,V40_C_E7_C11_2T,total_displacement,Y,5.0,10.0,2.2644237932612676e-08,9.004493369364626e-09,1.514770904230284
R4_LHS_03,physics,20260813,V40_C_E7_C11_2T,total_displacement,Y,10.0,20.0,8.896005146333757e-09,1.6529879921131847e-09,4.381772395673049
R4_LHS_03,physics,20260813,V40_C_E7_C11_2T,incremental_velocity,Y,0.0,0.5,7.032164676403689e-05,6.58032333299222e-05,0.06866552303684544
R4_LHS_03,physics,20260813,V40_C_E7_C11_2T,incremental_velocity,Y,0.5,1.0,2.4346941457350937e-06,4.266016848359043e-06,0.4292816385215127
R4_LHS_03,physics,20260813,V40_C_E7_C11_2T,incremental_velocity,Y,1.0,2.0,4.768402041773641e-06,6.706875948269937e-06,0.28902784566879197
R4_LHS_03,physics,20260813,V40_C_E7_C11_2T,incremental_velocity,Y,2.0,5.0,1.25755901693538e-06,1.2011532883175814e-06,0.046959642175899395
R4_LHS_03,physics,20260813,V40_C_E7_C11_2T,incremental_velocity,Y,5.0,10.0,1.8264305996540223e-05,1.8857890297548963e-05,0.03147670771453637
R4_LHS_03,physics,20260813,V40_C_E7_C11_2T,incremental_velocity,Y,10.0,20.0,1.0146222507104617e-05,1.3156305605761487e-05,0.2287939478495146
R4_LHS_03,physics,20260813,V40_C_E7_C11_2T,total_displacement,Z,0.0,0.5,0.00014058003904433204,0.00014708873919223585,0.044250159350386016
R4_LHS_03,physics,20260813,V40_C_E7_C11_2T,total_displacement,Z,0.5,1.0,3.949201506844903e-08,2.2603112857207252e-08,0.7471936417756091
R4_LHS_03,physics,20260813,V40_C_E7_C11_2T,total_displacement,Z,1.0,2.0,2.5638402503994233e-07,2.5266261833970654e-07,0.014728758550393593
R4_LHS_03,physics,20260813,V40_C_E7_C11_2T,total_displacement,Z,2.0,5.0,4.9226525768052206e-08,3.734571286226683e-08,0.318130569621271
R4_LHS_03,physics,20260813,V40_C_E7_C11_2T,total_displacement,Z,5.0,10.0,1.3423545976321496e-08,1.2835434386872286e-08,0.04581937562243419
R4_LHS_03,physics,20260813,V40_C_E7_C11_2T,total_displacement,Z,10.0,20.0,5.6460190995601476e-09,5.843829110252762e-10,8.661506168369014
R4_LHS_03,physics,20260813,V40_C_E7_C11_2T,incremental_velocity,Z,0.0,0.5,3.822130831628264e-05,3.807050779036285e-05,0.003961085225082318
R4_LHS_03,physics,20260813,V40_C_E7_C11_2T,incremental_velocity,Z,0.5,1.0,3.368747914575923e-07,3.3538262242701277e-07,0.0044491542817017525
R4_LHS_03,physics,20260813,V40_C_E7_C11_2T,incremental_velocity,Z,1.0,2.0,3.4017297247056333e-06,4.365544933020856e-06,0.22077775469104718
R4_LHS_03,physics,20260813,V40_C_E7_C11_2T,incremental_velocity,Z,2.0,5.0,2.365093172727141e-07,2.02639657844808e-07,0.16714230466104144
R4_LHS_03,physics,20260813,V40_C_E7_C11_2T,incremental_velocity,Z,5.0,10.0,2.721272517442363e-05,3.207159356899276e-05,0.1515006849945477
R4_LHS_03,physics,20260813,V40_C_E7_C11_2T,incremental_velocity,Z,10.0,20.0,1.9369473626239483e-06,4.729604156303093e-06,0.59046311306146
R4_LHS_03,physics,20260813,V52_A_E7_C11_2T,total_displacement,X,0.0,0.5,2.729081129682291e-07,2.833566632881211e-07,0.03687420016400951
R4_LHS_03,physics,20260813,V52_A_E7_C11_2T,total_displacement,X,0.5,1.0,1.7926377776963578e-08,1.8791234265728994e-08,0.046024464201519746
R4_LHS_03,physics,20260813,V52_A_E7_C11_2T,total_displacement,X,1.0,2.0,5.274804309723585e-05,5.2759456659776116e-05,0.0002163320713074019
R4_LHS_03,physics,20260813,V52_A_E7_C11_2T,total_displacement,X,2.0,5.0,4.014573519942666e-06,4.01951698449875e-06,0.001229865323407814
R4_LHS_03,physics,20260813,V52_A_E7_C11_2T,total_displacement,X,5.0,10.0,2.78016249725968e-10,2.8427285192755476e-10,0.02200914423998952
R4_LHS_03,physics,20260813,V52_A_E7_C11_2T,total_displacement,X,10.0,20.0,2.020082727166952e-10,1.4101402952799247e-10,0.43254024718579415
R4_LHS_03,physics,20260813,V52_A_E7_C11_2T,incremental_velocity,X,0.0,0.5,1.6925889672351237e-07,1.8960023228182443e-07,0.10728539365962599
R4_LHS_03,physics,20260813,V52_A_E7_C11_2T,incremental_velocity,X,0.5,1.0,3.174456756300631e-08,3.844671867020831e-08,0.1743230980176048
R4_LHS_03,physics,20260813,V52_A_E7_C11_2T,incremental_velocity,X,1.0,2.0,2.788553637274445e-07,7.246364041702314e-08,2.8482108009292872
R4_LHS_03,physics,20260813,V52_A_E7_C11_2T,incremental_velocity,X,2.0,5.0,2.901426127350398e-07,3.8517126107328155e-07,0.2467179095175584
R4_LHS_03,physics,20260813,V52_A_E7_C11_2T,incremental_velocity,X,5.0,10.0,9.601343006799094e-08,1.5835253375007347e-07,0.3936729157770967
R4_LHS_03,physics,20260813,V52_A_E7_C11_2T,incremental_velocity,X,10.0,20.0,1.7682847722852264e-07,2.2276506253108424e-07,0.2062109056986963
R4_LHS_03,physics,20260813,V52_A_E7_C11_2T,total_displacement,Y,0.0,0.5,9.861121840608774e-05,0.00010258085827845579,0.03869766678684304
R4_LHS_03,physics,20260813,V52_A_E7_C11_2T,total_displacement,Y,0.5,1.0,5.75645481508673e-08,1.1954374695066312e-07,0.5184645820527547
R4_LHS_03,physics,20260813,V52_A_E7_C11_2T,total_displacement,Y,1.0,2.0,4.0978215392141635e-07,4.1012321860554396e-07,0.0008316151552873821
R4_LHS_03,physics,20260813,V52_A_E7_C11_2T,total_displacement,Y,2.0,5.0,1.6083556293801463e-07,1.4184427884822998e-07,0.13388826284706826
R4_LHS_03,physics,20260813,V52_A_E7_C11_2T,total_displacement,Y,5.0,10.0,7.069244632730295e-09,2.8724445751936495e-09,1.4610551910313927
R4_LHS_03,physics,20260813,V52_A_E7_C11_2T,total_displacement,Y,10.0,20.0,1.0867822485910785e-08,4.410713633017236e-09,1.4639601185072708
R4_LHS_03,physics,20260813,V52_A_E7_C11_2T,incremental_velocity,Y,0.0,0.5,3.364624950558915e-05,3.7630218256838056e-05,0.10587152920711397
R4_LHS_03,physics,20260813,V52_A_E7_C11_2T,incremental_velocity,Y,0.5,1.0,1.7971583993456018e-06,2.701706907707159e-06,0.3348063055178753
R4_LHS_03,physics,20260813,V52_A_E7_C11_2T,incremental_velocity,Y,1.0,2.0,3.3567733007839382e-06,3.570018454542174e-06,0.05973222729056806
R4_LHS_03,physics,20260813,V52_A_E7_C11_2T,incremental_velocity,Y,2.0,5.0,1.5231062136973166e-06,1.3468683152250138e-06,0.1308501332165199
R4_LHS_03,physics,20260813,V52_A_E7_C11_2T,incremental_velocity,Y,5.0,10.0,4.634059285725512e-06,4.40696354380638e-06,0.051531114260814824
R4_LHS_03,physics,20260813,V52_A_E7_C11_2T,incremental_velocity,Y,10.0,20.0,2.4841732504689376e-05,2.383210659606187e-05,0.042364106779983146
R4_LHS_03,physics,20260813,V52_A_E7_C11_2T,total_displacement,Z,0.0,0.5,5.039254221193569e-05,5.1315663448132524e-05,0.017989073397246074
R4_LHS_03,physics,20260813,V52_A_E7_C11_2T,total_displacement,Z,0.5,1.0,2.4765159308042948e-08,1.5243950721945317e-08,0.6245893049490656
R4_LHS_03,physics,20260813,V52_A_E7_C11_2T,total_displacement,Z,1.0,2.0,2.597774839648495e-07,2.2629572821596097e-07,0.14795575688877283
R4_LHS_03,physics,20260813,V52_A_E7_C11_2T,total_displacement,Z,2.0,5.0,5.0644992139335516e-08,3.730617063626482e-08,0.357550005148591
R4_LHS_03,physics,20260813,V52_A_E7_C11_2T,total_displacement,Z,5.0,10.0,4.595309062035136e-09,9.970013925368248e-10,3.6091300337530936
R4_LHS_03,physics,20260813,V52_A_E7_C11_2T,total_displacement,Z,10.0,20.0,6.179113257007723e-09,7.18347444277088e-10,7.6018448401749374
R4_LHS_03,physics,20260813,V52_A_E7_C11_2T,incremental_velocity,Z,0.0,0.5,2.219055634045367e-05,2.2028441996730062e-05,0.007359319544599247
R4_LHS_03,physics,20260813,V52_A_E7_C11_2T,incremental_velocity,Z,0.5,1.0,2.779547736466292e-07,2.835909723280498e-07,0.01987439386787254
R4_LHS_03,physics,20260813,V52_A_E7_C11_2T,incremental_velocity,Z,1.0,2.0,2.190332233115354e-06,1.2673409332947311e-06,0.7282896618995051
R4_LHS_03,physics,20260813,V52_A_E7_C11_2T,incremental_velocity,Z,2.0,5.0,3.0473129923035215e-07,2.1457694134251122e-07,0.42014932883182016
R4_LHS_03,physics,20260813,V52_A_E7_C11_2T,incremental_velocity,Z,5.0,10.0,1.4618255083282531e-06,1.3230948610344774e-06,0.10485313742758214
R4_LHS_03,physics,20260813,V52_A_E7_C11_2T,incremental_velocity,Z,10.0,20.0,2.2387206532914447e-06,4.009491921747998e-06,0.4416448026373773
R4_LHS_03,physics,20260813,V52_B_E7_C11_2T,total_displacement,X,0.0,0.5,4.043488490616396e-07,4.33058538268067e-07,0.0662951695196825
R4_LHS_03,physics,20260813,V52_B_E7_C11_2T,total_displacement,X,0.5,1.0,1.83833004254459e-08,1.9813236177082596e-08,0.07217073166930013
R4_LHS_03,physics,20260813,V52_B_E7_C11_2T,total_displacement,X,1.0,2.0,5.274249575279619e-05,5.2763027133673234e-05,0.00038912439244672656
R4_LHS_03,physics,20260813,V52_B_E7_C11_2T,total_displacement,X,2.0,5.0,4.034117567096459e-06,4.020173989530936e-06,0.0034684015174055007
R4_LHS_03,physics,20260813,V52_B_E7_C11_2T,total_displacement,X,5.0,10.0,2.922685360220209e-10,2.7684023139870155e-10,0.05572999468093819
R4_LHS_03,physics,20260813,V52_B_E7_C11_2T,total_displacement,X,10.0,20.0,2.5252242279892075e-10,1.3638412301396088e-10,0.8515529316639844
R4_LHS_03,physics,20260813,V52_B_E7_C11_2T,incremental_velocity,X,0.0,0.5,2.761204740290745e-07,2.9516211569800745e-07,0.06451248536385762
R4_LHS_03,physics,20260813,V52_B_E7_C11_2T,incremental_velocity,X,0.5,1.0,4.200286638252706e-08,5.8129709464859035e-08,0.27742858567151596
R4_LHS_03,physics,20260813,V52_B_E7_C11_2T,incremental_velocity,X,1.0,2.0,6.661744263450766e-08,1.92925798582098e-07,0.6546991479412789
R4_LHS_03,physics,20260813,V52_B_E7_C11_2T,incremental_velocity,X,2.0,5.0,2.6057249857686064e-07,6.064980593977717e-07,0.5703654866833396
R4_LHS_03,physics,20260813,V52_B_E7_C11_2T,incremental_velocity,X,5.0,10.0,1.2970779719602464e-07,2.0207800596705856e-07,0.35813006182786283
R4_LHS_03,physics,20260813,V52_B_E7_C11_2T,incremental_velocity,X,10.0,20.0,2.2595685949011588e-07,3.1340762949982157e-07,0.27903203935804466
R4_LHS_03,physics,20260813,V52_B_E7_C11_2T,total_displacement,Y,0.0,0.5,0.00014866539072443146,0.00016027949100869195,0.07246154957923252
R4_LHS_03,physics,20260813,V52_B_E7_C11_2T,total_displacement,Y,0.5,1.0,6.330551976052484e-08,1.866906990476296e-07,0.6609069434981655
R4_LHS_03,physics,20260813,V52_B_E7_C11_2T,total_displacement,Y,1.0,2.0,3.847132753099887e-07,4.34207507850694e-07,0.11398750976393608
R4_LHS_03,physics,20260813,V52_B_E7_C11_2T,total_displacement,Y,2.0,5.0,1.4990543265764471e-07,1.4401791865463164e-07,0.0408804269497317
R4_LHS_03,physics,20260813,V52_B_E7_C11_2T,total_displacement,Y,5.0,10.0,8.127894954359507e-09,3.6234821972858854e-09,1.2431171209969196
R4_LHS_03,physics,20260813,V52_B_E7_C11_2T,total_displacement,Y,10.0,20.0,1.3613461006780668e-08,6.468887821213739e-09,1.1044515507190251
R4_LHS_03,physics,20260813,V52_B_E7_C11_2T,incremental_velocity,Y,0.0,0.5,5.573892676080075e-05,5.87817761441085e-05,0.05176518273023849
R4_LHS_03,physics,20260813,V52_B_E7_C11_2T,incremental_velocity,Y,0.5,1.0,2.5329560120039326e-06,4.211174272405265e-06,0.39851550941462155
R4_LHS_03,physics,20260813,V52_B_E7_C11_2T,incremental_velocity,Y,1.0,2.0,3.906072818924429e-06,5.545800694639242e-06,0.29567017749120145
R4_LHS_03,physics,20260813,V52_B_E7_C11_2T,incremental_velocity,Y,2.0,5.0,1.7844241868527204e-06,2.071439111629934e-06,0.13855822416685606
R4_LHS_03,physics,20260813,V52_B_E7_C11_2T,incremental_velocity,Y,5.0,10.0,6.398502077736247e-06,6.724340528504327e-06,0.048456566021137425
R4_LHS_03,physics,20260813,V52_B_E7_C11_2T,incremental_velocity,Y,10.0,20.0,3.192597604239273e-05,3.506007506279284e-05,0.0893922507235628
R4_LHS_03,physics,20260813,V52_B_E7_C11_2T,total_displacement,Z,0.0,0.5,7.418372868071648e-05,8.01350613041927e-05,0.07426627654136259
R4_LHS_03,physics,20260813,V52_B_E7_C11_2T,total_displacement,Z,0.5,1.0,3.7286311153994465e-08,2.2849364313846448e-08,0.6318314436169848
R4_LHS_03,physics,20260813,V52_B_E7_C11_2T,total_displacement,Z,1.0,2.0,2.4044241896975826e-07,2.3422463014361968e-07,0.026546263825140932
R4_LHS_03,physics,20260813,V52_B_E7_C11_2T,total_displacement,Z,2.0,5.0,4.4749294893174684e-08,3.762905340544943e-08,0.18922191347747533
R4_LHS_03,physics,20260813,V52_B_E7_C11_2T,total_displacement,Z,5.0,10.0,4.2403934725648725e-09,1.3175326610545702e-09,2.218435184119691
R4_LHS_03,physics,20260813,V52_B_E7_C11_2T,total_displacement,Z,10.0,20.0,8.40297541096863e-09,9.95928011630047e-10,7.437332129272458
R4_LHS_03,physics,20260813,V52_B_E7_C11_2T,incremental_velocity,Z,0.0,0.5,3.482577132329994e-05,3.440835348669567e-05,0.012131293546657786
R4_LHS_03,physics,20260813,V52_B_E7_C11_2T,incremental_velocity,Z,0.5,1.0,4.814221337907727e-07,4.387485808544908e-07,0.09726197370980072
R4_LHS_03,physics,20260813,V52_B_E7_C11_2T,incremental_velocity,Z,1.0,2.0,1.6988618891191573e-06,1.9924878314785702e-06,0.14736649214139552
R4_LHS_03,physics,20260813,V52_B_E7_C11_2T,incremental_velocity,Z,2.0,5.0,2.80726995857878e-07,3.147491653562275e-07,0.1080929617711419
R4_LHS_03,physics,20260813,V52_B_E7_C11_2T,incremental_velocity,Z,5.0,10.0,2.027550215278883e-06,2.17132436991446e-06,0.06621495923303297
R4_LHS_03,physics,20260813,V52_B_E7_C11_2T,incremental_velocity,Z,10.0,20.0,2.9257665818649513e-06,6.127963907012132e-06,0.5225548605929218
R4_LHS_03,physics,20260813,V52_CPLUS_E7_C11_2T,total_displacement,X,0.0,0.5,9.417365922182228e-07,9.887364152913465e-07,0.047535240278648506
R4_LHS_03,physics,20260813,V52_CPLUS_E7_C11_2T,total_displacement,X,0.5,1.0,1.8704295228022598e-08,1.9453249513604773e-08,0.03850021483857431
R4_LHS_03,physics,20260813,V52_CPLUS_E7_C11_2T,total_displacement,X,1.0,2.0,5.275574400882898e-05,5.274083311925347e-05,0.000282720023435982
R4_LHS_03,physics,20260813,V52_CPLUS_E7_C11_2T,total_displacement,X,2.0,5.0,4.035344407122145e-06,4.030543208437523e-06,0.0011912038741008976
R4_LHS_03,physics,20260813,V52_CPLUS_E7_C11_2T,total_displacement,X,5.0,10.0,4.102470918717083e-10,3.6942942382355815e-10,0.11048840567622167
R4_LHS_03,physics,20260813,V52_CPLUS_E7_C11_2T,total_displacement,X,10.0,20.0,5.279045223846468e-10,2.1437435557574895e-10,1.4625357868334783
R4_LHS_03,physics,20260813,V52_CPLUS_E7_C11_2T,incremental_velocity,X,0.0,0.5,6.310595419560026e-07,6.887876836678088e-07,0.0838112281630859
R4_LHS_03,physics,20260813,V52_CPLUS_E7_C11_2T,incremental_velocity,X,0.5,1.0,3.689045980895252e-08,4.422790072747505e-08,0.1659007277721504
R4_LHS_03,physics,20260813,V52_CPLUS_E7_C11_2T,incremental_velocity,X,1.0,2.0,1.8809692352670569e-07,2.278558026502941e-07,0.17449140491984352
R4_LHS_03,physics,20260813,V52_CPLUS_E7_C11_2T,incremental_velocity,X,2.0,5.0,2.5587613015734773e-07,5.620536958193221e-07,0.5447478914192538
R4_LHS_03,physics,20260813,V52_CPLUS_E7_C11_2T,incremental_velocity,X,5.0,10.0,2.664754438867676e-07,4.196277479700337e-07,0.36497182282188584
R4_LHS_03,physics,20260813,V52_CPLUS_E7_C11_2T,incremental_velocity,X,10.0,20.0,4.799801113951177e-07,6.355971509456375e-07,0.24483596145607908
R4_LHS_03,physics,20260813,V52_CPLUS_E7_C11_2T,total_displacement,Y,0.0,0.5,0.00035773385812818884,0.00037483146633921264,0.04561412193593937
R4_LHS_03,physics,20260813,V52_CPLUS_E7_C11_2T,total_displacement,Y,0.5,1.0,8.864925780774689e-08,1.3867238330711607e-07,0.360728822180719
R4_LHS_03,physics,20260813,V52_CPLUS_E7_C11_2T,total_displacement,Y,1.0,2.0,4.1360539452978213e-07,5.304567989745998e-07,0.22028448814436435
R4_LHS_03,physics,20260813,V52_CPLUS_E7_C11_2T,total_displacement,Y,2.0,5.0,1.5366183650876973e-07,1.5330505201321492e-07,0.0023272846580689515
R4_LHS_03,physics,20260813,V52_CPLUS_E7_C11_2T,total_displacement,Y,5.0,10.0,1.755328778804838e-08,6.318884277419893e-09,1.7779093614317119
R4_LHS_03,physics,20260813,V52_CPLUS_E7_C11_2T,total_displacement,Y,10.0,20.0,3.558076453970297e-08,1.3183964035209637e-08,1.6987910801849515
R4_LHS_03,physics,20260813,V52_CPLUS_E7_C11_2T,incremental_velocity,Y,0.0,0.5,0.00013009159804768517,0.00013792154768801026,0.05677103956255673
R4_LHS_03,physics,20260813,V52_CPLUS_E7_C11_2T,incremental_velocity,Y,0.5,1.0,2.3490144268209713e-06,2.7952671502025576e-06,0.15964582252871565
R4_LHS_03,physics,20260813,V52_CPLUS_E7_C11_2T,incremental_velocity,Y,1.0,2.0,9.450983449750475e-06,1.3807277639585701e-05,0.31550710455373593
R4_LHS_03,physics,20260813,V52_CPLUS_E7_C11_2T,incremental_velocity,Y,2.0,5.0,3.411660786351723e-06,4.711567717268227e-06,0.2758969007602828
R4_LHS_03,physics,20260813,V52_CPLUS_E7_C11_2T,incremental_velocity,Y,5.0,10.0,1.3377872903485463e-05,1.4468267263187268e-05,0.07536454365037752
R4_LHS_03,physics,20260813,V52_CPLUS_E7_C11_2T,incremental_velocity,Y,10.0,20.0,6.80177805501702e-05,7.442598540347162e-05,0.08610171324654718
R4_LHS_03,physics,20260813,V52_CPLUS_E7_C11_2T,total_displacement,Z,0.0,0.5,0.00017801701475440973,0.00018732972860546236,0.049712952238703464
R4_LHS_03,physics,20260813,V52_CPLUS_E7_C11_2T,total_displacement,Z,0.5,1.0,4.919657852713975e-08,2.5995922742591116e-08,0.8924728702373476
R4_LHS_03,physics,20260813,V52_CPLUS_E7_C11_2T,total_displacement,Z,1.0,2.0,2.688946678937532e-07,2.6812851823731526e-07,0.0028573971223747646
R4_LHS_03,physics,20260813,V52_CPLUS_E7_C11_2T,total_displacement,Z,2.0,5.0,4.622858384743513e-08,3.899658460798458e-08,0.185452118747081
R4_LHS_03,physics,20260813,V52_CPLUS_E7_C11_2T,total_displacement,Z,5.0,10.0,9.711147684870062e-09,2.3980634683576207e-09,3.0495790928840623
R4_LHS_03,physics,20260813,V52_CPLUS_E7_C11_2T,total_displacement,Z,10.0,20.0,2.1685922857154708e-08,1.8534908468454324e-09,10.700043134317758
R4_LHS_03,physics,20260813,V52_CPLUS_E7_C11_2T,incremental_velocity,Z,0.0,0.5,8.153349129487615e-05,8.066653051474845e-05,0.010747465827468444
R4_LHS_03,physics,20260813,V52_CPLUS_E7_C11_2T,incremental_velocity,Z,0.5,1.0,4.0486111023230375e-07,3.9458020124481255e-07,0.02605530879414939
R4_LHS_03,physics,20260813,V52_CPLUS_E7_C11_2T,incremental_velocity,Z,1.0,2.0,4.211356744039518e-06,5.24895562989606e-06,0.1976772064802324
R4_LHS_03,physics,20260813,V52_CPLUS_E7_C11_2T,incremental_velocity,Z,2.0,5.0,4.78472728282347e-07,7.055817280947345e-07,0.32187483146090595
R4_LHS_03,physics,20260813,V52_CPLUS_E7_C11_2T,incremental_velocity,Z,5.0,10.0,4.316554788249916e-06,5.045968727213124e-06,0.14455379698043863
R4_LHS_03,physics,20260813,V52_CPLUS_E7_C11_2T,incremental_velocity,Z,10.0,20.0,6.550049714169025e-06,1.2247763478272272e-05,0.4652044248087483
R4_LHS_03,physics,20260813,V52_C_E7_C11_2T,total_displacement,X,0.0,0.5,6.049428601977094e-07,6.151613970220721e-07,0.016611147698521837
R4_LHS_03,physics,20260813,V52_C_E7_C11_2T,total_displacement,X,0.5,1.0,1.934414279974775e-08,2.0937709251640474e-08,0.07610987585797467
R4_LHS_03,physics,20260813,V52_C_E7_C11_2T,total_displacement,X,1.0,2.0,5.271986873567066e-05,5.275833627651545e-05,0.0007291272538082284
R4_LHS_03,physics,20260813,V52_C_E7_C11_2T,total_displacement,X,2.0,5.0,4.038410111797993e-06,4.026479853204355e-06,0.002962950027961454
R4_LHS_03,physics,20260813,V52_C_E7_C11_2T,total_displacement,X,5.0,10.0,3.4792479523987274e-10,2.9216290782848493e-10,0.19085888700191536
R4_LHS_03,physics,20260813,V52_C_E7_C11_2T,total_displacement,X,10.0,20.0,3.5919857366284255e-10,1.5579054603747516e-10,1.3056506495358065
R4_LHS_03,physics,20260813,V52_C_E7_C11_2T,incremental_velocity,X,0.0,0.5,3.8752855150052957e-07,4.280406123727462e-07,0.09464536705441844
R4_LHS_03,physics,20260813,V52_C_E7_C11_2T,incremental_velocity,X,0.5,1.0,5.98399850015573e-08,8.411193932123213e-08,0.2885672892046604
R4_LHS_03,physics,20260813,V52_C_E7_C11_2T,incremental_velocity,X,1.0,2.0,1.3536388375822225e-07,1.4238073660959606e-07,0.049282318791578
R4_LHS_03,physics,20260813,V52_C_E7_C11_2T,incremental_velocity,X,2.0,5.0,3.442881827091944e-07,5.507892145888435e-07,0.3749184377798669
R4_LHS_03,physics,20260813,V52_C_E7_C11_2T,incremental_velocity,X,5.0,10.0,2.0102149547320221e-07,2.826512607943723e-07,0.2888002872930944
R4_LHS_03,physics,20260813,V52_C_E7_C11_2T,incremental_velocity,X,10.0,20.0,3.588799083757898e-07,4.0569031341265725e-07,0.11538457658281125
R4_LHS_03,physics,20260813,V52_C_E7_C11_2T,total_displacement,Y,0.0,0.5,0.00022427184969991878,0.00023079862437125296,0.028279088270628038
R4_LHS_03,physics,20260813,V52_C_E7_C11_2T,total_displacement,Y,0.5,1.0,1.573735226027817e-07,2.687848889227531e-07,0.4145001110980991
R4_LHS_03,physics,20260813,V52_C_E7_C11_2T,total_displacement,Y,1.0,2.0,4.142258629875956e-07,4.6322998027674417e-07,0.10578787940252134
R4_LHS_03,physics,20260813,V52_C_E7_C11_2T,total_displacement,Y,2.0,5.0,1.5801354011905374e-07,1.4707619284361858e-07,0.07436517810237643
R4_LHS_03,physics,20260813,V52_C_E7_C11_2T,total_displacement,Y,5.0,10.0,1.2181734523874538e-08,4.564683103239587e-09,1.6686922724666422
R4_LHS_03,physics,20260813,V52_C_E7_C11_2T,total_displacement,Y,10.0,20.0,2.3633728360406376e-08,8.56507050962226e-09,1.7593150965722382
R4_LHS_03,physics,20260813,V52_C_E7_C11_2T,incremental_velocity,Y,0.0,0.5,7.760900667770419e-05,8.465068814991005e-05,0.08318516513103313
R4_LHS_03,physics,20260813,V52_C_E7_C11_2T,incremental_velocity,Y,0.5,1.0,3.803042614303058e-06,6.074081721119853e-06,0.37389011394434996
R4_LHS_03,physics,20260813,V52_C_E7_C11_2T,incremental_velocity,Y,1.0,2.0,6.126496224520734e-06,7.98096714434287e-06,0.23236167826309564
R4_LHS_03,physics,20260813,V52_C_E7_C11_2T,incremental_velocity,Y,2.0,5.0,2.731089988440234e-06,3.1381259274048515e-06,0.12970669386146194
R4_LHS_03,physics,20260813,V52_C_E7_C11_2T,incremental_velocity,Y,5.0,10.0,9.574943612761814e-06,9.33531039585998e-06,0.02566954999247879
R4_LHS_03,physics,20260813,V52_C_E7_C11_2T,incremental_velocity,Y,10.0,20.0,4.964903297424836e-05,4.717127854095079e-05,0.05252676013745434
R4_LHS_03,physics,20260813,V52_C_E7_C11_2T,total_displacement,Z,0.0,0.5,0.00011521776594046384,0.0001153589872756763,0.0012241901437204652
R4_LHS_03,physics,20260813,V52_C_E7_C11_2T,total_displacement,Z,0.5,1.0,5.043717525785987e-08,3.217854902141788e-08,0.5674160828161996
R4_LHS_03,physics,20260813,V52_C_E7_C11_2T,total_displacement,Z,1.0,2.0,2.5598375217855094e-07,2.429839856678148e-07,0.05350050734828362
R4_LHS_03,physics,20260813,V52_C_E7_C11_2T,total_displacement,Z,2.0,5.0,4.742524089787722e-08,3.829068208725694e-08,0.23855826829630283
R4_LHS_03,physics,20260813,V52_C_E7_C11_2T,total_displacement,Z,5.0,10.0,5.998970779839711e-09,1.6964078154286638e-09,2.5362786738422542
R4_LHS_03,physics,20260813,V52_C_E7_C11_2T,total_displacement,Z,10.0,20.0,1.276870348653123e-08,1.1549830624236413e-09,10.055316655239174
R4_LHS_03,physics,20260813,V52_C_E7_C11_2T,incremental_velocity,Z,0.0,0.5,4.716588390632928e-05,4.954128677667973e-05,0.047947944530754606
R4_LHS_03,physics,20260813,V52_C_E7_C11_2T,incremental_velocity,Z,0.5,1.0,6.171061989324827e-07,6.247316209877684e-07,0.01220591658739644
R4_LHS_03,physics,20260813,V52_C_E7_C11_2T,incremental_velocity,Z,1.0,2.0,2.576942223838438e-06,2.842189702788514e-06,0.09332504395812781
R4_LHS_03,physics,20260813,V52_C_E7_C11_2T,incremental_velocity,Z,2.0,5.0,4.093839645890448e-07,5.076818627403288e-07,0.19362105555770434
R4_LHS_03,physics,20260813,V52_C_E7_C11_2T,incremental_velocity,Z,5.0,10.0,2.9800222353791317e-06,3.1465383623684884e-06,0.05292041850842568
R4_LHS_03,physics,20260813,V52_C_E7_C11_2T,incremental_velocity,Z,10.0,20.0,5.207265139872e-06,7.0076627030479045e-06,0.25691841052692815
R4_LHS_03,physics,20260813,V40_A_E8_C12_2T,total_displacement,X,0.0,0.5,3.408060786527157e-07,3.5897081156233154e-07,0.0506022560178593
R4_LHS_03,physics,20260813,V40_A_E8_C12_2T,total_displacement,X,0.5,1.0,9.73685845615613e-10,1.815525402325649e-09,0.46368921945771596
R4_LHS_03,physics,20260813,V40_A_E8_C12_2T,total_displacement,X,1.0,2.0,3.8366312370586317e-10,7.877683795323649e-10,0.5129747097317954
R4_LHS_03,physics,20260813,V40_A_E8_C12_2T,total_displacement,X,2.0,5.0,3.235175890018269e-10,1.0319565274123466e-10,2.1349924188478586
R4_LHS_03,physics,20260813,V40_A_E8_C12_2T,total_displacement,X,5.0,10.0,2.0956143482503037e-10,1.6769236738035212e-10,0.24967783625901566
R4_LHS_03,physics,20260813,V40_A_E8_C12_2T,total_displacement,X,10.0,20.0,8.971296277906229e-11,2.4425852410200484e-11,2.672869272787272
R4_LHS_03,physics,20260813,V40_A_E8_C12_2T,incremental_velocity,X,0.0,0.5,1.7104696420646937e-07,1.5073588025657334e-07,0.13474617931260796
R4_LHS_03,physics,20260813,V40_A_E8_C12_2T,incremental_velocity,X,0.5,1.0,1.9947291349448247e-08,2.6012601875455477e-08,0.23316816038038207
R4_LHS_03,physics,20260813,V40_A_E8_C12_2T,incremental_velocity,X,1.0,2.0,3.405205036437984e-08,4.115259387955236e-08,0.17254182168819726
R4_LHS_03,physics,20260813,V40_A_E8_C12_2T,incremental_velocity,X,2.0,5.0,1.1942390531011996e-08,1.195386576615102e-08,0.000959960180539813
R4_LHS_03,physics,20260813,V40_A_E8_C12_2T,incremental_velocity,X,5.0,10.0,2.9007882775718556e-07,3.376335406335799e-07,0.14084712314764833
R4_LHS_03,physics,20260813,V40_A_E8_C12_2T,incremental_velocity,X,10.0,20.0,2.7524759392800398e-08,3.9833055030470486e-08,0.30899702842914756
R4_LHS_03,physics,20260813,V40_A_E8_C12_2T,total_displacement,Y,0.0,0.5,0.00012390370706108795,0.00012850600449596395,0.03581387074423083
R4_LHS_03,physics,20260813,V40_A_E8_C12_2T,total_displacement,Y,0.5,1.0,3.528795017688245e-08,1.1324124668414575e-07,0.6883825354262644
R4_LHS_03,physics,20260813,V40_A_E8_C12_2T,total_displacement,Y,1.0,2.0,3.0077234247462734e-08,5.921885618567716e-08,0.4921003851685792
R4_LHS_03,physics,20260813,V40_A_E8_C12_2T,total_displacement,Y,2.0,5.0,2.164661860436123e-08,2.308532639173703e-08,0.062321310210747556
R4_LHS_03,physics,20260813,V40_A_E8_C12_2T,total_displacement,Y,5.0,10.0,9.327139231654001e-09,4.849826363663089e-09,0.9231903437897897
R4_LHS_03,physics,20260813,V40_A_E8_C12_2T,total_displacement,Y,10.0,20.0,2.793127195960899e-09,9.691796195844726e-10,1.8819499910227462
R4_LHS_03,physics,20260813,V40_A_E8_C12_2T,incremental_velocity,Y,0.0,0.5,3.1065303897733606e-05,2.924806687692478e-05,0.06213186767028807
R4_LHS_03,physics,20260813,V40_A_E8_C12_2T,incremental_velocity,Y,0.5,1.0,1.220616258577921e-06,1.8949455927757046e-06,0.3558568313352101
R4_LHS_03,physics,20260813,V40_A_E8_C12_2T,incremental_velocity,Y,1.0,2.0,2.10153172034198e-06,2.85836774399513e-06,0.2647790947274416
R4_LHS_03,physics,20260813,V40_A_E8_C12_2T,incremental_velocity,Y,2.0,5.0,5.431468210043706e-07,1.1487585862370594e-06,0.5271880206061971
R4_LHS_03,physics,20260813,V40_A_E8_C12_2T,incremental_velocity,Y,5.0,10.0,8.7317663972088e-06,8.408025850609544e-06,0.03850375252780486
R4_LHS_03,physics,20260813,V40_A_E8_C12_2T,incremental_velocity,Y,10.0,20.0,4.7252898497816575e-06,5.6039897161412855e-06,0.15679897909674798
R4_LHS_03,physics,20260813,V40_A_E8_C12_2T,total_displacement,Z,0.0,0.5,6.290374693714704e-05,6.541942386287185e-05,0.03845458698930177
R4_LHS_03,physics,20260813,V40_A_E8_C12_2T,total_displacement,Z,0.5,1.0,1.4580059908957861e-08,1.1044852178740062e-08,0.32007741461878736
R4_LHS_03,physics,20260813,V40_A_E8_C12_2T,total_displacement,Z,1.0,2.0,6.248995876404744e-08,6.216437354331506e-08,0.00523748896955455
R4_LHS_03,physics,20260813,V40_A_E8_C12_2T,total_displacement,Z,2.0,5.0,1.7834311963668788e-08,1.6750706873008474e-08,0.06469011122189705
R4_LHS_03,physics,20260813,V40_A_E8_C12_2T,total_displacement,Z,5.0,10.0,4.632650113509095e-09,5.323277930956364e-09,0.1297373209523916
R4_LHS_03,physics,20260813,V40_A_E8_C12_2T,total_displacement,Z,10.0,20.0,1.3901228228884457e-09,3.654745195189175e-10,2.803610781726442
R4_LHS_03,physics,20260813,V40_A_E8_C12_2T,incremental_velocity,Z,0.0,0.5,1.720949277537725e-05,1.6933831051048445e-05,0.016278757210804788
R4_LHS_03,physics,20260813,V40_A_E8_C12_2T,incremental_velocity,Z,0.5,1.0,1.6924080858913602e-07,1.5735735234216587e-07,0.07551891328935274
R4_LHS_03,physics,20260813,V40_A_E8_C12_2T,incremental_velocity,Z,1.0,2.0,1.2539185431234381e-06,1.463148531344219e-06,0.14299982793172594
R4_LHS_03,physics,20260813,V40_A_E8_C12_2T,incremental_velocity,Z,2.0,5.0,9.831789586186765e-08,3.180916780083076e-07,0.6909133351822556
R4_LHS_03,physics,20260813,V40_A_E8_C12_2T,incremental_velocity,Z,5.0,10.0,1.1537397663349305e-05,1.267071031684186e-05,0.08944349804810552
R4_LHS_03,physics,20260813,V40_A_E8_C12_2T,incremental_velocity,Z,10.0,20.0,9.120188066170152e-07,2.022918337331725e-06,0.5491568839995842
R4_LHS_03,physics,20260813,V40_B_E8_C12_2T,total_displacement,X,0.0,0.5,6.181752831892599e-07,5.51632985359554e-07,0.12062784422931787
R4_LHS_03,physics,20260813,V40_B_E8_C12_2T,total_displacement,X,0.5,1.0,1.4383283582574633e-09,2.642572884540988e-09,0.4557091058219575
R4_LHS_03,physics,20260813,V40_B_E8_C12_2T,total_displacement,X,1.0,2.0,5.446422977711236e-10,1.0699874532512675e-09,0.49098253805110365
R4_LHS_03,physics,20260813,V40_B_E8_C12_2T,total_displacement,X,2.0,5.0,3.278658751191593e-10,1.1961529313068995e-10,1.7410029816249144
R4_LHS_03,physics,20260813,V40_B_E8_C12_2T,total_displacement,X,5.0,10.0,2.9795838349576085e-10,2.4087805968242173e-10,0.23696771673017844
R4_LHS_03,physics,20260813,V40_B_E8_C12_2T,total_displacement,X,10.0,20.0,1.1325094398966802e-10,2.6725713269651446e-11,3.237527464543701
R4_LHS_03,physics,20260813,V40_B_E8_C12_2T,incremental_velocity,X,0.0,0.5,2.529254437196325e-07,2.3332361867723952e-07,0.08401131935772217
R4_LHS_03,physics,20260813,V40_B_E8_C12_2T,incremental_velocity,X,0.5,1.0,3.1010905860980356e-08,3.950719119044195e-08,0.2150566788842512
R4_LHS_03,physics,20260813,V40_B_E8_C12_2T,incremental_velocity,X,1.0,2.0,6.048069616224968e-08,6.138719007816912e-08,0.014766825371305053
R4_LHS_03,physics,20260813,V40_B_E8_C12_2T,incremental_velocity,X,2.0,5.0,1.6038780343622855e-08,1.850243655299806e-08,0.13315306891167275
R4_LHS_03,physics,20260813,V40_B_E8_C12_2T,incremental_velocity,X,5.0,10.0,5.157666598463344e-07,5.205405058109968e-07,0.009170940419371878
R4_LHS_03,physics,20260813,V40_B_E8_C12_2T,incremental_velocity,X,10.0,20.0,4.720211914043005e-08,6.317863404793007e-08,0.2528784477261654
R4_LHS_03,physics,20260813,V40_B_E8_C12_2T,total_displacement,Y,0.0,0.5,0.0002094695923205462,0.0002007869329796919,0.04324314940221976
R4_LHS_03,physics,20260813,V40_B_E8_C12_2T,total_displacement,Y,0.5,1.0,5.8297235622482794e-08,1.7688375972188045e-07,0.6704206439633279
R4_LHS_03,physics,20260813,V40_B_E8_C12_2T,total_displacement,Y,1.0,2.0,3.751665619669208e-08,8.548284632095742e-08,0.5611206480440474
R4_LHS_03,physics,20260813,V40_B_E8_C12_2T,total_displacement,Y,2.0,5.0,2.3280620787620034e-08,2.400937087592686e-08,0.03035273569110936
R4_LHS_03,physics,20260813,V40_B_E8_C12_2T,total_displacement,Y,5.0,10.0,1.5132023478636703e-08,6.7105891317432754e-09,1.2549470965309582
R4_LHS_03,physics,20260813,V40_B_E8_C12_2T,total_displacement,Y,10.0,20.0,5.7971337335959176e-09,1.2743266929470353e-09,3.5491739015443065
R4_LHS_03,physics,20260813,V40_B_E8_C12_2T,incremental_velocity,Y,0.0,0.5,4.586453776287788e-05,4.570280443666253e-05,0.0035388052923424162
R4_LHS_03,physics,20260813,V40_B_E8_C12_2T,incremental_velocity,Y,0.5,1.0,1.7570930146267543e-06,2.9703907526015546e-06,0.4084640166995399
R4_LHS_03,physics,20260813,V40_B_E8_C12_2T,incremental_velocity,Y,1.0,2.0,3.409742623404343e-06,4.509040578154914e-06,0.24379863868965235
R4_LHS_03,physics,20260813,V40_B_E8_C12_2T,incremental_velocity,Y,2.0,5.0,6.240222053585581e-07,1.453265496056668e-06,0.570606880124934
R4_LHS_03,physics,20260813,V40_B_E8_C12_2T,incremental_velocity,Y,5.0,10.0,1.4478093038225904e-05,1.3169254424553623e-05,0.09938593116038492
R4_LHS_03,physics,20260813,V40_B_E8_C12_2T,incremental_velocity,Y,10.0,20.0,8.126529472406795e-06,8.686925733211645e-06,0.06451030871167181
R4_LHS_03,physics,20260813,V40_B_E8_C12_2T,total_displacement,Z,0.0,0.5,0.00010646880220920698,0.00010217129922152346,0.04206174356622258
R4_LHS_03,physics,20260813,V40_B_E8_C12_2T,total_displacement,Z,0.5,1.0,2.251705273527717e-08,1.621447807549742e-08,0.3887004336762412
R4_LHS_03,physics,20260813,V40_B_E8_C12_2T,total_displacement,Z,1.0,2.0,7.017978042534373e-08,7.371691555819721e-08,0.047982679498588365
R4_LHS_03,physics,20260813,V40_B_E8_C12_2T,total_displacement,Z,2.0,5.0,1.9215090135642618e-08,1.6610444734671913e-08,0.15680768592149028
R4_LHS_03,physics,20260813,V40_B_E8_C12_2T,total_displacement,Z,5.0,10.0,9.751594583175476e-09,7.977456568399683e-09,0.22239394217494227
R4_LHS_03,physics,20260813,V40_B_E8_C12_2T,total_displacement,Z,10.0,20.0,3.9524868191367996e-09,4.553852754687106e-10,7.67943482596941
R4_LHS_03,physics,20260813,V40_B_E8_C12_2T,incremental_velocity,Z,0.0,0.5,2.657290857961069e-05,2.644605755010967e-05,0.004796595078894578
R4_LHS_03,physics,20260813,V40_B_E8_C12_2T,incremental_velocity,Z,0.5,1.0,2.341529152901173e-07,2.3776523303266912e-07,0.015192792051542175
R4_LHS_03,physics,20260813,V40_B_E8_C12_2T,incremental_velocity,Z,1.0,2.0,2.0330508657163836e-06,2.4114646180729506e-06,0.15692278854954336
R4_LHS_03,physics,20260813,V40_B_E8_C12_2T,incremental_velocity,Z,2.0,5.0,1.0731420185825826e-07,3.9922256729231847e-07,0.7311920451138206
R4_LHS_03,physics,20260813,V40_B_E8_C12_2T,incremental_velocity,Z,5.0,10.0,2.227223409639178e-05,1.9502657991624214e-05,0.1420101868143826
R4_LHS_03,physics,20260813,V40_B_E8_C12_2T,incremental_velocity,Z,10.0,20.0,1.6658664485752263e-06,3.1970919995668155e-06,0.4789432244048842
R4_LHS_03,physics,20260813,V40_CPLUS_E8_C12_2T,total_displacement,X,0.0,0.5,1.2125331055578374e-06,1.2683957777071214e-06,0.04404198841647586
R4_LHS_03,physics,20260813,V40_CPLUS_E8_C12_2T,total_displacement,X,0.5,1.0,1.097101347691128e-09,1.763869857833996e-09,0.37801457243656794
R4_LHS_03,physics,20260813,V40_CPLUS_E8_C12_2T,total_displacement,X,1.0,2.0,7.310836744944721e-10,2.154839393699395e-09,0.6607247497738757
R4_LHS_03,physics,20260813,V40_CPLUS_E8_C12_2T,total_displacement,X,2.0,5.0,2.388604788912424e-10,1.8759477457425595e-10,0.27327895690769294
R4_LHS_03,physics,20260813,V40_CPLUS_E8_C12_2T,total_displacement,X,5.0,10.0,6.053750853369122e-10,4.76813752378384e-10,0.2696258912777877
R4_LHS_03,physics,20260813,V40_CPLUS_E8_C12_2T,total_displacement,X,10.0,20.0,2.8501108407822364e-10,3.5087051763367863e-11,7.122970433662522
R4_LHS_03,physics,20260813,V40_CPLUS_E8_C12_2T,incremental_velocity,X,0.0,0.5,5.676013970242108e-07,5.405239175445821e-07,0.05009487758216606
R4_LHS_03,physics,20260813,V40_CPLUS_E8_C12_2T,incremental_velocity,X,0.5,1.0,2.672957409116337e-08,2.9477929402652174e-08,0.09323434064678682
R4_LHS_03,physics,20260813,V40_CPLUS_E8_C12_2T,incremental_velocity,X,1.0,2.0,1.0640433938701975e-07,1.3756044291075623e-07,0.2264902821223782
R4_LHS_03,physics,20260813,V40_CPLUS_E8_C12_2T,incremental_velocity,X,2.0,5.0,4.38125508192472e-08,4.74490471088348e-08,0.07664002780174907
R4_LHS_03,physics,20260813,V40_CPLUS_E8_C12_2T,incremental_velocity,X,5.0,10.0,1.1056228136811815e-06,1.0950483938549648e-06,0.009656577632145492
R4_LHS_03,physics,20260813,V40_CPLUS_E8_C12_2T,incremental_velocity,X,10.0,20.0,1.0519904282042344e-07,1.4680424937300822e-07,0.2834060099096451
R4_LHS_03,physics,20260813,V40_CPLUS_E8_C12_2T,total_displacement,Y,0.0,0.5,0.00045809239370102865,0.000469586178291458,0.024476411618945725
R4_LHS_03,physics,20260813,V40_CPLUS_E8_C12_2T,total_displacement,Y,0.5,1.0,5.6915879902507864e-08,1.1874108859086524e-07,0.5206724093745052
R4_LHS_03,physics,20260813,V40_CPLUS_E8_C12_2T,total_displacement,Y,1.0,2.0,6.65385254896931e-08,1.9081667112157327e-07,0.651296057631673
R4_LHS_03,physics,20260813,V40_CPLUS_E8_C12_2T,total_displacement,Y,2.0,5.0,2.507989437924268e-08,2.7714696909897942e-08,0.0950687838738109
R4_LHS_03,physics,20260813,V40_CPLUS_E8_C12_2T,total_displacement,Y,5.0,10.0,3.6758763108964375e-08,1.3108104904501592e-08,1.804277458623379
R4_LHS_03,physics,20260813,V40_CPLUS_E8_C12_2T,total_displacement,Y,10.0,20.0,1.5612483546703876e-08,2.436355799142707e-09,5.408129531900686
R4_LHS_03,physics,20260813,V40_CPLUS_E8_C12_2T,incremental_velocity,Y,0.0,0.5,0.00011224704951009647,0.0001069735074260585,0.04929764584640847
R4_LHS_03,physics,20260813,V40_CPLUS_E8_C12_2T,incremental_velocity,Y,0.5,1.0,1.807688265468877e-06,2.3890387820452796e-06,0.2433407615420553
R4_LHS_03,physics,20260813,V40_CPLUS_E8_C12_2T,incremental_velocity,Y,1.0,2.0,7.474358817164031e-06,1.1068156461739662e-05,0.3246970402883849
R4_LHS_03,physics,20260813,V40_CPLUS_E8_C12_2T,incremental_velocity,Y,2.0,5.0,1.533771746508024e-06,2.4649065061013822e-06,0.37775662374557445
R4_LHS_03,physics,20260813,V40_CPLUS_E8_C12_2T,incremental_velocity,Y,5.0,10.0,2.9896232454340163e-05,2.852130444203842e-05,0.048207052208846204
R4_LHS_03,physics,20260813,V40_CPLUS_E8_C12_2T,incremental_velocity,Y,10.0,20.0,1.7926305547188405e-05,2.0605010424440347e-05,0.13000259752718363
R4_LHS_03,physics,20260813,V40_CPLUS_E8_C12_2T,total_displacement,Z,0.0,0.5,0.00023601357973160133,0.0002388832761568183,0.0120129649567143
R4_LHS_03,physics,20260813,V40_CPLUS_E8_C12_2T,total_displacement,Z,0.5,1.0,2.6131882551087312e-08,1.0342206462127372e-08,1.5267221890010532
R4_LHS_03,physics,20260813,V40_CPLUS_E8_C12_2T,total_displacement,Z,1.0,2.0,1.0654368020456068e-07,1.0919515693355035e-07,0.02428199934364494
R4_LHS_03,physics,20260813,V40_CPLUS_E8_C12_2T,total_displacement,Z,2.0,5.0,2.2152401930582514e-08,1.733112270636128e-08,0.27818620327762233
R4_LHS_03,physics,20260813,V40_CPLUS_E8_C12_2T,total_displacement,Z,5.0,10.0,1.9607097318208923e-08,1.8421689157804443e-08,0.06434850519135353
R4_LHS_03,physics,20260813,V40_CPLUS_E8_C12_2T,total_displacement,Z,10.0,20.0,9.485965709735908e-09,8.806116489749952e-10,9.772019335398616
R4_LHS_03,physics,20260813,V40_CPLUS_E8_C12_2T,incremental_velocity,Z,0.0,0.5,6.435828236529175e-05,6.199030302251987e-05,0.038199189668610516
R4_LHS_03,physics,20260813,V40_CPLUS_E8_C12_2T,incremental_velocity,Z,0.5,1.0,1.8852320544700594e-07,1.6699483328960194e-07,0.12891639659335788
R4_LHS_03,physics,20260813,V40_CPLUS_E8_C12_2T,incremental_velocity,Z,1.0,2.0,4.701387556141157e-06,5.5863293252970635e-06,0.15841203008718935
R4_LHS_03,physics,20260813,V40_CPLUS_E8_C12_2T,incremental_velocity,Z,2.0,5.0,2.9428034872845517e-07,5.522063570140856e-07,0.467082649465137
R4_LHS_03,physics,20260813,V40_CPLUS_E8_C12_2T,incremental_velocity,Z,5.0,10.0,4.985780739033256e-05,4.660209684455294e-05,0.06986188961924705
R4_LHS_03,physics,20260813,V40_CPLUS_E8_C12_2T,incremental_velocity,Z,10.0,20.0,3.838402251127668e-06,7.949136796049563e-06,0.5171296771449175
R4_LHS_03,physics,20260813,V40_C_E8_C12_2T,total_displacement,X,0.0,0.5,7.331675199969543e-07,7.870766332107478e-07,0.06849283912022679
R4_LHS_03,physics,20260813,V40_C_E8_C12_2T,total_displacement,X,0.5,1.0,2.0005183678550727e-09,3.6521117687073954e-09,0.4522296976241986
R4_LHS_03,physics,20260813,V40_C_E8_C12_2T,total_displacement,X,1.0,2.0,8.884865468015288e-10,1.4120544182535183e-09,0.3707844858412453
R4_LHS_03,physics,20260813,V40_C_E8_C12_2T,total_displacement,X,2.0,5.0,2.1303925673593492e-10,1.4121670940464436e-10,0.5085980804544115
R4_LHS_03,physics,20260813,V40_C_E8_C12_2T,total_displacement,X,5.0,10.0,4.135979190390221e-10,3.4049012414798574e-10,0.21471340783811346
R4_LHS_03,physics,20260813,V40_C_E8_C12_2T,total_displacement,X,10.0,20.0,1.7437443515587303e-10,2.963698668042049e-11,4.883676266962476
R4_LHS_03,physics,20260813,V40_C_E8_C12_2T,incremental_velocity,X,0.0,0.5,3.540593613538219e-07,3.3427469585757763e-07,0.059186847647821374
R4_LHS_03,physics,20260813,V40_C_E8_C12_2T,incremental_velocity,X,0.5,1.0,4.549127845815144e-08,5.570245217248485e-08,0.18331641276247773
R4_LHS_03,physics,20260813,V40_C_E8_C12_2T,incremental_velocity,X,1.0,2.0,7.282696158035271e-08,8.61322202311388e-08,0.15447481343312602
R4_LHS_03,physics,20260813,V40_C_E8_C12_2T,incremental_velocity,X,2.0,5.0,2.551393813586412e-08,2.7006001195609683e-08,0.055249314733353594
R4_LHS_03,physics,20260813,V40_C_E8_C12_2T,incremental_velocity,X,5.0,10.0,7.820250688482654e-07,7.624155115175684e-07,0.025720302163927157
R4_LHS_03,physics,20260813,V40_C_E8_C12_2T,incremental_velocity,X,10.0,20.0,7.086694263516764e-08,9.772872430454947e-08,0.2748606600621652
R4_LHS_03,physics,20260813,V40_C_E8_C12_2T,total_displacement,Y,0.0,0.5,0.00027332762528946346,0.00028913057077146825,0.054656778215595885
R4_LHS_03,physics,20260813,V40_C_E8_C12_2T,total_displacement,Y,0.5,1.0,1.1079979656685642e-07,2.545976362363847e-07,0.5648042998168968
R4_LHS_03,physics,20260813,V40_C_E8_C12_2T,total_displacement,Y,1.0,2.0,5.383291464926625e-08,1.1742620080113417e-07,0.5415595984371974
R4_LHS_03,physics,20260813,V40_C_E8_C12_2T,total_displacement,Y,2.0,5.0,2.454704577451749e-08,2.531013814667494e-08,0.030149672346126595
R4_LHS_03,physics,20260813,V40_C_E8_C12_2T,total_displacement,Y,5.0,10.0,2.2422492832765615e-08,8.905436516349358e-09,1.5178432064054912
R4_LHS_03,physics,20260813,V40_C_E8_C12_2T,total_displacement,Y,10.0,20.0,9.265130632593645e-09,1.6947616056619547e-09,4.466922664308759
R4_LHS_03,physics,20260813,V40_C_E8_C12_2T,incremental_velocity,Y,0.0,0.5,6.530924741663181e-05,6.580829246803573e-05,0.007583315607927531
R4_LHS_03,physics,20260813,V40_C_E8_C12_2T,incremental_velocity,Y,0.5,1.0,2.814460409622132e-06,4.273655424388491e-06,0.34143955697484724
R4_LHS_03,physics,20260813,V40_C_E8_C12_2T,incremental_velocity,Y,1.0,2.0,4.780040058278439e-06,6.517472215073041e-06,0.2665806772104714
R4_LHS_03,physics,20260813,V40_C_E8_C12_2T,incremental_velocity,Y,2.0,5.0,1.3813658120482778e-06,1.803274231116675e-06,0.23396797435913613
R4_LHS_03,physics,20260813,V40_C_E8_C12_2T,incremental_velocity,Y,5.0,10.0,1.8915202419003394e-05,1.8422739077275787e-05,0.02673127701922752
R4_LHS_03,physics,20260813,V40_C_E8_C12_2T,incremental_velocity,Y,10.0,20.0,1.1855706226041539e-05,1.37238109758931e-05,0.1361214281611009
R4_LHS_03,physics,20260813,V40_C_E8_C12_2T,total_displacement,Z,0.0,0.5,0.00014409115180503686,0.00014709132256541082,0.020396653643791916
R4_LHS_03,physics,20260813,V40_C_E8_C12_2T,total_displacement,Z,0.5,1.0,3.83825942294154e-08,2.2553490347386917e-08,0.7018471925283384
R4_LHS_03,physics,20260813,V40_C_E8_C12_2T,total_displacement,Z,1.0,2.0,8.295758966993207e-08,8.650124963804176e-08,0.04096657543027276
R4_LHS_03,physics,20260813,V40_C_E8_C12_2T,total_displacement,Z,2.0,5.0,1.9637904675521742e-08,1.6826508028304636e-08,0.16708140765082852
R4_LHS_03,physics,20260813,V40_C_E8_C12_2T,total_displacement,Z,5.0,10.0,1.0920828530510142e-08,1.2354530030383718e-08,0.11604662389808823
R4_LHS_03,physics,20260813,V40_C_E8_C12_2T,total_displacement,Z,10.0,20.0,5.738593198099706e-09,6.419032182353234e-10,7.939966392248126
R4_LHS_03,physics,20260813,V40_C_E8_C12_2T,incremental_velocity,Z,0.0,0.5,3.614191113074522e-05,3.806898088620511e-05,0.050620471328618966
R4_LHS_03,physics,20260813,V40_C_E8_C12_2T,incremental_velocity,Z,0.5,1.0,3.514139843620708e-07,3.379526062198175e-07,0.039832147746472736
R4_LHS_03,physics,20260813,V40_C_E8_C12_2T,incremental_velocity,Z,1.0,2.0,2.8703385408533e-06,3.5526830339974788e-06,0.19206455701633612
R4_LHS_03,physics,20260813,V40_C_E8_C12_2T,incremental_velocity,Z,2.0,5.0,2.768218331183001e-07,4.189644681439294e-07,0.33927133643418705
R4_LHS_03,physics,20260813,V40_C_E8_C12_2T,incremental_velocity,Z,5.0,10.0,3.1286451352853006e-05,3.0859424648460856e-05,0.013837805119722121
R4_LHS_03,physics,20260813,V40_C_E8_C12_2T,incremental_velocity,Z,10.0,20.0,2.9447107735738512e-06,5.275464829838089e-06,0.44181017814420187
R4_LHS_03,physics,20260813,V52_A_E8_C12_2T,total_displacement,X,0.0,0.5,2.7504676547616204e-07,2.831028975351452e-07,0.028456551060142575
R4_LHS_03,physics,20260813,V52_A_E8_C12_2T,total_displacement,X,0.5,1.0,1.0592690643585738e-09,1.8558543322704751e-09,0.42922833654586945
R4_LHS_03,physics,20260813,V52_A_E8_C12_2T,total_displacement,X,1.0,2.0,4.856488751715758e-10,6.66003596060197e-10,0.2708014220276369
R4_LHS_03,physics,20260813,V52_A_E8_C12_2T,total_displacement,X,2.0,5.0,3.2680405917036544e-10,1.3658913399208706e-10,1.3926065684646483
R4_LHS_03,physics,20260813,V52_A_E8_C12_2T,total_displacement,X,5.0,10.0,1.1586285000621399e-10,6.436453090573479e-11,0.8001040072194603
R4_LHS_03,physics,20260813,V52_A_E8_C12_2T,total_displacement,X,10.0,20.0,1.6354478530263204e-10,5.323188998920191e-11,2.0723084477332496
R4_LHS_03,physics,20260813,V52_A_E8_C12_2T,incremental_velocity,X,0.0,0.5,1.745280263653227e-07,1.8908341727767286e-07,0.07697867492512726
R4_LHS_03,physics,20260813,V52_A_E8_C12_2T,incremental_velocity,X,0.5,1.0,2.9420998511898368e-08,3.593472516311973e-08,0.18126552023574355
R4_LHS_03,physics,20260813,V52_A_E8_C12_2T,incremental_velocity,X,1.0,2.0,5.999532900455286e-08,4.3190979910894695e-08,0.3890707996976785
R4_LHS_03,physics,20260813,V52_A_E8_C12_2T,incremental_velocity,X,2.0,5.0,2.7645776189162293e-08,2.6446920189953577e-08,0.045330646842732435
R4_LHS_03,physics,20260813,V52_A_E8_C12_2T,incremental_velocity,X,5.0,10.0,8.543214340744573e-08,9.395462389914613e-08,0.0907084732822591
R4_LHS_03,physics,20260813,V52_A_E8_C12_2T,incremental_velocity,X,10.0,20.0,1.7728834812092982e-07,1.9679309775427367e-07,0.09911297629807382
R4_LHS_03,physics,20260813,V52_A_E8_C12_2T,total_displacement,Y,0.0,0.5,9.519024351791024e-05,0.00010258251055051349,0.07206167009300445
R4_LHS_03,physics,20260813,V52_A_E8_C12_2T,total_displacement,Y,0.5,1.0,5.1215033309676026e-08,1.195313386618158e-07,0.5715346796660896
R4_LHS_03,physics,20260813,V52_A_E8_C12_2T,total_displacement,Y,1.0,2.0,2.996794250999305e-08,5.594939830149437e-08,0.4643741770285915
R4_LHS_03,physics,20260813,V52_A_E8_C12_2T,total_displacement,Y,2.0,5.0,2.324547491491515e-08,2.551251979960432e-08,0.08886009310316462
R4_LHS_03,physics,20260813,V52_A_E8_C12_2T,total_displacement,Y,5.0,10.0,5.481992309445087e-09,2.893090136501929e-09,0.8948570735073715
R4_LHS_03,physics,20260813,V52_A_E8_C12_2T,total_displacement,Y,10.0,20.0,9.863277696437169e-09,4.504379461938073e-09,1.1897084337102795
R4_LHS_03,physics,20260813,V52_A_E8_C12_2T,incremental_velocity,Y,0.0,0.5,3.4638013063668944e-05,3.762331807918611e-05,0.07934720189309105
R4_LHS_03,physics,20260813,V52_A_E8_C12_2T,incremental_velocity,Y,0.5,1.0,1.7866692635907987e-06,2.703406701052371e-06,0.3391045221219244
R4_LHS_03,physics,20260813,V52_A_E8_C12_2T,incremental_velocity,Y,1.0,2.0,2.8120354608541165e-06,3.7706972857559332e-06,0.25423993289602626
R4_LHS_03,physics,20260813,V52_A_E8_C12_2T,incremental_velocity,Y,2.0,5.0,9.73983116573579e-07,2.5009448790385543e-06,0.6105539451361238
R4_LHS_03,physics,20260813,V52_A_E8_C12_2T,incremental_velocity,Y,5.0,10.0,4.6176700256626295e-06,4.435783691821159e-06,0.041004328993056754
R4_LHS_03,physics,20260813,V52_A_E8_C12_2T,incremental_velocity,Y,10.0,20.0,2.477262898297612e-05,2.423509495714441e-05,0.022179984307148175
R4_LHS_03,physics,20260813,V52_A_E8_C12_2T,total_displacement,Z,0.0,0.5,4.7589707869867866e-05,5.1317658420927124e-05,0.0726445957545681
R4_LHS_03,physics,20260813,V52_A_E8_C12_2T,total_displacement,Z,0.5,1.0,2.2440278444771813e-08,1.51952821238826e-08,0.47679248478724645
R4_LHS_03,physics,20260813,V52_A_E8_C12_2T,total_displacement,Z,1.0,2.0,6.594000738903747e-08,5.884928718634943e-08,0.12048948324955747
R4_LHS_03,physics,20260813,V52_A_E8_C12_2T,total_displacement,Z,2.0,5.0,1.6748484934952596e-08,1.7445447155981606e-08,0.03995095194737035
R4_LHS_03,physics,20260813,V52_A_E8_C12_2T,total_displacement,Z,5.0,10.0,3.391557414225328e-09,1.0048495671865359e-09,2.3751892073967866
R4_LHS_03,physics,20260813,V52_A_E8_C12_2T,total_displacement,Z,10.0,20.0,5.836055192283061e-09,7.144622707718964e-10,7.1684581972087305
R4_LHS_03,physics,20260813,V52_A_E8_C12_2T,incremental_velocity,Z,0.0,0.5,2.2424691363082612e-05,2.203074833065306e-05,0.01788150935760219
R4_LHS_03,physics,20260813,V52_A_E8_C12_2T,incremental_velocity,Z,0.5,1.0,2.7904156680556487e-07,2.834953712582009e-07,0.01571032512054532
R4_LHS_03,physics,20260813,V52_A_E8_C12_2T,incremental_velocity,Z,1.0,2.0,1.7107271522181491e-06,1.9626328270741084e-06,0.12835089242418313
R4_LHS_03,physics,20260813,V52_A_E8_C12_2T,incremental_velocity,Z,2.0,5.0,1.303156205722608e-07,6.457006739670961e-07,0.7981795190461556
R4_LHS_03,physics,20260813,V52_A_E8_C12_2T,incremental_velocity,Z,5.0,10.0,1.3719049834581221e-06,1.3616397574755301e-06,0.007538870634641011
R4_LHS_03,physics,20260813,V52_A_E8_C12_2T,incremental_velocity,Z,10.0,20.0,2.21892348586676e-06,3.950308368546834e-06,0.43829107025307595
R4_LHS_03,physics,20260813,V52_B_E8_C12_2T,total_displacement,X,0.0,0.5,4.3972305699679006e-07,4.325736826597262e-07,0.016527529583180267
R4_LHS_03,physics,20260813,V52_B_E8_C12_2T,total_displacement,X,0.5,1.0,1.4802722984834096e-09,2.735748805770669e-09,0.4589151257743445
R4_LHS_03,physics,20260813,V52_B_E8_C12_2T,total_displacement,X,1.0,2.0,4.962906827103734e-10,8.930330367322932e-10,0.44426391600656123
R4_LHS_03,physics,20260813,V52_B_E8_C12_2T,total_displacement,X,2.0,5.0,2.490201809790959e-10,1.7184989022523097e-10,0.4490563866681761
R4_LHS_03,physics,20260813,V52_B_E8_C12_2T,total_displacement,X,5.0,10.0,1.5640112873449236e-10,8.315501092224728e-11,0.8808382922435385
R4_LHS_03,physics,20260813,V52_B_E8_C12_2T,total_displacement,X,10.0,20.0,1.9583902378681257e-10,7.007257618844261e-11,1.7948026808683708
R4_LHS_03,physics,20260813,V52_B_E8_C12_2T,incremental_velocity,X,0.0,0.5,2.867337484035129e-07,2.9288234116436154e-07,0.020993388459013045
R4_LHS_03,physics,20260813,V52_B_E8_C12_2T,incremental_velocity,X,0.5,1.0,4.135752319019053e-08,5.559226160732881e-08,0.25605611294759223
R4_LHS_03,physics,20260813,V52_B_E8_C12_2T,incremental_velocity,X,1.0,2.0,4.768878116529168e-08,6.062522784649277e-08,0.21338388556587462
R4_LHS_03,physics,20260813,V52_B_E8_C12_2T,incremental_velocity,X,2.0,5.0,3.7321191824832034e-08,4.158634627242318e-08,0.1025614132977934
R4_LHS_03,physics,20260813,V52_B_E8_C12_2T,incremental_velocity,X,5.0,10.0,1.2803999472297148e-07,1.4466190305693334e-07,0.11490176738114748
R4_LHS_03,physics,20260813,V52_B_E8_C12_2T,incremental_velocity,X,10.0,20.0,2.3442514087847414e-07,2.909301086560433e-07,0.19422179450107402
R4_LHS_03,physics,20260813,V52_B_E8_C12_2T,total_displacement,Y,0.0,0.5,0.00016510453453509241,0.0001602808748255166,0.030095042311360534
R4_LHS_03,physics,20260813,V52_B_E8_C12_2T,total_displacement,Y,0.5,1.0,8.391733864557151e-08,1.867020828770254e-07,0.5505281068511424
R4_LHS_03,physics,20260813,V52_B_E8_C12_2T,total_displacement,Y,1.0,2.0,3.336104421116667e-08,8.043733517912475e-08,0.585254233784903
R4_LHS_03,physics,20260813,V52_B_E8_C12_2T,total_displacement,Y,2.0,5.0,2.375346987473265e-08,2.781375273866083e-08,0.1459811231543893
R4_LHS_03,physics,20260813,V52_B_E8_C12_2T,total_displacement,Y,5.0,10.0,8.302675869421953e-09,3.6631721562101086e-09,1.2665262552147811
R4_LHS_03,physics,20260813,V52_B_E8_C12_2T,total_displacement,Y,10.0,20.0,1.185393975410291e-08,6.52440498380349e-09,0.816861427751607
R4_LHS_03,physics,20260813,V52_B_E8_C12_2T,incremental_velocity,Y,0.0,0.5,5.789512981783543e-05,5.878359981918937e-05,0.015114249622118353
R4_LHS_03,physics,20260813,V52_B_E8_C12_2T,incremental_velocity,Y,0.5,1.0,2.627577568932836e-06,4.229143729460924e-06,0.378697500718954
R4_LHS_03,physics,20260813,V52_B_E8_C12_2T,incremental_velocity,Y,1.0,2.0,3.789479434732938e-06,5.784245134703909e-06,0.3448618883738027
R4_LHS_03,physics,20260813,V52_B_E8_C12_2T,incremental_velocity,Y,2.0,5.0,2.0589219845559865e-06,2.9762751376485046e-06,0.3082218916821314
R4_LHS_03,physics,20260813,V52_B_E8_C12_2T,incremental_velocity,Y,5.0,10.0,6.522641541858518e-06,6.63931304830102e-06,0.017572828031110606
R4_LHS_03,physics,20260813,V52_B_E8_C12_2T,incremental_velocity,Y,10.0,20.0,3.323995350950068e-05,3.5844641011646355e-05,0.0726660228316803
R4_LHS_03,physics,20260813,V52_B_E8_C12_2T,total_displacement,Z,0.0,0.5,8.1803409133246e-05,8.013591897908966e-05,0.020808273935080827
R4_LHS_03,physics,20260813,V52_B_E8_C12_2T,total_displacement,Z,0.5,1.0,4.121481071129443e-08,2.2793409310055718e-08,0.8081898214810622
R4_LHS_03,physics,20260813,V52_B_E8_C12_2T,total_displacement,Z,1.0,2.0,6.192281535530096e-08,6.817080785706266e-08,0.0916520237645151
R4_LHS_03,physics,20260813,V52_B_E8_C12_2T,total_displacement,Z,2.0,5.0,1.821725690180258e-08,1.7519551024087704e-08,0.03982441540628505
R4_LHS_03,physics,20260813,V52_B_E8_C12_2T,total_displacement,Z,5.0,10.0,4.585199606436645e-09,1.294872544140971e-09,2.541043191612734
R4_LHS_03,physics,20260813,V52_B_E8_C12_2T,total_displacement,Z,10.0,20.0,8.089827116551587e-09,9.744780958203624e-10,7.301702368939533
R4_LHS_03,physics,20260813,V52_B_E8_C12_2T,incremental_velocity,Z,0.0,0.5,3.4598102109408714e-05,3.4413891554988084e-05,0.0053527963882343725
R4_LHS_03,physics,20260813,V52_B_E8_C12_2T,incremental_velocity,Z,0.5,1.0,4.937255221553164e-07,4.3783013224932065e-07,0.12766455707111157
R4_LHS_03,physics,20260813,V52_B_E8_C12_2T,incremental_velocity,Z,1.0,2.0,2.0218639082481315e-06,2.6611645728039053e-06,0.24023341926658145
R4_LHS_03,physics,20260813,V52_B_E8_C12_2T,incremental_velocity,Z,2.0,5.0,3.707081238112975e-07,6.741032151834398e-07,0.45007216185666926
R4_LHS_03,physics,20260813,V52_B_E8_C12_2T,incremental_velocity,Z,5.0,10.0,1.947551435647449e-06,2.1274659588344854e-06,0.0845675214872068
R4_LHS_03,physics,20260813,V52_B_E8_C12_2T,incremental_velocity,Z,10.0,20.0,3.3118220990851188e-06,5.776030868060768e-06,0.42662666202180066
R4_LHS_03,physics,20260813,V52_CPLUS_E8_C12_2T,total_displacement,X,0.0,0.5,1.0199960086841766e-06,9.883622278677709e-07,0.03200626240508035
R4_LHS_03,physics,20260813,V52_CPLUS_E8_C12_2T,total_displacement,X,0.5,1.0,1.928737377045166e-09,2.2175285754200124e-09,0.1302311057345214
R4_LHS_03,physics,20260813,V52_CPLUS_E8_C12_2T,total_displacement,X,1.0,2.0,9.201075982167207e-10,1.8187411462147882e-09,0.4940964523007176
R4_LHS_03,physics,20260813,V52_CPLUS_E8_C12_2T,total_displacement,X,2.0,5.0,4.5424077141940206e-10,3.0030647491823514e-10,0.5125906677272903
R4_LHS_03,physics,20260813,V52_CPLUS_E8_C12_2T,total_displacement,X,5.0,10.0,2.7556945548428495e-10,1.5247131335560804e-10,0.8073528024355359
R4_LHS_03,physics,20260813,V52_CPLUS_E8_C12_2T,total_displacement,X,10.0,20.0,4.811798939567889e-10,1.264591472046153e-10,2.8050224486981796
R4_LHS_03,physics,20260813,V52_CPLUS_E8_C12_2T,incremental_velocity,X,0.0,0.5,6.224509113301855e-07,6.855292793933141e-07,0.09201411224762311
R4_LHS_03,physics,20260813,V52_CPLUS_E8_C12_2T,incremental_velocity,X,0.5,1.0,3.6603254057126445e-08,3.8458246383029085e-08,0.048233929010377694
R4_LHS_03,physics,20260813,V52_CPLUS_E8_C12_2T,incremental_velocity,X,1.0,2.0,1.0226838418763853e-07,1.3873449343912252e-07,0.2628481810652628
R4_LHS_03,physics,20260813,V52_CPLUS_E8_C12_2T,incremental_velocity,X,2.0,5.0,8.43728972265308e-08,9.146027805954621e-08,0.07749135453536547
R4_LHS_03,physics,20260813,V52_CPLUS_E8_C12_2T,incremental_velocity,X,5.0,10.0,2.516903868446546e-07,3.3359626875124446e-07,0.2455239748729483
R4_LHS_03,physics,20260813,V52_CPLUS_E8_C12_2T,incremental_velocity,X,10.0,20.0,4.954126012967058e-07,6.257147599997304e-07,0.208245301266476
R4_LHS_03,physics,20260813,V52_CPLUS_E8_C12_2T,total_displacement,Y,0.0,0.5,0.0003815996531835077,0.00037483537315757294,0.01804600235285479
R4_LHS_03,physics,20260813,V52_CPLUS_E8_C12_2T,total_displacement,Y,0.5,1.0,1.251414771678477e-07,1.385615471597508e-07,0.09685277241044937
R4_LHS_03,physics,20260813,V52_CPLUS_E8_C12_2T,total_displacement,Y,1.0,2.0,6.381047195493182e-08,1.7751137953201386e-07,0.6405274291532183
R4_LHS_03,physics,20260813,V52_CPLUS_E8_C12_2T,total_displacement,Y,2.0,5.0,2.683513730591537e-08,3.6801191625026185e-08,0.27080792439159834
R4_LHS_03,physics,20260813,V52_CPLUS_E8_C12_2T,total_displacement,Y,5.0,10.0,1.4542107392446724e-08,6.3366576825193096e-09,1.294917623933429
R4_LHS_03,physics,20260813,V52_CPLUS_E8_C12_2T,total_displacement,Y,10.0,20.0,3.3513568412225617e-08,1.3321629018529007e-08,1.5157259945920811
R4_LHS_03,physics,20260813,V52_CPLUS_E8_C12_2T,incremental_velocity,Y,0.0,0.5,0.00013216353491361102,0.0001379317232374132,0.04181915652481018
R4_LHS_03,physics,20260813,V52_CPLUS_E8_C12_2T,incremental_velocity,Y,0.5,1.0,2.336694211668523e-06,2.822843021987501e-06,0.17221956960847626
R4_LHS_03,physics,20260813,V52_CPLUS_E8_C12_2T,incremental_velocity,Y,1.0,2.0,8.672929507277489e-06,1.4041191993317481e-05,0.38232241882276585
R4_LHS_03,physics,20260813,V52_CPLUS_E8_C12_2T,incremental_velocity,Y,2.0,5.0,3.6112229591298597e-06,5.67471332265174e-06,0.36362900576581564
R4_LHS_03,physics,20260813,V52_CPLUS_E8_C12_2T,incremental_velocity,Y,5.0,10.0,1.3135922117595577e-05,1.4413286018784023e-05,0.0886240583530868
R4_LHS_03,physics,20260813,V52_CPLUS_E8_C12_2T,incremental_velocity,Y,10.0,20.0,7.166431754964777e-05,7.661447634442427e-05,0.06461127232042681
R4_LHS_03,physics,20260813,V52_CPLUS_E8_C12_2T,total_displacement,Z,0.0,0.5,0.00019011252512790385,0.00018733210381552892,0.014842204062966638
R4_LHS_03,physics,20260813,V52_CPLUS_E8_C12_2T,total_displacement,Z,0.5,1.0,4.678106607430076e-08,2.592036465749949e-08,0.8047996890647788
R4_LHS_03,physics,20260813,V52_CPLUS_E8_C12_2T,total_displacement,Z,1.0,2.0,8.61078233676659e-08,1.0363396094098916e-07,0.16911577454134874
R4_LHS_03,physics,20260813,V52_CPLUS_E8_C12_2T,total_displacement,Z,2.0,5.0,2.1480490433838713e-08,1.8451562746489105e-08,0.1641556180885514
R4_LHS_03,physics,20260813,V52_CPLUS_E8_C12_2T,total_displacement,Z,5.0,10.0,7.538729573523641e-09,2.3898173420760447e-09,2.15452124344144
R4_LHS_03,physics,20260813,V52_CPLUS_E8_C12_2T,total_displacement,Z,10.0,20.0,1.3730507848746785e-08,1.8310588283605885e-09,6.4986710618359504
R4_LHS_03,physics,20260813,V52_CPLUS_E8_C12_2T,incremental_velocity,Z,0.0,0.5,8.26791400028558e-05,8.067322449514663e-05,0.024864699784373306
R4_LHS_03,physics,20260813,V52_CPLUS_E8_C12_2T,incremental_velocity,Z,0.5,1.0,3.8121793594557305e-07,3.9226072612677953e-07,0.028151658949505505
R4_LHS_03,physics,20260813,V52_CPLUS_E8_C12_2T,incremental_velocity,Z,1.0,2.0,4.28744098904426e-06,5.9050110073506225e-06,0.2739317532673171
R4_LHS_03,physics,20260813,V52_CPLUS_E8_C12_2T,incremental_velocity,Z,2.0,5.0,5.265360251052775e-07,1.0455987493499921e-06,0.49642630556644757
R4_LHS_03,physics,20260813,V52_CPLUS_E8_C12_2T,incremental_velocity,Z,5.0,10.0,4.27336144966697e-06,5.04071171460272e-06,0.15223053972969136
R4_LHS_03,physics,20260813,V52_CPLUS_E8_C12_2T,incremental_velocity,Z,10.0,20.0,6.707313026623831e-06,1.207557644030369e-05,0.44455545788792605
R4_LHS_03,physics,20260813,V52_C_E8_C12_2T,total_displacement,X,0.0,0.5,6.473630908638087e-07,6.151517826866549e-07,0.05236318756400571
R4_LHS_03,physics,20260813,V52_C_E8_C12_2T,total_displacement,X,0.5,1.0,2.1099428171882886e-09,3.813900136589243e-09,0.4467755469142402
R4_LHS_03,physics,20260813,V52_C_E8_C12_2T,total_displacement,X,1.0,2.0,6.264702536912061e-10,1.1674247732825453e-09,0.46337419932446045
R4_LHS_03,physics,20260813,V52_C_E8_C12_2T,total_displacement,X,2.0,5.0,2.358298416388471e-10,2.133502495543045e-10,0.10536473302235728
R4_LHS_03,physics,20260813,V52_C_E8_C12_2T,total_displacement,X,5.0,10.0,1.9709527220820328e-10,1.0423899519941266e-10,0.8908017276178984
R4_LHS_03,physics,20260813,V52_C_E8_C12_2T,total_displacement,X,10.0,20.0,3.2312819322547143e-10,8.87973358305239e-11,2.6389401799417143
R4_LHS_03,physics,20260813,V52_C_E8_C12_2T,incremental_velocity,X,0.0,0.5,3.8655730548787357e-07,4.1992672407526285e-07,0.07946486059174585
R4_LHS_03,physics,20260813,V52_C_E8_C12_2T,incremental_velocity,X,0.5,1.0,5.95997915022734e-08,7.97005385918341e-08,0.25220340344877124
R4_LHS_03,physics,20260813,V52_C_E8_C12_2T,incremental_velocity,X,1.0,2.0,7.065143317642952e-08,8.430532285966821e-08,0.1619576228415196
R4_LHS_03,physics,20260813,V52_C_E8_C12_2T,incremental_velocity,X,2.0,5.0,5.232478290044543e-08,5.9537022619758734e-08,0.12113873690619781
R4_LHS_03,physics,20260813,V52_C_E8_C12_2T,incremental_velocity,X,5.0,10.0,1.6904200237571633e-07,2.0305826412452432e-07,0.167519711130534
R4_LHS_03,physics,20260813,V52_C_E8_C12_2T,incremental_velocity,X,10.0,20.0,3.2745514173827863e-07,4.011224591283647e-07,0.18365293618852566
R4_LHS_03,physics,20260813,V52_C_E8_C12_2T,total_displacement,Y,0.0,0.5,0.0002362107279115769,0.0002308026636513448,0.02343155046252688
R4_LHS_03,physics,20260813,V52_C_E8_C12_2T,total_displacement,Y,0.5,1.0,1.0212984154742344e-07,2.6875133048039265e-07,0.6199838662570842
R4_LHS_03,physics,20260813,V52_C_E8_C12_2T,total_displacement,Y,1.0,2.0,4.425737168548321e-08,1.0974302297325361e-07,0.5967181285295053
R4_LHS_03,physics,20260813,V52_C_E8_C12_2T,total_displacement,Y,2.0,5.0,2.3863707840218273e-08,3.0492489979936354e-08,0.2173906474702371
R4_LHS_03,physics,20260813,V52_C_E8_C12_2T,total_displacement,Y,5.0,10.0,1.0732400038531411e-08,4.546645386022782e-09,1.3605095905488402
R4_LHS_03,physics,20260813,V52_C_E8_C12_2T,total_displacement,Y,10.0,20.0,2.0958359775211184e-08,8.713813203355426e-09,1.405188094592245
R4_LHS_03,physics,20260813,V52_C_E8_C12_2T,incremental_velocity,Y,0.0,0.5,7.986428528260088e-05,8.465342459304058e-05,0.056573485756339026
R4_LHS_03,physics,20260813,V52_C_E8_C12_2T,incremental_velocity,Y,0.5,1.0,3.5970234352343694e-06,6.066042560382988e-06,0.4070230468334752
R4_LHS_03,physics,20260813,V52_C_E8_C12_2T,incremental_velocity,Y,1.0,2.0,5.646082685140652e-06,8.223712342332923e-06,0.3134386940948183
R4_LHS_03,physics,20260813,V52_C_E8_C12_2T,incremental_velocity,Y,2.0,5.0,2.19156308553044e-06,4.013679198011533e-06,0.4539765194447553
R4_LHS_03,physics,20260813,V52_C_E8_C12_2T,incremental_velocity,Y,5.0,10.0,9.338182047907408e-06,9.260815481931087e-06,0.008354185020452314
R4_LHS_03,physics,20260813,V52_C_E8_C12_2T,incremental_velocity,Y,10.0,20.0,4.673951604680219e-05,4.88887299746059e-05,0.043961336874982625
R4_LHS_03,physics,20260813,V52_C_E8_C12_2T,total_displacement,Z,0.0,0.5,0.00012052956109383087,0.00011536062975301183,0.04480671917174666
R4_LHS_03,physics,20260813,V52_C_E8_C12_2T,total_displacement,Z,0.5,1.0,5.6763761872983474e-08,3.2116919437568816e-08,0.767409915615505
R4_LHS_03,physics,20260813,V52_C_E8_C12_2T,total_displacement,Z,1.0,2.0,8.078931171567137e-08,7.757122995752686e-08,0.04148550641657396
R4_LHS_03,physics,20260813,V52_C_E8_C12_2T,total_displacement,Z,2.0,5.0,2.1970878372255177e-08,1.7749187116817473e-08,0.2378526536259018
R4_LHS_03,physics,20260813,V52_C_E8_C12_2T,total_displacement,Z,5.0,10.0,5.60947209997676e-09,1.6608843607031781e-09,2.3774007587149812
R4_LHS_03,physics,20260813,V52_C_E8_C12_2T,total_displacement,Z,10.0,20.0,1.2991970743743748e-08,1.217787501223049e-09,9.668503930854639
R4_LHS_03,physics,20260813,V52_C_E8_C12_2T,incremental_velocity,Z,0.0,0.5,5.0061349699719534e-05,4.9542997634849644e-05,0.010462670601612316
R4_LHS_03,physics,20260813,V52_C_E8_C12_2T,incremental_velocity,Z,0.5,1.0,6.668172842352282e-07,6.276257660316577e-07,0.06244408742389599
R4_LHS_03,physics,20260813,V52_C_E8_C12_2T,incremental_velocity,Z,1.0,2.0,3.0162357920361834e-06,3.5716067970406866e-06,0.15549612165165128
R4_LHS_03,physics,20260813,V52_C_E8_C12_2T,incremental_velocity,Z,2.0,5.0,3.223361076176409e-07,8.100397497221898e-07,0.6020737158538345
R4_LHS_03,physics,20260813,V52_C_E8_C12_2T,incremental_velocity,Z,5.0,10.0,2.802015194590607e-06,3.0766068792903023e-06,0.08925146938598692
R4_LHS_03,physics,20260813,V52_C_E8_C12_2T,incremental_velocity,Z,10.0,20.0,4.341145415129483e-06,7.574138513143425e-06,0.42684631293759934
R4_LHS_03,control,20260813,BASE_C1_0T,total_displacement,X,0.0,0.5,6.337560919378752e-09,1.2794898599871708e-14,495318.354812417
R4_LHS_03,control,20260813,BASE_C1_0T,total_displacement,X,0.5,1.0,8.694355471833574e-12,4.790725535735361e-14,180.48306361906867
R4_LHS_03,control,20260813,BASE_C1_0T,total_displacement,X,1.0,2.0,1.414118330078292e-10,1.6471560131371803e-10,0.1414788163357056
R4_LHS_03,control,20260813,BASE_C1_0T,total_displacement,X,2.0,5.0,2.440730531444424e-10,7.815018685642845e-12,30.231282094415818
R4_LHS_03,control,20260813,BASE_C1_0T,total_displacement,X,5.0,10.0,3.008174881781713e-11,5.677292692886491e-12,4.298608059349983
R4_LHS_03,control,20260813,BASE_C1_0T,total_displacement,X,10.0,20.0,2.1246137358185685e-11,3.1184464414946206e-12,5.813051869508061
R4_LHS_03,control,20260813,BASE_C1_0T,incremental_velocity,X,0.0,0.5,0.0,0.0,0.0
R4_LHS_03,control,20260813,BASE_C1_0T,incremental_velocity,X,0.5,1.0,0.0,0.0,0.0
R4_LHS_03,control,20260813,BASE_C1_0T,incremental_velocity,X,1.0,2.0,0.0,0.0,0.0
R4_LHS_03,control,20260813,BASE_C1_0T,incremental_velocity,X,2.0,5.0,0.0,0.0,0.0
R4_LHS_03,control,20260813,BASE_C1_0T,incremental_velocity,X,5.0,10.0,0.0,0.0,0.0
R4_LHS_03,control,20260813,BASE_C1_0T,incremental_velocity,X,10.0,20.0,0.0,0.0,0.0
R4_LHS_03,control,20260813,BASE_C1_0T,total_displacement,Y,0.0,0.5,9.072981688737899e-08,2.1894223932682585e-11,4143.006984049439
R4_LHS_03,control,20260813,BASE_C1_0T,total_displacement,Y,0.5,1.0,4.890477855226376e-10,5.645863367901659e-11,7.662054917995598
R4_LHS_03,control,20260813,BASE_C1_0T,total_displacement,Y,1.0,2.0,1.2286693871591527e-08,1.2415815787822197e-08,0.01039979317004014
R4_LHS_03,control,20260813,BASE_C1_0T,total_displacement,Y,2.0,5.0,2.0956531115866785e-08,2.1376395920276613e-08,0.019641515154178314
R4_LHS_03,control,20260813,BASE_C1_0T,total_displacement,Y,5.0,10.0,1.500344191331373e-09,1.4998601999572409e-09,0.0003226909908975841
R4_LHS_03,control,20260813,BASE_C1_0T,total_displacement,Y,10.0,20.0,4.597795507375625e-10,4.387799375965619e-10,0.04785910052320762
R4_LHS_03,control,20260813,BASE_C1_0T,incremental_velocity,Y,0.0,0.5,0.0,0.0,0.0
R4_LHS_03,control,20260813,BASE_C1_0T,incremental_velocity,Y,0.5,1.0,0.0,0.0,0.0
R4_LHS_03,control,20260813,BASE_C1_0T,incremental_velocity,Y,1.0,2.0,0.0,0.0,0.0
R4_LHS_03,control,20260813,BASE_C1_0T,incremental_velocity,Y,2.0,5.0,0.0,0.0,0.0
R4_LHS_03,control,20260813,BASE_C1_0T,incremental_velocity,Y,5.0,10.0,0.0,0.0,0.0
R4_LHS_03,control,20260813,BASE_C1_0T,incremental_velocity,Y,10.0,20.0,0.0,0.0,0.0
R4_LHS_03,control,20260813,BASE_C1_0T,total_displacement,Z,0.0,0.5,6.618657575380092e-08,1.2025354850925083e-11,5502.918726249424
R4_LHS_03,control,20260813,BASE_C1_0T,total_displacement,Z,0.5,1.0,9.235396100382788e-11,6.473638664169895e-11,0.4266159388071174
R4_LHS_03,control,20260813,BASE_C1_0T,total_displacement,Z,1.0,2.0,4.078972226133297e-08,4.1753547439757856e-08,0.023083671628512395
R4_LHS_03,control,20260813,BASE_C1_0T,total_displacement,Z,2.0,5.0,1.61938865245518e-08,1.6825845278197276e-08,0.03755881164938322
R4_LHS_03,control,20260813,BASE_C1_0T,total_displacement,Z,5.0,10.0,4.081821932911553e-10,3.699526556249078e-10,0.10333629745587815
R4_LHS_03,control,20260813,BASE_C1_0T,total_displacement,Z,10.0,20.0,1.0332418369007097e-10,9.084427391690251e-11,0.1373769554764028
R4_LHS_03,control,20260813,BASE_C1_0T,incremental_velocity,Z,0.0,0.5,0.0,0.0,0.0
R4_LHS_03,control,20260813,BASE_C1_0T,incremental_velocity,Z,0.5,1.0,0.0,0.0,0.0
R4_LHS_03,control,20260813,BASE_C1_0T,incremental_velocity,Z,1.0,2.0,0.0,0.0,0.0
R4_LHS_03,control,20260813,BASE_C1_0T,incremental_velocity,Z,2.0,5.0,0.0,0.0,0.0
R4_LHS_03,control,20260813,BASE_C1_0T,incremental_velocity,Z,5.0,10.0,0.0,0.0,0.0
R4_LHS_03,control,20260813,BASE_C1_0T,incremental_velocity,Z,10.0,20.0,0.0,0.0,0.0
R4_LHS_03,control,20260813,BASE_C2_0T,total_displacement,X,0.0,0.5,3.356306654217051e-09,5.1771709953119955e-12,647.2897044073368
R4_LHS_03,control,20260813,BASE_C2_0T,total_displacement,X,0.5,1.0,1.6948535009409278e-08,1.6746270090514675e-08,0.0120782071351619
R4_LHS_03,control,20260813,BASE_C2_0T,total_displacement,X,1.0,2.0,5.27633385133417e-05,5.27772613844501e-05,0.0002638043495091391
R4_LHS_03,control,20260813,BASE_C2_0T,total_displacement,X,2.0,5.0,4.010637658645548e-06,3.983117284552985e-06,0.006909255270812643
R4_LHS_03,control,20260813,BASE_C2_0T,total_displacement,X,5.0,10.0,1.452481054887626e-10,2.43917318192725e-10,0.404519094564665
R4_LHS_03,control,20260813,BASE_C2_0T,total_displacement,X,10.0,20.0,2.477331942814289e-11,7.67575963024498e-11,0.6772525375791084
R4_LHS_03,control,20260813,BASE_C2_0T,incremental_velocity,X,0.0,0.5,0.0,0.0,0.0
R4_LHS_03,control,20260813,BASE_C2_0T,incremental_velocity,X,0.5,1.0,0.0,0.0,0.0
R4_LHS_03,control,20260813,BASE_C2_0T,incremental_velocity,X,1.0,2.0,0.0,0.0,0.0
R4_LHS_03,control,20260813,BASE_C2_0T,incremental_velocity,X,2.0,5.0,0.0,0.0,0.0
R4_LHS_03,control,20260813,BASE_C2_0T,incremental_velocity,X,5.0,10.0,0.0,0.0,0.0
R4_LHS_03,control,20260813,BASE_C2_0T,incremental_velocity,X,10.0,20.0,0.0,0.0,0.0
R4_LHS_03,control,20260813,BASE_C2_0T,total_displacement,Y,0.0,0.5,3.643417264140628e-07,2.2245217336697347e-11,16377.429614756691
R4_LHS_03,control,20260813,BASE_C2_0T,total_displacement,Y,0.5,1.0,3.490863681015455e-10,1.5629128253410343e-10,1.2335626302469773
R4_LHS_03,control,20260813,BASE_C2_0T,total_displacement,Y,1.0,2.0,3.66529582079965e-07,3.663977910045488e-07,0.000359693968282007
R4_LHS_03,control,20260813,BASE_C2_0T,total_displacement,Y,2.0,5.0,1.371008286213033e-07,1.3747908495772369e-07,0.0027513736837622644
R4_LHS_03,control,20260813,BASE_C2_0T,total_displacement,Y,5.0,10.0,1.5089247667526247e-09,1.502201886797975e-09,0.004475350492988641
R4_LHS_03,control,20260813,BASE_C2_0T,total_displacement,Y,10.0,20.0,4.5440972516622257e-10,4.389719439551031e-10,0.035168036189343374
R4_LHS_03,control,20260813,BASE_C2_0T,incremental_velocity,Y,0.0,0.5,0.0,0.0,0.0
R4_LHS_03,control,20260813,BASE_C2_0T,incremental_velocity,Y,0.5,1.0,0.0,0.0,0.0
R4_LHS_03,control,20260813,BASE_C2_0T,incremental_velocity,Y,1.0,2.0,0.0,0.0,0.0
R4_LHS_03,control,20260813,BASE_C2_0T,incremental_velocity,Y,2.0,5.0,0.0,0.0,0.0
R4_LHS_03,control,20260813,BASE_C2_0T,incremental_velocity,Y,5.0,10.0,0.0,0.0,0.0
R4_LHS_03,control,20260813,BASE_C2_0T,incremental_velocity,Y,10.0,20.0,0.0,0.0,0.0
R4_LHS_03,control,20260813,BASE_C2_0T,total_displacement,Z,0.0,0.5,2.189970200446729e-07,1.147477710558154e-11,19084.07834441061
R4_LHS_03,control,20260813,BASE_C2_0T,total_displacement,Z,0.5,1.0,1.3424495902923863e-10,1.147909073744143e-10,0.16947380328104666
R4_LHS_03,control,20260813,BASE_C2_0T,total_displacement,Z,1.0,2.0,2.0831646729012443e-07,2.0849064315305116e-07,0.0008354133321890948
R4_LHS_03,control,20260813,BASE_C2_0T,total_displacement,Z,2.0,5.0,3.674621398194793e-08,3.652462728971114e-08,0.0060667749044823315
R4_LHS_03,control,20260813,BASE_C2_0T,total_displacement,Z,5.0,10.0,3.979367075241318e-10,3.711858369472536e-10,0.0720686726543382
R4_LHS_03,control,20260813,BASE_C2_0T,total_displacement,Z,10.0,20.0,1.0057904673625615e-10,8.946896745125755e-11,0.12417802061984617
R4_LHS_03,control,20260813,BASE_C2_0T,incremental_velocity,Z,0.0,0.5,0.0,0.0,0.0
R4_LHS_03,control,20260813,BASE_C2_0T,incremental_velocity,Z,0.5,1.0,0.0,0.0,0.0
R4_LHS_03,control,20260813,BASE_C2_0T,incremental_velocity,Z,1.0,2.0,0.0,0.0,0.0
R4_LHS_03,control,20260813,BASE_C2_0T,incremental_velocity,Z,2.0,5.0,0.0,0.0,0.0
R4_LHS_03,control,20260813,BASE_C2_0T,incremental_velocity,Z,5.0,10.0,0.0,0.0,0.0
R4_LHS_03,control,20260813,BASE_C2_0T,incremental_velocity,Z,10.0,20.0,0.0,0.0,0.0
R4_LHS_03,control,20260813,BASE_C3_0T,total_displacement,X,0.0,0.5,3.275268231124557e-09,1.2876829973987699e-14,254352.61325270892
R4_LHS_03,control,20260813,BASE_C3_0T,total_displacement,X,0.5,1.0,4.034373857571874e-12,4.7305505773695916e-14,84.28338914442334
R4_LHS_03,control,20260813,BASE_C3_0T,total_displacement,X,1.0,2.0,1.3575272062365964e-10,1.6532683653885083e-10,0.17888273031971702
R4_LHS_03,control,20260813,BASE_C3_0T,total_displacement,X,2.0,5.0,2.581801884035819e-10,7.527757131777977e-12,33.297093262173625
R4_LHS_03,control,20260813,BASE_C3_0T,total_displacement,X,5.0,10.0,2.8945713183700394e-11,5.733321091155606e-12,4.048681684399802
R4_LHS_03,control,20260813,BASE_C3_0T,total_displacement,X,10.0,20.0,1.7679708358956966e-11,3.1028174070735373e-12,4.697953195264498
R4_LHS_03,control,20260813,BASE_C3_0T,incremental_velocity,X,0.0,0.5,0.0,0.0,0.0
R4_LHS_03,control,20260813,BASE_C3_0T,incremental_velocity,X,0.5,1.0,0.0,0.0,0.0
R4_LHS_03,control,20260813,BASE_C3_0T,incremental_velocity,X,1.0,2.0,0.0,0.0,0.0
R4_LHS_03,control,20260813,BASE_C3_0T,incremental_velocity,X,2.0,5.0,0.0,0.0,0.0
R4_LHS_03,control,20260813,BASE_C3_0T,incremental_velocity,X,5.0,10.0,0.0,0.0,0.0
R4_LHS_03,control,20260813,BASE_C3_0T,incremental_velocity,X,10.0,20.0,0.0,0.0,0.0
R4_LHS_03,control,20260813,BASE_C3_0T,total_displacement,Y,0.0,0.5,3.240053798762232e-08,2.1703492863109987e-11,1491.8720548338279
R4_LHS_03,control,20260813,BASE_C3_0T,total_displacement,Y,0.5,1.0,2.4057642084402344e-10,5.502174902205604e-11,3.372387739756981
R4_LHS_03,control,20260813,BASE_C3_0T,total_displacement,Y,1.0,2.0,1.2150578917516255e-08,1.2516215218473172e-08,0.029213008451409495
R4_LHS_03,control,20260813,BASE_C3_0T,total_displacement,Y,2.0,5.0,2.1005654233319525e-08,2.135089792170793e-08,0.016169984496876188
R4_LHS_03,control,20260813,BASE_C3_0T,total_displacement,Y,5.0,10.0,1.4977660588787287e-09,1.4965406927384123e-09,0.0008187990786098674
R4_LHS_03,control,20260813,BASE_C3_0T,total_displacement,Y,10.0,20.0,4.519992873487019e-10,4.385976354053635e-10,0.030555686719451303
R4_LHS_03,control,20260813,BASE_C3_0T,incremental_velocity,Y,0.0,0.5,0.0,0.0,0.0
R4_LHS_03,control,20260813,BASE_C3_0T,incremental_velocity,Y,0.5,1.0,0.0,0.0,0.0
R4_LHS_03,control,20260813,BASE_C3_0T,incremental_velocity,Y,1.0,2.0,0.0,0.0,0.0
R4_LHS_03,control,20260813,BASE_C3_0T,incremental_velocity,Y,2.0,5.0,0.0,0.0,0.0
R4_LHS_03,control,20260813,BASE_C3_0T,incremental_velocity,Y,5.0,10.0,0.0,0.0,0.0
R4_LHS_03,control,20260813,BASE_C3_0T,incremental_velocity,Y,10.0,20.0,0.0,0.0,0.0
R4_LHS_03,control,20260813,BASE_C3_0T,total_displacement,Z,0.0,0.5,2.2430758713113273e-08,1.1283952106726977e-11,1986.845969298388
R4_LHS_03,control,20260813,BASE_C3_0T,total_displacement,Z,0.5,1.0,8.518997793252142e-11,6.199039015478997e-11,0.3742449066670186
R4_LHS_03,control,20260813,BASE_C3_0T,total_displacement,Z,1.0,2.0,4.059482181806035e-08,4.221302879086547e-08,0.03833430149781824
R4_LHS_03,control,20260813,BASE_C3_0T,total_displacement,Z,2.0,5.0,1.6265443416705524e-08,1.6610486719775446e-08,0.020772618460308808
R4_LHS_03,control,20260813,BASE_C3_0T,total_displacement,Z,5.0,10.0,3.823660817380936e-10,3.6823512650847625e-10,0.03837481601389839
R4_LHS_03,control,20260813,BASE_C3_0T,total_displacement,Z,10.0,20.0,9.946021022459111e-11,9.051302148549449e-11,0.09884974108979978
R4_LHS_03,control,20260813,BASE_C3_0T,incremental_velocity,Z,0.0,0.5,0.0,0.0,0.0
R4_LHS_03,control,20260813,BASE_C3_0T,incremental_velocity,Z,0.5,1.0,0.0,0.0,0.0
R4_LHS_03,control,20260813,BASE_C3_0T,incremental_velocity,Z,1.0,2.0,0.0,0.0,0.0
R4_LHS_03,control,20260813,BASE_C3_0T,incremental_velocity,Z,2.0,5.0,0.0,0.0,0.0
R4_LHS_03,control,20260813,BASE_C3_0T,incremental_velocity,Z,5.0,10.0,0.0,0.0,0.0
R4_LHS_03,control,20260813,BASE_C3_0T,incremental_velocity,Z,10.0,20.0,0.0,0.0,0.0
R4_LHS_03,control,20260813,BASE_C8_0T,total_displacement,X,0.0,0.5,4.6595369109510736e-09,4.061826869464167e-12,1146.1530079187635
R4_LHS_03,control,20260813,BASE_C8_0T,total_displacement,X,0.5,1.0,1.681906144101299e-08,1.711943479612213e-08,0.017545751871269676
R4_LHS_03,control,20260813,BASE_C8_0T,total_displacement,X,1.0,2.0,5.275140700094043e-05,5.280143814496043e-05,0.0009475337372941771
R4_LHS_03,control,20260813,BASE_C8_0T,total_displacement,X,2.0,5.0,4.009996684161606e-06,3.990211971234122e-06,0.004958311255169933
R4_LHS_03,control,20260813,BASE_C8_0T,total_displacement,X,5.0,10.0,1.4453796168884802e-10,2.5094470050724774e-10,0.4240246500655888
R4_LHS_03,control,20260813,BASE_C8_0T,total_displacement,X,10.0,20.0,2.0368684709543806e-11,1.0313000426719181e-10,0.8024950657737576
R4_LHS_03,control,20260813,BASE_C8_0T,incremental_velocity,X,0.0,0.5,0.0,0.0,0.0
R4_LHS_03,control,20260813,BASE_C8_0T,incremental_velocity,X,0.5,1.0,0.0,0.0,0.0
R4_LHS_03,control,20260813,BASE_C8_0T,incremental_velocity,X,1.0,2.0,0.0,0.0,0.0
R4_LHS_03,control,20260813,BASE_C8_0T,incremental_velocity,X,2.0,5.0,0.0,0.0,0.0
R4_LHS_03,control,20260813,BASE_C8_0T,incremental_velocity,X,5.0,10.0,0.0,0.0,0.0
R4_LHS_03,control,20260813,BASE_C8_0T,incremental_velocity,X,10.0,20.0,0.0,0.0,0.0
R4_LHS_03,control,20260813,BASE_C8_0T,total_displacement,Y,0.0,0.5,4.606047297851452e-08,2.224908705556409e-11,2069.218560585641
R4_LHS_03,control,20260813,BASE_C8_0T,total_displacement,Y,0.5,1.0,4.225477179736343e-10,1.6073370477137295e-10,1.628868155404398
R4_LHS_03,control,20260813,BASE_C8_0T,total_displacement,Y,1.0,2.0,3.6637438761781736e-07,3.6679616289049514e-07,0.001149890089781822
R4_LHS_03,control,20260813,BASE_C8_0T,total_displacement,Y,2.0,5.0,1.37044676146645e-07,1.3770793488775594e-07,0.004816416291853883
R4_LHS_03,control,20260813,BASE_C8_0T,total_displacement,Y,5.0,10.0,1.5027804609002856e-09,1.5028591420640073e-09,5.2354316861425485e-05
R4_LHS_03,control,20260813,BASE_C8_0T,total_displacement,Y,10.0,20.0,4.553506334019955e-10,4.389465615851994e-10,0.037371455326030735
R4_LHS_03,control,20260813,BASE_C8_0T,incremental_velocity,Y,0.0,0.5,0.0,0.0,0.0
R4_LHS_03,control,20260813,BASE_C8_0T,incremental_velocity,Y,0.5,1.0,0.0,0.0,0.0
R4_LHS_03,control,20260813,BASE_C8_0T,incremental_velocity,Y,1.0,2.0,0.0,0.0,0.0
R4_LHS_03,control,20260813,BASE_C8_0T,incremental_velocity,Y,2.0,5.0,0.0,0.0,0.0
R4_LHS_03,control,20260813,BASE_C8_0T,incremental_velocity,Y,5.0,10.0,0.0,0.0,0.0
R4_LHS_03,control,20260813,BASE_C8_0T,incremental_velocity,Y,10.0,20.0,0.0,0.0,0.0
R4_LHS_03,control,20260813,BASE_C8_0T,total_displacement,Z,0.0,0.5,3.8252635829929054e-08,1.1382699658979797e-11,3359.594320851785
R4_LHS_03,control,20260813,BASE_C8_0T,total_displacement,Z,0.5,1.0,1.3641484232346985e-10,1.165328267318061e-10,0.17061300364249396
R4_LHS_03,control,20260813,BASE_C8_0T,total_displacement,Z,1.0,2.0,2.0828122417815229e-07,2.0863415787670136e-07,0.001691639097552054
R4_LHS_03,control,20260813,BASE_C8_0T,total_displacement,Z,2.0,5.0,3.670850883856441e-08,3.6611606528861337e-08,0.0026467647527753813
R4_LHS_03,control,20260813,BASE_C8_0T,total_displacement,Z,5.0,10.0,3.863137915190543e-10,3.719556870043029e-10,0.03860165341304561
R4_LHS_03,control,20260813,BASE_C8_0T,total_displacement,Z,10.0,20.0,1.010290021569215e-10,8.914933105901207e-11,0.13325586358068953
R4_LHS_03,control,20260813,BASE_C8_0T,incremental_velocity,Z,0.0,0.5,0.0,0.0,0.0
R4_LHS_03,control,20260813,BASE_C8_0T,incremental_velocity,Z,0.5,1.0,0.0,0.0,0.0
R4_LHS_03,control,20260813,BASE_C8_0T,incremental_velocity,Z,1.0,2.0,0.0,0.0,0.0
R4_LHS_03,control,20260813,BASE_C8_0T,incremental_velocity,Z,2.0,5.0,0.0,0.0,0.0
R4_LHS_03,control,20260813,BASE_C8_0T,incremental_velocity,Z,5.0,10.0,0.0,0.0,0.0
R4_LHS_03,control,20260813,BASE_C8_0T,incremental_velocity,Z,10.0,20.0,0.0,0.0,0.0
R4_LHS_03,control,20260813,V40_A_E1_C4_2T,total_displacement,X,0.0,0.5,4.214013593989107e-07,3.589593051480441e-07,0.17395301739040833
R4_LHS_03,control,20260813,V40_A_E1_C4_2T,total_displacement,X,0.5,1.0,9.51164341109716e-10,1.8155075453912883e-09,0.47608901790341174
R4_LHS_03,control,20260813,V40_A_E1_C4_2T,total_displacement,X,1.0,2.0,4.0271284895948137e-10,7.94379676295443e-10,0.4930473915980376
R4_LHS_03,control,20260813,V40_A_E1_C4_2T,total_displacement,X,2.0,5.0,2.3327565879873403e-10,1.0308723313063379e-10,1.2628957215596561
R4_LHS_03,control,20260813,V40_A_E1_C4_2T,total_displacement,X,5.0,10.0,1.8248310257752703e-10,1.567744005377963e-10,0.163985331479757
R4_LHS_03,control,20260813,V40_A_E1_C4_2T,total_displacement,X,10.0,20.0,7.144460841408071e-11,2.4456365011735548e-11,1.921309376098923
R4_LHS_03,control,20260813,V40_A_E1_C4_2T,incremental_velocity,X,0.0,0.5,1.6969486492094223e-07,1.508206733857017e-07,0.12514326525364705
R4_LHS_03,control,20260813,V40_A_E1_C4_2T,incremental_velocity,X,0.5,1.0,1.954501945800998e-08,2.6026779702653426e-08,0.24904196057657607
R4_LHS_03,control,20260813,V40_A_E1_C4_2T,incremental_velocity,X,1.0,2.0,2.377520575085319e-08,4.2231774188365435e-08,0.4370303827443012
R4_LHS_03,control,20260813,V40_A_E1_C4_2T,incremental_velocity,X,2.0,5.0,7.107126073706301e-09,1.2398526365546063e-08,0.42677654874726845
R4_LHS_03,control,20260813,V40_A_E1_C4_2T,incremental_velocity,X,5.0,10.0,2.898878818700885e-07,3.1352199626086434e-07,0.07538263558104932
R4_LHS_03,control,20260813,V40_A_E1_C4_2T,incremental_velocity,X,10.0,20.0,2.7460852271462538e-08,4.122215676123537e-08,0.3338327145151642
R4_LHS_03,control,20260813,V40_A_E1_C4_2T,total_displacement,Y,0.0,0.5,0.0001439415239072584,0.00012850553811204112,0.1201192261594125
R4_LHS_03,control,20260813,V40_A_E1_C4_2T,total_displacement,Y,0.5,1.0,4.389032222869099e-08,1.1323379801021719e-07,0.6123920331213237
R4_LHS_03,control,20260813,V40_A_E1_C4_2T,total_displacement,Y,1.0,2.0,2.808087025189283e-08,5.9517148726312836e-08,0.5281885834111182
R4_LHS_03,control,20260813,V40_A_E1_C4_2T,total_displacement,Y,2.0,5.0,2.3612652216523233e-08,2.3081403294345633e-08,0.023016318176275842
R4_LHS_03,control,20260813,V40_A_E1_C4_2T,total_displacement,Y,5.0,10.0,1.0363968399369896e-08,4.91744375097457e-09,1.10759266891785
R4_LHS_03,control,20260813,V40_A_E1_C4_2T,total_displacement,Y,10.0,20.0,3.893610604277201e-09,9.617325507301159e-10,3.0485378199181254
R4_LHS_03,control,20260813,V40_A_E1_C4_2T,incremental_velocity,Y,0.0,0.5,2.9617782448144015e-05,2.9256410778969236e-05,0.012351879794993446
R4_LHS_03,control,20260813,V40_A_E1_C4_2T,incremental_velocity,Y,0.5,1.0,1.1315360423427508e-06,1.9009134029943193e-06,0.40474087848486157
R4_LHS_03,control,20260813,V40_A_E1_C4_2T,incremental_velocity,Y,1.0,2.0,1.799988122479183e-06,2.9075416623027455e-06,0.38092439196430655
R4_LHS_03,control,20260813,V40_A_E1_C4_2T,incremental_velocity,Y,2.0,5.0,3.6871063379629106e-07,1.188851451728676e-06,0.6898597942912387
R4_LHS_03,control,20260813,V40_A_E1_C4_2T,incremental_velocity,Y,5.0,10.0,7.79248346814537e-06,8.702475265734553e-06,0.10456700763887468
R4_LHS_03,control,20260813,V40_A_E1_C4_2T,incremental_velocity,Y,10.0,20.0,4.5300900037157965e-06,5.809878445065812e-06,0.2202780064076742
R4_LHS_03,control,20260813,V40_A_E1_C4_2T,total_displacement,Z,0.0,0.5,7.377825707169233e-05,6.541887219228547e-05,0.12778246703544735
R4_LHS_03,control,20260813,V40_A_E1_C4_2T,total_displacement,Z,0.5,1.0,2.1174747521123175e-08,1.103196035032668e-08,0.9194002560475251
R4_LHS_03,control,20260813,V40_A_E1_C4_2T,total_displacement,Z,1.0,2.0,5.7391798912509796e-08,6.344954060536315e-08,0.09547337356673175
R4_LHS_03,control,20260813,V40_A_E1_C4_2T,total_displacement,Z,2.0,5.0,1.846868017016706e-08,1.659843344230413e-08,0.11267609888390229
R4_LHS_03,control,20260813,V40_A_E1_C4_2T,total_displacement,Z,5.0,10.0,6.588178647274513e-09,4.67403342242218e-09,0.409527500524458
R4_LHS_03,control,20260813,V40_A_E1_C4_2T,total_displacement,Z,10.0,20.0,2.8670730243163148e-09,3.51789803862949e-10,7.149960552675014
R4_LHS_03,control,20260813,V40_A_E1_C4_2T,incremental_velocity,Z,0.0,0.5,1.644411316788389e-05,1.693027842540358e-05,0.028715727249364505
R4_LHS_03,control,20260813,V40_A_E1_C4_2T,incremental_velocity,Z,0.5,1.0,1.5490800249534286e-07,1.561351576033753e-07,0.00785956940684512
R4_LHS_03,control,20260813,V40_A_E1_C4_2T,incremental_velocity,Z,1.0,2.0,8.036047249822719e-07,1.573804344738018e-06,0.48938714798373284
R4_LHS_03,control,20260813,V40_A_E1_C4_2T,incremental_velocity,Z,2.0,5.0,1.0270193185113144e-07,3.09757510965076e-07,0.6684440950885912
R4_LHS_03,control,20260813,V40_A_E1_C4_2T,incremental_velocity,Z,5.0,10.0,1.1183684413189587e-05,1.0921660550244044e-05,0.023991211019618125
R4_LHS_03,control,20260813,V40_A_E1_C4_2T,incremental_velocity,Z,10.0,20.0,8.875964092329135e-07,1.934192955866691e-06,0.5411024497112847
R4_LHS_03,control,20260813,V40_B_E1_C4_2T,total_displacement,X,0.0,0.5,5.343502615719816e-07,5.516270073049776e-07,0.03131961543616777
R4_LHS_03,control,20260813,V40_B_E1_C4_2T,total_displacement,X,0.5,1.0,1.2206561619568842e-09,2.6425469361976904e-09,0.5380758823102447
R4_LHS_03,control,20260813,V40_B_E1_C4_2T,total_displacement,X,1.0,2.0,4.698837851794896e-10,1.0652799264414173e-09,0.5589105046322022
R4_LHS_03,control,20260813,V40_B_E1_C4_2T,total_displacement,X,2.0,5.0,2.5390932371718194e-10,1.2007924176110564e-10,1.114514715393753
R4_LHS_03,control,20260813,V40_B_E1_C4_2T,total_displacement,X,5.0,10.0,2.3761590099897516e-10,2.421480904962731e-10,0.018716602257772972
R4_LHS_03,control,20260813,V40_B_E1_C4_2T,total_displacement,X,10.0,20.0,1.0535204966540558e-10,2.67532632169816e-11,2.9379139961712597
R4_LHS_03,control,20260813,V40_B_E1_C4_2T,incremental_velocity,X,0.0,0.5,2.8800835131909335e-07,2.3330588327023955e-07,0.23446673218048092
R4_LHS_03,control,20260813,V40_B_E1_C4_2T,incremental_velocity,X,0.5,1.0,2.8681192478829756e-08,3.9400481707855845e-08,0.27205985217406187
R4_LHS_03,control,20260813,V40_B_E1_C4_2T,incremental_velocity,X,1.0,2.0,4.2973334421882565e-08,6.195406215247584e-08,0.30636776784514297
R4_LHS_03,control,20260813,V40_B_E1_C4_2T,incremental_velocity,X,2.0,5.0,1.4720121944384885e-08,1.8562228746860453e-08,0.20698520931250822
R4_LHS_03,control,20260813,V40_B_E1_C4_2T,incremental_velocity,X,5.0,10.0,4.988197540840141e-07,5.203009269740721e-07,0.041286055389112286
R4_LHS_03,control,20260813,V40_B_E1_C4_2T,incremental_velocity,X,10.0,20.0,4.5189209944549983e-08,6.348896727064468e-08,0.2882352338176389
R4_LHS_03,control,20260813,V40_B_E1_C4_2T,total_displacement,Y,0.0,0.5,0.00020718906191236628,0.0002007857454416307,0.03189129017426719
R4_LHS_03,control,20260813,V40_B_E1_C4_2T,total_displacement,Y,0.5,1.0,4.710579581873643e-08,1.7679895792543228e-07,0.7335629328844572
R4_LHS_03,control,20260813,V40_B_E1_C4_2T,total_displacement,Y,1.0,2.0,2.99702927883515e-08,8.541226320347732e-08,0.6491101902199526
R4_LHS_03,control,20260813,V40_B_E1_C4_2T,total_displacement,Y,2.0,5.0,2.63924462652764e-08,2.3998659663271756e-08,0.09974667900591823
R4_LHS_03,control,20260813,V40_B_E1_C4_2T,total_displacement,Y,5.0,10.0,1.427807784114825e-08,6.726764939776492e-09,1.1225771925996069
R4_LHS_03,control,20260813,V40_B_E1_C4_2T,total_displacement,Y,10.0,20.0,5.8446705372825915e-09,1.2725528601664025e-09,3.5928705362528723
R4_LHS_03,control,20260813,V40_B_E1_C4_2T,incremental_velocity,Y,0.0,0.5,4.789918311962437e-05,4.570392361873769e-05,0.04803218907854708
R4_LHS_03,control,20260813,V40_B_E1_C4_2T,incremental_velocity,Y,0.5,1.0,1.7638319955127055e-06,2.9465991852804473e-06,0.40140077268607877
R4_LHS_03,control,20260813,V40_B_E1_C4_2T,incremental_velocity,Y,1.0,2.0,3.192431590525996e-06,4.523420157957676e-06,0.29424385110239704
R4_LHS_03,control,20260813,V40_B_E1_C4_2T,incremental_velocity,Y,2.0,5.0,6.351932546564789e-07,1.5008299593100878e-06,0.5767720049055597
R4_LHS_03,control,20260813,V40_B_E1_C4_2T,incremental_velocity,Y,5.0,10.0,1.2113900057829475e-05,1.3034978705934856e-05,0.07066207539610417
R4_LHS_03,control,20260813,V40_B_E1_C4_2T,incremental_velocity,Y,10.0,20.0,7.496888133328531e-06,8.866800465813202e-06,0.15449905947094436
R4_LHS_03,control,20260813,V40_B_E1_C4_2T,total_displacement,Z,0.0,0.5,0.000105236404519977,0.00010217093100810185,0.030003382387032037
R4_LHS_03,control,20260813,V40_B_E1_C4_2T,total_displacement,Z,0.5,1.0,2.2828357511294937e-08,1.6222198527585216e-08,0.4072295732589023
R4_LHS_03,control,20260813,V40_B_E1_C4_2T,total_displacement,Z,1.0,2.0,5.975463004966006e-08,7.333074337598316e-08,0.18513535662273764
R4_LHS_03,control,20260813,V40_B_E1_C4_2T,total_displacement,Z,2.0,5.0,2.000886463916614e-08,1.6702495378539324e-08,0.1979566038302934
R4_LHS_03,control,20260813,V40_B_E1_C4_2T,total_displacement,Z,5.0,10.0,9.76978195540543e-09,7.928123977584055e-09,0.23229429598079834
R4_LHS_03,control,20260813,V40_B_E1_C4_2T,total_displacement,Z,10.0,20.0,4.4834070665939696e-09,4.510351040059506e-10,8.940261914812776
R4_LHS_03,control,20260813,V40_B_E1_C4_2T,incremental_velocity,Z,0.0,0.5,2.67399792557941e-05,2.644365033308058e-05,0.011206052076056159
R4_LHS_03,control,20260813,V40_B_E1_C4_2T,incremental_velocity,Z,0.5,1.0,2.75993301315046e-07,2.3672945861703875e-07,0.1658595551537379
R4_LHS_03,control,20260813,V40_B_E1_C4_2T,incremental_velocity,Z,1.0,2.0,1.3331710255352706e-06,2.452030838275532e-06,0.45629924194882265
R4_LHS_03,control,20260813,V40_B_E1_C4_2T,incremental_velocity,Z,2.0,5.0,1.7925076770847908e-07,3.818765547947346e-07,0.530605465410597
R4_LHS_03,control,20260813,V40_B_E1_C4_2T,incremental_velocity,Z,5.0,10.0,2.018906008437949e-05,1.9397010015750047e-05,0.04083361652060356
R4_LHS_03,control,20260813,V40_B_E1_C4_2T,incremental_velocity,Z,10.0,20.0,1.65522564245205e-06,3.12961265347779e-06,0.47110846429743425
R4_LHS_03,control,20260813,V40_CPLUS_E1_C4_2T,total_displacement,X,0.0,0.5,1.2132409384841646e-06,1.268387152141322e-06,0.04347743002919743
R4_LHS_03,control,20260813,V40_CPLUS_E1_C4_2T,total_displacement,X,0.5,1.0,1.3493382209518987e-09,1.7629256348753165e-09,0.23460287021844167
R4_LHS_03,control,20260813,V40_CPLUS_E1_C4_2T,total_displacement,X,1.0,2.0,9.753847780341745e-10,2.1351379675303216e-09,0.5431748238909424
R4_LHS_03,control,20260813,V40_CPLUS_E1_C4_2T,total_displacement,X,2.0,5.0,4.439307032695469e-10,1.884793871189115e-10,1.3553276040178939
R4_LHS_03,control,20260813,V40_CPLUS_E1_C4_2T,total_displacement,X,5.0,10.0,5.024522178189431e-10,4.704701410404318e-10,0.06797897249713615
R4_LHS_03,control,20260813,V40_CPLUS_E1_C4_2T,total_displacement,X,10.0,20.0,2.690419849938715e-10,3.485280248326182e-11,6.719378811017561
R4_LHS_03,control,20260813,V40_CPLUS_E1_C4_2T,incremental_velocity,X,0.0,0.5,5.35328609861587e-07,5.408610922586727e-07,0.010229026410425855
R4_LHS_03,control,20260813,V40_CPLUS_E1_C4_2T,incremental_velocity,X,0.5,1.0,2.5845102089557333e-08,2.953276252099224e-08,0.12486676208545247
R4_LHS_03,control,20260813,V40_CPLUS_E1_C4_2T,incremental_velocity,X,1.0,2.0,8.672526642798733e-08,1.3737366258322077e-07,0.3686907315625418
R4_LHS_03,control,20260813,V40_CPLUS_E1_C4_2T,incremental_velocity,X,2.0,5.0,3.396532573930395e-08,4.744342560963935e-08,0.28408783086685413
R4_LHS_03,control,20260813,V40_CPLUS_E1_C4_2T,incremental_velocity,X,5.0,10.0,1.0056007070917388e-06,1.0725802557306004e-06,0.06244712065227946
R4_LHS_03,control,20260813,V40_CPLUS_E1_C4_2T,incremental_velocity,X,10.0,20.0,1.1034094927142088e-07,1.4826713445760997e-07,0.2557963052630002
R4_LHS_03,control,20260813,V40_CPLUS_E1_C4_2T,total_displacement,Y,0.0,0.5,0.00046594623697503287,0.0004695838263862466,0.007746411198203574
R4_LHS_03,control,20260813,V40_CPLUS_E1_C4_2T,total_displacement,Y,0.5,1.0,8.496945684570145e-08,1.1866850715328938e-07,0.28397635662558196
R4_LHS_03,control,20260813,V40_CPLUS_E1_C4_2T,total_displacement,Y,1.0,2.0,7.062436241521726e-08,1.90385693022588e-07,0.6290458526900016
R4_LHS_03,control,20260813,V40_CPLUS_E1_C4_2T,total_displacement,Y,2.0,5.0,3.277625030483338e-08,2.7620056492644506e-08,0.18668295676954974
R4_LHS_03,control,20260813,V40_CPLUS_E1_C4_2T,total_displacement,Y,5.0,10.0,2.5825245145269747e-08,1.3184399445082276e-08,0.9587729613958603
R4_LHS_03,control,20260813,V40_CPLUS_E1_C4_2T,total_displacement,Y,10.0,20.0,1.479499137135346e-08,2.4147161023314873e-09,5.127010689607947
R4_LHS_03,control,20260813,V40_CPLUS_E1_C4_2T,incremental_velocity,Y,0.0,0.5,0.00010685812863285191,0.00010700371684160675,0.0013605902023977705
R4_LHS_03,control,20260813,V40_CPLUS_E1_C4_2T,incremental_velocity,Y,0.5,1.0,1.8972183900281687e-06,2.399324137219921e-06,0.20926966031923405
R4_LHS_03,control,20260813,V40_CPLUS_E1_C4_2T,incremental_velocity,Y,1.0,2.0,7.302509344574936e-06,1.1098247188607968e-05,0.3420123718211329
R4_LHS_03,control,20260813,V40_CPLUS_E1_C4_2T,incremental_velocity,Y,2.0,5.0,1.5519822923113164e-06,2.668902654308913e-06,0.4184942302763802
R4_LHS_03,control,20260813,V40_CPLUS_E1_C4_2T,incremental_velocity,Y,5.0,10.0,2.7142011607006394e-05,2.873455402340675e-05,0.05542255554420977
R4_LHS_03,control,20260813,V40_CPLUS_E1_C4_2T,incremental_velocity,Y,10.0,20.0,1.8107843382920977e-05,2.0954864817430657e-05,0.1358644619907771
R4_LHS_03,control,20260813,V40_CPLUS_E1_C4_2T,total_displacement,Z,0.0,0.5,0.00023451184805477847,0.00023888326019711736,0.01829936571835035
R4_LHS_03,control,20260813,V40_CPLUS_E1_C4_2T,total_displacement,Z,0.5,1.0,2.4189172482040668e-08,1.034750835482965e-08,1.3376808843793286
R4_LHS_03,control,20260813,V40_CPLUS_E1_C4_2T,total_displacement,Z,1.0,2.0,8.201968050614632e-08,1.0722258223860516e-07,0.23505218029886818
R4_LHS_03,control,20260813,V40_CPLUS_E1_C4_2T,total_displacement,Z,2.0,5.0,2.3033636626307698e-08,1.7340363753090116e-08,0.3283248814317993
R4_LHS_03,control,20260813,V40_CPLUS_E1_C4_2T,total_displacement,Z,5.0,10.0,1.4235607959341337e-08,1.795506796924303e-08,0.2071537694133553
R4_LHS_03,control,20260813,V40_CPLUS_E1_C4_2T,total_displacement,Z,10.0,20.0,8.916670295082217e-09,8.849472001420793e-10,9.07593480565918
R4_LHS_03,control,20260813,V40_CPLUS_E1_C4_2T,incremental_velocity,Z,0.0,0.5,6.153631429367823e-05,6.198558729107125e-05,0.007248023565273862
R4_LHS_03,control,20260813,V40_CPLUS_E1_C4_2T,incremental_velocity,Z,0.5,1.0,2.3841754191031987e-07,1.6646703753079717e-07,0.43222072938140393
R4_LHS_03,control,20260813,V40_CPLUS_E1_C4_2T,incremental_velocity,Z,1.0,2.0,3.09220433962166e-06,5.5217173094872515e-06,0.43999227662221574
R4_LHS_03,control,20260813,V40_CPLUS_E1_C4_2T,incremental_velocity,Z,2.0,5.0,4.0571424419322716e-07,5.901024861981799e-07,0.3124681666618632
R4_LHS_03,control,20260813,V40_CPLUS_E1_C4_2T,incremental_velocity,Z,5.0,10.0,4.171635470919722e-05,4.554203004336357e-05,0.0840031797116569
R4_LHS_03,control,20260813,V40_CPLUS_E1_C4_2T,incremental_velocity,Z,10.0,20.0,4.918673009895138e-06,8.025276901605017e-06,0.3871023928269158
R4_LHS_03,control,20260813,V40_C_E1_C4_2T,total_displacement,X,0.0,0.5,7.582893492174009e-07,7.870567723580312e-07,0.036550632878036025
R4_LHS_03,control,20260813,V40_C_E1_C4_2T,total_displacement,X,0.5,1.0,1.5998427303072756e-09,3.6516454999962704e-09,0.5618844353021372
R4_LHS_03,control,20260813,V40_C_E1_C4_2T,total_displacement,X,1.0,2.0,5.978044953313423e-10,1.3992539493625435e-09,0.572769120570513
R4_LHS_03,control,20260813,V40_C_E1_C4_2T,total_displacement,X,2.0,5.0,2.9009597954924534e-10,1.4040175627722783e-10,1.0661848344435336
R4_LHS_03,control,20260813,V40_C_E1_C4_2T,total_displacement,X,5.0,10.0,3.1779400423304936e-10,3.4910913589940415e-10,0.08970012081086946
R4_LHS_03,control,20260813,V40_C_E1_C4_2T,total_displacement,X,10.0,20.0,1.5592042833012176e-10,2.969852170225405e-11,4.250107392324776
R4_LHS_03,control,20260813,V40_C_E1_C4_2T,incremental_velocity,X,0.0,0.5,4.099834787215262e-07,3.344375673982375e-07,0.22588942956079772
R4_LHS_03,control,20260813,V40_C_E1_C4_2T,incremental_velocity,X,0.5,1.0,4.044263543355565e-08,5.583762331404193e-08,0.27570994191321146
R4_LHS_03,control,20260813,V40_C_E1_C4_2T,incremental_velocity,X,1.0,2.0,6.247859262426678e-08,8.623920714191172e-08,0.2755198627759349
R4_LHS_03,control,20260813,V40_C_E1_C4_2T,incremental_velocity,X,2.0,5.0,2.1145840556411547e-08,2.693207673436764e-08,0.21484552546860816
R4_LHS_03,control,20260813,V40_C_E1_C4_2T,incremental_velocity,X,5.0,10.0,7.490672365740619e-07,7.88111723876902e-07,0.04954181763820404
R4_LHS_03,control,20260813,V40_C_E1_C4_2T,incremental_velocity,X,10.0,20.0,6.951926967942151e-08,9.371598442968761e-08,0.2581919711724332
R4_LHS_03,control,20260813,V40_C_E1_C4_2T,total_displacement,Y,0.0,0.5,0.0003000924850564162,0.0002891282888579702,0.037921561538490675
R4_LHS_03,control,20260813,V40_C_E1_C4_2T,total_displacement,Y,0.5,1.0,6.876896331691e-08,2.5456940041581983e-07,0.7298616282845419
R4_LHS_03,control,20260813,V40_C_E1_C4_2T,total_displacement,Y,1.0,2.0,3.8133922094630366e-08,1.1731460817128008e-07,0.6749431064974056
R4_LHS_03,control,20260813,V40_C_E1_C4_2T,total_displacement,Y,2.0,5.0,2.8962955089112824e-08,2.5271605866338737e-08,0.14606706207344303
R4_LHS_03,control,20260813,V40_C_E1_C4_2T,total_displacement,Y,5.0,10.0,2.00020939879602e-08,8.860233421219826e-09,1.2575132095342052
R4_LHS_03,control,20260813,V40_C_E1_C4_2T,total_displacement,Y,10.0,20.0,9.00279125094803e-09,1.7218427302653818e-09,4.228579296298716
R4_LHS_03,control,20260813,V40_C_E1_C4_2T,incremental_velocity,Y,0.0,0.5,6.92275090605301e-05,6.58149068572349e-05,0.05185150851459521
R4_LHS_03,control,20260813,V40_C_E1_C4_2T,incremental_velocity,Y,0.5,1.0,2.5215985719641477e-06,4.259811018984744e-06,0.4080491926223691
R4_LHS_03,control,20260813,V40_C_E1_C4_2T,incremental_velocity,Y,1.0,2.0,4.746841695548104e-06,6.5023018983503535e-06,0.26997519190051955
R4_LHS_03,control,20260813,V40_C_E1_C4_2T,incremental_velocity,Y,2.0,5.0,9.639895261018152e-07,1.819018894042302e-06,0.470049745354983
R4_LHS_03,control,20260813,V40_C_E1_C4_2T,incremental_velocity,Y,5.0,10.0,1.7963825921768837e-05,1.8041492062353966e-05,0.0043048623870300725
R4_LHS_03,control,20260813,V40_C_E1_C4_2T,incremental_velocity,Y,10.0,20.0,1.1513265679647732e-05,1.318962915727706e-05,0.1270970895117574
R4_LHS_03,control,20260813,V40_C_E1_C4_2T,total_displacement,Z,0.0,0.5,0.0001519830696794401,0.00014708929475193438,0.0332707756588204
R4_LHS_03,control,20260813,V40_C_E1_C4_2T,total_displacement,Z,0.5,1.0,3.124933211446409e-08,2.2545504931931016e-08,0.38605598804779556
R4_LHS_03,control,20260813,V40_C_E1_C4_2T,total_displacement,Z,1.0,2.0,6.801563543667826e-08,8.635824939969112e-08,0.21240141029397092
R4_LHS_03,control,20260813,V40_C_E1_C4_2T,total_displacement,Z,2.0,5.0,2.217753650998503e-08,1.679990447339191e-08,0.32009896515247127
R4_LHS_03,control,20260813,V40_C_E1_C4_2T,total_displacement,Z,5.0,10.0,1.3650998697610367e-08,1.2988744915983604e-08,0.05098674166830477
R4_LHS_03,control,20260813,V40_C_E1_C4_2T,total_displacement,Z,10.0,20.0,6.96078478532673e-09,6.181320757311096e-10,10.260999159594986
R4_LHS_03,control,20260813,V40_C_E1_C4_2T,incremental_velocity,Z,0.0,0.5,3.884034054631402e-05,3.806471802357676e-05,0.0203764158257222
R4_LHS_03,control,20260813,V40_C_E1_C4_2T,incremental_velocity,Z,0.5,1.0,3.9072691887774604e-07,3.3664153015759516e-07,0.16066166493133327
R4_LHS_03,control,20260813,V40_C_E1_C4_2T,incremental_velocity,Z,1.0,2.0,2.04154335697837e-06,3.616270246976112e-06,0.43545608664466173
R4_LHS_03,control,20260813,V40_C_E1_C4_2T,incremental_velocity,Z,2.0,5.0,2.802291075882702e-07,4.2349260444818383e-07,0.33829043377649476
R4_LHS_03,control,20260813,V40_C_E1_C4_2T,incremental_velocity,Z,5.0,10.0,3.136337379716878e-05,3.241216407490738e-05,0.03235792202318718
R4_LHS_03,control,20260813,V40_C_E1_C4_2T,incremental_velocity,Z,10.0,20.0,2.622871729114723e-06,5.065093331461406e-06,0.4821671472817739
R4_LHS_03,control,20260813,V52_A_E1_C4_2T,total_displacement,X,0.0,0.5,2.736596151648099e-07,2.830998234172583e-07,0.033345864149602666
R4_LHS_03,control,20260813,V52_A_E1_C4_2T,total_displacement,X,0.5,1.0,1.2646508652947528e-09,1.8556322285029577e-09,0.31847979040813634
R4_LHS_03,control,20260813,V52_A_E1_C4_2T,total_displacement,X,1.0,2.0,5.305625707023628e-10,6.674363384112681e-10,0.2050738921927935
R4_LHS_03,control,20260813,V52_A_E1_C4_2T,total_displacement,X,2.0,5.0,2.1191051492433408e-10,1.3635880835749303e-10,0.5540654650542743
R4_LHS_03,control,20260813,V52_A_E1_C4_2T,total_displacement,X,5.0,10.0,9.133623343494184e-11,6.40870637706933e-11,0.42518985987168045
R4_LHS_03,control,20260813,V52_A_E1_C4_2T,total_displacement,X,10.0,20.0,1.3673549721938874e-10,5.188022435964233e-11,1.6355995739632034
R4_LHS_03,control,20260813,V52_A_E1_C4_2T,incremental_velocity,X,0.0,0.5,1.9457319570136369e-07,1.8897182941040747e-07,0.029641276736498197
R4_LHS_03,control,20260813,V52_A_E1_C4_2T,incremental_velocity,X,0.5,1.0,2.8006619238561683e-08,3.597255313312954e-08,0.22144477388321632
R4_LHS_03,control,20260813,V52_A_E1_C4_2T,incremental_velocity,X,1.0,2.0,3.2203439286121474e-08,4.271873169571084e-08,0.24615179318737007
R4_LHS_03,control,20260813,V52_A_E1_C4_2T,incremental_velocity,X,2.0,5.0,2.047718837125974e-08,2.6235977154317707e-08,0.2194996873638545
R4_LHS_03,control,20260813,V52_A_E1_C4_2T,incremental_velocity,X,5.0,10.0,8.034915661022814e-08,9.353488842046582e-08,0.14097126786492842
R4_LHS_03,control,20260813,V52_A_E1_C4_2T,incremental_velocity,X,10.0,20.0,1.634657210147301e-07,1.8811219928127758e-07,0.1310200952448303
R4_LHS_03,control,20260813,V52_A_E1_C4_2T,total_displacement,Y,0.0,0.5,0.00010034557665963736,0.0001025826542294725,0.021807561781652753
R4_LHS_03,control,20260813,V52_A_E1_C4_2T,total_displacement,Y,0.5,1.0,7.206237054762315e-08,1.195061152821352e-07,0.39699846842569353
R4_LHS_03,control,20260813,V52_A_E1_C4_2T,total_displacement,Y,1.0,2.0,3.214231823433614e-08,5.615334321315152e-08,0.4275974252801359
R4_LHS_03,control,20260813,V52_A_E1_C4_2T,total_displacement,Y,2.0,5.0,2.577084515257162e-08,2.5475710406065728e-08,0.01158494667279706
R4_LHS_03,control,20260813,V52_A_E1_C4_2T,total_displacement,Y,5.0,10.0,5.0497664991167255e-09,2.8847370426354096e-09,0.7505118922393736
R4_LHS_03,control,20260813,V52_A_E1_C4_2T,total_displacement,Y,10.0,20.0,9.194684003445517e-09,4.306247358536759e-09,1.1351964339015177
R4_LHS_03,control,20260813,V52_A_E1_C4_2T,incremental_velocity,Y,0.0,0.5,3.8136431065520595e-05,3.761555163244237e-05,0.013847449006409824
R4_LHS_03,control,20260813,V52_A_E1_C4_2T,incremental_velocity,Y,0.5,1.0,1.934259610203473e-06,2.7013907882497842e-06,0.2839763803826884
R4_LHS_03,control,20260813,V52_A_E1_C4_2T,incremental_velocity,Y,1.0,2.0,2.805491322737154e-06,3.7676530168168614e-06,0.2553742846767241
R4_LHS_03,control,20260813,V52_A_E1_C4_2T,incremental_velocity,Y,2.0,5.0,1.0088938258863248e-06,2.590480614933093e-06,0.6105379750497062
R4_LHS_03,control,20260813,V52_A_E1_C4_2T,incremental_velocity,Y,5.0,10.0,4.058946788653329e-06,4.37615172997885e-06,0.0724849047514753
R4_LHS_03,control,20260813,V52_A_E1_C4_2T,incremental_velocity,Y,10.0,20.0,2.161625637704289e-05,2.3111291518057675e-05,0.06468851556161023
R4_LHS_03,control,20260813,V52_A_E1_C4_2T,total_displacement,Z,0.0,0.5,5.1134252460015535e-05,5.131688248980094e-05,0.003558868366988294
R4_LHS_03,control,20260813,V52_A_E1_C4_2T,total_displacement,Z,0.5,1.0,3.190482322963943e-08,1.51810933072331e-08,1.101615646775469
R4_LHS_03,control,20260813,V52_A_E1_C4_2T,total_displacement,Z,1.0,2.0,5.9245948304585355e-08,5.940643127389881e-08,0.0027014410034753964
R4_LHS_03,control,20260813,V52_A_E1_C4_2T,total_displacement,Z,2.0,5.0,2.085085367201493e-08,1.7370169944373398e-08,0.20038282519907094
R4_LHS_03,control,20260813,V52_A_E1_C4_2T,total_displacement,Z,5.0,10.0,3.33511399365232e-09,9.994803868572201e-10,2.3368478636577334
R4_LHS_03,control,20260813,V52_A_E1_C4_2T,total_displacement,Z,10.0,20.0,5.391802116033597e-09,6.950220772032743e-10,6.7577422255849395
R4_LHS_03,control,20260813,V52_A_E1_C4_2T,incremental_velocity,Z,0.0,0.5,2.300363496080938e-05,2.2032639701465456e-05,0.044070763762334916
R4_LHS_03,control,20260813,V52_A_E1_C4_2T,incremental_velocity,Z,0.5,1.0,3.0306259647828034e-07,2.817832843995711e-07,0.0755165875933755
R4_LHS_03,control,20260813,V52_A_E1_C4_2T,incremental_velocity,Z,1.0,2.0,1.0521861431611062e-06,2.009899982947592e-06,0.4764982575809386
R4_LHS_03,control,20260813,V52_A_E1_C4_2T,incremental_velocity,Z,2.0,5.0,1.7907879934238906e-07,6.874016704023217e-07,0.7394844862137474
R4_LHS_03,control,20260813,V52_A_E1_C4_2T,incremental_velocity,Z,5.0,10.0,1.1171496574811125e-06,1.3535460680636305e-06,0.17464969694064741
R4_LHS_03,control,20260813,V52_A_E1_C4_2T,incremental_velocity,Z,10.0,20.0,2.4461038093052164e-06,3.834454538703347e-06,0.362072549142182
R4_LHS_03,control,20260813,V52_B_E1_C4_2T,total_displacement,X,0.0,0.5,4.093737751932286e-07,4.325815430313452e-07,0.053649463810884215
R4_LHS_03,control,20260813,V52_B_E1_C4_2T,total_displacement,X,0.5,1.0,1.6196071886721496e-09,2.7358989456397504e-09,0.4080164432778683
R4_LHS_03,control,20260813,V52_B_E1_C4_2T,total_displacement,X,1.0,2.0,6.248549831871211e-10,8.905707677461249e-10,0.29836571576617416
R4_LHS_03,control,20260813,V52_B_E1_C4_2T,total_displacement,X,2.0,5.0,4.328001717536505e-10,1.7105737604207804e-10,1.5301462103989416
R4_LHS_03,control,20260813,V52_B_E1_C4_2T,total_displacement,X,5.0,10.0,1.4180972700816578e-10,8.229161457290865e-11,0.7232585330128056
R4_LHS_03,control,20260813,V52_B_E1_C4_2T,total_displacement,X,10.0,20.0,2.171824116577931e-10,6.852733651441479e-11,2.1692813803161397
R4_LHS_03,control,20260813,V52_B_E1_C4_2T,incremental_velocity,X,0.0,0.5,2.7488637796569155e-07,2.9294675621180877e-07,0.06165071933091845
R4_LHS_03,control,20260813,V52_B_E1_C4_2T,incremental_velocity,X,0.5,1.0,3.869141976741373e-08,5.5471744803280215e-08,0.3025022035159458
R4_LHS_03,control,20260813,V52_B_E1_C4_2T,incremental_velocity,X,1.0,2.0,4.912909214244751e-08,6.153449982329096e-08,0.20160085344754797
R4_LHS_03,control,20260813,V52_B_E1_C4_2T,incremental_velocity,X,2.0,5.0,3.163627603941817e-08,4.1334079070014016e-08,0.2346200338507399
R4_LHS_03,control,20260813,V52_B_E1_C4_2T,incremental_velocity,X,5.0,10.0,1.2534885421612254e-07,1.427989377142978e-07,0.12220037331851984
R4_LHS_03,control,20260813,V52_B_E1_C4_2T,incremental_velocity,X,10.0,20.0,2.430507891895448e-07,2.8375737572387685e-07,0.14345560685599046
R4_LHS_03,control,20260813,V52_B_E1_C4_2T,total_displacement,Y,0.0,0.5,0.00015716520379078187,0.00016028219023949853,0.019446867078988392
R4_LHS_03,control,20260813,V52_B_E1_C4_2T,total_displacement,Y,0.5,1.0,9.038972531696792e-08,1.8670625265654386e-07,0.5158719966211059
R4_LHS_03,control,20260813,V52_B_E1_C4_2T,total_displacement,Y,1.0,2.0,4.344456634944799e-08,8.016661464737087e-08,0.4580715857773496
R4_LHS_03,control,20260813,V52_B_E1_C4_2T,total_displacement,Y,2.0,5.0,2.950881471638695e-08,2.7856081702567766e-08,0.059331137504053
R4_LHS_03,control,20260813,V52_B_E1_C4_2T,total_displacement,Y,5.0,10.0,7.875365897391587e-09,3.5994965311635415e-09,1.187907622415701
R4_LHS_03,control,20260813,V52_B_E1_C4_2T,total_displacement,Y,10.0,20.0,1.5262798554852073e-08,6.297514576610359e-09,1.4236225846208812
R4_LHS_03,control,20260813,V52_B_E1_C4_2T,incremental_velocity,Y,0.0,0.5,5.49852751045256e-05,5.87801968152676e-05,0.06456122837881177
R4_LHS_03,control,20260813,V52_B_E1_C4_2T,incremental_velocity,Y,0.5,1.0,2.5453882971987754e-06,4.219096773975762e-06,0.3966982902835406
R4_LHS_03,control,20260813,V52_B_E1_C4_2T,incremental_velocity,Y,1.0,2.0,4.545535551533694e-06,5.799819967369959e-06,0.2162626465809152
R4_LHS_03,control,20260813,V52_B_E1_C4_2T,incremental_velocity,Y,2.0,5.0,1.7140239530151672e-06,3.4040061872286066e-06,0.4964686141153431
R4_LHS_03,control,20260813,V52_B_E1_C4_2T,incremental_velocity,Y,5.0,10.0,6.4198219063402374e-06,6.495218149142818e-06,0.011607961591333258
R4_LHS_03,control,20260813,V52_B_E1_C4_2T,incremental_velocity,Y,10.0,20.0,3.365310586316539e-05,3.4590012176991524e-05,0.027086035964142843
R4_LHS_03,control,20260813,V52_B_E1_C4_2T,total_displacement,Z,0.0,0.5,7.840903524559374e-05,8.013654332666115e-05,0.021557057608855814
R4_LHS_03,control,20260813,V52_B_E1_C4_2T,total_displacement,Z,0.5,1.0,3.5379498727471264e-08,2.2769814854034047e-08,0.5537894776163805
R4_LHS_03,control,20260813,V52_B_E1_C4_2T,total_displacement,Z,1.0,2.0,6.710447808856873e-08,6.728784258987377e-08,0.0027250762433068225
R4_LHS_03,control,20260813,V52_B_E1_C4_2T,total_displacement,Z,2.0,5.0,2.3286977908019566e-08,1.7707112395369804e-08,0.3151200143795794
R4_LHS_03,control,20260813,V52_B_E1_C4_2T,total_displacement,Z,5.0,10.0,4.9784807033658006e-09,1.3087435010959436e-09,2.804015606722642
R4_LHS_03,control,20260813,V52_B_E1_C4_2T,total_displacement,Z,10.0,20.0,9.248775854251604e-09,9.518520487025025e-10,8.716610755693473
R4_LHS_03,control,20260813,V52_B_E1_C4_2T,incremental_velocity,Z,0.0,0.5,3.4622805706430354e-05,3.44126097467787e-05,0.006108108661283149
R4_LHS_03,control,20260813,V52_B_E1_C4_2T,incremental_velocity,Z,0.5,1.0,4.059048907665997e-07,4.348333831778351e-07,0.06652776334655161
R4_LHS_03,control,20260813,V52_B_E1_C4_2T,incremental_velocity,Z,1.0,2.0,1.7339659665141116e-06,2.725190893679588e-06,0.3637267867966166
R4_LHS_03,control,20260813,V52_B_E1_C4_2T,incremental_velocity,Z,2.0,5.0,2.6167326916450316e-07,8.054864398975298e-07,0.6751363446940312
R4_LHS_03,control,20260813,V52_B_E1_C4_2T,incremental_velocity,Z,5.0,10.0,1.950209188063228e-06,2.1500413633167335e-06,0.09294340967712227
R4_LHS_03,control,20260813,V52_B_E1_C4_2T,incremental_velocity,Z,10.0,20.0,3.7229135089611815e-06,5.6874337481455025e-06,0.34541417556290493
R4_LHS_03,control,20260813,V52_CPLUS_E1_C4_2T,total_displacement,X,0.0,0.5,9.875417202129824e-07,9.883778994468947e-07,0.0008460116665702666
R4_LHS_03,control,20260813,V52_CPLUS_E1_C4_2T,total_displacement,X,0.5,1.0,2.01652934705679e-09,2.2174957290881968e-09,0.09062762980564623
R4_LHS_03,control,20260813,V52_CPLUS_E1_C4_2T,total_displacement,X,1.0,2.0,1.3034174794156395e-09,1.810588316337212e-09,0.28011383501445
R4_LHS_03,control,20260813,V52_CPLUS_E1_C4_2T,total_displacement,X,2.0,5.0,3.794212546840385e-10,2.9990858504888033e-10,0.26512301947674777
R4_LHS_03,control,20260813,V52_CPLUS_E1_C4_2T,total_displacement,X,5.0,10.0,2.228373945840043e-10,1.5103439596856096e-10,0.4754082548877789
R4_LHS_03,control,20260813,V52_CPLUS_E1_C4_2T,total_displacement,X,10.0,20.0,4.106763602454926e-10,1.2474799959564653e-10,2.2920476606971136
R4_LHS_03,control,20260813,V52_CPLUS_E1_C4_2T,incremental_velocity,X,0.0,0.5,6.79618392108085e-07,6.852143398746832e-07,0.008166711408318757
R4_LHS_03,control,20260813,V52_CPLUS_E1_C4_2T,incremental_velocity,X,0.5,1.0,4.076721895764398e-08,3.8336776351290334e-08,0.06339715640362768
R4_LHS_03,control,20260813,V52_CPLUS_E1_C4_2T,incremental_velocity,X,1.0,2.0,1.2208770576982162e-07,1.40382312624323e-07,0.13031988512298961
R4_LHS_03,control,20260813,V52_CPLUS_E1_C4_2T,incremental_velocity,X,2.0,5.0,7.165577997921181e-08,9.121803844233832e-08,0.21445603081557607
R4_LHS_03,control,20260813,V52_CPLUS_E1_C4_2T,incremental_velocity,X,5.0,10.0,2.777413199234339e-07,3.348353931579903e-07,0.17051385367620578
R4_LHS_03,control,20260813,V52_CPLUS_E1_C4_2T,incremental_velocity,X,10.0,20.0,5.212333245821717e-07,6.156054724507358e-07,0.15329972213025814
R4_LHS_03,control,20260813,V52_CPLUS_E1_C4_2T,total_displacement,Y,0.0,0.5,0.000379250678561279,0.000374835309965298,0.011779489494705635
R4_LHS_03,control,20260813,V52_CPLUS_E1_C4_2T,total_displacement,Y,0.5,1.0,1.3644441426093037e-07,1.3855066360923705e-07,0.01520201559082434
R4_LHS_03,control,20260813,V52_CPLUS_E1_C4_2T,total_displacement,Y,1.0,2.0,8.973433341746018e-08,1.7698961902322182e-07,0.4929966293351553
R4_LHS_03,control,20260813,V52_CPLUS_E1_C4_2T,total_displacement,Y,2.0,5.0,3.869368833483665e-08,3.6791635635018194e-08,0.05169796523012119
R4_LHS_03,control,20260813,V52_CPLUS_E1_C4_2T,total_displacement,Y,5.0,10.0,1.3508008359749807e-08,6.21023604037568e-09,1.17511995871459
R4_LHS_03,control,20260813,V52_CPLUS_E1_C4_2T,total_displacement,Y,10.0,20.0,3.132563943277813e-08,1.3063892300366874e-08,1.3978794920024267
R4_LHS_03,control,20260813,V52_CPLUS_E1_C4_2T,incremental_velocity,Y,0.0,0.5,0.00013860397685205362,0.00013792406561765518,0.00492960551411855
R4_LHS_03,control,20260813,V52_CPLUS_E1_C4_2T,incremental_velocity,Y,0.5,1.0,2.8493159061553914e-06,2.8021316542311334e-06,0.01683869915712608
R4_LHS_03,control,20260813,V52_CPLUS_E1_C4_2T,incremental_velocity,Y,1.0,2.0,1.0181603855639304e-05,1.4024670105749549e-05,0.2740218644098261
R4_LHS_03,control,20260813,V52_CPLUS_E1_C4_2T,incremental_velocity,Y,2.0,5.0,3.824472443116566e-06,5.9944966166145855e-06,0.36200273555639256
R4_LHS_03,control,20260813,V52_CPLUS_E1_C4_2T,incremental_velocity,Y,5.0,10.0,1.3288177011849913e-05,1.4037474289248922e-05,0.053378354393345824
R4_LHS_03,control,20260813,V52_CPLUS_E1_C4_2T,incremental_velocity,Y,10.0,20.0,7.051152752521698e-05,7.499412654343023e-05,0.05977266787176071
R4_LHS_03,control,20260813,V52_CPLUS_E1_C4_2T,total_displacement,Z,0.0,0.5,0.00018824551169871736,0.0001873321259503846,0.004875756059986565
R4_LHS_03,control,20260813,V52_CPLUS_E1_C4_2T,total_displacement,Z,0.5,1.0,4.943824257182249e-08,2.5890878169310823e-08,0.9094849641068959
R4_LHS_03,control,20260813,V52_CPLUS_E1_C4_2T,total_displacement,Z,1.0,2.0,9.375030622849076e-08,1.0219754355018407e-07,0.08265597223034318
R4_LHS_03,control,20260813,V52_CPLUS_E1_C4_2T,total_displacement,Z,2.0,5.0,2.6617702006803688e-08,1.8610892329044628e-08,0.4302216968534835
R4_LHS_03,control,20260813,V52_CPLUS_E1_C4_2T,total_displacement,Z,5.0,10.0,8.979405584337323e-09,2.3734204863044765e-09,2.783318479027147
R4_LHS_03,control,20260813,V52_CPLUS_E1_C4_2T,total_displacement,Z,10.0,20.0,1.776458823877169e-08,1.7893946682078382e-09,8.92770826603823
R4_LHS_03,control,20260813,V52_CPLUS_E1_C4_2T,incremental_velocity,Z,0.0,0.5,8.297049834581066e-05,8.067775444138251e-05,0.028418538918233992
R4_LHS_03,control,20260813,V52_CPLUS_E1_C4_2T,incremental_velocity,Z,0.5,1.0,4.768350128255289e-07,3.9295420211115987e-07,0.21346205299171378
R4_LHS_03,control,20260813,V52_CPLUS_E1_C4_2T,incremental_velocity,Z,1.0,2.0,4.134782500244783e-06,5.89283289423744e-06,0.2983370520674093
R4_LHS_03,control,20260813,V52_CPLUS_E1_C4_2T,incremental_velocity,Z,2.0,5.0,7.210942113752529e-07,1.1462705390111388e-06,0.3709214475691539
R4_LHS_03,control,20260813,V52_CPLUS_E1_C4_2T,incremental_velocity,Z,5.0,10.0,4.21205257002123e-06,4.971598103685499e-06,0.15277693768150935
R4_LHS_03,control,20260813,V52_CPLUS_E1_C4_2T,incremental_velocity,Z,10.0,20.0,8.72153893899089e-06,1.186309031030428e-05,0.26481728530589027
R4_LHS_03,control,20260813,V52_C_E1_C4_2T,total_displacement,X,0.0,0.5,5.897445319990088e-07,6.151438382745732e-07,0.041290027949897584
R4_LHS_03,control,20260813,V52_C_E1_C4_2T,total_displacement,X,0.5,1.0,1.8108693044481482e-09,3.815143468051638e-09,0.5253469968790075
R4_LHS_03,control,20260813,V52_C_E1_C4_2T,total_displacement,X,1.0,2.0,7.169749501289651e-10,1.1651552264414012e-09,0.384652848085539
R4_LHS_03,control,20260813,V52_C_E1_C4_2T,total_displacement,X,2.0,5.0,3.051707705807723e-10,2.1317211797922062e-10,0.4315698200761857
R4_LHS_03,control,20260813,V52_C_E1_C4_2T,total_displacement,X,5.0,10.0,1.565148625931865e-10,1.0468787866641101e-10,0.49506193636727236
R4_LHS_03,control,20260813,V52_C_E1_C4_2T,total_displacement,X,10.0,20.0,2.422807564423388e-10,8.872702835107111e-11,1.7306308003880537
R4_LHS_03,control,20260813,V52_C_E1_C4_2T,incremental_velocity,X,0.0,0.5,3.8156857310758336e-07,4.199735790736341e-07,0.09144624300119883
R4_LHS_03,control,20260813,V52_C_E1_C4_2T,incremental_velocity,X,0.5,1.0,5.251346585258329e-08,7.92907044047084e-08,0.3377096817736814
R4_LHS_03,control,20260813,V52_C_E1_C4_2T,incremental_velocity,X,1.0,2.0,6.237175650415143e-08,8.464134282348778e-08,0.26310530500180807
R4_LHS_03,control,20260813,V52_C_E1_C4_2T,incremental_velocity,X,2.0,5.0,3.90808108457738e-08,5.9530633280705525e-08,0.34351763634874205
R4_LHS_03,control,20260813,V52_C_E1_C4_2T,incremental_velocity,X,5.0,10.0,1.6966961923141782e-07,2.0321048318110852e-07,0.1650547915867011
R4_LHS_03,control,20260813,V52_C_E1_C4_2T,incremental_velocity,X,10.0,20.0,3.2309631965898307e-07,4.0097040608525044e-07,0.19421404982618726
R4_LHS_03,control,20260813,V52_C_E1_C4_2T,total_displacement,Y,0.0,0.5,0.00022222866877893982,0.00023080321843175366,0.037150910247593684
R4_LHS_03,control,20260813,V52_C_E1_C4_2T,total_displacement,Y,0.5,1.0,1.3842068907315353e-07,2.688638321730616e-07,0.4851643378196914
R4_LHS_03,control,20260813,V52_C_E1_C4_2T,total_displacement,Y,1.0,2.0,5.247161340638222e-08,1.0952283435062216e-07,0.5209070901287888
R4_LHS_03,control,20260813,V52_C_E1_C4_2T,total_displacement,Y,2.0,5.0,3.066818780795015e-08,3.0562368269417355e-08,0.003462412912505995
R4_LHS_03,control,20260813,V52_C_E1_C4_2T,total_displacement,Y,5.0,10.0,1.1112731741382478e-08,4.531737523401473e-09,1.4522011003500004
R4_LHS_03,control,20260813,V52_C_E1_C4_2T,total_displacement,Y,10.0,20.0,1.8688009455218238e-08,8.717337705721765e-09,1.143774864079438
R4_LHS_03,control,20260813,V52_C_E1_C4_2T,incremental_velocity,Y,0.0,0.5,7.63744165290527e-05,8.462011665929576e-05,0.09744373389890909
R4_LHS_03,control,20260813,V52_C_E1_C4_2T,incremental_velocity,Y,0.5,1.0,3.4100633423983083e-06,6.037983989998664e-06,0.43523146996634166
R4_LHS_03,control,20260813,V52_C_E1_C4_2T,incremental_velocity,Y,1.0,2.0,5.5745237016410515e-06,8.198558394450965e-06,0.32006049924410374
R4_LHS_03,control,20260813,V52_C_E1_C4_2T,incremental_velocity,Y,2.0,5.0,2.2304053477818846e-06,4.248557842483275e-06,0.4750205998188279
R4_LHS_03,control,20260813,V52_C_E1_C4_2T,incremental_velocity,Y,5.0,10.0,8.75005667069922e-06,9.368806925247743e-06,0.06604365523651363
R4_LHS_03,control,20260813,V52_C_E1_C4_2T,incremental_velocity,Y,10.0,20.0,4.4132691395396085e-05,4.904332462056651e-05,0.10012847340922583
R4_LHS_03,control,20260813,V52_C_E1_C4_2T,total_displacement,Z,0.0,0.5,0.00010493702254054956,0.00011536029564433995,0.09035407759291571
R4_LHS_03,control,20260813,V52_C_E1_C4_2T,total_displacement,Z,0.5,1.0,6.031082031789338e-08,3.213303577148152e-08,0.8769101290896394
R4_LHS_03,control,20260813,V52_C_E1_C4_2T,total_displacement,Z,1.0,2.0,8.017464429795766e-08,7.713172786012262e-08,0.03945090460508462
R4_LHS_03,control,20260813,V52_C_E1_C4_2T,total_displacement,Z,2.0,5.0,2.2615402861543896e-08,1.787120707409753e-08,0.2654658841887959
R4_LHS_03,control,20260813,V52_C_E1_C4_2T,total_displacement,Z,5.0,10.0,8.321849412737485e-09,1.6835865701836047e-09,3.942929315378145
R4_LHS_03,control,20260813,V52_C_E1_C4_2T,total_displacement,Z,10.0,20.0,1.1954121685962212e-08,1.2617412232281946e-09,8.474305401053087
R4_LHS_03,control,20260813,V52_C_E1_C4_2T,incremental_velocity,Z,0.0,0.5,4.542262382145653e-05,4.9550641558230855e-05,0.0833090673896355
R4_LHS_03,control,20260813,V52_C_E1_C4_2T,incremental_velocity,Z,0.5,1.0,5.753158176040242e-07,6.255220777136546e-07,0.08026297056234898
R4_LHS_03,control,20260813,V52_C_E1_C4_2T,incremental_velocity,Z,1.0,2.0,2.195312142104925e-06,3.5639746578421375e-06,0.3840270055584205
R4_LHS_03,control,20260813,V52_C_E1_C4_2T,incremental_velocity,Z,2.0,5.0,3.2913701940252486e-07,9.021437166733592e-07,0.6351612128761341
R4_LHS_03,control,20260813,V52_C_E1_C4_2T,incremental_velocity,Z,5.0,10.0,2.6883833909182863e-06,3.127147991856548e-06,0.14030823040062543
R4_LHS_03,control,20260813,V52_C_E1_C4_2T,incremental_velocity,Z,10.0,20.0,4.436254463656034e-06,7.913055642109307e-06,0.43937529769808314
R4_LHS_03,control,20260813,V40_A_E2_C5_2T,total_displacement,X,0.0,0.5,3.2344534227939127e-07,3.592867287871754e-07,0.09975705651241816
R4_LHS_03,control,20260813,V40_A_E2_C5_2T,total_displacement,X,0.5,1.0,1.773657939549296e-08,1.8537320635853272e-08,0.043196169289513565
R4_LHS_03,control,20260813,V40_A_E2_C5_2T,total_displacement,X,1.0,2.0,5.276897704992172e-05,5.272140237456144e-05,0.0009023787914875457
R4_LHS_03,control,20260813,V40_A_E2_C5_2T,total_displacement,X,2.0,5.0,4.021774818044189e-06,4.029997873520914e-06,0.002040461492735417
R4_LHS_03,control,20260813,V40_A_E2_C5_2T,total_displacement,X,5.0,10.0,3.5870182136816444e-10,3.1293077172056606e-10,0.1462657360154724
R4_LHS_03,control,20260813,V40_A_E2_C5_2T,total_displacement,X,10.0,20.0,1.1768429675750447e-10,8.389140743648807e-11,0.4028170506806682
R4_LHS_03,control,20260813,V40_A_E2_C5_2T,incremental_velocity,X,0.0,0.5,1.5893597614244628e-07,1.54245674965118e-07,0.030407991526433243
R4_LHS_03,control,20260813,V40_A_E2_C5_2T,incremental_velocity,X,0.5,1.0,1.9453377962988376e-08,2.8457773157115066e-08,0.31641250158308304
R4_LHS_03,control,20260813,V40_A_E2_C5_2T,incremental_velocity,X,1.0,2.0,2.002909052304442e-07,8.656586560165303e-08,1.3137399925291053
R4_LHS_03,control,20260813,V40_A_E2_C5_2T,incremental_velocity,X,2.0,5.0,2.0117099315083113e-07,3.079349599142996e-07,0.34670947005556507
R4_LHS_03,control,20260813,V40_A_E2_C5_2T,incremental_velocity,X,5.0,10.0,3.46493081361603e-07,3.6953230948335206e-07,0.06234699248344617
R4_LHS_03,control,20260813,V40_A_E2_C5_2T,incremental_velocity,X,10.0,20.0,3.022443013417533e-08,6.588572657383529e-08,0.5412598189942686
R4_LHS_03,control,20260813,V40_A_E2_C5_2T,total_displacement,Y,0.0,0.5,0.00012427694727451907,0.0001285037472130364,0.03289242555324125
R4_LHS_03,control,20260813,V40_A_E2_C5_2T,total_displacement,Y,0.5,1.0,3.3564211304825055e-08,1.1327123318498483e-07,0.703682829602368
R4_LHS_03,control,20260813,V40_A_E2_C5_2T,total_displacement,Y,1.0,2.0,4.0010310986243777e-07,4.1232314711209196e-07,0.029637039140885568
R4_LHS_03,control,20260813,V40_A_E2_C5_2T,total_displacement,Y,2.0,5.0,1.675777070481125e-07,1.392356854089064e-07,0.20355429397263658
R4_LHS_03,control,20260813,V40_A_E2_C5_2T,total_displacement,Y,5.0,10.0,1.4922842375260653e-08,4.893430431193419e-09,2.0495666761979985
R4_LHS_03,control,20260813,V40_A_E2_C5_2T,total_displacement,Y,10.0,20.0,4.772493700769717e-09,9.499995955384679e-10,4.023679718584118
R4_LHS_03,control,20260813,V40_A_E2_C5_2T,incremental_velocity,Y,0.0,0.5,3.028068587035727e-05,2.9249726560872095e-05,0.03524680161845707
R4_LHS_03,control,20260813,V40_A_E2_C5_2T,incremental_velocity,Y,0.5,1.0,1.13292756071705e-06,1.8992958825701208e-06,0.40350128112531036
R4_LHS_03,control,20260813,V40_A_E2_C5_2T,incremental_velocity,Y,1.0,2.0,3.192680383899723e-06,3.0270750553264232e-06,0.05470803516480429
R4_LHS_03,control,20260813,V40_A_E2_C5_2T,incremental_velocity,Y,2.0,5.0,7.882196381095447e-07,5.353957946353832e-07,0.4722185829762452
R4_LHS_03,control,20260813,V40_A_E2_C5_2T,incremental_velocity,Y,5.0,10.0,9.418311348633741e-06,8.581258476914171e-06,0.09754430238542058
R4_LHS_03,control,20260813,V40_A_E2_C5_2T,incremental_velocity,Y,10.0,20.0,4.818155814913174e-06,5.690971037796249e-06,0.15336841763669573
R4_LHS_03,control,20260813,V40_A_E2_C5_2T,total_displacement,Z,0.0,0.5,6.402311337762546e-05,6.541829472396899e-05,0.021327082159974656
R4_LHS_03,control,20260813,V40_A_E2_C5_2T,total_displacement,Z,0.5,1.0,1.3831998268571118e-08,1.1098271466421513e-08,0.24632005176848118
R4_LHS_03,control,20260813,V40_A_E2_C5_2T,total_displacement,Z,1.0,2.0,2.3477152459304313e-07,2.3020501653320538e-07,0.019836700905164952
R4_LHS_03,control,20260813,V40_A_E2_C5_2T,total_displacement,Z,2.0,5.0,5.5256130758020283e-08,3.701707973429377e-08,0.4927198783546745
R4_LHS_03,control,20260813,V40_A_E2_C5_2T,total_displacement,Z,5.0,10.0,9.918763202764519e-09,4.86281543850794e-09,1.0397161537777582
R4_LHS_03,control,20260813,V40_A_E2_C5_2T,total_displacement,Z,10.0,20.0,3.901008652012723e-09,3.477660374494447e-10,10.217336461671646
R4_LHS_03,control,20260813,V40_A_E2_C5_2T,incremental_velocity,Z,0.0,0.5,1.7577904663373494e-05,1.6928709777067186e-05,0.03834875160927816
R4_LHS_03,control,20260813,V40_A_E2_C5_2T,incremental_velocity,Z,0.5,1.0,1.323742226611295e-07,1.5632141682679613e-07,0.1531920235357135
R4_LHS_03,control,20260813,V40_A_E2_C5_2T,incremental_velocity,Z,1.0,2.0,2.001781364423352e-06,1.9488711092619854e-06,0.027149181343964317
R4_LHS_03,control,20260813,V40_A_E2_C5_2T,incremental_velocity,Z,2.0,5.0,4.1793059474072043e-07,8.943658023259895e-08,3.672926823161201
R4_LHS_03,control,20260813,V40_A_E2_C5_2T,incremental_velocity,Z,5.0,10.0,1.1621802597600365e-05,1.1419743400294104e-05,0.01769384742051711
R4_LHS_03,control,20260813,V40_A_E2_C5_2T,incremental_velocity,Z,10.0,20.0,1.0829717076205186e-06,2.057240233893485e-06,0.473580338465911
R4_LHS_03,control,20260813,V40_B_E2_C5_2T,total_displacement,X,0.0,0.5,5.403458863735022e-07,5.519233902398249e-07,0.020976650149383897
R4_LHS_03,control,20260813,V40_B_E2_C5_2T,total_displacement,X,0.5,1.0,1.8182890988967177e-08,1.930486379320399e-08,0.05811865943502731
R4_LHS_03,control,20260813,V40_B_E2_C5_2T,total_displacement,X,1.0,2.0,5.273732283771073e-05,5.2733203385269426e-05,7.811875965896406e-05
R4_LHS_03,control,20260813,V40_B_E2_C5_2T,total_displacement,X,2.0,5.0,4.031504317484784e-06,4.0296099014893984e-06,0.00047012391812050256
R4_LHS_03,control,20260813,V40_B_E2_C5_2T,total_displacement,X,5.0,10.0,3.9806299010668185e-10,3.988646662152626e-10,0.0020098950257681756
R4_LHS_03,control,20260813,V40_B_E2_C5_2T,total_displacement,X,10.0,20.0,1.4238908359209385e-10,8.564822805409443e-11,0.6624872087506883
R4_LHS_03,control,20260813,V40_B_E2_C5_2T,incremental_velocity,X,0.0,0.5,2.5874976287963344e-07,2.396227639070902e-07,0.079821293522678
R4_LHS_03,control,20260813,V40_B_E2_C5_2T,incremental_velocity,X,0.5,1.0,3.0926073299984105e-08,4.1108307750528044e-08,0.24769286326103135
R4_LHS_03,control,20260813,V40_B_E2_C5_2T,incremental_velocity,X,1.0,2.0,7.828552329104693e-08,4.248251128990667e-07,0.8157229388893339
R4_LHS_03,control,20260813,V40_B_E2_C5_2T,incremental_velocity,X,2.0,5.0,2.469141175062509e-07,3.38365345438141e-07,0.2702736233625585
R4_LHS_03,control,20260813,V40_B_E2_C5_2T,incremental_velocity,X,5.0,10.0,4.994663924786159e-07,5.697072003975003e-07,0.12329282106646271
R4_LHS_03,control,20260813,V40_B_E2_C5_2T,incremental_velocity,X,10.0,20.0,4.694624786520313e-08,9.083687877934247e-08,0.4831807466740112
R4_LHS_03,control,20260813,V40_B_E2_C5_2T,total_displacement,Y,0.0,0.5,0.00019943490623412934,0.00020078424969580726,0.006720365087013605
R4_LHS_03,control,20260813,V40_B_E2_C5_2T,total_displacement,Y,0.5,1.0,7.957805125931756e-08,1.7688264560152002e-07,0.5501082031609227
R4_LHS_03,control,20260813,V40_B_E2_C5_2T,total_displacement,Y,1.0,2.0,4.0529187472474857e-07,4.3836000736618197e-07,0.07543601625549315
R4_LHS_03,control,20260813,V40_B_E2_C5_2T,total_displacement,Y,2.0,5.0,1.5836975339238278e-07,1.4017971555115026e-07,0.1297622681692142
R4_LHS_03,control,20260813,V40_B_E2_C5_2T,total_displacement,Y,5.0,10.0,1.3906217446881013e-08,6.785250958792554e-09,1.0494772457694985
R4_LHS_03,control,20260813,V40_B_E2_C5_2T,total_displacement,Y,10.0,20.0,7.780302902539373e-09,1.2669009351055821e-09,5.141208587781941
R4_LHS_03,control,20260813,V40_B_E2_C5_2T,incremental_velocity,Y,0.0,0.5,4.878234872978059e-05,4.570516947123648e-05,0.06732672242864482
R4_LHS_03,control,20260813,V40_B_E2_C5_2T,incremental_velocity,Y,0.5,1.0,1.9393667713032724e-06,2.9864823444814303e-06,0.3506183705097302
R4_LHS_03,control,20260813,V40_B_E2_C5_2T,incremental_velocity,Y,1.0,2.0,3.5074090593569698e-06,4.64603486848244e-06,0.24507474467090817
R4_LHS_03,control,20260813,V40_B_E2_C5_2T,incremental_velocity,Y,2.0,5.0,9.727758659506749e-07,8.080251453151263e-07,0.20389306148547703
R4_LHS_03,control,20260813,V40_B_E2_C5_2T,incremental_velocity,Y,5.0,10.0,1.2573229236995658e-05,1.3215351516806687e-05,0.048589118419923
R4_LHS_03,control,20260813,V40_B_E2_C5_2T,incremental_velocity,Y,10.0,20.0,7.136546739081016e-06,8.992099159258234e-06,0.20635364304971524
R4_LHS_03,control,20260813,V40_B_E2_C5_2T,total_displacement,Z,0.0,0.5,0.00010191367844301399,0.00010216983951128017,0.002507208286628438
R4_LHS_03,control,20260813,V40_B_E2_C5_2T,total_displacement,Z,0.5,1.0,2.875947511963055e-08,1.6277180894657813e-08,0.7668584815611061
R4_LHS_03,control,20260813,V40_B_E2_C5_2T,total_displacement,Z,1.0,2.0,2.3798641114226454e-07,2.4052107929715407e-07,0.010538237073841052
R4_LHS_03,control,20260813,V40_B_E2_C5_2T,total_displacement,Z,2.0,5.0,4.857914267356155e-08,3.706340627089637e-08,0.31070367139211874
R4_LHS_03,control,20260813,V40_B_E2_C5_2T,total_displacement,Z,5.0,10.0,8.658315487463608e-09,7.978073367083233e-09,0.08526395898876898
R4_LHS_03,control,20260813,V40_B_E2_C5_2T,total_displacement,Z,10.0,20.0,5.355747913113156e-09,4.560659517549313e-10,10.743362758180831
R4_LHS_03,control,20260813,V40_B_E2_C5_2T,incremental_velocity,Z,0.0,0.5,2.717586582209874e-05,2.6439875127350176e-05,0.027836390724373477
R4_LHS_03,control,20260813,V40_B_E2_C5_2T,incremental_velocity,Z,0.5,1.0,2.4514056262202136e-07,2.352796975102412e-07,0.041911245280102996
R4_LHS_03,control,20260813,V40_B_E2_C5_2T,incremental_velocity,Z,1.0,2.0,1.8485697479811943e-06,3.0428587364403067e-06,0.3924891333786508
R4_LHS_03,control,20260813,V40_B_E2_C5_2T,incremental_velocity,Z,2.0,5.0,3.839666070373989e-07,1.3329646901664593e-07,1.8805459729728435
R4_LHS_03,control,20260813,V40_B_E2_C5_2T,incremental_velocity,Z,5.0,10.0,1.770101743956691e-05,1.9544506364111033e-05,0.09432261374118225
R4_LHS_03,control,20260813,V40_B_E2_C5_2T,incremental_velocity,Z,10.0,20.0,1.8869047822455727e-06,3.233305018628176e-06,0.4164160908499294
R4_LHS_03,control,20260813,V40_CPLUS_E2_C5_2T,total_displacement,X,0.0,0.5,1.2354251481537232e-06,1.2682236755892008e-06,0.025861784531218308
R4_LHS_03,control,20260813,V40_CPLUS_E2_C5_2T,total_displacement,X,0.5,1.0,1.780956034326523e-08,1.824578536550905e-08,0.023908262292092874
R4_LHS_03,control,20260813,V40_CPLUS_E2_C5_2T,total_displacement,X,1.0,2.0,5.2731596449613556e-05,5.271267338814256e-05,0.00035898504580969776
R4_LHS_03,control,20260813,V40_CPLUS_E2_C5_2T,total_displacement,X,2.0,5.0,4.035951361918147e-06,4.038832027021344e-06,0.0007132421165138513
R4_LHS_03,control,20260813,V40_CPLUS_E2_C5_2T,total_displacement,X,5.0,10.0,5.921955772576142e-10,6.286258678954346e-10,0.057952261429814654
R4_LHS_03,control,20260813,V40_CPLUS_E2_C5_2T,total_displacement,X,10.0,20.0,2.8670861549452907e-10,8.947399296394459e-11,2.2043793508809233
R4_LHS_03,control,20260813,V40_CPLUS_E2_C5_2T,incremental_velocity,X,0.0,0.5,6.023468028587701e-07,5.432354710908092e-07,0.10881346103792913
R4_LHS_03,control,20260813,V40_CPLUS_E2_C5_2T,incremental_velocity,X,0.5,1.0,2.9688823545027428e-08,3.1083014766930026e-08,0.044853796594592626
R4_LHS_03,control,20260813,V40_CPLUS_E2_C5_2T,incremental_velocity,X,1.0,2.0,1.5649184535330085e-07,2.0154164112793942e-07,0.22352599454144956
R4_LHS_03,control,20260813,V40_CPLUS_E2_C5_2T,incremental_velocity,X,2.0,5.0,4.338262805371228e-07,4.7604886313637557e-07,0.08869379987818
R4_LHS_03,control,20260813,V40_CPLUS_E2_C5_2T,incremental_velocity,X,5.0,10.0,1.0540765284726183e-06,1.1875721617972172e-06,0.11241054448646956
R4_LHS_03,control,20260813,V40_CPLUS_E2_C5_2T,incremental_velocity,X,10.0,20.0,1.1539921295905797e-07,1.6888374350759078e-07,0.3166943687870636
R4_LHS_03,control,20260813,V40_CPLUS_E2_C5_2T,total_displacement,Y,0.0,0.5,0.00046108865807279934,0.0004695784687610215,0.018079642174868963
R4_LHS_03,control,20260813,V40_CPLUS_E2_C5_2T,total_displacement,Y,0.5,1.0,8.511050366096871e-08,1.1873041778903406e-07,0.2831617605170297
R4_LHS_03,control,20260813,V40_CPLUS_E2_C5_2T,total_displacement,Y,1.0,2.0,4.5453584302093315e-07,5.429860108955015e-07,0.16289585016876384
R4_LHS_03,control,20260813,V40_CPLUS_E2_C5_2T,total_displacement,Y,2.0,5.0,1.718706932052561e-07,1.4386882807295284e-07,0.19463469263893712
R4_LHS_03,control,20260813,V40_CPLUS_E2_C5_2T,total_displacement,Y,5.0,10.0,2.731889511167838e-08,1.3129765821617443e-08,1.0806841098947333
R4_LHS_03,control,20260813,V40_CPLUS_E2_C5_2T,total_displacement,Y,10.0,20.0,1.8841448248021207e-08,2.3921882330514924e-09,6.876239832509718
R4_LHS_03,control,20260813,V40_CPLUS_E2_C5_2T,incremental_velocity,Y,0.0,0.5,0.00011554553021898896,0.00010697551192663365,0.0801119633644084
R4_LHS_03,control,20260813,V40_CPLUS_E2_C5_2T,incremental_velocity,Y,0.5,1.0,1.9573373832127375e-06,2.4014951052381e-06,0.1849505006512706
R4_LHS_03,control,20260813,V40_CPLUS_E2_C5_2T,incremental_velocity,Y,1.0,2.0,8.215178949604245e-06,1.1390933632370968e-05,0.2787966979055873
R4_LHS_03,control,20260813,V40_CPLUS_E2_C5_2T,incremental_velocity,Y,2.0,5.0,2.053911836737119e-06,1.9064810454834706e-06,0.0773313700668139
R4_LHS_03,control,20260813,V40_CPLUS_E2_C5_2T,incremental_velocity,Y,5.0,10.0,2.7912647691807014e-05,2.8598539700782098e-05,0.02398346265758202
R4_LHS_03,control,20260813,V40_CPLUS_E2_C5_2T,incremental_velocity,Y,10.0,20.0,1.812608837271231e-05,2.0825907748608534e-05,0.12963753649953672
R4_LHS_03,control,20260813,V40_CPLUS_E2_C5_2T,total_displacement,Z,0.0,0.5,0.0002335419712822309,0.0002388808048362328,0.02234936188222409
R4_LHS_03,control,20260813,V40_CPLUS_E2_C5_2T,total_displacement,Z,0.5,1.0,2.7668786636442887e-08,1.0402310671645004e-08,1.6598692838374334
R4_LHS_03,control,20260813,V40_CPLUS_E2_C5_2T,total_displacement,Z,1.0,2.0,2.608142871883819e-07,2.7694539525763426e-07,0.05824652926345309
R4_LHS_03,control,20260813,V40_CPLUS_E2_C5_2T,total_displacement,Z,2.0,5.0,5.4195699037789506e-08,3.808542334936631e-08,0.4230037182635453
R4_LHS_03,control,20260813,V40_CPLUS_E2_C5_2T,total_displacement,Z,5.0,10.0,1.6344391932946963e-08,1.9568480360256706e-08,0.16475926428389498
R4_LHS_03,control,20260813,V40_CPLUS_E2_C5_2T,total_displacement,Z,10.0,20.0,1.1789494903037534e-08,8.555977549057899e-10,12.779249460905469
R4_LHS_03,control,20260813,V40_CPLUS_E2_C5_2T,incremental_velocity,Z,0.0,0.5,6.494624077927435e-05,6.198478290368468e-05,0.047777175894789296
R4_LHS_03,control,20260813,V40_CPLUS_E2_C5_2T,incremental_velocity,Z,0.5,1.0,2.2054747706343624e-07,1.6952405896667884e-07,0.300980394215233
R4_LHS_03,control,20260813,V40_CPLUS_E2_C5_2T,incremental_velocity,Z,1.0,2.0,4.160001004927756e-06,7.113900489679441e-06,0.41522923873296835
R4_LHS_03,control,20260813,V40_CPLUS_E2_C5_2T,incremental_velocity,Z,2.0,5.0,6.870014840070592e-07,3.269368620698599e-07,1.101327698741602
R4_LHS_03,control,20260813,V40_CPLUS_E2_C5_2T,incremental_velocity,Z,5.0,10.0,4.311595342737314e-05,4.957653821062482e-05,0.130315367236898
R4_LHS_03,control,20260813,V40_CPLUS_E2_C5_2T,incremental_velocity,Z,10.0,20.0,4.966659083975112e-06,7.66695068746096e-06,0.35219890065317416
R4_LHS_03,control,20260813,V40_C_E2_C5_2T,total_displacement,X,0.0,0.5,7.222565124789827e-07,7.867024063848856e-07,0.08191902475810332
R4_LHS_03,control,20260813,V40_C_E2_C5_2T,total_displacement,X,0.5,1.0,1.8478609616644804e-08,2.0220598994813658e-08,0.0861492470433568
R4_LHS_03,control,20260813,V40_C_E2_C5_2T,total_displacement,X,1.0,2.0,5.276487196469077e-05,5.272142257114708e-05,0.0008241316608074728
R4_LHS_03,control,20260813,V40_C_E2_C5_2T,total_displacement,X,2.0,5.0,4.02538659790564e-06,4.035963059543623e-06,0.0026205546190452658
R4_LHS_03,control,20260813,V40_C_E2_C5_2T,total_displacement,X,5.0,10.0,4.5704243828811355e-10,5.132511576646066e-10,0.1095150367166315
R4_LHS_03,control,20260813,V40_C_E2_C5_2T,total_displacement,X,10.0,20.0,1.890732564124392e-10,7.985741368701763e-11,1.3676356105579301
R4_LHS_03,control,20260813,V40_C_E2_C5_2T,incremental_velocity,X,0.0,0.5,3.4552984921791207e-07,3.418250965508108e-07,0.010838152916459669
R4_LHS_03,control,20260813,V40_C_E2_C5_2T,incremental_velocity,X,0.5,1.0,4.3495177551234993e-08,5.864362328338158e-08,0.25831360485598354
R4_LHS_03,control,20260813,V40_C_E2_C5_2T,incremental_velocity,X,1.0,2.0,2.3933454937389977e-07,1.5102940433662654e-07,0.5846884282245568
R4_LHS_03,control,20260813,V40_C_E2_C5_2T,incremental_velocity,X,2.0,5.0,3.101134633535581e-07,5.25161279207623e-07,0.40948909290977176
R4_LHS_03,control,20260813,V40_C_E2_C5_2T,incremental_velocity,X,5.0,10.0,7.840151410907052e-07,8.352993131334212e-07,0.06139616211383672
R4_LHS_03,control,20260813,V40_C_E2_C5_2T,incremental_velocity,X,10.0,20.0,7.292463137470674e-08,1.1643651178577891e-07,0.3736961863914798
R4_LHS_03,control,20260813,V40_C_E2_C5_2T,total_displacement,Y,0.0,0.5,0.000283238863861466,0.00028912566700852176,0.020360707535807515
R4_LHS_03,control,20260813,V40_C_E2_C5_2T,total_displacement,Y,0.5,1.0,8.511298848985311e-08,2.545753031859973e-07,0.6656667499766542
R4_LHS_03,control,20260813,V40_C_E2_C5_2T,total_displacement,Y,1.0,2.0,4.192754913651692e-07,4.692885423920581e-07,0.10657206922624252
R4_LHS_03,control,20260813,V40_C_E2_C5_2T,total_displacement,Y,2.0,5.0,1.7396712461008349e-07,1.4150956979249527e-07,0.22936650054962957
R4_LHS_03,control,20260813,V40_C_E2_C5_2T,total_displacement,Y,5.0,10.0,2.189775360391823e-08,8.935514198760854e-09,1.450642807657889
R4_LHS_03,control,20260813,V40_C_E2_C5_2T,total_displacement,Y,10.0,20.0,1.038551010524851e-08,1.6452991703463845e-09,5.312232019822906
R4_LHS_03,control,20260813,V40_C_E2_C5_2T,incremental_velocity,Y,0.0,0.5,6.80822719689515e-05,6.581252019471036e-05,0.0344881455310622
R4_LHS_03,control,20260813,V40_C_E2_C5_2T,incremental_velocity,Y,0.5,1.0,2.474214293681197e-06,4.2539004062139445e-06,0.41836572147600026
R4_LHS_03,control,20260813,V40_C_E2_C5_2T,incremental_velocity,Y,1.0,2.0,5.891138374527394e-06,6.673213813290209e-06,0.11719622068833647
R4_LHS_03,control,20260813,V40_C_E2_C5_2T,incremental_velocity,Y,2.0,5.0,1.3766253739460855e-06,1.2613109491520444e-06,0.09142426367706138
R4_LHS_03,control,20260813,V40_C_E2_C5_2T,incremental_velocity,Y,5.0,10.0,2.059640373529418e-05,1.8504783418466202e-05,0.113031331927977
R4_LHS_03,control,20260813,V40_C_E2_C5_2T,incremental_velocity,Y,10.0,20.0,1.1992357443854456e-05,1.2563472496597156e-05,0.04545837569170368
R4_LHS_03,control,20260813,V40_C_E2_C5_2T,total_displacement,Z,0.0,0.5,0.00014288880727561222,0.00014708934568548356,0.028557734010546336
R4_LHS_03,control,20260813,V40_C_E2_C5_2T,total_displacement,Z,0.5,1.0,3.160349300048317e-08,2.2627027316296353e-08,0.39671431685247577
R4_LHS_03,control,20260813,V40_C_E2_C5_2T,total_displacement,Z,1.0,2.0,2.44736245346645e-07,2.516019110697012e-07,0.02728781229787316
R4_LHS_03,control,20260813,V40_C_E2_C5_2T,total_displacement,Z,2.0,5.0,5.949675316208561e-08,3.7625901332296095e-08,0.5812711737224677
R4_LHS_03,control,20260813,V40_C_E2_C5_2T,total_displacement,Z,5.0,10.0,1.3569673191562169e-08,1.2536577474391938e-08,0.082406519584831
R4_LHS_03,control,20260813,V40_C_E2_C5_2T,total_displacement,Z,10.0,20.0,8.198089468359556e-09,5.9447657081822e-10,12.790433249666927
R4_LHS_03,control,20260813,V40_C_E2_C5_2T,incremental_velocity,Z,0.0,0.5,3.9391989535953526e-05,3.8064262392100106e-05,0.03488119985556261
R4_LHS_03,control,20260813,V40_C_E2_C5_2T,incremental_velocity,Z,0.5,1.0,3.0082364519837666e-07,3.387494229243959e-07,0.11195820615311795
R4_LHS_03,control,20260813,V40_C_E2_C5_2T,incremental_velocity,Z,1.0,2.0,3.180433117643714e-06,4.266720855758189e-06,0.254595455113607
R4_LHS_03,control,20260813,V40_C_E2_C5_2T,incremental_velocity,Z,2.0,5.0,4.815783453392334e-07,2.2620355910893973e-07,1.128960071345761
R4_LHS_03,control,20260813,V40_C_E2_C5_2T,incremental_velocity,Z,5.0,10.0,2.9346058618806342e-05,3.1274078775049376e-05,0.06164914305265543
R4_LHS_03,control,20260813,V40_C_E2_C5_2T,incremental_velocity,Z,10.0,20.0,2.824282953998664e-06,4.7313558721371865e-06,0.403071121614254
R4_LHS_03,control,20260813,V52_A_E2_C5_2T,total_displacement,X,0.0,0.5,2.9980323746744955e-07,2.829534932937382e-07,0.059549518111866415
R4_LHS_03,control,20260813,V52_A_E2_C5_2T,total_displacement,X,0.5,1.0,1.7931558881837974e-08,1.8805038762177704e-08,0.046449246469863543
R4_LHS_03,control,20260813,V52_A_E2_C5_2T,total_displacement,X,1.0,2.0,5.275706977630886e-05,5.275470462778775e-05,4.4832940261887895e-05
R4_LHS_03,control,20260813,V52_A_E2_C5_2T,total_displacement,X,2.0,5.0,4.0185493423414426e-06,4.022734339213804e-06,0.0010403363780614292
R4_LHS_03,control,20260813,V52_A_E2_C5_2T,total_displacement,X,5.0,10.0,2.534251422889998e-10,2.600965219724217e-10,0.025649630501899823
R4_LHS_03,control,20260813,V52_A_E2_C5_2T,total_displacement,X,10.0,20.0,1.510910635780362e-10,1.5074268233392e-10,0.002311098878713697
R4_LHS_03,control,20260813,V52_A_E2_C5_2T,incremental_velocity,X,0.0,0.5,1.7639898874562812e-07,1.9529934641646052e-07,0.09677634880830001
R4_LHS_03,control,20260813,V52_A_E2_C5_2T,incremental_velocity,X,0.5,1.0,2.5010813218800364e-08,3.5539847871000506e-08,0.2962599809210644
R4_LHS_03,control,20260813,V52_A_E2_C5_2T,incremental_velocity,X,1.0,2.0,4.406603033620521e-08,6.432242136831472e-08,0.3149195972601837
R4_LHS_03,control,20260813,V52_A_E2_C5_2T,incremental_velocity,X,2.0,5.0,1.4429407669638922e-07,3.08103883492358e-07,0.531670698009984
R4_LHS_03,control,20260813,V52_A_E2_C5_2T,incremental_velocity,X,5.0,10.0,7.92385427750809e-08,1.3768380746551982e-07,0.42448902137657235
R4_LHS_03,control,20260813,V52_A_E2_C5_2T,incremental_velocity,X,10.0,20.0,1.5011337928545888e-07,2.2759312689995993e-07,0.34043096410621304
R4_LHS_03,control,20260813,V52_A_E2_C5_2T,total_displacement,Y,0.0,0.5,0.0001041126944883295,0.0001025802399034663,0.014939081701362017
R4_LHS_03,control,20260813,V52_A_E2_C5_2T,total_displacement,Y,0.5,1.0,6.66165471495078e-08,1.1956786540976644e-07,0.4428557629492775
R4_LHS_03,control,20260813,V52_A_E2_C5_2T,total_displacement,Y,1.0,2.0,4.0054001676314123e-07,4.1005842920679274e-07,0.023212332110971845
R4_LHS_03,control,20260813,V52_A_E2_C5_2T,total_displacement,Y,2.0,5.0,1.5703238187993203e-07,1.4191471488010988e-07,0.10652642337049836
R4_LHS_03,control,20260813,V52_A_E2_C5_2T,total_displacement,Y,5.0,10.0,8.716880637602634e-09,2.9023614444346134e-09,2.003375287498247
R4_LHS_03,control,20260813,V52_A_E2_C5_2T,total_displacement,Y,10.0,20.0,9.763669538421543e-09,4.474810726652855e-09,1.1819178809658255
R4_LHS_03,control,20260813,V52_A_E2_C5_2T,incremental_velocity,Y,0.0,0.5,3.445554814271678e-05,3.762535440450301e-05,0.08424654895494806
R4_LHS_03,control,20260813,V52_A_E2_C5_2T,incremental_velocity,Y,0.5,1.0,1.641271230859672e-06,2.6955544145932383e-06,0.3911192361860217
R4_LHS_03,control,20260813,V52_A_E2_C5_2T,incremental_velocity,Y,1.0,2.0,2.642190549422663e-06,3.568088614792241e-06,0.2594941340669283
R4_LHS_03,control,20260813,V52_A_E2_C5_2T,incremental_velocity,Y,2.0,5.0,1.0461731096484213e-06,1.3222943711316019e-06,0.20881981161795288
R4_LHS_03,control,20260813,V52_A_E2_C5_2T,incremental_velocity,Y,5.0,10.0,3.862752021605898e-06,4.546265593794028e-06,0.15034615952072275
R4_LHS_03,control,20260813,V52_A_E2_C5_2T,incremental_velocity,Y,10.0,20.0,2.0435944524169262e-05,2.3935913902932945e-05,0.1462225086937174
R4_LHS_03,control,20260813,V52_A_E2_C5_2T,total_displacement,Z,0.0,0.5,5.270250972528833e-05,5.131584663563413e-05,0.02702212241571572
R4_LHS_03,control,20260813,V52_A_E2_C5_2T,total_displacement,Z,0.5,1.0,3.135374063071258e-08,1.5239940444776236e-08,1.0573401021038529
R4_LHS_03,control,20260813,V52_A_E2_C5_2T,total_displacement,Z,1.0,2.0,2.3231763614710012e-07,2.2632777842635115e-07,0.026465411194313962
R4_LHS_03,control,20260813,V52_A_E2_C5_2T,total_displacement,Z,2.0,5.0,5.025381761202026e-08,3.7383610304875276e-08,0.3442740602682388
R4_LHS_03,control,20260813,V52_A_E2_C5_2T,total_displacement,Z,5.0,10.0,6.041914088107025e-09,1.0326620963882435e-09,4.85081422978411
R4_LHS_03,control,20260813,V52_A_E2_C5_2T,total_displacement,Z,10.0,20.0,5.83132186792519e-09,6.755513539747624e-10,7.6319446088225
R4_LHS_03,control,20260813,V52_A_E2_C5_2T,incremental_velocity,Z,0.0,0.5,2.0697522367444356e-05,2.202795704569247e-05,0.06039755186958102
R4_LHS_03,control,20260813,V52_A_E2_C5_2T,incremental_velocity,Z,0.5,1.0,2.7359875833316263e-07,2.845368430314877e-07,0.0384417166571102
R4_LHS_03,control,20260813,V52_A_E2_C5_2T,incremental_velocity,Z,1.0,2.0,1.0065574318642308e-06,1.287660353815953e-06,0.21830517738523203
R4_LHS_03,control,20260813,V52_A_E2_C5_2T,incremental_velocity,Z,2.0,5.0,1.8671350539875669e-07,2.109045218752706e-07,0.11470126985148535
R4_LHS_03,control,20260813,V52_A_E2_C5_2T,incremental_velocity,Z,5.0,10.0,1.1231983291787713e-06,1.4046207023551474e-06,0.2003547097835816
R4_LHS_03,control,20260813,V52_A_E2_C5_2T,incremental_velocity,Z,10.0,20.0,2.004661202384568e-06,3.61019682326933e-06,0.4447224623700205
R4_LHS_03,control,20260813,V52_B_E2_C5_2T,total_displacement,X,0.0,0.5,4.200025697792978e-07,4.32610022010165e-07,0.02914276505265748
R4_LHS_03,control,20260813,V52_B_E2_C5_2T,total_displacement,X,0.5,1.0,1.8766337559698135e-08,1.9807223231367197e-08,0.05255081237337144
R4_LHS_03,control,20260813,V52_B_E2_C5_2T,total_displacement,X,1.0,2.0,5.2776148145249964e-05,5.275116489811638e-05,0.00047360560059363097
R4_LHS_03,control,20260813,V52_B_E2_C5_2T,total_displacement,X,2.0,5.0,4.038394099630226e-06,4.015970984812689e-06,0.005583485264792652
R4_LHS_03,control,20260813,V52_B_E2_C5_2T,total_displacement,X,5.0,10.0,2.728658175647652e-10,3.082177854427239e-10,0.1146980140266052
R4_LHS_03,control,20260813,V52_B_E2_C5_2T,total_displacement,X,10.0,20.0,2.3587884876145085e-10,1.3729248495935894e-10,0.7180754564335787
R4_LHS_03,control,20260813,V52_B_E2_C5_2T,incremental_velocity,X,0.0,0.5,3.041115049894427e-07,2.955805768560443e-07,0.028861599175893007
R4_LHS_03,control,20260813,V52_B_E2_C5_2T,incremental_velocity,X,0.5,1.0,3.936091466823057e-08,5.570599530182367e-08,0.29341690324412906
R4_LHS_03,control,20260813,V52_B_E2_C5_2T,incremental_velocity,X,1.0,2.0,5.911813079225197e-08,1.7709829526266066e-07,0.666184642237398
R4_LHS_03,control,20260813,V52_B_E2_C5_2T,incremental_velocity,X,2.0,5.0,1.822219394896555e-07,3.45555337853076e-07,0.47266929626440024
R4_LHS_03,control,20260813,V52_B_E2_C5_2T,incremental_velocity,X,5.0,10.0,1.2986569186662585e-07,1.8416518884052345e-07,0.2948412635186874
R4_LHS_03,control,20260813,V52_B_E2_C5_2T,incremental_velocity,X,10.0,20.0,2.40622576710644e-07,3.238435762536367e-07,0.25697900358478437
R4_LHS_03,control,20260813,V52_B_E2_C5_2T,total_displacement,Y,0.0,0.5,0.00016509068467111126,0.00016027903416745862,0.030020461058091103
R4_LHS_03,control,20260813,V52_B_E2_C5_2T,total_displacement,Y,0.5,1.0,8.370432515122694e-08,1.867500803050577e-07,0.5517842615409039
R4_LHS_03,control,20260813,V52_B_E2_C5_2T,total_displacement,Y,1.0,2.0,3.86718762450947e-07,4.341141210000315e-07,0.10917718695697766
R4_LHS_03,control,20260813,V52_B_E2_C5_2T,total_displacement,Y,2.0,5.0,1.532673531581679e-07,1.4409043868698304e-07,0.06368857333497646
R4_LHS_03,control,20260813,V52_B_E2_C5_2T,total_displacement,Y,5.0,10.0,7.92069059984335e-09,3.6337349047024063e-09,1.1797656701905264
R4_LHS_03,control,20260813,V52_B_E2_C5_2T,total_displacement,Y,10.0,20.0,1.4016650778340008e-08,6.522797164435053e-09,1.1488711706021608
R4_LHS_03,control,20260813,V52_B_E2_C5_2T,incremental_velocity,Y,0.0,0.5,5.872376833159264e-05,5.88020169733081e-05,0.0013307135663557282
R4_LHS_03,control,20260813,V52_B_E2_C5_2T,incremental_velocity,Y,0.5,1.0,2.605083652143489e-06,4.196749996920432e-06,0.37926165388572236
R4_LHS_03,control,20260813,V52_B_E2_C5_2T,incremental_velocity,Y,1.0,2.0,4.381494165740836e-06,5.555394390831044e-06,0.21130817049239256
R4_LHS_03,control,20260813,V52_B_E2_C5_2T,incremental_velocity,Y,2.0,5.0,1.7090316346718213e-06,2.035930874272936e-06,0.16056499939756336
R4_LHS_03,control,20260813,V52_B_E2_C5_2T,incremental_velocity,Y,5.0,10.0,6.24038272682178e-06,6.4249471565210155e-06,0.028726217539689996
R4_LHS_03,control,20260813,V52_B_E2_C5_2T,incremental_velocity,Y,10.0,20.0,3.281377232037703e-05,3.6321211108936735e-05,0.09656723114325638
R4_LHS_03,control,20260813,V52_B_E2_C5_2T,total_displacement,Z,0.0,0.5,8.252530207417076e-05,8.013514552995255e-05,0.029826570207260955
R4_LHS_03,control,20260813,V52_B_E2_C5_2T,total_displacement,Z,0.5,1.0,3.15220118524448e-08,2.285818962734892e-08,0.37902486445076833
R4_LHS_03,control,20260813,V52_B_E2_C5_2T,total_displacement,Z,1.0,2.0,2.402090423027058e-07,2.3453544780443223e-07,0.0241907760698267
R4_LHS_03,control,20260813,V52_B_E2_C5_2T,total_displacement,Z,2.0,5.0,4.653891868972571e-08,3.771270376242093e-08,0.23403824299915937
R4_LHS_03,control,20260813,V52_B_E2_C5_2T,total_displacement,Z,5.0,10.0,5.5999952773750475e-09,1.2346541809788953e-09,3.535679191508583
R4_LHS_03,control,20260813,V52_B_E2_C5_2T,total_displacement,Z,10.0,20.0,1.0709678412858767e-08,9.816469383417767e-10,9.909908638792102
R4_LHS_03,control,20260813,V52_B_E2_C5_2T,incremental_velocity,Z,0.0,0.5,3.489372714683469e-05,3.44111257927699e-05,0.014024573243290674
R4_LHS_03,control,20260813,V52_B_E2_C5_2T,incremental_velocity,Z,0.5,1.0,4.549151530375795e-07,4.361596030888561e-07,0.04300157514794527
R4_LHS_03,control,20260813,V52_B_E2_C5_2T,incremental_velocity,Z,1.0,2.0,1.656412202699836e-06,2.0061087741500515e-06,0.17431585762261323
R4_LHS_03,control,20260813,V52_B_E2_C5_2T,incremental_velocity,Z,2.0,5.0,3.148082589651311e-07,3.3049846495776243e-07,0.0474743687376477
R4_LHS_03,control,20260813,V52_B_E2_C5_2T,incremental_velocity,Z,5.0,10.0,1.910465824758448e-06,1.934980231553094e-06,0.01266907351036331
R4_LHS_03,control,20260813,V52_B_E2_C5_2T,incremental_velocity,Z,10.0,20.0,3.3189242669240586e-06,5.874292437407347e-06,0.43500867512328256
R4_LHS_03,control,20260813,V52_CPLUS_E2_C5_2T,total_displacement,X,0.0,0.5,9.764460497966607e-07,9.879378568400453e-07,0.01163211528318351
R4_LHS_03,control,20260813,V52_CPLUS_E2_C5_2T,total_displacement,X,0.5,1.0,1.9022120964146788e-08,1.961882351274555e-08,0.030414797717666826
R4_LHS_03,control,20260813,V52_CPLUS_E2_C5_2T,total_displacement,X,1.0,2.0,5.279798858279247e-05,5.274223844815139e-05,0.0010570301200978943
R4_LHS_03,control,20260813,V52_CPLUS_E2_C5_2T,total_displacement,X,2.0,5.0,4.018277845663727e-06,4.028061997039995e-06,0.0024289972158963976
R4_LHS_03,control,20260813,V52_CPLUS_E2_C5_2T,total_displacement,X,5.0,10.0,4.6319437484381184e-10,3.5659932738667744e-10,0.29892105584806217
R4_LHS_03,control,20260813,V52_CPLUS_E2_C5_2T,total_displacement,X,10.0,20.0,5.058209496435679e-10,1.914999258974178e-10,1.6413636834226495
R4_LHS_03,control,20260813,V52_CPLUS_E2_C5_2T,incremental_velocity,X,0.0,0.5,5.81440952515277e-07,6.94099331867449e-07,0.16230872755498665
R4_LHS_03,control,20260813,V52_CPLUS_E2_C5_2T,incremental_velocity,X,0.5,1.0,3.794173991179731e-08,3.825343471720604e-08,0.008148152125762878
R4_LHS_03,control,20260813,V52_CPLUS_E2_C5_2T,incremental_velocity,X,1.0,2.0,1.1525275700594793e-07,2.511676669515651e-07,0.5411321910786664
R4_LHS_03,control,20260813,V52_CPLUS_E2_C5_2T,incremental_velocity,X,2.0,5.0,3.207412626769151e-07,3.862159772639777e-07,0.1695287570723953
R4_LHS_03,control,20260813,V52_CPLUS_E2_C5_2T,incremental_velocity,X,5.0,10.0,3.1201055430120915e-07,3.8693017154452754e-07,0.19362567913548379
R4_LHS_03,control,20260813,V52_CPLUS_E2_C5_2T,incremental_velocity,X,10.0,20.0,5.079407200703861e-07,6.464581969632264e-07,0.21427135976236977
R4_LHS_03,control,20260813,V52_CPLUS_E2_C5_2T,total_displacement,Y,0.0,0.5,0.00038117260596288923,0.0003748303333405422,0.016920382525671695
R4_LHS_03,control,20260813,V52_CPLUS_E2_C5_2T,total_displacement,Y,0.5,1.0,1.3242542883152784e-07,1.3863932893004358e-07,0.044820615812784494
R4_LHS_03,control,20260813,V52_CPLUS_E2_C5_2T,total_displacement,Y,1.0,2.0,4.2184073688510437e-07,5.303312753586746e-07,0.20457126236840495
R4_LHS_03,control,20260813,V52_CPLUS_E2_C5_2T,total_displacement,Y,2.0,5.0,1.7308170170291907e-07,1.533256791250385e-07,0.12885005754169426
R4_LHS_03,control,20260813,V52_CPLUS_E2_C5_2T,total_displacement,Y,5.0,10.0,2.064432529818753e-08,6.314276395206438e-09,2.26946810783575
R4_LHS_03,control,20260813,V52_CPLUS_E2_C5_2T,total_displacement,Y,10.0,20.0,3.2779810988822675e-08,1.3290059830348125e-08,1.4664908516039412
R4_LHS_03,control,20260813,V52_CPLUS_E2_C5_2T,incremental_velocity,Y,0.0,0.5,0.00011988238539840804,0.00013793285051861063,0.13086414913006617
R4_LHS_03,control,20260813,V52_CPLUS_E2_C5_2T,incremental_velocity,Y,0.5,1.0,2.5480385390121813e-06,2.7928913167989217e-06,0.08766999858318114
R4_LHS_03,control,20260813,V52_CPLUS_E2_C5_2T,incremental_velocity,Y,1.0,2.0,1.0025433915519533e-05,1.376506904025746e-05,0.2716757259844431
R4_LHS_03,control,20260813,V52_CPLUS_E2_C5_2T,incremental_velocity,Y,2.0,5.0,3.5911513844047025e-06,4.9054122082645384e-06,0.26792056774466294
R4_LHS_03,control,20260813,V52_CPLUS_E2_C5_2T,incremental_velocity,Y,5.0,10.0,1.3907365207964138e-05,1.4667900740171351e-05,0.05185033261946712
R4_LHS_03,control,20260813,V52_CPLUS_E2_C5_2T,incremental_velocity,Y,10.0,20.0,6.97045184077669e-05,7.618356208187628e-05,0.0850451658737904
R4_LHS_03,control,20260813,V52_CPLUS_E2_C5_2T,total_displacement,Z,0.0,0.5,0.00018795254468038255,0.00018733093118715094,0.0033182640437023647
R4_LHS_03,control,20260813,V52_CPLUS_E2_C5_2T,total_displacement,Z,0.5,1.0,4.5351561174243846e-08,2.5999678058567886e-08,0.7443124131030836
R4_LHS_03,control,20260813,V52_CPLUS_E2_C5_2T,total_displacement,Z,1.0,2.0,2.624266706134185e-07,2.680162239686956e-07,0.02085527985026005
R4_LHS_03,control,20260813,V52_CPLUS_E2_C5_2T,total_displacement,Z,2.0,5.0,6.156315669663117e-08,3.9098257875347495e-08,0.5745754425403287
R4_LHS_03,control,20260813,V52_CPLUS_E2_C5_2T,total_displacement,Z,5.0,10.0,1.180099108265872e-08,2.3849673359128717e-09,3.9480724138059378
R4_LHS_03,control,20260813,V52_CPLUS_E2_C5_2T,total_displacement,Z,10.0,20.0,1.8379568785599104e-08,1.8183474847375167e-09,9.107841839840775
R4_LHS_03,control,20260813,V52_CPLUS_E2_C5_2T,incremental_velocity,Z,0.0,0.5,7.196485829317293e-05,8.066883419534748e-05,0.10789762848310183
R4_LHS_03,control,20260813,V52_CPLUS_E2_C5_2T,incremental_velocity,Z,0.5,1.0,3.8440261002243337e-07,3.928331010173479e-07,0.02146074496543567
R4_LHS_03,control,20260813,V52_CPLUS_E2_C5_2T,incremental_velocity,Z,1.0,2.0,3.976595533172479e-06,5.255450324296254e-06,0.24333876494114207
R4_LHS_03,control,20260813,V52_CPLUS_E2_C5_2T,incremental_velocity,Z,2.0,5.0,6.213438907175292e-07,7.409654872240253e-07,0.16144017308370187
R4_LHS_03,control,20260813,V52_CPLUS_E2_C5_2T,incremental_velocity,Z,5.0,10.0,4.245114494761414e-06,4.961401239701363e-06,0.1443718639823342
R4_LHS_03,control,20260813,V52_CPLUS_E2_C5_2T,incremental_velocity,Z,10.0,20.0,7.926172533810155e-06,1.1991754160976115e-05,0.33903143548391634
R4_LHS_03,control,20260813,V52_C_E2_C5_2T,total_displacement,X,0.0,0.5,6.030663313274023e-07,6.151453530735914e-07,0.019636044856448848
R4_LHS_03,control,20260813,V52_C_E2_C5_2T,total_displacement,X,0.5,1.0,1.958795773006162e-08,2.0947632474953008e-08,0.06490827765462967
R4_LHS_03,control,20260813,V52_C_E2_C5_2T,total_displacement,X,1.0,2.0,5.277047967677619e-05,5.2750198486356814e-05,0.00038447609679838774
R4_LHS_03,control,20260813,V52_C_E2_C5_2T,total_displacement,X,2.0,5.0,4.015273979895103e-06,4.016866327733942e-06,0.0003964154415209201
R4_LHS_03,control,20260813,V52_C_E2_C5_2T,total_displacement,X,5.0,10.0,3.6726349052790317e-10,3.055300631994425e-10,0.20205352848751446
R4_LHS_03,control,20260813,V52_C_E2_C5_2T,total_displacement,X,10.0,20.0,3.2420426168256574e-10,1.7640967561258749e-10,0.837791836285382
R4_LHS_03,control,20260813,V52_C_E2_C5_2T,incremental_velocity,X,0.0,0.5,3.6889558502353555e-07,4.22103104997353e-07,0.12605337260940339
R4_LHS_03,control,20260813,V52_C_E2_C5_2T,incremental_velocity,X,0.5,1.0,5.7921988656038264e-08,7.994721820445745e-08,0.27549713477324184
R4_LHS_03,control,20260813,V52_C_E2_C5_2T,incremental_velocity,X,1.0,2.0,7.326444586358694e-08,1.7131818322004166e-07,0.5723486877660509
R4_LHS_03,control,20260813,V52_C_E2_C5_2T,incremental_velocity,X,2.0,5.0,3.0440663406188616e-07,3.4846153079688026e-07,0.1264268587532375
R4_LHS_03,control,20260813,V52_C_E2_C5_2T,incremental_velocity,X,5.0,10.0,2.0584950172962142e-07,2.392049300869982e-07,0.13944289670470206
R4_LHS_03,control,20260813,V52_C_E2_C5_2T,incremental_velocity,X,10.0,20.0,3.3897814769226614e-07,4.4681152461335036e-07,0.24133973942233952
R4_LHS_03,control,20260813,V52_C_E2_C5_2T,total_displacement,Y,0.0,0.5,0.00023266666315442932,0.00023079759933342797,0.008098281032382628
R4_LHS_03,control,20260813,V52_C_E2_C5_2T,total_displacement,Y,0.5,1.0,1.6093127291140569e-07,2.688849380729555e-07,0.40148647200260495
R4_LHS_03,control,20260813,V52_C_E2_C5_2T,total_displacement,Y,1.0,2.0,4.0676707154577107e-07,4.634275420401587e-07,0.12226392554259904
R4_LHS_03,control,20260813,V52_C_E2_C5_2T,total_displacement,Y,2.0,5.0,1.6512688484403625e-07,1.469759644510981e-07,0.12349584138280877
R4_LHS_03,control,20260813,V52_C_E2_C5_2T,total_displacement,Y,5.0,10.0,1.3574407731641983e-08,4.553115250448652e-09,1.9813450758366806
R4_LHS_03,control,20260813,V52_C_E2_C5_2T,total_displacement,Y,10.0,20.0,2.1261147203055173e-08,9.100368401535539e-09,1.3362952206932306
R4_LHS_03,control,20260813,V52_C_E2_C5_2T,incremental_velocity,Y,0.0,0.5,7.461513957607431e-05,8.465063857449733e-05,0.11855195858435512
R4_LHS_03,control,20260813,V52_C_E2_C5_2T,incremental_velocity,Y,0.5,1.0,3.7407908598292387e-06,6.086450697607729e-06,0.38539042774148297
R4_LHS_03,control,20260813,V52_C_E2_C5_2T,incremental_velocity,Y,1.0,2.0,6.287215635478494e-06,8.022437430014435e-06,0.21629608328809605
R4_LHS_03,control,20260813,V52_C_E2_C5_2T,incremental_velocity,Y,2.0,5.0,2.341681957098446e-06,3.159220156294153e-06,0.25877848290088795
R4_LHS_03,control,20260813,V52_C_E2_C5_2T,incremental_velocity,Y,5.0,10.0,9.134537839770085e-06,9.37994258487316e-06,0.026162712925219152
R4_LHS_03,control,20260813,V52_C_E2_C5_2T,incremental_velocity,Y,10.0,20.0,4.617579760620824e-05,5.107119370103869e-05,0.0958543503699403
R4_LHS_03,control,20260813,V52_C_E2_C5_2T,total_displacement,Z,0.0,0.5,0.00011601751212435285,0.0001153591686430999,0.005706902095400395
R4_LHS_03,control,20260813,V52_C_E2_C5_2T,total_displacement,Z,0.5,1.0,4.9450468639884965e-08,3.216042254968157e-08,0.5376187474991554
R4_LHS_03,control,20260813,V52_C_E2_C5_2T,total_displacement,Z,1.0,2.0,2.4485106798781716e-07,2.4399488801123886e-07,0.003509007846667946
R4_LHS_03,control,20260813,V52_C_E2_C5_2T,total_displacement,Z,2.0,5.0,5.5569257505236266e-08,3.812947747159086e-08,0.4573831374069908
R4_LHS_03,control,20260813,V52_C_E2_C5_2T,total_displacement,Z,5.0,10.0,8.052137289808631e-09,1.6252453297733348e-09,3.9544134305752006
R4_LHS_03,control,20260813,V52_C_E2_C5_2T,total_displacement,Z,10.0,20.0,1.1508439547806479e-08,1.2906546545729647e-09,7.91674585996379
R4_LHS_03,control,20260813,V52_C_E2_C5_2T,incremental_velocity,Z,0.0,0.5,4.5133901335759e-05,4.9541238273766514e-05,0.08896299510424874
R4_LHS_03,control,20260813,V52_C_E2_C5_2T,incremental_velocity,Z,0.5,1.0,5.534739019285214e-07,6.246333183172962e-07,0.11392190314226532
R4_LHS_03,control,20260813,V52_C_E2_C5_2T,incremental_velocity,Z,1.0,2.0,2.3290869331238013e-06,2.9176102995764796e-06,0.2017141790794022
R4_LHS_03,control,20260813,V52_C_E2_C5_2T,incremental_velocity,Z,2.0,5.0,3.9389154369861443e-07,4.6415162925277365e-07,0.15137313137792754
R4_LHS_03,control,20260813,V52_C_E2_C5_2T,incremental_velocity,Z,5.0,10.0,2.696814972900988e-06,2.9569305785215916e-06,0.08796811379679279
R4_LHS_03,control,20260813,V52_C_E2_C5_2T,incremental_velocity,Z,10.0,20.0,5.049865509112968e-06,8.1088878609231e-06,0.37724314410014537
R4_LHS_03,control,20260813,V40_A_E3_C6_1T,total_displacement,X,0.0,0.5,1.0159321713982495e-06,9.522061524910742e-07,0.06692460318646458
R4_LHS_03,control,20260813,V40_A_E3_C6_1T,total_displacement,X,0.5,1.0,4.284718227366743e-10,8.478142186816016e-10,0.4946159037023796
R4_LHS_03,control,20260813,V40_A_E3_C6_1T,total_displacement,X,1.0,2.0,2.9770998854234357e-10,4.4432160028224247e-10,0.3299673291750122
R4_LHS_03,control,20260813,V40_A_E3_C6_1T,total_displacement,X,2.0,5.0,3.146027599547795e-10,6.067262676343792e-11,4.185250363090642
R4_LHS_03,control,20260813,V40_A_E3_C6_1T,total_displacement,X,5.0,10.0,1.2442828303924378e-10,1.0578546617323055e-10,0.1762323080893211
R4_LHS_03,control,20260813,V40_A_E3_C6_1T,total_displacement,X,10.0,20.0,5.453956510412367e-11,1.42095004428723e-11,2.8382464832872807
R4_LHS_03,control,20260813,V40_A_E3_C6_1T,incremental_velocity,X,0.0,0.5,1.8425335737304088e-07,1.8678442348004482e-07,0.013550734369851483
R4_LHS_03,control,20260813,V40_A_E3_C6_1T,incremental_velocity,X,0.5,1.0,7.89166711440581e-09,1.2099487920970415e-08,0.34776850343160015
R4_LHS_03,control,20260813,V40_A_E3_C6_1T,incremental_velocity,X,1.0,2.0,1.4073159091032814e-08,1.6793544362508222e-08,0.1619899416557174
R4_LHS_03,control,20260813,V40_A_E3_C6_1T,incremental_velocity,X,2.0,5.0,4.251044606531728e-09,6.580434723814774e-09,0.35398726908617745
R4_LHS_03,control,20260813,V40_A_E3_C6_1T,incremental_velocity,X,5.0,10.0,1.9352230546613708e-07,2.2125043412966268e-07,0.12532462940739664
R4_LHS_03,control,20260813,V40_A_E3_C6_1T,incremental_velocity,X,10.0,20.0,1.2274217953430074e-08,2.010718991668181e-08,0.3895607489514563
R4_LHS_03,control,20260813,V40_A_E3_C6_1T,total_displacement,Y,0.0,0.5,4.5924136704095393e-05,4.5065420924616204e-05,0.019054870937866494
R4_LHS_03,control,20260813,V40_A_E3_C6_1T,total_displacement,Y,0.5,1.0,1.4036050978908966e-07,1.833100716015939e-07,0.23430006566060824
R4_LHS_03,control,20260813,V40_A_E3_C6_1T,total_displacement,Y,1.0,2.0,6.107693113408933e-08,7.832290413976396e-08,0.22019067340633736
R4_LHS_03,control,20260813,V40_A_E3_C6_1T,total_displacement,Y,2.0,5.0,6.534842092562392e-08,6.564878121365765e-08,0.004575260690007196
R4_LHS_03,control,20260813,V40_A_E3_C6_1T,total_displacement,Y,5.0,10.0,2.139119878362469e-08,1.798528937954654e-08,0.1893719546126102
R4_LHS_03,control,20260813,V40_A_E3_C6_1T,total_displacement,Y,10.0,20.0,1.1288969829249033e-08,1.0553274211583784e-08,0.06971254635435455
R4_LHS_03,control,20260813,V40_A_E3_C6_1T,incremental_velocity,Y,0.0,0.5,8.712314342328463e-06,8.769608139027727e-06,0.006533221985630946
R4_LHS_03,control,20260813,V40_A_E3_C6_1T,incremental_velocity,Y,0.5,1.0,1.0845513150784002e-06,1.744086600488801e-06,0.3781551244218941
R4_LHS_03,control,20260813,V40_A_E3_C6_1T,incremental_velocity,Y,1.0,2.0,1.3657929257131966e-06,2.0464654747643483e-06,0.3326088602249845
R4_LHS_03,control,20260813,V40_A_E3_C6_1T,incremental_velocity,Y,2.0,5.0,2.2654964802832777e-07,1.0281634975361297e-06,0.7796560094078162
R4_LHS_03,control,20260813,V40_A_E3_C6_1T,incremental_velocity,Y,5.0,10.0,4.091264664870105e-06,4.595876850970625e-06,0.10979671615742895
R4_LHS_03,control,20260813,V40_A_E3_C6_1T,incremental_velocity,Y,10.0,20.0,1.9197394315276173e-06,2.62954810250355e-06,0.26993560996284316
R4_LHS_03,control,20260813,V40_A_E3_C6_1T,total_displacement,Z,0.0,0.5,6.770014416534319e-05,6.954247652283686e-05,0.02649218793478938
R4_LHS_03,control,20260813,V40_A_E3_C6_1T,total_displacement,Z,0.5,1.0,8.565458967395938e-07,9.230817764041976e-07,0.0720801573223445
R4_LHS_03,control,20260813,V40_A_E3_C6_1T,total_displacement,Z,1.0,2.0,3.2491325591165157e-07,3.4447662941031e-07,0.056791584184238686
R4_LHS_03,control,20260813,V40_A_E3_C6_1T,total_displacement,Z,2.0,5.0,2.5372266420890453e-07,2.669287299105266e-07,0.04947412631846971
R4_LHS_03,control,20260813,V40_A_E3_C6_1T,total_displacement,Z,5.0,10.0,7.491804789638998e-08,7.648298265602093e-08,0.020461215100216243
R4_LHS_03,control,20260813,V40_A_E3_C6_1T,total_displacement,Z,10.0,20.0,4.932556484825492e-08,5.330295319939153e-08,0.07461853635498028
R4_LHS_03,control,20260813,V40_A_E3_C6_1T,incremental_velocity,Z,0.0,0.5,9.168083053493171e-06,1.1232334204529084e-05,0.18377757583135024
R4_LHS_03,control,20260813,V40_A_E3_C6_1T,incremental_velocity,Z,0.5,1.0,4.969305481639921e-06,6.1245931485077386e-06,0.1886309243495307
R4_LHS_03,control,20260813,V40_A_E3_C6_1T,incremental_velocity,Z,1.0,2.0,3.3366794371436877e-06,4.046414049754481e-06,0.1753984154572262
R4_LHS_03,control,20260813,V40_A_E3_C6_1T,incremental_velocity,Z,2.0,5.0,2.2365960775905855e-07,4.903350825341545e-07,0.5438637459854212
R4_LHS_03,control,20260813,V40_A_E3_C6_1T,incremental_velocity,Z,5.0,10.0,5.019805437830052e-06,5.478152392188686e-06,0.08366816429060868
R4_LHS_03,control,20260813,V40_A_E3_C6_1T,incremental_velocity,Z,10.0,20.0,3.884423375276695e-07,8.613370034164975e-07,0.5490239755323282
R4_LHS_03,control,20260813,V40_B_E3_C6_1T,total_displacement,X,0.0,0.5,1.4358455154095024e-06,1.4834755010418227e-06,0.032107025427026224
R4_LHS_03,control,20260813,V40_B_E3_C6_1T,total_displacement,X,0.5,1.0,4.576157132940789e-10,1.2313814835036773e-09,0.628372101233799
R4_LHS_03,control,20260813,V40_B_E3_C6_1T,total_displacement,X,1.0,2.0,3.7237452736451416e-10,5.80514926073146e-10,0.35854443935935204
R4_LHS_03,control,20260813,V40_B_E3_C6_1T,total_displacement,X,2.0,5.0,2.0797676505972149e-10,6.827323453381056e-11,2.046241568600743
R4_LHS_03,control,20260813,V40_B_E3_C6_1T,total_displacement,X,5.0,10.0,1.393792753060257e-10,1.6583070848948297e-10,0.15950865448503365
R4_LHS_03,control,20260813,V40_B_E3_C6_1T,total_displacement,X,10.0,20.0,5.774830713799713e-11,1.6017055310824004e-11,2.6054259673419486
R4_LHS_03,control,20260813,V40_B_E3_C6_1T,incremental_velocity,X,0.0,0.5,2.973875599213961e-07,2.9089270134500794e-07,0.02232733425884437
R4_LHS_03,control,20260813,V40_B_E3_C6_1T,incremental_velocity,X,0.5,1.0,1.0574087410097874e-08,1.8480673695962103e-08,0.4278299815223599
R4_LHS_03,control,20260813,V40_B_E3_C6_1T,incremental_velocity,X,1.0,2.0,1.986737786220427e-08,2.5923105653014046e-08,0.23360348377493437
R4_LHS_03,control,20260813,V40_B_E3_C6_1T,incremental_velocity,X,2.0,5.0,6.135480585519445e-09,9.421451231116742e-09,0.3487754237632247
R4_LHS_03,control,20260813,V40_B_E3_C6_1T,incremental_velocity,X,5.0,10.0,2.842350601761443e-07,3.696146202887617e-07,0.23099616580619717
R4_LHS_03,control,20260813,V40_B_E3_C6_1T,incremental_velocity,X,10.0,20.0,1.7951395033363076e-08,3.855722959802943e-08,0.5344220728379165
R4_LHS_03,control,20260813,V40_B_E3_C6_1T,total_displacement,Y,0.0,0.5,7.02291359930439e-05,6.531464575518662e-05,0.07524331152736939
R4_LHS_03,control,20260813,V40_B_E3_C6_1T,total_displacement,Y,0.5,1.0,1.4471875446736623e-07,2.0789075632581838e-07,0.3038711435512089
R4_LHS_03,control,20260813,V40_B_E3_C6_1T,total_displacement,Y,1.0,2.0,6.590414031878364e-08,9.118910961889759e-08,0.2772805810451078
R4_LHS_03,control,20260813,V40_B_E3_C6_1T,total_displacement,Y,2.0,5.0,6.533497578276196e-08,6.621133645982232e-08,0.013235810118288959
R4_LHS_03,control,20260813,V40_B_E3_C6_1T,total_displacement,Y,5.0,10.0,2.507182494920779e-08,1.8881827939470385e-08,0.3278282711600129
R4_LHS_03,control,20260813,V40_B_E3_C6_1T,total_displacement,Y,10.0,20.0,1.3057505434934017e-08,1.0775105287619546e-08,0.21182160975604752
R4_LHS_03,control,20260813,V40_B_E3_C6_1T,incremental_velocity,Y,0.0,0.5,1.3057489747395782e-05,1.3142369093933514e-05,0.006458450978744179
R4_LHS_03,control,20260813,V40_B_E3_C6_1T,incremental_velocity,Y,0.5,1.0,1.3317858633532576e-06,2.186541475432578e-06,0.39091671559087093
R4_LHS_03,control,20260813,V40_B_E3_C6_1T,incremental_velocity,Y,1.0,2.0,1.83037049821001e-06,2.8385949032079204e-06,0.3551843216016866
R4_LHS_03,control,20260813,V40_B_E3_C6_1T,incremental_velocity,Y,2.0,5.0,3.2683167248906534e-07,1.193499878968991e-06,0.7261569286698211
R4_LHS_03,control,20260813,V40_B_E3_C6_1T,incremental_velocity,Y,5.0,10.0,6.807784651367497e-06,6.668503077797154e-06,0.020886482610180064
R4_LHS_03,control,20260813,V40_B_E3_C6_1T,incremental_velocity,Y,10.0,20.0,2.8814684535502005e-06,5.110667888900466e-06,0.43618554048321584
R4_LHS_03,control,20260813,V40_B_E3_C6_1T,total_displacement,Z,0.0,0.5,7.864670397414377e-05,8.125196469188047e-05,0.0320639719619856
R4_LHS_03,control,20260813,V40_B_E3_C6_1T,total_displacement,Z,0.5,1.0,8.72892952693825e-07,9.13219718692878e-07,0.04415888660044927
R4_LHS_03,control,20260813,V40_B_E3_C6_1T,total_displacement,Z,1.0,2.0,3.2494322271134747e-07,3.508986360577495e-07,0.07396840762336394
R4_LHS_03,control,20260813,V40_B_E3_C6_1T,total_displacement,Z,2.0,5.0,2.5949281161439623e-07,2.6721907246300626e-07,0.028913583066491836
R4_LHS_03,control,20260813,V40_B_E3_C6_1T,total_displacement,Z,5.0,10.0,8.005516726168135e-08,7.805573066426597e-08,0.025615500366211085
R4_LHS_03,control,20260813,V40_B_E3_C6_1T,total_displacement,Z,10.0,20.0,5.4774465603409103e-08,5.336267841334169e-08,0.02645645293761038
R4_LHS_03,control,20260813,V40_B_E3_C6_1T,incremental_velocity,Z,0.0,0.5,1.1857248938000303e-05,1.285352833606071e-05,0.07751018802092915
R4_LHS_03,control,20260813,V40_B_E3_C6_1T,incremental_velocity,Z,0.5,1.0,5.534063524469241e-06,6.001126933034454e-06,0.07782928336245729
R4_LHS_03,control,20260813,V40_B_E3_C6_1T,incremental_velocity,Z,1.0,2.0,3.784506798009234e-06,4.523836591613668e-06,0.1634298186134774
R4_LHS_03,control,20260813,V40_B_E3_C6_1T,incremental_velocity,Z,2.0,5.0,2.0655198887199804e-07,5.196215780942106e-07,0.6024953589695828
R4_LHS_03,control,20260813,V40_B_E3_C6_1T,incremental_velocity,Z,5.0,10.0,7.057761986112129e-06,9.631059577881018e-06,0.2671873817164211
R4_LHS_03,control,20260813,V40_B_E3_C6_1T,incremental_velocity,Z,10.0,20.0,3.5916974676961534e-07,1.850840313733448e-06,0.8059423365135638
R4_LHS_03,control,20260813,V40_CPLUS_E3_C6_1T,total_displacement,X,0.0,0.5,2.980735195964328e-06,3.45822610860022e-06,0.13807394243205373
R4_LHS_03,control,20260813,V40_CPLUS_E3_C6_1T,total_displacement,X,0.5,1.0,5.39351598816228e-10,8.357046228132165e-10,0.3546145562763323
R4_LHS_03,control,20260813,V40_CPLUS_E3_C6_1T,total_displacement,X,1.0,2.0,4.825453497785652e-10,1.1106009913181577e-09,0.5655097073109592
R4_LHS_03,control,20260813,V40_CPLUS_E3_C6_1T,total_displacement,X,2.0,5.0,3.974779956786787e-10,1.0230604901726174e-10,2.8851856708063632
R4_LHS_03,control,20260813,V40_CPLUS_E3_C6_1T,total_displacement,X,5.0,10.0,2.8022897462357886e-10,3.4270141571768595e-10,0.182294085255753
R4_LHS_03,control,20260813,V40_CPLUS_E3_C6_1T,total_displacement,X,10.0,20.0,1.430090806305263e-10,1.9777857431833948e-11,6.230767090086433
R4_LHS_03,control,20260813,V40_CPLUS_E3_C6_1T,incremental_velocity,X,0.0,0.5,7.253570231237681e-07,6.784112373285807e-07,0.06919959931685163
R4_LHS_03,control,20260813,V40_CPLUS_E3_C6_1T,incremental_velocity,X,0.5,1.0,1.1944973540218655e-08,1.4146806083875969e-08,0.15564167138523832
R4_LHS_03,control,20260813,V40_CPLUS_E3_C6_1T,incremental_velocity,X,1.0,2.0,6.45614836196677e-08,6.309465582065305e-08,0.023248051359280257
R4_LHS_03,control,20260813,V40_CPLUS_E3_C6_1T,incremental_velocity,X,2.0,5.0,1.9577825585146704e-08,2.4383847070267642e-08,0.19709857395641
R4_LHS_03,control,20260813,V40_CPLUS_E3_C6_1T,incremental_velocity,X,5.0,10.0,6.201347703792146e-07,8.050989182720458e-07,0.2297408972922396
R4_LHS_03,control,20260813,V40_CPLUS_E3_C6_1T,incremental_velocity,X,10.0,20.0,4.4121839887375705e-08,7.409828398009825e-08,0.40454977473936904
R4_LHS_03,control,20260813,V40_CPLUS_E3_C6_1T,total_displacement,Y,0.0,0.5,0.0001262546528370149,0.0001394584912113866,0.09467934336359454
R4_LHS_03,control,20260813,V40_CPLUS_E3_C6_1T,total_displacement,Y,0.5,1.0,1.5079515608626168e-07,1.8698422715073907e-07,0.1935407687371579
R4_LHS_03,control,20260813,V40_CPLUS_E3_C6_1T,total_displacement,Y,1.0,2.0,7.591895525227677e-08,1.4131890195941427e-07,0.4627827261629861
R4_LHS_03,control,20260813,V40_CPLUS_E3_C6_1T,total_displacement,Y,2.0,5.0,7.164186688982458e-08,6.83866548513328e-08,0.047600106271733264
R4_LHS_03,control,20260813,V40_CPLUS_E3_C6_1T,total_displacement,Y,5.0,10.0,3.518827521898453e-08,2.2282782602148322e-08,0.57916880702287
R4_LHS_03,control,20260813,V40_CPLUS_E3_C6_1T,total_displacement,Y,10.0,20.0,1.905776302057303e-08,1.1302876331251349e-08,0.6860985170544753
R4_LHS_03,control,20260813,V40_CPLUS_E3_C6_1T,incremental_velocity,Y,0.0,0.5,3.0105207939878766e-05,3.0040944225610145e-05,0.0021392042069648316
R4_LHS_03,control,20260813,V40_CPLUS_E3_C6_1T,incremental_velocity,Y,0.5,1.0,1.5415030092580147e-06,1.9818482275614587e-06,0.22218917280323805
R4_LHS_03,control,20260813,V40_CPLUS_E3_C6_1T,incremental_velocity,Y,1.0,2.0,3.496244885048109e-06,5.971070779838596e-06,0.4144693617008814
R4_LHS_03,control,20260813,V40_CPLUS_E3_C6_1T,incremental_velocity,Y,2.0,5.0,6.982750626102221e-07,1.9996351119923223e-06,0.6507987590223394
R4_LHS_03,control,20260813,V40_CPLUS_E3_C6_1T,incremental_velocity,Y,5.0,10.0,1.5014204210748686e-05,1.4610003337773052e-05,0.027666035635365203
R4_LHS_03,control,20260813,V40_CPLUS_E3_C6_1T,incremental_velocity,Y,10.0,20.0,6.950979757675608e-06,1.008820879208484e-05,0.31097978829211853
R4_LHS_03,control,20260813,V40_CPLUS_E3_C6_1T,total_displacement,Z,0.0,0.5,0.00011411091994785568,0.00012258751347153296,0.06914728330504644
R4_LHS_03,control,20260813,V40_CPLUS_E3_C6_1T,total_displacement,Z,0.5,1.0,9.188275269027172e-07,9.273528337615531e-07,0.009193164185691174
R4_LHS_03,control,20260813,V40_CPLUS_E3_C6_1T,total_displacement,Z,1.0,2.0,3.65392980877319e-07,3.687739010598623e-07,0.00916800286795372
R4_LHS_03,control,20260813,V40_CPLUS_E3_C6_1T,total_displacement,Z,2.0,5.0,2.806026722072345e-07,2.6856009041747297e-07,0.044841293324862655
R4_LHS_03,control,20260813,V40_CPLUS_E3_C6_1T,total_displacement,Z,5.0,10.0,9.679462554450952e-08,8.246984873153691e-08,0.17369713941884243
R4_LHS_03,control,20260813,V40_CPLUS_E3_C6_1T,total_displacement,Z,10.0,20.0,6.373186737348868e-08,5.3588365511179616e-08,0.18928552430271317
R4_LHS_03,control,20260813,V40_CPLUS_E3_C6_1T,incremental_velocity,Z,0.0,0.5,2.0849318731373312e-05,2.139180789108987e-05,0.025359668639438112
R4_LHS_03,control,20260813,V40_CPLUS_E3_C6_1T,incremental_velocity,Z,0.5,1.0,6.4001378435489986e-06,6.166947945701524e-06,0.037812853278583705
R4_LHS_03,control,20260813,V40_CPLUS_E3_C6_1T,incremental_velocity,Z,1.0,2.0,4.781293369996886e-06,6.042088931102138e-06,0.20866881892704447
R4_LHS_03,control,20260813,V40_CPLUS_E3_C6_1T,incremental_velocity,Z,2.0,5.0,3.4186537435503167e-07,6.225656906199683e-07,0.45087662313258453
R4_LHS_03,control,20260813,V40_CPLUS_E3_C6_1T,incremental_velocity,Z,5.0,10.0,1.5811189420566436e-05,2.0821955713284553e-05,0.2406482062355561
R4_LHS_03,control,20260813,V40_CPLUS_E3_C6_1T,incremental_velocity,Z,10.0,20.0,1.173294376330204e-06,3.5476978790534338e-06,0.6692800750431284
R4_LHS_03,control,20260813,V40_C_E3_C6_1T,total_displacement,X,0.0,0.5,2.144055822742126e-06,2.1329153500475316e-06,0.00522311993973241
R4_LHS_03,control,20260813,V40_C_E3_C6_1T,total_displacement,X,0.5,1.0,6.336592551438104e-10,1.6995277329041119e-09,0.6271556839728476
R4_LHS_03,control,20260813,V40_C_E3_C6_1T,total_displacement,X,1.0,2.0,4.891611408187374e-10,7.321433851447232e-10,0.3318779480305697
R4_LHS_03,control,20260813,V40_C_E3_C6_1T,total_displacement,X,2.0,5.0,1.7994395902441911e-10,7.911331381613622e-11,1.274509186186019
R4_LHS_03,control,20260813,V40_C_E3_C6_1T,total_displacement,X,5.0,10.0,1.8517988745823326e-10,2.2931325819208262e-10,0.1924588708119151
R4_LHS_03,control,20260813,V40_C_E3_C6_1T,total_displacement,X,10.0,20.0,9.203194361694773e-11,1.7068374377089117e-11,4.391957170829475
R4_LHS_03,control,20260813,V40_C_E3_C6_1T,incremental_velocity,X,0.0,0.5,4.6489011971685456e-07,4.181741726656891e-07,0.11171408973770526
R4_LHS_03,control,20260813,V40_C_E3_C6_1T,incremental_velocity,X,0.5,1.0,1.6689341990917935e-08,2.598975933900769e-08,0.3578493062123465
R4_LHS_03,control,20260813,V40_C_E3_C6_1T,incremental_velocity,X,1.0,2.0,3.5631197280303e-08,3.498302559837294e-08,0.018528176761252017
R4_LHS_03,control,20260813,V40_C_E3_C6_1T,incremental_velocity,X,2.0,5.0,1.0705642994361115e-08,1.3763750846332646e-08,0.2221856444594363
R4_LHS_03,control,20260813,V40_C_E3_C6_1T,incremental_velocity,X,5.0,10.0,4.758115964974369e-07,5.284014172868257e-07,0.09952626747184162
R4_LHS_03,control,20260813,V40_C_E3_C6_1T,incremental_velocity,X,10.0,20.0,2.8801303033692894e-08,4.9498647600936936e-08,0.41813959714835264
R4_LHS_03,control,20260813,V40_C_E3_C6_1T,total_displacement,Y,0.0,0.5,9.093489627440481e-05,8.984502068287141e-05,0.012130617626327552
R4_LHS_03,control,20260813,V40_C_E3_C6_1T,total_displacement,Y,0.5,1.0,1.6005896615871703e-07,2.388893347140527e-07,0.32998697346490813
R4_LHS_03,control,20260813,V40_C_E3_C6_1T,total_displacement,Y,1.0,2.0,6.898010535054776e-08,1.065998419964028e-07,0.3529061201340665
R4_LHS_03,control,20260813,V40_C_E3_C6_1T,total_displacement,Y,2.0,5.0,6.958592075763911e-08,6.694746737180827e-08,0.03941080207228124
R4_LHS_03,control,20260813,V40_C_E3_C6_1T,total_displacement,Y,5.0,10.0,2.8311513570195795e-08,2.0052173602760727e-08,0.41189250258126353
R4_LHS_03,control,20260813,V40_C_E3_C6_1T,total_displacement,Y,10.0,20.0,1.5607343146617534e-08,1.0968783080453508e-08,0.4228873916223206
R4_LHS_03,control,20260813,V40_C_E3_C6_1T,incremental_velocity,Y,0.0,0.5,2.0181859971286093e-05,1.856270739409794e-05,0.08722610031029028
R4_LHS_03,control,20260813,V40_C_E3_C6_1T,incremental_velocity,Y,0.5,1.0,1.7947377614007254e-06,2.732822713104324e-06,0.34326593789100573
R4_LHS_03,control,20260813,V40_C_E3_C6_1T,incremental_velocity,Y,1.0,2.0,2.7212543002063346e-06,3.775039124765639e-06,0.27914540478430805
R4_LHS_03,control,20260813,V40_C_E3_C6_1T,incremental_velocity,Y,2.0,5.0,5.45928383509908e-07,1.4338087848140559e-06,0.6192460324612205
R4_LHS_03,control,20260813,V40_C_E3_C6_1T,incremental_velocity,Y,5.0,10.0,1.0265326754294816e-05,9.45556420198096e-06,0.08563873450768895
R4_LHS_03,control,20260813,V40_C_E3_C6_1T,incremental_velocity,Y,10.0,20.0,4.5710169906628346e-06,6.498054749336156e-06,0.29655609763370927
R4_LHS_03,control,20260813,V40_C_E3_C6_1T,total_displacement,Z,0.0,0.5,9.56208708889781e-05,9.517267423615683e-05,0.004709299769271359
R4_LHS_03,control,20260813,V40_C_E3_C6_1T,total_displacement,Z,0.5,1.0,9.374873035001224e-07,9.038028315652741e-07,0.037269712771878474
R4_LHS_03,control,20260813,V40_C_E3_C6_1T,total_displacement,Z,1.0,2.0,3.708120081173951e-07,3.580949123091206e-07,0.035513198794895694
R4_LHS_03,control,20260813,V40_C_E3_C6_1T,total_displacement,Z,2.0,5.0,2.783449407681101e-07,2.674610675815566e-07,0.04069329897232487
R4_LHS_03,control,20260813,V40_C_E3_C6_1T,total_displacement,Z,5.0,10.0,8.851985685299763e-08,7.972394023696686e-08,0.11032967750824015
R4_LHS_03,control,20260813,V40_C_E3_C6_1T,total_displacement,Z,10.0,20.0,5.926205740587112e-08,5.3407947129492654e-08,0.10961122063322563
R4_LHS_03,control,20260813,V40_C_E3_C6_1T,incremental_velocity,Z,0.0,0.5,1.5144410299989769e-05,1.5102655330076067e-05,0.0027647436163460094
R4_LHS_03,control,20260813,V40_C_E3_C6_1T,incremental_velocity,Z,0.5,1.0,6.101090351434054e-06,5.903432177605353e-06,0.03348190813108967
R4_LHS_03,control,20260813,V40_C_E3_C6_1T,incremental_velocity,Z,1.0,2.0,4.6992189929640346e-06,4.9637446826061695e-06,0.053291558401277014
R4_LHS_03,control,20260813,V40_C_E3_C6_1T,incremental_velocity,Z,2.0,5.0,3.133003801437886e-07,5.628121814204137e-07,0.4433304919714289
R4_LHS_03,control,20260813,V40_C_E3_C6_1T,incremental_velocity,Z,5.0,10.0,1.2168005843134429e-05,1.3872737929430486e-05,0.12288360776134413
R4_LHS_03,control,20260813,V40_C_E3_C6_1T,incremental_velocity,Z,10.0,20.0,9.076856987154787e-07,2.312369617683624e-06,0.6074651336991976
R4_LHS_03,control,20260813,V52_A_E3_C6_1T,total_displacement,X,0.0,0.5,8.769287083664838e-07,7.790401748732007e-07,0.1256527412199452
R4_LHS_03,control,20260813,V52_A_E3_C6_1T,total_displacement,X,0.5,1.0,5.055600142427024e-10,9.146099050657795e-10,0.4472397341833487
R4_LHS_03,control,20260813,V52_A_E3_C6_1T,total_displacement,X,1.0,2.0,3.144630462215518e-10,4.158089898395222e-10,0.24373196851055093
R4_LHS_03,control,20260813,V52_A_E3_C6_1T,total_displacement,X,2.0,5.0,1.5758115372411657e-10,7.943195178185752e-11,0.9838509590810349
R4_LHS_03,control,20260813,V52_A_E3_C6_1T,total_displacement,X,5.0,10.0,5.924504949735167e-11,3.476859167541182e-11,0.7039818595600316
R4_LHS_03,control,20260813,V52_A_E3_C6_1T,total_displacement,X,10.0,20.0,9.135950107437603e-11,3.060711570302705e-11,1.9849105012315993
R4_LHS_03,control,20260813,V52_A_E3_C6_1T,incremental_velocity,X,0.0,0.5,2.5595214616090525e-07,2.4018615128990883e-07,0.06564073234999547
R4_LHS_03,control,20260813,V52_A_E3_C6_1T,incremental_velocity,X,0.5,1.0,1.267487330005748e-08,1.7547511753388104e-08,0.2776825866715722
R4_LHS_03,control,20260813,V52_A_E3_C6_1T,incremental_velocity,X,1.0,2.0,2.148532924891219e-08,2.3161714174874512e-08,0.07237741184893985
R4_LHS_03,control,20260813,V52_A_E3_C6_1T,incremental_velocity,X,2.0,5.0,1.1026130217022067e-08,1.3951763210359599e-08,0.20969629065702333
R4_LHS_03,control,20260813,V52_A_E3_C6_1T,incremental_velocity,X,5.0,10.0,3.524006047422475e-08,4.719999386619286e-08,0.25338845225008483
R4_LHS_03,control,20260813,V52_A_E3_C6_1T,incremental_velocity,X,10.0,20.0,8.381958597551825e-08,1.1308920585995571e-07,0.2588188648232579
R4_LHS_03,control,20260813,V52_A_E3_C6_1T,total_displacement,Y,0.0,0.5,4.012647942150735e-05,3.870949962943979e-05,0.03660547942060984
R4_LHS_03,control,20260813,V52_A_E3_C6_1T,total_displacement,Y,0.5,1.0,1.8949904058363596e-07,2.1529898552290113e-07,0.11983310035857483
R4_LHS_03,control,20260813,V52_A_E3_C6_1T,total_displacement,Y,1.0,2.0,5.889854888940177e-08,7.07760981656503e-08,0.16781865042135152
R4_LHS_03,control,20260813,V52_A_E3_C6_1T,total_displacement,Y,2.0,5.0,6.730775584585636e-08,6.690513641855917e-08,0.006017765583473327
R4_LHS_03,control,20260813,V52_A_E3_C6_1T,total_displacement,Y,5.0,10.0,1.873802075293952e-08,1.6913397743128314e-08,0.10788033472177558
R4_LHS_03,control,20260813,V52_A_E3_C6_1T,total_displacement,Y,10.0,20.0,1.5909468175285393e-08,1.2474453179184316e-08,0.27536397361553017
R4_LHS_03,control,20260813,V52_A_E3_C6_1T,incremental_velocity,Y,0.0,0.5,1.244975716359746e-05,1.1978506300570983e-05,0.039341371219549524
R4_LHS_03,control,20260813,V52_A_E3_C6_1T,incremental_velocity,Y,0.5,1.0,1.8114046872473947e-06,2.3715933257047675e-06,0.23620771419185088
R4_LHS_03,control,20260813,V52_A_E3_C6_1T,incremental_velocity,Y,1.0,2.0,1.351934220947495e-06,2.050568632470634e-06,0.34070276920279774
R4_LHS_03,control,20260813,V52_A_E3_C6_1T,incremental_velocity,Y,2.0,5.0,5.470184798642886e-07,1.904169371337812e-06,0.7127259328407483
R4_LHS_03,control,20260813,V52_A_E3_C6_1T,incremental_velocity,Y,5.0,10.0,2.153782564762885e-06,2.1450899709259957e-06,0.004052321326707345
R4_LHS_03,control,20260813,V52_A_E3_C6_1T,incremental_velocity,Y,10.0,20.0,1.169034362473869e-05,1.3451035312868219e-05,0.13089636947463265
R4_LHS_03,control,20260813,V52_A_E3_C6_1T,total_displacement,Z,0.0,0.5,7.133647492032656e-05,7.008821597883124e-05,0.01780982614641428
R4_LHS_03,control,20260813,V52_A_E3_C6_1T,total_displacement,Z,0.5,1.0,1.0241062929388651e-06,9.890865359639251e-07,0.035406160837899874
R4_LHS_03,control,20260813,V52_A_E3_C6_1T,total_displacement,Z,1.0,2.0,3.250047852935605e-07,3.2327586206268615e-07,0.005348135860941887
R4_LHS_03,control,20260813,V52_A_E3_C6_1T,total_displacement,Z,2.0,5.0,2.7313585879116973e-07,2.676426676324939e-07,0.020524347658268858
R4_LHS_03,control,20260813,V52_A_E3_C6_1T,total_displacement,Z,5.0,10.0,7.740129530555356e-08,7.460417667669147e-08,0.03749278865423081
R4_LHS_03,control,20260813,V52_A_E3_C6_1T,total_displacement,Z,10.0,20.0,5.900042977263018e-08,5.3508631789472914e-08,0.10263387045223803
R4_LHS_03,control,20260813,V52_A_E3_C6_1T,incremental_velocity,Z,0.0,0.5,1.635649102651967e-05,1.611509674432664e-05,0.014979387714691332
R4_LHS_03,control,20260813,V52_A_E3_C6_1T,incremental_velocity,Z,0.5,1.0,6.757471814403022e-06,6.578396472670444e-06,0.027221731386445958
R4_LHS_03,control,20260813,V52_A_E3_C6_1T,incremental_velocity,Z,1.0,2.0,2.341818544592466e-06,2.872705680905594e-06,0.18480387317150104
R4_LHS_03,control,20260813,V52_A_E3_C6_1T,incremental_velocity,Z,2.0,5.0,3.216950213661121e-07,7.095989605439172e-07,0.5466523497729922
R4_LHS_03,control,20260813,V52_A_E3_C6_1T,incremental_velocity,Z,5.0,10.0,5.508369619476899e-07,6.284812101882824e-07,0.12354267236936423
R4_LHS_03,control,20260813,V52_A_E3_C6_1T,incremental_velocity,Z,10.0,20.0,1.0032851151992064e-06,2.3314337618594007e-06,0.5696703326458432
R4_LHS_03,control,20260813,V52_B_E3_C6_1T,total_displacement,X,0.0,0.5,1.2269486833132992e-06,1.212543681388917e-06,0.011879985971212051
R4_LHS_03,control,20260813,V52_B_E3_C6_1T,total_displacement,X,0.5,1.0,6.50711206631233e-10,1.3386282590309722e-09,0.5138970044586686
R4_LHS_03,control,20260813,V52_B_E3_C6_1T,total_displacement,X,1.0,2.0,3.906716161600259e-10,5.475988646710216e-10,0.28657336352454305
R4_LHS_03,control,20260813,V52_B_E3_C6_1T,total_displacement,X,2.0,5.0,3.2843137394187495e-10,9.677937757786774e-11,2.3936090741813487
R4_LHS_03,control,20260813,V52_B_E3_C6_1T,total_displacement,X,5.0,10.0,9.561026808655726e-11,4.405134764918417e-11,1.1704277664324299
R4_LHS_03,control,20260813,V52_B_E3_C6_1T,total_displacement,X,10.0,20.0,1.2768432239535373e-10,3.950751414915463e-11,2.231899681496055
R4_LHS_03,control,20260813,V52_B_E3_C6_1T,incremental_velocity,X,0.0,0.5,3.484091979932334e-07,3.740102214943835e-07,0.06845006374119787
R4_LHS_03,control,20260813,V52_B_E3_C6_1T,incremental_velocity,X,0.5,1.0,1.7749919938891385e-08,2.692767612737254e-08,0.34082986385712566
R4_LHS_03,control,20260813,V52_B_E3_C6_1T,incremental_velocity,X,1.0,2.0,2.8054656453437388e-08,3.519821487840478e-08,0.20295229316729335
R4_LHS_03,control,20260813,V52_B_E3_C6_1T,incremental_velocity,X,2.0,5.0,1.5391211025628193e-08,2.121815347161958e-08,0.2746206192628985
R4_LHS_03,control,20260813,V52_B_E3_C6_1T,incremental_velocity,X,5.0,10.0,5.438516482103141e-08,7.14517463319857e-08,0.23885464508674092
R4_LHS_03,control,20260813,V52_B_E3_C6_1T,incremental_velocity,X,10.0,20.0,1.2262543539288593e-07,1.6330919801959148e-07,0.2491210729099588
R4_LHS_03,control,20260813,V52_B_E3_C6_1T,total_displacement,Y,0.0,0.5,5.8112290113894146e-05,5.519489286106139e-05,0.052856289805227684
R4_LHS_03,control,20260813,V52_B_E3_C6_1T,total_displacement,Y,0.5,1.0,1.750805930874634e-07,2.48384077446865e-07,0.29512151146275833
R4_LHS_03,control,20260813,V52_B_E3_C6_1T,total_displacement,Y,1.0,2.0,5.577211825499075e-08,8.125258146758673e-08,0.31359573754294373
R4_LHS_03,control,20260813,V52_B_E3_C6_1T,total_displacement,Y,2.0,5.0,6.60347050756804e-08,6.813980800085113e-08,0.0308938781445411
R4_LHS_03,control,20260813,V52_B_E3_C6_1T,total_displacement,Y,5.0,10.0,1.8670985815804577e-08,1.7335917639892834e-08,0.07701168196828122
R4_LHS_03,control,20260813,V52_B_E3_C6_1T,total_displacement,Y,10.0,20.0,1.704250346729696e-08,1.3460741573095273e-08,0.2660894925254899
R4_LHS_03,control,20260813,V52_B_E3_C6_1T,incremental_velocity,Y,0.0,0.5,1.6673978807693505e-05,1.786635982597332e-05,0.06673888972875071
R4_LHS_03,control,20260813,V52_B_E3_C6_1T,incremental_velocity,Y,0.5,1.0,1.8682618810529365e-06,3.0631066682274538e-06,0.39007612747157294
R4_LHS_03,control,20260813,V52_B_E3_C6_1T,incremental_velocity,Y,1.0,2.0,1.8028016833390982e-06,2.9408739426376284e-06,0.3869843731818744
R4_LHS_03,control,20260813,V52_B_E3_C6_1T,incremental_velocity,Y,2.0,5.0,8.520268454726227e-07,2.37899434558498e-06,0.6418541947971236
R4_LHS_03,control,20260813,V52_B_E3_C6_1T,incremental_velocity,Y,5.0,10.0,3.351120152611398e-06,3.470250776999718e-06,0.034329111076899496
R4_LHS_03,control,20260813,V52_B_E3_C6_1T,incremental_velocity,Y,10.0,20.0,1.744437361492908e-05,1.905674194329904e-05,0.08460881367693189
R4_LHS_03,control,20260813,V52_B_E3_C6_1T,total_displacement,Z,0.0,0.5,7.78931720156257e-05,8.073490573101542e-05,0.03519832827770346
R4_LHS_03,control,20260813,V52_B_E3_C6_1T,total_displacement,Z,0.5,1.0,8.660255795161633e-07,9.960157553492678e-07,0.13051016024091056
R4_LHS_03,control,20260813,V52_B_E3_C6_1T,total_displacement,Z,1.0,2.0,2.979387356718248e-07,3.2462687772616936e-07,0.08221174488471233
R4_LHS_03,control,20260813,V52_B_E3_C6_1T,total_displacement,Z,2.0,5.0,2.5135693991744707e-07,2.685864722007145e-07,0.06414892061425859
R4_LHS_03,control,20260813,V52_B_E3_C6_1T,total_displacement,Z,5.0,10.0,7.01931575903869e-08,7.482751330389252e-08,0.06193384637391846
R4_LHS_03,control,20260813,V52_B_E3_C6_1T,total_displacement,Z,10.0,20.0,5.448294675068433e-08,5.364813360321869e-08,0.015560898234408569
R4_LHS_03,control,20260813,V52_B_E3_C6_1T,incremental_velocity,Z,0.0,0.5,1.6835649245492963e-05,1.9424161525529557e-05,0.1332624976699489
R4_LHS_03,control,20260813,V52_B_E3_C6_1T,incremental_velocity,Z,0.5,1.0,5.44242756375319e-06,6.598485325002461e-06,0.17520047470119057
R4_LHS_03,control,20260813,V52_B_E3_C6_1T,incremental_velocity,Z,1.0,2.0,2.0010594875547726e-06,2.948227697641029e-06,0.32126698044527424
R4_LHS_03,control,20260813,V52_B_E3_C6_1T,incremental_velocity,Z,2.0,5.0,3.663452556059993e-07,8.336388851943237e-07,0.5605468241556377
R4_LHS_03,control,20260813,V52_B_E3_C6_1T,incremental_velocity,Z,5.0,10.0,8.160410242850613e-07,9.68349059119496e-07,0.15728629402802938
R4_LHS_03,control,20260813,V52_B_E3_C6_1T,incremental_velocity,Z,10.0,20.0,1.7047376503197185e-06,3.0695444636846936e-06,0.44462845530071116
R4_LHS_03,control,20260813,V52_CPLUS_E3_C6_1T,total_displacement,X,0.0,0.5,2.8859863308760347e-06,2.8232869590755337e-06,0.02220793447826907
R4_LHS_03,control,20260813,V52_CPLUS_E3_C6_1T,total_displacement,X,0.5,1.0,1.0027063756967754e-09,1.0683873473213766e-09,0.061476740424972524
R4_LHS_03,control,20260813,V52_CPLUS_E3_C6_1T,total_displacement,X,1.0,2.0,6.122463966096821e-10,1.08880434735761e-09,0.43768924316335944
R4_LHS_03,control,20260813,V52_CPLUS_E3_C6_1T,total_displacement,X,2.0,5.0,3.5614076027002696e-10,1.616748382467618e-10,1.2028211942692955
R4_LHS_03,control,20260813,V52_CPLUS_E3_C6_1T,total_displacement,X,5.0,10.0,1.4461728315474815e-10,7.845170435084716e-11,0.8433924967136359
R4_LHS_03,control,20260813,V52_CPLUS_E3_C6_1T,total_displacement,X,10.0,20.0,2.8489747886494686e-10,7.035332709833147e-11,3.0495238905581714
R4_LHS_03,control,20260813,V52_CPLUS_E3_C6_1T,incremental_velocity,X,0.0,0.5,8.356032126534574e-07,8.749282395297363e-07,0.04494657401550514
R4_LHS_03,control,20260813,V52_CPLUS_E3_C6_1T,incremental_velocity,X,0.5,1.0,1.7952543417068725e-08,1.8305320135074e-08,0.01927181362588321
R4_LHS_03,control,20260813,V52_CPLUS_E3_C6_1T,incremental_velocity,X,1.0,2.0,6.776312333903726e-08,8.25745794176828e-08,0.17937065115070708
R4_LHS_03,control,20260813,V52_CPLUS_E3_C6_1T,incremental_velocity,X,2.0,5.0,3.362170719463943e-08,4.623737597442088e-08,0.27284569061100283
R4_LHS_03,control,20260813,V52_CPLUS_E3_C6_1T,incremental_velocity,X,5.0,10.0,1.1402391468431238e-07,1.6448676485630518e-07,0.3067897299583762
R4_LHS_03,control,20260813,V52_CPLUS_E3_C6_1T,incremental_velocity,X,10.0,20.0,2.441039771612012e-07,3.4176230976514087e-07,0.28574927607157874
R4_LHS_03,control,20260813,V52_CPLUS_E3_C6_1T,total_displacement,Y,0.0,0.5,0.0001367087331067899,0.0001149546476716276,0.18924059075283053
R4_LHS_03,control,20260813,V52_CPLUS_E3_C6_1T,total_displacement,Y,0.5,1.0,2.244277001819178e-07,2.3112584988633963e-07,0.028980530337544542
R4_LHS_03,control,20260813,V52_CPLUS_E3_C6_1T,total_displacement,Y,1.0,2.0,7.478859121047859e-08,1.239700102698952e-07,0.39672029511285595
R4_LHS_03,control,20260813,V52_CPLUS_E3_C6_1T,total_displacement,Y,2.0,5.0,7.391771114891709e-08,7.263999988988999e-08,0.017589637403137317
R4_LHS_03,control,20260813,V52_CPLUS_E3_C6_1T,total_displacement,Y,5.0,10.0,2.5580095969077136e-08,1.864930001157443e-08,0.3716383967870752
R4_LHS_03,control,20260813,V52_CPLUS_E3_C6_1T,total_displacement,Y,10.0,20.0,3.2378113590192255e-08,1.7116473918672712e-08,0.8916345588486135
R4_LHS_03,control,20260813,V52_CPLUS_E3_C6_1T,incremental_velocity,Y,0.0,0.5,3.997845556360139e-05,3.987140522011672e-05,0.0026848901585907435
R4_LHS_03,control,20260813,V52_CPLUS_E3_C6_1T,incremental_velocity,Y,0.5,1.0,2.234229546528434e-06,2.4683762994429187e-06,0.09485861331893701
R4_LHS_03,control,20260813,V52_CPLUS_E3_C6_1T,incremental_velocity,Y,1.0,2.0,3.6665247219954625e-06,6.47517058469797e-06,0.43375627343932205
R4_LHS_03,control,20260813,V52_CPLUS_E3_C6_1T,incremental_velocity,Y,2.0,5.0,1.5258875726539542e-06,3.8009442163632367e-06,0.5985503901675433
R4_LHS_03,control,20260813,V52_CPLUS_E3_C6_1T,incremental_velocity,Y,5.0,10.0,6.537151379822836e-06,7.442305388920448e-06,0.12162279855448259
R4_LHS_03,control,20260813,V52_CPLUS_E3_C6_1T,incremental_velocity,Y,10.0,20.0,3.436272148962674e-05,4.013169646919491e-05,0.14375108672508868
R4_LHS_03,control,20260813,V52_CPLUS_E3_C6_1T,total_displacement,Z,0.0,0.5,0.00013004015450560655,0.00011599133675986986,0.12111954339159946
R4_LHS_03,control,20260813,V52_CPLUS_E3_C6_1T,total_displacement,Z,0.5,1.0,9.941055997038058e-07,9.867254051744733e-07,0.00747948161730729
R4_LHS_03,control,20260813,V52_CPLUS_E3_C6_1T,total_displacement,Z,1.0,2.0,3.365600701306023e-07,3.33269612391775e-07,0.009873260616870121
R4_LHS_03,control,20260813,V52_CPLUS_E3_C6_1T,total_displacement,Z,2.0,5.0,2.826602492006538e-07,2.6904135207580814e-07,0.050620088769878994
R4_LHS_03,control,20260813,V52_CPLUS_E3_C6_1T,total_displacement,Z,5.0,10.0,8.51219367875947e-08,7.522760574895811e-08,0.13152526841881615
R4_LHS_03,control,20260813,V52_CPLUS_E3_C6_1T,total_displacement,Z,10.0,20.0,7.441361194736973e-08,5.4147238107821734e-08,0.37428268823595745
R4_LHS_03,control,20260813,V52_CPLUS_E3_C6_1T,incremental_velocity,Z,0.0,0.5,3.328532669779726e-05,3.119489534419819e-05,0.06701196880238482
R4_LHS_03,control,20260813,V52_CPLUS_E3_C6_1T,incremental_velocity,Z,0.5,1.0,6.689002084711317e-06,6.572990242299125e-06,0.01764978162687995
R4_LHS_03,control,20260813,V52_CPLUS_E3_C6_1T,incremental_velocity,Z,1.0,2.0,2.6312311079750516e-06,3.6207538322212513e-06,0.27329190828727223
R4_LHS_03,control,20260813,V52_CPLUS_E3_C6_1T,incremental_velocity,Z,2.0,5.0,6.257166338694641e-07,1.0853602654982345e-06,0.42349406574025544
R4_LHS_03,control,20260813,V52_CPLUS_E3_C6_1T,incremental_velocity,Z,5.0,10.0,1.8249984672337853e-06,2.335119907743258e-06,0.2184562081021664
R4_LHS_03,control,20260813,V52_CPLUS_E3_C6_1T,incremental_velocity,Z,10.0,20.0,2.8494319258185064e-06,7.385055489385744e-06,0.6141624216752487
R4_LHS_03,control,20260813,V52_C_E3_C6_1T,total_displacement,X,0.0,0.5,1.7723566278588248e-06,1.7423635857077132e-06,0.017213997352297193
R4_LHS_03,control,20260813,V52_C_E3_C6_1T,total_displacement,X,0.5,1.0,9.394484709077037e-10,1.8578590160425901e-09,0.49433812641563357
R4_LHS_03,control,20260813,V52_C_E3_C6_1T,total_displacement,X,1.0,2.0,4.1907099956929785e-10,7.154357372973909e-10,0.4142436871376203
R4_LHS_03,control,20260813,V52_C_E3_C6_1T,total_displacement,X,2.0,5.0,3.073877756666234e-10,1.1700172907382307e-10,1.627207119927902
R4_LHS_03,control,20260813,V52_C_E3_C6_1T,total_displacement,X,5.0,10.0,1.0279370535222522e-10,5.4194981149474796e-11,0.8967384649274187
R4_LHS_03,control,20260813,V52_C_E3_C6_1T,total_displacement,X,10.0,20.0,2.003536248202351e-10,5.041639826630349e-11,2.9739773508204825
R4_LHS_03,control,20260813,V52_C_E3_C6_1T,incremental_velocity,X,0.0,0.5,5.480935011759658e-07,5.377817223901295e-07,0.019174654616386688
R4_LHS_03,control,20260813,V52_C_E3_C6_1T,incremental_velocity,X,0.5,1.0,2.6389990039656614e-08,3.8313513856575106e-08,0.31120935191571464
R4_LHS_03,control,20260813,V52_C_E3_C6_1T,incremental_velocity,X,1.0,2.0,3.938516940836569e-08,4.9083394660198155e-08,0.19758668525216694
R4_LHS_03,control,20260813,V52_C_E3_C6_1T,incremental_velocity,X,2.0,5.0,2.334544602411158e-08,3.0234746844192876e-08,0.22786037718733243
R4_LHS_03,control,20260813,V52_C_E3_C6_1T,incremental_velocity,X,5.0,10.0,7.552420805037871e-08,1.0161711177574799e-07,0.25677667146210537
R4_LHS_03,control,20260813,V52_C_E3_C6_1T,incremental_velocity,X,10.0,20.0,1.6760307299022828e-07,2.2819281389814132e-07,0.2655199340981813
R4_LHS_03,control,20260813,V52_C_E3_C6_1T,total_displacement,Y,0.0,0.5,9.041175739446809e-05,7.509060187665712e-05,0.20403559346850506
R4_LHS_03,control,20260813,V52_C_E3_C6_1T,total_displacement,Y,0.5,1.0,2.085900620737372e-07,2.8807992740673513e-07,0.27592989920733885
R4_LHS_03,control,20260813,V52_C_E3_C6_1T,total_displacement,Y,1.0,2.0,6.534295984857123e-08,9.477870537617921e-08,0.31057340792719973
R4_LHS_03,control,20260813,V52_C_E3_C6_1T,total_displacement,Y,2.0,5.0,7.05282737420717e-08,6.946168425349443e-08,0.015355076687816025
R4_LHS_03,control,20260813,V52_C_E3_C6_1T,total_displacement,Y,5.0,10.0,2.190857793267692e-08,1.772885977907678e-08,0.23575786630863627
R4_LHS_03,control,20260813,V52_C_E3_C6_1T,total_displacement,Y,10.0,20.0,2.4602605350330688e-08,1.4745414840111646e-08,0.6684919086443557
R4_LHS_03,control,20260813,V52_C_E3_C6_1T,incremental_velocity,Y,0.0,0.5,2.5685064522271663e-05,2.510682521592448e-05,0.023031159908677875
R4_LHS_03,control,20260813,V52_C_E3_C6_1T,incremental_velocity,Y,0.5,1.0,2.7025571754475455e-06,3.908240208789014e-06,0.30849767898863484
R4_LHS_03,control,20260813,V52_C_E3_C6_1T,incremental_velocity,Y,1.0,2.0,2.4881930227815273e-06,3.993136374541843e-06,0.3768825330772698
R4_LHS_03,control,20260813,V52_C_E3_C6_1T,incremental_velocity,Y,2.0,5.0,1.0376979341531655e-06,2.5407406830743402e-06,0.5915766055678169
R4_LHS_03,control,20260813,V52_C_E3_C6_1T,incremental_velocity,Y,5.0,10.0,4.515838708528838e-06,4.648030604237837e-06,0.02844040992081117
R4_LHS_03,control,20260813,V52_C_E3_C6_1T,incremental_velocity,Y,10.0,20.0,2.3622393995559938e-05,2.562755530179404e-05,0.078242395055674
R4_LHS_03,control,20260813,V52_C_E3_C6_1T,total_displacement,Z,0.0,0.5,0.00010138108872230118,9.31153851989077e-05,0.08876839746446581
R4_LHS_03,control,20260813,V52_C_E3_C6_1T,total_displacement,Z,0.5,1.0,9.603446423693914e-07,1.0035613003318853e-06,0.04306329662991376
R4_LHS_03,control,20260813,V52_C_E3_C6_1T,total_displacement,Z,1.0,2.0,3.337976688209622e-07,3.293004068409912e-07,0.013657019203570658
R4_LHS_03,control,20260813,V52_C_E3_C6_1T,total_displacement,Z,2.0,5.0,2.7980495475218556e-07,2.681264302119386e-07,0.04355603634828458
R4_LHS_03,control,20260813,V52_C_E3_C6_1T,total_displacement,Z,5.0,10.0,8.211498753791057e-08,7.493859110086678e-08,0.095763695735678
R4_LHS_03,control,20260813,V52_C_E3_C6_1T,total_displacement,Z,10.0,20.0,6.751861491960489e-08,5.37895918351541e-08,0.255235680659659
R4_LHS_03,control,20260813,V52_C_E3_C6_1T,incremental_velocity,Z,0.0,0.5,2.522944318559814e-05,2.3564910488032445e-05,0.07063607130657405
R4_LHS_03,control,20260813,V52_C_E3_C6_1T,incremental_velocity,Z,0.5,1.0,7.151920469279994e-06,6.623692337943471e-06,0.07974828907897727
R4_LHS_03,control,20260813,V52_C_E3_C6_1T,incremental_velocity,Z,1.0,2.0,2.6155396738853256e-06,3.183018424015509e-06,0.1782832125157119
R4_LHS_03,control,20260813,V52_C_E3_C6_1T,incremental_velocity,Z,2.0,5.0,4.752749711968533e-07,8.062455084424357e-07,0.4105083796187288
R4_LHS_03,control,20260813,V52_C_E3_C6_1T,incremental_velocity,Z,5.0,10.0,1.1598201893165855e-06,1.4537028123699058e-06,0.20216141879385705
R4_LHS_03,control,20260813,V52_C_E3_C6_1T,incremental_velocity,Z,10.0,20.0,1.9353585808727737e-06,4.331506764027318e-06,0.553190451658598
R4_LHS_03,control,20260813,V40_A_E4_C7_1T,total_displacement,X,0.0,0.5,1.0523389281823025e-06,9.51210661781133e-07,0.10631532053247576
R4_LHS_03,control,20260813,V40_A_E4_C7_1T,total_displacement,X,0.5,1.0,1.7307015397095616e-08,1.7598208526469828e-08,0.016546748433866006
R4_LHS_03,control,20260813,V40_A_E4_C7_1T,total_displacement,X,1.0,2.0,5.272477926221428e-05,5.2744460429617835e-05,0.0003731418852946557
R4_LHS_03,control,20260813,V40_A_E4_C7_1T,total_displacement,X,2.0,5.0,4.026683900267508e-06,4.020677286649507e-06,0.0014939307956760544
R4_LHS_03,control,20260813,V40_A_E4_C7_1T,total_displacement,X,5.0,10.0,2.6316078892655593e-10,2.5375402849836614e-10,0.037070388532769116
R4_LHS_03,control,20260813,V40_A_E4_C7_1T,total_displacement,X,10.0,20.0,7.008784011563812e-11,7.215882011888045e-11,0.02870030302366945
R4_LHS_03,control,20260813,V40_A_E4_C7_1T,incremental_velocity,X,0.0,0.5,2.1212359796153284e-07,1.7948619437415164e-07,0.1818379608592415
R4_LHS_03,control,20260813,V40_A_E4_C7_1T,incremental_velocity,X,0.5,1.0,8.597435850485737e-09,1.4668057994046387e-08,0.4138667945016752
R4_LHS_03,control,20260813,V40_A_E4_C7_1T,incremental_velocity,X,1.0,2.0,5.4099245900888264e-08,7.559627228949548e-08,0.2843662225338901
R4_LHS_03,control,20260813,V40_A_E4_C7_1T,incremental_velocity,X,2.0,5.0,1.3173600251181247e-07,3.316900093322635e-07,0.6028339750810864
R4_LHS_03,control,20260813,V40_A_E4_C7_1T,incremental_velocity,X,5.0,10.0,1.9047684384063145e-07,2.3509272825436195e-07,0.18977994234452758
R4_LHS_03,control,20260813,V40_A_E4_C7_1T,incremental_velocity,X,10.0,20.0,1.2258893216622565e-08,4.9597409117988174e-08,0.752831983875213
R4_LHS_03,control,20260813,V40_A_E4_C7_1T,total_displacement,Y,0.0,0.5,5.6229868919629974e-05,4.506442386359795e-05,0.24776628876534304
R4_LHS_03,control,20260813,V40_A_E4_C7_1T,total_displacement,Y,0.5,1.0,1.515774758258276e-07,1.8344717310021867e-07,0.17372683773644418
R4_LHS_03,control,20260813,V40_A_E4_C7_1T,total_displacement,Y,1.0,2.0,4.149632786152774e-07,4.289153369822644e-07,0.03252870010466397
R4_LHS_03,control,20260813,V40_A_E4_C7_1T,total_displacement,Y,2.0,5.0,1.9952077869412054e-07,1.823071236243577e-07,0.0944211873214096
R4_LHS_03,control,20260813,V40_A_E4_C7_1T,total_displacement,Y,5.0,10.0,2.6093419056509054e-08,1.8009149619817293e-08,0.4488978995319035
R4_LHS_03,control,20260813,V40_A_E4_C7_1T,total_displacement,Y,10.0,20.0,1.3566631394939094e-08,1.0519176975493581e-08,0.28970464386568795
R4_LHS_03,control,20260813,V40_A_E4_C7_1T,incremental_velocity,Y,0.0,0.5,9.97802845608187e-06,8.768424008731827e-06,0.13795004052558216
R4_LHS_03,control,20260813,V40_A_E4_C7_1T,incremental_velocity,Y,0.5,1.0,1.2930396359517902e-06,1.7365245041793096e-06,0.2553864729004286
R4_LHS_03,control,20260813,V40_A_E4_C7_1T,incremental_velocity,Y,1.0,2.0,1.9648984056028495e-06,2.300308664474203e-06,0.145810979218313
R4_LHS_03,control,20260813,V40_A_E4_C7_1T,incremental_velocity,Y,2.0,5.0,4.0991609891824437e-07,3.7657132091462783e-07,0.08854837357934675
R4_LHS_03,control,20260813,V40_A_E4_C7_1T,incremental_velocity,Y,5.0,10.0,4.162323235070231e-06,4.778644824404587e-06,0.12897413638837424
R4_LHS_03,control,20260813,V40_A_E4_C7_1T,incremental_velocity,Y,10.0,20.0,1.7992278107618144e-06,2.380729217555367e-06,0.24425348439696246
R4_LHS_03,control,20260813,V40_A_E4_C7_1T,total_displacement,Z,0.0,0.5,7.692779246908728e-05,6.954155920352725e-05,0.10621322487093998
R4_LHS_03,control,20260813,V40_A_E4_C7_1T,total_displacement,Z,0.5,1.0,9.335733023277371e-07,9.233822835633672e-07,0.011036619334997812
R4_LHS_03,control,20260813,V40_A_E4_C7_1T,total_displacement,Z,1.0,2.0,5.195499878593137e-07,5.066430745526558e-07,0.02547535721879581
R4_LHS_03,control,20260813,V40_A_E4_C7_1T,total_displacement,Z,2.0,5.0,3.13995006596547e-07,2.878041058392804e-07,0.09100252646114955
R4_LHS_03,control,20260813,V40_A_E4_C7_1T,total_displacement,Z,5.0,10.0,8.622395154976644e-08,7.57855802574463e-08,0.13773558580485407
R4_LHS_03,control,20260813,V40_A_E4_C7_1T,total_displacement,Z,10.0,20.0,5.749258358685266e-08,5.322386834341791e-08,0.08020302500170777
R4_LHS_03,control,20260813,V40_A_E4_C7_1T,incremental_velocity,Z,0.0,0.5,1.127826024891204e-05,1.123354264355098e-05,0.003980721556857421
R4_LHS_03,control,20260813,V40_A_E4_C7_1T,incremental_velocity,Z,0.5,1.0,5.746543447957727e-06,6.1283459917247925e-06,0.06230107508332911
R4_LHS_03,control,20260813,V40_A_E4_C7_1T,incremental_velocity,Z,1.0,2.0,4.5556842638381286e-06,5.033089587963e-06,0.09485333328193105
R4_LHS_03,control,20260813,V40_A_E4_C7_1T,incremental_velocity,Z,2.0,5.0,3.7303375081839455e-07,2.81493782884018e-07,0.32519356909595826
R4_LHS_03,control,20260813,V40_A_E4_C7_1T,incremental_velocity,Z,5.0,10.0,4.321770187142578e-06,3.880339971434974e-06,0.11376070626728117
R4_LHS_03,control,20260813,V40_A_E4_C7_1T,incremental_velocity,Z,10.0,20.0,2.755664239241768e-07,6.467854588573766e-07,0.5739446208160003
R4_LHS_03,control,20260813,V40_B_E4_C7_1T,total_displacement,X,0.0,0.5,1.4402769639417113e-06,1.4841759585079292e-06,0.02957802564754545
R4_LHS_03,control,20260813,V40_B_E4_C7_1T,total_displacement,X,0.5,1.0,1.753031820547973e-08,1.813378133377747e-08,0.033278394461153125
R4_LHS_03,control,20260813,V40_B_E4_C7_1T,total_displacement,X,1.0,2.0,5.272399158230686e-05,5.2711942184073115e-05,0.00022858953274134853
R4_LHS_03,control,20260813,V40_B_E4_C7_1T,total_displacement,X,2.0,5.0,4.029698681422187e-06,4.007796152879325e-06,0.005464980679500554
R4_LHS_03,control,20260813,V40_B_E4_C7_1T,total_displacement,X,5.0,10.0,3.04848549089448e-10,3.071256328491094e-10,0.007414176858302556
R4_LHS_03,control,20260813,V40_B_E4_C7_1T,total_displacement,X,10.0,20.0,8.442471464467096e-11,7.666470827254107e-11,0.10122006001174971
R4_LHS_03,control,20260813,V40_B_E4_C7_1T,incremental_velocity,X,0.0,0.5,2.912536574097496e-07,2.806451513036152e-07,0.03780042540146223
R4_LHS_03,control,20260813,V40_B_E4_C7_1T,incremental_velocity,X,0.5,1.0,1.0209935648341748e-08,1.912413846859187e-08,0.46612310587952377
R4_LHS_03,control,20260813,V40_B_E4_C7_1T,incremental_velocity,X,1.0,2.0,5.2879403895703724e-08,1.5622943853392626e-07,0.6615272742965109
R4_LHS_03,control,20260813,V40_B_E4_C7_1T,incremental_velocity,X,2.0,5.0,1.5307980468571756e-07,3.1412776232173133e-07,0.5126829811083925
R4_LHS_03,control,20260813,V40_B_E4_C7_1T,incremental_velocity,X,5.0,10.0,2.78382818528988e-07,3.43187152050191e-07,0.18883088464723577
R4_LHS_03,control,20260813,V40_B_E4_C7_1T,incremental_velocity,X,10.0,20.0,1.7796021223629456e-08,6.262432920462431e-08,0.715828952586763
R4_LHS_03,control,20260813,V40_B_E4_C7_1T,total_displacement,Y,0.0,0.5,6.292476777685186e-05,6.531286875797132e-05,0.03656401910577544
R4_LHS_03,control,20260813,V40_B_E4_C7_1T,total_displacement,Y,0.5,1.0,1.433330152134262e-07,2.079158002061934e-07,0.3106198996359075
R4_LHS_03,control,20260813,V40_B_E4_C7_1T,total_displacement,Y,1.0,2.0,4.286300327161608e-07,4.4121225745554734e-07,0.02851739616652471
R4_LHS_03,control,20260813,V40_B_E4_C7_1T,total_displacement,Y,2.0,5.0,2.014958189901076e-07,1.8262552344469812e-07,0.10332781086387252
R4_LHS_03,control,20260813,V40_B_E4_C7_1T,total_displacement,Y,5.0,10.0,2.715667551320641e-08,1.899305082160974e-08,0.4298216631057679
R4_LHS_03,control,20260813,V40_B_E4_C7_1T,total_displacement,Y,10.0,20.0,1.3761629902057594e-08,1.064986186203437e-08,0.2921885823811807
R4_LHS_03,control,20260813,V40_B_E4_C7_1T,incremental_velocity,Y,0.0,0.5,1.3363616841686757e-05,1.31423412562772e-05,0.01683684673032438
R4_LHS_03,control,20260813,V40_B_E4_C7_1T,incremental_velocity,Y,0.5,1.0,1.3040717006649297e-06,2.183319372733207e-06,0.4027114324404054
R4_LHS_03,control,20260813,V40_B_E4_C7_1T,incremental_velocity,Y,1.0,2.0,2.0456018485838796e-06,3.12879670646019e-06,0.3462017380802599
R4_LHS_03,control,20260813,V40_B_E4_C7_1T,incremental_velocity,Y,2.0,5.0,5.550335650053488e-07,5.244634650004282e-07,0.05828833092290917
R4_LHS_03,control,20260813,V40_B_E4_C7_1T,incremental_velocity,Y,5.0,10.0,6.564220664810105e-06,7.227497920920869e-06,0.09177135204575117
R4_LHS_03,control,20260813,V40_B_E4_C7_1T,incremental_velocity,Y,10.0,20.0,2.648728197617694e-06,3.7709001385039474e-06,0.2975872867668831
R4_LHS_03,control,20260813,V40_B_E4_C7_1T,total_displacement,Z,0.0,0.5,7.531651533791006e-05,8.124929565813446e-05,0.07301946770329228
R4_LHS_03,control,20260813,V40_B_E4_C7_1T,total_displacement,Z,0.5,1.0,8.778890443089943e-07,9.133957283521265e-07,0.03887327577849575
R4_LHS_03,control,20260813,V40_B_E4_C7_1T,total_displacement,Z,1.0,2.0,4.971544582246207e-07,5.131389227417285e-07,0.03115036456736113
R4_LHS_03,control,20260813,V40_B_E4_C7_1T,total_displacement,Z,2.0,5.0,3.009354511981204e-07,2.8790434679460766e-07,0.04526192309562165
R4_LHS_03,control,20260813,V40_B_E4_C7_1T,total_displacement,Z,5.0,10.0,8.278197496536073e-08,7.655041552814827e-08,0.08140464547734629
R4_LHS_03,control,20260813,V40_B_E4_C7_1T,total_displacement,Z,10.0,20.0,5.532194359566821e-08,5.3256929124840995e-08,0.03877456895771369
R4_LHS_03,control,20260813,V40_B_E4_C7_1T,incremental_velocity,Z,0.0,0.5,1.1912462248530433e-05,1.2850047659701124e-05,0.07296357461078068
R4_LHS_03,control,20260813,V40_B_E4_C7_1T,incremental_velocity,Z,0.5,1.0,5.668038803551683e-06,6.010401537440233e-06,0.056961707426016445
R4_LHS_03,control,20260813,V40_B_E4_C7_1T,incremental_velocity,Z,1.0,2.0,4.618697951095444e-06,5.627486131109481e-06,0.17926089136627527
R4_LHS_03,control,20260813,V40_B_E4_C7_1T,incremental_velocity,Z,2.0,5.0,3.6022585366828367e-07,2.924681507246215e-07,0.23167549278711258
R4_LHS_03,control,20260813,V40_B_E4_C7_1T,incremental_velocity,Z,5.0,10.0,6.5003678998843085e-06,5.840283107507936e-06,0.11302273883397972
R4_LHS_03,control,20260813,V40_B_E4_C7_1T,incremental_velocity,Z,10.0,20.0,3.3114348551429604e-07,1.007884430613805e-06,0.6714469680689198
R4_LHS_03,control,20260813,V40_CPLUS_E4_C7_1T,total_displacement,X,0.0,0.5,3.4247793940191906e-06,3.4561325525713404e-06,0.009071746547690497
R4_LHS_03,control,20260813,V40_CPLUS_E4_C7_1T,total_displacement,X,0.5,1.0,1.748011024483012e-08,1.7613803342129764e-08,0.0075902458261169516
R4_LHS_03,control,20260813,V40_CPLUS_E4_C7_1T,total_displacement,X,1.0,2.0,5.2693804379413126e-05,5.268582755538621e-05,0.0001514036012536453
R4_LHS_03,control,20260813,V40_CPLUS_E4_C7_1T,total_displacement,X,2.0,5.0,4.026466004375481e-06,4.036322412880157e-06,0.0024419279473869987
R4_LHS_03,control,20260813,V40_CPLUS_E4_C7_1T,total_displacement,X,5.0,10.0,4.165325097512819e-10,4.393296618608438e-10,0.051890764700478674
R4_LHS_03,control,20260813,V40_CPLUS_E4_C7_1T,total_displacement,X,10.0,20.0,1.7312104678939884e-10,8.541933166337213e-11,1.0267197532245884
R4_LHS_03,control,20260813,V40_CPLUS_E4_C7_1T,incremental_velocity,X,0.0,0.5,7.296729421734288e-07,6.792565371860757e-07,0.07422292201442894
R4_LHS_03,control,20260813,V40_CPLUS_E4_C7_1T,incremental_velocity,X,0.5,1.0,1.1274179872590267e-08,1.604056334516092e-08,0.2971456407114632
R4_LHS_03,control,20260813,V40_CPLUS_E4_C7_1T,incremental_velocity,X,1.0,2.0,1.523730189964401e-07,2.6129373367921716e-07,0.41685161426984657
R4_LHS_03,control,20260813,V40_CPLUS_E4_C7_1T,incremental_velocity,X,2.0,5.0,2.4156207036698183e-07,2.972555011759233e-07,0.18735878928605823
R4_LHS_03,control,20260813,V40_CPLUS_E4_C7_1T,incremental_velocity,X,5.0,10.0,6.732909360247114e-07,7.830681752100286e-07,0.14018861021375775
R4_LHS_03,control,20260813,V40_CPLUS_E4_C7_1T,incremental_velocity,X,10.0,20.0,4.8902520150638176e-08,1.0297285703738565e-07,0.52509310164247
R4_LHS_03,control,20260813,V40_CPLUS_E4_C7_1T,total_displacement,Y,0.0,0.5,0.0001370439308020393,0.00013945611245677077,0.017297066526784196
R4_LHS_03,control,20260813,V40_CPLUS_E4_C7_1T,total_displacement,Y,0.5,1.0,1.6547280010642472e-07,1.8705679125367537e-07,0.11538736980674344
R4_LHS_03,control,20260813,V40_CPLUS_E4_C7_1T,total_displacement,Y,1.0,2.0,4.3209286581534244e-07,4.915715326179294e-07,0.12099697166315848
R4_LHS_03,control,20260813,V40_CPLUS_E4_C7_1T,total_displacement,Y,2.0,5.0,2.039484096750031e-07,1.847141708124415e-07,0.10412974152422777
R4_LHS_03,control,20260813,V40_CPLUS_E4_C7_1T,total_displacement,Y,5.0,10.0,3.5133021247542796e-08,2.2310396080309788e-08,0.5747376748075627
R4_LHS_03,control,20260813,V40_CPLUS_E4_C7_1T,total_displacement,Y,10.0,20.0,1.8896684598254526e-08,1.1188726453801978e-08,0.6889039763621488
R4_LHS_03,control,20260813,V40_CPLUS_E4_C7_1T,incremental_velocity,Y,0.0,0.5,3.198521200335655e-05,3.0029270001598746e-05,0.06513451714456153
R4_LHS_03,control,20260813,V40_CPLUS_E4_C7_1T,incremental_velocity,Y,0.5,1.0,1.6035742884801058e-06,1.9610183452998225e-06,0.18227471337860768
R4_LHS_03,control,20260813,V40_CPLUS_E4_C7_1T,incremental_velocity,Y,1.0,2.0,4.652825210071481e-06,6.321135599143076e-06,0.2639257397512181
R4_LHS_03,control,20260813,V40_CPLUS_E4_C7_1T,incremental_velocity,Y,2.0,5.0,1.0006401759625705e-06,1.1358164615295789e-06,0.11901243743638777
R4_LHS_03,control,20260813,V40_CPLUS_E4_C7_1T,incremental_velocity,Y,5.0,10.0,1.5020358154766023e-05,1.537127490605462e-05,0.02282938490354971
R4_LHS_03,control,20260813,V40_CPLUS_E4_C7_1T,incremental_velocity,Y,10.0,20.0,7.159622133990728e-06,9.606137234983122e-06,0.2546825056884265
R4_LHS_03,control,20260813,V40_CPLUS_E4_C7_1T,total_displacement,Z,0.0,0.5,0.00012307788527173277,0.00012258519938305066,0.004019130296003986
R4_LHS_03,control,20260813,V40_CPLUS_E4_C7_1T,total_displacement,Z,0.5,1.0,9.66233198379111e-07,9.277504158490757e-07,0.04147967155025845
R4_LHS_03,control,20260813,V40_CPLUS_E4_C7_1T,total_displacement,Z,1.0,2.0,5.391206180049159e-07,5.335852730849556e-07,0.010373871242655009
R4_LHS_03,control,20260813,V40_CPLUS_E4_C7_1T,total_displacement,Z,2.0,5.0,3.1213208565497487e-07,2.885560788369816e-07,0.08170337950604203
R4_LHS_03,control,20260813,V40_CPLUS_E4_C7_1T,total_displacement,Z,5.0,10.0,9.983305327208067e-08,8.031226092527513e-08,0.24306117300032495
R4_LHS_03,control,20260813,V40_CPLUS_E4_C7_1T,total_displacement,Z,10.0,20.0,6.561726539677945e-08,5.342353077821325e-08,0.22824651311775418
R4_LHS_03,control,20260813,V40_CPLUS_E4_C7_1T,incremental_velocity,Z,0.0,0.5,2.1052612803810762e-05,2.1386827373908848e-05,0.01562712244574506
R4_LHS_03,control,20260813,V40_CPLUS_E4_C7_1T,incremental_velocity,Z,0.5,1.0,6.448101943636359e-06,6.167298748637119e-06,0.04553098632708417
R4_LHS_03,control,20260813,V40_CPLUS_E4_C7_1T,incremental_velocity,Z,1.0,2.0,6.917660137440358e-06,7.613462483937856e-06,0.0913910520956049
R4_LHS_03,control,20260813,V40_CPLUS_E4_C7_1T,incremental_velocity,Z,2.0,5.0,4.132209085554078e-07,3.460872585091779e-07,0.19397897031927158
R4_LHS_03,control,20260813,V40_CPLUS_E4_C7_1T,incremental_velocity,Z,5.0,10.0,1.6634969624369847e-05,1.5896642638985824e-05,0.04644546664044067
R4_LHS_03,control,20260813,V40_CPLUS_E4_C7_1T,incremental_velocity,Z,10.0,20.0,1.47754482658349e-06,3.1961888729194334e-06,0.5377166727841447
R4_LHS_03,control,20260813,V40_C_E4_C7_1T,total_displacement,X,0.0,0.5,2.1783750827969058e-06,2.1323331849607403e-06,0.02159226248547697
R4_LHS_03,control,20260813,V40_C_E4_C7_1T,total_displacement,X,0.5,1.0,1.7413080632328496e-08,1.8413866601366154e-08,0.05434958288246795
R4_LHS_03,control,20260813,V40_C_E4_C7_1T,total_displacement,X,1.0,2.0,5.277555046958024e-05,5.2723308684168785e-05,0.000990866975447254
R4_LHS_03,control,20260813,V40_C_E4_C7_1T,total_displacement,X,2.0,5.0,4.027169102156929e-06,4.027948948145401e-06,0.00019360870718854476
R4_LHS_03,control,20260813,V40_C_E4_C7_1T,total_displacement,X,5.0,10.0,3.9136186898647394e-10,3.5742747861095553e-10,0.09494063105443143
R4_LHS_03,control,20260813,V40_C_E4_C7_1T,total_displacement,X,10.0,20.0,1.1893395374967035e-10,8.445739143651624e-11,0.40821249303051205
R4_LHS_03,control,20260813,V40_C_E4_C7_1T,incremental_velocity,X,0.0,0.5,4.2437566512614596e-07,4.170971437601798e-07,0.017450422461178824
R4_LHS_03,control,20260813,V40_C_E4_C7_1T,incremental_velocity,X,0.5,1.0,1.7036052783106244e-08,2.7374914251417035e-08,0.3776764878003448
R4_LHS_03,control,20260813,V40_C_E4_C7_1T,incremental_velocity,X,1.0,2.0,7.941681923242069e-08,2.2731307525890986e-07,0.6506280197830027
R4_LHS_03,control,20260813,V40_C_E4_C7_1T,incremental_velocity,X,2.0,5.0,2.849618054041158e-07,3.728486612690083e-07,0.23571723595778887
R4_LHS_03,control,20260813,V40_C_E4_C7_1T,incremental_velocity,X,5.0,10.0,4.5209653645496237e-07,5.438005945925091e-07,0.16863545029086285
R4_LHS_03,control,20260813,V40_C_E4_C7_1T,incremental_velocity,X,10.0,20.0,3.139239992851277e-08,7.81247550868577e-08,0.5981760212417785
R4_LHS_03,control,20260813,V40_C_E4_C7_1T,total_displacement,Y,0.0,0.5,9.715391479857798e-05,8.984116052155137e-05,0.08139648057275932
R4_LHS_03,control,20260813,V40_C_E4_C7_1T,total_displacement,Y,0.5,1.0,1.456487279455527e-07,2.388745102249283e-07,0.39027095101772313
R4_LHS_03,control,20260813,V40_C_E4_C7_1T,total_displacement,Y,1.0,2.0,4.226463209534258e-07,4.5641232036062237e-07,0.07398134954051462
R4_LHS_03,control,20260813,V40_C_E4_C7_1T,total_displacement,Y,2.0,5.0,2.0363735518633283e-07,1.8374757023175683e-07,0.1082451589944261
R4_LHS_03,control,20260813,V40_C_E4_C7_1T,total_displacement,Y,5.0,10.0,3.0565719772967933e-08,2.012084644517567e-08,0.5191070542808405
R4_LHS_03,control,20260813,V40_C_E4_C7_1T,total_displacement,Y,10.0,20.0,1.4908496899763914e-08,1.0841318570972381e-08,0.3751553191768941
R4_LHS_03,control,20260813,V40_C_E4_C7_1T,incremental_velocity,Y,0.0,0.5,1.9479497015805886e-05,1.8564262925377634e-05,0.049300858003746166
R4_LHS_03,control,20260813,V40_C_E4_C7_1T,incremental_velocity,Y,0.5,1.0,1.4887567693685458e-06,2.7293356983012278e-06,0.45453511992124446
R4_LHS_03,control,20260813,V40_C_E4_C7_1T,incremental_velocity,Y,1.0,2.0,2.9382304387335553e-06,4.1049197112263995e-06,0.2842173183806999
R4_LHS_03,control,20260813,V40_C_E4_C7_1T,incremental_velocity,Y,2.0,5.0,8.520035568872045e-07,7.350297760101496e-07,0.15914155411772
R4_LHS_03,control,20260813,V40_C_E4_C7_1T,incremental_velocity,Y,5.0,10.0,9.813553757900356e-06,9.911476671086738e-06,0.009879750155901278
R4_LHS_03,control,20260813,V40_C_E4_C7_1T,incremental_velocity,Y,10.0,20.0,4.7249191456074935e-06,5.907852197747643e-06,0.2002306443264001
R4_LHS_03,control,20260813,V40_C_E4_C7_1T,total_displacement,Z,0.0,0.5,9.72119426922976e-05,9.517022402259534e-05,0.021453334702853186
R4_LHS_03,control,20260813,V40_C_E4_C7_1T,total_displacement,Z,0.5,1.0,8.096720827706292e-07,9.039257269421911e-07,0.10427144771109026
R4_LHS_03,control,20260813,V40_C_E4_C7_1T,total_displacement,Z,1.0,2.0,5.105267378575652e-07,5.194394943816841e-07,0.017158411365559043
R4_LHS_03,control,20260813,V40_C_E4_C7_1T,total_displacement,Z,2.0,5.0,3.005294786125689e-07,2.885340450901497e-07,0.04157371972749824
R4_LHS_03,control,20260813,V40_C_E4_C7_1T,total_displacement,Z,5.0,10.0,8.29690280324475e-08,7.872487413928343e-08,0.0539112185261184
R4_LHS_03,control,20260813,V40_C_E4_C7_1T,total_displacement,Z,10.0,20.0,5.383680791022272e-08,5.3341930047784814e-08,0.009277464501089164
R4_LHS_03,control,20260813,V40_C_E4_C7_1T,incremental_velocity,Z,0.0,0.5,1.3671354301987947e-05,1.510186799997487e-05,0.09472428827939051
R4_LHS_03,control,20260813,V40_C_E4_C7_1T,incremental_velocity,Z,0.5,1.0,4.827283908231866e-06,5.896515474184778e-06,0.1813327838507434
R4_LHS_03,control,20260813,V40_C_E4_C7_1T,incremental_velocity,Z,1.0,2.0,5.185500666373511e-06,6.226577379319186e-06,0.16719887179166573
R4_LHS_03,control,20260813,V40_C_E4_C7_1T,incremental_velocity,Z,2.0,5.0,5.500684651226277e-07,3.322435618991716e-07,0.6556181314043371
R4_LHS_03,control,20260813,V40_C_E4_C7_1T,incremental_velocity,Z,5.0,10.0,1.1701075035391944e-05,1.1545430368929657e-05,0.01348106233277782
R4_LHS_03,control,20260813,V40_C_E4_C7_1T,incremental_velocity,Z,10.0,20.0,1.0059462843249563e-06,1.991228363884979e-06,0.49481119163936155
R4_LHS_03,control,20260813,V52_A_E4_C7_1T,total_displacement,X,0.0,0.5,7.626916144068477e-07,7.779507520405637e-07,0.019614529060729555
R4_LHS_03,control,20260813,V52_A_E4_C7_1T,total_displacement,X,0.5,1.0,1.7048228836592103e-08,1.7866958832964068e-08,0.045823690759360214
R4_LHS_03,control,20260813,V52_A_E4_C7_1T,total_displacement,X,1.0,2.0,5.283869989981516e-05,5.278404583703167e-05,0.0010354276925310397
R4_LHS_03,control,20260813,V52_A_E4_C7_1T,total_displacement,X,2.0,5.0,4.023461094750394e-06,4.00431275070948e-06,0.004781930192021579
R4_LHS_03,control,20260813,V52_A_E4_C7_1T,total_displacement,X,5.0,10.0,2.8483940519059684e-10,3.365844303445828e-10,0.15373564695494468
R4_LHS_03,control,20260813,V52_A_E4_C7_1T,total_displacement,X,10.0,20.0,1.2975695622488218e-10,1.2940542468826803e-10,0.0027165131404728827
R4_LHS_03,control,20260813,V52_A_E4_C7_1T,incremental_velocity,X,0.0,0.5,2.2064067583621722e-07,2.426983103339312e-07,0.09088499407912905
R4_LHS_03,control,20260813,V52_A_E4_C7_1T,incremental_velocity,X,0.5,1.0,1.3324373729442835e-08,1.7684783462791406e-08,0.2465628003035958
R4_LHS_03,control,20260813,V52_A_E4_C7_1T,incremental_velocity,X,1.0,2.0,8.021170525453717e-08,1.9991398079743354e-07,0.5987689058334889
R4_LHS_03,control,20260813,V52_A_E4_C7_1T,incremental_velocity,X,2.0,5.0,1.892437184699209e-07,2.3525928135743193e-07,0.1955951009541643
R4_LHS_03,control,20260813,V52_A_E4_C7_1T,incremental_velocity,X,5.0,10.0,4.402830224189569e-08,9.647793326012278e-08,0.5436438079245847
R4_LHS_03,control,20260813,V52_A_E4_C7_1T,incremental_velocity,X,10.0,20.0,8.111004931211264e-08,1.391735706086016e-07,0.41720221046696593
R4_LHS_03,control,20260813,V52_A_E4_C7_1T,total_displacement,Y,0.0,0.5,3.655535114772524e-05,3.8708794488012064e-05,0.05563188853514243
R4_LHS_03,control,20260813,V52_A_E4_C7_1T,total_displacement,Y,0.5,1.0,1.761272652526298e-07,2.154050616847253e-07,0.182343887951825
R4_LHS_03,control,20260813,V52_A_E4_C7_1T,total_displacement,Y,1.0,2.0,4.246333065022301e-07,4.2194532874622696e-07,0.006370440843580969
R4_LHS_03,control,20260813,V52_A_E4_C7_1T,total_displacement,Y,2.0,5.0,2.010145480580361e-07,1.8352016988877504e-07,0.0953267326412338
R4_LHS_03,control,20260813,V52_A_E4_C7_1T,total_displacement,Y,5.0,10.0,2.0495489668456855e-08,1.6952733220366603e-08,0.2089784816429524
R4_LHS_03,control,20260813,V52_A_E4_C7_1T,total_displacement,Y,10.0,20.0,1.603879620659297e-08,1.244626792229894e-08,0.2886430138513728
R4_LHS_03,control,20260813,V52_A_E4_C7_1T,incremental_velocity,Y,0.0,0.5,1.1356952774779792e-05,1.196975090329046e-05,0.05119556233557133
R4_LHS_03,control,20260813,V52_A_E4_C7_1T,incremental_velocity,Y,0.5,1.0,1.4180784669682754e-06,2.35481674554268e-06,0.39779667795700524
R4_LHS_03,control,20260813,V52_A_E4_C7_1T,incremental_velocity,Y,1.0,2.0,1.4917874086662104e-06,2.0680606038612606e-06,0.27865392054715166
R4_LHS_03,control,20260813,V52_A_E4_C7_1T,incremental_velocity,Y,2.0,5.0,8.101243465942082e-07,1.0122890107319607e-06,0.19971042063528116
R4_LHS_03,control,20260813,V52_A_E4_C7_1T,incremental_velocity,Y,5.0,10.0,2.1204891997916723e-06,2.277555150955509e-06,0.06896252373864238
R4_LHS_03,control,20260813,V52_A_E4_C7_1T,incremental_velocity,Y,10.0,20.0,1.160448243198223e-05,1.2827994653493019e-05,0.09537829213061219
R4_LHS_03,control,20260813,V52_A_E4_C7_1T,total_displacement,Z,0.0,0.5,6.395393047743228e-05,7.008876184604058e-05,0.08752945846131926
R4_LHS_03,control,20260813,V52_A_E4_C7_1T,total_displacement,Z,0.5,1.0,9.001929213852608e-07,9.889643533779223e-07,0.08976201385768096
R4_LHS_03,control,20260813,V52_A_E4_C7_1T,total_displacement,Z,1.0,2.0,4.78824736004975e-07,4.8612099206799e-07,0.015009135960116151
R4_LHS_03,control,20260813,V52_A_E4_C7_1T,total_displacement,Z,2.0,5.0,2.978945551776094e-07,2.8906942638075017e-07,0.030529443764956105
R4_LHS_03,control,20260813,V52_A_E4_C7_1T,total_displacement,Z,5.0,10.0,7.08455841276434e-08,7.460774941690783e-08,0.0504259318725923
R4_LHS_03,control,20260813,V52_A_E4_C7_1T,total_displacement,Z,10.0,20.0,5.338786947545617e-08,5.34861439105811e-08,0.0018373811970671201
R4_LHS_03,control,20260813,V52_A_E4_C7_1T,incremental_velocity,Z,0.0,0.5,1.408447105882234e-05,1.610463881234302e-05,0.12544011555058102
R4_LHS_03,control,20260813,V52_A_E4_C7_1T,incremental_velocity,Z,0.5,1.0,5.03723419450828e-06,6.587632152823375e-06,0.23534980738877695
R4_LHS_03,control,20260813,V52_A_E4_C7_1T,incremental_velocity,Z,1.0,2.0,2.266269491498866e-06,3.121540928259703e-06,0.27399014025988155
R4_LHS_03,control,20260813,V52_A_E4_C7_1T,incremental_velocity,Z,2.0,5.0,4.619500657140292e-07,5.078701787586731e-07,0.09041702971590296
R4_LHS_03,control,20260813,V52_A_E4_C7_1T,incremental_velocity,Z,5.0,10.0,5.296215706314559e-07,5.976783188931852e-07,0.11386852443930136
R4_LHS_03,control,20260813,V52_A_E4_C7_1T,incremental_velocity,Z,10.0,20.0,1.1473315160477756e-06,1.9436316398097347e-06,0.40969703695496035
R4_LHS_03,control,20260813,V52_B_E4_C7_1T,total_displacement,X,0.0,0.5,1.1543956902392605e-06,1.2129210632818836e-06,0.04825159263395673
R4_LHS_03,control,20260813,V52_B_E4_C7_1T,total_displacement,X,0.5,1.0,1.729726493594846e-08,1.8197750339649268e-08,0.04948333650554754
R4_LHS_03,control,20260813,V52_B_E4_C7_1T,total_displacement,X,1.0,2.0,5.284174262072801e-05,5.275193545007612e-05,0.0017024431404395125
R4_LHS_03,control,20260813,V52_B_E4_C7_1T,total_displacement,X,2.0,5.0,4.003713370214202e-06,4.010643663289322e-06,0.0017279752720379172
R4_LHS_03,control,20260813,V52_B_E4_C7_1T,total_displacement,X,5.0,10.0,2.5654684391526447e-10,3.2892222644345604e-10,0.22003798074324843
R4_LHS_03,control,20260813,V52_B_E4_C7_1T,total_displacement,X,10.0,20.0,1.5071346485295512e-10,1.1519185391030881e-10,0.3083691227880081
R4_LHS_03,control,20260813,V52_B_E4_C7_1T,incremental_velocity,X,0.0,0.5,3.564952592245035e-07,3.6737285283432794e-07,0.029609138307042666
R4_LHS_03,control,20260813,V52_B_E4_C7_1T,incremental_velocity,X,0.5,1.0,1.8494208958243056e-08,2.7876892593740745e-08,0.3365756640180334
R4_LHS_03,control,20260813,V52_B_E4_C7_1T,incremental_velocity,X,1.0,2.0,8.813478292077853e-08,2.3283347360773627e-07,0.6214685905976617
R4_LHS_03,control,20260813,V52_B_E4_C7_1T,incremental_velocity,X,2.0,5.0,1.6881362451325364e-07,2.879586329991522e-07,0.41375737634596055
R4_LHS_03,control,20260813,V52_B_E4_C7_1T,incremental_velocity,X,5.0,10.0,6.308648787935516e-08,1.1714933819391149e-07,0.4614866046026549
R4_LHS_03,control,20260813,V52_B_E4_C7_1T,incremental_velocity,X,10.0,20.0,1.2266531166151588e-07,2.031591908339232e-07,0.3962108671628288
R4_LHS_03,control,20260813,V52_B_E4_C7_1T,total_displacement,Y,0.0,0.5,5.5452291464157466e-05,5.519332327085652e-05,0.004692020301623839
R4_LHS_03,control,20260813,V52_B_E4_C7_1T,total_displacement,Y,0.5,1.0,1.9102829207639732e-07,2.484374421052876e-07,0.2310809093122135
R4_LHS_03,control,20260813,V52_B_E4_C7_1T,total_displacement,Y,1.0,2.0,4.362308424821837e-07,4.3224048594961046e-07,0.009231797257044577
R4_LHS_03,control,20260813,V52_B_E4_C7_1T,total_displacement,Y,2.0,5.0,2.091542124469298e-07,1.846101872315135e-07,0.13295054613988586
R4_LHS_03,control,20260813,V52_B_E4_C7_1T,total_displacement,Y,5.0,10.0,2.207737468092756e-08,1.7316316008075466e-08,0.27494639567860585
R4_LHS_03,control,20260813,V52_B_E4_C7_1T,total_displacement,Y,10.0,20.0,1.9593764288921953e-08,1.3553143527441217e-08,0.44569887046870094
R4_LHS_03,control,20260813,V52_B_E4_C7_1T,incremental_velocity,Y,0.0,0.5,1.6540535904856103e-05,1.7865453405833155e-05,0.07416086627526956
R4_LHS_03,control,20260813,V52_B_E4_C7_1T,incremental_velocity,Y,0.5,1.0,1.974806345561195e-06,3.0431449103965188e-06,0.35106398028745867
R4_LHS_03,control,20260813,V52_B_E4_C7_1T,incremental_velocity,Y,1.0,2.0,2.09053120490956e-06,2.9686109335672427e-06,0.29578808011817664
R4_LHS_03,control,20260813,V52_B_E4_C7_1T,incremental_velocity,Y,2.0,5.0,1.0738458856184748e-06,1.4106637552371902e-06,0.23876552322851918
R4_LHS_03,control,20260813,V52_B_E4_C7_1T,incremental_velocity,Y,5.0,10.0,3.2616687309248002e-06,3.476615241103942e-06,0.061826372857667455
R4_LHS_03,control,20260813,V52_B_E4_C7_1T,incremental_velocity,Y,10.0,20.0,1.7536010865685463e-05,1.9760181447166185e-05,0.11255820638224405
R4_LHS_03,control,20260813,V52_B_E4_C7_1T,total_displacement,Z,0.0,0.5,7.94044245041128e-05,8.073529678344593e-05,0.016484391986603987
R4_LHS_03,control,20260813,V52_B_E4_C7_1T,total_displacement,Z,0.5,1.0,9.380461230575005e-07,9.960375404357234e-07,0.05822212017516342
R4_LHS_03,control,20260813,V52_B_E4_C7_1T,total_displacement,Z,1.0,2.0,5.006764705409771e-07,4.879388216480729e-07,0.026105012201901152
R4_LHS_03,control,20260813,V52_B_E4_C7_1T,total_displacement,Z,2.0,5.0,3.1285793564661424e-07,2.892127039807297e-07,0.0817572372874051
R4_LHS_03,control,20260813,V52_B_E4_C7_1T,total_displacement,Z,5.0,10.0,8.170036631314839e-08,7.4754114890077e-08,0.09292132524457782
R4_LHS_03,control,20260813,V52_B_E4_C7_1T,total_displacement,Z,10.0,20.0,6.333169652319739e-08,5.362652684760743e-08,0.180977032190981
R4_LHS_03,control,20260813,V52_B_E4_C7_1T,incremental_velocity,Z,0.0,0.5,1.9225889726757608e-05,1.9420724665459266e-05,0.010032320732510142
R4_LHS_03,control,20260813,V52_B_E4_C7_1T,incremental_velocity,Z,0.5,1.0,6.426102531460049e-06,6.595357299344557e-06,0.025662713967191435
R4_LHS_03,control,20260813,V52_B_E4_C7_1T,incremental_velocity,Z,1.0,2.0,2.95681878099689e-06,3.275288942346637e-06,0.09723421870730384
R4_LHS_03,control,20260813,V52_B_E4_C7_1T,incremental_velocity,Z,2.0,5.0,4.6844537200333597e-07,5.73310770699312e-07,0.18291196338080912
R4_LHS_03,control,20260813,V52_B_E4_C7_1T,incremental_velocity,Z,5.0,10.0,8.635972570900554e-07,9.576282518670903e-07,0.09819154206624801
R4_LHS_03,control,20260813,V52_B_E4_C7_1T,incremental_velocity,Z,10.0,20.0,1.360530077038436e-06,3.0963463178835592e-06,0.5606014517237862
R4_LHS_03,control,20260813,V52_CPLUS_E4_C7_1T,total_displacement,X,0.0,0.5,2.75423232360473e-06,2.82250357613981e-06,0.02418818991487365
R4_LHS_03,control,20260813,V52_CPLUS_E4_C7_1T,total_displacement,X,0.5,1.0,1.7183190476013865e-08,1.7846839140207934e-08,0.037185781693908196
R4_LHS_03,control,20260813,V52_CPLUS_E4_C7_1T,total_displacement,X,1.0,2.0,5.2696552129661386e-05,5.274914662784349e-05,0.0009970682284809625
R4_LHS_03,control,20260813,V52_CPLUS_E4_C7_1T,total_displacement,X,2.0,5.0,4.024598390910016e-06,4.0192438967873175e-06,0.0013322142821385083
R4_LHS_03,control,20260813,V52_CPLUS_E4_C7_1T,total_displacement,X,5.0,10.0,3.3540126534658325e-10,2.771293409331915e-10,0.2102697759001979
R4_LHS_03,control,20260813,V52_CPLUS_E4_C7_1T,total_displacement,X,10.0,20.0,2.9100447875951325e-10,1.4973310395355215e-10,0.9434879200112227
R4_LHS_03,control,20260813,V52_CPLUS_E4_C7_1T,incremental_velocity,X,0.0,0.5,7.647659953292248e-07,8.886017925365857e-07,0.13936028291577218
R4_LHS_03,control,20260813,V52_CPLUS_E4_C7_1T,incremental_velocity,X,0.5,1.0,1.4687060160895383e-08,1.9785949324501263e-08,0.2577025281921572
R4_LHS_03,control,20260813,V52_CPLUS_E4_C7_1T,incremental_velocity,X,1.0,2.0,1.0640791576573554e-07,1.5941636195776227e-07,0.3325157188449166
R4_LHS_03,control,20260813,V52_CPLUS_E4_C7_1T,incremental_velocity,X,2.0,5.0,1.948398841175564e-07,3.5401976344611397e-07,0.4496355733902032
R4_LHS_03,control,20260813,V52_CPLUS_E4_C7_1T,incremental_velocity,X,5.0,10.0,1.1303801683746506e-07,2.0248374767059292e-07,0.44174276633125664
R4_LHS_03,control,20260813,V52_CPLUS_E4_C7_1T,incremental_velocity,X,10.0,20.0,2.3245299050041556e-07,3.7068278314917247e-07,0.37290588862642055
R4_LHS_03,control,20260813,V52_CPLUS_E4_C7_1T,total_displacement,Y,0.0,0.5,0.00011705222228824539,0.00011495227768064827,0.018267968673322223
R4_LHS_03,control,20260813,V52_CPLUS_E4_C7_1T,total_displacement,Y,0.5,1.0,2.1945374839210856e-07,2.311785495572227e-07,0.050717513314149205
R4_LHS_03,control,20260813,V52_CPLUS_E4_C7_1T,total_displacement,Y,1.0,2.0,4.4053138558819554e-07,4.753855934418653e-07,0.07331776211668488
R4_LHS_03,control,20260813,V52_CPLUS_E4_C7_1T,total_displacement,Y,2.0,5.0,2.0999210526617066e-07,1.8895714343570266e-07,0.11132133693387283
R4_LHS_03,control,20260813,V52_CPLUS_E4_C7_1T,total_displacement,Y,5.0,10.0,2.7992858315362333e-08,1.8749067640278167e-08,0.49302668550973466
R4_LHS_03,control,20260813,V52_CPLUS_E4_C7_1T,total_displacement,Y,10.0,20.0,2.937742620358723e-08,1.717605406039961e-08,0.710371084084941
R4_LHS_03,control,20260813,V52_CPLUS_E4_C7_1T,incremental_velocity,Y,0.0,0.5,3.65032705830813e-05,3.987337368168032e-05,0.08452013931661384
R4_LHS_03,control,20260813,V52_CPLUS_E4_C7_1T,incremental_velocity,Y,0.5,1.0,1.7067766136485455e-06,2.458259719525716e-06,0.30569719704887727
R4_LHS_03,control,20260813,V52_CPLUS_E4_C7_1T,incremental_velocity,Y,1.0,2.0,3.7792635004710186e-06,6.628485818031307e-06,0.4298451253843856
R4_LHS_03,control,20260813,V52_CPLUS_E4_C7_1T,incremental_velocity,Y,2.0,5.0,1.9055088606787959e-06,2.6191027773436432e-06,0.27245739374481187
R4_LHS_03,control,20260813,V52_CPLUS_E4_C7_1T,incremental_velocity,Y,5.0,10.0,6.514869292151897e-06,7.645026695402594e-06,0.14782909835100091
R4_LHS_03,control,20260813,V52_CPLUS_E4_C7_1T,incremental_velocity,Y,10.0,20.0,3.3975407477601295e-05,4.014762207213879e-05,0.1537379868587739
R4_LHS_03,control,20260813,V52_CPLUS_E4_C7_1T,total_displacement,Z,0.0,0.5,0.00012129206273937922,0.00011598716719996301,0.04573691786325396
R4_LHS_03,control,20260813,V52_CPLUS_E4_C7_1T,total_displacement,Z,0.5,1.0,9.833793383851147e-07,9.866590124398847e-07,0.003324019761051762
R4_LHS_03,control,20260813,V52_CPLUS_E4_C7_1T,total_displacement,Z,1.0,2.0,4.957085597251614e-07,4.982771493514742e-07,0.005154941641726624
R4_LHS_03,control,20260813,V52_CPLUS_E4_C7_1T,total_displacement,Z,2.0,5.0,3.1138980591558917e-07,2.893504017791241e-07,0.07616856241066797
R4_LHS_03,control,20260813,V52_CPLUS_E4_C7_1T,total_displacement,Z,5.0,10.0,8.657019368547827e-08,7.528538852188113e-08,0.1498936963089099
R4_LHS_03,control,20260813,V52_CPLUS_E4_C7_1T,total_displacement,Z,10.0,20.0,7.409263444245605e-08,5.4030191899773566e-08,0.37131910580474103
R4_LHS_03,control,20260813,V52_CPLUS_E4_C7_1T,incremental_velocity,Z,0.0,0.5,2.845702272423797e-05,3.1181687890837965e-05,0.08738029756883613
R4_LHS_03,control,20260813,V52_CPLUS_E4_C7_1T,incremental_velocity,Z,0.5,1.0,5.338774035309804e-06,6.577681266029194e-06,0.1883501465961563
R4_LHS_03,control,20260813,V52_CPLUS_E4_C7_1T,incremental_velocity,Z,1.0,2.0,2.8686721097672896e-06,4.180540056190547e-06,0.313803462899642
R4_LHS_03,control,20260813,V52_CPLUS_E4_C7_1T,incremental_velocity,Z,2.0,5.0,5.994911374904281e-07,7.404393097544037e-07,0.1903574950804903
R4_LHS_03,control,20260813,V52_CPLUS_E4_C7_1T,incremental_velocity,Z,5.0,10.0,1.7615606993483288e-06,2.3171646665267617e-06,0.23977750705617193
R4_LHS_03,control,20260813,V52_CPLUS_E4_C7_1T,incremental_velocity,Z,10.0,20.0,2.8504963959994864e-06,6.004186993917095e-06,0.5252485642290364
R4_LHS_03,control,20260813,V52_C_E4_C7_1T,total_displacement,X,0.0,0.5,1.6623127715852149e-06,1.7422716113935273e-06,0.04589344123236831
R4_LHS_03,control,20260813,V52_C_E4_C7_1T,total_displacement,X,0.5,1.0,1.76096469851245e-08,1.8770986992539826e-08,0.0618688834996731
R4_LHS_03,control,20260813,V52_C_E4_C7_1T,total_displacement,X,1.0,2.0,5.283375800775353e-05,5.275561610025063e-05,0.0014812054768616346
R4_LHS_03,control,20260813,V52_C_E4_C7_1T,total_displacement,X,2.0,5.0,4.00498363817131e-06,4.013356173777309e-06,0.00208616809559647
R4_LHS_03,control,20260813,V52_C_E4_C7_1T,total_displacement,X,5.0,10.0,2.773797586810673e-10,2.2245204608651342e-10,0.2469193408686024
R4_LHS_03,control,20260813,V52_C_E4_C7_1T,total_displacement,X,10.0,20.0,2.0305631043289817e-10,1.160377125916821e-10,0.7499165219450715
R4_LHS_03,control,20260813,V52_C_E4_C7_1T,incremental_velocity,X,0.0,0.5,5.087912336165532e-07,5.27111881832739e-07,0.03475665953968982
R4_LHS_03,control,20260813,V52_C_E4_C7_1T,incremental_velocity,X,0.5,1.0,2.5010533498063094e-08,3.926212852105254e-08,0.362985797251101
R4_LHS_03,control,20260813,V52_C_E4_C7_1T,incremental_velocity,X,1.0,2.0,9.433536977943227e-08,3.0366950978039113e-07,0.689348562364216
R4_LHS_03,control,20260813,V52_C_E4_C7_1T,incremental_velocity,X,2.0,5.0,2.080826960455567e-07,5.67944570351879e-07,0.6336214713407053
R4_LHS_03,control,20260813,V52_C_E4_C7_1T,incremental_velocity,X,5.0,10.0,8.478085459133978e-08,1.3837494748519152e-07,0.38731066473999726
R4_LHS_03,control,20260813,V52_C_E4_C7_1T,incremental_velocity,X,10.0,20.0,1.6889551786463773e-07,2.6642426028689823e-07,0.3660655464229757
R4_LHS_03,control,20260813,V52_C_E4_C7_1T,total_displacement,Y,0.0,0.5,7.533383665882572e-05,7.508845881445058e-05,0.0032678503227971207
R4_LHS_03,control,20260813,V52_C_E4_C7_1T,total_displacement,Y,0.5,1.0,2.1125930785845132e-07,2.8812798115755544e-07,0.2667865612714318
R4_LHS_03,control,20260813,V52_C_E4_C7_1T,total_displacement,Y,1.0,2.0,4.387007347052072e-07,4.4545103049613424e-07,0.015153844819729496
R4_LHS_03,control,20260813,V52_C_E4_C7_1T,total_displacement,Y,2.0,5.0,2.0950317856151564e-07,1.8585715333298747e-07,0.1272268772252377
R4_LHS_03,control,20260813,V52_C_E4_C7_1T,total_displacement,Y,5.0,10.0,2.3768383512639836e-08,1.780784000600558e-08,0.33471456979757785
R4_LHS_03,control,20260813,V52_C_E4_C7_1T,total_displacement,Y,10.0,20.0,2.3674445316533768e-08,1.491115820696406e-08,0.5876999618632527
R4_LHS_03,control,20260813,V52_C_E4_C7_1T,incremental_velocity,Y,0.0,0.5,2.3572369722838734e-05,2.511102955775614e-05,0.06127426322279779
R4_LHS_03,control,20260813,V52_C_E4_C7_1T,incremental_velocity,Y,0.5,1.0,2.416373293171314e-06,3.906787198235987e-06,0.3814934956625312
R4_LHS_03,control,20260813,V52_C_E4_C7_1T,incremental_velocity,Y,1.0,2.0,2.710915238650136e-06,4.053938359626102e-06,0.33128849080473793
R4_LHS_03,control,20260813,V52_C_E4_C7_1T,incremental_velocity,Y,2.0,5.0,1.4157839388222907e-06,1.8007595291461016e-06,0.21378511905271527
R4_LHS_03,control,20260813,V52_C_E4_C7_1T,incremental_velocity,Y,5.0,10.0,4.695848896281975e-06,4.9382092627881145e-06,0.04907859379966873
R4_LHS_03,control,20260813,V52_C_E4_C7_1T,incremental_velocity,Y,10.0,20.0,2.4150906578215467e-05,2.759694409432864e-05,0.12487025753048346
R4_LHS_03,control,20260813,V52_C_E4_C7_1T,total_displacement,Z,0.0,0.5,9.25578801756455e-05,9.311304736208748e-05,0.005962292097294413
R4_LHS_03,control,20260813,V52_C_E4_C7_1T,total_displacement,Z,0.5,1.0,9.526135502443162e-07,1.0034936978406051e-06,0.050703006611577894
R4_LHS_03,control,20260813,V52_C_E4_C7_1T,total_displacement,Z,1.0,2.0,5.050658585262637e-07,4.908273928657987e-07,0.0290091096532544
R4_LHS_03,control,20260813,V52_C_E4_C7_1T,total_displacement,Z,2.0,5.0,3.190705642818548e-07,2.8909771586178634e-07,0.10367722322094748
R4_LHS_03,control,20260813,V52_C_E4_C7_1T,total_displacement,Z,5.0,10.0,8.475601072489932e-08,7.488093165236782e-08,0.13187708612355714
R4_LHS_03,control,20260813,V52_C_E4_C7_1T,total_displacement,Z,10.0,20.0,6.779158980496889e-08,5.3821951628600115e-08,0.25955279869386105
R4_LHS_03,control,20260813,V52_C_E4_C7_1T,incremental_velocity,Z,0.0,0.5,2.3635135201722044e-05,2.3557727676003873e-05,0.003285865546235127
R4_LHS_03,control,20260813,V52_C_E4_C7_1T,incremental_velocity,Z,0.5,1.0,6.685255239161238e-06,6.630967477693977e-06,0.00818700463392116
R4_LHS_03,control,20260813,V52_C_E4_C7_1T,incremental_velocity,Z,1.0,2.0,3.232060426307406e-06,3.469984660582261e-06,0.06856636485388133
R4_LHS_03,control,20260813,V52_C_E4_C7_1T,incremental_velocity,Z,2.0,5.0,6.174687175700355e-07,6.185707118767412e-07,0.001781517109599673
R4_LHS_03,control,20260813,V52_C_E4_C7_1T,incremental_velocity,Z,5.0,10.0,1.256567174353588e-06,1.2533497604523685e-06,0.0025670519137916312
R4_LHS_03,control,20260813,V52_C_E4_C7_1T,incremental_velocity,Z,10.0,20.0,1.9270555965499315e-06,4.53868701705664e-06,0.5754156236576903
R4_LHS_03,control,20260813,V40_A_E5_C9_1T,total_displacement,X,0.0,0.5,1.0201948384017857e-06,9.526087508638838e-07,0.07094842187478412
R4_LHS_03,control,20260813,V40_A_E5_C9_1T,total_displacement,X,0.5,1.0,1.7202429337604753e-08,1.763941232879754e-08,0.024773103720659804
R4_LHS_03,control,20260813,V40_A_E5_C9_1T,total_displacement,X,1.0,2.0,5.272673541871668e-05,5.2741177982137196e-05,0.0002738384687844871
R4_LHS_03,control,20260813,V40_A_E5_C9_1T,total_displacement,X,2.0,5.0,4.029020604409512e-06,4.016136196547779e-06,0.003208160089991143
R4_LHS_03,control,20260813,V40_A_E5_C9_1T,total_displacement,X,5.0,10.0,2.938080067366336e-10,2.342501668010717e-10,0.2542488688434497
R4_LHS_03,control,20260813,V40_A_E5_C9_1T,total_displacement,X,10.0,20.0,7.733010230575122e-11,7.9110077549385e-11,0.022499981023563275
R4_LHS_03,control,20260813,V40_A_E5_C9_1T,incremental_velocity,X,0.0,0.5,2.0862853284531435e-07,1.9084044788712377e-07,0.09320919729087872
R4_LHS_03,control,20260813,V40_A_E5_C9_1T,incremental_velocity,X,0.5,1.0,9.222637567139108e-09,1.3645394940721747e-08,0.32412087688161156
R4_LHS_03,control,20260813,V40_A_E5_C9_1T,incremental_velocity,X,1.0,2.0,1.77477622673109e-07,2.5704651822542634e-07,0.3095505673511457
R4_LHS_03,control,20260813,V40_A_E5_C9_1T,incremental_velocity,X,2.0,5.0,3.2607167355322987e-07,5.909445861876978e-07,0.4482195434655156
R4_LHS_03,control,20260813,V40_A_E5_C9_1T,incremental_velocity,X,5.0,10.0,2.0608148122952912e-07,2.6621514984122155e-07,0.22588372092105913
R4_LHS_03,control,20260813,V40_A_E5_C9_1T,incremental_velocity,X,10.0,20.0,1.3462116478003487e-08,5.478818141698053e-08,0.754287948060434
R4_LHS_03,control,20260813,V40_A_E5_C9_1T,total_displacement,Y,0.0,0.5,5.6816540965623885e-05,4.5064223240880325e-05,0.2607904204167523
R4_LHS_03,control,20260813,V40_A_E5_C9_1T,total_displacement,Y,0.5,1.0,1.499357181440403e-07,1.8345206596494239e-07,0.1826981214117646
R4_LHS_03,control,20260813,V40_A_E5_C9_1T,total_displacement,Y,1.0,2.0,4.271833619082192e-07,4.288094704039241e-07,0.0037921468809285603
R4_LHS_03,control,20260813,V40_A_E5_C9_1T,total_displacement,Y,2.0,5.0,2.094077916010889e-07,1.8222499559253307e-07,0.14917161018534658
R4_LHS_03,control,20260813,V40_A_E5_C9_1T,total_displacement,Y,5.0,10.0,2.7687183562575435e-08,1.800520815613859e-08,0.5377319341423957
R4_LHS_03,control,20260813,V40_A_E5_C9_1T,total_displacement,Y,10.0,20.0,1.397231594371143e-08,1.0533404072189252e-08,0.32647678261975555
R4_LHS_03,control,20260813,V40_A_E5_C9_1T,incremental_velocity,Y,0.0,0.5,1.0558041133214086e-05,8.766550449646175e-06,0.2043552585316175
R4_LHS_03,control,20260813,V40_A_E5_C9_1T,incremental_velocity,Y,0.5,1.0,1.3358074391576089e-06,1.7550921490012893e-06,0.23889612296554832
R4_LHS_03,control,20260813,V40_A_E5_C9_1T,incremental_velocity,Y,1.0,2.0,1.8749678317001527e-06,2.3782343891870487e-06,0.21161352294587224
R4_LHS_03,control,20260813,V40_A_E5_C9_1T,incremental_velocity,Y,2.0,5.0,5.061315517015648e-07,4.3919708572359365e-07,0.15240189007104657
R4_LHS_03,control,20260813,V40_A_E5_C9_1T,incremental_velocity,Y,5.0,10.0,4.158447209951825e-06,4.7235277576571285e-06,0.1196310420298205
R4_LHS_03,control,20260813,V40_A_E5_C9_1T,incremental_velocity,Y,10.0,20.0,1.8208847823798387e-06,2.4782923618040056e-06,0.2652663541865678
R4_LHS_03,control,20260813,V40_A_E5_C9_1T,total_displacement,Z,0.0,0.5,7.802610509215851e-05,6.954140188593411e-05,0.12200937824264048
R4_LHS_03,control,20260813,V40_A_E5_C9_1T,total_displacement,Z,0.5,1.0,9.207033341668838e-07,9.233109931127221e-07,0.0028242476969186797
R4_LHS_03,control,20260813,V40_A_E5_C9_1T,total_displacement,Z,1.0,2.0,5.472721552464044e-07,5.066320085447068e-07,0.08021630298969032
R4_LHS_03,control,20260813,V40_A_E5_C9_1T,total_displacement,Z,2.0,5.0,3.293876362856781e-07,2.879869244029726e-07,0.14375899867167083
R4_LHS_03,control,20260813,V40_A_E5_C9_1T,total_displacement,Z,5.0,10.0,8.772931743259782e-08,7.57415800020689e-08,0.15827155216727035
R4_LHS_03,control,20260813,V40_A_E5_C9_1T,total_displacement,Z,10.0,20.0,5.8022476970164705e-08,5.3243864708052344e-08,0.08974953806066725
R4_LHS_03,control,20260813,V40_A_E5_C9_1T,incremental_velocity,Z,0.0,0.5,1.1425935532182294e-05,1.123297325897449e-05,0.01717820106565633
R4_LHS_03,control,20260813,V40_A_E5_C9_1T,incremental_velocity,Z,0.5,1.0,5.767498569381544e-06,6.122601680741766e-06,0.05799872829832703
R4_LHS_03,control,20260813,V40_A_E5_C9_1T,incremental_velocity,Z,1.0,2.0,4.420829160330696e-06,5.102994469624216e-06,0.13367941379402565
R4_LHS_03,control,20260813,V40_A_E5_C9_1T,incremental_velocity,Z,2.0,5.0,4.031699564596353e-07,2.888242140595832e-07,0.395900817292497
R4_LHS_03,control,20260813,V40_A_E5_C9_1T,incremental_velocity,Z,5.0,10.0,4.680195611947599e-06,3.688667573492699e-06,0.268803848191733
R4_LHS_03,control,20260813,V40_A_E5_C9_1T,incremental_velocity,Z,10.0,20.0,2.9585540361744806e-07,7.272162980559509e-07,0.593167253802822
R4_LHS_03,control,20260813,V40_B_E5_C9_1T,total_displacement,X,0.0,0.5,1.5738772570793675e-06,1.4844706276799597e-06,0.06022795448579473
R4_LHS_03,control,20260813,V40_B_E5_C9_1T,total_displacement,X,0.5,1.0,1.730973795976496e-08,1.7839151874636865e-08,0.029677078741877264
R4_LHS_03,control,20260813,V40_B_E5_C9_1T,total_displacement,X,1.0,2.0,5.2724370904825305e-05,5.270907498138174e-05,0.00029019525478237015
R4_LHS_03,control,20260813,V40_B_E5_C9_1T,total_displacement,X,2.0,5.0,4.029635423032716e-06,4.020863375549196e-06,0.002181632814698917
R4_LHS_03,control,20260813,V40_B_E5_C9_1T,total_displacement,X,5.0,10.0,3.1115907423864803e-10,3.355563545362927e-10,0.07270695359460387
R4_LHS_03,control,20260813,V40_B_E5_C9_1T,total_displacement,X,10.0,20.0,9.31328689534504e-11,1.0620642272997642e-10,0.12309569836246878
R4_LHS_03,control,20260813,V40_B_E5_C9_1T,incremental_velocity,X,0.0,0.5,3.239958328308598e-07,2.9234780903445093e-07,0.10825469806301646
R4_LHS_03,control,20260813,V40_B_E5_C9_1T,incremental_velocity,X,0.5,1.0,1.3136353664572488e-08,1.9898073175273276e-08,0.33981780301739817
R4_LHS_03,control,20260813,V40_B_E5_C9_1T,incremental_velocity,X,1.0,2.0,1.9957210290868163e-07,2.620399770164864e-07,0.23839062580849854
R4_LHS_03,control,20260813,V40_B_E5_C9_1T,incremental_velocity,X,2.0,5.0,3.614641441376139e-07,4.2448618501987313e-07,0.1484666476938672
R4_LHS_03,control,20260813,V40_B_E5_C9_1T,incremental_velocity,X,5.0,10.0,3.115707012993758e-07,4.056332112757794e-07,0.2318905537358798
R4_LHS_03,control,20260813,V40_B_E5_C9_1T,incremental_velocity,X,10.0,20.0,2.083518041785033e-08,6.542072281440381e-08,0.6815201740133784
R4_LHS_03,control,20260813,V40_B_E5_C9_1T,total_displacement,Y,0.0,0.5,7.995626016072435e-05,6.531298537548723e-05,0.22420158412683605
R4_LHS_03,control,20260813,V40_B_E5_C9_1T,total_displacement,Y,0.5,1.0,1.531408354997587e-07,2.0790636613919553e-07,0.2634143997436362
R4_LHS_03,control,20260813,V40_B_E5_C9_1T,total_displacement,Y,1.0,2.0,4.3171975929233153e-07,4.4087160001712514e-07,0.020758517274503757
R4_LHS_03,control,20260813,V40_B_E5_C9_1T,total_displacement,Y,2.0,5.0,2.090200659127307e-07,1.8286239341139584e-07,0.14304566408297234
R4_LHS_03,control,20260813,V40_B_E5_C9_1T,total_displacement,Y,5.0,10.0,2.9393778505651234e-08,1.8977132220174112e-08,0.5489051857057436
R4_LHS_03,control,20260813,V40_B_E5_C9_1T,total_displacement,Y,10.0,20.0,1.5168539992383265e-08,1.0681258492172368e-08,0.4201079398555281
R4_LHS_03,control,20260813,V40_B_E5_C9_1T,incremental_velocity,Y,0.0,0.5,1.5299906328957848e-05,1.314023204643277e-05,0.1643558709536924
R4_LHS_03,control,20260813,V40_B_E5_C9_1T,incremental_velocity,Y,0.5,1.0,1.5427418001097616e-06,2.16892449490393e-06,0.2887065438494688
R4_LHS_03,control,20260813,V40_B_E5_C9_1T,incremental_velocity,Y,1.0,2.0,2.56534223799469e-06,3.1351769064532752e-06,0.1817551881317029
R4_LHS_03,control,20260813,V40_B_E5_C9_1T,incremental_velocity,Y,2.0,5.0,6.26100253378091e-07,6.26554372688477e-07,0.0007247883506699919
R4_LHS_03,control,20260813,V40_B_E5_C9_1T,incremental_velocity,Y,5.0,10.0,6.529748309722143e-06,7.111211049631218e-06,0.08176704865751788
R4_LHS_03,control,20260813,V40_B_E5_C9_1T,incremental_velocity,Y,10.0,20.0,2.9804189175370657e-06,4.152892666607907e-06,0.28232700510136727
R4_LHS_03,control,20260813,V40_B_E5_C9_1T,total_displacement,Z,0.0,0.5,9.100602031629628e-05,8.124940710531309e-05,0.12008226962612732
R4_LHS_03,control,20260813,V40_B_E5_C9_1T,total_displacement,Z,0.5,1.0,9.147774527142151e-07,9.133366429076605e-07,0.0015775232689314049
R4_LHS_03,control,20260813,V40_B_E5_C9_1T,total_displacement,Z,1.0,2.0,5.578908026491672e-07,5.119066885251312e-07,0.0898290941587852
R4_LHS_03,control,20260813,V40_B_E5_C9_1T,total_displacement,Z,2.0,5.0,3.258257686155926e-07,2.882983727961836e-07,0.1301686008680302
R4_LHS_03,control,20260813,V40_B_E5_C9_1T,total_displacement,Z,5.0,10.0,8.914063501219202e-08,7.675053710903324e-08,0.16143337062979998
R4_LHS_03,control,20260813,V40_B_E5_C9_1T,total_displacement,Z,10.0,20.0,5.938209598389396e-08,5.32831567155758e-08,0.11446279920827791
R4_LHS_03,control,20260813,V40_B_E5_C9_1T,incremental_velocity,Z,0.0,0.5,1.341499365972027e-05,1.2840582856553216e-05,0.04473401321295179
R4_LHS_03,control,20260813,V40_B_E5_C9_1T,incremental_velocity,Z,0.5,1.0,5.882575320987951e-06,6.013659209636809e-06,0.021797691568354566
R4_LHS_03,control,20260813,V40_B_E5_C9_1T,incremental_velocity,Z,1.0,2.0,5.259303418171295e-06,5.5923439733568965e-06,0.059552945378946114
R4_LHS_03,control,20260813,V40_B_E5_C9_1T,incremental_velocity,Z,2.0,5.0,4.252820727238432e-07,3.020919281217822e-07,0.40779025566151306
R4_LHS_03,control,20260813,V40_B_E5_C9_1T,incremental_velocity,Z,5.0,10.0,7.20554812842567e-06,6.422935030434957e-06,0.12184664709861076
R4_LHS_03,control,20260813,V40_B_E5_C9_1T,incremental_velocity,Z,10.0,20.0,4.716998803785923e-07,1.2492079594637823e-06,0.6224008366220565
R4_LHS_03,control,20260813,V40_CPLUS_E5_C9_1T,total_displacement,X,0.0,0.5,3.402142828195432e-06,3.458449372908548e-06,0.016280864237651776
R4_LHS_03,control,20260813,V40_CPLUS_E5_C9_1T,total_displacement,X,0.5,1.0,1.763827922833793e-08,1.7655346316204873e-08,0.0009666810019625001
R4_LHS_03,control,20260813,V40_CPLUS_E5_C9_1T,total_displacement,X,1.0,2.0,5.2655641859585566e-05,5.2676933101028236e-05,0.0004041852892581333
R4_LHS_03,control,20260813,V40_CPLUS_E5_C9_1T,total_displacement,X,2.0,5.0,4.026691017070145e-06,4.035021703615094e-06,0.0020645952257171835
R4_LHS_03,control,20260813,V40_CPLUS_E5_C9_1T,total_displacement,X,5.0,10.0,4.641756238212488e-10,4.296124236292743e-10,0.08045205001287432
R4_LHS_03,control,20260813,V40_CPLUS_E5_C9_1T,total_displacement,X,10.0,20.0,1.7891603070373467e-10,7.233486007388244e-11,1.473441305077397
R4_LHS_03,control,20260813,V40_CPLUS_E5_C9_1T,incremental_velocity,X,0.0,0.5,6.985437138489552e-07,6.757483602786226e-07,0.033733494463728586
R4_LHS_03,control,20260813,V40_CPLUS_E5_C9_1T,incremental_velocity,X,0.5,1.0,1.0547804694617516e-08,1.4640883934947628e-08,0.2795650357257445
R4_LHS_03,control,20260813,V40_CPLUS_E5_C9_1T,incremental_velocity,X,1.0,2.0,2.6024569820085076e-07,2.9142713227730417e-07,0.10699564530176646
R4_LHS_03,control,20260813,V40_CPLUS_E5_C9_1T,incremental_velocity,X,2.0,5.0,3.853480231180089e-07,5.338357352875109e-07,0.27815243970044484
R4_LHS_03,control,20260813,V40_CPLUS_E5_C9_1T,incremental_velocity,X,5.0,10.0,5.895493529461463e-07,8.161707874775737e-07,0.277664231565816
R4_LHS_03,control,20260813,V40_CPLUS_E5_C9_1T,incremental_velocity,X,10.0,20.0,4.389591789232182e-08,9.502287267149865e-08,0.5380489280294296
R4_LHS_03,control,20260813,V40_CPLUS_E5_C9_1T,total_displacement,Y,0.0,0.5,0.0001281160447464691,0.00013945570201794201,0.0813136867649484
R4_LHS_03,control,20260813,V40_CPLUS_E5_C9_1T,total_displacement,Y,0.5,1.0,1.5864061518222157e-07,1.8709214528071777e-07,0.1520722853212614
R4_LHS_03,control,20260813,V40_CPLUS_E5_C9_1T,total_displacement,Y,1.0,2.0,4.551388407060228e-07,4.916322623683281e-07,0.07422910263558867
R4_LHS_03,control,20260813,V40_CPLUS_E5_C9_1T,total_displacement,Y,2.0,5.0,2.1980420629146386e-07,1.8462960303362792e-07,0.19051442823840842
R4_LHS_03,control,20260813,V40_CPLUS_E5_C9_1T,total_displacement,Y,5.0,10.0,4.1443630682868914e-08,2.230725538601804e-08,0.857854315365276
R4_LHS_03,control,20260813,V40_CPLUS_E5_C9_1T,total_displacement,Y,10.0,20.0,1.9741977792562517e-08,1.118625394552744e-08,0.7648426263785904
R4_LHS_03,control,20260813,V40_CPLUS_E5_C9_1T,incremental_velocity,Y,0.0,0.5,3.0643047938369106e-05,3.002460472542892e-05,0.020597880258400307
R4_LHS_03,control,20260813,V40_CPLUS_E5_C9_1T,incremental_velocity,Y,0.5,1.0,1.3046928454103379e-06,1.9816748783256695e-06,0.34162114094483464
R4_LHS_03,control,20260813,V40_CPLUS_E5_C9_1T,incremental_velocity,Y,1.0,2.0,3.860958066912529e-06,6.461130729753685e-06,0.4024330680800636
R4_LHS_03,control,20260813,V40_CPLUS_E5_C9_1T,incremental_velocity,Y,2.0,5.0,1.098697556669796e-06,1.1422711528470501e-06,0.03814645591692419
R4_LHS_03,control,20260813,V40_CPLUS_E5_C9_1T,incremental_velocity,Y,5.0,10.0,1.3102264114058017e-05,1.576409897199749e-05,0.16885423408390268
R4_LHS_03,control,20260813,V40_CPLUS_E5_C9_1T,incremental_velocity,Y,10.0,20.0,6.352426863913424e-06,9.59493903688853e-06,0.337939841046306
R4_LHS_03,control,20260813,V40_CPLUS_E5_C9_1T,total_displacement,Z,0.0,0.5,0.000123166601557563,0.00012258667097349757,0.004730780104068681
R4_LHS_03,control,20260813,V40_CPLUS_E5_C9_1T,total_displacement,Z,0.5,1.0,8.874833633645699e-07,9.277511267467871e-07,0.043403626491318216
R4_LHS_03,control,20260813,V40_CPLUS_E5_C9_1T,total_displacement,Z,1.0,2.0,5.397826838589943e-07,5.343584382416105e-07,0.010150949679457035
R4_LHS_03,control,20260813,V40_CPLUS_E5_C9_1T,total_displacement,Z,2.0,5.0,3.163889358256959e-07,2.88353506061146e-07,0.09722590214874977
R4_LHS_03,control,20260813,V40_CPLUS_E5_C9_1T,total_displacement,Z,5.0,10.0,1.0273889299302202e-07,8.015829456761756e-08,0.28170008540234837
R4_LHS_03,control,20260813,V40_CPLUS_E5_C9_1T,total_displacement,Z,10.0,20.0,6.407362603482618e-08,5.34101467651e-08,0.19965268615764345
R4_LHS_03,control,20260813,V40_CPLUS_E5_C9_1T,incremental_velocity,Z,0.0,0.5,2.1159788053253897e-05,2.138665322952782e-05,0.010607792338480434
R4_LHS_03,control,20260813,V40_CPLUS_E5_C9_1T,incremental_velocity,Z,0.5,1.0,5.817963151355398e-06,6.168752274141349e-06,0.05686549032880052
R4_LHS_03,control,20260813,V40_CPLUS_E5_C9_1T,incremental_velocity,Z,1.0,2.0,6.086813653013122e-06,7.769334561702994e-06,0.21655920405119913
R4_LHS_03,control,20260813,V40_CPLUS_E5_C9_1T,incremental_velocity,Z,2.0,5.0,6.093930116560728e-07,3.412225967041465e-07,0.7859104805548403
R4_LHS_03,control,20260813,V40_CPLUS_E5_C9_1T,incremental_velocity,Z,5.0,10.0,1.5765815775297996e-05,1.565557996565288e-05,0.007041311141903727
R4_LHS_03,control,20260813,V40_CPLUS_E5_C9_1T,incremental_velocity,Z,10.0,20.0,9.705390840521065e-07,3.107998083301551e-06,0.6877285448576834
R4_LHS_03,control,20260813,V40_C_E5_C9_1T,total_displacement,X,0.0,0.5,2.2145073865108253e-06,2.133334585288929e-06,0.03804972824312169
R4_LHS_03,control,20260813,V40_C_E5_C9_1T,total_displacement,X,0.5,1.0,1.7336763136199727e-08,1.840232236739144e-08,0.05790351945360242
R4_LHS_03,control,20260813,V40_C_E5_C9_1T,total_displacement,X,1.0,2.0,5.274387159425934e-05,5.270437082022823e-05,0.0007494781441531917
R4_LHS_03,control,20260813,V40_C_E5_C9_1T,total_displacement,X,2.0,5.0,4.01572818294829e-06,4.017783146155589e-06,0.0005114669290365954
R4_LHS_03,control,20260813,V40_C_E5_C9_1T,total_displacement,X,5.0,10.0,4.5306185634947876e-10,3.645013144369062e-10,0.2429635735316451
R4_LHS_03,control,20260813,V40_C_E5_C9_1T,total_displacement,X,10.0,20.0,1.4403417020840498e-10,7.823708030363748e-11,0.840996234131048
R4_LHS_03,control,20260813,V40_C_E5_C9_1T,incremental_velocity,X,0.0,0.5,4.3607797421182423e-07,4.17954776415054e-07,0.043361623839352464
R4_LHS_03,control,20260813,V40_C_E5_C9_1T,incremental_velocity,X,0.5,1.0,1.7848927723931508e-08,2.7959088218827287e-08,0.36160551502132776
R4_LHS_03,control,20260813,V40_C_E5_C9_1T,incremental_velocity,X,1.0,2.0,2.217220078737285e-07,2.7520860264763636e-07,0.1943492836319128
R4_LHS_03,control,20260813,V40_C_E5_C9_1T,incremental_velocity,X,2.0,5.0,3.978388234003444e-07,5.969398149252428e-07,0.3335361229839103
R4_LHS_03,control,20260813,V40_C_E5_C9_1T,incremental_velocity,X,5.0,10.0,4.7063385331365384e-07,5.715224284282986e-07,0.17652601209735713
R4_LHS_03,control,20260813,V40_C_E5_C9_1T,incremental_velocity,X,10.0,20.0,3.393584434556911e-08,7.676346409851488e-08,0.5579167154049051
R4_LHS_03,control,20260813,V40_C_E5_C9_1T,total_displacement,Y,0.0,0.5,9.814785058460252e-05,8.984109295029795e-05,0.09246055854307161
R4_LHS_03,control,20260813,V40_C_E5_C9_1T,total_displacement,Y,0.5,1.0,1.4444239617687252e-07,2.3889080478615086e-07,0.3953622605684895
R4_LHS_03,control,20260813,V40_C_E5_C9_1T,total_displacement,Y,1.0,2.0,4.338338916419488e-07,4.5643309607408756e-07,0.04951263312525106
R4_LHS_03,control,20260813,V40_C_E5_C9_1T,total_displacement,Y,2.0,5.0,2.0608560031964767e-07,1.8332546345998034e-07,0.12415153045357409
R4_LHS_03,control,20260813,V40_C_E5_C9_1T,total_displacement,Y,5.0,10.0,3.333802167253123e-08,2.007099758297415e-08,0.6610047176136002
R4_LHS_03,control,20260813,V40_C_E5_C9_1T,total_displacement,Y,10.0,20.0,1.5661380914494343e-08,1.0854432876617146e-08,0.44285575234726715
R4_LHS_03,control,20260813,V40_C_E5_C9_1T,incremental_velocity,Y,0.0,0.5,1.9414496194324175e-05,1.856302978384351e-05,0.04586893521130614
R4_LHS_03,control,20260813,V40_C_E5_C9_1T,incremental_velocity,Y,0.5,1.0,1.581210158326448e-06,2.730271160174794e-06,0.42085966354154447
R4_LHS_03,control,20260813,V40_C_E5_C9_1T,incremental_velocity,Y,1.0,2.0,2.8032859798328396e-06,4.127954753698264e-06,0.3209019606328399
R4_LHS_03,control,20260813,V40_C_E5_C9_1T,incremental_velocity,Y,2.0,5.0,1.004243829580103e-06,7.861268384892007e-07,0.2774577592466951
R4_LHS_03,control,20260813,V40_C_E5_C9_1T,incremental_velocity,Y,5.0,10.0,1.0121512001637487e-05,9.989862576820452e-06,0.013178301884002068
R4_LHS_03,control,20260813,V40_C_E5_C9_1T,incremental_velocity,Y,10.0,20.0,4.8369588696874056e-06,6.126646191413187e-06,0.21050461891097047
R4_LHS_03,control,20260813,V40_C_E5_C9_1T,total_displacement,Z,0.0,0.5,9.792601834735297e-05,9.516826109297078e-05,0.028977699316036824
R4_LHS_03,control,20260813,V40_C_E5_C9_1T,total_displacement,Z,0.5,1.0,7.925086956856641e-07,9.039535551324937e-07,0.12328604585275948
R4_LHS_03,control,20260813,V40_C_E5_C9_1T,total_displacement,Z,1.0,2.0,5.030139866999629e-07,5.199815541232122e-07,0.03263109487000894
R4_LHS_03,control,20260813,V40_C_E5_C9_1T,total_displacement,Z,2.0,5.0,2.9871205323131807e-07,2.882379312859355e-07,0.036338457949145156
R4_LHS_03,control,20260813,V40_C_E5_C9_1T,total_displacement,Z,5.0,10.0,8.7831136283848e-08,7.887223599925398e-08,0.11358750225717905
R4_LHS_03,control,20260813,V40_C_E5_C9_1T,total_displacement,Z,10.0,20.0,5.4722292228158144e-08,5.333324023140978e-08,0.02604477040437349
R4_LHS_03,control,20260813,V40_C_E5_C9_1T,incremental_velocity,Z,0.0,0.5,1.3815496262710713e-05,1.5096883151145477e-05,0.08487757874296974
R4_LHS_03,control,20260813,V40_C_E5_C9_1T,incremental_velocity,Z,0.5,1.0,4.991364688738506e-06,5.902393551316116e-06,0.15434905427044399
R4_LHS_03,control,20260813,V40_C_E5_C9_1T,incremental_velocity,Z,1.0,2.0,5.103604937651533e-06,6.374327411921891e-06,0.19935004780170665
R4_LHS_03,control,20260813,V40_C_E5_C9_1T,incremental_velocity,Z,2.0,5.0,5.652257401025892e-07,3.1101235350820827e-07,0.8173739201252395
R4_LHS_03,control,20260813,V40_C_E5_C9_1T,incremental_velocity,Z,5.0,10.0,1.1629650163210006e-05,1.1934013259682783e-05,0.025503834280209907
R4_LHS_03,control,20260813,V40_C_E5_C9_1T,incremental_velocity,Z,10.0,20.0,1.022571768025399e-06,2.1506586096392504e-06,0.5245308746621927
R4_LHS_03,control,20260813,V52_A_E5_C9_1T,total_displacement,X,0.0,0.5,7.070010413138204e-07,7.797193067539171e-07,0.0932621070303276
R4_LHS_03,control,20260813,V52_A_E5_C9_1T,total_displacement,X,0.5,1.0,1.704778643351614e-08,1.7722146400033622e-08,0.038051822352409975
R4_LHS_03,control,20260813,V52_A_E5_C9_1T,total_displacement,X,1.0,2.0,5.279259392446154e-05,5.27594881871371e-05,0.0006274840500160497
R4_LHS_03,control,20260813,V52_A_E5_C9_1T,total_displacement,X,2.0,5.0,4.0274646732956145e-06,4.010361488308258e-06,0.004264748960216909
R4_LHS_03,control,20260813,V52_A_E5_C9_1T,total_displacement,X,5.0,10.0,3.0823492283516364e-10,2.6669910216168685e-10,0.15574038433881046
R4_LHS_03,control,20260813,V52_A_E5_C9_1T,total_displacement,X,10.0,20.0,1.4244099600097613e-10,1.1658518604142118e-10,0.221776117854019
R4_LHS_03,control,20260813,V52_A_E5_C9_1T,incremental_velocity,X,0.0,0.5,2.1443133063611574e-07,2.3286093466457102e-07,0.07914425000055315
R4_LHS_03,control,20260813,V52_A_E5_C9_1T,incremental_velocity,X,0.5,1.0,1.4372447219774858e-08,1.946899046826346e-08,0.26177747925843997
R4_LHS_03,control,20260813,V52_A_E5_C9_1T,incremental_velocity,X,1.0,2.0,7.54653836395908e-08,5.040062880876591e-08,0.4973103594784023
R4_LHS_03,control,20260813,V52_A_E5_C9_1T,incremental_velocity,X,2.0,5.0,3.0615063980474145e-07,5.103132298231103e-07,0.40007308861880314
R4_LHS_03,control,20260813,V52_A_E5_C9_1T,incremental_velocity,X,5.0,10.0,5.877290440614865e-08,1.0197876358887968e-07,0.423675063927157
R4_LHS_03,control,20260813,V52_A_E5_C9_1T,incremental_velocity,X,10.0,20.0,8.537987452204671e-08,1.4867549033702e-07,0.4257299953845369
R4_LHS_03,control,20260813,V52_A_E5_C9_1T,total_displacement,Y,0.0,0.5,3.773444500075412e-05,3.870843151178144e-05,0.025162128068425438
R4_LHS_03,control,20260813,V52_A_E5_C9_1T,total_displacement,Y,0.5,1.0,1.738049074964404e-07,2.153753331919521e-07,0.19301386597722536
R4_LHS_03,control,20260813,V52_A_E5_C9_1T,total_displacement,Y,1.0,2.0,4.2918022630839173e-07,4.218328113458897e-07,0.017417836557235885
R4_LHS_03,control,20260813,V52_A_E5_C9_1T,total_displacement,Y,2.0,5.0,2.0826948968467552e-07,1.835730424771253e-07,0.13453199268420699
R4_LHS_03,control,20260813,V52_A_E5_C9_1T,total_displacement,Y,5.0,10.0,2.2625629330119548e-08,1.696609227426116e-08,0.33357929241280465
R4_LHS_03,control,20260813,V52_A_E5_C9_1T,total_displacement,Y,10.0,20.0,1.6266326020437508e-08,1.2562738295287946e-08,0.29480736111001454
R4_LHS_03,control,20260813,V52_A_E5_C9_1T,incremental_velocity,Y,0.0,0.5,1.1003288482523215e-05,1.1970411419084616e-05,0.08079279004725778
R4_LHS_03,control,20260813,V52_A_E5_C9_1T,incremental_velocity,Y,0.5,1.0,1.4592438026066274e-06,2.3560648812442353e-06,0.38064362563903487
R4_LHS_03,control,20260813,V52_A_E5_C9_1T,incremental_velocity,Y,1.0,2.0,1.4835640165629444e-06,2.121304282828354e-06,0.3006359207530119
R4_LHS_03,control,20260813,V52_A_E5_C9_1T,incremental_velocity,Y,2.0,5.0,8.629402668835304e-07,8.677270069913423e-07,0.005516412499835454
R4_LHS_03,control,20260813,V52_A_E5_C9_1T,incremental_velocity,Y,5.0,10.0,2.1500175919571664e-06,2.3042752378960384e-06,0.06694410606942938
R4_LHS_03,control,20260813,V52_A_E5_C9_1T,incremental_velocity,Y,10.0,20.0,1.2025399312919537e-05,1.3704634903413733e-05,0.1225304871183332
R4_LHS_03,control,20260813,V52_A_E5_C9_1T,total_displacement,Z,0.0,0.5,6.443049353354589e-05,7.008663769125198e-05,0.08070217582162706
R4_LHS_03,control,20260813,V52_A_E5_C9_1T,total_displacement,Z,0.5,1.0,8.869853478066441e-07,9.890813708329506e-07,0.10322307753135286
R4_LHS_03,control,20260813,V52_A_E5_C9_1T,total_displacement,Z,1.0,2.0,4.869225429632193e-07,4.861107406106145e-07,0.0016699946838966136
R4_LHS_03,control,20260813,V52_A_E5_C9_1T,total_displacement,Z,2.0,5.0,3.026932934000151e-07,2.889468745018452e-07,0.04757420865641561
R4_LHS_03,control,20260813,V52_A_E5_C9_1T,total_displacement,Z,5.0,10.0,7.257083766560299e-08,7.462997056125141e-08,0.027591232854077333
R4_LHS_03,control,20260813,V52_A_E5_C9_1T,total_displacement,Z,10.0,20.0,5.25274449822144e-08,5.3513736278790036e-08,0.018430619223396394
R4_LHS_03,control,20260813,V52_A_E5_C9_1T,incremental_velocity,Z,0.0,0.5,1.366226624622899e-05,1.6105407149832128e-05,0.1516969351270703
R4_LHS_03,control,20260813,V52_A_E5_C9_1T,incremental_velocity,Z,0.5,1.0,5.097625778627778e-06,6.582184847520645e-06,0.22554198997496488
R4_LHS_03,control,20260813,V52_A_E5_C9_1T,incremental_velocity,Z,1.0,2.0,2.235997919730954e-06,3.1962715688825655e-06,0.30043556326702514
R4_LHS_03,control,20260813,V52_A_E5_C9_1T,incremental_velocity,Z,2.0,5.0,6.026870098332132e-07,4.356644050532584e-07,0.3833744571341259
R4_LHS_03,control,20260813,V52_A_E5_C9_1T,incremental_velocity,Z,5.0,10.0,5.593962736343444e-07,5.692114196251567e-07,0.017243410185403346
R4_LHS_03,control,20260813,V52_A_E5_C9_1T,incremental_velocity,Z,10.0,20.0,1.1849013549409417e-06,2.2088649414280997e-06,0.4635700296936823
R4_LHS_03,control,20260813,V52_B_E5_C9_1T,total_displacement,X,0.0,0.5,1.1628147612564352e-06,1.2136173545182272e-06,0.04186047033083115
R4_LHS_03,control,20260813,V52_B_E5_C9_1T,total_displacement,X,0.5,1.0,1.7576412465353254e-08,1.8008707568019234e-08,0.02400478218846039
R4_LHS_03,control,20260813,V52_B_E5_C9_1T,total_displacement,X,1.0,2.0,5.2714646505084856e-05,5.2766349894949293e-05,0.0009798553427965288
R4_LHS_03,control,20260813,V52_B_E5_C9_1T,total_displacement,X,2.0,5.0,4.024621649009251e-06,4.012810650543799e-06,0.0029433231453000566
R4_LHS_03,control,20260813,V52_B_E5_C9_1T,total_displacement,X,5.0,10.0,2.517606424126014e-10,2.7331671588924815e-10,0.07886847830185972
R4_LHS_03,control,20260813,V52_B_E5_C9_1T,total_displacement,X,10.0,20.0,1.483695526191047e-10,1.1124391697951416e-10,0.33373182685060715
R4_LHS_03,control,20260813,V52_B_E5_C9_1T,incremental_velocity,X,0.0,0.5,3.642584761639979e-07,3.7625003838217796e-07,0.031871258458184046
R4_LHS_03,control,20260813,V52_B_E5_C9_1T,incremental_velocity,X,0.5,1.0,1.9414750617610198e-08,2.8664206247738433e-08,0.32268312438820823
R4_LHS_03,control,20260813,V52_B_E5_C9_1T,incremental_velocity,X,1.0,2.0,9.855094215021298e-08,1.5328711134160028e-07,0.35708265823737634
R4_LHS_03,control,20260813,V52_B_E5_C9_1T,incremental_velocity,X,2.0,5.0,3.7046105906498757e-07,5.667246824808942e-07,0.34631211500572545
R4_LHS_03,control,20260813,V52_B_E5_C9_1T,incremental_velocity,X,5.0,10.0,8.306728971063849e-08,1.283991226820937e-07,0.3530540709666165
R4_LHS_03,control,20260813,V52_B_E5_C9_1T,incremental_velocity,X,10.0,20.0,1.3139799864785465e-07,1.9617855397898296e-07,0.330212217478514
R4_LHS_03,control,20260813,V52_B_E5_C9_1T,total_displacement,Y,0.0,0.5,5.7731537402284626e-05,5.519352793177605e-05,0.0459838239303306
R4_LHS_03,control,20260813,V52_B_E5_C9_1T,total_displacement,Y,0.5,1.0,2.1048238374732013e-07,2.4841837329177815e-07,0.15271007953948945
R4_LHS_03,control,20260813,V52_B_E5_C9_1T,total_displacement,Y,1.0,2.0,4.170226572279631e-07,4.325574384162883e-07,0.035913799668322186
R4_LHS_03,control,20260813,V52_B_E5_C9_1T,total_displacement,Y,2.0,5.0,2.0314090767375834e-07,1.8463971837266887e-07,0.10020156802745692
R4_LHS_03,control,20260813,V52_B_E5_C9_1T,total_displacement,Y,5.0,10.0,2.3032420282231635e-08,1.7343073684545967e-08,0.32804719054819675
R4_LHS_03,control,20260813,V52_B_E5_C9_1T,total_displacement,Y,10.0,20.0,1.9097003216456126e-08,1.3518965186832038e-08,0.41260835814987523
R4_LHS_03,control,20260813,V52_B_E5_C9_1T,incremental_velocity,Y,0.0,0.5,1.7889251694024768e-05,1.7870271402899314e-05,0.0010621154372828698
R4_LHS_03,control,20260813,V52_B_E5_C9_1T,incremental_velocity,Y,0.5,1.0,2.175963007002925e-06,3.057206130136203e-06,0.2882511304836411
R4_LHS_03,control,20260813,V52_B_E5_C9_1T,incremental_velocity,Y,1.0,2.0,2.389988350174097e-06,3.0033086827503023e-06,0.20421488343800634
R4_LHS_03,control,20260813,V52_B_E5_C9_1T,incremental_velocity,Y,2.0,5.0,1.168678495985034e-06,1.2593792556753906e-06,0.07202021097426667
R4_LHS_03,control,20260813,V52_B_E5_C9_1T,incremental_velocity,Y,5.0,10.0,3.585069203073822e-06,3.489420849238559e-06,0.02741095384242195
R4_LHS_03,control,20260813,V52_B_E5_C9_1T,incremental_velocity,Y,10.0,20.0,1.8166926740189585e-05,1.9168873031371835e-05,0.05226944169031021
R4_LHS_03,control,20260813,V52_B_E5_C9_1T,total_displacement,Z,0.0,0.5,8.217919784965676e-05,8.073551855702701e-05,0.017881588158872287
R4_LHS_03,control,20260813,V52_B_E5_C9_1T,total_displacement,Z,0.5,1.0,1.0400471503656043e-06,9.960303869683407e-07,0.044192189287757824
R4_LHS_03,control,20260813,V52_B_E5_C9_1T,total_displacement,Z,1.0,2.0,5.081838646441549e-07,4.881384771756355e-07,0.04106496087852318
R4_LHS_03,control,20260813,V52_B_E5_C9_1T,total_displacement,Z,2.0,5.0,3.1487960769092983e-07,2.8897528094732675e-07,0.08964201594919402
R4_LHS_03,control,20260813,V52_B_E5_C9_1T,total_displacement,Z,5.0,10.0,8.222610139448498e-08,7.476068948107353e-08,0.09985745135886426
R4_LHS_03,control,20260813,V52_B_E5_C9_1T,total_displacement,Z,10.0,20.0,6.315636128792233e-08,5.3624367501725566e-08,0.1777548944682664
R4_LHS_03,control,20260813,V52_B_E5_C9_1T,incremental_velocity,Z,0.0,0.5,1.9215192599939257e-05,1.9420786383875746e-05,0.010586274925879628
R4_LHS_03,control,20260813,V52_B_E5_C9_1T,incremental_velocity,Z,0.5,1.0,6.968277601232805e-06,6.5998431907475515e-06,0.05582472186638745
R4_LHS_03,control,20260813,V52_B_E5_C9_1T,incremental_velocity,Z,1.0,2.0,3.2430438442238983e-06,3.3260973100993163e-06,0.024970245345268652
R4_LHS_03,control,20260813,V52_B_E5_C9_1T,incremental_velocity,Z,2.0,5.0,6.99381493016856e-07,5.006638436907227e-07,0.3969083284729624
R4_LHS_03,control,20260813,V52_B_E5_C9_1T,incremental_velocity,Z,5.0,10.0,9.003350777062063e-07,9.126335576758458e-07,0.013475813886308781
R4_LHS_03,control,20260813,V52_B_E5_C9_1T,incremental_velocity,Z,10.0,20.0,1.7115222113500101e-06,2.9708400454572274e-06,0.4238928433837648
R4_LHS_03,control,20260813,V52_CPLUS_E5_C9_1T,total_displacement,X,0.0,0.5,2.644036682327829e-06,2.824060382580439e-06,0.06374640618984076
R4_LHS_03,control,20260813,V52_CPLUS_E5_C9_1T,total_displacement,X,0.5,1.0,1.7509868951199812e-08,1.7775398520112342e-08,0.014938037457336977
R4_LHS_03,control,20260813,V52_CPLUS_E5_C9_1T,total_displacement,X,1.0,2.0,5.2809052082905726e-05,5.275495296273643e-05,0.0010254794503846822
R4_LHS_03,control,20260813,V52_CPLUS_E5_C9_1T,total_displacement,X,2.0,5.0,4.007495156374219e-06,4.022156656259887e-06,0.003645183700851041
R4_LHS_03,control,20260813,V52_CPLUS_E5_C9_1T,total_displacement,X,5.0,10.0,3.3890576183027504e-10,2.7779657522129636e-10,0.21997818569324806
R4_LHS_03,control,20260813,V52_CPLUS_E5_C9_1T,total_displacement,X,10.0,20.0,3.135439568061208e-10,1.4838306557694376e-10,1.113071027256363
R4_LHS_03,control,20260813,V52_CPLUS_E5_C9_1T,incremental_velocity,X,0.0,0.5,7.822164285453419e-07,8.754040643824719e-07,0.10645099746351588
R4_LHS_03,control,20260813,V52_CPLUS_E5_C9_1T,incremental_velocity,X,0.5,1.0,1.668343907283392e-08,2.2663271958517733e-08,0.2638556734715598
R4_LHS_03,control,20260813,V52_CPLUS_E5_C9_1T,incremental_velocity,X,1.0,2.0,1.5306369091058703e-07,1.343523648814219e-07,0.13927053718540464
R4_LHS_03,control,20260813,V52_CPLUS_E5_C9_1T,incremental_velocity,X,2.0,5.0,3.7327944970751257e-07,5.815504911678268e-07,0.3581306260133659
R4_LHS_03,control,20260813,V52_CPLUS_E5_C9_1T,incremental_velocity,X,5.0,10.0,1.267647924052829e-07,2.459058881361507e-07,0.4844987512657809
R4_LHS_03,control,20260813,V52_CPLUS_E5_C9_1T,incremental_velocity,X,10.0,20.0,2.5281385912479794e-07,3.7328228722679683e-07,0.3227274162859095
R4_LHS_03,control,20260813,V52_CPLUS_E5_C9_1T,total_displacement,Y,0.0,0.5,0.00011220523680885174,0.00011495258358438247,0.023899826257615178
R4_LHS_03,control,20260813,V52_CPLUS_E5_C9_1T,total_displacement,Y,0.5,1.0,2.261238401187185e-07,2.3114730129577361e-07,0.02173272691869828
R4_LHS_03,control,20260813,V52_CPLUS_E5_C9_1T,total_displacement,Y,1.0,2.0,4.4684663227256686e-07,4.752627600081826e-07,0.059790352046784595
R4_LHS_03,control,20260813,V52_CPLUS_E5_C9_1T,total_displacement,Y,2.0,5.0,2.146776293303874e-07,1.8902442896339344e-07,0.13571367736792347
R4_LHS_03,control,20260813,V52_CPLUS_E5_C9_1T,total_displacement,Y,5.0,10.0,2.7533839817250533e-08,1.877160406207711e-08,0.4667814069696432
R4_LHS_03,control,20260813,V52_CPLUS_E5_C9_1T,total_displacement,Y,10.0,20.0,3.283689990470985e-08,1.7199833874672372e-08,0.909140526820079
R4_LHS_03,control,20260813,V52_CPLUS_E5_C9_1T,incremental_velocity,Y,0.0,0.5,3.608074413802355e-05,3.9860225175087446e-05,0.09481835640572499
R4_LHS_03,control,20260813,V52_CPLUS_E5_C9_1T,incremental_velocity,Y,0.5,1.0,2.0793113912589207e-06,2.455122439891745e-06,0.15307222260140932
R4_LHS_03,control,20260813,V52_CPLUS_E5_C9_1T,incremental_velocity,Y,1.0,2.0,4.121873475306871e-06,6.679157126409128e-06,0.3828752045659859
R4_LHS_03,control,20260813,V52_CPLUS_E5_C9_1T,incremental_velocity,Y,2.0,5.0,2.1163794390667634e-06,2.6852586883936213e-06,0.21185267988730483
R4_LHS_03,control,20260813,V52_CPLUS_E5_C9_1T,incremental_velocity,Y,5.0,10.0,6.77940910396402e-06,7.675468600193796e-06,0.11674329515296972
R4_LHS_03,control,20260813,V52_CPLUS_E5_C9_1T,incremental_velocity,Y,10.0,20.0,3.6428015655573826e-05,4.07250285725256e-05,0.10551282755515791
R4_LHS_03,control,20260813,V52_CPLUS_E5_C9_1T,total_displacement,Z,0.0,0.5,0.00011599134847500976,0.00011598878212480592,2.212584835211587e-05
R4_LHS_03,control,20260813,V52_CPLUS_E5_C9_1T,total_displacement,Z,0.5,1.0,1.0141476227140156e-06,9.86635560388223e-07,0.027884726063357353
R4_LHS_03,control,20260813,V52_CPLUS_E5_C9_1T,total_displacement,Z,1.0,2.0,5.105352747830106e-07,4.975285977264965e-07,0.02614257173547262
R4_LHS_03,control,20260813,V52_CPLUS_E5_C9_1T,total_displacement,Z,2.0,5.0,3.306337081593573e-07,2.897497501066827e-07,0.14110092601502353
R4_LHS_03,control,20260813,V52_CPLUS_E5_C9_1T,total_displacement,Z,5.0,10.0,8.858510971670763e-08,7.529817332146704e-08,0.17645761921096392
R4_LHS_03,control,20260813,V52_CPLUS_E5_C9_1T,total_displacement,Z,10.0,20.0,7.667534445648482e-08,5.406313879320612e-08,0.4182555095398989
R4_LHS_03,control,20260813,V52_CPLUS_E5_C9_1T,incremental_velocity,Z,0.0,0.5,3.0173486175877528e-05,3.118459966728101e-05,0.03242348794569738
R4_LHS_03,control,20260813,V52_CPLUS_E5_C9_1T,incremental_velocity,Z,0.5,1.0,6.804276062629238e-06,6.56908324692429e-06,0.035802989072343944
R4_LHS_03,control,20260813,V52_CPLUS_E5_C9_1T,incremental_velocity,Z,1.0,2.0,3.810842836734202e-06,4.169843420658371e-06,0.08609449989071444
R4_LHS_03,control,20260813,V52_CPLUS_E5_C9_1T,incremental_velocity,Z,2.0,5.0,6.965041194438472e-07,7.503409428768554e-07,0.07174981445980323
R4_LHS_03,control,20260813,V52_CPLUS_E5_C9_1T,incremental_velocity,Z,5.0,10.0,1.9244672699869523e-06,2.2888463395113932e-06,0.15919769852362653
R4_LHS_03,control,20260813,V52_CPLUS_E5_C9_1T,incremental_velocity,Z,10.0,20.0,2.970166945054908e-06,6.312927129546561e-06,0.5295103390068363
R4_LHS_03,control,20260813,V52_C_E5_C9_1T,total_displacement,X,0.0,0.5,1.7437740197827326e-06,1.7438657651228945e-06,5.2610322420904875e-05
R4_LHS_03,control,20260813,V52_C_E5_C9_1T,total_displacement,X,0.5,1.0,1.728948361664599e-08,1.8491126927359438e-08,0.06498486087051293
R4_LHS_03,control,20260813,V52_C_E5_C9_1T,total_displacement,X,1.0,2.0,5.2706092297351355e-05,5.275654472642279e-05,0.0009563255010930706
R4_LHS_03,control,20260813,V52_C_E5_C9_1T,total_displacement,X,2.0,5.0,4.019807851001388e-06,4.017406757682514e-06,0.0005976724448631447
R4_LHS_03,control,20260813,V52_C_E5_C9_1T,total_displacement,X,5.0,10.0,3.010188947952356e-10,2.4007904153563907e-10,0.2538324581346271
R4_LHS_03,control,20260813,V52_C_E5_C9_1T,total_displacement,X,10.0,20.0,2.0507786682462961e-10,1.3376578275493616e-10,0.5331115521548573
R4_LHS_03,control,20260813,V52_C_E5_C9_1T,incremental_velocity,X,0.0,0.5,4.854085376705417e-07,5.393137864725379e-07,0.09995154982885106
R4_LHS_03,control,20260813,V52_C_E5_C9_1T,incremental_velocity,X,0.5,1.0,2.2750257712486218e-08,4.317724952298839e-08,0.473096179959922
R4_LHS_03,control,20260813,V52_C_E5_C9_1T,incremental_velocity,X,1.0,2.0,7.549562477622796e-08,1.8353408990018563e-07,0.5886561193221053
R4_LHS_03,control,20260813,V52_C_E5_C9_1T,incremental_velocity,X,2.0,5.0,2.989730342913763e-07,6.311083424570659e-07,0.526273043504071
R4_LHS_03,control,20260813,V52_C_E5_C9_1T,incremental_velocity,X,5.0,10.0,9.542575027695409e-08,1.6590521587859338e-07,0.4248176600620861
R4_LHS_03,control,20260813,V52_C_E5_C9_1T,incremental_velocity,X,10.0,20.0,1.5884585034220134e-07,2.6606297040462374e-07,0.40297648297081157
R4_LHS_03,control,20260813,V52_C_E5_C9_1T,total_displacement,Y,0.0,0.5,8.126119956742214e-05,7.508826654265119e-05,0.08220902291391476
R4_LHS_03,control,20260813,V52_C_E5_C9_1T,total_displacement,Y,0.5,1.0,2.1553249861889183e-07,2.88099726996587e-07,0.2518823226047515
R4_LHS_03,control,20260813,V52_C_E5_C9_1T,total_displacement,Y,1.0,2.0,4.317278405474896e-07,4.4554539962331985e-07,0.031012684874565204
R4_LHS_03,control,20260813,V52_C_E5_C9_1T,total_displacement,Y,2.0,5.0,2.1291055445095972e-07,1.8586658966295447e-07,0.14550202291356426
R4_LHS_03,control,20260813,V52_C_E5_C9_1T,total_displacement,Y,5.0,10.0,2.5797461711468382e-08,1.785399444163099e-08,0.44491261021764617
R4_LHS_03,control,20260813,V52_C_E5_C9_1T,total_displacement,Y,10.0,20.0,2.314265756180094e-08,1.4913794218458262e-08,0.5517618939088024
R4_LHS_03,control,20260813,V52_C_E5_C9_1T,incremental_velocity,Y,0.0,0.5,2.309165055045247e-05,2.510666886765126e-05,0.08025829025032652
R4_LHS_03,control,20260813,V52_C_E5_C9_1T,incremental_velocity,Y,0.5,1.0,2.2219995462834154e-06,3.904383466593539e-06,0.4308961798206657
R4_LHS_03,control,20260813,V52_C_E5_C9_1T,incremental_velocity,Y,1.0,2.0,2.7913457608056218e-06,4.090460561996449e-06,0.3175962172232172
R4_LHS_03,control,20260813,V52_C_E5_C9_1T,incremental_velocity,Y,2.0,5.0,1.4716619062914013e-06,1.6989422154725515e-06,0.13377753940732673
R4_LHS_03,control,20260813,V52_C_E5_C9_1T,incremental_velocity,Y,5.0,10.0,4.627372830690752e-06,5.161929599631991e-06,0.10355754735193387
R4_LHS_03,control,20260813,V52_C_E5_C9_1T,incremental_velocity,Y,10.0,20.0,2.2961513713954445e-05,2.7692711593164918e-05,0.17084632045849285
R4_LHS_03,control,20260813,V52_C_E5_C9_1T,total_displacement,Z,0.0,0.5,9.345081057831779e-05,9.311409795720583e-05,0.003616129334858711
R4_LHS_03,control,20260813,V52_C_E5_C9_1T,total_displacement,Z,0.5,1.0,1.0177802115722814e-06,1.0034927559721326e-06,0.014237726695204553
R4_LHS_03,control,20260813,V52_C_E5_C9_1T,total_displacement,Z,1.0,2.0,4.969276090847225e-07,4.912229691047855e-07,0.011613137696580468
R4_LHS_03,control,20260813,V52_C_E5_C9_1T,total_displacement,Z,2.0,5.0,3.148275374508682e-07,2.891494567436956e-07,0.08880556441762172
R4_LHS_03,control,20260813,V52_C_E5_C9_1T,total_displacement,Z,5.0,10.0,8.260857072315112e-08,7.49241305208487e-08,0.10256295467004611
R4_LHS_03,control,20260813,V52_C_E5_C9_1T,total_displacement,Z,10.0,20.0,6.793161414273149e-08,5.3780860457057845e-08,0.2631187668886877
R4_LHS_03,control,20260813,V52_C_E5_C9_1T,incremental_velocity,Z,0.0,0.5,2.0943127377242633e-05,2.3561400671492902e-05,0.11112553666718698
R4_LHS_03,control,20260813,V52_C_E5_C9_1T,incremental_velocity,Z,0.5,1.0,5.867119757268551e-06,6.620978575384367e-06,0.11385912362237977
R4_LHS_03,control,20260813,V52_C_E5_C9_1T,incremental_velocity,Z,1.0,2.0,2.9064504021314272e-06,3.5529534397028915e-06,0.18196214741995798
R4_LHS_03,control,20260813,V52_C_E5_C9_1T,incremental_velocity,Z,2.0,5.0,8.26697437433577e-07,5.669698968431709e-07,0.4580975851390733
R4_LHS_03,control,20260813,V52_C_E5_C9_1T,incremental_velocity,Z,5.0,10.0,1.2781347406340062e-06,1.3953993303387227e-06,0.08403658161155302
R4_LHS_03,control,20260813,V52_C_E5_C9_1T,incremental_velocity,Z,10.0,20.0,1.8788148525350807e-06,4.107289390455817e-06,0.5425657473999964
R4_LHS_03,control,20260813,V40_A_E6_C10_1T,total_displacement,X,0.0,0.5,1.088874616550979e-06,9.522005361196114e-07,0.14353497529873172
R4_LHS_03,control,20260813,V40_A_E6_C10_1T,total_displacement,X,0.5,1.0,3.6832886125875527e-10,8.481612962615261e-10,0.5657325288453353
R4_LHS_03,control,20260813,V40_A_E6_C10_1T,total_displacement,X,1.0,2.0,3.0284599996606777e-10,4.448134920579579e-10,0.31916183889807054
R4_LHS_03,control,20260813,V40_A_E6_C10_1T,total_displacement,X,2.0,5.0,1.8535523824703035e-10,6.004106462980378e-11,2.0871410990107906
R4_LHS_03,control,20260813,V40_A_E6_C10_1T,total_displacement,X,5.0,10.0,1.0672600971986368e-10,1.0743508168166322e-10,0.006600003934474281
R4_LHS_03,control,20260813,V40_A_E6_C10_1T,total_displacement,X,10.0,20.0,4.136960659450771e-11,1.4452268464650734e-11,1.8624991775993474
R4_LHS_03,control,20260813,V40_A_E6_C10_1T,incremental_velocity,X,0.0,0.5,1.9500484020779068e-07,1.867747993827999e-07,0.04406397893177806
R4_LHS_03,control,20260813,V40_A_E6_C10_1T,incremental_velocity,X,0.5,1.0,7.494152228193021e-09,1.2163397941737504e-08,0.38387675351165035
R4_LHS_03,control,20260813,V40_A_E6_C10_1T,incremental_velocity,X,1.0,2.0,1.7048327009519002e-08,1.716082390262261e-08,0.006555448254813497
R4_LHS_03,control,20260813,V40_A_E6_C10_1T,incremental_velocity,X,2.0,5.0,3.992399103052726e-09,6.3797867153373676e-09,0.37421119526538826
R4_LHS_03,control,20260813,V40_A_E6_C10_1T,incremental_velocity,X,5.0,10.0,1.5759182663338398e-07,2.245122295272321e-07,0.2980701899168973
R4_LHS_03,control,20260813,V40_A_E6_C10_1T,incremental_velocity,X,10.0,20.0,9.071720671184682e-09,2.2339699454728225e-08,0.5939193054244675
R4_LHS_03,control,20260813,V40_A_E6_C10_1T,total_displacement,Y,0.0,0.5,4.773461735968208e-05,4.5065173814299904e-05,0.05923517695465137
R4_LHS_03,control,20260813,V40_A_E6_C10_1T,total_displacement,Y,0.5,1.0,1.4450065417331966e-07,1.8333163116024704e-07,0.2118072955614838
R4_LHS_03,control,20260813,V40_A_E6_C10_1T,total_displacement,Y,1.0,2.0,6.457095353919658e-08,7.808254356531889e-08,0.17304239090033458
R4_LHS_03,control,20260813,V40_A_E6_C10_1T,total_displacement,Y,2.0,5.0,6.39723760245074e-08,6.572152626538303e-08,0.026614571210847624
R4_LHS_03,control,20260813,V40_A_E6_C10_1T,total_displacement,Y,5.0,10.0,2.2246165146850416e-08,1.797718708838918e-08,0.2374664088142251
R4_LHS_03,control,20260813,V40_A_E6_C10_1T,total_displacement,Y,10.0,20.0,1.1436356953495402e-08,1.0577353065029101e-08,0.08121161156152985
R4_LHS_03,control,20260813,V40_A_E6_C10_1T,incremental_velocity,Y,0.0,0.5,8.474749222150195e-06,8.76820679776987e-06,0.03346836843473097
R4_LHS_03,control,20260813,V40_A_E6_C10_1T,incremental_velocity,Y,0.5,1.0,1.076326215306065e-06,1.7365709595935313e-06,0.3802002680282099
R4_LHS_03,control,20260813,V40_A_E6_C10_1T,incremental_velocity,Y,1.0,2.0,1.2576921764304664e-06,2.0497590108511877e-06,0.38641949137806486
R4_LHS_03,control,20260813,V40_A_E6_C10_1T,incremental_velocity,Y,2.0,5.0,2.063618566803899e-07,1.0017152575609292e-06,0.7939915009552124
R4_LHS_03,control,20260813,V40_A_E6_C10_1T,incremental_velocity,Y,5.0,10.0,3.855021818546686e-06,4.490362251984491e-06,0.14148979476144044
R4_LHS_03,control,20260813,V40_A_E6_C10_1T,incremental_velocity,Y,10.0,20.0,1.416581142568549e-06,2.8072304476105015e-06,0.4953812417593523
R4_LHS_03,control,20260813,V40_A_E6_C10_1T,total_displacement,Z,0.0,0.5,6.588305777912103e-05,6.954311378631226e-05,0.05263002773269009
R4_LHS_03,control,20260813,V40_A_E6_C10_1T,total_displacement,Z,0.5,1.0,8.72550078018924e-07,9.231474468818576e-07,0.05480962876931292
R4_LHS_03,control,20260813,V40_A_E6_C10_1T,total_displacement,Z,1.0,2.0,3.3468366792740557e-07,3.4350366720917107e-07,0.02567657968086467
R4_LHS_03,control,20260813,V40_A_E6_C10_1T,total_displacement,Z,2.0,5.0,2.551978785420545e-07,2.6744190180055803e-07,0.045781992934055604
R4_LHS_03,control,20260813,V40_A_E6_C10_1T,total_displacement,Z,5.0,10.0,7.822174623820645e-08,7.656151123571869e-08,0.021684982123409264
R4_LHS_03,control,20260813,V40_A_E6_C10_1T,total_displacement,Z,10.0,20.0,5.233599697017747e-08,5.330172656657086e-08,0.018118167245243885
R4_LHS_03,control,20260813,V40_A_E6_C10_1T,incremental_velocity,Z,0.0,0.5,9.835979400939652e-06,1.1232865543298899e-05,0.1243570607139134
R4_LHS_03,control,20260813,V40_A_E6_C10_1T,incremental_velocity,Z,0.5,1.0,4.941700128898492e-06,6.109994281845974e-06,0.19121035127949623
R4_LHS_03,control,20260813,V40_A_E6_C10_1T,incremental_velocity,Z,1.0,2.0,3.0817486695422704e-06,4.0382264590657815e-06,0.23685590672514842
R4_LHS_03,control,20260813,V40_A_E6_C10_1T,incremental_velocity,Z,2.0,5.0,2.028939648837377e-07,4.699042749139247e-07,0.5682227727745123
R4_LHS_03,control,20260813,V40_A_E6_C10_1T,incremental_velocity,Z,5.0,10.0,3.822903081471579e-06,5.6972233091179e-06,0.3289883730986353
R4_LHS_03,control,20260813,V40_A_E6_C10_1T,incremental_velocity,Z,10.0,20.0,1.8501559458551386e-07,9.856039812844672e-07,0.8122820137714986
R4_LHS_03,control,20260813,V40_B_E6_C10_1T,total_displacement,X,0.0,0.5,1.5639186965123832e-06,1.4834689150028643e-06,0.05423085087655074
R4_LHS_03,control,20260813,V40_B_E6_C10_1T,total_displacement,X,0.5,1.0,4.969192422702189e-10,1.231025408818721e-09,0.5963371359271477
R4_LHS_03,control,20260813,V40_B_E6_C10_1T,total_displacement,X,1.0,2.0,4.907895717641964e-10,5.790808708209503e-10,0.15246799455071833
R4_LHS_03,control,20260813,V40_B_E6_C10_1T,total_displacement,X,2.0,5.0,1.6084954844957927e-10,6.85127081264918e-11,1.347733038848943
R4_LHS_03,control,20260813,V40_B_E6_C10_1T,total_displacement,X,5.0,10.0,1.4181455595256162e-10,1.6042980201773063e-10,0.11603359120964105
R4_LHS_03,control,20260813,V40_B_E6_C10_1T,total_displacement,X,10.0,20.0,6.675535122872802e-11,1.594969767194943e-11,3.185367810835059
R4_LHS_03,control,20260813,V40_B_E6_C10_1T,incremental_velocity,X,0.0,0.5,3.165311619289192e-07,2.908417351085034e-07,0.08832785573511967
R4_LHS_03,control,20260813,V40_B_E6_C10_1T,incremental_velocity,X,0.5,1.0,1.203615343390303e-08,1.843877810544045e-08,0.34723692833248504
R4_LHS_03,control,20260813,V40_B_E6_C10_1T,incremental_velocity,X,1.0,2.0,2.6144906293593633e-08,2.6429173757449846e-08,0.010755821065956841
R4_LHS_03,control,20260813,V40_B_E6_C10_1T,incremental_velocity,X,2.0,5.0,8.946876900178072e-09,9.686365377338206e-09,0.07634323591490876
R4_LHS_03,control,20260813,V40_B_E6_C10_1T,incremental_velocity,X,5.0,10.0,3.2185061741746654e-07,3.58544407249418e-07,0.1023409906556589
R4_LHS_03,control,20260813,V40_B_E6_C10_1T,incremental_velocity,X,10.0,20.0,1.924209208428892e-08,3.8697647330055464e-08,0.5027580896540942
R4_LHS_03,control,20260813,V40_B_E6_C10_1T,total_displacement,Y,0.0,0.5,6.705347470103256e-05,6.531442154032031e-05,0.02662586791247448
R4_LHS_03,control,20260813,V40_B_E6_C10_1T,total_displacement,Y,0.5,1.0,1.556573861830214e-07,2.0789195271176362e-07,0.2512582418289369
R4_LHS_03,control,20260813,V40_B_E6_C10_1T,total_displacement,Y,1.0,2.0,6.528049654546885e-08,9.083002184966401e-08,0.28128943254558597
R4_LHS_03,control,20260813,V40_B_E6_C10_1T,total_displacement,Y,2.0,5.0,6.81831498505274e-08,6.625268377580875e-08,0.029137930189381094
R4_LHS_03,control,20260813,V40_B_E6_C10_1T,total_displacement,Y,5.0,10.0,2.545887148428321e-08,1.8938030878895587e-08,0.34432516490689663
R4_LHS_03,control,20260813,V40_B_E6_C10_1T,total_displacement,Y,10.0,20.0,1.3770921891938435e-08,1.0765338310864934e-08,0.2791908154005816
R4_LHS_03,control,20260813,V40_B_E6_C10_1T,incremental_velocity,Y,0.0,0.5,1.4062349497191076e-05,1.3138126138334294e-05,0.07034666505142559
R4_LHS_03,control,20260813,V40_B_E6_C10_1T,incremental_velocity,Y,0.5,1.0,1.5712643036657324e-06,2.1827278679733335e-06,0.28013733332471996
R4_LHS_03,control,20260813,V40_B_E6_C10_1T,incremental_velocity,Y,1.0,2.0,2.11149048712018e-06,2.8249644647628577e-06,0.25256033714483217
R4_LHS_03,control,20260813,V40_B_E6_C10_1T,incremental_velocity,Y,2.0,5.0,4.4224624610748654e-07,1.212808947950525e-06,0.6353537407067947
R4_LHS_03,control,20260813,V40_B_E6_C10_1T,incremental_velocity,Y,5.0,10.0,7.38984984537576e-06,6.793587764141685e-06,0.08776836362978943
R4_LHS_03,control,20260813,V40_B_E6_C10_1T,incremental_velocity,Y,10.0,20.0,3.0340330242337256e-06,5.001446035793656e-06,0.3933688372282379
R4_LHS_03,control,20260813,V40_B_E6_C10_1T,total_displacement,Z,0.0,0.5,8.267874719731937e-05,8.125171282773153e-05,0.017563129685812397
R4_LHS_03,control,20260813,V40_B_E6_C10_1T,total_displacement,Z,0.5,1.0,9.198624207423211e-07,9.13174638217306e-07,0.007323662139884788
R4_LHS_03,control,20260813,V40_B_E6_C10_1T,total_displacement,Z,1.0,2.0,3.597731366296646e-07,3.494773499067157e-07,0.029460526485327643
R4_LHS_03,control,20260813,V40_B_E6_C10_1T,total_displacement,Z,2.0,5.0,2.757623751625744e-07,2.674165145404963e-07,0.031209219207792224
R4_LHS_03,control,20260813,V40_B_E6_C10_1T,total_displacement,Z,5.0,10.0,8.48157903980159e-08,7.77660486621314e-08,0.09065320737219626
R4_LHS_03,control,20260813,V40_B_E6_C10_1T,total_displacement,Z,10.0,20.0,5.7061914996969986e-08,5.3339412649893226e-08,0.0697889639601086
R4_LHS_03,control,20260813,V40_B_E6_C10_1T,incremental_velocity,Z,0.0,0.5,1.2490190064447629e-05,1.2844923077347692e-05,0.02761659301219505
R4_LHS_03,control,20260813,V40_B_E6_C10_1T,incremental_velocity,Z,0.5,1.0,6.087982632005734e-06,5.996645555027314e-06,0.015231361623807716
R4_LHS_03,control,20260813,V40_B_E6_C10_1T,incremental_velocity,Z,1.0,2.0,4.018209609028723e-06,4.510971860052201e-06,0.10923638326969638
R4_LHS_03,control,20260813,V40_B_E6_C10_1T,incremental_velocity,Z,2.0,5.0,2.913496069102918e-07,4.95306112283521e-07,0.4117786966789566
R4_LHS_03,control,20260813,V40_B_E6_C10_1T,incremental_velocity,Z,5.0,10.0,7.932445691449727e-06,8.991157789349043e-06,0.11775036349083651
R4_LHS_03,control,20260813,V40_B_E6_C10_1T,incremental_velocity,Z,10.0,20.0,5.655966429613896e-07,1.754847885019503e-06,0.6776947746926203
R4_LHS_03,control,20260813,V40_CPLUS_E6_C10_1T,total_displacement,X,0.0,0.5,2.8827424691587257e-06,3.4582629992055102e-06,0.16641895951204483
R4_LHS_03,control,20260813,V40_CPLUS_E6_C10_1T,total_displacement,X,0.5,1.0,5.937732681336044e-10,8.36068553643364e-10,0.2898031321162617
R4_LHS_03,control,20260813,V40_CPLUS_E6_C10_1T,total_displacement,X,1.0,2.0,4.998842287465599e-10,1.1113792174463454e-09,0.5502127258640293
R4_LHS_03,control,20260813,V40_CPLUS_E6_C10_1T,total_displacement,X,2.0,5.0,3.345995202390509e-10,1.0258771406034117e-10,2.2615944638579473
R4_LHS_03,control,20260813,V40_CPLUS_E6_C10_1T,total_displacement,X,5.0,10.0,2.8146777945433717e-10,3.4898826489578933e-10,0.19347494524383022
R4_LHS_03,control,20260813,V40_CPLUS_E6_C10_1T,total_displacement,X,10.0,20.0,1.4683738446201209e-10,2.0121525426127184e-11,6.297527466349457
R4_LHS_03,control,20260813,V40_CPLUS_E6_C10_1T,incremental_velocity,X,0.0,0.5,7.333840834539171e-07,6.782635941209016e-07,0.081267061671587
R4_LHS_03,control,20260813,V40_CPLUS_E6_C10_1T,incremental_velocity,X,0.5,1.0,1.1984926038924629e-08,1.4061109320100627e-08,0.1476543019410321
R4_LHS_03,control,20260813,V40_CPLUS_E6_C10_1T,incremental_velocity,X,1.0,2.0,6.957344997830349e-08,5.978601061345652e-08,0.16370785179374445
R4_LHS_03,control,20260813,V40_CPLUS_E6_C10_1T,incremental_velocity,X,2.0,5.0,2.0242818281082073e-08,2.4531213811152064e-08,0.1748138336359229
R4_LHS_03,control,20260813,V40_CPLUS_E6_C10_1T,incremental_velocity,X,5.0,10.0,6.175942948260953e-07,8.199399821628687e-07,0.2467810958590143
R4_LHS_03,control,20260813,V40_CPLUS_E6_C10_1T,incremental_velocity,X,10.0,20.0,4.508737013587592e-08,7.828296783866654e-08,0.42404623405698494
R4_LHS_03,control,20260813,V40_CPLUS_E6_C10_1T,total_displacement,Y,0.0,0.5,0.00013327888310890243,0.00013945967083775265,0.04431953475668924
R4_LHS_03,control,20260813,V40_CPLUS_E6_C10_1T,total_displacement,Y,0.5,1.0,1.5348988177965738e-07,1.8696466148977798e-07,0.1790433520612171
R4_LHS_03,control,20260813,V40_CPLUS_E6_C10_1T,total_displacement,Y,1.0,2.0,7.88847496270972e-08,1.4227906486613205e-07,0.44556319862434773
R4_LHS_03,control,20260813,V40_CPLUS_E6_C10_1T,total_displacement,Y,2.0,5.0,7.054120131578393e-08,6.829612222599151e-08,0.032872716877884504
R4_LHS_03,control,20260813,V40_CPLUS_E6_C10_1T,total_displacement,Y,5.0,10.0,3.618934513148949e-08,2.222958139887576e-08,0.6279814037937635
R4_LHS_03,control,20260813,V40_CPLUS_E6_C10_1T,total_displacement,Y,10.0,20.0,1.9138101409858588e-08,1.1364119294953833e-08,0.6840813540523765
R4_LHS_03,control,20260813,V40_CPLUS_E6_C10_1T,incremental_velocity,Y,0.0,0.5,3.0344786284511428e-05,3.0031931738940526e-05,0.010417396666004096
R4_LHS_03,control,20260813,V40_CPLUS_E6_C10_1T,incremental_velocity,Y,0.5,1.0,1.5548082351918869e-06,1.967430797898527e-06,0.209726595287303
R4_LHS_03,control,20260813,V40_CPLUS_E6_C10_1T,incremental_velocity,Y,1.0,2.0,3.5743635224095265e-06,5.985049584667044e-06,0.4027846433275
R4_LHS_03,control,20260813,V40_CPLUS_E6_C10_1T,incremental_velocity,Y,2.0,5.0,7.279825739025008e-07,1.6930914683824874e-06,0.5700276166425985
R4_LHS_03,control,20260813,V40_CPLUS_E6_C10_1T,incremental_velocity,Y,5.0,10.0,1.4921717078051182e-05,1.4481577251206971e-05,0.030393086278466496
R4_LHS_03,control,20260813,V40_CPLUS_E6_C10_1T,incremental_velocity,Y,10.0,20.0,7.046733370888734e-06,1.0057652259548834e-05,0.2993659763690383
R4_LHS_03,control,20260813,V40_CPLUS_E6_C10_1T,total_displacement,Z,0.0,0.5,0.00011952076370149121,0.0001225880074043987,0.025020748504289946
R4_LHS_03,control,20260813,V40_CPLUS_E6_C10_1T,total_displacement,Z,0.5,1.0,9.035209066664534e-07,9.273032195381934e-07,0.02564674894969509
R4_LHS_03,control,20260813,V40_CPLUS_E6_C10_1T,total_displacement,Z,1.0,2.0,3.714965898342714e-07,3.719727663494572e-07,0.0012801381129564399
R4_LHS_03,control,20260813,V40_CPLUS_E6_C10_1T,total_displacement,Z,2.0,5.0,2.7921083636646397e-07,2.681884146234361e-07,0.04109954473053764
R4_LHS_03,control,20260813,V40_CPLUS_E6_C10_1T,total_displacement,Z,5.0,10.0,9.90681600516194e-08,8.342881489733389e-08,0.18745735719164927
R4_LHS_03,control,20260813,V40_CPLUS_E6_C10_1T,total_displacement,Z,10.0,20.0,6.40787348060359e-08,5.361877141563683e-08,0.19508025108066235
R4_LHS_03,control,20260813,V40_CPLUS_E6_C10_1T,incremental_velocity,Z,0.0,0.5,2.110865000597765e-05,2.138798728635249e-05,0.013060475332949214
R4_LHS_03,control,20260813,V40_CPLUS_E6_C10_1T,incremental_velocity,Z,0.5,1.0,6.482802778740241e-06,6.157400508030835e-06,0.05284734528556299
R4_LHS_03,control,20260813,V40_CPLUS_E6_C10_1T,incremental_velocity,Z,1.0,2.0,4.905715605634674e-06,6.146930531489983e-06,0.20192434573592694
R4_LHS_03,control,20260813,V40_CPLUS_E6_C10_1T,incremental_velocity,Z,2.0,5.0,3.5153738739840336e-07,5.505390667467234e-07,0.3614669536973498
R4_LHS_03,control,20260813,V40_CPLUS_E6_C10_1T,incremental_velocity,Z,5.0,10.0,1.528401040794577e-05,2.3283721135952247e-05,0.3435752679434978
R4_LHS_03,control,20260813,V40_CPLUS_E6_C10_1T,incremental_velocity,Z,10.0,20.0,1.2522567199011534e-06,3.9940519744977675e-06,0.68646959831848
R4_LHS_03,control,20260813,V40_C_E6_C10_1T,total_displacement,X,0.0,0.5,1.8551757073466187e-06,2.132863527166269e-06,0.13019483726114792
R4_LHS_03,control,20260813,V40_C_E6_C10_1T,total_displacement,X,0.5,1.0,6.761353665868327e-10,1.699154339294621e-09,0.6020753671691058
R4_LHS_03,control,20260813,V40_C_E6_C10_1T,total_displacement,X,1.0,2.0,3.7255974972652497e-10,7.603448435673909e-10,0.5100121308398086
R4_LHS_03,control,20260813,V40_C_E6_C10_1T,total_displacement,X,2.0,5.0,2.929805939325736e-10,7.814979145936103e-11,2.7489619416953603
R4_LHS_03,control,20260813,V40_C_E6_C10_1T,total_displacement,X,5.0,10.0,1.9817187718739158e-10,2.234859053198765e-10,0.11326901397317578
R4_LHS_03,control,20260813,V40_C_E6_C10_1T,total_displacement,X,10.0,20.0,9.720318134159909e-11,1.7255858691766642e-11,4.633053855962442
R4_LHS_03,control,20260813,V40_C_E6_C10_1T,incremental_velocity,X,0.0,0.5,4.7495651046862395e-07,4.181628459281949e-07,0.13581709875339196
R4_LHS_03,control,20260813,V40_C_E6_C10_1T,incremental_velocity,X,0.5,1.0,1.6647634049349007e-08,2.6102568477483798e-08,0.3622223780886032
R4_LHS_03,control,20260813,V40_C_E6_C10_1T,incremental_velocity,X,1.0,2.0,4.12296174664318e-08,3.842443415533285e-08,0.07300519507350046
R4_LHS_03,control,20260813,V40_C_E6_C10_1T,incremental_velocity,X,2.0,5.0,1.1977112496346396e-08,1.3959881881235343e-08,0.14203339267176426
R4_LHS_03,control,20260813,V40_C_E6_C10_1T,incremental_velocity,X,5.0,10.0,4.3214231056560733e-07,5.129962941442955e-07,0.15761124300821078
R4_LHS_03,control,20260813,V40_C_E6_C10_1T,incremental_velocity,X,10.0,20.0,2.7736939236991784e-08,5.229918372367505e-08,0.4696487160575761
R4_LHS_03,control,20260813,V40_C_E6_C10_1T,total_displacement,Y,0.0,0.5,9.076343207335099e-05,8.984254535691925e-05,0.010250006973570402
R4_LHS_03,control,20260813,V40_C_E6_C10_1T,total_displacement,Y,0.5,1.0,1.4429690767081173e-07,2.3888625411786194e-07,0.39595977088067036
R4_LHS_03,control,20260813,V40_C_E6_C10_1T,total_displacement,Y,1.0,2.0,6.895252354286156e-08,1.0717591419402604e-07,0.3566416105578229
R4_LHS_03,control,20260813,V40_C_E6_C10_1T,total_displacement,Y,2.0,5.0,6.80113686748801e-08,6.674298170666048e-08,0.019004050100642243
R4_LHS_03,control,20260813,V40_C_E6_C10_1T,total_displacement,Y,5.0,10.0,2.8630121997837278e-08,2.007778780313197e-08,0.42595998516187206
R4_LHS_03,control,20260813,V40_C_E6_C10_1T,total_displacement,Y,10.0,20.0,1.4885778987468365e-08,1.0929421836057357e-08,0.3619914402387282
R4_LHS_03,control,20260813,V40_C_E6_C10_1T,incremental_velocity,Y,0.0,0.5,1.9529445222886115e-05,1.8552033538530366e-05,0.05268488127329981
R4_LHS_03,control,20260813,V40_C_E6_C10_1T,incremental_velocity,Y,0.5,1.0,1.7029512153212688e-06,2.7193930431535146e-06,0.3737752548831779
R4_LHS_03,control,20260813,V40_C_E6_C10_1T,incremental_velocity,Y,1.0,2.0,2.470032701522898e-06,3.861894342863367e-06,0.3604090422392255
R4_LHS_03,control,20260813,V40_C_E6_C10_1T,incremental_velocity,Y,2.0,5.0,5.089919617323365e-07,1.3039149889559121e-06,0.6096432926659557
R4_LHS_03,control,20260813,V40_C_E6_C10_1T,incremental_velocity,Y,5.0,10.0,1.0278630964347809e-05,9.762386879805346e-06,0.05288092870098955
R4_LHS_03,control,20260813,V40_C_E6_C10_1T,incremental_velocity,Y,10.0,20.0,4.325101647479152e-06,6.723592360371281e-06,0.3567275623413438
R4_LHS_03,control,20260813,V40_C_E6_C10_1T,total_displacement,Z,0.0,0.5,9.512387411657459e-05,9.517202118336877e-05,0.0005058951800699133
R4_LHS_03,control,20260813,V40_C_E6_C10_1T,total_displacement,Z,0.5,1.0,8.597398976808346e-07,9.037942714480927e-07,0.04874380725679149
R4_LHS_03,control,20260813,V40_C_E6_C10_1T,total_displacement,Z,1.0,2.0,3.5425352020324174e-07,3.6043690068679765e-07,0.017155237079704486
R4_LHS_03,control,20260813,V40_C_E6_C10_1T,total_displacement,Z,2.0,5.0,2.772807103287457e-07,2.6709499058029707e-07,0.0381351957455993
R4_LHS_03,control,20260813,V40_C_E6_C10_1T,total_displacement,Z,5.0,10.0,8.784587985333658e-08,7.960170827978079e-08,0.1035677719952883
R4_LHS_03,control,20260813,V40_C_E6_C10_1T,total_displacement,Z,10.0,20.0,5.931163889013121e-08,5.342111479979584e-08,0.11026583987269913
R4_LHS_03,control,20260813,V40_C_E6_C10_1T,incremental_velocity,Z,0.0,0.5,1.5557050060552092e-05,1.5101964477597688e-05,0.030134197681995604
R4_LHS_03,control,20260813,V40_C_E6_C10_1T,incremental_velocity,Z,0.5,1.0,5.851251475303965e-06,5.892617354145417e-06,0.007019949939961989
R4_LHS_03,control,20260813,V40_C_E6_C10_1T,incremental_velocity,Z,1.0,2.0,4.253537801051099e-06,5.320015758202217e-06,0.20046518762784843
R4_LHS_03,control,20260813,V40_C_E6_C10_1T,incremental_velocity,Z,2.0,5.0,3.202135584722223e-07,5.224113923541028e-07,0.38704713725849604
R4_LHS_03,control,20260813,V40_C_E6_C10_1T,incremental_velocity,Z,5.0,10.0,1.048240233172489e-05,1.3631270342093472e-05,0.23100326905298416
R4_LHS_03,control,20260813,V40_C_E6_C10_1T,incremental_velocity,Z,10.0,20.0,7.493240582894031e-07,2.621478990918704e-06,0.7141598079232362
R4_LHS_03,control,20260813,V52_A_E6_C10_1T,total_displacement,X,0.0,0.5,8.738042682353113e-07,7.790403662198156e-07,0.1216418379901471
R4_LHS_03,control,20260813,V52_A_E6_C10_1T,total_displacement,X,0.5,1.0,4.752705140350419e-10,9.145262066368904e-10,0.48030957386905543
R4_LHS_03,control,20260813,V52_A_E6_C10_1T,total_displacement,X,1.0,2.0,2.6043965115705334e-10,4.1146925491229096e-10,0.36704954732870915
R4_LHS_03,control,20260813,V52_A_E6_C10_1T,total_displacement,X,2.0,5.0,1.6856150657436768e-10,7.948471172809826e-11,1.1206783406472405
R4_LHS_03,control,20260813,V52_A_E6_C10_1T,total_displacement,X,5.0,10.0,5.88393320385784e-11,3.505969874903982e-11,0.6782611984134586
R4_LHS_03,control,20260813,V52_A_E6_C10_1T,total_displacement,X,10.0,20.0,1.0181498173351519e-10,3.0113985362193393e-11,2.380986624949975
R4_LHS_03,control,20260813,V52_A_E6_C10_1T,incremental_velocity,X,0.0,0.5,2.5761656281980187e-07,2.401450622778012e-07,0.0727539445378624
R4_LHS_03,control,20260813,V52_A_E6_C10_1T,incremental_velocity,X,0.5,1.0,1.276685749439606e-08,1.747943619801859e-08,0.2696070199424814
R4_LHS_03,control,20260813,V52_A_E6_C10_1T,incremental_velocity,X,1.0,2.0,1.9494240604226515e-08,2.244285051629418e-08,0.1313830393303598
R4_LHS_03,control,20260813,V52_A_E6_C10_1T,incremental_velocity,X,2.0,5.0,8.84359642413871e-09,1.369900362357681e-08,0.35443506205675074
R4_LHS_03,control,20260813,V52_A_E6_C10_1T,incremental_velocity,X,5.0,10.0,3.551939322830259e-08,4.692328354718087e-08,0.2430326579215581
R4_LHS_03,control,20260813,V52_A_E6_C10_1T,incremental_velocity,X,10.0,20.0,8.183309929355133e-08,1.1063059315343336e-07,0.26030316785830515
R4_LHS_03,control,20260813,V52_A_E6_C10_1T,total_displacement,Y,0.0,0.5,4.402993104271827e-05,3.8709941853253095e-05,0.137432115233676
R4_LHS_03,control,20260813,V52_A_E6_C10_1T,total_displacement,Y,0.5,1.0,1.8486898485172417e-07,2.1537338271960294e-07,0.14163494802694723
R4_LHS_03,control,20260813,V52_A_E6_C10_1T,total_displacement,Y,1.0,2.0,5.493386670337036e-08,7.08157820661864e-08,0.2242708461225826
R4_LHS_03,control,20260813,V52_A_E6_C10_1T,total_displacement,Y,2.0,5.0,6.644520204653906e-08,6.691478721292395e-08,0.007017659114578936
R4_LHS_03,control,20260813,V52_A_E6_C10_1T,total_displacement,Y,5.0,10.0,1.8573391480563877e-08,1.6933636600438705e-08,0.09683418386825962
R4_LHS_03,control,20260813,V52_A_E6_C10_1T,total_displacement,Y,10.0,20.0,1.7127220554005654e-08,1.2470035210741574e-08,0.37347010369725525
R4_LHS_03,control,20260813,V52_A_E6_C10_1T,incremental_velocity,Y,0.0,0.5,1.2687111343101974e-05,1.1974617139168032e-05,0.05950037447155025
R4_LHS_03,control,20260813,V52_A_E6_C10_1T,incremental_velocity,Y,0.5,1.0,1.8653016007500608e-06,2.3638983189747032e-06,0.21092138956336304
R4_LHS_03,control,20260813,V52_A_E6_C10_1T,incremental_velocity,Y,1.0,2.0,1.4515554381791465e-06,2.0526751880445193e-06,0.2928469898045727
R4_LHS_03,control,20260813,V52_A_E6_C10_1T,incremental_velocity,Y,2.0,5.0,5.561107600689989e-07,1.832731666419801e-06,0.6965672770005942
R4_LHS_03,control,20260813,V52_A_E6_C10_1T,incremental_velocity,Y,5.0,10.0,2.1475722436314484e-06,2.2429347643757744e-06,0.04251684991420873
R4_LHS_03,control,20260813,V52_A_E6_C10_1T,incremental_velocity,Y,10.0,20.0,1.1656780122216512e-05,1.2779810823063865e-05,0.08787537753067569
R4_LHS_03,control,20260813,V52_A_E6_C10_1T,total_displacement,Z,0.0,0.5,7.462735617054917e-05,7.008731982363753e-05,0.06477685775880497
R4_LHS_03,control,20260813,V52_A_E6_C10_1T,total_displacement,Z,0.5,1.0,9.887855952612776e-07,9.892322117787535e-07,0.00045147793628029883
R4_LHS_03,control,20260813,V52_A_E6_C10_1T,total_displacement,Z,1.0,2.0,3.153633500959305e-07,3.2342967297063205e-07,0.024939959282690705
R4_LHS_03,control,20260813,V52_A_E6_C10_1T,total_displacement,Z,2.0,5.0,2.708979601321115e-07,2.6778459685782815e-07,0.011626371758552998
R4_LHS_03,control,20260813,V52_A_E6_C10_1T,total_displacement,Z,5.0,10.0,7.635642768820187e-08,7.458511650092054e-08,0.02374885594312191
R4_LHS_03,control,20260813,V52_A_E6_C10_1T,total_displacement,Z,10.0,20.0,5.934358366538623e-08,5.350278165921204e-08,0.10916819322362334
R4_LHS_03,control,20260813,V52_A_E6_C10_1T,incremental_velocity,Z,0.0,0.5,1.6966751157434e-05,1.610306545466426e-05,0.05363486257950801
R4_LHS_03,control,20260813,V52_A_E6_C10_1T,incremental_velocity,Z,0.5,1.0,6.530243900442053e-06,6.58149850843812e-06,0.007787680560947228
R4_LHS_03,control,20260813,V52_A_E6_C10_1T,incremental_velocity,Z,1.0,2.0,2.3142441002825538e-06,2.885730146733766e-06,0.19803863056913093
R4_LHS_03,control,20260813,V52_A_E6_C10_1T,incremental_velocity,Z,2.0,5.0,3.175517611247862e-07,6.889679450171847e-07,0.5390906595562068
R4_LHS_03,control,20260813,V52_A_E6_C10_1T,incremental_velocity,Z,5.0,10.0,5.335970929759372e-07,6.200985300965368e-07,0.1394962782884409
R4_LHS_03,control,20260813,V52_A_E6_C10_1T,incremental_velocity,Z,10.0,20.0,8.845343967871157e-07,2.4778096516974992e-06,0.6430176159088176
R4_LHS_03,control,20260813,V52_B_E6_C10_1T,total_displacement,X,0.0,0.5,1.1757953611874774e-06,1.2125447032452149e-06,0.03030761831657232
R4_LHS_03,control,20260813,V52_B_E6_C10_1T,total_displacement,X,0.5,1.0,6.755610910166322e-10,1.3382977435103859e-09,0.4952086751303788
R4_LHS_03,control,20260813,V52_B_E6_C10_1T,total_displacement,X,1.0,2.0,3.938219849222606e-10,5.502326464750152e-10,0.28426277967106567
R4_LHS_03,control,20260813,V52_B_E6_C10_1T,total_displacement,X,2.0,5.0,3.300193069372576e-10,9.67264040049808e-11,2.4118843797838667
R4_LHS_03,control,20260813,V52_B_E6_C10_1T,total_displacement,X,5.0,10.0,9.568951029827184e-11,4.4717977015669286e-11,1.1398443463742112
R4_LHS_03,control,20260813,V52_B_E6_C10_1T,total_displacement,X,10.0,20.0,1.3285990375709246e-10,3.9594224269602355e-11,2.3555374857815536
R4_LHS_03,control,20260813,V52_B_E6_C10_1T,incremental_velocity,X,0.0,0.5,3.4393801452905465e-07,3.7402419330264384e-07,0.0804391248275343
R4_LHS_03,control,20260813,V52_B_E6_C10_1T,incremental_velocity,X,0.5,1.0,1.8420271277397043e-08,2.6915984534170594e-08,0.315638212898659
R4_LHS_03,control,20260813,V52_B_E6_C10_1T,incremental_velocity,X,1.0,2.0,2.5955264774341673e-08,3.4473716101215326e-08,0.24709988623980533
R4_LHS_03,control,20260813,V52_B_E6_C10_1T,incremental_velocity,X,2.0,5.0,1.3037642805491062e-08,2.149561759416426e-08,0.39347437921343614
R4_LHS_03,control,20260813,V52_B_E6_C10_1T,incremental_velocity,X,5.0,10.0,5.53593902831066e-08,7.219484737479998e-08,0.23319471823649687
R4_LHS_03,control,20260813,V52_B_E6_C10_1T,incremental_velocity,X,10.0,20.0,1.2552227678209625e-07,1.6230721147885517e-07,0.22663770981951184
R4_LHS_03,control,20260813,V52_B_E6_C10_1T,total_displacement,Y,0.0,0.5,6.020907862152666e-05,5.519527193330356e-05,0.09083761185707434
R4_LHS_03,control,20260813,V52_B_E6_C10_1T,total_displacement,Y,0.5,1.0,1.759205622770502e-07,2.4831210544315434e-07,0.2915344905835717
R4_LHS_03,control,20260813,V52_B_E6_C10_1T,total_displacement,Y,1.0,2.0,5.5090391517758684e-08,8.126717498595014e-08,0.3221077079733241
R4_LHS_03,control,20260813,V52_B_E6_C10_1T,total_displacement,Y,2.0,5.0,6.496456368690999e-08,6.818381658336343e-08,0.0472143253013344
R4_LHS_03,control,20260813,V52_B_E6_C10_1T,total_displacement,Y,5.0,10.0,1.856033734327567e-08,1.7350210767588212e-08,0.06974708214773304
R4_LHS_03,control,20260813,V52_B_E6_C10_1T,total_displacement,Y,10.0,20.0,1.6919214581489107e-08,1.3533940370474895e-08,0.25013219493706296
R4_LHS_03,control,20260813,V52_B_E6_C10_1T,incremental_velocity,Y,0.0,0.5,1.6632224844963777e-05,1.787299828914134e-05,0.0694216730794065
R4_LHS_03,control,20260813,V52_B_E6_C10_1T,incremental_velocity,Y,0.5,1.0,1.9062237961187222e-06,3.0566282337192025e-06,0.3763638720959882
R4_LHS_03,control,20260813,V52_B_E6_C10_1T,incremental_velocity,Y,1.0,2.0,1.8566308410010447e-06,2.8920905267850674e-06,0.358031560974362
R4_LHS_03,control,20260813,V52_B_E6_C10_1T,incremental_velocity,Y,2.0,5.0,8.472024589352159e-07,2.153346313694309e-06,0.6065646972122454
R4_LHS_03,control,20260813,V52_B_E6_C10_1T,incremental_velocity,Y,5.0,10.0,3.4121602656513496e-06,3.596764342067429e-06,0.051325040747587175
R4_LHS_03,control,20260813,V52_B_E6_C10_1T,incremental_velocity,Y,10.0,20.0,1.7857301578339983e-05,1.8984163476513603e-05,0.05935799591947915
R4_LHS_03,control,20260813,V52_B_E6_C10_1T,total_displacement,Z,0.0,0.5,7.913216441965304e-05,8.073544954220632e-05,0.01985850245021712
R4_LHS_03,control,20260813,V52_B_E6_C10_1T,total_displacement,Z,0.5,1.0,8.648900808712887e-07,9.959232496662577e-07,0.1315695449813822
R4_LHS_03,control,20260813,V52_B_E6_C10_1T,total_displacement,Z,1.0,2.0,2.947728181483107e-07,3.249971780490935e-07,0.09299883796596277
R4_LHS_03,control,20260813,V52_B_E6_C10_1T,total_displacement,Z,2.0,5.0,2.47939961791336e-07,2.683665260337824e-07,0.07611442658044126
R4_LHS_03,control,20260813,V52_B_E6_C10_1T,total_displacement,Z,5.0,10.0,6.953311278963049e-08,7.480917227901454e-08,0.07052690637594566
R4_LHS_03,control,20260813,V52_B_E6_C10_1T,total_displacement,Z,10.0,20.0,5.350135450957481e-08,5.3656480173022767e-08,0.002891089071585308
R4_LHS_03,control,20260813,V52_B_E6_C10_1T,incremental_velocity,Z,0.0,0.5,1.6887578500150076e-05,1.9423034872875516e-05,0.13053863051372228
R4_LHS_03,control,20260813,V52_B_E6_C10_1T,incremental_velocity,Z,0.5,1.0,5.55085485646879e-06,6.5957857993296104e-06,0.15842402628766789
R4_LHS_03,control,20260813,V52_B_E6_C10_1T,incremental_velocity,Z,1.0,2.0,2.053098964014889e-06,2.9533133103047434e-06,0.3048150506581247
R4_LHS_03,control,20260813,V52_B_E6_C10_1T,incremental_velocity,Z,2.0,5.0,4.182964787018362e-07,7.310780020812438e-07,0.4278360482588403
R4_LHS_03,control,20260813,V52_B_E6_C10_1T,incremental_velocity,Z,5.0,10.0,8.203347498267044e-07,1.0399851614429587e-06,0.2112053323063703
R4_LHS_03,control,20260813,V52_B_E6_C10_1T,incremental_velocity,Z,10.0,20.0,1.7043383379667142e-06,3.0679157706267643e-06,0.4444637775637093
R4_LHS_03,control,20260813,V52_CPLUS_E6_C10_1T,total_displacement,X,0.0,0.5,2.8451472085137075e-06,2.823354459762783e-06,0.007718743452692685
R4_LHS_03,control,20260813,V52_CPLUS_E6_C10_1T,total_displacement,X,0.5,1.0,8.011404584414239e-10,1.0684916139953097e-09,0.25021362082029347
R4_LHS_03,control,20260813,V52_CPLUS_E6_C10_1T,total_displacement,X,1.0,2.0,6.275908269340623e-10,1.1238501705721047e-09,0.44157073303233807
R4_LHS_03,control,20260813,V52_CPLUS_E6_C10_1T,total_displacement,X,2.0,5.0,3.200332344054141e-10,1.591642690125294e-10,1.0107102956645446
R4_LHS_03,control,20260813,V52_CPLUS_E6_C10_1T,total_displacement,X,5.0,10.0,1.4281631944339117e-10,7.849844909649198e-11,0.819352115706621
R4_LHS_03,control,20260813,V52_CPLUS_E6_C10_1T,total_displacement,X,10.0,20.0,2.656770377841107e-10,7.012650091086141e-11,2.788539772172802
R4_LHS_03,control,20260813,V52_CPLUS_E6_C10_1T,incremental_velocity,X,0.0,0.5,7.707271197015873e-07,8.748596954657969e-07,0.11902774388156809
R4_LHS_03,control,20260813,V52_CPLUS_E6_C10_1T,incremental_velocity,X,0.5,1.0,1.3381765289723025e-08,1.828811021022048e-08,0.26828058580681013
R4_LHS_03,control,20260813,V52_CPLUS_E6_C10_1T,incremental_velocity,X,1.0,2.0,5.1642345073223643e-08,8.551896000308268e-08,0.3961298749264245
R4_LHS_03,control,20260813,V52_CPLUS_E6_C10_1T,incremental_velocity,X,2.0,5.0,3.046749176568743e-08,4.637817754595164e-08,0.3430640577564708
R4_LHS_03,control,20260813,V52_CPLUS_E6_C10_1T,incremental_velocity,X,5.0,10.0,1.0708314001268303e-07,1.6179810904707365e-07,0.3381681612760493
R4_LHS_03,control,20260813,V52_CPLUS_E6_C10_1T,incremental_velocity,X,10.0,20.0,2.2676553897670638e-07,3.3563776016605486e-07,0.32437417391739404
R4_LHS_03,control,20260813,V52_CPLUS_E6_C10_1T,total_displacement,Y,0.0,0.5,0.00011655119272659638,0.0001149554309957113,0.013881568857278337
R4_LHS_03,control,20260813,V52_CPLUS_E6_C10_1T,total_displacement,Y,0.5,1.0,2.1570925585665864e-07,2.3114010996433175e-07,0.06675974200260747
R4_LHS_03,control,20260813,V52_CPLUS_E6_C10_1T,total_displacement,Y,1.0,2.0,7.353232568127663e-08,1.2481468371386093e-07,0.4108679884984501
R4_LHS_03,control,20260813,V52_CPLUS_E6_C10_1T,total_displacement,Y,2.0,5.0,7.185352173002338e-08,7.241526217417368e-08,0.007757210666436568
R4_LHS_03,control,20260813,V52_CPLUS_E6_C10_1T,total_displacement,Y,5.0,10.0,2.5122826058362903e-08,1.8696424037044463e-08,0.3437235916657316
R4_LHS_03,control,20260813,V52_CPLUS_E6_C10_1T,total_displacement,Y,10.0,20.0,2.7911169403089793e-08,1.699992224333981e-08,0.6418410039507544
R4_LHS_03,control,20260813,V52_CPLUS_E6_C10_1T,incremental_velocity,Y,0.0,0.5,3.615900225711302e-05,3.986874115034889e-05,0.09304880932272443
R4_LHS_03,control,20260813,V52_CPLUS_E6_C10_1T,incremental_velocity,Y,0.5,1.0,1.7452649224380199e-06,2.4589055895017757e-06,0.29022694897706663
R4_LHS_03,control,20260813,V52_CPLUS_E6_C10_1T,incremental_velocity,Y,1.0,2.0,3.3707063601492743e-06,6.440478337162711e-06,0.4766372645491723
R4_LHS_03,control,20260813,V52_CPLUS_E6_C10_1T,incremental_velocity,Y,2.0,5.0,1.7269151852766857e-06,3.4160358069972352e-06,0.494468066833679
R4_LHS_03,control,20260813,V52_CPLUS_E6_C10_1T,incremental_velocity,Y,5.0,10.0,6.407042508091956e-06,7.407766502509526e-06,0.13509119031742636
R4_LHS_03,control,20260813,V52_CPLUS_E6_C10_1T,incremental_velocity,Y,10.0,20.0,3.30918156215548e-05,3.931034316785622e-05,0.1581906196989465
R4_LHS_03,control,20260813,V52_CPLUS_E6_C10_1T,total_displacement,Z,0.0,0.5,0.00012134247095312814,0.00011598951680871922,0.04615032713030947
R4_LHS_03,control,20260813,V52_CPLUS_E6_C10_1T,total_displacement,Z,0.5,1.0,9.571434600360243e-07,9.865774182321322e-07,0.029834413044696636
R4_LHS_03,control,20260813,V52_CPLUS_E6_C10_1T,total_displacement,Z,1.0,2.0,3.179937473559144e-07,3.364642016458354e-07,0.05489574878864267
R4_LHS_03,control,20260813,V52_CPLUS_E6_C10_1T,total_displacement,Z,2.0,5.0,2.653954739385302e-07,2.6807818406436755e-07,0.01000719299558221
R4_LHS_03,control,20260813,V52_CPLUS_E6_C10_1T,total_displacement,Z,5.0,10.0,8.122278721559189e-08,7.531051141389838e-08,0.07850532005021563
R4_LHS_03,control,20260813,V52_CPLUS_E6_C10_1T,total_displacement,Z,10.0,20.0,7.004114526222933e-08,5.4086632702401855e-08,0.29498069601805643
R4_LHS_03,control,20260813,V52_CPLUS_E6_C10_1T,incremental_velocity,Z,0.0,0.5,2.8135414576142947e-05,3.1182579740888156e-05,0.0977201113591514
R4_LHS_03,control,20260813,V52_CPLUS_E6_C10_1T,incremental_velocity,Z,0.5,1.0,5.190259866235359e-06,6.567774392417415e-06,0.2097384051091059
R4_LHS_03,control,20260813,V52_CPLUS_E6_C10_1T,incremental_velocity,Z,1.0,2.0,2.3307715363550655e-06,3.707598705384709e-06,0.37135280229492384
R4_LHS_03,control,20260813,V52_CPLUS_E6_C10_1T,incremental_velocity,Z,2.0,5.0,5.696587946958121e-07,9.143738812720606e-07,0.3769957712447856
R4_LHS_03,control,20260813,V52_CPLUS_E6_C10_1T,incremental_velocity,Z,5.0,10.0,1.8436047469295827e-06,2.3647450877506247e-06,0.22037907744075586
R4_LHS_03,control,20260813,V52_CPLUS_E6_C10_1T,incremental_velocity,Z,10.0,20.0,2.7920593996825435e-06,6.3172194031864155e-06,0.5580239941841779
R4_LHS_03,control,20260813,V52_C_E6_C10_1T,total_displacement,X,0.0,0.5,1.7586676737494335e-06,1.7423511810573652e-06,0.009364640647338666
R4_LHS_03,control,20260813,V52_C_E6_C10_1T,total_displacement,X,0.5,1.0,9.785942248048765e-10,1.8572364406865332e-09,0.47309119971653363
R4_LHS_03,control,20260813,V52_C_E6_C10_1T,total_displacement,X,1.0,2.0,5.271347998680501e-10,7.11035734870038e-10,0.2586381049267531
R4_LHS_03,control,20260813,V52_C_E6_C10_1T,total_displacement,X,2.0,5.0,2.036349049879022e-10,1.181870311327044e-10,0.7229885803566215
R4_LHS_03,control,20260813,V52_C_E6_C10_1T,total_displacement,X,5.0,10.0,9.81305224076187e-11,5.4740754779645314e-11,0.7926410186091798
R4_LHS_03,control,20260813,V52_C_E6_C10_1T,total_displacement,X,10.0,20.0,1.727291304425002e-10,5.0937219081873954e-11,2.3910200351704316
R4_LHS_03,control,20260813,V52_C_E6_C10_1T,incremental_velocity,X,0.0,0.5,5.205417250725278e-07,5.375775028826948e-07,0.031689900933009045
R4_LHS_03,control,20260813,V52_C_E6_C10_1T,incremental_velocity,X,0.5,1.0,2.592503903476923e-08,3.824698445639763e-08,0.3221677629428714
R4_LHS_03,control,20260813,V52_C_E6_C10_1T,incremental_velocity,X,1.0,2.0,3.975650108318334e-08,4.765398673132799e-08,0.16572560219715676
R4_LHS_03,control,20260813,V52_C_E6_C10_1T,incremental_velocity,X,2.0,5.0,2.4035718786735303e-08,3.024031821695744e-08,0.20517639350576905
R4_LHS_03,control,20260813,V52_C_E6_C10_1T,incremental_velocity,X,5.0,10.0,8.249264711790012e-08,1.0070149219078581e-07,0.1808200124620577
R4_LHS_03,control,20260813,V52_C_E6_C10_1T,incremental_velocity,X,10.0,20.0,1.7996918710590808e-07,2.3415062335347032e-07,0.231395652386416
R4_LHS_03,control,20260813,V52_C_E6_C10_1T,total_displacement,Y,0.0,0.5,7.483499774314645e-05,7.508950861253048e-05,0.003389433145678591
R4_LHS_03,control,20260813,V52_C_E6_C10_1T,total_displacement,Y,0.5,1.0,2.283767156697394e-07,2.8805617859550964e-07,0.20717994391494213
R4_LHS_03,control,20260813,V52_C_E6_C10_1T,total_displacement,Y,1.0,2.0,6.432611340989881e-08,9.471103780604749e-08,0.32081714127525424
R4_LHS_03,control,20260813,V52_C_E6_C10_1T,total_displacement,Y,2.0,5.0,6.941739078830867e-08,6.947374957679313e-08,0.0008112242224979882
R4_LHS_03,control,20260813,V52_C_E6_C10_1T,total_displacement,Y,5.0,10.0,2.1558583461303832e-08,1.7793132847394996e-08,0.21162381274864234
R4_LHS_03,control,20260813,V52_C_E6_C10_1T,total_displacement,Y,10.0,20.0,2.2087095442453287e-08,1.486491509955433e-08,0.4858541266149234
R4_LHS_03,control,20260813,V52_C_E6_C10_1T,incremental_velocity,Y,0.0,0.5,2.518484747221643e-05,2.5103877756392045e-05,0.0032253867952240604
R4_LHS_03,control,20260813,V52_C_E6_C10_1T,incremental_velocity,Y,0.5,1.0,2.473268812977569e-06,3.904574604364337e-06,0.36657150558396984
R4_LHS_03,control,20260813,V52_C_E6_C10_1T,incremental_velocity,Y,1.0,2.0,2.6535952570607394e-06,3.978649937631036e-06,0.333041283184431
R4_LHS_03,control,20260813,V52_C_E6_C10_1T,incremental_velocity,Y,2.0,5.0,1.2639514363703164e-06,2.5419653720488676e-06,0.5027660682287147
R4_LHS_03,control,20260813,V52_C_E6_C10_1T,incremental_velocity,Y,5.0,10.0,4.916421757174044e-06,4.743217975990729e-06,0.03651609140883678
R4_LHS_03,control,20260813,V52_C_E6_C10_1T,incremental_velocity,Y,10.0,20.0,2.5141663565600205e-05,2.701514919509593e-05,0.06934944597070071
R4_LHS_03,control,20260813,V52_C_E6_C10_1T,total_displacement,Z,0.0,0.5,9.201040441020723e-05,9.311557685920251e-05,0.011868824597052978
R4_LHS_03,control,20260813,V52_C_E6_C10_1T,total_displacement,Z,0.5,1.0,1.0055442572039544e-06,1.003433392700133e-06,0.0021036418751634255
R4_LHS_03,control,20260813,V52_C_E6_C10_1T,total_displacement,Z,1.0,2.0,3.286824242178261e-07,3.288911716159517e-07,0.0006347005214519375
R4_LHS_03,control,20260813,V52_C_E6_C10_1T,total_displacement,Z,2.0,5.0,2.7584503222630095e-07,2.6825021143035283e-07,0.028312450362858333
R4_LHS_03,control,20260813,V52_C_E6_C10_1T,total_displacement,Z,5.0,10.0,8.121696963954758e-08,7.488220817404459e-08,0.08459634965330416
R4_LHS_03,control,20260813,V52_C_E6_C10_1T,total_displacement,Z,10.0,20.0,6.510768088231069e-08,5.386981290871641e-08,0.20861160206063994
R4_LHS_03,control,20260813,V52_C_E6_C10_1T,incremental_velocity,Z,0.0,0.5,2.373384759160596e-05,2.3565827949332272e-05,0.007129800091680969
R4_LHS_03,control,20260813,V52_C_E6_C10_1T,incremental_velocity,Z,0.5,1.0,6.730965579571796e-06,6.6162182149891054e-06,0.01734334643357576
R4_LHS_03,control,20260813,V52_C_E6_C10_1T,incremental_velocity,Z,1.0,2.0,2.540343005971694e-06,3.184872700829018e-06,0.20237219989657798
R4_LHS_03,control,20260813,V52_C_E6_C10_1T,incremental_velocity,Z,2.0,5.0,5.728360685381167e-07,7.809180278467001e-07,0.2664581324653853
R4_LHS_03,control,20260813,V52_C_E6_C10_1T,incremental_velocity,Z,5.0,10.0,1.3092292298378424e-06,1.3432868739661794e-06,0.02535396182929911
R4_LHS_03,control,20260813,V52_C_E6_C10_1T,incremental_velocity,Z,10.0,20.0,2.3687423495782966e-06,5.0645237379226454e-06,0.5322872451280282
R4_LHS_03,control,20260813,V40_A_E7_C11_2T,total_displacement,X,0.0,0.5,3.5287578977465604e-07,3.589949948340548e-07,0.017045377087297125
R4_LHS_03,control,20260813,V40_A_E7_C11_2T,total_displacement,X,0.5,1.0,1.7845540184815613e-08,1.858236096960659e-08,0.03965162370896392
R4_LHS_03,control,20260813,V40_A_E7_C11_2T,total_displacement,X,1.0,2.0,5.2743954565772245e-05,5.274683024221083e-05,5.451846917397858e-05
R4_LHS_03,control,20260813,V40_A_E7_C11_2T,total_displacement,X,2.0,5.0,4.043009477847681e-06,4.028700953763011e-06,0.003551647106322298
R4_LHS_03,control,20260813,V40_A_E7_C11_2T,total_displacement,X,5.0,10.0,3.807995151627701e-10,3.349218596800168e-10,0.13698017658980116
R4_LHS_03,control,20260813,V40_A_E7_C11_2T,total_displacement,X,10.0,20.0,1.3733532562026833e-10,1.2790814132195961e-10,0.07370276982275431
R4_LHS_03,control,20260813,V40_A_E7_C11_2T,incremental_velocity,X,0.0,0.5,1.6628617174679512e-07,1.515850844901968e-07,0.09698241292037585
R4_LHS_03,control,20260813,V40_A_E7_C11_2T,incremental_velocity,X,0.5,1.0,2.1121721701658372e-08,2.805888885655997e-08,0.24723598964895352
R4_LHS_03,control,20260813,V40_A_E7_C11_2T,incremental_velocity,X,1.0,2.0,1.266367981299139e-07,5.352686325114587e-07,0.7634144979956341
R4_LHS_03,control,20260813,V40_A_E7_C11_2T,incremental_velocity,X,2.0,5.0,4.413511900512004e-07,6.368113682670156e-07,0.3069357551636211
R4_LHS_03,control,20260813,V40_A_E7_C11_2T,incremental_velocity,X,5.0,10.0,3.53792504516519e-07,4.327110531854497e-07,0.18238163339707444
R4_LHS_03,control,20260813,V40_A_E7_C11_2T,incremental_velocity,X,10.0,20.0,3.402993353385533e-08,7.067056937428296e-08,0.51847093018839
R4_LHS_03,control,20260813,V40_A_E7_C11_2T,total_displacement,Y,0.0,0.5,0.00012832935292826696,0.00012850277444938495,0.0013495546836329124
R4_LHS_03,control,20260813,V40_A_E7_C11_2T,total_displacement,Y,0.5,1.0,4.922956167245085e-08,1.1323166440006307e-07,0.565231493034351
R4_LHS_03,control,20260813,V40_A_E7_C11_2T,total_displacement,Y,1.0,2.0,4.049449763427701e-07,4.125473478089562e-07,0.018427876234236806
R4_LHS_03,control,20260813,V40_A_E7_C11_2T,total_displacement,Y,2.0,5.0,1.6572164768787773e-07,1.3925004880327337e-07,0.1901011820972668
R4_LHS_03,control,20260813,V40_A_E7_C11_2T,total_displacement,Y,5.0,10.0,1.388321728464736e-08,4.907795169198301e-09,1.8288094360130382
R4_LHS_03,control,20260813,V40_A_E7_C11_2T,total_displacement,Y,10.0,20.0,7.0081462892118965e-09,9.482576944382825e-10,6.390550406620532
R4_LHS_03,control,20260813,V40_A_E7_C11_2T,incremental_velocity,Y,0.0,0.5,3.111372736837348e-05,2.9246308822151687e-05,0.06385142677585945
R4_LHS_03,control,20260813,V40_A_E7_C11_2T,incremental_velocity,Y,0.5,1.0,1.2515235305088949e-06,1.8945906531916437e-06,0.3394227252200534
R4_LHS_03,control,20260813,V40_A_E7_C11_2T,incremental_velocity,Y,1.0,2.0,2.331384829041199e-06,2.9767295510857184e-06,0.21679655842739876
R4_LHS_03,control,20260813,V40_A_E7_C11_2T,incremental_velocity,Y,2.0,5.0,8.310091040535781e-07,6.445469189368276e-07,0.2892918725363199
R4_LHS_03,control,20260813,V40_A_E7_C11_2T,incremental_velocity,Y,5.0,10.0,8.383631131484794e-06,8.608636197158605e-06,0.02613713258646902
R4_LHS_03,control,20260813,V40_A_E7_C11_2T,incremental_velocity,Y,10.0,20.0,4.394997335480555e-06,5.467626918155754e-06,0.1961782686952239
R4_LHS_03,control,20260813,V40_A_E7_C11_2T,total_displacement,Z,0.0,0.5,6.57326826979117e-05,6.541790348624124e-05,0.004811820539871986
R4_LHS_03,control,20260813,V40_A_E7_C11_2T,total_displacement,Z,0.5,1.0,2.3280671918890583e-08,1.1082115275409785e-08,1.100742623617018
R4_LHS_03,control,20260813,V40_A_E7_C11_2T,total_displacement,Z,1.0,2.0,2.4631979082383174e-07,2.3000213233287828e-07,0.07094568352669521
R4_LHS_03,control,20260813,V40_A_E7_C11_2T,total_displacement,Z,2.0,5.0,5.679215831259153e-08,3.6907465336293163e-08,0.538771568166851
R4_LHS_03,control,20260813,V40_A_E7_C11_2T,total_displacement,Z,5.0,10.0,8.765821379893138e-09,5.2186417173021354e-09,0.6797132002433723
R4_LHS_03,control,20260813,V40_A_E7_C11_2T,total_displacement,Z,10.0,20.0,5.410624410344225e-09,3.481077972713859e-10,14.542956672487534
R4_LHS_03,control,20260813,V40_A_E7_C11_2T,incremental_velocity,Z,0.0,0.5,1.734302124341561e-05,1.6931737435516783e-05,0.02429070315230018
R4_LHS_03,control,20260813,V40_A_E7_C11_2T,incremental_velocity,Z,0.5,1.0,1.5126735711188262e-07,1.5455410032734077e-07,0.02126597229382414
R4_LHS_03,control,20260813,V40_A_E7_C11_2T,incremental_velocity,Z,1.0,2.0,1.5177532455148082e-06,1.9516201866824966e-06,0.22231115671395388
R4_LHS_03,control,20260813,V40_A_E7_C11_2T,incremental_velocity,Z,2.0,5.0,3.040643002809873e-07,1.2046965347021933e-07,1.5239908269193574
R4_LHS_03,control,20260813,V40_A_E7_C11_2T,incremental_velocity,Z,5.0,10.0,1.1030529054308718e-05,1.2373266567085554e-05,0.1085192423113785
R4_LHS_03,control,20260813,V40_A_E7_C11_2T,incremental_velocity,Z,10.0,20.0,1.1210027156811137e-06,1.9500937494876986e-06,0.4251544491255316
R4_LHS_03,control,20260813,V40_B_E7_C11_2T,total_displacement,X,0.0,0.5,5.409703875458978e-07,5.517095356604842e-07,0.019465221136208778
R4_LHS_03,control,20260813,V40_B_E7_C11_2T,total_displacement,X,0.5,1.0,1.845806522891617e-08,1.9210870629503e-08,0.03918642809611722
R4_LHS_03,control,20260813,V40_B_E7_C11_2T,total_displacement,X,1.0,2.0,5.274410376977415e-05,5.270650789076543e-05,0.000713306202843818
R4_LHS_03,control,20260813,V40_B_E7_C11_2T,total_displacement,X,2.0,5.0,4.030863864077019e-06,4.032792851222121e-06,0.0004783253730767276
R4_LHS_03,control,20260813,V40_B_E7_C11_2T,total_displacement,X,5.0,10.0,4.870903597778784e-10,4.008450022117547e-10,0.21515886961355407
R4_LHS_03,control,20260813,V40_B_E7_C11_2T,total_displacement,X,10.0,20.0,1.735555937562817e-10,9.350603603419904e-11,0.8560897362048928
R4_LHS_03,control,20260813,V40_B_E7_C11_2T,incremental_velocity,X,0.0,0.5,2.3053219989086272e-07,2.3420079380133865e-07,0.015664310316504865
R4_LHS_03,control,20260813,V40_B_E7_C11_2T,incremental_velocity,X,0.5,1.0,3.1514864094252265e-08,4.1901224871147874e-08,0.24787725916927536
R4_LHS_03,control,20260813,V40_B_E7_C11_2T,incremental_velocity,X,1.0,2.0,2.682952797775939e-07,2.0065087629718367e-07,0.3371248844197531
R4_LHS_03,control,20260813,V40_B_E7_C11_2T,incremental_velocity,X,2.0,5.0,4.772947858093919e-07,6.586269761494942e-07,0.27531849879611336
R4_LHS_03,control,20260813,V40_B_E7_C11_2T,incremental_velocity,X,5.0,10.0,5.342842027584603e-07,5.931528431972734e-07,0.09924700035406268
R4_LHS_03,control,20260813,V40_B_E7_C11_2T,incremental_velocity,X,10.0,20.0,5.176928582459314e-08,9.785650525994718e-08,0.4709673548317243
R4_LHS_03,control,20260813,V40_B_E7_C11_2T,total_displacement,Y,0.0,0.5,0.0001970025420883008,0.00020078324707066545,0.018829783049748267
R4_LHS_03,control,20260813,V40_B_E7_C11_2T,total_displacement,Y,0.5,1.0,8.381647589139719e-08,1.7687191032725366e-07,0.5261176535249862
R4_LHS_03,control,20260813,V40_B_E7_C11_2T,total_displacement,Y,1.0,2.0,4.09905684645414e-07,4.377919018553565e-07,0.0636974258586352
R4_LHS_03,control,20260813,V40_B_E7_C11_2T,total_displacement,Y,2.0,5.0,1.675027819509932e-07,1.4029507589801518e-07,0.19393200993565982
R4_LHS_03,control,20260813,V40_B_E7_C11_2T,total_displacement,Y,5.0,10.0,1.849811121930891e-08,6.743056783679676e-09,1.7432827295893714
R4_LHS_03,control,20260813,V40_B_E7_C11_2T,total_displacement,Y,10.0,20.0,8.325997184233721e-09,1.2452286652428813e-09,5.686319883753832
R4_LHS_03,control,20260813,V40_B_E7_C11_2T,incremental_velocity,Y,0.0,0.5,4.526647506154486e-05,4.570020885161855e-05,0.009490849188062866
R4_LHS_03,control,20260813,V40_B_E7_C11_2T,incremental_velocity,Y,0.5,1.0,1.8410868855286652e-06,2.961135560152321e-06,0.37824971260891554
R4_LHS_03,control,20260813,V40_B_E7_C11_2T,incremental_velocity,Y,1.0,2.0,3.560904040191713e-06,4.624797816953495e-06,0.23004114317425517
R4_LHS_03,control,20260813,V40_B_E7_C11_2T,incremental_velocity,Y,2.0,5.0,9.23939013734629e-07,9.133953812304061e-07,0.011543338975526651
R4_LHS_03,control,20260813,V40_B_E7_C11_2T,incremental_velocity,Y,5.0,10.0,1.315756758506598e-05,1.3312504870826002e-05,0.011638477301109854
R4_LHS_03,control,20260813,V40_B_E7_C11_2T,incremental_velocity,Y,10.0,20.0,7.716904252098493e-06,8.83012995190495e-06,0.12607127028366077
R4_LHS_03,control,20260813,V40_B_E7_C11_2T,total_displacement,Z,0.0,0.5,0.0001008335400988402,0.00010217000048133508,0.013080751455404266
R4_LHS_03,control,20260813,V40_B_E7_C11_2T,total_displacement,Z,0.5,1.0,2.8110695113133907e-08,1.6269964677950458e-08,0.7277662041412026
R4_LHS_03,control,20260813,V40_B_E7_C11_2T,total_displacement,Z,1.0,2.0,2.4724383029399185e-07,2.394849561698083e-07,0.03239816917218833
R4_LHS_03,control,20260813,V40_B_E7_C11_2T,total_displacement,Z,2.0,5.0,5.7689160877332936e-08,3.7392927611261415e-08,0.542782674763316
R4_LHS_03,control,20260813,V40_B_E7_C11_2T,total_displacement,Z,5.0,10.0,1.369122551107173e-08,7.970675355399913e-09,0.7176995550065028
R4_LHS_03,control,20260813,V40_B_E7_C11_2T,total_displacement,Z,10.0,20.0,6.317665517152789e-09,4.428797208060783e-10,13.264969065763742
R4_LHS_03,control,20260813,V40_B_E7_C11_2T,incremental_velocity,Z,0.0,0.5,2.597857389781751e-05,2.6441246843768106e-05,0.01749815160700871
R4_LHS_03,control,20260813,V40_B_E7_C11_2T,incremental_velocity,Z,0.5,1.0,2.182120488706644e-07,2.3555898292916075e-07,0.07364157309047752
R4_LHS_03,control,20260813,V40_B_E7_C11_2T,incremental_velocity,Z,1.0,2.0,2.4493008990070875e-06,2.953901644659611e-06,0.1708251683209549
R4_LHS_03,control,20260813,V40_B_E7_C11_2T,incremental_velocity,Z,2.0,5.0,3.645143452358805e-07,1.4503036139413918e-07,1.5133657651535775
R4_LHS_03,control,20260813,V40_B_E7_C11_2T,incremental_velocity,Z,5.0,10.0,1.757388326558939e-05,1.9610279076875257e-05,0.10384328562091781
R4_LHS_03,control,20260813,V40_B_E7_C11_2T,incremental_velocity,Z,10.0,20.0,1.880417894763594e-06,3.118032968634263e-06,0.3969217408284043
R4_LHS_03,control,20260813,V40_CPLUS_E7_C11_2T,total_displacement,X,0.0,0.5,1.141261740069798e-06,1.26856605752845e-06,0.10035292738848715
R4_LHS_03,control,20260813,V40_CPLUS_E7_C11_2T,total_displacement,X,0.5,1.0,1.733518646050529e-08,1.8278872178472833e-08,0.05162713042432285
R4_LHS_03,control,20260813,V40_CPLUS_E7_C11_2T,total_displacement,X,1.0,2.0,5.2706388190064965e-05,5.271690125978773e-05,0.00019942503203962796
R4_LHS_03,control,20260813,V40_CPLUS_E7_C11_2T,total_displacement,X,2.0,5.0,4.025610336395675e-06,4.043483521659104e-06,0.004420244367929362
R4_LHS_03,control,20260813,V40_CPLUS_E7_C11_2T,total_displacement,X,5.0,10.0,5.784615736156116e-10,6.555938039153219e-10,0.11765246992735902
R4_LHS_03,control,20260813,V40_CPLUS_E7_C11_2T,total_displacement,X,10.0,20.0,2.6087874608212773e-10,8.970984563552656e-11,1.9080280345373317
R4_LHS_03,control,20260813,V40_CPLUS_E7_C11_2T,incremental_velocity,X,0.0,0.5,6.02269446349192e-07,5.350854645039135e-07,0.12555747876195045
R4_LHS_03,control,20260813,V40_CPLUS_E7_C11_2T,incremental_velocity,X,0.5,1.0,2.6042482312556872e-08,3.2408600928260364e-08,0.19643299720946064
R4_LHS_03,control,20260813,V40_CPLUS_E7_C11_2T,incremental_velocity,X,1.0,2.0,2.2172591852109187e-07,2.675301196155152e-07,0.17121138046157758
R4_LHS_03,control,20260813,V40_CPLUS_E7_C11_2T,incremental_velocity,X,2.0,5.0,4.117884018637329e-07,8.882746021459756e-07,0.5364176788699163
R4_LHS_03,control,20260813,V40_CPLUS_E7_C11_2T,incremental_velocity,X,5.0,10.0,9.730605496603458e-07,1.2137291707087286e-06,0.1982885695231746
R4_LHS_03,control,20260813,V40_CPLUS_E7_C11_2T,incremental_velocity,X,10.0,20.0,1.0861832438753249e-07,1.6868577192489803e-07,0.35609077666674027
R4_LHS_03,control,20260813,V40_CPLUS_E7_C11_2T,total_displacement,Y,0.0,0.5,0.00042817792911340185,0.0004695797690705568,0.08816785279975316
R4_LHS_03,control,20260813,V40_CPLUS_E7_C11_2T,total_displacement,Y,0.5,1.0,6.469141177227864e-08,1.1871286856671262e-07,0.4550598216239358
R4_LHS_03,control,20260813,V40_CPLUS_E7_C11_2T,total_displacement,Y,1.0,2.0,4.3904440659604193e-07,5.426438485382142e-07,0.1909160902150659
R4_LHS_03,control,20260813,V40_CPLUS_E7_C11_2T,total_displacement,Y,2.0,5.0,1.7485237980608886e-07,1.4400857208725925e-07,0.2141803593479171
R4_LHS_03,control,20260813,V40_CPLUS_E7_C11_2T,total_displacement,Y,5.0,10.0,3.555566544121645e-08,1.3258385761508074e-08,1.6817492024136258
R4_LHS_03,control,20260813,V40_CPLUS_E7_C11_2T,total_displacement,Y,10.0,20.0,1.7996211277588822e-08,2.430006188232559e-09,6.405829402713657
R4_LHS_03,control,20260813,V40_CPLUS_E7_C11_2T,incremental_velocity,Y,0.0,0.5,0.00011033459185857345,0.0001069821220750582,0.03133672915146672
R4_LHS_03,control,20260813,V40_CPLUS_E7_C11_2T,incremental_velocity,Y,0.5,1.0,1.712507600269144e-06,2.396275194436044e-06,0.2853460219237559
R4_LHS_03,control,20260813,V40_CPLUS_E7_C11_2T,incremental_velocity,Y,1.0,2.0,7.511312705780015e-06,1.1444678915462195e-05,0.3436851517405222
R4_LHS_03,control,20260813,V40_CPLUS_E7_C11_2T,incremental_velocity,Y,2.0,5.0,1.984620068854357e-06,1.8611976046506787e-06,0.06631346606898454
R4_LHS_03,control,20260813,V40_CPLUS_E7_C11_2T,incremental_velocity,Y,5.0,10.0,2.60755527267149e-05,2.8770090125694028e-05,0.09365759325768286
R4_LHS_03,control,20260813,V40_CPLUS_E7_C11_2T,incremental_velocity,Y,10.0,20.0,1.6953342254470128e-05,2.0424764108782117e-05,0.16996141721996033
R4_LHS_03,control,20260813,V40_CPLUS_E7_C11_2T,total_displacement,Z,0.0,0.5,0.00020305033234805262,0.00023888149377344062,0.14999555159919967
R4_LHS_03,control,20260813,V40_CPLUS_E7_C11_2T,total_displacement,Z,0.5,1.0,3.401757780080288e-08,1.040433691648442e-08,2.2695575002868393
R4_LHS_03,control,20260813,V40_CPLUS_E7_C11_2T,total_displacement,Z,1.0,2.0,2.6804128172269846e-07,2.756341486296577e-07,0.027546902097247167
R4_LHS_03,control,20260813,V40_CPLUS_E7_C11_2T,total_displacement,Z,2.0,5.0,5.718479164892635e-08,3.82996114025883e-08,0.49309064908846006
R4_LHS_03,control,20260813,V40_CPLUS_E7_C11_2T,total_displacement,Z,5.0,10.0,2.2494161360109266e-08,1.9410180396662284e-08,0.15888471412544386
R4_LHS_03,control,20260813,V40_CPLUS_E7_C11_2T,total_displacement,Z,10.0,20.0,1.3283297641126204e-08,8.484670700899307e-10,14.655643111427153
R4_LHS_03,control,20260813,V40_CPLUS_E7_C11_2T,incremental_velocity,Z,0.0,0.5,6.0227669193983075e-05,6.198299568270011e-05,0.028319484551905253
R4_LHS_03,control,20260813,V40_CPLUS_E7_C11_2T,incremental_velocity,Z,0.5,1.0,2.0804745543320414e-07,1.6948014659733254e-07,0.22756239955057142
R4_LHS_03,control,20260813,V40_CPLUS_E7_C11_2T,incremental_velocity,Z,1.0,2.0,4.048403706671825e-06,7.022493867783503e-06,0.42350911472570424
R4_LHS_03,control,20260813,V40_CPLUS_E7_C11_2T,incremental_velocity,Z,2.0,5.0,5.680360127647767e-07,3.332639953917099e-07,0.7044625900770404
R4_LHS_03,control,20260813,V40_CPLUS_E7_C11_2T,incremental_velocity,Z,5.0,10.0,3.986122276117371e-05,4.914704897970806e-05,0.18893964971057176
R4_LHS_03,control,20260813,V40_CPLUS_E7_C11_2T,incremental_velocity,Z,10.0,20.0,3.469742906018802e-06,7.677446298975652e-06,0.5480602832113921
R4_LHS_03,control,20260813,V40_C_E7_C11_2T,total_displacement,X,0.0,0.5,7.147632423354623e-07,7.870557582224523e-07,0.09185183531375342
R4_LHS_03,control,20260813,V40_C_E7_C11_2T,total_displacement,X,0.5,1.0,1.791684320011641e-08,2.0201835918791545e-08,0.11310817134939981
R4_LHS_03,control,20260813,V40_C_E7_C11_2T,total_displacement,X,1.0,2.0,5.272417816010604e-05,5.2724404703390136e-05,4.296744275682942e-06
R4_LHS_03,control,20260813,V40_C_E7_C11_2T,total_displacement,X,2.0,5.0,4.025182949957035e-06,4.038206911767642e-06,0.0032251843689965524
R4_LHS_03,control,20260813,V40_C_E7_C11_2T,total_displacement,X,5.0,10.0,4.821354070331669e-10,4.826774220621035e-10,0.0011229342914383532
R4_LHS_03,control,20260813,V40_C_E7_C11_2T,total_displacement,X,10.0,20.0,1.8278663643160572e-10,9.286182628952674e-11,0.968372190545869
R4_LHS_03,control,20260813,V40_C_E7_C11_2T,incremental_velocity,X,0.0,0.5,3.6557601218969383e-07,3.3482815599402754e-07,0.0918317520352582
R4_LHS_03,control,20260813,V40_C_E7_C11_2T,incremental_velocity,X,0.5,1.0,3.9873904278314585e-08,5.987020667370151e-08,0.3339942102483249
R4_LHS_03,control,20260813,V40_C_E7_C11_2T,incremental_velocity,X,1.0,2.0,2.2215629180089418e-07,3.487487266685538e-07,0.3629903858773696
R4_LHS_03,control,20260813,V40_C_E7_C11_2T,incremental_velocity,X,2.0,5.0,3.8571854738613634e-07,7.112434140801615e-07,0.45768419116403447
R4_LHS_03,control,20260813,V40_C_E7_C11_2T,incremental_velocity,X,5.0,10.0,7.181991621716488e-07,8.967712002162967e-07,0.19912775744981245
R4_LHS_03,control,20260813,V40_C_E7_C11_2T,incremental_velocity,X,10.0,20.0,7.003922059678784e-08,1.240350106479975e-07,0.43532700782721634
R4_LHS_03,control,20260813,V40_C_E7_C11_2T,total_displacement,Y,0.0,0.5,0.00026498580394321763,0.0002891261355895066,0.08349411787719788
R4_LHS_03,control,20260813,V40_C_E7_C11_2T,total_displacement,Y,0.5,1.0,7.901093408918082e-08,2.546080275245476e-07,0.6896761863426983
R4_LHS_03,control,20260813,V40_C_E7_C11_2T,total_displacement,Y,1.0,2.0,4.2475498605829013e-07,4.697512660732449e-07,0.09578745873553185
R4_LHS_03,control,20260813,V40_C_E7_C11_2T,total_displacement,Y,2.0,5.0,1.711006334634994e-07,1.4143894559029235e-07,0.20971372311504902
R4_LHS_03,control,20260813,V40_C_E7_C11_2T,total_displacement,Y,5.0,10.0,2.5056053474046677e-08,9.004493369364626e-09,1.7826166832765051
R4_LHS_03,control,20260813,V40_C_E7_C11_2T,total_displacement,Y,10.0,20.0,1.2575299910926824e-08,1.6529879921131847e-09,6.607617218592449
R4_LHS_03,control,20260813,V40_C_E7_C11_2T,incremental_velocity,Y,0.0,0.5,6.729270619195096e-05,6.58032333299222e-05,0.02263525341620963
R4_LHS_03,control,20260813,V40_C_E7_C11_2T,incremental_velocity,Y,0.5,1.0,2.4636660085863287e-06,4.266016848359043e-06,0.4224903238406109
R4_LHS_03,control,20260813,V40_C_E7_C11_2T,incremental_velocity,Y,1.0,2.0,4.810396901327551e-06,6.706875948269937e-06,0.2827663820786173
R4_LHS_03,control,20260813,V40_C_E7_C11_2T,incremental_velocity,Y,2.0,5.0,1.3308484140898847e-06,1.2011532883175814e-06,0.10797549907552868
R4_LHS_03,control,20260813,V40_C_E7_C11_2T,incremental_velocity,Y,5.0,10.0,1.800827179618241e-05,1.8857890297548963e-05,0.04505374079289138
R4_LHS_03,control,20260813,V40_C_E7_C11_2T,incremental_velocity,Y,10.0,20.0,1.0701673896146038e-05,1.3156305605761487e-05,0.18657454327759784
R4_LHS_03,control,20260813,V40_C_E7_C11_2T,total_displacement,Z,0.0,0.5,0.00012714050892475372,0.00014708873919223585,0.13562037703927174
R4_LHS_03,control,20260813,V40_C_E7_C11_2T,total_displacement,Z,0.5,1.0,3.1205641013213724e-08,2.2603112857207252e-08,0.38059041736206967
R4_LHS_03,control,20260813,V40_C_E7_C11_2T,total_displacement,Z,1.0,2.0,2.558787366245222e-07,2.5266261833970654e-07,0.012728904283306294
R4_LHS_03,control,20260813,V40_C_E7_C11_2T,total_displacement,Z,2.0,5.0,5.581440174505006e-08,3.734571286226683e-08,0.49453303919774755
R4_LHS_03,control,20260813,V40_C_E7_C11_2T,total_displacement,Z,5.0,10.0,1.4970484125182208e-08,1.2835434386872286e-08,0.16634027910216967
R4_LHS_03,control,20260813,V40_C_E7_C11_2T,total_displacement,Z,10.0,20.0,9.099224587331305e-09,5.843829110252762e-10,14.570654814951864
R4_LHS_03,control,20260813,V40_C_E7_C11_2T,incremental_velocity,Z,0.0,0.5,3.715439546958649e-05,3.807050779036285e-05,0.024063569780076965
R4_LHS_03,control,20260813,V40_C_E7_C11_2T,incremental_velocity,Z,0.5,1.0,3.4403679623903823e-07,3.3538262242701277e-07,0.025803882590574027
R4_LHS_03,control,20260813,V40_C_E7_C11_2T,incremental_velocity,Z,1.0,2.0,2.9310948711115385e-06,4.365544933020856e-06,0.328584422773702
R4_LHS_03,control,20260813,V40_C_E7_C11_2T,incremental_velocity,Z,2.0,5.0,4.399572543377442e-07,2.02639657844808e-07,1.1711310560674475
R4_LHS_03,control,20260813,V40_C_E7_C11_2T,incremental_velocity,Z,5.0,10.0,2.643890089809337e-05,3.207159356899276e-05,0.17562871201838737
R4_LHS_03,control,20260813,V40_C_E7_C11_2T,incremental_velocity,Z,10.0,20.0,2.0913595483686955e-06,4.729604156303093e-06,0.5578150984196927
R4_LHS_03,control,20260813,V52_A_E7_C11_2T,total_displacement,X,0.0,0.5,2.7632141359196313e-07,2.833566632881211e-07,0.024828248662020793
R4_LHS_03,control,20260813,V52_A_E7_C11_2T,total_displacement,X,0.5,1.0,1.8218330957070475e-08,1.8791234265728994e-08,0.030487795562389727
R4_LHS_03,control,20260813,V52_A_E7_C11_2T,total_displacement,X,1.0,2.0,5.276126764629277e-05,5.2759456659776116e-05,3.4325344332688475e-05
R4_LHS_03,control,20260813,V52_A_E7_C11_2T,total_displacement,X,2.0,5.0,4.020944196040872e-06,4.01951698449875e-06,0.0003550704096103312
R4_LHS_03,control,20260813,V52_A_E7_C11_2T,total_displacement,X,5.0,10.0,3.083547534019023e-10,2.8427285192755476e-10,0.084714039033473
R4_LHS_03,control,20260813,V52_A_E7_C11_2T,total_displacement,X,10.0,20.0,2.1297837702719926e-10,1.4101402952799247e-10,0.5103346648563167
R4_LHS_03,control,20260813,V52_A_E7_C11_2T,incremental_velocity,X,0.0,0.5,1.7162976792386568e-07,1.8960023228182443e-07,0.0947808140406031
R4_LHS_03,control,20260813,V52_A_E7_C11_2T,incremental_velocity,X,0.5,1.0,2.8315874533631835e-08,3.844671867020831e-08,0.2635034792820093
R4_LHS_03,control,20260813,V52_A_E7_C11_2T,incremental_velocity,X,1.0,2.0,6.451072252945262e-08,7.246364041702314e-08,0.1097504602556819
R4_LHS_03,control,20260813,V52_A_E7_C11_2T,incremental_velocity,X,2.0,5.0,3.2183447309872327e-07,3.8517126107328155e-07,0.1644379899945547
R4_LHS_03,control,20260813,V52_A_E7_C11_2T,incremental_velocity,X,5.0,10.0,1.1169100368606072e-07,1.5835253375007347e-07,0.29466866717559614
R4_LHS_03,control,20260813,V52_A_E7_C11_2T,incremental_velocity,X,10.0,20.0,1.6741926760466192e-07,2.2276506253108424e-07,0.24844917015970341
R4_LHS_03,control,20260813,V52_A_E7_C11_2T,total_displacement,Y,0.0,0.5,0.00010018026569335975,0.00010258085827845579,0.023401954569142246
R4_LHS_03,control,20260813,V52_A_E7_C11_2T,total_displacement,Y,0.5,1.0,6.314491959011568e-08,1.1954374695066312e-07,0.47178400208439003
R4_LHS_03,control,20260813,V52_A_E7_C11_2T,total_displacement,Y,1.0,2.0,4.0809307888559745e-07,4.1012321860554396e-07,0.004950072631462235
R4_LHS_03,control,20260813,V52_A_E7_C11_2T,total_displacement,Y,2.0,5.0,1.6749180902059282e-07,1.4184427884822998e-07,0.18081469609222026
R4_LHS_03,control,20260813,V52_A_E7_C11_2T,total_displacement,Y,5.0,10.0,1.2582331514924192e-08,2.8724445751936495e-09,3.3803565867153202
R4_LHS_03,control,20260813,V52_A_E7_C11_2T,total_displacement,Y,10.0,20.0,1.303299642137172e-08,4.410713633017236e-09,1.954849828338604
R4_LHS_03,control,20260813,V52_A_E7_C11_2T,incremental_velocity,Y,0.0,0.5,3.559743417986283e-05,3.7630218256838056e-05,0.05401999167532953
R4_LHS_03,control,20260813,V52_A_E7_C11_2T,incremental_velocity,Y,0.5,1.0,1.7372430882946405e-06,2.701706907707159e-06,0.3569831415321894
R4_LHS_03,control,20260813,V52_A_E7_C11_2T,incremental_velocity,Y,1.0,2.0,3.0283564948345405e-06,3.570018454542174e-06,0.15172525481443125
R4_LHS_03,control,20260813,V52_A_E7_C11_2T,incremental_velocity,Y,2.0,5.0,1.2458516619905139e-06,1.3468683152250138e-06,0.07500113566605332
R4_LHS_03,control,20260813,V52_A_E7_C11_2T,incremental_velocity,Y,5.0,10.0,4.330103042843245e-06,4.40696354380638e-06,0.017440693620249314
R4_LHS_03,control,20260813,V52_A_E7_C11_2T,incremental_velocity,Y,10.0,20.0,2.3276291106286424e-05,2.383210659606187e-05,0.023322130065803415
R4_LHS_03,control,20260813,V52_A_E7_C11_2T,total_displacement,Z,0.0,0.5,5.1027690349909086e-05,5.1315663448132524e-05,0.0056117972344742004
R4_LHS_03,control,20260813,V52_A_E7_C11_2T,total_displacement,Z,0.5,1.0,2.4413534367388206e-08,1.5243950721945317e-08,0.601522781902088
R4_LHS_03,control,20260813,V52_A_E7_C11_2T,total_displacement,Z,1.0,2.0,2.483717786679763e-07,2.2629572821596097e-07,0.09755398666185816
R4_LHS_03,control,20260813,V52_A_E7_C11_2T,total_displacement,Z,2.0,5.0,6.157239991250102e-08,3.730617063626482e-08,0.6504615419478978
R4_LHS_03,control,20260813,V52_A_E7_C11_2T,total_displacement,Z,5.0,10.0,8.806536593497294e-09,9.970013925368248e-10,7.8330233632768165
R4_LHS_03,control,20260813,V52_A_E7_C11_2T,total_displacement,Z,10.0,20.0,9.251156803329983e-09,7.18347444277088e-10,11.878387578367352
R4_LHS_03,control,20260813,V52_A_E7_C11_2T,incremental_velocity,Z,0.0,0.5,2.190348178853929e-05,2.2028441996730062e-05,0.005672675725742236
R4_LHS_03,control,20260813,V52_A_E7_C11_2T,incremental_velocity,Z,0.5,1.0,3.0320738343431944e-07,2.835909723280498e-07,0.06917149352546358
R4_LHS_03,control,20260813,V52_A_E7_C11_2T,incremental_velocity,Z,1.0,2.0,1.2549678474323442e-06,1.2673409332947311e-06,0.00976302866681684
R4_LHS_03,control,20260813,V52_A_E7_C11_2T,incremental_velocity,Z,2.0,5.0,2.771539595623268e-07,2.1457694134251122e-07,0.2916297428246454
R4_LHS_03,control,20260813,V52_A_E7_C11_2T,incremental_velocity,Z,5.0,10.0,1.4050930604907308e-06,1.3230948610344774e-06,0.06197454307406359
R4_LHS_03,control,20260813,V52_A_E7_C11_2T,incremental_velocity,Z,10.0,20.0,2.7770332595058475e-06,4.009491921747998e-06,0.3073852463842455
R4_LHS_03,control,20260813,V52_B_E7_C11_2T,total_displacement,X,0.0,0.5,3.9671562147845807e-07,4.33058538268067e-07,0.08392148769299258
R4_LHS_03,control,20260813,V52_B_E7_C11_2T,total_displacement,X,0.5,1.0,1.851482848985948e-08,1.9813236177082596e-08,0.06553233785831244
R4_LHS_03,control,20260813,V52_B_E7_C11_2T,total_displacement,X,1.0,2.0,5.276849321230191e-05,5.2763027133673234e-05,0.00010359675942834146
R4_LHS_03,control,20260813,V52_B_E7_C11_2T,total_displacement,X,2.0,5.0,4.034635194309696e-06,4.020173989530936e-06,0.0035971589330260805
R4_LHS_03,control,20260813,V52_B_E7_C11_2T,total_displacement,X,5.0,10.0,2.896998441627482e-10,2.7684023139870155e-10,0.04645138713789899
R4_LHS_03,control,20260813,V52_B_E7_C11_2T,total_displacement,X,10.0,20.0,2.397096939628289e-10,1.3638412301396088e-10,0.7576070342021496
R4_LHS_03,control,20260813,V52_B_E7_C11_2T,incremental_velocity,X,0.0,0.5,2.932074471828854e-07,2.9516211569800745e-07,0.0066223556857884945
R4_LHS_03,control,20260813,V52_B_E7_C11_2T,incremental_velocity,X,0.5,1.0,4.3827073098453915e-08,5.8129709464859035e-08,0.24604692674494524
R4_LHS_03,control,20260813,V52_B_E7_C11_2T,incremental_velocity,X,1.0,2.0,6.211925688981745e-08,1.92925798582098e-07,0.6780147738334585
R4_LHS_03,control,20260813,V52_B_E7_C11_2T,incremental_velocity,X,2.0,5.0,2.9051026887463674e-07,6.064980593977717e-07,0.5210037948627539
R4_LHS_03,control,20260813,V52_B_E7_C11_2T,incremental_velocity,X,5.0,10.0,1.635927422762195e-07,2.0207800596705856e-07,0.1904475625967562
R4_LHS_03,control,20260813,V52_B_E7_C11_2T,incremental_velocity,X,10.0,20.0,2.4525054974366135e-07,3.1340762949982157e-07,0.21747102923095568
R4_LHS_03,control,20260813,V52_B_E7_C11_2T,total_displacement,Y,0.0,0.5,0.00015357480593404947,0.00016027949100869195,0.04183121017197941
R4_LHS_03,control,20260813,V52_B_E7_C11_2T,total_displacement,Y,0.5,1.0,8.633968662602121e-08,1.866906990476296e-07,0.5375255057350568
R4_LHS_03,control,20260813,V52_B_E7_C11_2T,total_displacement,Y,1.0,2.0,3.87239792671488e-07,4.34207507850694e-07,0.1081688232699934
R4_LHS_03,control,20260813,V52_B_E7_C11_2T,total_displacement,Y,2.0,5.0,1.5965756944471878e-07,1.4401791865463164e-07,0.10859517299088645
R4_LHS_03,control,20260813,V52_B_E7_C11_2T,total_displacement,Y,5.0,10.0,9.721127024825984e-09,3.6234821972858854e-09,1.6828135190252755
R4_LHS_03,control,20260813,V52_B_E7_C11_2T,total_displacement,Y,10.0,20.0,1.456638653530242e-08,6.468887821213739e-09,1.2517605711965136
R4_LHS_03,control,20260813,V52_B_E7_C11_2T,incremental_velocity,Y,0.0,0.5,5.836493425486877e-05,5.87817761441085e-05,0.0070913455935357654
R4_LHS_03,control,20260813,V52_B_E7_C11_2T,incremental_velocity,Y,0.5,1.0,2.5752054259481763e-06,4.211174272405265e-06,0.38848281753077024
R4_LHS_03,control,20260813,V52_B_E7_C11_2T,incremental_velocity,Y,1.0,2.0,4.411655864055089e-06,5.545800694639242e-06,0.20450515498698962
R4_LHS_03,control,20260813,V52_B_E7_C11_2T,incremental_velocity,Y,2.0,5.0,1.7897081998504346e-06,2.071439111629934e-06,0.13600733432025258
R4_LHS_03,control,20260813,V52_B_E7_C11_2T,incremental_velocity,Y,5.0,10.0,6.213880909483848e-06,6.724340528504327e-06,0.07591222021797554
R4_LHS_03,control,20260813,V52_B_E7_C11_2T,incremental_velocity,Y,10.0,20.0,3.3234813070921674e-05,3.506007506279284e-05,0.052060983571829506
R4_LHS_03,control,20260813,V52_B_E7_C11_2T,total_displacement,Z,0.0,0.5,7.703934931054259e-05,8.01350613041927e-05,0.03863118020087097
R4_LHS_03,control,20260813,V52_B_E7_C11_2T,total_displacement,Z,0.5,1.0,3.517306926055669e-08,2.2849364313846448e-08,0.5393456368167854
R4_LHS_03,control,20260813,V52_B_E7_C11_2T,total_displacement,Z,1.0,2.0,2.429556398639905e-07,2.3422463014361968e-07,0.03727622374733701
R4_LHS_03,control,20260813,V52_B_E7_C11_2T,total_displacement,Z,2.0,5.0,5.117864990529163e-08,3.762905340544943e-08,0.36008337371250343
R4_LHS_03,control,20260813,V52_B_E7_C11_2T,total_displacement,Z,5.0,10.0,7.023627704048267e-09,1.3175326610545702e-09,4.3308945665350445
R4_LHS_03,control,20260813,V52_B_E7_C11_2T,total_displacement,Z,10.0,20.0,1.1094648468969467e-08,9.95928011630047e-10,10.140010462011935
R4_LHS_03,control,20260813,V52_B_E7_C11_2T,incremental_velocity,Z,0.0,0.5,3.458380669856973e-05,3.440835348669567e-05,0.00509914582056072
R4_LHS_03,control,20260813,V52_B_E7_C11_2T,incremental_velocity,Z,0.5,1.0,4.4571935604479596e-07,4.387485808544908e-07,0.015887858091139823
R4_LHS_03,control,20260813,V52_B_E7_C11_2T,incremental_velocity,Z,1.0,2.0,1.7925773685776297e-06,1.9924878314785702e-06,0.1003320872241375
R4_LHS_03,control,20260813,V52_B_E7_C11_2T,incremental_velocity,Z,2.0,5.0,3.732243264410285e-07,3.147491653562275e-07,0.18578337139868129
R4_LHS_03,control,20260813,V52_B_E7_C11_2T,incremental_velocity,Z,5.0,10.0,1.9540837002610287e-06,2.17132436991446e-06,0.10004984638107728
R4_LHS_03,control,20260813,V52_B_E7_C11_2T,incremental_velocity,Z,10.0,20.0,3.3656887445025875e-06,6.127963907012132e-06,0.4507655731047497
R4_LHS_03,control,20260813,V52_CPLUS_E7_C11_2T,total_displacement,X,0.0,0.5,9.272792662610483e-07,9.887364152913465e-07,0.06215726262311165
R4_LHS_03,control,20260813,V52_CPLUS_E7_C11_2T,total_displacement,X,0.5,1.0,1.8818859868524254e-08,1.9453249513604773e-08,0.032610985873432294
R4_LHS_03,control,20260813,V52_CPLUS_E7_C11_2T,total_displacement,X,1.0,2.0,5.275912198028136e-05,5.274083311925347e-05,0.0003467685272725313
R4_LHS_03,control,20260813,V52_CPLUS_E7_C11_2T,total_displacement,X,2.0,5.0,4.031426680095252e-06,4.030543208437523e-06,0.00021919419096646652
R4_LHS_03,control,20260813,V52_CPLUS_E7_C11_2T,total_displacement,X,5.0,10.0,3.933174843501257e-10,3.6942942382355815e-10,0.06466204093688177
R4_LHS_03,control,20260813,V52_CPLUS_E7_C11_2T,total_displacement,X,10.0,20.0,4.684564971399053e-10,2.1437435557574895e-10,1.185226380654363
R4_LHS_03,control,20260813,V52_CPLUS_E7_C11_2T,incremental_velocity,X,0.0,0.5,6.6283459765947e-07,6.887876836678088e-07,0.037679370034809735
R4_LHS_03,control,20260813,V52_CPLUS_E7_C11_2T,incremental_velocity,X,0.5,1.0,3.823464278462944e-08,4.422790072747505e-08,0.13550853294564147
R4_LHS_03,control,20260813,V52_CPLUS_E7_C11_2T,incremental_velocity,X,1.0,2.0,1.1832183607399127e-07,2.278558026502941e-07,0.48071616040611487
R4_LHS_03,control,20260813,V52_CPLUS_E7_C11_2T,incremental_velocity,X,2.0,5.0,2.775749701547989e-07,5.620536958193221e-07,0.5061415444476888
R4_LHS_03,control,20260813,V52_CPLUS_E7_C11_2T,incremental_velocity,X,5.0,10.0,3.1808971257152026e-07,4.196277479700337e-07,0.24197169012227582
R4_LHS_03,control,20260813,V52_CPLUS_E7_C11_2T,incremental_velocity,X,10.0,20.0,5.194882937142856e-07,6.355971509456375e-07,0.18267680567574265
R4_LHS_03,control,20260813,V52_CPLUS_E7_C11_2T,total_displacement,Y,0.0,0.5,0.0003784450802063747,0.00037483146633921264,0.009640636370404968
R4_LHS_03,control,20260813,V52_CPLUS_E7_C11_2T,total_displacement,Y,0.5,1.0,1.214169617100271e-07,1.3867238330711607e-07,0.12443300667064763
R4_LHS_03,control,20260813,V52_CPLUS_E7_C11_2T,total_displacement,Y,1.0,2.0,4.1524561990042414e-07,5.304567989745998e-07,0.21719238832810667
R4_LHS_03,control,20260813,V52_CPLUS_E7_C11_2T,total_displacement,Y,2.0,5.0,1.6906864961596375e-07,1.5330505201321492e-07,0.10282503672083819
R4_LHS_03,control,20260813,V52_CPLUS_E7_C11_2T,total_displacement,Y,5.0,10.0,1.7694904244790904e-08,6.318884277419893e-09,1.8003209851496176
R4_LHS_03,control,20260813,V52_CPLUS_E7_C11_2T,total_displacement,Y,10.0,20.0,3.18886664543971e-08,1.3183964035209637e-08,1.4187464687581
R4_LHS_03,control,20260813,V52_CPLUS_E7_C11_2T,incremental_velocity,Y,0.0,0.5,0.0001342036173750827,0.00013792154768801026,0.026956848840891903
R4_LHS_03,control,20260813,V52_CPLUS_E7_C11_2T,incremental_velocity,Y,0.5,1.0,2.5900540363715545e-06,2.7952671502025576e-06,0.073414490567076
R4_LHS_03,control,20260813,V52_CPLUS_E7_C11_2T,incremental_velocity,Y,1.0,2.0,1.0015848899663302e-05,1.3807277639585701e-05,0.2745964004556777
R4_LHS_03,control,20260813,V52_CPLUS_E7_C11_2T,incremental_velocity,Y,2.0,5.0,3.747147995403969e-06,4.711567717268227e-06,0.20469189444727537
R4_LHS_03,control,20260813,V52_CPLUS_E7_C11_2T,incremental_velocity,Y,5.0,10.0,1.3331629993841486e-05,1.4468267263187268e-05,0.07856070451765959
R4_LHS_03,control,20260813,V52_CPLUS_E7_C11_2T,incremental_velocity,Y,10.0,20.0,7.062268227189884e-05,7.442598540347162e-05,0.0511018176105382
R4_LHS_03,control,20260813,V52_CPLUS_E7_C11_2T,total_displacement,Z,0.0,0.5,0.00018853529803100733,0.00018732972860546236,0.006435547814645214
R4_LHS_03,control,20260813,V52_CPLUS_E7_C11_2T,total_displacement,Z,0.5,1.0,5.0968839185286614e-08,2.5995922742591116e-08,0.9606474326752961
R4_LHS_03,control,20260813,V52_CPLUS_E7_C11_2T,total_displacement,Z,1.0,2.0,2.7466546425372186e-07,2.6812851823731526e-07,0.02437989833897815
R4_LHS_03,control,20260813,V52_CPLUS_E7_C11_2T,total_displacement,Z,2.0,5.0,5.826225508149144e-08,3.899658460798458e-08,0.4940348152838543
R4_LHS_03,control,20260813,V52_CPLUS_E7_C11_2T,total_displacement,Z,5.0,10.0,1.252351112441936e-08,2.3980634683576207e-09,4.222343482425187
R4_LHS_03,control,20260813,V52_CPLUS_E7_C11_2T,total_displacement,Z,10.0,20.0,2.4431268034638196e-08,1.8534908468454324e-09,12.181218605001066
R4_LHS_03,control,20260813,V52_CPLUS_E7_C11_2T,incremental_velocity,Z,0.0,0.5,8.153571402117005e-05,8.066653051474845e-05,0.010775020332164723
R4_LHS_03,control,20260813,V52_CPLUS_E7_C11_2T,incremental_velocity,Z,0.5,1.0,4.4867325246729193e-07,3.9458020124481255e-07,0.13709013035075723
R4_LHS_03,control,20260813,V52_CPLUS_E7_C11_2T,incremental_velocity,Z,1.0,2.0,4.4139356742046176e-06,5.24895562989606e-06,0.15908306615043297
R4_LHS_03,control,20260813,V52_CPLUS_E7_C11_2T,incremental_velocity,Z,2.0,5.0,7.168130475088733e-07,7.055817280947345e-07,0.015917814998507012
R4_LHS_03,control,20260813,V52_CPLUS_E7_C11_2T,incremental_velocity,Z,5.0,10.0,4.4425852690668845e-06,5.045968727213124e-06,0.11957732811385982
R4_LHS_03,control,20260813,V52_CPLUS_E7_C11_2T,incremental_velocity,Z,10.0,20.0,7.350155658180548e-06,1.2247763478272272e-05,0.39987772696461343
R4_LHS_03,control,20260813,V52_C_E7_C11_2T,total_displacement,X,0.0,0.5,6.33413924127692e-07,6.151613970220721e-07,0.02967111914690735
R4_LHS_03,control,20260813,V52_C_E7_C11_2T,total_displacement,X,0.5,1.0,1.9052229554390784e-08,2.0937709251640474e-08,0.09005186167163735
R4_LHS_03,control,20260813,V52_C_E7_C11_2T,total_displacement,X,1.0,2.0,5.274814747550523e-05,5.275833627651545e-05,0.00019312210598946387
R4_LHS_03,control,20260813,V52_C_E7_C11_2T,total_displacement,X,2.0,5.0,4.033560009850353e-06,4.026479853204355e-06,0.0017583986271193003
R4_LHS_03,control,20260813,V52_C_E7_C11_2T,total_displacement,X,5.0,10.0,3.214553809326092e-10,2.9216290782848493e-10,0.10026075288558026
R4_LHS_03,control,20260813,V52_C_E7_C11_2T,total_displacement,X,10.0,20.0,2.85370968922244e-10,1.5579054603747516e-10,0.8317605026790167
R4_LHS_03,control,20260813,V52_C_E7_C11_2T,incremental_velocity,X,0.0,0.5,4.1971407940051976e-07,4.280406123727462e-07,0.019452670451222297
R4_LHS_03,control,20260813,V52_C_E7_C11_2T,incremental_velocity,X,0.5,1.0,6.091149953930868e-08,8.411193932123213e-08,0.27582814008506684
R4_LHS_03,control,20260813,V52_C_E7_C11_2T,incremental_velocity,X,1.0,2.0,9.311448856852002e-08,1.4238073660959606e-07,0.3460176510826931
R4_LHS_03,control,20260813,V52_C_E7_C11_2T,incremental_velocity,X,2.0,5.0,3.6011275061744306e-07,5.507892145888435e-07,0.34618772285462734
R4_LHS_03,control,20260813,V52_C_E7_C11_2T,incremental_velocity,X,5.0,10.0,2.2599007478019573e-07,2.826512607943723e-07,0.20046323464092866
R4_LHS_03,control,20260813,V52_C_E7_C11_2T,incremental_velocity,X,10.0,20.0,3.541720446534638e-07,4.0569031341265725e-07,0.12698915171482159
R4_LHS_03,control,20260813,V52_C_E7_C11_2T,total_displacement,Y,0.0,0.5,0.00023524762449196165,0.00023079862437125296,0.019276545225643156
R4_LHS_03,control,20260813,V52_C_E7_C11_2T,total_displacement,Y,0.5,1.0,1.414114139728218e-07,2.687848889227531e-07,0.47388629420509404
R4_LHS_03,control,20260813,V52_C_E7_C11_2T,total_displacement,Y,1.0,2.0,4.3422740452636014e-07,4.6322998027674417e-07,0.06260945315555187
R4_LHS_03,control,20260813,V52_C_E7_C11_2T,total_displacement,Y,2.0,5.0,1.695653371363853e-07,1.4707619284361858e-07,0.15290812100826348
R4_LHS_03,control,20260813,V52_C_E7_C11_2T,total_displacement,Y,5.0,10.0,1.3488941539280212e-08,4.564683103239587e-09,1.9550663724513573
R4_LHS_03,control,20260813,V52_C_E7_C11_2T,total_displacement,Y,10.0,20.0,2.108356910280595e-08,8.56507050962226e-09,1.4615756611834112
R4_LHS_03,control,20260813,V52_C_E7_C11_2T,incremental_velocity,Y,0.0,0.5,8.705127890049239e-05,8.465068814991005e-05,0.028358786006926175
R4_LHS_03,control,20260813,V52_C_E7_C11_2T,incremental_velocity,Y,0.5,1.0,3.8123900540130988e-06,6.074081721119853e-06,0.3723512081246374
R4_LHS_03,control,20260813,V52_C_E7_C11_2T,incremental_velocity,Y,1.0,2.0,6.844227431093048e-06,7.98096714434287e-06,0.14243132350890256
R4_LHS_03,control,20260813,V52_C_E7_C11_2T,incremental_velocity,Y,2.0,5.0,2.770401284862049e-06,3.1381259274048515e-06,0.11717969611464932
R4_LHS_03,control,20260813,V52_C_E7_C11_2T,incremental_velocity,Y,5.0,10.0,9.184812019009188e-06,9.33531039585998e-06,0.016121411122819736
R4_LHS_03,control,20260813,V52_C_E7_C11_2T,incremental_velocity,Y,10.0,20.0,4.7332826731322046e-05,4.717127854095079e-05,0.003424715109873753
R4_LHS_03,control,20260813,V52_C_E7_C11_2T,total_displacement,Z,0.0,0.5,0.00011754495751001022,0.0001153589872756763,0.01894928419499777
R4_LHS_03,control,20260813,V52_C_E7_C11_2T,total_displacement,Z,0.5,1.0,5.093700332096901e-08,3.217854902141788e-08,0.5829490412095834
R4_LHS_03,control,20260813,V52_C_E7_C11_2T,total_displacement,Z,1.0,2.0,2.5458116832876604e-07,2.429839856678148e-07,0.04772817693757752
R4_LHS_03,control,20260813,V52_C_E7_C11_2T,total_displacement,Z,2.0,5.0,5.324787980697273e-08,3.829068208725694e-08,0.3906223891658883
R4_LHS_03,control,20260813,V52_C_E7_C11_2T,total_displacement,Z,5.0,10.0,8.545146002578489e-09,1.6964078154286638e-09,4.037200326985775
R4_LHS_03,control,20260813,V52_C_E7_C11_2T,total_displacement,Z,10.0,20.0,1.2917641999085828e-08,1.1549830624236413e-09,10.18426963939988
R4_LHS_03,control,20260813,V52_C_E7_C11_2T,incremental_velocity,Z,0.0,0.5,5.1227776597947234e-05,4.954128677667973e-05,0.03404210772460958
R4_LHS_03,control,20260813,V52_C_E7_C11_2T,incremental_velocity,Z,0.5,1.0,5.706008495895229e-07,6.247316209877684e-07,0.0866464407750946
R4_LHS_03,control,20260813,V52_C_E7_C11_2T,incremental_velocity,Z,1.0,2.0,3.0403917247255873e-06,2.842189702788514e-06,0.06973567659562419
R4_LHS_03,control,20260813,V52_C_E7_C11_2T,incremental_velocity,Z,2.0,5.0,5.588254208641649e-07,5.076818627403288e-07,0.10073938400670261
R4_LHS_03,control,20260813,V52_C_E7_C11_2T,incremental_velocity,Z,5.0,10.0,2.800741254680619e-06,3.1465383623684884e-06,0.1098976296693164
R4_LHS_03,control,20260813,V52_C_E7_C11_2T,incremental_velocity,Z,10.0,20.0,5.813853182910626e-06,7.0076627030479045e-06,0.17035773134715013
R4_LHS_03,control,20260813,V40_A_E8_C12_2T,total_displacement,X,0.0,0.5,3.454326171537135e-07,3.5897081156233154e-07,0.03771391425864512
R4_LHS_03,control,20260813,V40_A_E8_C12_2T,total_displacement,X,0.5,1.0,1.2615242701883348e-09,1.815525402325649e-09,0.3051464504036411
R4_LHS_03,control,20260813,V40_A_E8_C12_2T,total_displacement,X,1.0,2.0,4.207364094460995e-10,7.877683795323649e-10,0.46591355990214145
R4_LHS_03,control,20260813,V40_A_E8_C12_2T,total_displacement,X,2.0,5.0,3.601728221571925e-10,1.0319565274123466e-10,2.4901937493465316
R4_LHS_03,control,20260813,V40_A_E8_C12_2T,total_displacement,X,5.0,10.0,1.962498131379323e-10,1.6769236738035212e-10,0.17029663426962957
R4_LHS_03,control,20260813,V40_A_E8_C12_2T,total_displacement,X,10.0,20.0,8.702840405897567e-11,2.4425852410200484e-11,2.5629628230551216
R4_LHS_03,control,20260813,V40_A_E8_C12_2T,incremental_velocity,X,0.0,0.5,1.4867067235364996e-07,1.5073588025657334e-07,0.013700838177400827
R4_LHS_03,control,20260813,V40_A_E8_C12_2T,incremental_velocity,X,0.5,1.0,2.0069582498808104e-08,2.6012601875455477e-08,0.22846693326187353
R4_LHS_03,control,20260813,V40_A_E8_C12_2T,incremental_velocity,X,1.0,2.0,3.086453284458064e-08,4.115259387955236e-08,0.24999787534859577
R4_LHS_03,control,20260813,V40_A_E8_C12_2T,incremental_velocity,X,2.0,5.0,8.528119272843772e-09,1.195386576615102e-08,0.2865806392947552
R4_LHS_03,control,20260813,V40_A_E8_C12_2T,incremental_velocity,X,5.0,10.0,3.0461501014633737e-07,3.376335406335799e-07,0.09779398819584761
R4_LHS_03,control,20260813,V40_A_E8_C12_2T,incremental_velocity,X,10.0,20.0,2.8914268154575145e-08,3.9833055030470486e-08,0.2741137195613784
R4_LHS_03,control,20260813,V40_A_E8_C12_2T,total_displacement,Y,0.0,0.5,0.00012293437221268122,0.00012850600449596395,0.04335698012817541
R4_LHS_03,control,20260813,V40_A_E8_C12_2T,total_displacement,Y,0.5,1.0,4.876206617320451e-08,1.1324124668414575e-07,0.5693965970790447
R4_LHS_03,control,20260813,V40_A_E8_C12_2T,total_displacement,Y,1.0,2.0,2.981802597969764e-08,5.921885618567716e-08,0.4964775090183267
R4_LHS_03,control,20260813,V40_A_E8_C12_2T,total_displacement,Y,2.0,5.0,2.5143555511302916e-08,2.308532639173703e-08,0.0891574623914605
R4_LHS_03,control,20260813,V40_A_E8_C12_2T,total_displacement,Y,5.0,10.0,8.596276513265188e-09,4.849826363663089e-09,0.7724916045803327
R4_LHS_03,control,20260813,V40_A_E8_C12_2T,total_displacement,Y,10.0,20.0,3.7752432449270615e-09,9.691796195844726e-10,2.8952978051123943
R4_LHS_03,control,20260813,V40_A_E8_C12_2T,incremental_velocity,Y,0.0,0.5,2.904131619831017e-05,2.924806687692478e-05,0.007068866447981438
R4_LHS_03,control,20260813,V40_A_E8_C12_2T,incremental_velocity,Y,0.5,1.0,1.2035457747485872e-06,1.8949455927757046e-06,0.3648652608618484
R4_LHS_03,control,20260813,V40_A_E8_C12_2T,incremental_velocity,Y,1.0,2.0,1.9209931826244525e-06,2.85836774399513e-06,0.3279405049752319
R4_LHS_03,control,20260813,V40_A_E8_C12_2T,incremental_velocity,Y,2.0,5.0,4.185853081340367e-07,1.1487585862370594e-06,0.6356194302710901
R4_LHS_03,control,20260813,V40_A_E8_C12_2T,incremental_velocity,Y,5.0,10.0,8.386966235090786e-06,8.408025850609544e-06,0.0025047039451277647
R4_LHS_03,control,20260813,V40_A_E8_C12_2T,incremental_velocity,Y,10.0,20.0,4.821351015494302e-06,5.6039897161412855e-06,0.13965741200286882
R4_LHS_03,control,20260813,V40_A_E8_C12_2T,total_displacement,Z,0.0,0.5,6.38890931010134e-05,6.541942386287185e-05,0.02339260530735081
R4_LHS_03,control,20260813,V40_A_E8_C12_2T,total_displacement,Z,0.5,1.0,1.93981398027495e-08,1.1044852178740062e-08,0.7563059685025442
R4_LHS_03,control,20260813,V40_A_E8_C12_2T,total_displacement,Z,1.0,2.0,5.740509722860785e-08,6.216437354331506e-08,0.07655954759024519
R4_LHS_03,control,20260813,V40_A_E8_C12_2T,total_displacement,Z,2.0,5.0,1.8507730830365376e-08,1.6750706873008474e-08,0.10489252606933927
R4_LHS_03,control,20260813,V40_A_E8_C12_2T,total_displacement,Z,5.0,10.0,5.732580604586614e-09,5.323277930956364e-09,0.07688921730913942
R4_LHS_03,control,20260813,V40_A_E8_C12_2T,total_displacement,Z,10.0,20.0,2.9074617070929273e-09,3.654745195189175e-10,6.9553061891156895
R4_LHS_03,control,20260813,V40_A_E8_C12_2T,incremental_velocity,Z,0.0,0.5,1.6761075748051902e-05,1.6933831051048445e-05,0.010201784963825233
R4_LHS_03,control,20260813,V40_A_E8_C12_2T,incremental_velocity,Z,0.5,1.0,1.367223123170561e-07,1.5735735234216587e-07,0.1311348959420713
R4_LHS_03,control,20260813,V40_A_E8_C12_2T,incremental_velocity,Z,1.0,2.0,9.125875590560012e-07,1.463148531344219e-06,0.37628508691623275
R4_LHS_03,control,20260813,V40_A_E8_C12_2T,incremental_velocity,Z,2.0,5.0,1.3385971377324484e-07,3.180916780083076e-07,0.579178824760864
R4_LHS_03,control,20260813,V40_A_E8_C12_2T,incremental_velocity,Z,5.0,10.0,1.1720245254368803e-05,1.267071031684186e-05,0.07501276871666006
R4_LHS_03,control,20260813,V40_A_E8_C12_2T,incremental_velocity,Z,10.0,20.0,1.1693688128311821e-06,2.022918337331725e-06,0.4219396842417247
R4_LHS_03,control,20260813,V40_B_E8_C12_2T,total_displacement,X,0.0,0.5,6.090988170567772e-07,5.51632985359554e-07,0.10417403096329897
R4_LHS_03,control,20260813,V40_B_E8_C12_2T,total_displacement,X,0.5,1.0,1.532280656322108e-09,2.642572884540988e-09,0.4201557636173719
R4_LHS_03,control,20260813,V40_B_E8_C12_2T,total_displacement,X,1.0,2.0,5.767144574831154e-10,1.0699874532512675e-09,0.4610082055348323
R4_LHS_03,control,20260813,V40_B_E8_C12_2T,total_displacement,X,2.0,5.0,3.3003830263597124e-10,1.1961529313068995e-10,1.759164768967929
R4_LHS_03,control,20260813,V40_B_E8_C12_2T,total_displacement,X,5.0,10.0,2.390624807813395e-10,2.4087805968242173e-10,0.007537336125489944
R4_LHS_03,control,20260813,V40_B_E8_C12_2T,total_displacement,X,10.0,20.0,1.2075571172566305e-10,2.6725713269651446e-11,3.5183344783837063
R4_LHS_03,control,20260813,V40_B_E8_C12_2T,incremental_velocity,X,0.0,0.5,2.398953730640981e-07,2.3332361867723952e-07,0.028165834321082463
R4_LHS_03,control,20260813,V40_B_E8_C12_2T,incremental_velocity,X,0.5,1.0,3.0528066010909376e-08,3.950719119044195e-08,0.22727824755369874
R4_LHS_03,control,20260813,V40_B_E8_C12_2T,incremental_velocity,X,1.0,2.0,4.93114235021906e-08,6.138719007816912e-08,0.19671476346451924
R4_LHS_03,control,20260813,V40_B_E8_C12_2T,incremental_velocity,X,2.0,5.0,1.2903752001597987e-08,1.850243655299806e-08,0.302591744355577
R4_LHS_03,control,20260813,V40_B_E8_C12_2T,incremental_velocity,X,5.0,10.0,5.147355848319016e-07,5.205405058109968e-07,0.011151718097424886
R4_LHS_03,control,20260813,V40_B_E8_C12_2T,incremental_velocity,X,10.0,20.0,4.670289652649307e-08,6.317863404793007e-08,0.26078021105897575
R4_LHS_03,control,20260813,V40_B_E8_C12_2T,total_displacement,Y,0.0,0.5,0.0002142464607195715,0.0002007869329796919,0.06703388283360522
R4_LHS_03,control,20260813,V40_B_E8_C12_2T,total_displacement,Y,0.5,1.0,6.300815579156886e-08,1.7688375972188045e-07,0.6437877853193621
R4_LHS_03,control,20260813,V40_B_E8_C12_2T,total_displacement,Y,1.0,2.0,4.186080810878802e-08,8.548284632095742e-08,0.5103016580470928
R4_LHS_03,control,20260813,V40_B_E8_C12_2T,total_displacement,Y,2.0,5.0,2.6294334691826734e-08,2.400937087592686e-08,0.09516966636518182
R4_LHS_03,control,20260813,V40_B_E8_C12_2T,total_displacement,Y,5.0,10.0,1.3343794460540683e-08,6.7105891317432754e-09,0.9884684039766618
R4_LHS_03,control,20260813,V40_B_E8_C12_2T,total_displacement,Y,10.0,20.0,6.041672140836221e-09,1.2743266929470353e-09,3.7410700680404965
R4_LHS_03,control,20260813,V40_B_E8_C12_2T,incremental_velocity,Y,0.0,0.5,4.722541386727703e-05,4.570280443666253e-05,0.03331544856781411
R4_LHS_03,control,20260813,V40_B_E8_C12_2T,incremental_velocity,Y,0.5,1.0,1.7419303047935594e-06,2.9703907526015546e-06,0.41356863460878807
R4_LHS_03,control,20260813,V40_B_E8_C12_2T,incremental_velocity,Y,1.0,2.0,3.667905930933045e-06,4.509040578154914e-06,0.1865440402769803
R4_LHS_03,control,20260813,V40_B_E8_C12_2T,incremental_velocity,Y,2.0,5.0,7.135566984245169e-07,1.453265496056668e-06,0.5089977018234438
R4_LHS_03,control,20260813,V40_B_E8_C12_2T,incremental_velocity,Y,5.0,10.0,1.3734009668045714e-05,1.3169254424553623e-05,0.04288437486932626
R4_LHS_03,control,20260813,V40_B_E8_C12_2T,incremental_velocity,Y,10.0,20.0,8.049564829114709e-06,8.686925733211645e-06,0.073370133885247
R4_LHS_03,control,20260813,V40_B_E8_C12_2T,total_displacement,Z,0.0,0.5,0.00011028433579279029,0.00010217129922152346,0.07940621909560423
R4_LHS_03,control,20260813,V40_B_E8_C12_2T,total_displacement,Z,0.5,1.0,2.3785017075517354e-08,1.621447807549742e-08,0.46689994983311794
R4_LHS_03,control,20260813,V40_B_E8_C12_2T,total_displacement,Z,1.0,2.0,6.623014019533612e-08,7.371691555819721e-08,0.10156115874043203
R4_LHS_03,control,20260813,V40_B_E8_C12_2T,total_displacement,Z,2.0,5.0,2.0298303045797074e-08,1.6610444734671913e-08,0.2220204437649576
R4_LHS_03,control,20260813,V40_B_E8_C12_2T,total_displacement,Z,5.0,10.0,8.325935799808566e-09,7.977456568399683e-09,0.04368299951506846
R4_LHS_03,control,20260813,V40_B_E8_C12_2T,total_displacement,Z,10.0,20.0,4.826505426706158e-09,4.553852754687106e-10,9.598729661907537
R4_LHS_03,control,20260813,V40_B_E8_C12_2T,incremental_velocity,Z,0.0,0.5,2.7317054039748445e-05,2.644605755010967e-05,0.03293483302713156
R4_LHS_03,control,20260813,V40_B_E8_C12_2T,incremental_velocity,Z,0.5,1.0,2.3382162476915046e-07,2.3776523303266912e-07,0.016586143454273644
R4_LHS_03,control,20260813,V40_B_E8_C12_2T,incremental_velocity,Z,1.0,2.0,1.595990520203036e-06,2.4114646180729506e-06,0.3381654832329973
R4_LHS_03,control,20260813,V40_B_E8_C12_2T,incremental_velocity,Z,2.0,5.0,1.8617513879332096e-07,3.9922256729231847e-07,0.533655774882586
R4_LHS_03,control,20260813,V40_B_E8_C12_2T,incremental_velocity,Z,5.0,10.0,2.0707388878353598e-05,1.9502657991624214e-05,0.06177265105334765
R4_LHS_03,control,20260813,V40_B_E8_C12_2T,incremental_velocity,Z,10.0,20.0,1.9042235657257075e-06,3.1970919995668155e-06,0.40438887401935353
R4_LHS_03,control,20260813,V40_CPLUS_E8_C12_2T,total_displacement,X,0.0,0.5,1.2044571731990515e-06,1.2683957777071214e-06,0.050409032915303166
R4_LHS_03,control,20260813,V40_CPLUS_E8_C12_2T,total_displacement,X,0.5,1.0,1.1889431117859601e-09,1.763869857833996e-09,0.3259462388875088
R4_LHS_03,control,20260813,V40_CPLUS_E8_C12_2T,total_displacement,X,1.0,2.0,8.485270470347041e-10,2.154839393699395e-09,0.6062226031713825
R4_LHS_03,control,20260813,V40_CPLUS_E8_C12_2T,total_displacement,X,2.0,5.0,2.942468323534712e-10,1.8759477457425595e-10,0.5685236063811522
R4_LHS_03,control,20260813,V40_CPLUS_E8_C12_2T,total_displacement,X,5.0,10.0,4.5630563787651587e-10,4.76813752378384e-10,0.04301074455082742
R4_LHS_03,control,20260813,V40_CPLUS_E8_C12_2T,total_displacement,X,10.0,20.0,2.437195703111317e-10,3.5087051763367863e-11,5.9461399024007955
R4_LHS_03,control,20260813,V40_CPLUS_E8_C12_2T,incremental_velocity,X,0.0,0.5,6.297381856833849e-07,5.405239175445821e-07,0.16505147180919044
R4_LHS_03,control,20260813,V40_CPLUS_E8_C12_2T,incremental_velocity,X,0.5,1.0,2.8330587649175955e-08,2.9477929402652174e-08,0.038922060562808426
R4_LHS_03,control,20260813,V40_CPLUS_E8_C12_2T,incremental_velocity,X,1.0,2.0,1.0208562239045382e-07,1.3756044291075623e-07,0.25788533221950344
R4_LHS_03,control,20260813,V40_CPLUS_E8_C12_2T,incremental_velocity,X,2.0,5.0,3.236401623521309e-08,4.74490471088348e-08,0.3179206283957796
R4_LHS_03,control,20260813,V40_CPLUS_E8_C12_2T,incremental_velocity,X,5.0,10.0,1.078757085702335e-06,1.0950483938549648e-06,0.01487724948417899
R4_LHS_03,control,20260813,V40_CPLUS_E8_C12_2T,incremental_velocity,X,10.0,20.0,1.0871782894422221e-07,1.4680424937300822e-07,0.259436771016171
R4_LHS_03,control,20260813,V40_CPLUS_E8_C12_2T,total_displacement,Y,0.0,0.5,0.00048296103066132657,0.000469586178291458,0.028482210482709717
R4_LHS_03,control,20260813,V40_CPLUS_E8_C12_2T,total_displacement,Y,0.5,1.0,6.278930081949254e-08,1.1874108859086524e-07,0.4712083107487788
R4_LHS_03,control,20260813,V40_CPLUS_E8_C12_2T,total_displacement,Y,1.0,2.0,5.6063664884552745e-08,1.9081667112157327e-07,0.7061909499048256
R4_LHS_03,control,20260813,V40_CPLUS_E8_C12_2T,total_displacement,Y,2.0,5.0,3.380905458083321e-08,2.7714696909897942e-08,0.2198962409997977
R4_LHS_03,control,20260813,V40_CPLUS_E8_C12_2T,total_displacement,Y,5.0,10.0,2.9404365744018187e-08,1.3108104904501592e-08,1.2432202029387271
R4_LHS_03,control,20260813,V40_CPLUS_E8_C12_2T,total_displacement,Y,10.0,20.0,1.5207977361934266e-08,2.436355799142707e-09,5.242100339895172
R4_LHS_03,control,20260813,V40_CPLUS_E8_C12_2T,incremental_velocity,Y,0.0,0.5,0.00011120283510669178,0.0001069735074260585,0.039536215857525744
R4_LHS_03,control,20260813,V40_CPLUS_E8_C12_2T,incremental_velocity,Y,0.5,1.0,1.9778028769143405e-06,2.3890387820452796e-06,0.17213446186875042
R4_LHS_03,control,20260813,V40_CPLUS_E8_C12_2T,incremental_velocity,Y,1.0,2.0,7.289023893292126e-06,1.1068156461739662e-05,0.341441917767536
R4_LHS_03,control,20260813,V40_CPLUS_E8_C12_2T,incremental_velocity,Y,2.0,5.0,1.5077523736661373e-06,2.4649065061013822e-06,0.3883125506245375
R4_LHS_03,control,20260813,V40_CPLUS_E8_C12_2T,incremental_velocity,Y,5.0,10.0,2.645937682881577e-05,2.852130444203842e-05,0.07229429556466963
R4_LHS_03,control,20260813,V40_CPLUS_E8_C12_2T,incremental_velocity,Y,10.0,20.0,1.8100361153271537e-05,2.0605010424440347e-05,0.121555350838258
R4_LHS_03,control,20260813,V40_CPLUS_E8_C12_2T,total_displacement,Z,0.0,0.5,0.00024753171421005015,0.0002388832761568183,0.036203614553387456
R4_LHS_03,control,20260813,V40_CPLUS_E8_C12_2T,total_displacement,Z,0.5,1.0,2.9013813743989405e-08,1.0342206462127372e-08,1.80537947586296
R4_LHS_03,control,20260813,V40_CPLUS_E8_C12_2T,total_displacement,Z,1.0,2.0,8.87301631262726e-08,1.0919515693355035e-07,0.1874166802080016
R4_LHS_03,control,20260813,V40_CPLUS_E8_C12_2T,total_displacement,Z,2.0,5.0,2.5224454125042938e-08,1.733112270636128e-08,0.45544259032823425
R4_LHS_03,control,20260813,V40_CPLUS_E8_C12_2T,total_displacement,Z,5.0,10.0,2.009357397095314e-08,1.8421689157804443e-08,0.09075632526566624
R4_LHS_03,control,20260813,V40_CPLUS_E8_C12_2T,total_displacement,Z,10.0,20.0,1.2195441922029376e-08,8.806116489749952e-10,12.848831021284461
R4_LHS_03,control,20260813,V40_CPLUS_E8_C12_2T,incremental_velocity,Z,0.0,0.5,6.334771960568259e-05,6.199030302251987e-05,0.02189724064858335
R4_LHS_03,control,20260813,V40_CPLUS_E8_C12_2T,incremental_velocity,Z,0.5,1.0,2.3353919686996836e-07,1.6699483328960194e-07,0.39848157137272255
R4_LHS_03,control,20260813,V40_CPLUS_E8_C12_2T,incremental_velocity,Z,1.0,2.0,3.2720394279616163e-06,5.5863293252970635e-06,0.4142773836936977
R4_LHS_03,control,20260813,V40_CPLUS_E8_C12_2T,incremental_velocity,Z,2.0,5.0,4.5387082104875944e-07,5.522063570140856e-07,0.17807751525543886
R4_LHS_03,control,20260813,V40_CPLUS_E8_C12_2T,incremental_velocity,Z,5.0,10.0,4.886865026242113e-05,4.660209684455294e-05,0.04863629689085803
R4_LHS_03,control,20260813,V40_CPLUS_E8_C12_2T,incremental_velocity,Z,10.0,20.0,4.220561347132739e-06,7.949136796049563e-06,0.4690541306031861
R4_LHS_03,control,20260813,V40_C_E8_C12_2T,total_displacement,X,0.0,0.5,7.82024465426798e-07,7.870766332107478e-07,0.006418902011282379
R4_LHS_03,control,20260813,V40_C_E8_C12_2T,total_displacement,X,0.5,1.0,1.918224445969945e-09,3.6521117687073954e-09,0.47476294060713575
R4_LHS_03,control,20260813,V40_C_E8_C12_2T,total_displacement,X,1.0,2.0,8.928016088477584e-10,1.4120544182535183e-09,0.36772861066359697
R4_LHS_03,control,20260813,V40_C_E8_C12_2T,total_displacement,X,2.0,5.0,2.4039622788013366e-10,1.4121670940464436e-10,0.7023214100768975
R4_LHS_03,control,20260813,V40_C_E8_C12_2T,total_displacement,X,5.0,10.0,3.1720664564127356e-10,3.4049012414798574e-10,0.0683822432881859
R4_LHS_03,control,20260813,V40_C_E8_C12_2T,total_displacement,X,10.0,20.0,1.6851547261758424e-10,2.963698668042049e-11,4.685985368037199
R4_LHS_03,control,20260813,V40_C_E8_C12_2T,incremental_velocity,X,0.0,0.5,3.757488848403466e-07,3.3427469585757763e-07,0.12407217625721702
R4_LHS_03,control,20260813,V40_C_E8_C12_2T,incremental_velocity,X,0.5,1.0,4.2757354677847815e-08,5.570245217248485e-08,0.23239726420933907
R4_LHS_03,control,20260813,V40_C_E8_C12_2T,incremental_velocity,X,1.0,2.0,5.861912609494247e-08,8.61322202311388e-08,0.31942859550542163
R4_LHS_03,control,20260813,V40_C_E8_C12_2T,incremental_velocity,X,2.0,5.0,2.0204823836781176e-08,2.7006001195609683e-08,0.2518394822530839
R4_LHS_03,control,20260813,V40_C_E8_C12_2T,incremental_velocity,X,5.0,10.0,7.465191502914293e-07,7.624155115175684e-07,0.02084999712885933
R4_LHS_03,control,20260813,V40_C_E8_C12_2T,incremental_velocity,X,10.0,20.0,7.051938073177265e-08,9.772872430454947e-08,0.2784170546213727
R4_LHS_03,control,20260813,V40_C_E8_C12_2T,total_displacement,Y,0.0,0.5,0.0002861077432381466,0.00028913057077146825,0.010454887303186325
R4_LHS_03,control,20260813,V40_C_E8_C12_2T,total_displacement,Y,0.5,1.0,1.0302444644456977e-07,2.545976362363847e-07,0.59534405751939
R4_LHS_03,control,20260813,V40_C_E8_C12_2T,total_displacement,Y,1.0,2.0,5.330192761585078e-08,1.1742620080113417e-07,0.546081477113275
R4_LHS_03,control,20260813,V40_C_E8_C12_2T,total_displacement,Y,2.0,5.0,2.8699278080307654e-08,2.531013814667494e-08,0.13390444232237253
R4_LHS_03,control,20260813,V40_C_E8_C12_2T,total_displacement,Y,5.0,10.0,1.8077983127496282e-08,8.905436516349358e-09,1.029994048501405
R4_LHS_03,control,20260813,V40_C_E8_C12_2T,total_displacement,Y,10.0,20.0,1.0515761111824317e-08,1.6947616056619547e-09,5.204861543176734
R4_LHS_03,control,20260813,V40_C_E8_C12_2T,incremental_velocity,Y,0.0,0.5,7.20228014509145e-05,6.580829246803573e-05,0.09443352425375981
R4_LHS_03,control,20260813,V40_C_E8_C12_2T,incremental_velocity,Y,0.5,1.0,2.5507594219076173e-06,4.273655424388491e-06,0.4031434056776816
R4_LHS_03,control,20260813,V40_C_E8_C12_2T,incremental_velocity,Y,1.0,2.0,4.712558182959001e-06,6.517472215073041e-06,0.27693467230129376
R4_LHS_03,control,20260813,V40_C_E8_C12_2T,incremental_velocity,Y,2.0,5.0,1.013122959743206e-06,1.803274231116675e-06,0.4381758790420739
R4_LHS_03,control,20260813,V40_C_E8_C12_2T,incremental_velocity,Y,5.0,10.0,1.8668464759120754e-05,1.8422739077275787e-05,0.013338173048765913
R4_LHS_03,control,20260813,V40_C_E8_C12_2T,incremental_velocity,Y,10.0,20.0,1.1673483198152461e-05,1.37238109758931e-05,0.1493993017932258
R4_LHS_03,control,20260813,V40_C_E8_C12_2T,total_displacement,Z,0.0,0.5,0.0001453538862511425,0.00014709132256541082,0.011811956572052005
R4_LHS_03,control,20260813,V40_C_E8_C12_2T,total_displacement,Z,0.5,1.0,3.2822655952221795e-08,2.2553490347386917e-08,0.45532489413660443
R4_LHS_03,control,20260813,V40_C_E8_C12_2T,total_displacement,Z,1.0,2.0,7.278979825769755e-08,8.650124963804176e-08,0.15851159882335566
R4_LHS_03,control,20260813,V40_C_E8_C12_2T,total_displacement,Z,2.0,5.0,2.0251705423191346e-08,1.6826508028304636e-08,0.2035596089886879
R4_LHS_03,control,20260813,V40_C_E8_C12_2T,total_displacement,Z,5.0,10.0,1.128817519613221e-08,1.2354530030383718e-08,0.08631286108245333
R4_LHS_03,control,20260813,V40_C_E8_C12_2T,total_displacement,Z,10.0,20.0,7.156747584002363e-09,6.419032182353234e-10,10.149262662488601
R4_LHS_03,control,20260813,V40_C_E8_C12_2T,incremental_velocity,Z,0.0,0.5,3.9524427754790955e-05,3.806898088620511e-05,0.03823183165676107
R4_LHS_03,control,20260813,V40_C_E8_C12_2T,incremental_velocity,Z,0.5,1.0,3.098989490521485e-07,3.379526062198175e-07,0.08301062531064426
R4_LHS_03,control,20260813,V40_C_E8_C12_2T,incremental_velocity,Z,1.0,2.0,2.017527805998369e-06,3.5526830339974788e-06,0.43211150933207604
R4_LHS_03,control,20260813,V40_C_E8_C12_2T,incremental_velocity,Z,2.0,5.0,2.8473554967981117e-07,4.189644681439294e-07,0.3203825829401976
R4_LHS_03,control,20260813,V40_C_E8_C12_2T,incremental_velocity,Z,5.0,10.0,3.0657629301393325e-05,3.0859424648460856e-05,0.0065391804729449145
R4_LHS_03,control,20260813,V40_C_E8_C12_2T,incremental_velocity,Z,10.0,20.0,3.2695483502280256e-06,5.275464829838089e-06,0.38023502085817673
R4_LHS_03,control,20260813,V52_A_E8_C12_2T,total_displacement,X,0.0,0.5,2.706925795144272e-07,2.831028975351452e-07,0.04383677499866416
R4_LHS_03,control,20260813,V52_A_E8_C12_2T,total_displacement,X,0.5,1.0,1.223883220691837e-09,1.8558543322704751e-09,0.3405284027898228
R4_LHS_03,control,20260813,V52_A_E8_C12_2T,total_displacement,X,1.0,2.0,5.179419549370274e-10,6.66003596060197e-10,0.22231357608133256
R4_LHS_03,control,20260813,V52_A_E8_C12_2T,total_displacement,X,2.0,5.0,3.478748116889449e-10,1.3658913399208706e-10,1.546870322123121
R4_LHS_03,control,20260813,V52_A_E8_C12_2T,total_displacement,X,5.0,10.0,1.152374858330104e-10,6.436453090573479e-11,0.7903880322188893
R4_LHS_03,control,20260813,V52_A_E8_C12_2T,total_displacement,X,10.0,20.0,1.6957251641576e-10,5.323188998920191e-11,2.185543786819476
R4_LHS_03,control,20260813,V52_A_E8_C12_2T,incremental_velocity,X,0.0,0.5,1.7271237728174863e-07,1.8908341727767286e-07,0.08658104571847791
R4_LHS_03,control,20260813,V52_A_E8_C12_2T,incremental_velocity,X,0.5,1.0,2.6802467966390154e-08,3.593472516311973e-08,0.25413460532326904
R4_LHS_03,control,20260813,V52_A_E8_C12_2T,incremental_velocity,X,1.0,2.0,3.166946276690767e-08,4.3190979910894695e-08,0.2667574842653843
R4_LHS_03,control,20260813,V52_A_E8_C12_2T,incremental_velocity,X,2.0,5.0,2.0773738788011106e-08,2.6446920189953577e-08,0.21451198707430397
R4_LHS_03,control,20260813,V52_A_E8_C12_2T,incremental_velocity,X,5.0,10.0,8.580269588318788e-08,9.395462389914613e-08,0.08676452182607618
R4_LHS_03,control,20260813,V52_A_E8_C12_2T,incremental_velocity,X,10.0,20.0,1.660017003772151e-07,1.9679309775427367e-07,0.15646584015617437
R4_LHS_03,control,20260813,V52_A_E8_C12_2T,total_displacement,Y,0.0,0.5,9.663083617361184e-05,0.00010258251055051349,0.05801841215390159
R4_LHS_03,control,20260813,V52_A_E8_C12_2T,total_displacement,Y,0.5,1.0,5.7591781875440596e-08,1.195313386618158e-07,0.5181867573793161
R4_LHS_03,control,20260813,V52_A_E8_C12_2T,total_displacement,Y,1.0,2.0,3.2052915363070315e-08,5.594939830149437e-08,0.42710884591918474
R4_LHS_03,control,20260813,V52_A_E8_C12_2T,total_displacement,Y,2.0,5.0,2.6574605404561575e-08,2.551251979960432e-08,0.04162997670554386
R4_LHS_03,control,20260813,V52_A_E8_C12_2T,total_displacement,Y,5.0,10.0,6.101679587160596e-09,2.893090136501929e-09,1.1090527080978583
R4_LHS_03,control,20260813,V52_A_E8_C12_2T,total_displacement,Y,10.0,20.0,1.1081988258870212e-08,4.504379461938073e-09,1.4602696892019906
R4_LHS_03,control,20260813,V52_A_E8_C12_2T,incremental_velocity,Y,0.0,0.5,3.541587800201087e-05,3.762331807918611e-05,0.058672126486271604
R4_LHS_03,control,20260813,V52_A_E8_C12_2T,incremental_velocity,Y,0.5,1.0,1.7673239023522493e-06,2.703406701052371e-06,0.34626044181059673
R4_LHS_03,control,20260813,V52_A_E8_C12_2T,incremental_velocity,Y,1.0,2.0,2.9393719691230595e-06,3.7706972857559332e-06,0.22046991673748564
R4_LHS_03,control,20260813,V52_A_E8_C12_2T,incremental_velocity,Y,2.0,5.0,1.1903830138756497e-06,2.5009448790385543e-06,0.524026689331405
R4_LHS_03,control,20260813,V52_A_E8_C12_2T,incremental_velocity,Y,5.0,10.0,4.409639728904684e-06,4.435783691821159e-06,0.005893876873365124
R4_LHS_03,control,20260813,V52_A_E8_C12_2T,incremental_velocity,Y,10.0,20.0,2.3154737346049407e-05,2.423509495714441e-05,0.04457822892814858
R4_LHS_03,control,20260813,V52_A_E8_C12_2T,total_displacement,Z,0.0,0.5,4.844324958198136e-05,5.1317658420927124e-05,0.05601208097549502
R4_LHS_03,control,20260813,V52_A_E8_C12_2T,total_displacement,Z,0.5,1.0,2.3893293908294256e-08,1.51952821238826e-08,0.5724152874227251
R4_LHS_03,control,20260813,V52_A_E8_C12_2T,total_displacement,Z,1.0,2.0,6.018820080135458e-08,5.884928718634943e-08,0.022751568948752354
R4_LHS_03,control,20260813,V52_A_E8_C12_2T,total_displacement,Z,2.0,5.0,2.082651130653385e-08,1.7445447155981606e-08,0.19380782391656626
R4_LHS_03,control,20260813,V52_A_E8_C12_2T,total_displacement,Z,5.0,10.0,4.297649722449556e-09,1.0048495671865359e-09,3.276908567003203
R4_LHS_03,control,20260813,V52_A_E8_C12_2T,total_displacement,Z,10.0,20.0,7.49090728432904e-09,7.144622707718964e-10,9.484678604842147
R4_LHS_03,control,20260813,V52_A_E8_C12_2T,incremental_velocity,Z,0.0,0.5,2.216825784575341e-05,2.203074833065306e-05,0.006241708771600051
R4_LHS_03,control,20260813,V52_A_E8_C12_2T,incremental_velocity,Z,0.5,1.0,3.359548959720604e-07,2.834953712582009e-07,0.18504543647762284
R4_LHS_03,control,20260813,V52_A_E8_C12_2T,incremental_velocity,Z,1.0,2.0,1.1870814015033095e-06,1.9626328270741084e-06,0.3951586944191647
R4_LHS_03,control,20260813,V52_A_E8_C12_2T,incremental_velocity,Z,2.0,5.0,1.7468234642653947e-07,6.457006739670961e-07,0.7294685394188686
R4_LHS_03,control,20260813,V52_A_E8_C12_2T,incremental_velocity,Z,5.0,10.0,1.3815536070142736e-06,1.3616397574755301e-06,0.014624903120971975
R4_LHS_03,control,20260813,V52_A_E8_C12_2T,incremental_velocity,Z,10.0,20.0,2.689476117434459e-06,3.950308368546834e-06,0.3191731210533791
R4_LHS_03,control,20260813,V52_B_E8_C12_2T,total_displacement,X,0.0,0.5,4.4242319941008467e-07,4.325736826597262e-07,0.022769570006657944
R4_LHS_03,control,20260813,V52_B_E8_C12_2T,total_displacement,X,0.5,1.0,1.3969703366150357e-09,2.735748805770669e-09,0.4893645448484424
R4_LHS_03,control,20260813,V52_B_E8_C12_2T,total_displacement,X,1.0,2.0,6.034112168204963e-10,8.930330367322932e-10,0.32431254835941475
R4_LHS_03,control,20260813,V52_B_E8_C12_2T,total_displacement,X,2.0,5.0,2.869268932795887e-10,1.7184989022523097e-10,0.6696367562617281
R4_LHS_03,control,20260813,V52_B_E8_C12_2T,total_displacement,X,5.0,10.0,1.208137910765023e-10,8.315501092224728e-11,0.45287445382536534
R4_LHS_03,control,20260813,V52_B_E8_C12_2T,total_displacement,X,10.0,20.0,1.876651288053009e-10,7.007257618844261e-11,1.6781536945441056
R4_LHS_03,control,20260813,V52_B_E8_C12_2T,incremental_velocity,X,0.0,0.5,2.6791853321691747e-07,2.9288234116436154e-07,0.08523493717033191
R4_LHS_03,control,20260813,V52_B_E8_C12_2T,incremental_velocity,X,0.5,1.0,3.904542505581458e-08,5.559226160732881e-08,0.2976464002920298
R4_LHS_03,control,20260813,V52_B_E8_C12_2T,incremental_velocity,X,1.0,2.0,4.2478466121598635e-08,6.062522784649277e-08,0.2993269034937564
R4_LHS_03,control,20260813,V52_B_E8_C12_2T,incremental_velocity,X,2.0,5.0,2.7587274154416458e-08,4.158634627242318e-08,0.33662664246341384
R4_LHS_03,control,20260813,V52_B_E8_C12_2T,incremental_velocity,X,5.0,10.0,1.226175824239863e-07,1.4466190305693334e-07,0.15238511430525872
R4_LHS_03,control,20260813,V52_B_E8_C12_2T,incremental_velocity,X,10.0,20.0,2.3288043164238431e-07,2.909301086560433e-07,0.19953134889276497
R4_LHS_03,control,20260813,V52_B_E8_C12_2T,total_displacement,Y,0.0,0.5,0.00015936341987833242,0.0001602808748255166,0.005724045043945153
R4_LHS_03,control,20260813,V52_B_E8_C12_2T,total_displacement,Y,0.5,1.0,1.0644098440099277e-07,1.867020828770254e-07,0.42988860777144094
R4_LHS_03,control,20260813,V52_B_E8_C12_2T,total_displacement,Y,1.0,2.0,4.184228567661085e-08,8.043733517912475e-08,0.4798151183970371
R4_LHS_03,control,20260813,V52_B_E8_C12_2T,total_displacement,Y,2.0,5.0,2.724781891096654e-08,2.781375273866083e-08,0.02034726608134572
R4_LHS_03,control,20260813,V52_B_E8_C12_2T,total_displacement,Y,5.0,10.0,8.171610787422362e-09,3.6631721562101086e-09,1.2307471336200182
R4_LHS_03,control,20260813,V52_B_E8_C12_2T,total_displacement,Y,10.0,20.0,1.3315048487411766e-08,6.52440498380349e-09,1.0408065594434603
R4_LHS_03,control,20260813,V52_B_E8_C12_2T,incremental_velocity,Y,0.0,0.5,5.451083714033607e-05,5.878359981918937e-05,0.07268630522791661
R4_LHS_03,control,20260813,V52_B_E8_C12_2T,incremental_velocity,Y,0.5,1.0,2.5621907082220425e-06,4.229143729460924e-06,0.39415851715481026
R4_LHS_03,control,20260813,V52_B_E8_C12_2T,incremental_velocity,Y,1.0,2.0,4.052222296094656e-06,5.784245134703909e-06,0.2994380076006087
R4_LHS_03,control,20260813,V52_B_E8_C12_2T,incremental_velocity,Y,2.0,5.0,1.5890718182700851e-06,2.9762751376485046e-06,0.4660870568822549
R4_LHS_03,control,20260813,V52_B_E8_C12_2T,incremental_velocity,Y,5.0,10.0,6.489700869402147e-06,6.63931304830102e-06,0.022534285973630736
R4_LHS_03,control,20260813,V52_B_E8_C12_2T,incremental_velocity,Y,10.0,20.0,3.184059911200649e-05,3.5844641011646355e-05,0.11170545405487256
R4_LHS_03,control,20260813,V52_B_E8_C12_2T,total_displacement,Z,0.0,0.5,7.703880935817258e-05,8.013591897908966e-05,0.03864820745021004
R4_LHS_03,control,20260813,V52_B_E8_C12_2T,total_displacement,Z,0.5,1.0,4.615791477040583e-08,2.2793409310055718e-08,1.025055319391928
R4_LHS_03,control,20260813,V52_B_E8_C12_2T,total_displacement,Z,1.0,2.0,7.015315020358579e-08,6.817080785706266e-08,0.029079050239211094
R4_LHS_03,control,20260813,V52_B_E8_C12_2T,total_displacement,Z,2.0,5.0,2.0906721390644604e-08,1.7519551024087704e-08,0.19333659646299525
R4_LHS_03,control,20260813,V52_B_E8_C12_2T,total_displacement,Z,5.0,10.0,5.726030630312855e-09,1.294872544140971e-09,3.4220805022254526
R4_LHS_03,control,20260813,V52_B_E8_C12_2T,total_displacement,Z,10.0,20.0,7.97195035213776e-09,9.744780958203624e-10,7.180738373012469
R4_LHS_03,control,20260813,V52_B_E8_C12_2T,incremental_velocity,Z,0.0,0.5,3.2785027958874126e-05,3.4413891554988084e-05,0.04733157229577727
R4_LHS_03,control,20260813,V52_B_E8_C12_2T,incremental_velocity,Z,0.5,1.0,4.2748538540463443e-07,4.3783013224932065e-07,0.02362730676287819
R4_LHS_03,control,20260813,V52_B_E8_C12_2T,incremental_velocity,Z,1.0,2.0,1.5672190128911589e-06,2.6611645728039053e-06,0.4110777556158894
R4_LHS_03,control,20260813,V52_B_E8_C12_2T,incremental_velocity,Z,2.0,5.0,2.4145704811278956e-07,6.741032151834398e-07,0.6418099740896752
R4_LHS_03,control,20260813,V52_B_E8_C12_2T,incremental_velocity,Z,5.0,10.0,1.9442447015694783e-06,2.1274659588344854e-06,0.08612182794472695
R4_LHS_03,control,20260813,V52_B_E8_C12_2T,incremental_velocity,Z,10.0,20.0,3.2760053416909598e-06,5.776030868060768e-06,0.43282759103556545
R4_LHS_03,control,20260813,V52_CPLUS_E8_C12_2T,total_displacement,X,0.0,0.5,1.0156294389416985e-06,9.883622278677709e-07,0.027588277157001625
R4_LHS_03,control,20260813,V52_CPLUS_E8_C12_2T,total_displacement,X,0.5,1.0,2.1229902062432904e-09,2.2175285754200124e-09,0.04263231158534941
R4_LHS_03,control,20260813,V52_CPLUS_E8_C12_2T,total_displacement,X,1.0,2.0,1.1375419673664135e-09,1.8187411462147882e-09,0.3745443271386389
R4_LHS_03,control,20260813,V52_CPLUS_E8_C12_2T,total_displacement,X,2.0,5.0,5.699719920526581e-10,3.0030647491823514e-10,0.8979677085145938
R4_LHS_03,control,20260813,V52_CPLUS_E8_C12_2T,total_displacement,X,5.0,10.0,2.7483291893553865e-10,1.5247131335560804e-10,0.8025221458842378
R4_LHS_03,control,20260813,V52_CPLUS_E8_C12_2T,total_displacement,X,10.0,20.0,4.692294548218994e-10,1.264591472046153e-10,2.7105220554956757
R4_LHS_03,control,20260813,V52_CPLUS_E8_C12_2T,incremental_velocity,X,0.0,0.5,5.666475814945531e-07,6.855292793933141e-07,0.17341593054051602
R4_LHS_03,control,20260813,V52_CPLUS_E8_C12_2T,incremental_velocity,X,0.5,1.0,3.389568676805602e-08,3.8458246383029085e-08,0.11863670458428492
R4_LHS_03,control,20260813,V52_CPLUS_E8_C12_2T,incremental_velocity,X,1.0,2.0,1.0346150938661098e-07,1.3873449343912252e-07,0.25424811939785924
R4_LHS_03,control,20260813,V52_CPLUS_E8_C12_2T,incremental_velocity,X,2.0,5.0,5.9717428892527e-08,9.146027805954621e-08,0.34706705293802714
R4_LHS_03,control,20260813,V52_CPLUS_E8_C12_2T,incremental_velocity,X,5.0,10.0,2.672980510222896e-07,3.3359626875124446e-07,0.1987378874983521
R4_LHS_03,control,20260813,V52_CPLUS_E8_C12_2T,incremental_velocity,X,10.0,20.0,4.913711432079885e-07,6.257147599997304e-07,0.21470424765399454
R4_LHS_03,control,20260813,V52_CPLUS_E8_C12_2T,total_displacement,Y,0.0,0.5,0.0003886860060820679,0.00037483537315757294,0.036951242909170304
R4_LHS_03,control,20260813,V52_CPLUS_E8_C12_2T,total_displacement,Y,0.5,1.0,1.486961262307909e-07,1.385615471597508e-07,0.07314135327426534
R4_LHS_03,control,20260813,V52_CPLUS_E8_C12_2T,total_displacement,Y,1.0,2.0,8.35250054040918e-08,1.7751137953201386e-07,0.5294667551776407
R4_LHS_03,control,20260813,V52_CPLUS_E8_C12_2T,total_displacement,Y,2.0,5.0,3.844421182544416e-08,3.6801191625026185e-08,0.04464584237268726
R4_LHS_03,control,20260813,V52_CPLUS_E8_C12_2T,total_displacement,Y,5.0,10.0,1.5736227885561414e-08,6.3366576825193096e-09,1.4833640499426588
R4_LHS_03,control,20260813,V52_CPLUS_E8_C12_2T,total_displacement,Y,10.0,20.0,3.026847302359599e-08,1.3321629018529007e-08,1.2721300061348109
R4_LHS_03,control,20260813,V52_CPLUS_E8_C12_2T,incremental_velocity,Y,0.0,0.5,0.00011926643891881249,0.0001379317232374132,0.1353226355801655
R4_LHS_03,control,20260813,V52_CPLUS_E8_C12_2T,incremental_velocity,Y,0.5,1.0,2.4056150234701857e-06,2.822843021987501e-06,0.14780418013593769
R4_LHS_03,control,20260813,V52_CPLUS_E8_C12_2T,incremental_velocity,Y,1.0,2.0,9.363164952948094e-06,1.4041191993317481e-05,0.3331645235387256
R4_LHS_03,control,20260813,V52_CPLUS_E8_C12_2T,incremental_velocity,Y,2.0,5.0,3.349685450869216e-06,5.67471332265174e-06,0.40971723849057107
R4_LHS_03,control,20260813,V52_CPLUS_E8_C12_2T,incremental_velocity,Y,5.0,10.0,1.3439206810091075e-05,1.4413286018784023e-05,0.06758203559018289
R4_LHS_03,control,20260813,V52_CPLUS_E8_C12_2T,incremental_velocity,Y,10.0,20.0,6.701948011700995e-05,7.661447634442427e-05,0.12523737921642278
R4_LHS_03,control,20260813,V52_CPLUS_E8_C12_2T,total_displacement,Z,0.0,0.5,0.00019330585840556262,0.00018733210381552892,0.03188857899079715
R4_LHS_03,control,20260813,V52_CPLUS_E8_C12_2T,total_displacement,Z,0.5,1.0,4.807399140812386e-08,2.592036465749949e-08,0.8546803659343852
R4_LHS_03,control,20260813,V52_CPLUS_E8_C12_2T,total_displacement,Z,1.0,2.0,8.958022805729163e-08,1.0363396094098916e-07,0.1356093384455309
R4_LHS_03,control,20260813,V52_CPLUS_E8_C12_2T,total_displacement,Z,2.0,5.0,2.5658249846193058e-08,1.8451562746489105e-08,0.3905732646453057
R4_LHS_03,control,20260813,V52_CPLUS_E8_C12_2T,total_displacement,Z,5.0,10.0,8.92572507717056e-09,2.3898173420760447e-09,2.7348984460112518
R4_LHS_03,control,20260813,V52_CPLUS_E8_C12_2T,total_displacement,Z,10.0,20.0,1.656184270492541e-08,1.8310588283605885e-09,8.044953907763746
R4_LHS_03,control,20260813,V52_CPLUS_E8_C12_2T,incremental_velocity,Z,0.0,0.5,7.096843272848484e-05,8.067322449514663e-05,0.1202975563130693
R4_LHS_03,control,20260813,V52_CPLUS_E8_C12_2T,incremental_velocity,Z,0.5,1.0,3.6741429498795037e-07,3.9226072612677953e-07,0.06334162327226901
R4_LHS_03,control,20260813,V52_CPLUS_E8_C12_2T,incremental_velocity,Z,1.0,2.0,4.2873821975195526e-06,5.9050110073506225e-06,0.27394170947648155
R4_LHS_03,control,20260813,V52_CPLUS_E8_C12_2T,incremental_velocity,Z,2.0,5.0,5.338996412704313e-07,1.0455987493499921e-06,0.48938381802547504
R4_LHS_03,control,20260813,V52_CPLUS_E8_C12_2T,incremental_velocity,Z,5.0,10.0,4.082661622565284e-06,5.04071171460272e-06,0.19006246464403162
R4_LHS_03,control,20260813,V52_CPLUS_E8_C12_2T,incremental_velocity,Z,10.0,20.0,7.867052739306638e-06,1.207557644030369e-05,0.3485153459797246
R4_LHS_03,control,20260813,V52_C_E8_C12_2T,total_displacement,X,0.0,0.5,6.394312397104958e-07,6.151517826866549e-07,0.039469050902853804
R4_LHS_03,control,20260813,V52_C_E8_C12_2T,total_displacement,X,0.5,1.0,2.054467451930161e-09,3.813900136589243e-09,0.46132112054526325
R4_LHS_03,control,20260813,V52_C_E8_C12_2T,total_displacement,X,1.0,2.0,6.995270622354831e-10,1.1674247732825453e-09,0.40079474220119155
R4_LHS_03,control,20260813,V52_C_E8_C12_2T,total_displacement,X,2.0,5.0,2.978247049247265e-10,2.133502495543045e-10,0.39594261336413633
R4_LHS_03,control,20260813,V52_C_E8_C12_2T,total_displacement,X,5.0,10.0,1.654938726534071e-10,1.0423899519941266e-10,0.5876387942613207
R4_LHS_03,control,20260813,V52_C_E8_C12_2T,total_displacement,X,10.0,20.0,2.8466743696813767e-10,8.87973358305239e-11,2.2058105607069787
R4_LHS_03,control,20260813,V52_C_E8_C12_2T,incremental_velocity,X,0.0,0.5,4.197941909937046e-07,4.1992672407526285e-07,0.00031561001946252233
R4_LHS_03,control,20260813,V52_C_E8_C12_2T,incremental_velocity,X,0.5,1.0,5.702564343207135e-08,7.97005385918341e-08,0.28450115344748694
R4_LHS_03,control,20260813,V52_C_E8_C12_2T,incremental_velocity,X,1.0,2.0,6.54152404443643e-08,8.430532285966821e-08,0.22406749389653247
R4_LHS_03,control,20260813,V52_C_E8_C12_2T,incremental_velocity,X,2.0,5.0,4.439077292262111e-08,5.9537022619758734e-08,0.25440052308075933
R4_LHS_03,control,20260813,V52_C_E8_C12_2T,incremental_velocity,X,5.0,10.0,1.804145630929006e-07,2.0305826412452432e-07,0.11151331923992806
R4_LHS_03,control,20260813,V52_C_E8_C12_2T,incremental_velocity,X,10.0,20.0,3.457869975384971e-07,4.011224591283647e-07,0.1379515415569375
R4_LHS_03,control,20260813,V52_C_E8_C12_2T,total_displacement,Y,0.0,0.5,0.00025013949907755015,0.0002308026636513448,0.08378081569897292
R4_LHS_03,control,20260813,V52_C_E8_C12_2T,total_displacement,Y,0.5,1.0,1.3132496367076922e-07,2.6875133048039265e-07,0.5113513915037146
R4_LHS_03,control,20260813,V52_C_E8_C12_2T,total_displacement,Y,1.0,2.0,4.676008441585106e-08,1.0974302297325361e-07,0.5739129181155566
R4_LHS_03,control,20260813,V52_C_E8_C12_2T,total_displacement,Y,2.0,5.0,3.052861560181228e-08,3.0492489979936354e-08,0.0011847383372002255
R4_LHS_03,control,20260813,V52_C_E8_C12_2T,total_displacement,Y,5.0,10.0,8.55428473361231e-09,4.546645386022782e-09,0.881449729928299
R4_LHS_03,control,20260813,V52_C_E8_C12_2T,total_displacement,Y,10.0,20.0,1.8720057313895385e-08,8.713813203355426e-09,1.148319785726742
R4_LHS_03,control,20260813,V52_C_E8_C12_2T,incremental_velocity,Y,0.0,0.5,8.310330117565947e-05,8.465342459304058e-05,0.018311408248787527
R4_LHS_03,control,20260813,V52_C_E8_C12_2T,incremental_velocity,Y,0.5,1.0,3.501251098672903e-06,6.066042560382988e-06,0.4228113199304941
R4_LHS_03,control,20260813,V52_C_E8_C12_2T,incremental_velocity,Y,1.0,2.0,6.097099697313639e-06,8.223712342332923e-06,0.25859521302468136
R4_LHS_03,control,20260813,V52_C_E8_C12_2T,incremental_velocity,Y,2.0,5.0,2.409860592044472e-06,4.013679198011533e-06,0.3995881401686584
R4_LHS_03,control,20260813,V52_C_E8_C12_2T,incremental_velocity,Y,5.0,10.0,8.684567799184145e-06,9.260815481931087e-06,0.06222429157251503
R4_LHS_03,control,20260813,V52_C_E8_C12_2T,incremental_velocity,Y,10.0,20.0,4.683978622075899e-05,4.88887299746059e-05,0.041910349377273295
R4_LHS_03,control,20260813,V52_C_E8_C12_2T,total_displacement,Z,0.0,0.5,0.00012691545347302133,0.00011536062975301183,0.1001626269269549
R4_LHS_03,control,20260813,V52_C_E8_C12_2T,total_displacement,Z,0.5,1.0,5.0187962066375884e-08,3.2116919437568816e-08,0.5626642575087211
R4_LHS_03,control,20260813,V52_C_E8_C12_2T,total_displacement,Z,1.0,2.0,8.101621424980932e-08,7.757122995752686e-08,0.04441059261492597
R4_LHS_03,control,20260813,V52_C_E8_C12_2T,total_displacement,Z,2.0,5.0,2.296033051538064e-08,1.7749187116817473e-08,0.29359898930952016
R4_LHS_03,control,20260813,V52_C_E8_C12_2T,total_displacement,Z,5.0,10.0,5.9203813440202495e-09,1.6608843607031781e-09,2.5645957563919164
R4_LHS_03,control,20260813,V52_C_E8_C12_2T,total_displacement,Z,10.0,20.0,1.3331991400392412e-08,1.217787501223049e-09,9.947715744333735
R4_LHS_03,control,20260813,V52_C_E8_C12_2T,incremental_velocity,Z,0.0,0.5,5.000303705502236e-05,4.9542997634849644e-05,0.0092856597730194
R4_LHS_03,control,20260813,V52_C_E8_C12_2T,incremental_velocity,Z,0.5,1.0,6.165741464251487e-07,6.276257660316577e-07,0.017608613611238402
R4_LHS_03,control,20260813,V52_C_E8_C12_2T,incremental_velocity,Z,1.0,2.0,2.761973182852619e-06,3.5716067970406866e-06,0.22668609961737748
R4_LHS_03,control,20260813,V52_C_E8_C12_2T,incremental_velocity,Z,2.0,5.0,4.380821769920624e-07,8.100397497221898e-07,0.459184346024616
R4_LHS_03,control,20260813,V52_C_E8_C12_2T,incremental_velocity,Z,5.0,10.0,2.8975329344013242e-06,3.0766068792903023e-06,0.05820501348234846
R4_LHS_03,control,20260813,V52_C_E8_C12_2T,incremental_velocity,Z,10.0,20.0,4.844409632691473e-06,7.574138513143425e-06,0.3604012358257042
